 ,-----. ,------. ,------.,------.   ,---. ,--------.,--. ,-----. ,--.  ,--. ,---. ,------. ,--. ,--.,--.   ,------. ,---.   ,---.  ,------. ,--.
'  .-.  '|  .--. '|  .---'|  .--. ' /  O  \'--.  .--'|  |'  .-.  '|  ,'.|  |'   .-'|  .--. '|  | |  ||  |   |  .---''   .-' /  O  \ |  .--. '|  |
|  | |  ||  '--' ||  `--, |  '--'.'|  .-.  |  |  |   |  ||  | |  ||  |' '  |`.  `-.|  '--'.'|  | |  ||  |   |  `--, `.  `-.|  .-.  ||  '--' ||  |
'  '-'  '|  | --' |  `---.|  |\  \ |  | |  |  |  |   |  |'  '-'  '|  | `   |.-'    |  |\  \ '  '-'  '|  '--.|  `---..-'    |  | |  ||  | --' |  |
 `-----' `--'     `------'`--' '--'`--' `--'  `--'   `--' `-----' `--'  `--'`-----'`--' '--' `-----' `-----'`------'`-----'`--' `--'`--'     `--'

Operations Rules Api 0.56.1-alpha.8
Powered by Spring Boot 3.5.16
[30m2026-08-26T00:19:46,255[m [32mINFO  [m[[1;34mmain[m] [36mStartupInfoLogger[m - Starting OperationsRulesApiApplication v0.56.1-alpha.8 using Java 17.0.20.1 with PID 1 (/app/app.jar started by ? in /app)
[30m2026-08-26T00:19:46,300[m [32mINFO  [m[[1;34mmain[m] [36mSpringApplication[m - The following 1 profile is active: "dev"
[30m2026-08-26T00:19:53,693[m [32mINFO  [m[[1;34mmain[m] [36mRepositoryConfigurationDelegate[m - Bootstrapping Spring Data JPA repositories in DEFAULT mode.
[30m2026-08-26T00:19:54,219[m [32mINFO  [m[[1;34mmain[m] [36mRepositoryConfigurationDelegate[m - Finished Spring Data repository scanning in 482 ms. Found 9 JPA repository interfaces.
[30m2026-08-26T00:19:59,024[m [32mINFO  [m[[1;34mmain[m] [36mTomcatWebServer[m - Tomcat initialized with port 8080 (http)
[30m2026-08-26T00:19:59,095[m [32mINFO  [m[[1;34mmain[m] [36mDirectJDKLog[m - Initializing ProtocolHandler ["http-nio-8080"]
[30m2026-08-26T00:19:59,118[m [32mINFO  [m[[1;34mmain[m] [36mDirectJDKLog[m - Starting service [Tomcat]
[30m2026-08-26T00:19:59,119[m [32mINFO  [m[[1;34mmain[m] [36mDirectJDKLog[m - Starting Servlet engine: [Apache Tomcat/11.0.24]
[30m2026-08-26T00:19:59,489[m [32mINFO  [m[[1;34mmain[m] [36mDirectJDKLog[m - Initializing Spring embedded WebApplicationContext
[30m2026-08-26T00:19:59,500[m [32mINFO  [m[[1;34mmain[m] [36mServletWebServerApplicationContext[m - Root WebApplicationContext: initialization completed in 12963 ms
[30m2026-08-26T00:20:03,769[m [32mINFO  [m[[1;34mmain[m] [36mSpringPersistenceUnitInfo[m - No LoadTimeWeaver setup: ignoring JPA class transformer
[30m2026-08-26T00:20:12,747[m [32mINFO  [m[[1;34mmain[m] [36mAbstractEntityManagerFactoryBean[m - Initialized JPA EntityManagerFactory for persistence unit 'default'
[30m2026-08-26T00:20:14,968[m [32mINFO  [m[[1;34mmain[m] [36mQueryEnhancerFactory[m - Hibernate is in classpath; If applicable, HQL parser will be used.
[30m2026-08-26T00:20:24,381[m [32mINFO  [m[[1;34mmain[m] [36mEndpointLinksResolver[m - Exposing 4 endpoints beneath base path '/actuator'
[30m2026-08-26T00:20:24,712[m [32mINFO  [m[[1;34mmain[m] [36mDirectJDKLog[m - Starting ProtocolHandler ["http-nio-8080"]
[30m2026-08-26T00:20:24,826[m [32mINFO  [m[[1;34mmain[m] [36mTomcatWebServer[m - Tomcat started on port 8080 (http) with context path '/operations-rules-api'
[30m2026-08-26T00:20:24,900[m [32mINFO  [m[[1;34mmain[m] [36mStartupInfoLogger[m - Started OperationsRulesApiApplication in 42.096 seconds (process running for 46.172)
[30m2026-08-26T00:22:48,244[m [32mINFO  [m[[1;34mhttp-nio-8080-exec-1[m] [36mDirectJDKLog[m - Initializing Spring DispatcherServlet 'dispatcherServlet'
[30m2026-08-26T00:22:48,245[m [32mINFO  [m[[1;34mhttp-nio-8080-exec-1[m] [36mFrameworkServlet[m - Initializing Servlet 'dispatcherServlet'
[30m2026-08-26T00:22:48,247[m [32mINFO  [m[[1;34mhttp-nio-8080-exec-1[m] [36mFrameworkServlet[m - Completed initialization in 2 ms
[30m2026-08-26T00:22:51,944[m [32mINFO  [m[[1;34mhttp-nio-8080-exec-3[m] [36mStatusUpdateBusinessRuleServiceImpl[m - [rules] rule-map-cache MISS countryId=37 code=RULE_ASSIGNMENT — loading from DB
[30m2026-08-26T00:22:52,042[m [32mINFO  [m[[1;34mhttp-nio-8080-exec-3[m] [36mStatusUpdateBusinessRuleServiceImpl[m - [rules] rule-map-cache LOADED countryId=37 code=RULE_ASSIGNMENT rules=[RULE_FRACTION, RULE_SIDE, RULE_FRACTION_CUSTODIAN, RULE_FOLIO] elapsed=100ms
[30m2026-08-26T00:22:52,442[m [1;31mERROR [m[[1;34mhttp-nio-8080-exec-3[m] [36mSqlExceptionHelper[m - An I/O error occurred while sending to the backend.
[30m2026-08-26T00:22:52,459[m [1;31mERROR [m[[1;34mhttp-nio-8080-exec-3[m] [36mRuleServiceImpl[m - MVEL Expression failed: [rule.clearingDate >= ruleService.currentDateByCountry(rule.countryCode)] | Exception: PropertyAccessException | Message: [Error: ruleService.currentDateByCountry(rule.countryCode): JDBC exception executing SQL [select ce1_0."COUNTRY_ID",ce1_0."CODE",ce1_0."NAME",ce1_0."TIME_ZONE" from "NUANBODB"."COUNTRY" ce1_0 where ce1_0."CODE"=?] [An I/O error occurred while sending to the backend.] [n/a]]
[Near : {... rule.clearingDate >= ruleServi ....}]
             ^
[Line: 1, Column: 1] | Root Cause: null
[30m2026-08-26T00:22:52,472[m [1;31mERROR [m[[1;34mhttp-nio-8080-exec-3[m] [36mSqlExceptionHelper[m - Connection is closed
[30m2026-08-26T00:22:52,473[m [1;31mERROR [m[[1;34mhttp-nio-8080-exec-3[m] [36mRuleServiceImpl[m - MVEL Expression failed: [rule.clearingDate >= ruleService.currentDateByCountry(rule.countryCode)] | Exception: PropertyAccessException | Message: [Error: ruleService.currentDateByCountry(rule.countryCode): could not prepare statement [Connection is closed] [select ce1_0."COUNTRY_ID",ce1_0."CODE",ce1_0."NAME",ce1_0."TIME_ZONE" from "NUANBODB"."COUNTRY" ce1_0 where ce1_0."CODE"=?]]
[Near : {... rule.clearingDate >= ruleServi ....}]
             ^
[Line: 1, Column: 1] | Root Cause: Connection is closed
[30m2026-08-26T00:22:52,477[m [1;31mERROR [m[[1;34mhttp-nio-8080-exec-3[m] [36mSqlExceptionHelper[m - Connection is closed
[30m2026-08-26T00:22:52,478[m [1;31mERROR [m[[1;34mhttp-nio-8080-exec-3[m] [36mRuleServiceImpl[m - MVEL Expression failed: [rule.clearingDate >= ruleService.currentDateByCountry(rule.countryCode)] | Exception: PropertyAccessException | Message: [Error: ruleService.currentDateByCountry(rule.countryCode): could not prepare statement [Connection is closed] [select ce1_0."COUNTRY_ID",ce1_0."CODE",ce1_0."NAME",ce1_0."TIME_ZONE" from "NUANBODB"."COUNTRY" ce1_0 where ce1_0."CODE"=?]]
[Near : {... rule.clearingDate >= ruleServi ....}]
             ^
[Line: 1, Column: 1] | Root Cause: Connection is closed
[30m2026-08-26T00:22:52,481[m [1;31mERROR [m[[1;34mhttp-nio-8080-exec-3[m] [36mSqlExceptionHelper[m - Connection is closed
[30m2026-08-26T00:22:52,482[m [1;31mERROR [m[[1;34mhttp-nio-8080-exec-3[m] [36mRuleServiceImpl[m - MVEL Expression failed: [rule.clearingDate >= ruleService.currentDateByCountry(rule.countryCode)] | Exception: PropertyAccessException | Message: [Error: ruleService.currentDateByCountry(rule.countryCode): could not prepare statement [Connection is closed] [select ce1_0."COUNTRY_ID",ce1_0."CODE",ce1_0."NAME",ce1_0."TIME_ZONE" from "NUANBODB"."COUNTRY" ce1_0 where ce1_0."CODE"=?]]
[Near : {... rule.clearingDate >= ruleServi ....}]
             ^
[Line: 1, Column: 1] | Root Cause: Connection is closed
[30m2026-08-26T00:22:52,537[m [1;31mERROR [m[[1;34mhttp-nio-8080-exec-3[m] [36mSqlExceptionHelper[m - Connection is closed
[30m2026-08-26T00:22:52,538[m [1;31mERROR [m[[1;34mhttp-nio-8080-exec-3[m] [36mRuleServiceImpl[m - MVEL Expression failed: [rule.clearingDate >= ruleService.currentDateByCountry(rule.countryCode)] | Exception: PropertyAccessException | Message: [Error: ruleService.currentDateByCountry(rule.countryCode): could not prepare statement [Connection is closed] [select ce1_0."COUNTRY_ID",ce1_0."CODE",ce1_0."NAME",ce1_0."TIME_ZONE" from "NUANBODB"."COUNTRY" ce1_0 where ce1_0."CODE"=?]]
[Near : {... rule.clearingDate >= ruleServi ....}]
             ^
[Line: 1, Column: 1] | Root Cause: Connection is closed
[30m2026-08-26T00:22:52,542[m [1;31mERROR [m[[1;34mhttp-nio-8080-exec-3[m] [36mSqlExceptionHelper[m - Connection is closed
[30m2026-08-26T00:22:52,543[m [1;31mERROR [m[[1;34mhttp-nio-8080-exec-3[m] [36mRuleServiceImpl[m - MVEL Expression failed: [rule.clearingDate >= ruleService.currentDateByCountry(rule.countryCode)] | Exception: PropertyAccessException | Message: [Error: ruleService.currentDateByCountry(rule.countryCode): could not prepare statement [Connection is closed] [select ce1_0."COUNTRY_ID",ce1_0."CODE",ce1_0."NAME",ce1_0."TIME_ZONE" from "NUANBODB"."COUNTRY" ce1_0 where ce1_0."CODE"=?]]
[Near : {... rule.clearingDate >= ruleServi ....}]
             ^
[Line: 1, Column: 1] | Root Cause: Connection is closed
[30m2026-08-26T00:22:52,547[m [1;31mERROR [m[[1;34mhttp-nio-8080-exec-3[m] [36mSqlExceptionHelper[m - Connection is closed
[30m2026-08-26T00:22:52,547[m [1;31mERROR [m[[1;34mhttp-nio-8080-exec-3[m] [36mRuleServiceImpl[m - MVEL Expression failed: [rule.clearingDate >= ruleService.currentDateByCountry(rule.countryCode)] | Exception: PropertyAccessException | Message: [Error: ruleService.currentDateByCountry(rule.countryCode): could not prepare statement [Connection is closed] [select ce1_0."COUNTRY_ID",ce1_0."CODE",ce1_0."NAME",ce1_0."TIME_ZONE" from "NUANBODB"."COUNTRY" ce1_0 where ce1_0."CODE"=?]]
[Near : {... rule.clearingDate >= ruleServi ....}]
             ^
[Line: 1, Column: 1] | Root Cause: Connection is closed
[30m2026-08-26T00:22:52,551[m [1;31mERROR [m[[1;34mhttp-nio-8080-exec-3[m] [36mSqlExceptionHelper[m - Connection is closed
[30m2026-08-26T00:22:52,551[m [1;31mERROR [m[[1;34mhttp-nio-8080-exec-3[m] [36mRuleServiceImpl[m - MVEL Expression failed: [rule.clearingDate >= ruleService.currentDateByCountry(rule.countryCode)] | Exception: PropertyAccessException | Message: [Error: ruleService.currentDateByCountry(rule.countryCode): could not prepare statement [Connection is closed] [select ce1_0."COUNTRY_ID",ce1_0."CODE",ce1_0."NAME",ce1_0."TIME_ZONE" from "NUANBODB"."COUNTRY" ce1_0 where ce1_0."CODE"=?]]
[Near : {... rule.clearingDate >= ruleServi ....}]
             ^
[Line: 1, Column: 1] | Root Cause: Connection is closed
[30m2026-08-26T00:22:52,554[m [1;31mERROR [m[[1;34mhttp-nio-8080-exec-3[m] [36mSqlExceptionHelper[m - Connection is closed
[30m2026-08-26T00:22:52,555[m [1;31mERROR [m[[1;34mhttp-nio-8080-exec-3[m] [36mRuleServiceImpl[m - MVEL Expression failed: [rule.clearingDate >= ruleService.currentDateByCountry(rule.countryCode)] | Exception: PropertyAccessException | Message: [Error: ruleService.currentDateByCountry(rule.countryCode): could not prepare statement [Connection is closed] [select ce1_0."COUNTRY_ID",ce1_0."CODE",ce1_0."NAME",ce1_0."TIME_ZONE" from "NUANBODB"."COUNTRY" ce1_0 where ce1_0."CODE"=?]]
[Near : {... rule.clearingDate >= ruleServi ....}]
             ^
[Line: 1, Column: 1] | Root Cause: Connection is closed
[30m2026-08-26T00:22:52,558[m [1;31mERROR [m[[1;34mhttp-nio-8080-exec-3[m] [36mSqlExceptionHelper[m - Connection is closed
[30m2026-08-26T00:22:52,559[m [1;31mERROR [m[[1;34mhttp-nio-8080-exec-3[m] [36mRuleServiceImpl[m - MVEL Expression failed: [rule.clearingDate >= ruleService.currentDateByCountry(rule.countryCode)] | Exception: PropertyAccessException | Message: [Error: ruleService.currentDateByCountry(rule.countryCode): could not prepare statement [Connection is closed] [select ce1_0."COUNTRY_ID",ce1_0."CODE",ce1_0."NAME",ce1_0."TIME_ZONE" from "NUANBODB"."COUNTRY" ce1_0 where ce1_0."CODE"=?]]
[Near : {... rule.clearingDate >= ruleServi ....}]
             ^
[Line: 1, Column: 1] | Root Cause: Connection is closed
[30m2026-08-26T00:22:52,562[m [1;31mERROR [m[[1;34mhttp-nio-8080-exec-3[m] [36mSqlExceptionHelper[m - Connection is closed
[30m2026-08-26T00:22:52,563[m [1;31mERROR [m[[1;34mhttp-nio-8080-exec-3[m] [36mRuleServiceImpl[m - MVEL Expression failed: [rule.clearingDate >= ruleService.currentDateByCountry(rule.countryCode)] | Exception: PropertyAccessException | Message: [Error: ruleService.currentDateByCountry(rule.countryCode): could not prepare statement [Connection is closed] [select ce1_0."COUNTRY_ID",ce1_0."CODE",ce1_0."NAME",ce1_0."TIME_ZONE" from "NUANBODB"."COUNTRY" ce1_0 where ce1_0."CODE"=?]]
[Near : {... rule.clearingDate >= ruleServi ....}]
             ^
[Line: 1, Column: 1] | Root Cause: Connection is closed
[30m2026-08-26T00:22:52,565[m [1;31mERROR [m[[1;34mhttp-nio-8080-exec-3[m] [36mSqlExceptionHelper[m - Connection is closed
[30m2026-08-26T00:22:52,566[m [1;31mERROR [m[[1;34mhttp-nio-8080-exec-3[m] [36mRuleServiceImpl[m - MVEL Expression failed: [rule.clearingDate >= ruleService.currentDateByCountry(rule.countryCode)] | Exception: PropertyAccessException | Message: [Error: ruleService.currentDateByCountry(rule.countryCode): could not prepare statement [Connection is closed] [select ce1_0."COUNTRY_ID",ce1_0."CODE",ce1_0."NAME",ce1_0."TIME_ZONE" from "NUANBODB"."COUNTRY" ce1_0 where ce1_0."CODE"=?]]
[Near : {... rule.clearingDate >= ruleServi ....}]
             ^
[Line: 1, Column: 1] | Root Cause: Connection is closed
[30m2026-08-26T00:22:52,568[m [1;31mERROR [m[[1;34mhttp-nio-8080-exec-3[m] [36mSqlExceptionHelper[m - Connection is closed
[30m2026-08-26T00:22:52,569[m [1;31mERROR [m[[1;34mhttp-nio-8080-exec-3[m] [36mRuleServiceImpl[m - MVEL Expression failed: [rule.clearingDate >= ruleService.currentDateByCountry(rule.countryCode)] | Exception: PropertyAccessException | Message: [Error: ruleService.currentDateByCountry(rule.countryCode): could not prepare statement [Connection is closed] [select ce1_0."COUNTRY_ID",ce1_0."CODE",ce1_0."NAME",ce1_0."TIME_ZONE" from "NUANBODB"."COUNTRY" ce1_0 where ce1_0."CODE"=?]]
[Near : {... rule.clearingDate >= ruleServi ....}]
             ^
[Line: 1, Column: 1] | Root Cause: Connection is closed
[30m2026-08-26T00:22:52,572[m [1;31mERROR [m[[1;34mhttp-nio-8080-exec-3[m] [36mSqlExceptionHelper[m - Connection is closed
[30m2026-08-26T00:22:52,572[m [1;31mERROR [m[[1;34mhttp-nio-8080-exec-3[m] [36mRuleServiceImpl[m - MVEL Expression failed: [rule.clearingDate >= ruleService.currentDateByCountry(rule.countryCode)] | Exception: PropertyAccessException | Message: [Error: ruleService.currentDateByCountry(rule.countryCode): could not prepare statement [Connection is closed] [select ce1_0."COUNTRY_ID",ce1_0."CODE",ce1_0."NAME",ce1_0."TIME_ZONE" from "NUANBODB"."COUNTRY" ce1_0 where ce1_0."CODE"=?]]
[Near : {... rule.clearingDate >= ruleServi ....}]
             ^
[Line: 1, Column: 1] | Root Cause: Connection is closed
[30m2026-08-26T00:22:52,575[m [1;31mERROR [m[[1;34mhttp-nio-8080-exec-3[m] [36mSqlExceptionHelper[m - Connection is closed
[30m2026-08-26T00:22:52,575[m [1;31mERROR [m[[1;34mhttp-nio-8080-exec-3[m] [36mRuleServiceImpl[m - MVEL Expression failed: [rule.clearingDate >= ruleService.currentDateByCountry(rule.countryCode)] | Exception: PropertyAccessException | Message: [Error: ruleService.currentDateByCountry(rule.countryCode): could not prepare statement [Connection is closed] [select ce1_0."COUNTRY_ID",ce1_0."CODE",ce1_0."NAME",ce1_0."TIME_ZONE" from "NUANBODB"."COUNTRY" ce1_0 where ce1_0."CODE"=?]]
[Near : {... rule.clearingDate >= ruleServi ....}]
             ^
[Line: 1, Column: 1] | Root Cause: Connection is closed
[30m2026-08-26T00:22:52,639[m [1;31mERROR [m[[1;34mhttp-nio-8080-exec-3[m] [36mSqlExceptionHelper[m - Connection is closed
[30m2026-08-26T00:22:52,640[m [1;31mERROR [m[[1;34mhttp-nio-8080-exec-3[m] [36mRuleServiceImpl[m - MVEL Expression failed: [rule.clearingDate >= ruleService.currentDateByCountry(rule.countryCode)] | Exception: PropertyAccessException | Message: [Error: ruleService.currentDateByCountry(rule.countryCode): could not prepare statement [Connection is closed] [select ce1_0."COUNTRY_ID",ce1_0."CODE",ce1_0."NAME",ce1_0."TIME_ZONE" from "NUANBODB"."COUNTRY" ce1_0 where ce1_0."CODE"=?]]
[Near : {... rule.clearingDate >= ruleServi ....}]
             ^
[Line: 1, Column: 1] | Root Cause: Connection is closed
[30m2026-08-26T00:22:52,643[m [1;31mERROR [m[[1;34mhttp-nio-8080-exec-3[m] [36mSqlExceptionHelper[m - Connection is closed
[30m2026-08-26T00:22:52,644[m [1;31mERROR [m[[1;34mhttp-nio-8080-exec-3[m] [36mRuleServiceImpl[m - MVEL Expression failed: [rule.clearingDate >= ruleService.currentDateByCountry(rule.countryCode)] | Exception: PropertyAccessException | Message: [Error: ruleService.currentDateByCountry(rule.countryCode): could not prepare statement [Connection is closed] [select ce1_0."COUNTRY_ID",ce1_0."CODE",ce1_0."NAME",ce1_0."TIME_ZONE" from "NUANBODB"."COUNTRY" ce1_0 where ce1_0."CODE"=?]]
[Near : {... rule.clearingDate >= ruleServi ....}]
             ^
[Line: 1, Column: 1] | Root Cause: Connection is closed
[30m2026-08-26T00:22:52,647[m [1;31mERROR [m[[1;34mhttp-nio-8080-exec-3[m] [36mSqlExceptionHelper[m - Connection is closed
[30m2026-08-26T00:22:52,647[m [1;31mERROR [m[[1;34mhttp-nio-8080-exec-3[m] [36mRuleServiceImpl[m - MVEL Expression failed: [rule.clearingDate >= ruleService.currentDateByCountry(rule.countryCode)] | Exception: PropertyAccessException | Message: [Error: ruleService.currentDateByCountry(rule.countryCode): could not prepare statement [Connection is closed] [select ce1_0."COUNTRY_ID",ce1_0."CODE",ce1_0."NAME",ce1_0."TIME_ZONE" from "NUANBODB"."COUNTRY" ce1_0 where ce1_0."CODE"=?]]
[Near : {... rule.clearingDate >= ruleServi ....}]
             ^
[Line: 1, Column: 1] | Root Cause: Connection is closed
[30m2026-08-26T00:22:52,650[m [1;31mERROR [m[[1;34mhttp-nio-8080-exec-3[m] [36mSqlExceptionHelper[m - Connection is closed
[30m2026-08-26T00:22:52,650[m [1;31mERROR [m[[1;34mhttp-nio-8080-exec-3[m] [36mRuleServiceImpl[m - MVEL Expression failed: [rule.clearingDate >= ruleService.currentDateByCountry(rule.countryCode)] | Exception: PropertyAccessException | Message: [Error: ruleService.currentDateByCountry(rule.countryCode): could not prepare statement [Connection is closed] [select ce1_0."COUNTRY_ID",ce1_0."CODE",ce1_0."NAME",ce1_0."TIME_ZONE" from "NUANBODB"."COUNTRY" ce1_0 where ce1_0."CODE"=?]]
[Near : {... rule.clearingDate >= ruleServi ....}]
             ^
[Line: 1, Column: 1] | Root Cause: Connection is closed
[30m2026-08-26T00:22:52,654[m [1;31mERROR [m[[1;34mhttp-nio-8080-exec-3[m] [36mSqlExceptionHelper[m - Connection is closed
[30m2026-08-26T00:22:52,655[m [1;31mERROR [m[[1;34mhttp-nio-8080-exec-3[m] [36mRuleServiceImpl[m - MVEL Expression failed: [rule.clearingDate >= ruleService.currentDateByCountry(rule.countryCode)] | Exception: PropertyAccessException | Message: [Error: ruleService.currentDateByCountry(rule.countryCode): could not prepare statement [Connection is closed] [select ce1_0."COUNTRY_ID",ce1_0."CODE",ce1_0."NAME",ce1_0."TIME_ZONE" from "NUANBODB"."COUNTRY" ce1_0 where ce1_0."CODE"=?]]
[Near : {... rule.clearingDate >= ruleServi ....}]
             ^
[Line: 1, Column: 1] | Root Cause: Connection is closed
[30m2026-08-26T00:22:52,657[m [1;31mERROR [m[[1;34mhttp-nio-8080-exec-3[m] [36mSqlExceptionHelper[m - Connection is closed
[30m2026-08-26T00:22:52,658[m [1;31mERROR [m[[1;34mhttp-nio-8080-exec-3[m] [36mRuleServiceImpl[m - MVEL Expression failed: [rule.clearingDate >= ruleService.currentDateByCountry(rule.countryCode)] | Exception: PropertyAccessException | Message: [Error: ruleService.currentDateByCountry(rule.countryCode): could not prepare statement [Connection is closed] [select ce1_0."COUNTRY_ID",ce1_0."CODE",ce1_0."NAME",ce1_0."TIME_ZONE" from "NUANBODB"."COUNTRY" ce1_0 where ce1_0."CODE"=?]]
[Near : {... rule.clearingDate >= ruleServi ....}]
             ^
[Line: 1, Column: 1] | Root Cause: Connection is closed
[30m2026-08-26T00:22:52,660[m [1;31mERROR [m[[1;34mhttp-nio-8080-exec-3[m] [36mSqlExceptionHelper[m - Connection is closed
[30m2026-08-26T00:22:52,661[m [1;31mERROR [m[[1;34mhttp-nio-8080-exec-3[m] [36mRuleServiceImpl[m - MVEL Expression failed: [rule.clearingDate >= ruleService.currentDateByCountry(rule.countryCode)] | Exception: PropertyAccessException | Message: [Error: ruleService.currentDateByCountry(rule.countryCode): could not prepare statement [Connection is closed] [select ce1_0."COUNTRY_ID",ce1_0."CODE",ce1_0."NAME",ce1_0."TIME_ZONE" from "NUANBODB"."COUNTRY" ce1_0 where ce1_0."CODE"=?]]
[Near : {... rule.clearingDate >= ruleServi ....}]
             ^
[Line: 1, Column: 1] | Root Cause: Connection is closed
[30m2026-08-26T00:22:52,663[m [1;31mERROR [m[[1;34mhttp-nio-8080-exec-3[m] [36mSqlExceptionHelper[m - Connection is closed
[30m2026-08-26T00:22:52,664[m [1;31mERROR [m[[1;34mhttp-nio-8080-exec-3[m] [36mRuleServiceImpl[m - MVEL Expression failed: [rule.clearingDate >= ruleService.currentDateByCountry(rule.countryCode)] | Exception: PropertyAccessException | Message: [Error: ruleService.currentDateByCountry(rule.countryCode): could not prepare statement [Connection is closed] [select ce1_0."COUNTRY_ID",ce1_0."CODE",ce1_0."NAME",ce1_0."TIME_ZONE" from "NUANBODB"."COUNTRY" ce1_0 where ce1_0."CODE"=?]]
[Near : {... rule.clearingDate >= ruleServi ....}]
             ^
[Line: 1, Column: 1] | Root Cause: Connection is closed
[30m2026-08-26T00:22:52,666[m [1;31mERROR [m[[1;34mhttp-nio-8080-exec-3[m] [36mSqlExceptionHelper[m - Connection is closed
[30m2026-08-26T00:22:52,667[m [1;31mERROR [m[[1;34mhttp-nio-8080-exec-3[m] [36mRuleServiceImpl[m - MVEL Expression failed: [rule.clearingDate >= ruleService.currentDateByCountry(rule.countryCode)] | Exception: PropertyAccessException | Message: [Error: ruleService.currentDateByCountry(rule.countryCode): could not prepare statement [Connection is closed] [select ce1_0."COUNTRY_ID",ce1_0."CODE",ce1_0."NAME",ce1_0."TIME_ZONE" from "NUANBODB"."COUNTRY" ce1_0 where ce1_0."CODE"=?]]
[Near : {... rule.clearingDate >= ruleServi ....}]
             ^
[Line: 1, Column: 1] | Root Cause: Connection is closed
[30m2026-08-26T00:22:52,670[m [1;31mERROR [m[[1;34mhttp-nio-8080-exec-3[m] [36mSqlExceptionHelper[m - Connection is closed
[30m2026-08-26T00:22:52,670[m [1;31mERROR [m[[1;34mhttp-nio-8080-exec-3[m] [36mRuleServiceImpl[m - MVEL Expression failed: [rule.clearingDate >= ruleService.currentDateByCountry(rule.countryCode)] | Exception: PropertyAccessException | Message: [Error: ruleService.currentDateByCountry(rule.countryCode): could not prepare statement [Connection is closed] [select ce1_0."COUNTRY_ID",ce1_0."CODE",ce1_0."NAME",ce1_0."TIME_ZONE" from "NUANBODB"."COUNTRY" ce1_0 where ce1_0."CODE"=?]]
[Near : {... rule.clearingDate >= ruleServi ....}]
             ^
[Line: 1, Column: 1] | Root Cause: Connection is closed
[30m2026-08-26T00:22:52,672[m [1;31mERROR [m[[1;34mhttp-nio-8080-exec-3[m] [36mSqlExceptionHelper[m - Connection is closed
[30m2026-08-26T00:22:52,673[m [1;31mERROR [m[[1;34mhttp-nio-8080-exec-3[m] [36mRuleServiceImpl[m - MVEL Expression failed: [rule.clearingDate >= ruleService.currentDateByCountry(rule.countryCode)] | Exception: PropertyAccessException | Message: [Error: ruleService.currentDateByCountry(rule.countryCode): could not prepare statement [Connection is closed] [select ce1_0."COUNTRY_ID",ce1_0."CODE",ce1_0."NAME",ce1_0."TIME_ZONE" from "NUANBODB"."COUNTRY" ce1_0 where ce1_0."CODE"=?]]
[Near : {... rule.clearingDate >= ruleServi ....}]
             ^
[Line: 1, Column: 1] | Root Cause: Connection is closed
[30m2026-08-26T00:22:52,675[m [1;31mERROR [m[[1;34mhttp-nio-8080-exec-3[m] [36mSqlExceptionHelper[m - Connection is closed
[30m2026-08-26T00:22:52,676[m [1;31mERROR [m[[1;34mhttp-nio-8080-exec-3[m] [36mRuleServiceImpl[m - MVEL Expression failed: [rule.clearingDate >= ruleService.currentDateByCountry(rule.countryCode)] | Exception: PropertyAccessException | Message: [Error: ruleService.currentDateByCountry(rule.countryCode): could not prepare statement [Connection is closed] [select ce1_0."COUNTRY_ID",ce1_0."CODE",ce1_0."NAME",ce1_0."TIME_ZONE" from "NUANBODB"."COUNTRY" ce1_0 where ce1_0."CODE"=?]]
[Near : {... rule.clearingDate >= ruleServi ....}]
             ^
[Line: 1, Column: 1] | Root Cause: Connection is closed
[30m2026-08-26T00:22:52,678[m [1;31mERROR [m[[1;34mhttp-nio-8080-exec-3[m] [36mSqlExceptionHelper[m - Connection is closed
[30m2026-08-26T00:22:52,679[m [1;31mERROR [m[[1;34mhttp-nio-8080-exec-3[m] [36mRuleServiceImpl[m - MVEL Expression failed: [rule.clearingDate >= ruleService.currentDateByCountry(rule.countryCode)] | Exception: PropertyAccessException | Message: [Error: ruleService.currentDateByCountry(rule.countryCode): could not prepare statement [Connection is closed] [select ce1_0."COUNTRY_ID",ce1_0."CODE",ce1_0."NAME",ce1_0."TIME_ZONE" from "NUANBODB"."COUNTRY" ce1_0 where ce1_0."CODE"=?]]
[Near : {... rule.clearingDate >= ruleServi ....}]
             ^
[Line: 1, Column: 1] | Root Cause: Connection is closed
[30m2026-08-26T00:22:52,738[m [1;31mERROR [m[[1;34mhttp-nio-8080-exec-3[m] [36mSqlExceptionHelper[m - Connection is closed
[30m2026-08-26T00:22:52,739[m [1;31mERROR [m[[1;34mhttp-nio-8080-exec-3[m] [36mRuleServiceImpl[m - MVEL Expression failed: [rule.clearingDate >= ruleService.currentDateByCountry(rule.countryCode)] | Exception: PropertyAccessException | Message: [Error: ruleService.currentDateByCountry(rule.countryCode): could not prepare statement [Connection is closed] [select ce1_0."COUNTRY_ID",ce1_0."CODE",ce1_0."NAME",ce1_0."TIME_ZONE" from "NUANBODB"."COUNTRY" ce1_0 where ce1_0."CODE"=?]]
[Near : {... rule.clearingDate >= ruleServi ....}]
             ^
[Line: 1, Column: 1] | Root Cause: Connection is closed
[30m2026-08-26T00:22:52,742[m [1;31mERROR [m[[1;34mhttp-nio-8080-exec-3[m] [36mSqlExceptionHelper[m - Connection is closed
[30m2026-08-26T00:22:52,742[m [1;31mERROR [m[[1;34mhttp-nio-8080-exec-3[m] [36mRuleServiceImpl[m - MVEL Expression failed: [rule.clearingDate >= ruleService.currentDateByCountry(rule.countryCode)] | Exception: PropertyAccessException | Message: [Error: ruleService.currentDateByCountry(rule.countryCode): could not prepare statement [Connection is closed] [select ce1_0."COUNTRY_ID",ce1_0."CODE",ce1_0."NAME",ce1_0."TIME_ZONE" from "NUANBODB"."COUNTRY" ce1_0 where ce1_0."CODE"=?]]
[Near : {... rule.clearingDate >= ruleServi ....}]
             ^
[Line: 1, Column: 1] | Root Cause: Connection is closed
[30m2026-08-26T00:22:52,745[m [1;31mERROR [m[[1;34mhttp-nio-8080-exec-3[m] [36mSqlExceptionHelper[m - Connection is closed
[30m2026-08-26T00:22:52,746[m [1;31mERROR [m[[1;34mhttp-nio-8080-exec-3[m] [36mRuleServiceImpl[m - MVEL Expression failed: [rule.clearingDate >= ruleService.currentDateByCountry(rule.countryCode)] | Exception: PropertyAccessException | Message: [Error: ruleService.currentDateByCountry(rule.countryCode): could not prepare statement [Connection is closed] [select ce1_0."COUNTRY_ID",ce1_0."CODE",ce1_0."NAME",ce1_0."TIME_ZONE" from "NUANBODB"."COUNTRY" ce1_0 where ce1_0."CODE"=?]]
[Near : {... rule.clearingDate >= ruleServi ....}]
             ^
[Line: 1, Column: 1] | Root Cause: Connection is closed
[30m2026-08-26T00:22:52,748[m [1;31mERROR [m[[1;34mhttp-nio-8080-exec-3[m] [36mSqlExceptionHelper[m - Connection is closed
[30m2026-08-26T00:22:52,749[m [1;31mERROR [m[[1;34mhttp-nio-8080-exec-3[m] [36mRuleServiceImpl[m - MVEL Expression failed: [rule.clearingDate >= ruleService.currentDateByCountry(rule.countryCode)] | Exception: PropertyAccessException | Message: [Error: ruleService.currentDateByCountry(rule.countryCode): could not prepare statement [Connection is closed] [select ce1_0."COUNTRY_ID",ce1_0."CODE",ce1_0."NAME",ce1_0."TIME_ZONE" from "NUANBODB"."COUNTRY" ce1_0 where ce1_0."CODE"=?]]
[Near : {... rule.clearingDate >= ruleServi ....}]
             ^
[Line: 1, Column: 1] | Root Cause: Connection is closed
[30m2026-08-26T00:22:52,751[m [1;31mERROR [m[[1;34mhttp-nio-8080-exec-3[m] [36mSqlExceptionHelper[m - Connection is closed
[30m2026-08-26T00:22:52,752[m [1;31mERROR [m[[1;34mhttp-nio-8080-exec-3[m] [36mRuleServiceImpl[m - MVEL Expression failed: [rule.clearingDate >= ruleService.currentDateByCountry(rule.countryCode)] | Exception: PropertyAccessException | Message: [Error: ruleService.currentDateByCountry(rule.countryCode): could not prepare statement [Connection is closed] [select ce1_0."COUNTRY_ID",ce1_0."CODE",ce1_0."NAME",ce1_0."TIME_ZONE" from "NUANBODB"."COUNTRY" ce1_0 where ce1_0."CODE"=?]]
[Near : {... rule.clearingDate >= ruleServi ....}]
             ^
[Line: 1, Column: 1] | Root Cause: Connection is closed
[30m2026-08-26T00:22:52,754[m [1;31mERROR [m[[1;34mhttp-nio-8080-exec-3[m] [36mSqlExceptionHelper[m - Connection is closed
[30m2026-08-26T00:22:52,755[m [1;31mERROR [m[[1;34mhttp-nio-8080-exec-3[m] [36mRuleServiceImpl[m - MVEL Expression failed: [rule.clearingDate >= ruleService.currentDateByCountry(rule.countryCode)] | Exception: PropertyAccessException | Message: [Error: ruleService.currentDateByCountry(rule.countryCode): could not prepare statement [Connection is closed] [select ce1_0."COUNTRY_ID",ce1_0."CODE",ce1_0."NAME",ce1_0."TIME_ZONE" from "NUANBODB"."COUNTRY" ce1_0 where ce1_0."CODE"=?]]
[Near : {... rule.clearingDate >= ruleServi ....}]
             ^
[Line: 1, Column: 1] | Root Cause: Connection is closed
[30m2026-08-26T00:22:52,757[m [1;31mERROR [m[[1;34mhttp-nio-8080-exec-3[m] [36mSqlExceptionHelper[m - Connection is closed
[30m2026-08-26T00:22:52,758[m [1;31mERROR [m[[1;34mhttp-nio-8080-exec-3[m] [36mRuleServiceImpl[m - MVEL Expression failed: [rule.clearingDate >= ruleService.currentDateByCountry(rule.countryCode)] | Exception: PropertyAccessException | Message: [Error: ruleService.currentDateByCountry(rule.countryCode): could not prepare statement [Connection is closed] [select ce1_0."COUNTRY_ID",ce1_0."CODE",ce1_0."NAME",ce1_0."TIME_ZONE" from "NUANBODB"."COUNTRY" ce1_0 where ce1_0."CODE"=?]]
[Near : {... rule.clearingDate >= ruleServi ....}]
             ^
[Line: 1, Column: 1] | Root Cause: Connection is closed
[30m2026-08-26T00:22:52,760[m [1;31mERROR [m[[1;34mhttp-nio-8080-exec-3[m] [36mSqlExceptionHelper[m - Connection is closed
[30m2026-08-26T00:22:52,761[m [1;31mERROR [m[[1;34mhttp-nio-8080-exec-3[m] [36mRuleServiceImpl[m - MVEL Expression failed: [rule.clearingDate >= ruleService.currentDateByCountry(rule.countryCode)] | Exception: PropertyAccessException | Message: [Error: ruleService.currentDateByCountry(rule.countryCode): could not prepare statement [Connection is closed] [select ce1_0."COUNTRY_ID",ce1_0."CODE",ce1_0."NAME",ce1_0."TIME_ZONE" from "NUANBODB"."COUNTRY" ce1_0 where ce1_0."CODE"=?]]
[Near : {... rule.clearingDate >= ruleServi ....}]
             ^
[Line: 1, Column: 1] | Root Cause: Connection is closed
[30m2026-08-26T00:22:52,763[m [1;31mERROR [m[[1;34mhttp-nio-8080-exec-3[m] [36mSqlExceptionHelper[m - Connection is closed
[30m2026-08-26T00:22:52,764[m [1;31mERROR [m[[1;34mhttp-nio-8080-exec-3[m] [36mRuleServiceImpl[m - MVEL Expression failed: [rule.clearingDate >= ruleService.currentDateByCountry(rule.countryCode)] | Exception: PropertyAccessException | Message: [Error: ruleService.currentDateByCountry(rule.countryCode): could not prepare statement [Connection is closed] [select ce1_0."COUNTRY_ID",ce1_0."CODE",ce1_0."NAME",ce1_0."TIME_ZONE" from "NUANBODB"."COUNTRY" ce1_0 where ce1_0."CODE"=?]]
[Near : {... rule.clearingDate >= ruleServi ....}]
             ^
[Line: 1, Column: 1] | Root Cause: Connection is closed
[30m2026-08-26T00:22:52,766[m [1;31mERROR [m[[1;34mhttp-nio-8080-exec-3[m] [36mSqlExceptionHelper[m - Connection is closed
[30m2026-08-26T00:22:52,767[m [1;31mERROR [m[[1;34mhttp-nio-8080-exec-3[m] [36mRuleServiceImpl[m - MVEL Expression failed: [rule.clearingDate >= ruleService.currentDateByCountry(rule.countryCode)] | Exception: PropertyAccessException | Message: [Error: ruleService.currentDateByCountry(rule.countryCode): could not prepare statement [Connection is closed] [select ce1_0."COUNTRY_ID",ce1_0."CODE",ce1_0."NAME",ce1_0."TIME_ZONE" from "NUANBODB"."COUNTRY" ce1_0 where ce1_0."CODE"=?]]
[Near : {... rule.clearingDate >= ruleServi ....}]
             ^
[Line: 1, Column: 1] | Root Cause: Connection is closed
[30m2026-08-26T00:22:52,769[m [1;31mERROR [m[[1;34mhttp-nio-8080-exec-3[m] [36mSqlExceptionHelper[m - Connection is closed
[30m2026-08-26T00:22:52,769[m [1;31mERROR [m[[1;34mhttp-nio-8080-exec-3[m] [36mRuleServiceImpl[m - MVEL Expression failed: [rule.clearingDate >= ruleService.currentDateByCountry(rule.countryCode)] | Exception: PropertyAccessException | Message: [Error: ruleService.currentDateByCountry(rule.countryCode): could not prepare statement [Connection is closed] [select ce1_0."COUNTRY_ID",ce1_0."CODE",ce1_0."NAME",ce1_0."TIME_ZONE" from "NUANBODB"."COUNTRY" ce1_0 where ce1_0."CODE"=?]]
[Near : {... rule.clearingDate >= ruleServi ....}]
             ^
[Line: 1, Column: 1] | Root Cause: Connection is closed
[30m2026-08-26T00:22:52,772[m [1;31mERROR [m[[1;34mhttp-nio-8080-exec-3[m] [36mSqlExceptionHelper[m - Connection is closed
[30m2026-08-26T00:22:52,772[m [1;31mERROR [m[[1;34mhttp-nio-8080-exec-3[m] [36mRuleServiceImpl[m - MVEL Expression failed: [rule.clearingDate >= ruleService.currentDateByCountry(rule.countryCode)] | Exception: PropertyAccessException | Message: [Error: ruleService.currentDateByCountry(rule.countryCode): could not prepare statement [Connection is closed] [select ce1_0."COUNTRY_ID",ce1_0."CODE",ce1_0."NAME",ce1_0."TIME_ZONE" from "NUANBODB"."COUNTRY" ce1_0 where ce1_0."CODE"=?]]
[Near : {... rule.clearingDate >= ruleServi ....}]
             ^
[Line: 1, Column: 1] | Root Cause: Connection is closed
[30m2026-08-26T00:22:52,774[m [1;31mERROR [m[[1;34mhttp-nio-8080-exec-3[m] [36mSqlExceptionHelper[m - Connection is closed
[30m2026-08-26T00:22:52,775[m [1;31mERROR [m[[1;34mhttp-nio-8080-exec-3[m] [36mRuleServiceImpl[m - MVEL Expression failed: [rule.clearingDate >= ruleService.currentDateByCountry(rule.countryCode)] | Exception: PropertyAccessException | Message: [Error: ruleService.currentDateByCountry(rule.countryCode): could not prepare statement [Connection is closed] [select ce1_0."COUNTRY_ID",ce1_0."CODE",ce1_0."NAME",ce1_0."TIME_ZONE" from "NUANBODB"."COUNTRY" ce1_0 where ce1_0."CODE"=?]]
[Near : {... rule.clearingDate >= ruleServi ....}]
             ^
[Line: 1, Column: 1] | Root Cause: Connection is closed
[30m2026-08-26T00:22:52,839[m [1;31mERROR [m[[1;34mhttp-nio-8080-exec-3[m] [36mSqlExceptionHelper[m - Connection is closed
[30m2026-08-26T00:22:52,839[m [1;31mERROR [m[[1;34mhttp-nio-8080-exec-3[m] [36mRuleServiceImpl[m - MVEL Expression failed: [rule.clearingDate >= ruleService.currentDateByCountry(rule.countryCode)] | Exception: PropertyAccessException | Message: [Error: ruleService.currentDateByCountry(rule.countryCode): could not prepare statement [Connection is closed] [select ce1_0."COUNTRY_ID",ce1_0."CODE",ce1_0."NAME",ce1_0."TIME_ZONE" from "NUANBODB"."COUNTRY" ce1_0 where ce1_0."CODE"=?]]
[Near : {... rule.clearingDate >= ruleServi ....}]
             ^
[Line: 1, Column: 1] | Root Cause: Connection is closed
[30m2026-08-26T00:22:52,842[m [1;31mERROR [m[[1;34mhttp-nio-8080-exec-3[m] [36mSqlExceptionHelper[m - Connection is closed
[30m2026-08-26T00:22:52,843[m [1;31mERROR [m[[1;34mhttp-nio-8080-exec-3[m] [36mRuleServiceImpl[m - MVEL Expression failed: [rule.clearingDate >= ruleService.currentDateByCountry(rule.countryCode)] | Exception: PropertyAccessException | Message: [Error: ruleService.currentDateByCountry(rule.countryCode): could not prepare statement [Connection is closed] [select ce1_0."COUNTRY_ID",ce1_0."CODE",ce1_0."NAME",ce1_0."TIME_ZONE" from "NUANBODB"."COUNTRY" ce1_0 where ce1_0."CODE"=?]]
[Near : {... rule.clearingDate >= ruleServi ....}]
             ^
[Line: 1, Column: 1] | Root Cause: Connection is closed
[30m2026-08-26T00:22:52,846[m [1;31mERROR [m[[1;34mhttp-nio-8080-exec-3[m] [36mSqlExceptionHelper[m - Connection is closed
[30m2026-08-26T00:22:52,846[m [1;31mERROR [m[[1;34mhttp-nio-8080-exec-3[m] [36mRuleServiceImpl[m - MVEL Expression failed: [rule.clearingDate >= ruleService.currentDateByCountry(rule.countryCode)] | Exception: PropertyAccessException | Message: [Error: ruleService.currentDateByCountry(rule.countryCode): could not prepare statement [Connection is closed] [select ce1_0."COUNTRY_ID",ce1_0."CODE",ce1_0."NAME",ce1_0."TIME_ZONE" from "NUANBODB"."COUNTRY" ce1_0 where ce1_0."CODE"=?]]
[Near : {... rule.clearingDate >= ruleServi ....}]
             ^
[Line: 1, Column: 1] | Root Cause: Connection is closed
[30m2026-08-26T00:22:52,849[m [1;31mERROR [m[[1;34mhttp-nio-8080-exec-3[m] [36mSqlExceptionHelper[m - Connection is closed
[30m2026-08-26T00:22:52,849[m [1;31mERROR [m[[1;34mhttp-nio-8080-exec-3[m] [36mRuleServiceImpl[m - MVEL Expression failed: [rule.clearingDate >= ruleService.currentDateByCountry(rule.countryCode)] | Exception: PropertyAccessException | Message: [Error: ruleService.currentDateByCountry(rule.countryCode): could not prepare statement [Connection is closed] [select ce1_0."COUNTRY_ID",ce1_0."CODE",ce1_0."NAME",ce1_0."TIME_ZONE" from "NUANBODB"."COUNTRY" ce1_0 where ce1_0."CODE"=?]]
[Near : {... rule.clearingDate >= ruleServi ....}]
             ^
[Line: 1, Column: 1] | Root Cause: Connection is closed
[30m2026-08-26T00:22:52,852[m [1;31mERROR [m[[1;34mhttp-nio-8080-exec-3[m] [36mSqlExceptionHelper[m - Connection is closed
[30m2026-08-26T00:22:52,852[m [1;31mERROR [m[[1;34mhttp-nio-8080-exec-3[m] [36mRuleServiceImpl[m - MVEL Expression failed: [rule.clearingDate >= ruleService.currentDateByCountry(rule.countryCode)] | Exception: PropertyAccessException | Message: [Error: ruleService.currentDateByCountry(rule.countryCode): could not prepare statement [Connection is closed] [select ce1_0."COUNTRY_ID",ce1_0."CODE",ce1_0."NAME",ce1_0."TIME_ZONE" from "NUANBODB"."COUNTRY" ce1_0 where ce1_0."CODE"=?]]
[Near : {... rule.clearingDate >= ruleServi ....}]
             ^
[Line: 1, Column: 1] | Root Cause: Connection is closed
[30m2026-08-26T00:22:52,855[m [1;31mERROR [m[[1;34mhttp-nio-8080-exec-3[m] [36mSqlExceptionHelper[m - Connection is closed
[30m2026-08-26T00:22:52,855[m [1;31mERROR [m[[1;34mhttp-nio-8080-exec-3[m] [36mRuleServiceImpl[m - MVEL Expression failed: [rule.clearingDate >= ruleService.currentDateByCountry(rule.countryCode)] | Exception: PropertyAccessException | Message: [Error: ruleService.currentDateByCountry(rule.countryCode): could not prepare statement [Connection is closed] [select ce1_0."COUNTRY_ID",ce1_0."CODE",ce1_0."NAME",ce1_0."TIME_ZONE" from "NUANBODB"."COUNTRY" ce1_0 where ce1_0."CODE"=?]]
[Near : {... rule.clearingDate >= ruleServi ....}]
             ^
[Line: 1, Column: 1] | Root Cause: Connection is closed
[30m2026-08-26T00:22:52,868[m [1;31mERROR [m[[1;34mhttp-nio-8080-exec-3[m] [36mSqlExceptionHelper[m - Connection is closed
[30m2026-08-26T00:22:52,869[m [1;31mERROR [m[[1;34mhttp-nio-8080-exec-3[m] [36mRuleServiceImpl[m - MVEL Expression failed: [rule.clearingDate >= ruleService.currentDateByCountry(rule.countryCode)] | Exception: PropertyAccessException | Message: [Error: ruleService.currentDateByCountry(rule.countryCode): could not prepare statement [Connection is closed] [select ce1_0."COUNTRY_ID",ce1_0."CODE",ce1_0."NAME",ce1_0."TIME_ZONE" from "NUANBODB"."COUNTRY" ce1_0 where ce1_0."CODE"=?]]
[Near : {... rule.clearingDate >= ruleServi ....}]
             ^
[Line: 1, Column: 1] | Root Cause: Connection is closed
[30m2026-08-26T00:22:52,872[m [1;31mERROR [m[[1;34mhttp-nio-8080-exec-3[m] [36mSqlExceptionHelper[m - Connection is closed
[30m2026-08-26T00:22:52,873[m [1;31mERROR [m[[1;34mhttp-nio-8080-exec-3[m] [36mRuleServiceImpl[m - MVEL Expression failed: [rule.clearingDate >= ruleService.currentDateByCountry(rule.countryCode)] | Exception: PropertyAccessException | Message: [Error: ruleService.currentDateByCountry(rule.countryCode): could not prepare statement [Connection is closed] [select ce1_0."COUNTRY_ID",ce1_0."CODE",ce1_0."NAME",ce1_0."TIME_ZONE" from "NUANBODB"."COUNTRY" ce1_0 where ce1_0."CODE"=?]]
[Near : {... rule.clearingDate >= ruleServi ....}]
             ^
[Line: 1, Column: 1] | Root Cause: Connection is closed
[30m2026-08-26T00:22:52,876[m [1;31mERROR [m[[1;34mhttp-nio-8080-exec-3[m] [36mSqlExceptionHelper[m - Connection is closed
[30m2026-08-26T00:22:52,876[m [1;31mERROR [m[[1;34mhttp-nio-8080-exec-3[m] [36mRuleServiceImpl[m - MVEL Expression failed: [rule.clearingDate >= ruleService.currentDateByCountry(rule.countryCode)] | Exception: PropertyAccessException | Message: [Error: ruleService.currentDateByCountry(rule.countryCode): could not prepare statement [Connection is closed] [select ce1_0."COUNTRY_ID",ce1_0."CODE",ce1_0."NAME",ce1_0."TIME_ZONE" from "NUANBODB"."COUNTRY" ce1_0 where ce1_0."CODE"=?]]
[Near : {... rule.clearingDate >= ruleServi ....}]
             ^
[Line: 1, Column: 1] | Root Cause: Connection is closed
[30m2026-08-26T00:22:52,876[m [32mINFO  [m[[1;34mhttp-nio-8080-exec-3[m] [36mStatusUpdateBusinessRuleServiceImpl[m - PERF_RULES_BATCH service=reglas podName=operaciones-reglas-back-app-5894db7bb6-7np7h batchId=cb85f9c5-0868-4c67-b49d-e5a5902568e2 items=50 tradeRequested=50 tradeUnique=50 tradeRepositoryCalls=1 tradeRowsLoaded=50 tradeBulkMs=127 settlementRequestedPairs=50 settlementUniquePairs=50 settlementRepositoryCalls=1 settlementRowsLoaded=0 settlementBulkMs=54 businessRuleRepositoryCalls=10 statusTransitionRequests=0 uniqueStatusTransitionKeys=0 statusHttpCalls=0 statusHttpTotalMs=0 evaluationMs=828 prevalidatedCount=50 businessValidCount=0 businessRejectedCount=50 fallbackCount=0 totalMs=1121 result=SUCCESS
[30m2026-08-26T00:22:52,877[m [32mINFO  [m[[1;34mhttp-nio-8080-exec-3[m] [36mStatusUpdateBusinessRuleServiceImpl[m - PERF_RULES_BATCH_REDUCTION service=reglas podName=operaciones-reglas-back-app-5894db7bb6-7np7h batchId=cb85f9c5-0868-4c67-b49d-e5a5902568e2 legacyFractionationToRulesHttpCallsEstimated=50 fractionationToRulesBatchHttpCalls=1 legacyTradeReadsEstimated=50 tradeRepositoryReadsAfter=1 legacySettlementReadsEstimated=50 settlementRepositoryReadsAfter=1 logicalStatusTransitionRequests=0 uniqueStatusTransitionKeys=0 statusHttpCallsAfter=0 statusHttpReductionPercent=0
[30m2026-08-26T00:22:52,941[m [1;31mERROR [m[[1;34mhttp-nio-8080-exec-3[m] [36mGlobalExceptionHandler[m - Error -> ErrorResponse(httpCode=500, httpMethod=POST, url=http://operaciones-reglas-back-service/operations-rules-api/v1/status-update-business-rule/trade/validation/batch, timestamp=2026-08-26T00:22:46, errorCode=UNEXPECTED, errorMessage=An unexpected error occurred, errorMessageDetail=Unable to rollback against JDBC Connection, errorDetails=null)
[30m2026-08-26T02:35:58,940[m [32mINFO  [m[[1;34mhttp-nio-8080-exec-5[m] [36mStatusUpdateBusinessRuleServiceImpl[m - [rules] rule-map-cache MISS countryId=37 code=RULE_ASSIGNMENT — loading from DB
[30m2026-08-26T02:35:58,976[m [32mINFO  [m[[1;34mhttp-nio-8080-exec-5[m] [36mStatusUpdateBusinessRuleServiceImpl[m - [rules] rule-map-cache LOADED countryId=37 code=RULE_ASSIGNMENT rules=[RULE_FRACTION, RULE_SIDE, RULE_FRACTION_CUSTODIAN, RULE_FOLIO] elapsed=35ms
[30m2026-08-26T02:35:59,646[m [32mINFO  [m[[1;34mhttp-nio-8080-exec-5[m] [36mStatusUpdateBusinessRuleServiceImpl[m - PERF_RULES_BATCH service=reglas podName=operaciones-reglas-back-app-5894db7bb6-7np7h batchId=4404f684-d6d4-43cd-aa90-804fa0163dae items=50 tradeRequested=50 tradeUnique=50 tradeRepositoryCalls=1 tradeRowsLoaded=50 tradeBulkMs=40 settlementRequestedPairs=50 settlementUniquePairs=50 settlementRepositoryCalls=1 settlementRowsLoaded=43 settlementBulkMs=64 businessRuleRepositoryCalls=10 statusTransitionRequests=193 uniqueStatusTransitionKeys=4 statusHttpCalls=4 statusHttpTotalMs=369 evaluationMs=294 prevalidatedCount=50 businessValidCount=50 businessRejectedCount=0 fallbackCount=0 totalMs=813 result=SUCCESS
[30m2026-08-26T02:35:59,647[m [32mINFO  [m[[1;34mhttp-nio-8080-exec-5[m] [36mStatusUpdateBusinessRuleServiceImpl[m - PERF_RULES_BATCH_REDUCTION service=reglas podName=operaciones-reglas-back-app-5894db7bb6-7np7h batchId=4404f684-d6d4-43cd-aa90-804fa0163dae legacyFractionationToRulesHttpCallsEstimated=50 fractionationToRulesBatchHttpCalls=1 legacyTradeReadsEstimated=50 tradeRepositoryReadsAfter=1 legacySettlementReadsEstimated=50 settlementRepositoryReadsAfter=1 logicalStatusTransitionRequests=193 uniqueStatusTransitionKeys=4 statusHttpCallsAfter=4 statusHttpReductionPercent=98
[30m2026-08-26T02:36:05,438[m [32mINFO  [m[[1;34mhttp-nio-8080-exec-6[m] [36mStatusUpdateBusinessRuleServiceImpl[m - PERF_RULES_BATCH service=reglas podName=operaciones-reglas-back-app-5894db7bb6-7np7h batchId=fff54552-62c3-44f5-9c01-49ac208be10a items=50 tradeRequested=50 tradeUnique=50 tradeRepositoryCalls=1 tradeRowsLoaded=50 tradeBulkMs=13 settlementRequestedPairs=50 settlementUniquePairs=50 settlementRepositoryCalls=1 settlementRowsLoaded=0 settlementBulkMs=5 businessRuleRepositoryCalls=0 statusTransitionRequests=200 uniqueStatusTransitionKeys=4 statusHttpCalls=4 statusHttpTotalMs=48 evaluationMs=95 prevalidatedCount=50 businessValidCount=50 businessRejectedCount=0 fallbackCount=0 totalMs=166 result=SUCCESS
[30m2026-08-26T02:36:05,439[m [32mINFO  [m[[1;34mhttp-nio-8080-exec-6[m] [36mStatusUpdateBusinessRuleServiceImpl[m - PERF_RULES_BATCH_REDUCTION service=reglas podName=operaciones-reglas-back-app-5894db7bb6-7np7h batchId=fff54552-62c3-44f5-9c01-49ac208be10a legacyFractionationToRulesHttpCallsEstimated=50 fractionationToRulesBatchHttpCalls=1 legacyTradeReadsEstimated=50 tradeRepositoryReadsAfter=1 legacySettlementReadsEstimated=50 settlementRepositoryReadsAfter=1 logicalStatusTransitionRequests=200 uniqueStatusTransitionKeys=4 statusHttpCallsAfter=4 statusHttpReductionPercent=98
[30m2026-08-26T02:36:08,753[m [32mINFO  [m[[1;34mhttp-nio-8080-exec-7[m] [36mStatusUpdateBusinessRuleServiceImpl[m - PERF_RULES_BATCH service=reglas podName=operaciones-reglas-back-app-5894db7bb6-7np7h batchId=93b36a99-af26-4a6e-96c9-7147da245716 items=50 tradeRequested=50 tradeUnique=50 tradeRepositoryCalls=1 tradeRowsLoaded=50 tradeBulkMs=12 settlementRequestedPairs=50 settlementUniquePairs=50 settlementRepositoryCalls=1 settlementRowsLoaded=0 settlementBulkMs=4 businessRuleRepositoryCalls=0 statusTransitionRequests=200 uniqueStatusTransitionKeys=4 statusHttpCalls=4 statusHttpTotalMs=22 evaluationMs=56 prevalidatedCount=50 businessValidCount=50 businessRejectedCount=0 fallbackCount=0 totalMs=99 result=SUCCESS
[30m2026-08-26T02:36:08,754[m [32mINFO  [m[[1;34mhttp-nio-8080-exec-7[m] [36mStatusUpdateBusinessRuleServiceImpl[m - PERF_RULES_BATCH_REDUCTION service=reglas podName=operaciones-reglas-back-app-5894db7bb6-7np7h batchId=93b36a99-af26-4a6e-96c9-7147da245716 legacyFractionationToRulesHttpCallsEstimated=50 fractionationToRulesBatchHttpCalls=1 legacyTradeReadsEstimated=50 tradeRepositoryReadsAfter=1 legacySettlementReadsEstimated=50 settlementRepositoryReadsAfter=1 logicalStatusTransitionRequests=200 uniqueStatusTransitionKeys=4 statusHttpCallsAfter=4 statusHttpReductionPercent=98
[30m2026-08-26T02:36:11,669[m [32mINFO  [m[[1;34mhttp-nio-8080-exec-8[m] [36mStatusUpdateBusinessRuleServiceImpl[m - PERF_RULES_BATCH service=reglas podName=operaciones-reglas-back-app-5894db7bb6-7np7h batchId=922c40d6-6933-4cd6-9263-07c4997f9b44 items=50 tradeRequested=50 tradeUnique=50 tradeRepositoryCalls=1 tradeRowsLoaded=50 tradeBulkMs=11 settlementRequestedPairs=50 settlementUniquePairs=50 settlementRepositoryCalls=1 settlementRowsLoaded=0 settlementBulkMs=4 businessRuleRepositoryCalls=0 statusTransitionRequests=200 uniqueStatusTransitionKeys=4 statusHttpCalls=4 statusHttpTotalMs=23 evaluationMs=58 prevalidatedCount=50 businessValidCount=50 businessRejectedCount=0 fallbackCount=0 totalMs=102 result=SUCCESS
[30m2026-08-26T02:36:11,670[m [32mINFO  [m[[1;34mhttp-nio-8080-exec-8[m] [36mStatusUpdateBusinessRuleServiceImpl[m - PERF_RULES_BATCH_REDUCTION service=reglas podName=operaciones-reglas-back-app-5894db7bb6-7np7h batchId=922c40d6-6933-4cd6-9263-07c4997f9b44 legacyFractionationToRulesHttpCallsEstimated=50 fractionationToRulesBatchHttpCalls=1 legacyTradeReadsEstimated=50 tradeRepositoryReadsAfter=1 legacySettlementReadsEstimated=50 settlementRepositoryReadsAfter=1 logicalStatusTransitionRequests=200 uniqueStatusTransitionKeys=4 statusHttpCallsAfter=4 statusHttpReductionPercent=98
[30m2026-08-26T02:36:14,575[m [32mINFO  [m[[1;34mhttp-nio-8080-exec-9[m] [36mStatusUpdateBusinessRuleServiceImpl[m - PERF_RULES_BATCH service=reglas podName=operaciones-reglas-back-app-5894db7bb6-7np7h batchId=23e0ba08-7605-4eaf-a9ff-7b0a666e7318 items=50 tradeRequested=50 tradeUnique=50 tradeRepositoryCalls=1 tradeRowsLoaded=50 tradeBulkMs=13 settlementRequestedPairs=50 settlementUniquePairs=50 settlementRepositoryCalls=1 settlementRowsLoaded=0 settlementBulkMs=4 businessRuleRepositoryCalls=0 statusTransitionRequests=200 uniqueStatusTransitionKeys=4 statusHttpCalls=4 statusHttpTotalMs=20 evaluationMs=11 prevalidatedCount=50 businessValidCount=50 businessRejectedCount=0 fallbackCount=0 totalMs=52 result=SUCCESS
[30m2026-08-26T02:36:14,575[m [32mINFO  [m[[1;34mhttp-nio-8080-exec-9[m] [36mStatusUpdateBusinessRuleServiceImpl[m - PERF_RULES_BATCH_REDUCTION service=reglas podName=operaciones-reglas-back-app-5894db7bb6-7np7h batchId=23e0ba08-7605-4eaf-a9ff-7b0a666e7318 legacyFractionationToRulesHttpCallsEstimated=50 fractionationToRulesBatchHttpCalls=1 legacyTradeReadsEstimated=50 tradeRepositoryReadsAfter=1 legacySettlementReadsEstimated=50 settlementRepositoryReadsAfter=1 logicalStatusTransitionRequests=200 uniqueStatusTransitionKeys=4 statusHttpCallsAfter=4 statusHttpReductionPercent=98
[30m2026-08-26T02:36:17,143[m [32mINFO  [m[[1;34mhttp-nio-8080-exec-10[m] [36mStatusUpdateBusinessRuleServiceImpl[m - PERF_RULES_BATCH service=reglas podName=operaciones-reglas-back-app-5894db7bb6-7np7h batchId=633d7644-763a-4b86-bd26-7147a8f1e5a4 items=50 tradeRequested=50 tradeUnique=50 tradeRepositoryCalls=1 tradeRowsLoaded=50 tradeBulkMs=8 settlementRequestedPairs=50 settlementUniquePairs=50 settlementRepositoryCalls=1 settlementRowsLoaded=0 settlementBulkMs=4 businessRuleRepositoryCalls=0 statusTransitionRequests=200 uniqueStatusTransitionKeys=4 statusHttpCalls=4 statusHttpTotalMs=20 evaluationMs=40 prevalidatedCount=50 businessValidCount=50 businessRejectedCount=0 fallbackCount=0 totalMs=77 result=SUCCESS
[30m2026-08-26T02:36:17,144[m [32mINFO  [m[[1;34mhttp-nio-8080-exec-10[m] [36mStatusUpdateBusinessRuleServiceImpl[m - PERF_RULES_BATCH_REDUCTION service=reglas podName=operaciones-reglas-back-app-5894db7bb6-7np7h batchId=633d7644-763a-4b86-bd26-7147a8f1e5a4 legacyFractionationToRulesHttpCallsEstimated=50 fractionationToRulesBatchHttpCalls=1 legacyTradeReadsEstimated=50 tradeRepositoryReadsAfter=1 legacySettlementReadsEstimated=50 settlementRepositoryReadsAfter=1 logicalStatusTransitionRequests=200 uniqueStatusTransitionKeys=4 statusHttpCallsAfter=4 statusHttpReductionPercent=98
[30m2026-08-26T02:36:19,662[m [32mINFO  [m[[1;34mhttp-nio-8080-exec-11[m] [36mStatusUpdateBusinessRuleServiceImpl[m - PERF_RULES_BATCH service=reglas podName=operaciones-reglas-back-app-5894db7bb6-7np7h batchId=60c150b8-d795-443e-83b9-394bf9643a0f items=50 tradeRequested=50 tradeUnique=50 tradeRepositoryCalls=1 tradeRowsLoaded=50 tradeBulkMs=10 settlementRequestedPairs=50 settlementUniquePairs=50 settlementRepositoryCalls=1 settlementRowsLoaded=0 settlementBulkMs=5 businessRuleRepositoryCalls=0 statusTransitionRequests=200 uniqueStatusTransitionKeys=4 statusHttpCalls=4 statusHttpTotalMs=23 evaluationMs=17 prevalidatedCount=50 businessValidCount=50 businessRejectedCount=0 fallbackCount=0 totalMs=60 result=SUCCESS
[30m2026-08-26T02:36:19,663[m [32mINFO  [m[[1;34mhttp-nio-8080-exec-11[m] [36mStatusUpdateBusinessRuleServiceImpl[m - PERF_RULES_BATCH_REDUCTION service=reglas podName=operaciones-reglas-back-app-5894db7bb6-7np7h batchId=60c150b8-d795-443e-83b9-394bf9643a0f legacyFractionationToRulesHttpCallsEstimated=50 fractionationToRulesBatchHttpCalls=1 legacyTradeReadsEstimated=50 tradeRepositoryReadsAfter=1 legacySettlementReadsEstimated=50 settlementRepositoryReadsAfter=1 logicalStatusTransitionRequests=200 uniqueStatusTransitionKeys=4 statusHttpCallsAfter=4 statusHttpReductionPercent=98
[30m2026-08-26T02:36:21,747[m [32mINFO  [m[[1;34mhttp-nio-8080-exec-12[m] [36mStatusUpdateBusinessRuleServiceImpl[m - PERF_RULES_BATCH service=reglas podName=operaciones-reglas-back-app-5894db7bb6-7np7h batchId=c635de03-6e53-4973-a16c-9a95a50340d5 items=50 tradeRequested=50 tradeUnique=50 tradeRepositoryCalls=1 tradeRowsLoaded=50 tradeBulkMs=11 settlementRequestedPairs=50 settlementUniquePairs=50 settlementRepositoryCalls=1 settlementRowsLoaded=0 settlementBulkMs=4 businessRuleRepositoryCalls=0 statusTransitionRequests=200 uniqueStatusTransitionKeys=4 statusHttpCalls=4 statusHttpTotalMs=20 evaluationMs=16 prevalidatedCount=50 businessValidCount=50 businessRejectedCount=0 fallbackCount=0 totalMs=73 result=SUCCESS
[30m2026-08-26T02:36:21,748[m [32mINFO  [m[[1;34mhttp-nio-8080-exec-12[m] [36mStatusUpdateBusinessRuleServiceImpl[m - PERF_RULES_BATCH_REDUCTION service=reglas podName=operaciones-reglas-back-app-5894db7bb6-7np7h batchId=c635de03-6e53-4973-a16c-9a95a50340d5 legacyFractionationToRulesHttpCallsEstimated=50 fractionationToRulesBatchHttpCalls=1 legacyTradeReadsEstimated=50 tradeRepositoryReadsAfter=1 legacySettlementReadsEstimated=50 settlementRepositoryReadsAfter=1 logicalStatusTransitionRequests=200 uniqueStatusTransitionKeys=4 statusHttpCallsAfter=4 statusHttpReductionPercent=98
[30m2026-08-26T02:36:23,788[m [32mINFO  [m[[1;34mhttp-nio-8080-exec-13[m] [36mStatusUpdateBusinessRuleServiceImpl[m - PERF_RULES_BATCH service=reglas podName=operaciones-reglas-back-app-5894db7bb6-7np7h batchId=4c39c9bf-3988-4440-8b17-8937dc285741 items=50 tradeRequested=50 tradeUnique=50 tradeRepositoryCalls=1 tradeRowsLoaded=50 tradeBulkMs=7 settlementRequestedPairs=50 settlementUniquePairs=50 settlementRepositoryCalls=1 settlementRowsLoaded=0 settlementBulkMs=3 businessRuleRepositoryCalls=0 statusTransitionRequests=200 uniqueStatusTransitionKeys=4 statusHttpCalls=4 statusHttpTotalMs=19 evaluationMs=10 prevalidatedCount=50 businessValidCount=50 businessRejectedCount=0 fallbackCount=0 totalMs=43 result=SUCCESS
[30m2026-08-26T02:36:23,788[m [32mINFO  [m[[1;34mhttp-nio-8080-exec-13[m] [36mStatusUpdateBusinessRuleServiceImpl[m - PERF_RULES_BATCH_REDUCTION service=reglas podName=operaciones-reglas-back-app-5894db7bb6-7np7h batchId=4c39c9bf-3988-4440-8b17-8937dc285741 legacyFractionationToRulesHttpCallsEstimated=50 fractionationToRulesBatchHttpCalls=1 legacyTradeReadsEstimated=50 tradeRepositoryReadsAfter=1 legacySettlementReadsEstimated=50 settlementRepositoryReadsAfter=1 logicalStatusTransitionRequests=200 uniqueStatusTransitionKeys=4 statusHttpCallsAfter=4 statusHttpReductionPercent=98
[30m2026-08-26T02:36:25,635[m [32mINFO  [m[[1;34mhttp-nio-8080-exec-14[m] [36mStatusUpdateBusinessRuleServiceImpl[m - PERF_RULES_BATCH service=reglas podName=operaciones-reglas-back-app-5894db7bb6-7np7h batchId=07d6f043-f184-4e27-92a3-f43d6e8760b3 items=50 tradeRequested=50 tradeUnique=50 tradeRepositoryCalls=1 tradeRowsLoaded=50 tradeBulkMs=7 settlementRequestedPairs=50 settlementUniquePairs=50 settlementRepositoryCalls=1 settlementRowsLoaded=0 settlementBulkMs=3 businessRuleRepositoryCalls=0 statusTransitionRequests=200 uniqueStatusTransitionKeys=4 statusHttpCalls=4 statusHttpTotalMs=19 evaluationMs=10 prevalidatedCount=50 businessValidCount=50 businessRejectedCount=0 fallbackCount=0 totalMs=44 result=SUCCESS
[30m2026-08-26T02:36:25,636[m [32mINFO  [m[[1;34mhttp-nio-8080-exec-14[m] [36mStatusUpdateBusinessRuleServiceImpl[m - PERF_RULES_BATCH_REDUCTION service=reglas podName=operaciones-reglas-back-app-5894db7bb6-7np7h batchId=07d6f043-f184-4e27-92a3-f43d6e8760b3 legacyFractionationToRulesHttpCallsEstimated=50 fractionationToRulesBatchHttpCalls=1 legacyTradeReadsEstimated=50 tradeRepositoryReadsAfter=1 legacySettlementReadsEstimated=50 settlementRepositoryReadsAfter=1 logicalStatusTransitionRequests=200 uniqueStatusTransitionKeys=4 statusHttpCallsAfter=4 statusHttpReductionPercent=98
[30m2026-08-26T02:36:27,308[m [32mINFO  [m[[1;34mhttp-nio-8080-exec-15[m] [36mStatusUpdateBusinessRuleServiceImpl[m - PERF_RULES_BATCH service=reglas podName=operaciones-reglas-back-app-5894db7bb6-7np7h batchId=9b03dc42-e7de-4895-bc0c-badc0bcdac37 items=50 tradeRequested=50 tradeUnique=50 tradeRepositoryCalls=1 tradeRowsLoaded=50 tradeBulkMs=6 settlementRequestedPairs=50 settlementUniquePairs=50 settlementRepositoryCalls=1 settlementRowsLoaded=0 settlementBulkMs=3 businessRuleRepositoryCalls=0 statusTransitionRequests=200 uniqueStatusTransitionKeys=4 statusHttpCalls=4 statusHttpTotalMs=19 evaluationMs=15 prevalidatedCount=50 businessValidCount=50 businessRejectedCount=0 fallbackCount=0 totalMs=46 result=SUCCESS
[30m2026-08-26T02:36:27,309[m [32mINFO  [m[[1;34mhttp-nio-8080-exec-15[m] [36mStatusUpdateBusinessRuleServiceImpl[m - PERF_RULES_BATCH_REDUCTION service=reglas podName=operaciones-reglas-back-app-5894db7bb6-7np7h batchId=9b03dc42-e7de-4895-bc0c-badc0bcdac37 legacyFractionationToRulesHttpCallsEstimated=50 fractionationToRulesBatchHttpCalls=1 legacyTradeReadsEstimated=50 tradeRepositoryReadsAfter=1 legacySettlementReadsEstimated=50 settlementRepositoryReadsAfter=1 logicalStatusTransitionRequests=200 uniqueStatusTransitionKeys=4 statusHttpCallsAfter=4 statusHttpReductionPercent=98
[30m2026-08-26T02:36:29,176[m [32mINFO  [m[[1;34mhttp-nio-8080-exec-16[m] [36mStatusUpdateBusinessRuleServiceImpl[m - PERF_RULES_BATCH service=reglas podName=operaciones-reglas-back-app-5894db7bb6-7np7h batchId=12c6861b-2805-47e6-8203-901d10b3178a items=50 tradeRequested=50 tradeUnique=50 tradeRepositoryCalls=1 tradeRowsLoaded=50 tradeBulkMs=8 settlementRequestedPairs=50 settlementUniquePairs=50 settlementRepositoryCalls=1 settlementRowsLoaded=0 settlementBulkMs=4 businessRuleRepositoryCalls=0 statusTransitionRequests=200 uniqueStatusTransitionKeys=4 statusHttpCalls=4 statusHttpTotalMs=19 evaluationMs=13 prevalidatedCount=50 businessValidCount=50 businessRejectedCount=0 fallbackCount=0 totalMs=48 result=SUCCESS
[30m2026-08-26T02:36:29,236[m [32mINFO  [m[[1;34mhttp-nio-8080-exec-16[m] [36mStatusUpdateBusinessRuleServiceImpl[m - PERF_RULES_BATCH_REDUCTION service=reglas podName=operaciones-reglas-back-app-5894db7bb6-7np7h batchId=12c6861b-2805-47e6-8203-901d10b3178a legacyFractionationToRulesHttpCallsEstimated=50 fractionationToRulesBatchHttpCalls=1 legacyTradeReadsEstimated=50 tradeRepositoryReadsAfter=1 legacySettlementReadsEstimated=50 settlementRepositoryReadsAfter=1 logicalStatusTransitionRequests=200 uniqueStatusTransitionKeys=4 statusHttpCallsAfter=4 statusHttpReductionPercent=98
[30m2026-08-26T02:36:30,927[m [32mINFO  [m[[1;34mhttp-nio-8080-exec-17[m] [36mStatusUpdateBusinessRuleServiceImpl[m - PERF_RULES_BATCH service=reglas podName=operaciones-reglas-back-app-5894db7bb6-7np7h batchId=96515644-4957-4362-88cd-4f2db0efabc0 items=50 tradeRequested=50 tradeUnique=50 tradeRepositoryCalls=1 tradeRowsLoaded=50 tradeBulkMs=6 settlementRequestedPairs=50 settlementUniquePairs=50 settlementRepositoryCalls=1 settlementRowsLoaded=0 settlementBulkMs=3 businessRuleRepositoryCalls=0 statusTransitionRequests=200 uniqueStatusTransitionKeys=4 statusHttpCalls=4 statusHttpTotalMs=21 evaluationMs=10 prevalidatedCount=50 businessValidCount=50 businessRejectedCount=0 fallbackCount=0 totalMs=43 result=SUCCESS
[30m2026-08-26T02:36:30,928[m [32mINFO  [m[[1;34mhttp-nio-8080-exec-17[m] [36mStatusUpdateBusinessRuleServiceImpl[m - PERF_RULES_BATCH_REDUCTION service=reglas podName=operaciones-reglas-back-app-5894db7bb6-7np7h batchId=96515644-4957-4362-88cd-4f2db0efabc0 legacyFractionationToRulesHttpCallsEstimated=50 fractionationToRulesBatchHttpCalls=1 legacyTradeReadsEstimated=50 tradeRepositoryReadsAfter=1 legacySettlementReadsEstimated=50 settlementRepositoryReadsAfter=1 logicalStatusTransitionRequests=200 uniqueStatusTransitionKeys=4 statusHttpCallsAfter=4 statusHttpReductionPercent=98
[30m2026-08-26T02:36:32,587[m [32mINFO  [m[[1;34mhttp-nio-8080-exec-18[m] [36mStatusUpdateBusinessRuleServiceImpl[m - PERF_RULES_BATCH service=reglas podName=operaciones-reglas-back-app-5894db7bb6-7np7h batchId=b2b4c586-329a-491b-a1af-daae4d96a3f3 items=50 tradeRequested=50 tradeUnique=50 tradeRepositoryCalls=1 tradeRowsLoaded=50 tradeBulkMs=6 settlementRequestedPairs=50 settlementUniquePairs=50 settlementRepositoryCalls=1 settlementRowsLoaded=0 settlementBulkMs=3 businessRuleRepositoryCalls=0 statusTransitionRequests=200 uniqueStatusTransitionKeys=4 statusHttpCalls=4 statusHttpTotalMs=18 evaluationMs=8 prevalidatedCount=50 businessValidCount=50 businessRejectedCount=0 fallbackCount=0 totalMs=37 result=SUCCESS
[30m2026-08-26T02:36:32,588[m [32mINFO  [m[[1;34mhttp-nio-8080-exec-18[m] [36mStatusUpdateBusinessRuleServiceImpl[m - PERF_RULES_BATCH_REDUCTION service=reglas podName=operaciones-reglas-back-app-5894db7bb6-7np7h batchId=b2b4c586-329a-491b-a1af-daae4d96a3f3 legacyFractionationToRulesHttpCallsEstimated=50 fractionationToRulesBatchHttpCalls=1 legacyTradeReadsEstimated=50 tradeRepositoryReadsAfter=1 legacySettlementReadsEstimated=50 settlementRepositoryReadsAfter=1 logicalStatusTransitionRequests=200 uniqueStatusTransitionKeys=4 statusHttpCallsAfter=4 statusHttpReductionPercent=98
[30m2026-08-26T02:36:34,597[m [32mINFO  [m[[1;34mhttp-nio-8080-exec-19[m] [36mStatusUpdateBusinessRuleServiceImpl[m - PERF_RULES_BATCH service=reglas podName=operaciones-reglas-back-app-5894db7bb6-7np7h batchId=c808074d-c856-4b9e-b78b-6d7a3565e3c9 items=50 tradeRequested=50 tradeUnique=50 tradeRepositoryCalls=1 tradeRowsLoaded=50 tradeBulkMs=6 settlementRequestedPairs=50 settlementUniquePairs=50 settlementRepositoryCalls=1 settlementRowsLoaded=0 settlementBulkMs=2 businessRuleRepositoryCalls=0 statusTransitionRequests=200 uniqueStatusTransitionKeys=4 statusHttpCalls=4 statusHttpTotalMs=19 evaluationMs=7 prevalidatedCount=50 businessValidCount=50 businessRejectedCount=0 fallbackCount=0 totalMs=37 result=SUCCESS
[30m2026-08-26T02:36:34,598[m [32mINFO  [m[[1;34mhttp-nio-8080-exec-19[m] [36mStatusUpdateBusinessRuleServiceImpl[m - PERF_RULES_BATCH_REDUCTION service=reglas podName=operaciones-reglas-back-app-5894db7bb6-7np7h batchId=c808074d-c856-4b9e-b78b-6d7a3565e3c9 legacyFractionationToRulesHttpCallsEstimated=50 fractionationToRulesBatchHttpCalls=1 legacyTradeReadsEstimated=50 tradeRepositoryReadsAfter=1 legacySettlementReadsEstimated=50 settlementRepositoryReadsAfter=1 logicalStatusTransitionRequests=200 uniqueStatusTransitionKeys=4 statusHttpCallsAfter=4 statusHttpReductionPercent=98
[30m2026-08-26T02:36:36,333[m [32mINFO  [m[[1;34mhttp-nio-8080-exec-20[m] [36mStatusUpdateBusinessRuleServiceImpl[m - PERF_RULES_BATCH service=reglas podName=operaciones-reglas-back-app-5894db7bb6-7np7h batchId=49c381f2-390d-418f-8757-998ec74cedb5 items=50 tradeRequested=50 tradeUnique=50 tradeRepositoryCalls=1 tradeRowsLoaded=50 tradeBulkMs=6 settlementRequestedPairs=50 settlementUniquePairs=50 settlementRepositoryCalls=1 settlementRowsLoaded=0 settlementBulkMs=3 businessRuleRepositoryCalls=0 statusTransitionRequests=200 uniqueStatusTransitionKeys=4 statusHttpCalls=4 statusHttpTotalMs=20 evaluationMs=18 prevalidatedCount=50 businessValidCount=50 businessRejectedCount=0 fallbackCount=0 totalMs=49 result=SUCCESS
[30m2026-08-26T02:36:36,333[m [32mINFO  [m[[1;34mhttp-nio-8080-exec-20[m] [36mStatusUpdateBusinessRuleServiceImpl[m - PERF_RULES_BATCH_REDUCTION service=reglas podName=operaciones-reglas-back-app-5894db7bb6-7np7h batchId=49c381f2-390d-418f-8757-998ec74cedb5 legacyFractionationToRulesHttpCallsEstimated=50 fractionationToRulesBatchHttpCalls=1 legacyTradeReadsEstimated=50 tradeRepositoryReadsAfter=1 legacySettlementReadsEstimated=50 settlementRepositoryReadsAfter=1 logicalStatusTransitionRequests=200 uniqueStatusTransitionKeys=4 statusHttpCallsAfter=4 statusHttpReductionPercent=98
[30m2026-08-26T02:36:37,974[m [32mINFO  [m[[1;34mhttp-nio-8080-exec-21[m] [36mStatusUpdateBusinessRuleServiceImpl[m - PERF_RULES_BATCH service=reglas podName=operaciones-reglas-back-app-5894db7bb6-7np7h batchId=d3f6b164-7b55-45b7-9c70-fc14a556d5bb items=50 tradeRequested=50 tradeUnique=50 tradeRepositoryCalls=1 tradeRowsLoaded=50 tradeBulkMs=6 settlementRequestedPairs=50 settlementUniquePairs=50 settlementRepositoryCalls=1 settlementRowsLoaded=0 settlementBulkMs=4 businessRuleRepositoryCalls=0 statusTransitionRequests=200 uniqueStatusTransitionKeys=4 statusHttpCalls=4 statusHttpTotalMs=16 evaluationMs=6 prevalidatedCount=50 businessValidCount=50 businessRejectedCount=0 fallbackCount=0 totalMs=34 result=SUCCESS
[30m2026-08-26T02:36:37,975[m [32mINFO  [m[[1;34mhttp-nio-8080-exec-21[m] [36mStatusUpdateBusinessRuleServiceImpl[m - PERF_RULES_BATCH_REDUCTION service=reglas podName=operaciones-reglas-back-app-5894db7bb6-7np7h batchId=d3f6b164-7b55-45b7-9c70-fc14a556d5bb legacyFractionationToRulesHttpCallsEstimated=50 fractionationToRulesBatchHttpCalls=1 legacyTradeReadsEstimated=50 tradeRepositoryReadsAfter=1 legacySettlementReadsEstimated=50 settlementRepositoryReadsAfter=1 logicalStatusTransitionRequests=200 uniqueStatusTransitionKeys=4 statusHttpCallsAfter=4 statusHttpReductionPercent=98
[30m2026-08-26T02:36:39,783[m [32mINFO  [m[[1;34mhttp-nio-8080-exec-22[m] [36mStatusUpdateBusinessRuleServiceImpl[m - PERF_RULES_BATCH service=reglas podName=operaciones-reglas-back-app-5894db7bb6-7np7h batchId=9c3d72d3-2b2e-48d3-a282-bf4c0124c029 items=50 tradeRequested=50 tradeUnique=50 tradeRepositoryCalls=1 tradeRowsLoaded=50 tradeBulkMs=5 settlementRequestedPairs=50 settlementUniquePairs=50 settlementRepositoryCalls=1 settlementRowsLoaded=0 settlementBulkMs=3 businessRuleRepositoryCalls=0 statusTransitionRequests=200 uniqueStatusTransitionKeys=4 statusHttpCalls=4 statusHttpTotalMs=19 evaluationMs=5 prevalidatedCount=50 businessValidCount=50 businessRejectedCount=0 fallbackCount=0 totalMs=34 result=SUCCESS
[30m2026-08-26T02:36:39,783[m [32mINFO  [m[[1;34mhttp-nio-8080-exec-22[m] [36mStatusUpdateBusinessRuleServiceImpl[m - PERF_RULES_BATCH_REDUCTION service=reglas podName=operaciones-reglas-back-app-5894db7bb6-7np7h batchId=9c3d72d3-2b2e-48d3-a282-bf4c0124c029 legacyFractionationToRulesHttpCallsEstimated=50 fractionationToRulesBatchHttpCalls=1 legacyTradeReadsEstimated=50 tradeRepositoryReadsAfter=1 legacySettlementReadsEstimated=50 settlementRepositoryReadsAfter=1 logicalStatusTransitionRequests=200 uniqueStatusTransitionKeys=4 statusHttpCallsAfter=4 statusHttpReductionPercent=98
[30m2026-08-26T02:36:41,418[m [32mINFO  [m[[1;34mhttp-nio-8080-exec-23[m] [36mStatusUpdateBusinessRuleServiceImpl[m - PERF_RULES_BATCH service=reglas podName=operaciones-reglas-back-app-5894db7bb6-7np7h batchId=b58452e3-6e2d-4324-b307-e022286c49ea items=50 tradeRequested=50 tradeUnique=50 tradeRepositoryCalls=1 tradeRowsLoaded=50 tradeBulkMs=6 settlementRequestedPairs=50 settlementUniquePairs=50 settlementRepositoryCalls=1 settlementRowsLoaded=0 settlementBulkMs=3 businessRuleRepositoryCalls=0 statusTransitionRequests=200 uniqueStatusTransitionKeys=4 statusHttpCalls=4 statusHttpTotalMs=18 evaluationMs=5 prevalidatedCount=50 businessValidCount=50 businessRejectedCount=0 fallbackCount=0 totalMs=34 result=SUCCESS
[30m2026-08-26T02:36:41,418[m [32mINFO  [m[[1;34mhttp-nio-8080-exec-23[m] [36mStatusUpdateBusinessRuleServiceImpl[m - PERF_RULES_BATCH_REDUCTION service=reglas podName=operaciones-reglas-back-app-5894db7bb6-7np7h batchId=b58452e3-6e2d-4324-b307-e022286c49ea legacyFractionationToRulesHttpCallsEstimated=50 fractionationToRulesBatchHttpCalls=1 legacyTradeReadsEstimated=50 tradeRepositoryReadsAfter=1 legacySettlementReadsEstimated=50 settlementRepositoryReadsAfter=1 logicalStatusTransitionRequests=200 uniqueStatusTransitionKeys=4 statusHttpCallsAfter=4 statusHttpReductionPercent=98
[30m2026-08-26T02:36:42,977[m [32mINFO  [m[[1;34mhttp-nio-8080-exec-24[m] [36mStatusUpdateBusinessRuleServiceImpl[m - PERF_RULES_BATCH service=reglas podName=operaciones-reglas-back-app-5894db7bb6-7np7h batchId=1ebde257-9bcc-4e51-ad8d-ca0ede56dae9 items=50 tradeRequested=50 tradeUnique=50 tradeRepositoryCalls=1 tradeRowsLoaded=50 tradeBulkMs=5 settlementRequestedPairs=50 settlementUniquePairs=50 settlementRepositoryCalls=1 settlementRowsLoaded=0 settlementBulkMs=3 businessRuleRepositoryCalls=0 statusTransitionRequests=200 uniqueStatusTransitionKeys=4 statusHttpCalls=4 statusHttpTotalMs=17 evaluationMs=4 prevalidatedCount=50 businessValidCount=50 businessRejectedCount=0 fallbackCount=0 totalMs=31 result=SUCCESS
[30m2026-08-26T02:36:42,978[m [32mINFO  [m[[1;34mhttp-nio-8080-exec-24[m] [36mStatusUpdateBusinessRuleServiceImpl[m - PERF_RULES_BATCH_REDUCTION service=reglas podName=operaciones-reglas-back-app-5894db7bb6-7np7h batchId=1ebde257-9bcc-4e51-ad8d-ca0ede56dae9 legacyFractionationToRulesHttpCallsEstimated=50 fractionationToRulesBatchHttpCalls=1 legacyTradeReadsEstimated=50 tradeRepositoryReadsAfter=1 legacySettlementReadsEstimated=50 settlementRepositoryReadsAfter=1 logicalStatusTransitionRequests=200 uniqueStatusTransitionKeys=4 statusHttpCallsAfter=4 statusHttpReductionPercent=98
[30m2026-08-26T02:36:44,539[m [32mINFO  [m[[1;34mhttp-nio-8080-exec-25[m] [36mStatusUpdateBusinessRuleServiceImpl[m - PERF_RULES_BATCH service=reglas podName=operaciones-reglas-back-app-5894db7bb6-7np7h batchId=1bcbe022-071d-4cf4-81de-0c930128be8f items=50 tradeRequested=50 tradeUnique=50 tradeRepositoryCalls=1 tradeRowsLoaded=50 tradeBulkMs=5 settlementRequestedPairs=50 settlementUniquePairs=50 settlementRepositoryCalls=1 settlementRowsLoaded=0 settlementBulkMs=3 businessRuleRepositoryCalls=0 statusTransitionRequests=200 uniqueStatusTransitionKeys=4 statusHttpCalls=4 statusHttpTotalMs=19 evaluationMs=4 prevalidatedCount=50 businessValidCount=50 businessRejectedCount=0 fallbackCount=0 totalMs=34 result=SUCCESS
[30m2026-08-26T02:36:44,540[m [32mINFO  [m[[1;34mhttp-nio-8080-exec-25[m] [36mStatusUpdateBusinessRuleServiceImpl[m - PERF_RULES_BATCH_REDUCTION service=reglas podName=operaciones-reglas-back-app-5894db7bb6-7np7h batchId=1bcbe022-071d-4cf4-81de-0c930128be8f legacyFractionationToRulesHttpCallsEstimated=50 fractionationToRulesBatchHttpCalls=1 legacyTradeReadsEstimated=50 tradeRepositoryReadsAfter=1 legacySettlementReadsEstimated=50 settlementRepositoryReadsAfter=1 logicalStatusTransitionRequests=200 uniqueStatusTransitionKeys=4 statusHttpCallsAfter=4 statusHttpReductionPercent=98
[30m2026-08-26T02:36:46,034[m [32mINFO  [m[[1;34mhttp-nio-8080-exec-26[m] [36mStatusUpdateBusinessRuleServiceImpl[m - PERF_RULES_BATCH service=reglas podName=operaciones-reglas-back-app-5894db7bb6-7np7h batchId=b945b198-b887-4995-8d77-27a116fa336b items=50 tradeRequested=50 tradeUnique=50 tradeRepositoryCalls=1 tradeRowsLoaded=50 tradeBulkMs=5 settlementRequestedPairs=50 settlementUniquePairs=50 settlementRepositoryCalls=1 settlementRowsLoaded=0 settlementBulkMs=3 businessRuleRepositoryCalls=0 statusTransitionRequests=200 uniqueStatusTransitionKeys=4 statusHttpCalls=4 statusHttpTotalMs=19 evaluationMs=4 prevalidatedCount=50 businessValidCount=50 businessRejectedCount=0 fallbackCount=0 totalMs=33 result=SUCCESS
[30m2026-08-26T02:36:46,035[m [32mINFO  [m[[1;34mhttp-nio-8080-exec-26[m] [36mStatusUpdateBusinessRuleServiceImpl[m - PERF_RULES_BATCH_REDUCTION service=reglas podName=operaciones-reglas-back-app-5894db7bb6-7np7h batchId=b945b198-b887-4995-8d77-27a116fa336b legacyFractionationToRulesHttpCallsEstimated=50 fractionationToRulesBatchHttpCalls=1 legacyTradeReadsEstimated=50 tradeRepositoryReadsAfter=1 legacySettlementReadsEstimated=50 settlementRepositoryReadsAfter=1 logicalStatusTransitionRequests=200 uniqueStatusTransitionKeys=4 statusHttpCallsAfter=4 statusHttpReductionPercent=98
[30m2026-08-26T02:36:47,486[m [32mINFO  [m[[1;34mhttp-nio-8080-exec-27[m] [36mStatusUpdateBusinessRuleServiceImpl[m - PERF_RULES_BATCH service=reglas podName=operaciones-reglas-back-app-5894db7bb6-7np7h batchId=aa9698cd-1c42-4956-8deb-9ee40d175526 items=50 tradeRequested=50 tradeUnique=50 tradeRepositoryCalls=1 tradeRowsLoaded=50 tradeBulkMs=5 settlementRequestedPairs=50 settlementUniquePairs=50 settlementRepositoryCalls=1 settlementRowsLoaded=0 settlementBulkMs=3 businessRuleRepositoryCalls=0 statusTransitionRequests=200 uniqueStatusTransitionKeys=4 statusHttpCalls=4 statusHttpTotalMs=20 evaluationMs=5 prevalidatedCount=50 businessValidCount=50 businessRejectedCount=0 fallbackCount=0 totalMs=35 result=SUCCESS
[30m2026-08-26T02:36:47,486[m [32mINFO  [m[[1;34mhttp-nio-8080-exec-27[m] [36mStatusUpdateBusinessRuleServiceImpl[m - PERF_RULES_BATCH_REDUCTION service=reglas podName=operaciones-reglas-back-app-5894db7bb6-7np7h batchId=aa9698cd-1c42-4956-8deb-9ee40d175526 legacyFractionationToRulesHttpCallsEstimated=50 fractionationToRulesBatchHttpCalls=1 legacyTradeReadsEstimated=50 tradeRepositoryReadsAfter=1 legacySettlementReadsEstimated=50 settlementRepositoryReadsAfter=1 logicalStatusTransitionRequests=200 uniqueStatusTransitionKeys=4 statusHttpCallsAfter=4 statusHttpReductionPercent=98
[30m2026-08-26T02:36:49,041[m [32mINFO  [m[[1;34mhttp-nio-8080-exec-28[m] [36mStatusUpdateBusinessRuleServiceImpl[m - PERF_RULES_BATCH service=reglas podName=operaciones-reglas-back-app-5894db7bb6-7np7h batchId=a5ad1db3-e102-4178-8715-b92680f5690b items=50 tradeRequested=50 tradeUnique=50 tradeRepositoryCalls=1 tradeRowsLoaded=50 tradeBulkMs=5 settlementRequestedPairs=50 settlementUniquePairs=50 settlementRepositoryCalls=1 settlementRowsLoaded=0 settlementBulkMs=3 businessRuleRepositoryCalls=0 statusTransitionRequests=200 uniqueStatusTransitionKeys=4 statusHttpCalls=4 statusHttpTotalMs=17 evaluationMs=4 prevalidatedCount=50 businessValidCount=50 businessRejectedCount=0 fallbackCount=0 totalMs=31 result=SUCCESS
[30m2026-08-26T02:36:49,041[m [32mINFO  [m[[1;34mhttp-nio-8080-exec-28[m] [36mStatusUpdateBusinessRuleServiceImpl[m - PERF_RULES_BATCH_REDUCTION service=reglas podName=operaciones-reglas-back-app-5894db7bb6-7np7h batchId=a5ad1db3-e102-4178-8715-b92680f5690b legacyFractionationToRulesHttpCallsEstimated=50 fractionationToRulesBatchHttpCalls=1 legacyTradeReadsEstimated=50 tradeRepositoryReadsAfter=1 legacySettlementReadsEstimated=50 settlementRepositoryReadsAfter=1 logicalStatusTransitionRequests=200 uniqueStatusTransitionKeys=4 statusHttpCallsAfter=4 statusHttpReductionPercent=98
[30m2026-08-26T02:36:50,528[m [32mINFO  [m[[1;34mhttp-nio-8080-exec-29[m] [36mStatusUpdateBusinessRuleServiceImpl[m - PERF_RULES_BATCH service=reglas podName=operaciones-reglas-back-app-5894db7bb6-7np7h batchId=6b9472b2-d970-4154-ae6d-dc3690dbe7c4 items=50 tradeRequested=50 tradeUnique=50 tradeRepositoryCalls=1 tradeRowsLoaded=50 tradeBulkMs=5 settlementRequestedPairs=50 settlementUniquePairs=50 settlementRepositoryCalls=1 settlementRowsLoaded=0 settlementBulkMs=3 businessRuleRepositoryCalls=0 statusTransitionRequests=200 uniqueStatusTransitionKeys=4 statusHttpCalls=4 statusHttpTotalMs=19 evaluationMs=4 prevalidatedCount=50 businessValidCount=50 businessRejectedCount=0 fallbackCount=0 totalMs=34 result=SUCCESS
[30m2026-08-26T02:36:50,529[m [32mINFO  [m[[1;34mhttp-nio-8080-exec-29[m] [36mStatusUpdateBusinessRuleServiceImpl[m - PERF_RULES_BATCH_REDUCTION service=reglas podName=operaciones-reglas-back-app-5894db7bb6-7np7h batchId=6b9472b2-d970-4154-ae6d-dc3690dbe7c4 legacyFractionationToRulesHttpCallsEstimated=50 fractionationToRulesBatchHttpCalls=1 legacyTradeReadsEstimated=50 tradeRepositoryReadsAfter=1 legacySettlementReadsEstimated=50 settlementRepositoryReadsAfter=1 logicalStatusTransitionRequests=200 uniqueStatusTransitionKeys=4 statusHttpCallsAfter=4 statusHttpReductionPercent=98
[30m2026-08-26T02:36:52,072[m [32mINFO  [m[[1;34mhttp-nio-8080-exec-30[m] [36mStatusUpdateBusinessRuleServiceImpl[m - PERF_RULES_BATCH service=reglas podName=operaciones-reglas-back-app-5894db7bb6-7np7h batchId=5a5b0239-51e8-44bd-8f34-ed0876f80f81 items=50 tradeRequested=50 tradeUnique=50 tradeRepositoryCalls=1 tradeRowsLoaded=50 tradeBulkMs=5 settlementRequestedPairs=50 settlementUniquePairs=50 settlementRepositoryCalls=1 settlementRowsLoaded=0 settlementBulkMs=3 businessRuleRepositoryCalls=0 statusTransitionRequests=200 uniqueStatusTransitionKeys=4 statusHttpCalls=4 statusHttpTotalMs=36 evaluationMs=7 prevalidatedCount=50 businessValidCount=50 businessRejectedCount=0 fallbackCount=0 totalMs=53 result=SUCCESS
[30m2026-08-26T02:36:52,073[m [32mINFO  [m[[1;34mhttp-nio-8080-exec-30[m] [36mStatusUpdateBusinessRuleServiceImpl[m - PERF_RULES_BATCH_REDUCTION service=reglas podName=operaciones-reglas-back-app-5894db7bb6-7np7h batchId=5a5b0239-51e8-44bd-8f34-ed0876f80f81 legacyFractionationToRulesHttpCallsEstimated=50 fractionationToRulesBatchHttpCalls=1 legacyTradeReadsEstimated=50 tradeRepositoryReadsAfter=1 legacySettlementReadsEstimated=50 settlementRepositoryReadsAfter=1 logicalStatusTransitionRequests=200 uniqueStatusTransitionKeys=4 statusHttpCallsAfter=4 statusHttpReductionPercent=98
[30m2026-08-26T02:36:53,538[m [32mINFO  [m[[1;34mhttp-nio-8080-exec-34[m] [36mStatusUpdateBusinessRuleServiceImpl[m - PERF_RULES_BATCH service=reglas podName=operaciones-reglas-back-app-5894db7bb6-7np7h batchId=5190b21f-5f05-4299-aae2-ae456a0c08a4 items=50 tradeRequested=50 tradeUnique=50 tradeRepositoryCalls=1 tradeRowsLoaded=50 tradeBulkMs=5 settlementRequestedPairs=50 settlementUniquePairs=50 settlementRepositoryCalls=1 settlementRowsLoaded=0 settlementBulkMs=3 businessRuleRepositoryCalls=0 statusTransitionRequests=200 uniqueStatusTransitionKeys=4 statusHttpCalls=4 statusHttpTotalMs=20 evaluationMs=44 prevalidatedCount=50 businessValidCount=50 businessRejectedCount=0 fallbackCount=0 totalMs=74 result=SUCCESS
[30m2026-08-26T02:36:53,539[m [32mINFO  [m[[1;34mhttp-nio-8080-exec-34[m] [36mStatusUpdateBusinessRuleServiceImpl[m - PERF_RULES_BATCH_REDUCTION service=reglas podName=operaciones-reglas-back-app-5894db7bb6-7np7h batchId=5190b21f-5f05-4299-aae2-ae456a0c08a4 legacyFractionationToRulesHttpCallsEstimated=50 fractionationToRulesBatchHttpCalls=1 legacyTradeReadsEstimated=50 tradeRepositoryReadsAfter=1 legacySettlementReadsEstimated=50 settlementRepositoryReadsAfter=1 logicalStatusTransitionRequests=200 uniqueStatusTransitionKeys=4 statusHttpCallsAfter=4 statusHttpReductionPercent=98
[30m2026-08-26T02:36:55,074[m [32mINFO  [m[[1;34mhttp-nio-8080-exec-35[m] [36mStatusUpdateBusinessRuleServiceImpl[m - PERF_RULES_BATCH service=reglas podName=operaciones-reglas-back-app-5894db7bb6-7np7h batchId=87c42857-78ce-4c0b-b3d9-8c336f822046 items=50 tradeRequested=50 tradeUnique=50 tradeRepositoryCalls=1 tradeRowsLoaded=50 tradeBulkMs=5 settlementRequestedPairs=50 settlementUniquePairs=50 settlementRepositoryCalls=1 settlementRowsLoaded=0 settlementBulkMs=3 businessRuleRepositoryCalls=0 statusTransitionRequests=200 uniqueStatusTransitionKeys=4 statusHttpCalls=4 statusHttpTotalMs=18 evaluationMs=7 prevalidatedCount=50 businessValidCount=50 businessRejectedCount=0 fallbackCount=0 totalMs=37 result=SUCCESS
[30m2026-08-26T02:36:55,075[m [32mINFO  [m[[1;34mhttp-nio-8080-exec-35[m] [36mStatusUpdateBusinessRuleServiceImpl[m - PERF_RULES_BATCH_REDUCTION service=reglas podName=operaciones-reglas-back-app-5894db7bb6-7np7h batchId=87c42857-78ce-4c0b-b3d9-8c336f822046 legacyFractionationToRulesHttpCallsEstimated=50 fractionationToRulesBatchHttpCalls=1 legacyTradeReadsEstimated=50 tradeRepositoryReadsAfter=1 legacySettlementReadsEstimated=50 settlementRepositoryReadsAfter=1 logicalStatusTransitionRequests=200 uniqueStatusTransitionKeys=4 statusHttpCallsAfter=4 statusHttpReductionPercent=98
[30m2026-08-26T02:36:56,494[m [32mINFO  [m[[1;34mhttp-nio-8080-exec-36[m] [36mStatusUpdateBusinessRuleServiceImpl[m - PERF_RULES_BATCH service=reglas podName=operaciones-reglas-back-app-5894db7bb6-7np7h batchId=1896a2a8-784b-4e28-8cda-9725ac5f7339 items=50 tradeRequested=50 tradeUnique=50 tradeRepositoryCalls=1 tradeRowsLoaded=50 tradeBulkMs=5 settlementRequestedPairs=50 settlementUniquePairs=50 settlementRepositoryCalls=1 settlementRowsLoaded=0 settlementBulkMs=3 businessRuleRepositoryCalls=0 statusTransitionRequests=200 uniqueStatusTransitionKeys=4 statusHttpCalls=4 statusHttpTotalMs=18 evaluationMs=12 prevalidatedCount=50 businessValidCount=50 businessRejectedCount=0 fallbackCount=0 totalMs=40 result=SUCCESS
[30m2026-08-26T02:36:56,494[m [32mINFO  [m[[1;34mhttp-nio-8080-exec-36[m] [36mStatusUpdateBusinessRuleServiceImpl[m - PERF_RULES_BATCH_REDUCTION service=reglas podName=operaciones-reglas-back-app-5894db7bb6-7np7h batchId=1896a2a8-784b-4e28-8cda-9725ac5f7339 legacyFractionationToRulesHttpCallsEstimated=50 fractionationToRulesBatchHttpCalls=1 legacyTradeReadsEstimated=50 tradeRepositoryReadsAfter=1 legacySettlementReadsEstimated=50 settlementRepositoryReadsAfter=1 logicalStatusTransitionRequests=200 uniqueStatusTransitionKeys=4 statusHttpCallsAfter=4 statusHttpReductionPercent=98
[30m2026-08-26T02:36:58,142[m [32mINFO  [m[[1;34mhttp-nio-8080-exec-43[m] [36mStatusUpdateBusinessRuleServiceImpl[m - PERF_RULES_BATCH service=reglas podName=operaciones-reglas-back-app-5894db7bb6-7np7h batchId=0afca472-3f5e-431b-b101-e27b81200a7e items=50 tradeRequested=50 tradeUnique=50 tradeRepositoryCalls=1 tradeRowsLoaded=50 tradeBulkMs=4 settlementRequestedPairs=50 settlementUniquePairs=50 settlementRepositoryCalls=1 settlementRowsLoaded=0 settlementBulkMs=2 businessRuleRepositoryCalls=0 statusTransitionRequests=200 uniqueStatusTransitionKeys=4 statusHttpCalls=4 statusHttpTotalMs=18 evaluationMs=4 prevalidatedCount=50 businessValidCount=50 businessRejectedCount=0 fallbackCount=0 totalMs=32 result=SUCCESS
[30m2026-08-26T02:36:58,142[m [32mINFO  [m[[1;34mhttp-nio-8080-exec-43[m] [36mStatusUpdateBusinessRuleServiceImpl[m - PERF_RULES_BATCH_REDUCTION service=reglas podName=operaciones-reglas-back-app-5894db7bb6-7np7h batchId=0afca472-3f5e-431b-b101-e27b81200a7e legacyFractionationToRulesHttpCallsEstimated=50 fractionationToRulesBatchHttpCalls=1 legacyTradeReadsEstimated=50 tradeRepositoryReadsAfter=1 legacySettlementReadsEstimated=50 settlementRepositoryReadsAfter=1 logicalStatusTransitionRequests=200 uniqueStatusTransitionKeys=4 statusHttpCallsAfter=4 statusHttpReductionPercent=98
[30m2026-08-26T02:36:59,630[m [32mINFO  [m[[1;34mhttp-nio-8080-exec-42[m] [36mStatusUpdateBusinessRuleServiceImpl[m - PERF_RULES_BATCH service=reglas podName=operaciones-reglas-back-app-5894db7bb6-7np7h batchId=aac41e73-53ff-4a72-b93e-147d9bfa83e3 items=50 tradeRequested=50 tradeUnique=50 tradeRepositoryCalls=1 tradeRowsLoaded=50 tradeBulkMs=5 settlementRequestedPairs=50 settlementUniquePairs=50 settlementRepositoryCalls=1 settlementRowsLoaded=0 settlementBulkMs=3 businessRuleRepositoryCalls=0 statusTransitionRequests=200 uniqueStatusTransitionKeys=4 statusHttpCalls=4 statusHttpTotalMs=21 evaluationMs=4 prevalidatedCount=50 businessValidCount=50 businessRejectedCount=0 fallbackCount=0 totalMs=36 result=SUCCESS
[30m2026-08-26T02:36:59,630[m [32mINFO  [m[[1;34mhttp-nio-8080-exec-42[m] [36mStatusUpdateBusinessRuleServiceImpl[m - PERF_RULES_BATCH_REDUCTION service=reglas podName=operaciones-reglas-back-app-5894db7bb6-7np7h batchId=aac41e73-53ff-4a72-b93e-147d9bfa83e3 legacyFractionationToRulesHttpCallsEstimated=50 fractionationToRulesBatchHttpCalls=1 legacyTradeReadsEstimated=50 tradeRepositoryReadsAfter=1 legacySettlementReadsEstimated=50 settlementRepositoryReadsAfter=1 logicalStatusTransitionRequests=200 uniqueStatusTransitionKeys=4 statusHttpCallsAfter=4 statusHttpReductionPercent=98
[30m2026-08-26T02:37:01,189[m [32mINFO  [m[[1;34mhttp-nio-8080-exec-45[m] [36mStatusUpdateBusinessRuleServiceImpl[m - PERF_RULES_BATCH service=reglas podName=operaciones-reglas-back-app-5894db7bb6-7np7h batchId=a3151279-f1bb-424b-a334-53a2fba319c1 items=50 tradeRequested=50 tradeUnique=50 tradeRepositoryCalls=1 tradeRowsLoaded=50 tradeBulkMs=5 settlementRequestedPairs=50 settlementUniquePairs=50 settlementRepositoryCalls=1 settlementRowsLoaded=0 settlementBulkMs=4 businessRuleRepositoryCalls=0 statusTransitionRequests=200 uniqueStatusTransitionKeys=4 statusHttpCalls=4 statusHttpTotalMs=25 evaluationMs=5 prevalidatedCount=50 businessValidCount=50 businessRejectedCount=0 fallbackCount=0 totalMs=41 result=SUCCESS
[30m2026-08-26T02:37:01,190[m [32mINFO  [m[[1;34mhttp-nio-8080-exec-45[m] [36mStatusUpdateBusinessRuleServiceImpl[m - PERF_RULES_BATCH_REDUCTION service=reglas podName=operaciones-reglas-back-app-5894db7bb6-7np7h batchId=a3151279-f1bb-424b-a334-53a2fba319c1 legacyFractionationToRulesHttpCallsEstimated=50 fractionationToRulesBatchHttpCalls=1 legacyTradeReadsEstimated=50 tradeRepositoryReadsAfter=1 legacySettlementReadsEstimated=50 settlementRepositoryReadsAfter=1 logicalStatusTransitionRequests=200 uniqueStatusTransitionKeys=4 statusHttpCallsAfter=4 statusHttpReductionPercent=98
[30m2026-08-26T02:37:02,901[m [32mINFO  [m[[1;34mhttp-nio-8080-exec-44[m] [36mStatusUpdateBusinessRuleServiceImpl[m - PERF_RULES_BATCH service=reglas podName=operaciones-reglas-back-app-5894db7bb6-7np7h batchId=c8e1de2b-50da-4bb7-8972-3a4ba436da58 items=50 tradeRequested=50 tradeUnique=50 tradeRepositoryCalls=1 tradeRowsLoaded=50 tradeBulkMs=5 settlementRequestedPairs=50 settlementUniquePairs=50 settlementRepositoryCalls=1 settlementRowsLoaded=0 settlementBulkMs=3 businessRuleRepositoryCalls=0 statusTransitionRequests=200 uniqueStatusTransitionKeys=4 statusHttpCalls=4 statusHttpTotalMs=19 evaluationMs=4 prevalidatedCount=50 businessValidCount=50 businessRejectedCount=0 fallbackCount=0 totalMs=32 result=SUCCESS
[30m2026-08-26T02:37:02,901[m [32mINFO  [m[[1;34mhttp-nio-8080-exec-44[m] [36mStatusUpdateBusinessRuleServiceImpl[m - PERF_RULES_BATCH_REDUCTION service=reglas podName=operaciones-reglas-back-app-5894db7bb6-7np7h batchId=c8e1de2b-50da-4bb7-8972-3a4ba436da58 legacyFractionationToRulesHttpCallsEstimated=50 fractionationToRulesBatchHttpCalls=1 legacyTradeReadsEstimated=50 tradeRepositoryReadsAfter=1 legacySettlementReadsEstimated=50 settlementRepositoryReadsAfter=1 logicalStatusTransitionRequests=200 uniqueStatusTransitionKeys=4 statusHttpCallsAfter=4 statusHttpReductionPercent=98
[30m2026-08-26T02:37:04,444[m [32mINFO  [m[[1;34mhttp-nio-8080-exec-46[m] [36mStatusUpdateBusinessRuleServiceImpl[m - PERF_RULES_BATCH service=reglas podName=operaciones-reglas-back-app-5894db7bb6-7np7h batchId=d6f9b423-91bb-41b4-8630-985b69b7d95c items=50 tradeRequested=50 tradeUnique=50 tradeRepositoryCalls=1 tradeRowsLoaded=50 tradeBulkMs=5 settlementRequestedPairs=50 settlementUniquePairs=50 settlementRepositoryCalls=1 settlementRowsLoaded=0 settlementBulkMs=3 businessRuleRepositoryCalls=0 statusTransitionRequests=200 uniqueStatusTransitionKeys=4 statusHttpCalls=4 statusHttpTotalMs=18 evaluationMs=4 prevalidatedCount=50 businessValidCount=50 businessRejectedCount=0 fallbackCount=0 totalMs=31 result=SUCCESS
[30m2026-08-26T02:37:04,444[m [32mINFO  [m[[1;34mhttp-nio-8080-exec-46[m] [36mStatusUpdateBusinessRuleServiceImpl[m - PERF_RULES_BATCH_REDUCTION service=reglas podName=operaciones-reglas-back-app-5894db7bb6-7np7h batchId=d6f9b423-91bb-41b4-8630-985b69b7d95c legacyFractionationToRulesHttpCallsEstimated=50 fractionationToRulesBatchHttpCalls=1 legacyTradeReadsEstimated=50 tradeRepositoryReadsAfter=1 legacySettlementReadsEstimated=50 settlementRepositoryReadsAfter=1 logicalStatusTransitionRequests=200 uniqueStatusTransitionKeys=4 statusHttpCallsAfter=4 statusHttpReductionPercent=98
[30m2026-08-26T02:37:05,877[m [32mINFO  [m[[1;34mhttp-nio-8080-exec-33[m] [36mStatusUpdateBusinessRuleServiceImpl[m - PERF_RULES_BATCH service=reglas podName=operaciones-reglas-back-app-5894db7bb6-7np7h batchId=956b7373-cb6a-4b0f-b16a-37659ab0e555 items=50 tradeRequested=50 tradeUnique=50 tradeRepositoryCalls=1 tradeRowsLoaded=50 tradeBulkMs=5 settlementRequestedPairs=50 settlementUniquePairs=50 settlementRepositoryCalls=1 settlementRowsLoaded=0 settlementBulkMs=3 businessRuleRepositoryCalls=0 statusTransitionRequests=200 uniqueStatusTransitionKeys=4 statusHttpCalls=4 statusHttpTotalMs=17 evaluationMs=3 prevalidatedCount=50 businessValidCount=50 businessRejectedCount=0 fallbackCount=0 totalMs=29 result=SUCCESS
[30m2026-08-26T02:37:05,877[m [32mINFO  [m[[1;34mhttp-nio-8080-exec-33[m] [36mStatusUpdateBusinessRuleServiceImpl[m - PERF_RULES_BATCH_REDUCTION service=reglas podName=operaciones-reglas-back-app-5894db7bb6-7np7h batchId=956b7373-cb6a-4b0f-b16a-37659ab0e555 legacyFractionationToRulesHttpCallsEstimated=50 fractionationToRulesBatchHttpCalls=1 legacyTradeReadsEstimated=50 tradeRepositoryReadsAfter=1 legacySettlementReadsEstimated=50 settlementRepositoryReadsAfter=1 logicalStatusTransitionRequests=200 uniqueStatusTransitionKeys=4 statusHttpCallsAfter=4 statusHttpReductionPercent=98
[30m2026-08-26T02:37:07,328[m [32mINFO  [m[[1;34mhttp-nio-8080-exec-37[m] [36mStatusUpdateBusinessRuleServiceImpl[m - PERF_RULES_BATCH service=reglas podName=operaciones-reglas-back-app-5894db7bb6-7np7h batchId=978e6356-069d-4b96-ad69-5eaa5a589962 items=50 tradeRequested=50 tradeUnique=50 tradeRepositoryCalls=1 tradeRowsLoaded=50 tradeBulkMs=5 settlementRequestedPairs=50 settlementUniquePairs=50 settlementRepositoryCalls=1 settlementRowsLoaded=0 settlementBulkMs=3 businessRuleRepositoryCalls=0 statusTransitionRequests=200 uniqueStatusTransitionKeys=4 statusHttpCalls=4 statusHttpTotalMs=19 evaluationMs=5 prevalidatedCount=50 businessValidCount=50 businessRejectedCount=0 fallbackCount=0 totalMs=35 result=SUCCESS
[30m2026-08-26T02:37:07,329[m [32mINFO  [m[[1;34mhttp-nio-8080-exec-37[m] [36mStatusUpdateBusinessRuleServiceImpl[m - PERF_RULES_BATCH_REDUCTION service=reglas podName=operaciones-reglas-back-app-5894db7bb6-7np7h batchId=978e6356-069d-4b96-ad69-5eaa5a589962 legacyFractionationToRulesHttpCallsEstimated=50 fractionationToRulesBatchHttpCalls=1 legacyTradeReadsEstimated=50 tradeRepositoryReadsAfter=1 legacySettlementReadsEstimated=50 settlementRepositoryReadsAfter=1 logicalStatusTransitionRequests=200 uniqueStatusTransitionKeys=4 statusHttpCallsAfter=4 statusHttpReductionPercent=98
[30m2026-08-26T02:37:08,874[m [32mINFO  [m[[1;34mhttp-nio-8080-exec-38[m] [36mStatusUpdateBusinessRuleServiceImpl[m - PERF_RULES_BATCH service=reglas podName=operaciones-reglas-back-app-5894db7bb6-7np7h batchId=d482da7a-70c6-4ed6-9481-6be50962b0d4 items=50 tradeRequested=50 tradeUnique=50 tradeRepositoryCalls=1 tradeRowsLoaded=50 tradeBulkMs=4 settlementRequestedPairs=50 settlementUniquePairs=50 settlementRepositoryCalls=1 settlementRowsLoaded=0 settlementBulkMs=2 businessRuleRepositoryCalls=0 statusTransitionRequests=200 uniqueStatusTransitionKeys=4 statusHttpCalls=4 statusHttpTotalMs=19 evaluationMs=3 prevalidatedCount=50 businessValidCount=50 businessRejectedCount=0 fallbackCount=0 totalMs=31 result=SUCCESS
[30m2026-08-26T02:37:08,875[m [32mINFO  [m[[1;34mhttp-nio-8080-exec-38[m] [36mStatusUpdateBusinessRuleServiceImpl[m - PERF_RULES_BATCH_REDUCTION service=reglas podName=operaciones-reglas-back-app-5894db7bb6-7np7h batchId=d482da7a-70c6-4ed6-9481-6be50962b0d4 legacyFractionationToRulesHttpCallsEstimated=50 fractionationToRulesBatchHttpCalls=1 legacyTradeReadsEstimated=50 tradeRepositoryReadsAfter=1 legacySettlementReadsEstimated=50 settlementRepositoryReadsAfter=1 logicalStatusTransitionRequests=200 uniqueStatusTransitionKeys=4 statusHttpCallsAfter=4 statusHttpReductionPercent=98
[30m2026-08-26T02:37:10,366[m [32mINFO  [m[[1;34mhttp-nio-8080-exec-39[m] [36mStatusUpdateBusinessRuleServiceImpl[m - PERF_RULES_BATCH service=reglas podName=operaciones-reglas-back-app-5894db7bb6-7np7h batchId=eb92c7e9-7054-423c-9bb0-7e35ebe8e990 items=50 tradeRequested=50 tradeUnique=50 tradeRepositoryCalls=1 tradeRowsLoaded=50 tradeBulkMs=5 settlementRequestedPairs=50 settlementUniquePairs=50 settlementRepositoryCalls=1 settlementRowsLoaded=0 settlementBulkMs=3 businessRuleRepositoryCalls=0 statusTransitionRequests=200 uniqueStatusTransitionKeys=4 statusHttpCalls=4 statusHttpTotalMs=20 evaluationMs=3 prevalidatedCount=50 businessValidCount=50 businessRejectedCount=0 fallbackCount=0 totalMs=33 result=SUCCESS
[30m2026-08-26T02:37:10,366[m [32mINFO  [m[[1;34mhttp-nio-8080-exec-39[m] [36mStatusUpdateBusinessRuleServiceImpl[m - PERF_RULES_BATCH_REDUCTION service=reglas podName=operaciones-reglas-back-app-5894db7bb6-7np7h batchId=eb92c7e9-7054-423c-9bb0-7e35ebe8e990 legacyFractionationToRulesHttpCallsEstimated=50 fractionationToRulesBatchHttpCalls=1 legacyTradeReadsEstimated=50 tradeRepositoryReadsAfter=1 legacySettlementReadsEstimated=50 settlementRepositoryReadsAfter=1 logicalStatusTransitionRequests=200 uniqueStatusTransitionKeys=4 statusHttpCallsAfter=4 statusHttpReductionPercent=98
[30m2026-08-26T02:37:11,955[m [32mINFO  [m[[1;34mhttp-nio-8080-exec-40[m] [36mStatusUpdateBusinessRuleServiceImpl[m - PERF_RULES_BATCH service=reglas podName=operaciones-reglas-back-app-5894db7bb6-7np7h batchId=f7e797a0-ca56-46d3-824f-be81c2a7342a items=50 tradeRequested=50 tradeUnique=50 tradeRepositoryCalls=1 tradeRowsLoaded=50 tradeBulkMs=5 settlementRequestedPairs=50 settlementUniquePairs=50 settlementRepositoryCalls=1 settlementRowsLoaded=0 settlementBulkMs=3 businessRuleRepositoryCalls=0 statusTransitionRequests=200 uniqueStatusTransitionKeys=4 statusHttpCalls=4 statusHttpTotalMs=19 evaluationMs=6 prevalidatedCount=50 businessValidCount=50 businessRejectedCount=0 fallbackCount=0 totalMs=35 result=SUCCESS
[30m2026-08-26T02:37:11,955[m [32mINFO  [m[[1;34mhttp-nio-8080-exec-40[m] [36mStatusUpdateBusinessRuleServiceImpl[m - PERF_RULES_BATCH_REDUCTION service=reglas podName=operaciones-reglas-back-app-5894db7bb6-7np7h batchId=f7e797a0-ca56-46d3-824f-be81c2a7342a legacyFractionationToRulesHttpCallsEstimated=50 fractionationToRulesBatchHttpCalls=1 legacyTradeReadsEstimated=50 tradeRepositoryReadsAfter=1 legacySettlementReadsEstimated=50 settlementRepositoryReadsAfter=1 logicalStatusTransitionRequests=200 uniqueStatusTransitionKeys=4 statusHttpCallsAfter=4 statusHttpReductionPercent=98
[30m2026-08-26T02:37:13,288[m [32mINFO  [m[[1;34mhttp-nio-8080-exec-41[m] [36mStatusUpdateBusinessRuleServiceImpl[m - PERF_RULES_BATCH service=reglas podName=operaciones-reglas-back-app-5894db7bb6-7np7h batchId=a64ab057-62a1-4de9-8a5d-a2566b48ac6d items=50 tradeRequested=50 tradeUnique=50 tradeRepositoryCalls=1 tradeRowsLoaded=50 tradeBulkMs=5 settlementRequestedPairs=50 settlementUniquePairs=50 settlementRepositoryCalls=1 settlementRowsLoaded=0 settlementBulkMs=3 businessRuleRepositoryCalls=0 statusTransitionRequests=200 uniqueStatusTransitionKeys=4 statusHttpCalls=4 statusHttpTotalMs=17 evaluationMs=3 prevalidatedCount=50 businessValidCount=50 businessRejectedCount=0 fallbackCount=0 totalMs=31 result=SUCCESS
[30m2026-08-26T02:37:13,289[m [32mINFO  [m[[1;34mhttp-nio-8080-exec-41[m] [36mStatusUpdateBusinessRuleServiceImpl[m - PERF_RULES_BATCH_REDUCTION service=reglas podName=operaciones-reglas-back-app-5894db7bb6-7np7h batchId=a64ab057-62a1-4de9-8a5d-a2566b48ac6d legacyFractionationToRulesHttpCallsEstimated=50 fractionationToRulesBatchHttpCalls=1 legacyTradeReadsEstimated=50 tradeRepositoryReadsAfter=1 legacySettlementReadsEstimated=50 settlementRepositoryReadsAfter=1 logicalStatusTransitionRequests=200 uniqueStatusTransitionKeys=4 statusHttpCallsAfter=4 statusHttpReductionPercent=98
[30m2026-08-26T02:37:14,933[m [32mINFO  [m[[1;34mhttp-nio-8080-exec-48[m] [36mStatusUpdateBusinessRuleServiceImpl[m - PERF_RULES_BATCH service=reglas podName=operaciones-reglas-back-app-5894db7bb6-7np7h batchId=99222217-42d0-434c-b9fd-8ea177c1e6a9 items=50 tradeRequested=50 tradeUnique=50 tradeRepositoryCalls=1 tradeRowsLoaded=50 tradeBulkMs=22 settlementRequestedPairs=50 settlementUniquePairs=50 settlementRepositoryCalls=1 settlementRowsLoaded=0 settlementBulkMs=7 businessRuleRepositoryCalls=0 statusTransitionRequests=200 uniqueStatusTransitionKeys=4 statusHttpCalls=4 statusHttpTotalMs=18 evaluationMs=3 prevalidatedCount=50 businessValidCount=50 businessRejectedCount=0 fallbackCount=0 totalMs=52 result=SUCCESS
[30m2026-08-26T02:37:14,933[m [32mINFO  [m[[1;34mhttp-nio-8080-exec-48[m] [36mStatusUpdateBusinessRuleServiceImpl[m - PERF_RULES_BATCH_REDUCTION service=reglas podName=operaciones-reglas-back-app-5894db7bb6-7np7h batchId=99222217-42d0-434c-b9fd-8ea177c1e6a9 legacyFractionationToRulesHttpCallsEstimated=50 fractionationToRulesBatchHttpCalls=1 legacyTradeReadsEstimated=50 tradeRepositoryReadsAfter=1 legacySettlementReadsEstimated=50 settlementRepositoryReadsAfter=1 logicalStatusTransitionRequests=200 uniqueStatusTransitionKeys=4 statusHttpCallsAfter=4 statusHttpReductionPercent=98
[30m2026-08-26T02:37:16,359[m [32mINFO  [m[[1;34mhttp-nio-8080-exec-49[m] [36mStatusUpdateBusinessRuleServiceImpl[m - PERF_RULES_BATCH service=reglas podName=operaciones-reglas-back-app-5894db7bb6-7np7h batchId=95efeb49-9ac8-4a22-a3bd-4a85e9e62695 items=50 tradeRequested=50 tradeUnique=50 tradeRepositoryCalls=1 tradeRowsLoaded=50 tradeBulkMs=12 settlementRequestedPairs=50 settlementUniquePairs=50 settlementRepositoryCalls=1 settlementRowsLoaded=0 settlementBulkMs=3 businessRuleRepositoryCalls=0 statusTransitionRequests=200 uniqueStatusTransitionKeys=4 statusHttpCalls=4 statusHttpTotalMs=18 evaluationMs=3 prevalidatedCount=50 businessValidCount=50 businessRejectedCount=0 fallbackCount=0 totalMs=38 result=SUCCESS
[30m2026-08-26T02:37:16,359[m [32mINFO  [m[[1;34mhttp-nio-8080-exec-49[m] [36mStatusUpdateBusinessRuleServiceImpl[m - PERF_RULES_BATCH_REDUCTION service=reglas podName=operaciones-reglas-back-app-5894db7bb6-7np7h batchId=95efeb49-9ac8-4a22-a3bd-4a85e9e62695 legacyFractionationToRulesHttpCallsEstimated=50 fractionationToRulesBatchHttpCalls=1 legacyTradeReadsEstimated=50 tradeRepositoryReadsAfter=1 legacySettlementReadsEstimated=50 settlementRepositoryReadsAfter=1 logicalStatusTransitionRequests=200 uniqueStatusTransitionKeys=4 statusHttpCallsAfter=4 statusHttpReductionPercent=98
[30m2026-08-26T02:37:17,667[m [32mINFO  [m[[1;34mhttp-nio-8080-exec-50[m] [36mStatusUpdateBusinessRuleServiceImpl[m - PERF_RULES_BATCH service=reglas podName=operaciones-reglas-back-app-5894db7bb6-7np7h batchId=d520ee54-4c04-474f-984b-8e2a9bbea41e items=50 tradeRequested=50 tradeUnique=50 tradeRepositoryCalls=1 tradeRowsLoaded=50 tradeBulkMs=5 settlementRequestedPairs=50 settlementUniquePairs=50 settlementRepositoryCalls=1 settlementRowsLoaded=0 settlementBulkMs=2 businessRuleRepositoryCalls=0 statusTransitionRequests=200 uniqueStatusTransitionKeys=4 statusHttpCalls=4 statusHttpTotalMs=18 evaluationMs=3 prevalidatedCount=50 businessValidCount=50 businessRejectedCount=0 fallbackCount=0 totalMs=30 result=SUCCESS
[30m2026-08-26T02:37:17,667[m [32mINFO  [m[[1;34mhttp-nio-8080-exec-50[m] [36mStatusUpdateBusinessRuleServiceImpl[m - PERF_RULES_BATCH_REDUCTION service=reglas podName=operaciones-reglas-back-app-5894db7bb6-7np7h batchId=d520ee54-4c04-474f-984b-8e2a9bbea41e legacyFractionationToRulesHttpCallsEstimated=50 fractionationToRulesBatchHttpCalls=1 legacyTradeReadsEstimated=50 tradeRepositoryReadsAfter=1 legacySettlementReadsEstimated=50 settlementRepositoryReadsAfter=1 logicalStatusTransitionRequests=200 uniqueStatusTransitionKeys=4 statusHttpCallsAfter=4 statusHttpReductionPercent=98
[30m2026-08-26T02:37:18,964[m [32mINFO  [m[[1;34mhttp-nio-8080-exec-51[m] [36mStatusUpdateBusinessRuleServiceImpl[m - PERF_RULES_BATCH service=reglas podName=operaciones-reglas-back-app-5894db7bb6-7np7h batchId=4052295f-c6f4-411d-9e8a-2e5ea2dc42cf items=50 tradeRequested=50 tradeUnique=50 tradeRepositoryCalls=1 tradeRowsLoaded=50 tradeBulkMs=4 settlementRequestedPairs=50 settlementUniquePairs=50 settlementRepositoryCalls=1 settlementRowsLoaded=0 settlementBulkMs=2 businessRuleRepositoryCalls=0 statusTransitionRequests=200 uniqueStatusTransitionKeys=4 statusHttpCalls=4 statusHttpTotalMs=18 evaluationMs=3 prevalidatedCount=50 businessValidCount=50 businessRejectedCount=0 fallbackCount=0 totalMs=30 result=SUCCESS
[30m2026-08-26T02:37:18,965[m [32mINFO  [m[[1;34mhttp-nio-8080-exec-51[m] [36mStatusUpdateBusinessRuleServiceImpl[m - PERF_RULES_BATCH_REDUCTION service=reglas podName=operaciones-reglas-back-app-5894db7bb6-7np7h batchId=4052295f-c6f4-411d-9e8a-2e5ea2dc42cf legacyFractionationToRulesHttpCallsEstimated=50 fractionationToRulesBatchHttpCalls=1 legacyTradeReadsEstimated=50 tradeRepositoryReadsAfter=1 legacySettlementReadsEstimated=50 settlementRepositoryReadsAfter=1 logicalStatusTransitionRequests=200 uniqueStatusTransitionKeys=4 statusHttpCallsAfter=4 statusHttpReductionPercent=98
[30m2026-08-26T02:37:20,279[m [32mINFO  [m[[1;34mhttp-nio-8080-exec-52[m] [36mStatusUpdateBusinessRuleServiceImpl[m - PERF_RULES_BATCH service=reglas podName=operaciones-reglas-back-app-5894db7bb6-7np7h batchId=e61b3349-b331-4708-8a0e-b1d2a6b3f535 items=50 tradeRequested=50 tradeUnique=50 tradeRepositoryCalls=1 tradeRowsLoaded=50 tradeBulkMs=5 settlementRequestedPairs=50 settlementUniquePairs=50 settlementRepositoryCalls=1 settlementRowsLoaded=0 settlementBulkMs=2 businessRuleRepositoryCalls=0 statusTransitionRequests=200 uniqueStatusTransitionKeys=4 statusHttpCalls=4 statusHttpTotalMs=19 evaluationMs=3 prevalidatedCount=50 businessValidCount=50 businessRejectedCount=0 fallbackCount=0 totalMs=31 result=SUCCESS
[30m2026-08-26T02:37:20,280[m [32mINFO  [m[[1;34mhttp-nio-8080-exec-52[m] [36mStatusUpdateBusinessRuleServiceImpl[m - PERF_RULES_BATCH_REDUCTION service=reglas podName=operaciones-reglas-back-app-5894db7bb6-7np7h batchId=e61b3349-b331-4708-8a0e-b1d2a6b3f535 legacyFractionationToRulesHttpCallsEstimated=50 fractionationToRulesBatchHttpCalls=1 legacyTradeReadsEstimated=50 tradeRepositoryReadsAfter=1 legacySettlementReadsEstimated=50 settlementRepositoryReadsAfter=1 logicalStatusTransitionRequests=200 uniqueStatusTransitionKeys=4 statusHttpCallsAfter=4 statusHttpReductionPercent=98
[30m2026-08-26T02:37:21,781[m [32mINFO  [m[[1;34mhttp-nio-8080-exec-53[m] [36mStatusUpdateBusinessRuleServiceImpl[m - PERF_RULES_BATCH service=reglas podName=operaciones-reglas-back-app-5894db7bb6-7np7h batchId=137fb6c9-2f6d-4923-8c98-a99e01e7bfa5 items=50 tradeRequested=50 tradeUnique=50 tradeRepositoryCalls=1 tradeRowsLoaded=50 tradeBulkMs=4 settlementRequestedPairs=50 settlementUniquePairs=50 settlementRepositoryCalls=1 settlementRowsLoaded=0 settlementBulkMs=2 businessRuleRepositoryCalls=0 statusTransitionRequests=200 uniqueStatusTransitionKeys=4 statusHttpCalls=4 statusHttpTotalMs=17 evaluationMs=3 prevalidatedCount=50 businessValidCount=50 businessRejectedCount=0 fallbackCount=0 totalMs=29 result=SUCCESS
[30m2026-08-26T02:37:21,782[m [32mINFO  [m[[1;34mhttp-nio-8080-exec-53[m] [36mStatusUpdateBusinessRuleServiceImpl[m - PERF_RULES_BATCH_REDUCTION service=reglas podName=operaciones-reglas-back-app-5894db7bb6-7np7h batchId=137fb6c9-2f6d-4923-8c98-a99e01e7bfa5 legacyFractionationToRulesHttpCallsEstimated=50 fractionationToRulesBatchHttpCalls=1 legacyTradeReadsEstimated=50 tradeRepositoryReadsAfter=1 legacySettlementReadsEstimated=50 settlementRepositoryReadsAfter=1 logicalStatusTransitionRequests=200 uniqueStatusTransitionKeys=4 statusHttpCallsAfter=4 statusHttpReductionPercent=98
[30m2026-08-26T02:37:23,093[m [32mINFO  [m[[1;34mhttp-nio-8080-exec-54[m] [36mStatusUpdateBusinessRuleServiceImpl[m - PERF_RULES_BATCH service=reglas podName=operaciones-reglas-back-app-5894db7bb6-7np7h batchId=f62a97aa-993a-4426-b693-6317227a675c items=50 tradeRequested=50 tradeUnique=50 tradeRepositoryCalls=1 tradeRowsLoaded=50 tradeBulkMs=4 settlementRequestedPairs=50 settlementUniquePairs=50 settlementRepositoryCalls=1 settlementRowsLoaded=0 settlementBulkMs=2 businessRuleRepositoryCalls=0 statusTransitionRequests=200 uniqueStatusTransitionKeys=4 statusHttpCalls=4 statusHttpTotalMs=18 evaluationMs=3 prevalidatedCount=50 businessValidCount=50 businessRejectedCount=0 fallbackCount=0 totalMs=30 result=SUCCESS
[30m2026-08-26T02:37:23,094[m [32mINFO  [m[[1;34mhttp-nio-8080-exec-54[m] [36mStatusUpdateBusinessRuleServiceImpl[m - PERF_RULES_BATCH_REDUCTION service=reglas podName=operaciones-reglas-back-app-5894db7bb6-7np7h batchId=f62a97aa-993a-4426-b693-6317227a675c legacyFractionationToRulesHttpCallsEstimated=50 fractionationToRulesBatchHttpCalls=1 legacyTradeReadsEstimated=50 tradeRepositoryReadsAfter=1 legacySettlementReadsEstimated=50 settlementRepositoryReadsAfter=1 logicalStatusTransitionRequests=200 uniqueStatusTransitionKeys=4 statusHttpCallsAfter=4 statusHttpReductionPercent=98
[30m2026-08-26T02:37:24,391[m [32mINFO  [m[[1;34mhttp-nio-8080-exec-55[m] [36mStatusUpdateBusinessRuleServiceImpl[m - PERF_RULES_BATCH service=reglas podName=operaciones-reglas-back-app-5894db7bb6-7np7h batchId=80e7d443-5445-4b6c-a8b0-fbe0e1f941cd items=50 tradeRequested=50 tradeUnique=50 tradeRepositoryCalls=1 tradeRowsLoaded=50 tradeBulkMs=4 settlementRequestedPairs=50 settlementUniquePairs=50 settlementRepositoryCalls=1 settlementRowsLoaded=0 settlementBulkMs=2 businessRuleRepositoryCalls=0 statusTransitionRequests=200 uniqueStatusTransitionKeys=4 statusHttpCalls=4 statusHttpTotalMs=19 evaluationMs=3 prevalidatedCount=50 businessValidCount=50 businessRejectedCount=0 fallbackCount=0 totalMs=30 result=SUCCESS
[30m2026-08-26T02:37:24,392[m [32mINFO  [m[[1;34mhttp-nio-8080-exec-55[m] [36mStatusUpdateBusinessRuleServiceImpl[m - PERF_RULES_BATCH_REDUCTION service=reglas podName=operaciones-reglas-back-app-5894db7bb6-7np7h batchId=80e7d443-5445-4b6c-a8b0-fbe0e1f941cd legacyFractionationToRulesHttpCallsEstimated=50 fractionationToRulesBatchHttpCalls=1 legacyTradeReadsEstimated=50 tradeRepositoryReadsAfter=1 legacySettlementReadsEstimated=50 settlementRepositoryReadsAfter=1 logicalStatusTransitionRequests=200 uniqueStatusTransitionKeys=4 statusHttpCallsAfter=4 statusHttpReductionPercent=98
[30m2026-08-26T02:37:25,727[m [32mINFO  [m[[1;34mhttp-nio-8080-exec-56[m] [36mStatusUpdateBusinessRuleServiceImpl[m - PERF_RULES_BATCH service=reglas podName=operaciones-reglas-back-app-5894db7bb6-7np7h batchId=0fb53bfa-b5ff-410d-a983-187de5ad458c items=50 tradeRequested=50 tradeUnique=50 tradeRepositoryCalls=1 tradeRowsLoaded=50 tradeBulkMs=4 settlementRequestedPairs=50 settlementUniquePairs=50 settlementRepositoryCalls=1 settlementRowsLoaded=0 settlementBulkMs=2 businessRuleRepositoryCalls=0 statusTransitionRequests=200 uniqueStatusTransitionKeys=4 statusHttpCalls=4 statusHttpTotalMs=19 evaluationMs=4 prevalidatedCount=50 businessValidCount=50 businessRejectedCount=0 fallbackCount=0 totalMs=31 result=SUCCESS
[30m2026-08-26T02:37:25,727[m [32mINFO  [m[[1;34mhttp-nio-8080-exec-56[m] [36mStatusUpdateBusinessRuleServiceImpl[m - PERF_RULES_BATCH_REDUCTION service=reglas podName=operaciones-reglas-back-app-5894db7bb6-7np7h batchId=0fb53bfa-b5ff-410d-a983-187de5ad458c legacyFractionationToRulesHttpCallsEstimated=50 fractionationToRulesBatchHttpCalls=1 legacyTradeReadsEstimated=50 tradeRepositoryReadsAfter=1 legacySettlementReadsEstimated=50 settlementRepositoryReadsAfter=1 logicalStatusTransitionRequests=200 uniqueStatusTransitionKeys=4 statusHttpCallsAfter=4 statusHttpReductionPercent=98
[30m2026-08-26T02:37:27,050[m [32mINFO  [m[[1;34mhttp-nio-8080-exec-57[m] [36mStatusUpdateBusinessRuleServiceImpl[m - PERF_RULES_BATCH service=reglas podName=operaciones-reglas-back-app-5894db7bb6-7np7h batchId=aa7343b8-bca8-488e-b528-9cae27c1de1d items=50 tradeRequested=50 tradeUnique=50 tradeRepositoryCalls=1 tradeRowsLoaded=50 tradeBulkMs=5 settlementRequestedPairs=50 settlementUniquePairs=50 settlementRepositoryCalls=1 settlementRowsLoaded=0 settlementBulkMs=2 businessRuleRepositoryCalls=0 statusTransitionRequests=200 uniqueStatusTransitionKeys=4 statusHttpCalls=4 statusHttpTotalMs=21 evaluationMs=3 prevalidatedCount=50 businessValidCount=50 businessRejectedCount=0 fallbackCount=0 totalMs=33 result=SUCCESS
[30m2026-08-26T02:37:27,050[m [32mINFO  [m[[1;34mhttp-nio-8080-exec-57[m] [36mStatusUpdateBusinessRuleServiceImpl[m - PERF_RULES_BATCH_REDUCTION service=reglas podName=operaciones-reglas-back-app-5894db7bb6-7np7h batchId=aa7343b8-bca8-488e-b528-9cae27c1de1d legacyFractionationToRulesHttpCallsEstimated=50 fractionationToRulesBatchHttpCalls=1 legacyTradeReadsEstimated=50 tradeRepositoryReadsAfter=1 legacySettlementReadsEstimated=50 settlementRepositoryReadsAfter=1 logicalStatusTransitionRequests=200 uniqueStatusTransitionKeys=4 statusHttpCallsAfter=4 statusHttpReductionPercent=98
[30m2026-08-26T02:37:28,396[m [32mINFO  [m[[1;34mhttp-nio-8080-exec-58[m] [36mStatusUpdateBusinessRuleServiceImpl[m - PERF_RULES_BATCH service=reglas podName=operaciones-reglas-back-app-5894db7bb6-7np7h batchId=4b47964d-3a58-458d-9bd2-674161a2fe2f items=50 tradeRequested=50 tradeUnique=50 tradeRepositoryCalls=1 tradeRowsLoaded=50 tradeBulkMs=4 settlementRequestedPairs=50 settlementUniquePairs=50 settlementRepositoryCalls=1 settlementRowsLoaded=0 settlementBulkMs=2 businessRuleRepositoryCalls=0 statusTransitionRequests=200 uniqueStatusTransitionKeys=4 statusHttpCalls=4 statusHttpTotalMs=17 evaluationMs=2 prevalidatedCount=50 businessValidCount=50 businessRejectedCount=0 fallbackCount=0 totalMs=28 result=SUCCESS
[30m2026-08-26T02:37:28,397[m [32mINFO  [m[[1;34mhttp-nio-8080-exec-58[m] [36mStatusUpdateBusinessRuleServiceImpl[m - PERF_RULES_BATCH_REDUCTION service=reglas podName=operaciones-reglas-back-app-5894db7bb6-7np7h batchId=4b47964d-3a58-458d-9bd2-674161a2fe2f legacyFractionationToRulesHttpCallsEstimated=50 fractionationToRulesBatchHttpCalls=1 legacyTradeReadsEstimated=50 tradeRepositoryReadsAfter=1 legacySettlementReadsEstimated=50 settlementRepositoryReadsAfter=1 logicalStatusTransitionRequests=200 uniqueStatusTransitionKeys=4 statusHttpCallsAfter=4 statusHttpReductionPercent=98
[30m2026-08-26T02:37:29,699[m [32mINFO  [m[[1;34mhttp-nio-8080-exec-59[m] [36mStatusUpdateBusinessRuleServiceImpl[m - PERF_RULES_BATCH service=reglas podName=operaciones-reglas-back-app-5894db7bb6-7np7h batchId=9a28fc9e-0cc8-44a0-8bd8-c73140b7c82c items=50 tradeRequested=50 tradeUnique=50 tradeRepositoryCalls=1 tradeRowsLoaded=50 tradeBulkMs=4 settlementRequestedPairs=50 settlementUniquePairs=50 settlementRepositoryCalls=1 settlementRowsLoaded=0 settlementBulkMs=2 businessRuleRepositoryCalls=0 statusTransitionRequests=200 uniqueStatusTransitionKeys=4 statusHttpCalls=4 statusHttpTotalMs=16 evaluationMs=2 prevalidatedCount=50 businessValidCount=50 businessRejectedCount=0 fallbackCount=0 totalMs=26 result=SUCCESS
[30m2026-08-26T02:37:29,699[m [32mINFO  [m[[1;34mhttp-nio-8080-exec-59[m] [36mStatusUpdateBusinessRuleServiceImpl[m - PERF_RULES_BATCH_REDUCTION service=reglas podName=operaciones-reglas-back-app-5894db7bb6-7np7h batchId=9a28fc9e-0cc8-44a0-8bd8-c73140b7c82c legacyFractionationToRulesHttpCallsEstimated=50 fractionationToRulesBatchHttpCalls=1 legacyTradeReadsEstimated=50 tradeRepositoryReadsAfter=1 legacySettlementReadsEstimated=50 settlementRepositoryReadsAfter=1 logicalStatusTransitionRequests=200 uniqueStatusTransitionKeys=4 statusHttpCallsAfter=4 statusHttpReductionPercent=98
[30m2026-08-26T02:37:31,014[m [32mINFO  [m[[1;34mhttp-nio-8080-exec-60[m] [36mStatusUpdateBusinessRuleServiceImpl[m - PERF_RULES_BATCH service=reglas podName=operaciones-reglas-back-app-5894db7bb6-7np7h batchId=26f41edf-2d61-48fa-b720-38fe8de43807 items=50 tradeRequested=50 tradeUnique=50 tradeRepositoryCalls=1 tradeRowsLoaded=50 tradeBulkMs=4 settlementRequestedPairs=50 settlementUniquePairs=50 settlementRepositoryCalls=1 settlementRowsLoaded=0 settlementBulkMs=2 businessRuleRepositoryCalls=0 statusTransitionRequests=200 uniqueStatusTransitionKeys=4 statusHttpCalls=4 statusHttpTotalMs=18 evaluationMs=2 prevalidatedCount=50 businessValidCount=50 businessRejectedCount=0 fallbackCount=0 totalMs=28 result=SUCCESS
[30m2026-08-26T02:37:31,014[m [32mINFO  [m[[1;34mhttp-nio-8080-exec-60[m] [36mStatusUpdateBusinessRuleServiceImpl[m - PERF_RULES_BATCH_REDUCTION service=reglas podName=operaciones-reglas-back-app-5894db7bb6-7np7h batchId=26f41edf-2d61-48fa-b720-38fe8de43807 legacyFractionationToRulesHttpCallsEstimated=50 fractionationToRulesBatchHttpCalls=1 legacyTradeReadsEstimated=50 tradeRepositoryReadsAfter=1 legacySettlementReadsEstimated=50 settlementRepositoryReadsAfter=1 logicalStatusTransitionRequests=200 uniqueStatusTransitionKeys=4 statusHttpCallsAfter=4 statusHttpReductionPercent=98
[30m2026-08-26T02:37:32,381[m [32mINFO  [m[[1;34mhttp-nio-8080-exec-61[m] [36mStatusUpdateBusinessRuleServiceImpl[m - PERF_RULES_BATCH service=reglas podName=operaciones-reglas-back-app-5894db7bb6-7np7h batchId=7087213c-5eef-4e64-b347-fd03d5398119 items=50 tradeRequested=50 tradeUnique=50 tradeRepositoryCalls=1 tradeRowsLoaded=50 tradeBulkMs=5 settlementRequestedPairs=50 settlementUniquePairs=50 settlementRepositoryCalls=1 settlementRowsLoaded=0 settlementBulkMs=3 businessRuleRepositoryCalls=0 statusTransitionRequests=200 uniqueStatusTransitionKeys=4 statusHttpCalls=4 statusHttpTotalMs=36 evaluationMs=2 prevalidatedCount=50 businessValidCount=50 businessRejectedCount=0 fallbackCount=0 totalMs=48 result=SUCCESS
[30m2026-08-26T02:37:32,382[m [32mINFO  [m[[1;34mhttp-nio-8080-exec-61[m] [36mStatusUpdateBusinessRuleServiceImpl[m - PERF_RULES_BATCH_REDUCTION service=reglas podName=operaciones-reglas-back-app-5894db7bb6-7np7h batchId=7087213c-5eef-4e64-b347-fd03d5398119 legacyFractionationToRulesHttpCallsEstimated=50 fractionationToRulesBatchHttpCalls=1 legacyTradeReadsEstimated=50 tradeRepositoryReadsAfter=1 legacySettlementReadsEstimated=50 settlementRepositoryReadsAfter=1 logicalStatusTransitionRequests=200 uniqueStatusTransitionKeys=4 statusHttpCallsAfter=4 statusHttpReductionPercent=98
[30m2026-08-26T02:37:33,678[m [32mINFO  [m[[1;34mhttp-nio-8080-exec-62[m] [36mStatusUpdateBusinessRuleServiceImpl[m - PERF_RULES_BATCH service=reglas podName=operaciones-reglas-back-app-5894db7bb6-7np7h batchId=7c1fc94a-0ce7-486b-aef9-93f5ad6f17b3 items=50 tradeRequested=50 tradeUnique=50 tradeRepositoryCalls=1 tradeRowsLoaded=50 tradeBulkMs=9 settlementRequestedPairs=50 settlementUniquePairs=50 settlementRepositoryCalls=1 settlementRowsLoaded=0 settlementBulkMs=2 businessRuleRepositoryCalls=0 statusTransitionRequests=200 uniqueStatusTransitionKeys=4 statusHttpCalls=4 statusHttpTotalMs=17 evaluationMs=2 prevalidatedCount=50 businessValidCount=50 businessRejectedCount=0 fallbackCount=0 totalMs=32 result=SUCCESS
[30m2026-08-26T02:37:33,678[m [32mINFO  [m[[1;34mhttp-nio-8080-exec-62[m] [36mStatusUpdateBusinessRuleServiceImpl[m - PERF_RULES_BATCH_REDUCTION service=reglas podName=operaciones-reglas-back-app-5894db7bb6-7np7h batchId=7c1fc94a-0ce7-486b-aef9-93f5ad6f17b3 legacyFractionationToRulesHttpCallsEstimated=50 fractionationToRulesBatchHttpCalls=1 legacyTradeReadsEstimated=50 tradeRepositoryReadsAfter=1 legacySettlementReadsEstimated=50 settlementRepositoryReadsAfter=1 logicalStatusTransitionRequests=200 uniqueStatusTransitionKeys=4 statusHttpCallsAfter=4 statusHttpReductionPercent=98
[30m2026-08-26T02:37:34,997[m [32mINFO  [m[[1;34mhttp-nio-8080-exec-63[m] [36mStatusUpdateBusinessRuleServiceImpl[m - PERF_RULES_BATCH service=reglas podName=operaciones-reglas-back-app-5894db7bb6-7np7h batchId=466516d9-6e88-441a-91c7-6cea6f692fc6 items=50 tradeRequested=50 tradeUnique=50 tradeRepositoryCalls=1 tradeRowsLoaded=50 tradeBulkMs=5 settlementRequestedPairs=50 settlementUniquePairs=50 settlementRepositoryCalls=1 settlementRowsLoaded=0 settlementBulkMs=3 businessRuleRepositoryCalls=0 statusTransitionRequests=200 uniqueStatusTransitionKeys=4 statusHttpCalls=4 statusHttpTotalMs=16 evaluationMs=3 prevalidatedCount=50 businessValidCount=50 businessRejectedCount=0 fallbackCount=0 totalMs=28 result=SUCCESS
[30m2026-08-26T02:37:34,998[m [32mINFO  [m[[1;34mhttp-nio-8080-exec-63[m] [36mStatusUpdateBusinessRuleServiceImpl[m - PERF_RULES_BATCH_REDUCTION service=reglas podName=operaciones-reglas-back-app-5894db7bb6-7np7h batchId=466516d9-6e88-441a-91c7-6cea6f692fc6 legacyFractionationToRulesHttpCallsEstimated=50 fractionationToRulesBatchHttpCalls=1 legacyTradeReadsEstimated=50 tradeRepositoryReadsAfter=1 legacySettlementReadsEstimated=50 settlementRepositoryReadsAfter=1 logicalStatusTransitionRequests=200 uniqueStatusTransitionKeys=4 statusHttpCallsAfter=4 statusHttpReductionPercent=98
[30m2026-08-26T02:37:36,343[m [32mINFO  [m[[1;34mhttp-nio-8080-exec-64[m] [36mStatusUpdateBusinessRuleServiceImpl[m - PERF_RULES_BATCH service=reglas podName=operaciones-reglas-back-app-5894db7bb6-7np7h batchId=5dcf5ed4-1172-4508-82e3-df3a0a94bc7c items=50 tradeRequested=50 tradeUnique=50 tradeRepositoryCalls=1 tradeRowsLoaded=50 tradeBulkMs=4 settlementRequestedPairs=50 settlementUniquePairs=50 settlementRepositoryCalls=1 settlementRowsLoaded=0 settlementBulkMs=2 businessRuleRepositoryCalls=0 statusTransitionRequests=200 uniqueStatusTransitionKeys=4 statusHttpCalls=4 statusHttpTotalMs=15 evaluationMs=2 prevalidatedCount=50 businessValidCount=50 businessRejectedCount=0 fallbackCount=0 totalMs=25 result=SUCCESS
[30m2026-08-26T02:37:36,344[m [32mINFO  [m[[1;34mhttp-nio-8080-exec-64[m] [36mStatusUpdateBusinessRuleServiceImpl[m - PERF_RULES_BATCH_REDUCTION service=reglas podName=operaciones-reglas-back-app-5894db7bb6-7np7h batchId=5dcf5ed4-1172-4508-82e3-df3a0a94bc7c legacyFractionationToRulesHttpCallsEstimated=50 fractionationToRulesBatchHttpCalls=1 legacyTradeReadsEstimated=50 tradeRepositoryReadsAfter=1 legacySettlementReadsEstimated=50 settlementRepositoryReadsAfter=1 logicalStatusTransitionRequests=200 uniqueStatusTransitionKeys=4 statusHttpCallsAfter=4 statusHttpReductionPercent=98
[30m2026-08-26T02:37:37,636[m [32mINFO  [m[[1;34mhttp-nio-8080-exec-65[m] [36mStatusUpdateBusinessRuleServiceImpl[m - PERF_RULES_BATCH service=reglas podName=operaciones-reglas-back-app-5894db7bb6-7np7h batchId=8429f046-f6cd-47bf-a633-6e0cf3fb49f2 items=50 tradeRequested=50 tradeUnique=50 tradeRepositoryCalls=1 tradeRowsLoaded=50 tradeBulkMs=4 settlementRequestedPairs=50 settlementUniquePairs=50 settlementRepositoryCalls=1 settlementRowsLoaded=0 settlementBulkMs=2 businessRuleRepositoryCalls=0 statusTransitionRequests=200 uniqueStatusTransitionKeys=4 statusHttpCalls=4 statusHttpTotalMs=18 evaluationMs=3 prevalidatedCount=50 businessValidCount=50 businessRejectedCount=0 fallbackCount=0 totalMs=29 result=SUCCESS
[30m2026-08-26T02:37:37,636[m [32mINFO  [m[[1;34mhttp-nio-8080-exec-65[m] [36mStatusUpdateBusinessRuleServiceImpl[m - PERF_RULES_BATCH_REDUCTION service=reglas podName=operaciones-reglas-back-app-5894db7bb6-7np7h batchId=8429f046-f6cd-47bf-a633-6e0cf3fb49f2 legacyFractionationToRulesHttpCallsEstimated=50 fractionationToRulesBatchHttpCalls=1 legacyTradeReadsEstimated=50 tradeRepositoryReadsAfter=1 legacySettlementReadsEstimated=50 settlementRepositoryReadsAfter=1 logicalStatusTransitionRequests=200 uniqueStatusTransitionKeys=4 statusHttpCallsAfter=4 statusHttpReductionPercent=98
[30m2026-08-26T02:37:38,965[m [32mINFO  [m[[1;34mhttp-nio-8080-exec-66[m] [36mStatusUpdateBusinessRuleServiceImpl[m - PERF_RULES_BATCH service=reglas podName=operaciones-reglas-back-app-5894db7bb6-7np7h batchId=426df8bc-283b-4212-bf22-9c952cee6b2b items=50 tradeRequested=50 tradeUnique=50 tradeRepositoryCalls=1 tradeRowsLoaded=50 tradeBulkMs=4 settlementRequestedPairs=50 settlementUniquePairs=50 settlementRepositoryCalls=1 settlementRowsLoaded=0 settlementBulkMs=2 businessRuleRepositoryCalls=0 statusTransitionRequests=200 uniqueStatusTransitionKeys=4 statusHttpCalls=4 statusHttpTotalMs=17 evaluationMs=2 prevalidatedCount=50 businessValidCount=50 businessRejectedCount=0 fallbackCount=0 totalMs=27 result=SUCCESS
[30m2026-08-26T02:37:38,966[m [32mINFO  [m[[1;34mhttp-nio-8080-exec-66[m] [36mStatusUpdateBusinessRuleServiceImpl[m - PERF_RULES_BATCH_REDUCTION service=reglas podName=operaciones-reglas-back-app-5894db7bb6-7np7h batchId=426df8bc-283b-4212-bf22-9c952cee6b2b legacyFractionationToRulesHttpCallsEstimated=50 fractionationToRulesBatchHttpCalls=1 legacyTradeReadsEstimated=50 tradeRepositoryReadsAfter=1 legacySettlementReadsEstimated=50 settlementRepositoryReadsAfter=1 logicalStatusTransitionRequests=200 uniqueStatusTransitionKeys=4 statusHttpCallsAfter=4 statusHttpReductionPercent=98
[30m2026-08-26T02:37:40,323[m [32mINFO  [m[[1;34mhttp-nio-8080-exec-67[m] [36mStatusUpdateBusinessRuleServiceImpl[m - PERF_RULES_BATCH service=reglas podName=operaciones-reglas-back-app-5894db7bb6-7np7h batchId=dc0f2b52-129c-414e-afd3-4679794cfca9 items=50 tradeRequested=50 tradeUnique=50 tradeRepositoryCalls=1 tradeRowsLoaded=50 tradeBulkMs=4 settlementRequestedPairs=50 settlementUniquePairs=50 settlementRepositoryCalls=1 settlementRowsLoaded=0 settlementBulkMs=2 businessRuleRepositoryCalls=0 statusTransitionRequests=200 uniqueStatusTransitionKeys=4 statusHttpCalls=4 statusHttpTotalMs=17 evaluationMs=2 prevalidatedCount=50 businessValidCount=50 businessRejectedCount=0 fallbackCount=0 totalMs=27 result=SUCCESS
[30m2026-08-26T02:37:40,323[m [32mINFO  [m[[1;34mhttp-nio-8080-exec-67[m] [36mStatusUpdateBusinessRuleServiceImpl[m - PERF_RULES_BATCH_REDUCTION service=reglas podName=operaciones-reglas-back-app-5894db7bb6-7np7h batchId=dc0f2b52-129c-414e-afd3-4679794cfca9 legacyFractionationToRulesHttpCallsEstimated=50 fractionationToRulesBatchHttpCalls=1 legacyTradeReadsEstimated=50 tradeRepositoryReadsAfter=1 legacySettlementReadsEstimated=50 settlementRepositoryReadsAfter=1 logicalStatusTransitionRequests=200 uniqueStatusTransitionKeys=4 statusHttpCallsAfter=4 statusHttpReductionPercent=98
[30m2026-08-26T02:37:41,547[m [32mINFO  [m[[1;34mhttp-nio-8080-exec-68[m] [36mStatusUpdateBusinessRuleServiceImpl[m - PERF_RULES_BATCH service=reglas podName=operaciones-reglas-back-app-5894db7bb6-7np7h batchId=67e502bc-bc79-45b9-8aad-9c9d9eb270c0 items=50 tradeRequested=50 tradeUnique=50 tradeRepositoryCalls=1 tradeRowsLoaded=50 tradeBulkMs=4 settlementRequestedPairs=50 settlementUniquePairs=50 settlementRepositoryCalls=1 settlementRowsLoaded=0 settlementBulkMs=2 businessRuleRepositoryCalls=0 statusTransitionRequests=200 uniqueStatusTransitionKeys=4 statusHttpCalls=4 statusHttpTotalMs=16 evaluationMs=2 prevalidatedCount=50 businessValidCount=50 businessRejectedCount=0 fallbackCount=0 totalMs=26 result=SUCCESS
[30m2026-08-26T02:37:41,547[m [32mINFO  [m[[1;34mhttp-nio-8080-exec-68[m] [36mStatusUpdateBusinessRuleServiceImpl[m - PERF_RULES_BATCH_REDUCTION service=reglas podName=operaciones-reglas-back-app-5894db7bb6-7np7h batchId=67e502bc-bc79-45b9-8aad-9c9d9eb270c0 legacyFractionationToRulesHttpCallsEstimated=50 fractionationToRulesBatchHttpCalls=1 legacyTradeReadsEstimated=50 tradeRepositoryReadsAfter=1 legacySettlementReadsEstimated=50 settlementRepositoryReadsAfter=1 logicalStatusTransitionRequests=200 uniqueStatusTransitionKeys=4 statusHttpCallsAfter=4 statusHttpReductionPercent=98
[30m2026-08-26T02:37:42,725[m [32mINFO  [m[[1;34mhttp-nio-8080-exec-69[m] [36mStatusUpdateBusinessRuleServiceImpl[m - PERF_RULES_BATCH service=reglas podName=operaciones-reglas-back-app-5894db7bb6-7np7h batchId=cfe12a3a-e63d-4c5e-b03d-f1eaa53f692b items=50 tradeRequested=50 tradeUnique=50 tradeRepositoryCalls=1 tradeRowsLoaded=50 tradeBulkMs=4 settlementRequestedPairs=50 settlementUniquePairs=50 settlementRepositoryCalls=1 settlementRowsLoaded=0 settlementBulkMs=2 businessRuleRepositoryCalls=0 statusTransitionRequests=200 uniqueStatusTransitionKeys=4 statusHttpCalls=4 statusHttpTotalMs=16 evaluationMs=2 prevalidatedCount=50 businessValidCount=50 businessRejectedCount=0 fallbackCount=0 totalMs=27 result=SUCCESS
[30m2026-08-26T02:37:42,725[m [32mINFO  [m[[1;34mhttp-nio-8080-exec-69[m] [36mStatusUpdateBusinessRuleServiceImpl[m - PERF_RULES_BATCH_REDUCTION service=reglas podName=operaciones-reglas-back-app-5894db7bb6-7np7h batchId=cfe12a3a-e63d-4c5e-b03d-f1eaa53f692b legacyFractionationToRulesHttpCallsEstimated=50 fractionationToRulesBatchHttpCalls=1 legacyTradeReadsEstimated=50 tradeRepositoryReadsAfter=1 legacySettlementReadsEstimated=50 settlementRepositoryReadsAfter=1 logicalStatusTransitionRequests=200 uniqueStatusTransitionKeys=4 statusHttpCallsAfter=4 statusHttpReductionPercent=98
[30m2026-08-26T02:37:43,917[m [32mINFO  [m[[1;34mhttp-nio-8080-exec-70[m] [36mStatusUpdateBusinessRuleServiceImpl[m - PERF_RULES_BATCH service=reglas podName=operaciones-reglas-back-app-5894db7bb6-7np7h batchId=3a9f71e7-739d-40d3-95ce-9d7983e0b3c9 items=50 tradeRequested=50 tradeUnique=50 tradeRepositoryCalls=1 tradeRowsLoaded=50 tradeBulkMs=5 settlementRequestedPairs=50 settlementUniquePairs=50 settlementRepositoryCalls=1 settlementRowsLoaded=0 settlementBulkMs=2 businessRuleRepositoryCalls=0 statusTransitionRequests=200 uniqueStatusTransitionKeys=4 statusHttpCalls=4 statusHttpTotalMs=16 evaluationMs=3 prevalidatedCount=50 businessValidCount=50 businessRejectedCount=0 fallbackCount=0 totalMs=28 result=SUCCESS
[30m2026-08-26T02:37:43,918[m [32mINFO  [m[[1;34mhttp-nio-8080-exec-70[m] [36mStatusUpdateBusinessRuleServiceImpl[m - PERF_RULES_BATCH_REDUCTION service=reglas podName=operaciones-reglas-back-app-5894db7bb6-7np7h batchId=3a9f71e7-739d-40d3-95ce-9d7983e0b3c9 legacyFractionationToRulesHttpCallsEstimated=50 fractionationToRulesBatchHttpCalls=1 legacyTradeReadsEstimated=50 tradeRepositoryReadsAfter=1 legacySettlementReadsEstimated=50 settlementRepositoryReadsAfter=1 logicalStatusTransitionRequests=200 uniqueStatusTransitionKeys=4 statusHttpCallsAfter=4 statusHttpReductionPercent=98
[30m2026-08-26T02:37:45,142[m [32mINFO  [m[[1;34mhttp-nio-8080-exec-71[m] [36mStatusUpdateBusinessRuleServiceImpl[m - PERF_RULES_BATCH service=reglas podName=operaciones-reglas-back-app-5894db7bb6-7np7h batchId=a973e7fb-4e2f-40ba-b454-7f10298702e9 items=50 tradeRequested=50 tradeUnique=50 tradeRepositoryCalls=1 tradeRowsLoaded=50 tradeBulkMs=4 settlementRequestedPairs=50 settlementUniquePairs=50 settlementRepositoryCalls=1 settlementRowsLoaded=0 settlementBulkMs=3 businessRuleRepositoryCalls=0 statusTransitionRequests=200 uniqueStatusTransitionKeys=4 statusHttpCalls=4 statusHttpTotalMs=20 evaluationMs=2 prevalidatedCount=50 businessValidCount=50 businessRejectedCount=0 fallbackCount=0 totalMs=31 result=SUCCESS
[30m2026-08-26T02:37:45,142[m [32mINFO  [m[[1;34mhttp-nio-8080-exec-71[m] [36mStatusUpdateBusinessRuleServiceImpl[m - PERF_RULES_BATCH_REDUCTION service=reglas podName=operaciones-reglas-back-app-5894db7bb6-7np7h batchId=a973e7fb-4e2f-40ba-b454-7f10298702e9 legacyFractionationToRulesHttpCallsEstimated=50 fractionationToRulesBatchHttpCalls=1 legacyTradeReadsEstimated=50 tradeRepositoryReadsAfter=1 legacySettlementReadsEstimated=50 settlementRepositoryReadsAfter=1 logicalStatusTransitionRequests=200 uniqueStatusTransitionKeys=4 statusHttpCallsAfter=4 statusHttpReductionPercent=98
[30m2026-08-26T02:37:46,340[m [32mINFO  [m[[1;34mhttp-nio-8080-exec-72[m] [36mStatusUpdateBusinessRuleServiceImpl[m - PERF_RULES_BATCH service=reglas podName=operaciones-reglas-back-app-5894db7bb6-7np7h batchId=acc04877-b8c0-458a-8009-51e2060dbb1e items=50 tradeRequested=50 tradeUnique=50 tradeRepositoryCalls=1 tradeRowsLoaded=50 tradeBulkMs=4 settlementRequestedPairs=50 settlementUniquePairs=50 settlementRepositoryCalls=1 settlementRowsLoaded=0 settlementBulkMs=2 businessRuleRepositoryCalls=0 statusTransitionRequests=200 uniqueStatusTransitionKeys=4 statusHttpCalls=4 statusHttpTotalMs=16 evaluationMs=2 prevalidatedCount=50 businessValidCount=50 businessRejectedCount=0 fallbackCount=0 totalMs=26 result=SUCCESS
[30m2026-08-26T02:37:46,340[m [32mINFO  [m[[1;34mhttp-nio-8080-exec-72[m] [36mStatusUpdateBusinessRuleServiceImpl[m - PERF_RULES_BATCH_REDUCTION service=reglas podName=operaciones-reglas-back-app-5894db7bb6-7np7h batchId=acc04877-b8c0-458a-8009-51e2060dbb1e legacyFractionationToRulesHttpCallsEstimated=50 fractionationToRulesBatchHttpCalls=1 legacyTradeReadsEstimated=50 tradeRepositoryReadsAfter=1 legacySettlementReadsEstimated=50 settlementRepositoryReadsAfter=1 logicalStatusTransitionRequests=200 uniqueStatusTransitionKeys=4 statusHttpCallsAfter=4 statusHttpReductionPercent=98
[30m2026-08-26T02:37:47,585[m [32mINFO  [m[[1;34mhttp-nio-8080-exec-73[m] [36mStatusUpdateBusinessRuleServiceImpl[m - PERF_RULES_BATCH service=reglas podName=operaciones-reglas-back-app-5894db7bb6-7np7h batchId=f8b2ba61-33e2-4998-9415-80a2259007bc items=50 tradeRequested=50 tradeUnique=50 tradeRepositoryCalls=1 tradeRowsLoaded=50 tradeBulkMs=4 settlementRequestedPairs=50 settlementUniquePairs=50 settlementRepositoryCalls=1 settlementRowsLoaded=0 settlementBulkMs=2 businessRuleRepositoryCalls=0 statusTransitionRequests=200 uniqueStatusTransitionKeys=4 statusHttpCalls=4 statusHttpTotalMs=17 evaluationMs=2 prevalidatedCount=50 businessValidCount=50 businessRejectedCount=0 fallbackCount=0 totalMs=27 result=SUCCESS
[30m2026-08-26T02:37:47,585[m [32mINFO  [m[[1;34mhttp-nio-8080-exec-73[m] [36mStatusUpdateBusinessRuleServiceImpl[m - PERF_RULES_BATCH_REDUCTION service=reglas podName=operaciones-reglas-back-app-5894db7bb6-7np7h batchId=f8b2ba61-33e2-4998-9415-80a2259007bc legacyFractionationToRulesHttpCallsEstimated=50 fractionationToRulesBatchHttpCalls=1 legacyTradeReadsEstimated=50 tradeRepositoryReadsAfter=1 legacySettlementReadsEstimated=50 settlementRepositoryReadsAfter=1 logicalStatusTransitionRequests=200 uniqueStatusTransitionKeys=4 statusHttpCallsAfter=4 statusHttpReductionPercent=98
[30m2026-08-26T02:37:48,757[m [32mINFO  [m[[1;34mhttp-nio-8080-exec-74[m] [36mStatusUpdateBusinessRuleServiceImpl[m - PERF_RULES_BATCH service=reglas podName=operaciones-reglas-back-app-5894db7bb6-7np7h batchId=2ae2aa90-cd91-4235-b4a0-bcf1a8e6f728 items=50 tradeRequested=50 tradeUnique=50 tradeRepositoryCalls=1 tradeRowsLoaded=50 tradeBulkMs=4 settlementRequestedPairs=50 settlementUniquePairs=50 settlementRepositoryCalls=1 settlementRowsLoaded=0 settlementBulkMs=2 businessRuleRepositoryCalls=0 statusTransitionRequests=200 uniqueStatusTransitionKeys=4 statusHttpCalls=4 statusHttpTotalMs=15 evaluationMs=2 prevalidatedCount=50 businessValidCount=50 businessRejectedCount=0 fallbackCount=0 totalMs=25 result=SUCCESS
[30m2026-08-26T02:37:48,758[m [32mINFO  [m[[1;34mhttp-nio-8080-exec-74[m] [36mStatusUpdateBusinessRuleServiceImpl[m - PERF_RULES_BATCH_REDUCTION service=reglas podName=operaciones-reglas-back-app-5894db7bb6-7np7h batchId=2ae2aa90-cd91-4235-b4a0-bcf1a8e6f728 legacyFractionationToRulesHttpCallsEstimated=50 fractionationToRulesBatchHttpCalls=1 legacyTradeReadsEstimated=50 tradeRepositoryReadsAfter=1 legacySettlementReadsEstimated=50 settlementRepositoryReadsAfter=1 logicalStatusTransitionRequests=200 uniqueStatusTransitionKeys=4 statusHttpCallsAfter=4 statusHttpReductionPercent=98
[30m2026-08-26T02:37:50,032[m [32mINFO  [m[[1;34mhttp-nio-8080-exec-75[m] [36mStatusUpdateBusinessRuleServiceImpl[m - PERF_RULES_BATCH service=reglas podName=operaciones-reglas-back-app-5894db7bb6-7np7h batchId=269aecc5-bd63-4b9a-aac8-f4bd59ecbcaa items=50 tradeRequested=50 tradeUnique=50 tradeRepositoryCalls=1 tradeRowsLoaded=50 tradeBulkMs=10 settlementRequestedPairs=50 settlementUniquePairs=50 settlementRepositoryCalls=1 settlementRowsLoaded=0 settlementBulkMs=3 businessRuleRepositoryCalls=0 statusTransitionRequests=200 uniqueStatusTransitionKeys=4 statusHttpCalls=4 statusHttpTotalMs=17 evaluationMs=2 prevalidatedCount=50 businessValidCount=50 businessRejectedCount=0 fallbackCount=0 totalMs=35 result=SUCCESS
[30m2026-08-26T02:37:50,032[m [32mINFO  [m[[1;34mhttp-nio-8080-exec-75[m] [36mStatusUpdateBusinessRuleServiceImpl[m - PERF_RULES_BATCH_REDUCTION service=reglas podName=operaciones-reglas-back-app-5894db7bb6-7np7h batchId=269aecc5-bd63-4b9a-aac8-f4bd59ecbcaa legacyFractionationToRulesHttpCallsEstimated=50 fractionationToRulesBatchHttpCalls=1 legacyTradeReadsEstimated=50 tradeRepositoryReadsAfter=1 legacySettlementReadsEstimated=50 settlementRepositoryReadsAfter=1 logicalStatusTransitionRequests=200 uniqueStatusTransitionKeys=4 statusHttpCallsAfter=4 statusHttpReductionPercent=98
[30m2026-08-26T02:37:51,262[m [32mINFO  [m[[1;34mhttp-nio-8080-exec-76[m] [36mStatusUpdateBusinessRuleServiceImpl[m - PERF_RULES_BATCH service=reglas podName=operaciones-reglas-back-app-5894db7bb6-7np7h batchId=7b4a57c4-4506-41ab-ab72-047af876ea02 items=50 tradeRequested=50 tradeUnique=50 tradeRepositoryCalls=1 tradeRowsLoaded=50 tradeBulkMs=4 settlementRequestedPairs=50 settlementUniquePairs=50 settlementRepositoryCalls=1 settlementRowsLoaded=0 settlementBulkMs=2 businessRuleRepositoryCalls=0 statusTransitionRequests=200 uniqueStatusTransitionKeys=4 statusHttpCalls=4 statusHttpTotalMs=16 evaluationMs=2 prevalidatedCount=50 businessValidCount=50 businessRejectedCount=0 fallbackCount=0 totalMs=26 result=SUCCESS
[30m2026-08-26T02:37:51,263[m [32mINFO  [m[[1;34mhttp-nio-8080-exec-76[m] [36mStatusUpdateBusinessRuleServiceImpl[m - PERF_RULES_BATCH_REDUCTION service=reglas podName=operaciones-reglas-back-app-5894db7bb6-7np7h batchId=7b4a57c4-4506-41ab-ab72-047af876ea02 legacyFractionationToRulesHttpCallsEstimated=50 fractionationToRulesBatchHttpCalls=1 legacyTradeReadsEstimated=50 tradeRepositoryReadsAfter=1 legacySettlementReadsEstimated=50 settlementRepositoryReadsAfter=1 logicalStatusTransitionRequests=200 uniqueStatusTransitionKeys=4 statusHttpCallsAfter=4 statusHttpReductionPercent=98
[30m2026-08-26T02:37:52,585[m [32mINFO  [m[[1;34mhttp-nio-8080-exec-77[m] [36mStatusUpdateBusinessRuleServiceImpl[m - PERF_RULES_BATCH service=reglas podName=operaciones-reglas-back-app-5894db7bb6-7np7h batchId=616bb0d3-39da-4a87-99ed-77ba7144cd44 items=50 tradeRequested=50 tradeUnique=50 tradeRepositoryCalls=1 tradeRowsLoaded=50 tradeBulkMs=4 settlementRequestedPairs=50 settlementUniquePairs=50 settlementRepositoryCalls=1 settlementRowsLoaded=0 settlementBulkMs=2 businessRuleRepositoryCalls=0 statusTransitionRequests=200 uniqueStatusTransitionKeys=4 statusHttpCalls=4 statusHttpTotalMs=15 evaluationMs=2 prevalidatedCount=50 businessValidCount=50 businessRejectedCount=0 fallbackCount=0 totalMs=26 result=SUCCESS
[30m2026-08-26T02:37:52,586[m [32mINFO  [m[[1;34mhttp-nio-8080-exec-77[m] [36mStatusUpdateBusinessRuleServiceImpl[m - PERF_RULES_BATCH_REDUCTION service=reglas podName=operaciones-reglas-back-app-5894db7bb6-7np7h batchId=616bb0d3-39da-4a87-99ed-77ba7144cd44 legacyFractionationToRulesHttpCallsEstimated=50 fractionationToRulesBatchHttpCalls=1 legacyTradeReadsEstimated=50 tradeRepositoryReadsAfter=1 legacySettlementReadsEstimated=50 settlementRepositoryReadsAfter=1 logicalStatusTransitionRequests=200 uniqueStatusTransitionKeys=4 statusHttpCallsAfter=4 statusHttpReductionPercent=98
[30m2026-08-26T02:37:53,834[m [32mINFO  [m[[1;34mhttp-nio-8080-exec-78[m] [36mStatusUpdateBusinessRuleServiceImpl[m - PERF_RULES_BATCH service=reglas podName=operaciones-reglas-back-app-5894db7bb6-7np7h batchId=b7bd96c8-dfdd-4a1b-9021-5337ea702561 items=50 tradeRequested=50 tradeUnique=50 tradeRepositoryCalls=1 tradeRowsLoaded=50 tradeBulkMs=4 settlementRequestedPairs=50 settlementUniquePairs=50 settlementRepositoryCalls=1 settlementRowsLoaded=0 settlementBulkMs=2 businessRuleRepositoryCalls=0 statusTransitionRequests=200 uniqueStatusTransitionKeys=4 statusHttpCalls=4 statusHttpTotalMs=17 evaluationMs=2 prevalidatedCount=50 businessValidCount=50 businessRejectedCount=0 fallbackCount=0 totalMs=27 result=SUCCESS
[30m2026-08-26T02:37:53,834[m [32mINFO  [m[[1;34mhttp-nio-8080-exec-78[m] [36mStatusUpdateBusinessRuleServiceImpl[m - PERF_RULES_BATCH_REDUCTION service=reglas podName=operaciones-reglas-back-app-5894db7bb6-7np7h batchId=b7bd96c8-dfdd-4a1b-9021-5337ea702561 legacyFractionationToRulesHttpCallsEstimated=50 fractionationToRulesBatchHttpCalls=1 legacyTradeReadsEstimated=50 tradeRepositoryReadsAfter=1 legacySettlementReadsEstimated=50 settlementRepositoryReadsAfter=1 logicalStatusTransitionRequests=200 uniqueStatusTransitionKeys=4 statusHttpCallsAfter=4 statusHttpReductionPercent=98
[30m2026-08-26T02:37:54,980[m [32mINFO  [m[[1;34mhttp-nio-8080-exec-79[m] [36mStatusUpdateBusinessRuleServiceImpl[m - PERF_RULES_BATCH service=reglas podName=operaciones-reglas-back-app-5894db7bb6-7np7h batchId=51e2bbf3-f9df-4e20-bca5-ba2ae78f74d5 items=50 tradeRequested=50 tradeUnique=50 tradeRepositoryCalls=1 tradeRowsLoaded=50 tradeBulkMs=4 settlementRequestedPairs=50 settlementUniquePairs=50 settlementRepositoryCalls=1 settlementRowsLoaded=0 settlementBulkMs=2 businessRuleRepositoryCalls=0 statusTransitionRequests=200 uniqueStatusTransitionKeys=4 statusHttpCalls=4 statusHttpTotalMs=16 evaluationMs=2 prevalidatedCount=50 businessValidCount=50 businessRejectedCount=0 fallbackCount=0 totalMs=26 result=SUCCESS
[30m2026-08-26T02:37:54,980[m [32mINFO  [m[[1;34mhttp-nio-8080-exec-79[m] [36mStatusUpdateBusinessRuleServiceImpl[m - PERF_RULES_BATCH_REDUCTION service=reglas podName=operaciones-reglas-back-app-5894db7bb6-7np7h batchId=51e2bbf3-f9df-4e20-bca5-ba2ae78f74d5 legacyFractionationToRulesHttpCallsEstimated=50 fractionationToRulesBatchHttpCalls=1 legacyTradeReadsEstimated=50 tradeRepositoryReadsAfter=1 legacySettlementReadsEstimated=50 settlementRepositoryReadsAfter=1 logicalStatusTransitionRequests=200 uniqueStatusTransitionKeys=4 statusHttpCallsAfter=4 statusHttpReductionPercent=98
[30m2026-08-26T02:37:56,182[m [32mINFO  [m[[1;34mhttp-nio-8080-exec-80[m] [36mStatusUpdateBusinessRuleServiceImpl[m - PERF_RULES_BATCH service=reglas podName=operaciones-reglas-back-app-5894db7bb6-7np7h batchId=7659b23a-8e04-44cc-b8fe-8b1250d0d157 items=50 tradeRequested=50 tradeUnique=50 tradeRepositoryCalls=1 tradeRowsLoaded=50 tradeBulkMs=4 settlementRequestedPairs=50 settlementUniquePairs=50 settlementRepositoryCalls=1 settlementRowsLoaded=0 settlementBulkMs=2 businessRuleRepositoryCalls=0 statusTransitionRequests=200 uniqueStatusTransitionKeys=4 statusHttpCalls=4 statusHttpTotalMs=15 evaluationMs=2 prevalidatedCount=50 businessValidCount=50 businessRejectedCount=0 fallbackCount=0 totalMs=25 result=SUCCESS
[30m2026-08-26T02:37:56,183[m [32mINFO  [m[[1;34mhttp-nio-8080-exec-80[m] [36mStatusUpdateBusinessRuleServiceImpl[m - PERF_RULES_BATCH_REDUCTION service=reglas podName=operaciones-reglas-back-app-5894db7bb6-7np7h batchId=7659b23a-8e04-44cc-b8fe-8b1250d0d157 legacyFractionationToRulesHttpCallsEstimated=50 fractionationToRulesBatchHttpCalls=1 legacyTradeReadsEstimated=50 tradeRepositoryReadsAfter=1 legacySettlementReadsEstimated=50 settlementRepositoryReadsAfter=1 logicalStatusTransitionRequests=200 uniqueStatusTransitionKeys=4 statusHttpCallsAfter=4 statusHttpReductionPercent=98
[30m2026-08-26T02:37:57,349[m [32mINFO  [m[[1;34mhttp-nio-8080-exec-81[m] [36mStatusUpdateBusinessRuleServiceImpl[m - PERF_RULES_BATCH service=reglas podName=operaciones-reglas-back-app-5894db7bb6-7np7h batchId=0118d91e-81b9-4429-b19c-003057395048 items=50 tradeRequested=50 tradeUnique=50 tradeRepositoryCalls=1 tradeRowsLoaded=50 tradeBulkMs=4 settlementRequestedPairs=50 settlementUniquePairs=50 settlementRepositoryCalls=1 settlementRowsLoaded=0 settlementBulkMs=3 businessRuleRepositoryCalls=0 statusTransitionRequests=200 uniqueStatusTransitionKeys=4 statusHttpCalls=4 statusHttpTotalMs=17 evaluationMs=2 prevalidatedCount=50 businessValidCount=50 businessRejectedCount=0 fallbackCount=0 totalMs=27 result=SUCCESS
[30m2026-08-26T02:37:57,349[m [32mINFO  [m[[1;34mhttp-nio-8080-exec-81[m] [36mStatusUpdateBusinessRuleServiceImpl[m - PERF_RULES_BATCH_REDUCTION service=reglas podName=operaciones-reglas-back-app-5894db7bb6-7np7h batchId=0118d91e-81b9-4429-b19c-003057395048 legacyFractionationToRulesHttpCallsEstimated=50 fractionationToRulesBatchHttpCalls=1 legacyTradeReadsEstimated=50 tradeRepositoryReadsAfter=1 legacySettlementReadsEstimated=50 settlementRepositoryReadsAfter=1 logicalStatusTransitionRequests=200 uniqueStatusTransitionKeys=4 statusHttpCallsAfter=4 statusHttpReductionPercent=98
[30m2026-08-26T02:37:58,507[m [32mINFO  [m[[1;34mhttp-nio-8080-exec-82[m] [36mStatusUpdateBusinessRuleServiceImpl[m - PERF_RULES_BATCH service=reglas podName=operaciones-reglas-back-app-5894db7bb6-7np7h batchId=c5bd7e4b-d98d-434f-90e0-0f94d4fe607a items=50 tradeRequested=50 tradeUnique=50 tradeRepositoryCalls=1 tradeRowsLoaded=50 tradeBulkMs=5 settlementRequestedPairs=50 settlementUniquePairs=50 settlementRepositoryCalls=1 settlementRowsLoaded=0 settlementBulkMs=3 businessRuleRepositoryCalls=0 statusTransitionRequests=200 uniqueStatusTransitionKeys=4 statusHttpCalls=4 statusHttpTotalMs=17 evaluationMs=3 prevalidatedCount=50 businessValidCount=50 businessRejectedCount=0 fallbackCount=0 totalMs=30 result=SUCCESS
[30m2026-08-26T02:37:58,507[m [32mINFO  [m[[1;34mhttp-nio-8080-exec-82[m] [36mStatusUpdateBusinessRuleServiceImpl[m - PERF_RULES_BATCH_REDUCTION service=reglas podName=operaciones-reglas-back-app-5894db7bb6-7np7h batchId=c5bd7e4b-d98d-434f-90e0-0f94d4fe607a legacyFractionationToRulesHttpCallsEstimated=50 fractionationToRulesBatchHttpCalls=1 legacyTradeReadsEstimated=50 tradeRepositoryReadsAfter=1 legacySettlementReadsEstimated=50 settlementRepositoryReadsAfter=1 logicalStatusTransitionRequests=200 uniqueStatusTransitionKeys=4 statusHttpCallsAfter=4 statusHttpReductionPercent=98
[30m2026-08-26T02:37:59,752[m [32mINFO  [m[[1;34mhttp-nio-8080-exec-83[m] [36mStatusUpdateBusinessRuleServiceImpl[m - PERF_RULES_BATCH service=reglas podName=operaciones-reglas-back-app-5894db7bb6-7np7h batchId=430b4ef8-7e22-41ac-a286-eb87d868d2ec items=50 tradeRequested=50 tradeUnique=50 tradeRepositoryCalls=1 tradeRowsLoaded=50 tradeBulkMs=4 settlementRequestedPairs=50 settlementUniquePairs=50 settlementRepositoryCalls=1 settlementRowsLoaded=0 settlementBulkMs=2 businessRuleRepositoryCalls=0 statusTransitionRequests=200 uniqueStatusTransitionKeys=4 statusHttpCalls=4 statusHttpTotalMs=15 evaluationMs=2 prevalidatedCount=50 businessValidCount=50 businessRejectedCount=0 fallbackCount=0 totalMs=25 result=SUCCESS
[30m2026-08-26T02:37:59,752[m [32mINFO  [m[[1;34mhttp-nio-8080-exec-83[m] [36mStatusUpdateBusinessRuleServiceImpl[m - PERF_RULES_BATCH_REDUCTION service=reglas podName=operaciones-reglas-back-app-5894db7bb6-7np7h batchId=430b4ef8-7e22-41ac-a286-eb87d868d2ec legacyFractionationToRulesHttpCallsEstimated=50 fractionationToRulesBatchHttpCalls=1 legacyTradeReadsEstimated=50 tradeRepositoryReadsAfter=1 legacySettlementReadsEstimated=50 settlementRepositoryReadsAfter=1 logicalStatusTransitionRequests=200 uniqueStatusTransitionKeys=4 statusHttpCallsAfter=4 statusHttpReductionPercent=98
[30m2026-08-26T02:38:01,009[m [32mINFO  [m[[1;34mhttp-nio-8080-exec-84[m] [36mStatusUpdateBusinessRuleServiceImpl[m - PERF_RULES_BATCH service=reglas podName=operaciones-reglas-back-app-5894db7bb6-7np7h batchId=3c95a1d1-7a69-46b3-ab91-3f9acd038a97 items=50 tradeRequested=50 tradeUnique=50 tradeRepositoryCalls=1 tradeRowsLoaded=50 tradeBulkMs=4 settlementRequestedPairs=50 settlementUniquePairs=50 settlementRepositoryCalls=1 settlementRowsLoaded=0 settlementBulkMs=2 businessRuleRepositoryCalls=0 statusTransitionRequests=200 uniqueStatusTransitionKeys=4 statusHttpCalls=4 statusHttpTotalMs=16 evaluationMs=2 prevalidatedCount=50 businessValidCount=50 businessRejectedCount=0 fallbackCount=0 totalMs=26 result=SUCCESS
[30m2026-08-26T02:38:01,010[m [32mINFO  [m[[1;34mhttp-nio-8080-exec-84[m] [36mStatusUpdateBusinessRuleServiceImpl[m - PERF_RULES_BATCH_REDUCTION service=reglas podName=operaciones-reglas-back-app-5894db7bb6-7np7h batchId=3c95a1d1-7a69-46b3-ab91-3f9acd038a97 legacyFractionationToRulesHttpCallsEstimated=50 fractionationToRulesBatchHttpCalls=1 legacyTradeReadsEstimated=50 tradeRepositoryReadsAfter=1 legacySettlementReadsEstimated=50 settlementRepositoryReadsAfter=1 logicalStatusTransitionRequests=200 uniqueStatusTransitionKeys=4 statusHttpCallsAfter=4 statusHttpReductionPercent=98
[30m2026-08-26T02:38:02,345[m [32mINFO  [m[[1;34mhttp-nio-8080-exec-85[m] [36mStatusUpdateBusinessRuleServiceImpl[m - PERF_RULES_BATCH service=reglas podName=operaciones-reglas-back-app-5894db7bb6-7np7h batchId=46537dea-ed53-44d2-8472-936ba2ac123f items=50 tradeRequested=50 tradeUnique=50 tradeRepositoryCalls=1 tradeRowsLoaded=50 tradeBulkMs=5 settlementRequestedPairs=50 settlementUniquePairs=50 settlementRepositoryCalls=1 settlementRowsLoaded=0 settlementBulkMs=3 businessRuleRepositoryCalls=0 statusTransitionRequests=200 uniqueStatusTransitionKeys=4 statusHttpCalls=4 statusHttpTotalMs=19 evaluationMs=2 prevalidatedCount=50 businessValidCount=50 businessRejectedCount=0 fallbackCount=0 totalMs=31 result=SUCCESS
[30m2026-08-26T02:38:02,346[m [32mINFO  [m[[1;34mhttp-nio-8080-exec-85[m] [36mStatusUpdateBusinessRuleServiceImpl[m - PERF_RULES_BATCH_REDUCTION service=reglas podName=operaciones-reglas-back-app-5894db7bb6-7np7h batchId=46537dea-ed53-44d2-8472-936ba2ac123f legacyFractionationToRulesHttpCallsEstimated=50 fractionationToRulesBatchHttpCalls=1 legacyTradeReadsEstimated=50 tradeRepositoryReadsAfter=1 legacySettlementReadsEstimated=50 settlementRepositoryReadsAfter=1 logicalStatusTransitionRequests=200 uniqueStatusTransitionKeys=4 statusHttpCallsAfter=4 statusHttpReductionPercent=98
[30m2026-08-26T02:38:03,599[m [32mINFO  [m[[1;34mhttp-nio-8080-exec-86[m] [36mStatusUpdateBusinessRuleServiceImpl[m - PERF_RULES_BATCH service=reglas podName=operaciones-reglas-back-app-5894db7bb6-7np7h batchId=19c24cfc-5d92-4826-89f2-c3fcce6de65b items=50 tradeRequested=50 tradeUnique=50 tradeRepositoryCalls=1 tradeRowsLoaded=50 tradeBulkMs=4 settlementRequestedPairs=50 settlementUniquePairs=50 settlementRepositoryCalls=1 settlementRowsLoaded=0 settlementBulkMs=2 businessRuleRepositoryCalls=0 statusTransitionRequests=200 uniqueStatusTransitionKeys=4 statusHttpCalls=4 statusHttpTotalMs=17 evaluationMs=3 prevalidatedCount=50 businessValidCount=50 businessRejectedCount=0 fallbackCount=0 totalMs=29 result=SUCCESS
[30m2026-08-26T02:38:03,600[m [32mINFO  [m[[1;34mhttp-nio-8080-exec-86[m] [36mStatusUpdateBusinessRuleServiceImpl[m - PERF_RULES_BATCH_REDUCTION service=reglas podName=operaciones-reglas-back-app-5894db7bb6-7np7h batchId=19c24cfc-5d92-4826-89f2-c3fcce6de65b legacyFractionationToRulesHttpCallsEstimated=50 fractionationToRulesBatchHttpCalls=1 legacyTradeReadsEstimated=50 tradeRepositoryReadsAfter=1 legacySettlementReadsEstimated=50 settlementRepositoryReadsAfter=1 logicalStatusTransitionRequests=200 uniqueStatusTransitionKeys=4 statusHttpCallsAfter=4 statusHttpReductionPercent=98
[30m2026-08-26T02:38:04,869[m [32mINFO  [m[[1;34mhttp-nio-8080-exec-87[m] [36mStatusUpdateBusinessRuleServiceImpl[m - PERF_RULES_BATCH service=reglas podName=operaciones-reglas-back-app-5894db7bb6-7np7h batchId=006767d9-eb0b-47a0-8c82-aa1819967635 items=50 tradeRequested=50 tradeUnique=50 tradeRepositoryCalls=1 tradeRowsLoaded=50 tradeBulkMs=4 settlementRequestedPairs=50 settlementUniquePairs=50 settlementRepositoryCalls=1 settlementRowsLoaded=0 settlementBulkMs=2 businessRuleRepositoryCalls=0 statusTransitionRequests=200 uniqueStatusTransitionKeys=4 statusHttpCalls=4 statusHttpTotalMs=16 evaluationMs=2 prevalidatedCount=50 businessValidCount=50 businessRejectedCount=0 fallbackCount=0 totalMs=26 result=SUCCESS
[30m2026-08-26T02:38:04,869[m [32mINFO  [m[[1;34mhttp-nio-8080-exec-87[m] [36mStatusUpdateBusinessRuleServiceImpl[m - PERF_RULES_BATCH_REDUCTION service=reglas podName=operaciones-reglas-back-app-5894db7bb6-7np7h batchId=006767d9-eb0b-47a0-8c82-aa1819967635 legacyFractionationToRulesHttpCallsEstimated=50 fractionationToRulesBatchHttpCalls=1 legacyTradeReadsEstimated=50 tradeRepositoryReadsAfter=1 legacySettlementReadsEstimated=50 settlementRepositoryReadsAfter=1 logicalStatusTransitionRequests=200 uniqueStatusTransitionKeys=4 statusHttpCallsAfter=4 statusHttpReductionPercent=98
[30m2026-08-26T02:38:05,993[m [32mINFO  [m[[1;34mhttp-nio-8080-exec-88[m] [36mStatusUpdateBusinessRuleServiceImpl[m - PERF_RULES_BATCH service=reglas podName=operaciones-reglas-back-app-5894db7bb6-7np7h batchId=91f8249c-4ec7-4a2f-81c4-d5313e7bc0d0 items=50 tradeRequested=50 tradeUnique=50 tradeRepositoryCalls=1 tradeRowsLoaded=50 tradeBulkMs=8 settlementRequestedPairs=50 settlementUniquePairs=50 settlementRepositoryCalls=1 settlementRowsLoaded=0 settlementBulkMs=2 businessRuleRepositoryCalls=0 statusTransitionRequests=200 uniqueStatusTransitionKeys=4 statusHttpCalls=4 statusHttpTotalMs=16 evaluationMs=2 prevalidatedCount=50 businessValidCount=50 businessRejectedCount=0 fallbackCount=0 totalMs=30 result=SUCCESS
[30m2026-08-26T02:38:05,993[m [32mINFO  [m[[1;34mhttp-nio-8080-exec-88[m] [36mStatusUpdateBusinessRuleServiceImpl[m - PERF_RULES_BATCH_REDUCTION service=reglas podName=operaciones-reglas-back-app-5894db7bb6-7np7h batchId=91f8249c-4ec7-4a2f-81c4-d5313e7bc0d0 legacyFractionationToRulesHttpCallsEstimated=50 fractionationToRulesBatchHttpCalls=1 legacyTradeReadsEstimated=50 tradeRepositoryReadsAfter=1 legacySettlementReadsEstimated=50 settlementRepositoryReadsAfter=1 logicalStatusTransitionRequests=200 uniqueStatusTransitionKeys=4 statusHttpCallsAfter=4 statusHttpReductionPercent=98
[30m2026-08-26T02:38:07,096[m [32mINFO  [m[[1;34mhttp-nio-8080-exec-89[m] [36mStatusUpdateBusinessRuleServiceImpl[m - PERF_RULES_BATCH service=reglas podName=operaciones-reglas-back-app-5894db7bb6-7np7h batchId=a43b1eb5-2963-4600-94ca-cc339591ae45 items=50 tradeRequested=50 tradeUnique=50 tradeRepositoryCalls=1 tradeRowsLoaded=50 tradeBulkMs=4 settlementRequestedPairs=50 settlementUniquePairs=50 settlementRepositoryCalls=1 settlementRowsLoaded=0 settlementBulkMs=3 businessRuleRepositoryCalls=0 statusTransitionRequests=200 uniqueStatusTransitionKeys=4 statusHttpCalls=4 statusHttpTotalMs=16 evaluationMs=2 prevalidatedCount=50 businessValidCount=50 businessRejectedCount=0 fallbackCount=0 totalMs=27 result=SUCCESS
[30m2026-08-26T02:38:07,097[m [32mINFO  [m[[1;34mhttp-nio-8080-exec-89[m] [36mStatusUpdateBusinessRuleServiceImpl[m - PERF_RULES_BATCH_REDUCTION service=reglas podName=operaciones-reglas-back-app-5894db7bb6-7np7h batchId=a43b1eb5-2963-4600-94ca-cc339591ae45 legacyFractionationToRulesHttpCallsEstimated=50 fractionationToRulesBatchHttpCalls=1 legacyTradeReadsEstimated=50 tradeRepositoryReadsAfter=1 legacySettlementReadsEstimated=50 settlementRepositoryReadsAfter=1 logicalStatusTransitionRequests=200 uniqueStatusTransitionKeys=4 statusHttpCallsAfter=4 statusHttpReductionPercent=98
[30m2026-08-26T02:38:08,299[m [32mINFO  [m[[1;34mhttp-nio-8080-exec-90[m] [36mStatusUpdateBusinessRuleServiceImpl[m - PERF_RULES_BATCH service=reglas podName=operaciones-reglas-back-app-5894db7bb6-7np7h batchId=a5ea99c2-be18-4aa8-89c0-d43dab8bc8d6 items=50 tradeRequested=50 tradeUnique=50 tradeRepositoryCalls=1 tradeRowsLoaded=50 tradeBulkMs=5 settlementRequestedPairs=50 settlementUniquePairs=50 settlementRepositoryCalls=1 settlementRowsLoaded=0 settlementBulkMs=3 businessRuleRepositoryCalls=0 statusTransitionRequests=200 uniqueStatusTransitionKeys=4 statusHttpCalls=4 statusHttpTotalMs=15 evaluationMs=2 prevalidatedCount=50 businessValidCount=50 businessRejectedCount=0 fallbackCount=0 totalMs=27 result=SUCCESS
[30m2026-08-26T02:38:08,300[m [32mINFO  [m[[1;34mhttp-nio-8080-exec-90[m] [36mStatusUpdateBusinessRuleServiceImpl[m - PERF_RULES_BATCH_REDUCTION service=reglas podName=operaciones-reglas-back-app-5894db7bb6-7np7h batchId=a5ea99c2-be18-4aa8-89c0-d43dab8bc8d6 legacyFractionationToRulesHttpCallsEstimated=50 fractionationToRulesBatchHttpCalls=1 legacyTradeReadsEstimated=50 tradeRepositoryReadsAfter=1 legacySettlementReadsEstimated=50 settlementRepositoryReadsAfter=1 logicalStatusTransitionRequests=200 uniqueStatusTransitionKeys=4 statusHttpCallsAfter=4 statusHttpReductionPercent=98
[30m2026-08-26T02:38:09,340[m [32mINFO  [m[[1;34mhttp-nio-8080-exec-91[m] [36mStatusUpdateBusinessRuleServiceImpl[m - PERF_RULES_BATCH service=reglas podName=operaciones-reglas-back-app-5894db7bb6-7np7h batchId=0ec5a906-c024-4cfb-82fe-7b04feedd6a3 items=50 tradeRequested=50 tradeUnique=50 tradeRepositoryCalls=1 tradeRowsLoaded=50 tradeBulkMs=4 settlementRequestedPairs=50 settlementUniquePairs=50 settlementRepositoryCalls=1 settlementRowsLoaded=0 settlementBulkMs=2 businessRuleRepositoryCalls=0 statusTransitionRequests=200 uniqueStatusTransitionKeys=4 statusHttpCalls=4 statusHttpTotalMs=16 evaluationMs=2 prevalidatedCount=50 businessValidCount=50 businessRejectedCount=0 fallbackCount=0 totalMs=26 result=SUCCESS
[30m2026-08-26T02:38:09,341[m [32mINFO  [m[[1;34mhttp-nio-8080-exec-91[m] [36mStatusUpdateBusinessRuleServiceImpl[m - PERF_RULES_BATCH_REDUCTION service=reglas podName=operaciones-reglas-back-app-5894db7bb6-7np7h batchId=0ec5a906-c024-4cfb-82fe-7b04feedd6a3 legacyFractionationToRulesHttpCallsEstimated=50 fractionationToRulesBatchHttpCalls=1 legacyTradeReadsEstimated=50 tradeRepositoryReadsAfter=1 legacySettlementReadsEstimated=50 settlementRepositoryReadsAfter=1 logicalStatusTransitionRequests=200 uniqueStatusTransitionKeys=4 statusHttpCallsAfter=4 statusHttpReductionPercent=98
[30m2026-08-26T02:38:10,418[m [32mINFO  [m[[1;34mhttp-nio-8080-exec-92[m] [36mStatusUpdateBusinessRuleServiceImpl[m - PERF_RULES_BATCH service=reglas podName=operaciones-reglas-back-app-5894db7bb6-7np7h batchId=aa7c1c23-1171-4699-85fc-5601586962c4 items=50 tradeRequested=50 tradeUnique=50 tradeRepositoryCalls=1 tradeRowsLoaded=50 tradeBulkMs=4 settlementRequestedPairs=50 settlementUniquePairs=50 settlementRepositoryCalls=1 settlementRowsLoaded=0 settlementBulkMs=2 businessRuleRepositoryCalls=0 statusTransitionRequests=200 uniqueStatusTransitionKeys=4 statusHttpCalls=4 statusHttpTotalMs=15 evaluationMs=2 prevalidatedCount=50 businessValidCount=50 businessRejectedCount=0 fallbackCount=0 totalMs=24 result=SUCCESS
[30m2026-08-26T02:38:10,418[m [32mINFO  [m[[1;34mhttp-nio-8080-exec-92[m] [36mStatusUpdateBusinessRuleServiceImpl[m - PERF_RULES_BATCH_REDUCTION service=reglas podName=operaciones-reglas-back-app-5894db7bb6-7np7h batchId=aa7c1c23-1171-4699-85fc-5601586962c4 legacyFractionationToRulesHttpCallsEstimated=50 fractionationToRulesBatchHttpCalls=1 legacyTradeReadsEstimated=50 tradeRepositoryReadsAfter=1 legacySettlementReadsEstimated=50 settlementRepositoryReadsAfter=1 logicalStatusTransitionRequests=200 uniqueStatusTransitionKeys=4 statusHttpCallsAfter=4 statusHttpReductionPercent=98
[30m2026-08-26T02:38:11,497[m [32mINFO  [m[[1;34mhttp-nio-8080-exec-93[m] [36mStatusUpdateBusinessRuleServiceImpl[m - PERF_RULES_BATCH service=reglas podName=operaciones-reglas-back-app-5894db7bb6-7np7h batchId=b44c4d18-be34-47f1-8c81-da8cd3bfeef1 items=50 tradeRequested=50 tradeUnique=50 tradeRepositoryCalls=1 tradeRowsLoaded=50 tradeBulkMs=4 settlementRequestedPairs=50 settlementUniquePairs=50 settlementRepositoryCalls=1 settlementRowsLoaded=0 settlementBulkMs=2 businessRuleRepositoryCalls=0 statusTransitionRequests=200 uniqueStatusTransitionKeys=4 statusHttpCalls=4 statusHttpTotalMs=16 evaluationMs=2 prevalidatedCount=50 businessValidCount=50 businessRejectedCount=0 fallbackCount=0 totalMs=26 result=SUCCESS
[30m2026-08-26T02:38:11,497[m [32mINFO  [m[[1;34mhttp-nio-8080-exec-93[m] [36mStatusUpdateBusinessRuleServiceImpl[m - PERF_RULES_BATCH_REDUCTION service=reglas podName=operaciones-reglas-back-app-5894db7bb6-7np7h batchId=b44c4d18-be34-47f1-8c81-da8cd3bfeef1 legacyFractionationToRulesHttpCallsEstimated=50 fractionationToRulesBatchHttpCalls=1 legacyTradeReadsEstimated=50 tradeRepositoryReadsAfter=1 legacySettlementReadsEstimated=50 settlementRepositoryReadsAfter=1 logicalStatusTransitionRequests=200 uniqueStatusTransitionKeys=4 statusHttpCallsAfter=4 statusHttpReductionPercent=98
[30m2026-08-26T02:38:12,543[m [32mINFO  [m[[1;34mhttp-nio-8080-exec-94[m] [36mStatusUpdateBusinessRuleServiceImpl[m - PERF_RULES_BATCH service=reglas podName=operaciones-reglas-back-app-5894db7bb6-7np7h batchId=7e39a77e-dcaf-4425-9ae6-bcedb5bebef3 items=50 tradeRequested=50 tradeUnique=50 tradeRepositoryCalls=1 tradeRowsLoaded=50 tradeBulkMs=4 settlementRequestedPairs=50 settlementUniquePairs=50 settlementRepositoryCalls=1 settlementRowsLoaded=0 settlementBulkMs=2 businessRuleRepositoryCalls=0 statusTransitionRequests=200 uniqueStatusTransitionKeys=4 statusHttpCalls=4 statusHttpTotalMs=16 evaluationMs=2 prevalidatedCount=50 businessValidCount=50 businessRejectedCount=0 fallbackCount=0 totalMs=25 result=SUCCESS
[30m2026-08-26T02:38:12,543[m [32mINFO  [m[[1;34mhttp-nio-8080-exec-94[m] [36mStatusUpdateBusinessRuleServiceImpl[m - PERF_RULES_BATCH_REDUCTION service=reglas podName=operaciones-reglas-back-app-5894db7bb6-7np7h batchId=7e39a77e-dcaf-4425-9ae6-bcedb5bebef3 legacyFractionationToRulesHttpCallsEstimated=50 fractionationToRulesBatchHttpCalls=1 legacyTradeReadsEstimated=50 tradeRepositoryReadsAfter=1 legacySettlementReadsEstimated=50 settlementRepositoryReadsAfter=1 logicalStatusTransitionRequests=200 uniqueStatusTransitionKeys=4 statusHttpCallsAfter=4 statusHttpReductionPercent=98
[30m2026-08-26T02:38:13,638[m [32mINFO  [m[[1;34mhttp-nio-8080-exec-95[m] [36mStatusUpdateBusinessRuleServiceImpl[m - PERF_RULES_BATCH service=reglas podName=operaciones-reglas-back-app-5894db7bb6-7np7h batchId=58094785-0ec2-4712-8d42-804050a817c2 items=50 tradeRequested=50 tradeUnique=50 tradeRepositoryCalls=1 tradeRowsLoaded=50 tradeBulkMs=5 settlementRequestedPairs=50 settlementUniquePairs=50 settlementRepositoryCalls=1 settlementRowsLoaded=0 settlementBulkMs=2 businessRuleRepositoryCalls=0 statusTransitionRequests=200 uniqueStatusTransitionKeys=4 statusHttpCalls=4 statusHttpTotalMs=24 evaluationMs=2 prevalidatedCount=50 businessValidCount=50 businessRejectedCount=0 fallbackCount=0 totalMs=36 result=SUCCESS
[30m2026-08-26T02:38:13,638[m [32mINFO  [m[[1;34mhttp-nio-8080-exec-95[m] [36mStatusUpdateBusinessRuleServiceImpl[m - PERF_RULES_BATCH_REDUCTION service=reglas podName=operaciones-reglas-back-app-5894db7bb6-7np7h batchId=58094785-0ec2-4712-8d42-804050a817c2 legacyFractionationToRulesHttpCallsEstimated=50 fractionationToRulesBatchHttpCalls=1 legacyTradeReadsEstimated=50 tradeRepositoryReadsAfter=1 legacySettlementReadsEstimated=50 settlementRepositoryReadsAfter=1 logicalStatusTransitionRequests=200 uniqueStatusTransitionKeys=4 statusHttpCallsAfter=4 statusHttpReductionPercent=98
[30m2026-08-26T02:38:14,916[m [32mINFO  [m[[1;34mhttp-nio-8080-exec-96[m] [36mStatusUpdateBusinessRuleServiceImpl[m - PERF_RULES_BATCH service=reglas podName=operaciones-reglas-back-app-5894db7bb6-7np7h batchId=1070ec33-a024-4520-bc1c-e127f32284ce items=50 tradeRequested=50 tradeUnique=50 tradeRepositoryCalls=1 tradeRowsLoaded=50 tradeBulkMs=18 settlementRequestedPairs=50 settlementUniquePairs=50 settlementRepositoryCalls=1 settlementRowsLoaded=0 settlementBulkMs=2 businessRuleRepositoryCalls=0 statusTransitionRequests=200 uniqueStatusTransitionKeys=4 statusHttpCalls=4 statusHttpTotalMs=15 evaluationMs=2 prevalidatedCount=50 businessValidCount=50 businessRejectedCount=0 fallbackCount=0 totalMs=39 result=SUCCESS
[30m2026-08-26T02:38:14,917[m [32mINFO  [m[[1;34mhttp-nio-8080-exec-96[m] [36mStatusUpdateBusinessRuleServiceImpl[m - PERF_RULES_BATCH_REDUCTION service=reglas podName=operaciones-reglas-back-app-5894db7bb6-7np7h batchId=1070ec33-a024-4520-bc1c-e127f32284ce legacyFractionationToRulesHttpCallsEstimated=50 fractionationToRulesBatchHttpCalls=1 legacyTradeReadsEstimated=50 tradeRepositoryReadsAfter=1 legacySettlementReadsEstimated=50 settlementRepositoryReadsAfter=1 logicalStatusTransitionRequests=200 uniqueStatusTransitionKeys=4 statusHttpCallsAfter=4 statusHttpReductionPercent=98
[30m2026-08-26T02:38:15,970[m [32mINFO  [m[[1;34mhttp-nio-8080-exec-97[m] [36mStatusUpdateBusinessRuleServiceImpl[m - PERF_RULES_BATCH service=reglas podName=operaciones-reglas-back-app-5894db7bb6-7np7h batchId=4f35c96d-e76a-42e4-9251-5bb8e4b555f3 items=50 tradeRequested=50 tradeUnique=50 tradeRepositoryCalls=1 tradeRowsLoaded=50 tradeBulkMs=3 settlementRequestedPairs=50 settlementUniquePairs=50 settlementRepositoryCalls=1 settlementRowsLoaded=0 settlementBulkMs=2 businessRuleRepositoryCalls=0 statusTransitionRequests=200 uniqueStatusTransitionKeys=4 statusHttpCalls=4 statusHttpTotalMs=16 evaluationMs=2 prevalidatedCount=50 businessValidCount=50 businessRejectedCount=0 fallbackCount=0 totalMs=25 result=SUCCESS
[30m2026-08-26T02:38:15,970[m [32mINFO  [m[[1;34mhttp-nio-8080-exec-97[m] [36mStatusUpdateBusinessRuleServiceImpl[m - PERF_RULES_BATCH_REDUCTION service=reglas podName=operaciones-reglas-back-app-5894db7bb6-7np7h batchId=4f35c96d-e76a-42e4-9251-5bb8e4b555f3 legacyFractionationToRulesHttpCallsEstimated=50 fractionationToRulesBatchHttpCalls=1 legacyTradeReadsEstimated=50 tradeRepositoryReadsAfter=1 legacySettlementReadsEstimated=50 settlementRepositoryReadsAfter=1 logicalStatusTransitionRequests=200 uniqueStatusTransitionKeys=4 statusHttpCallsAfter=4 statusHttpReductionPercent=98
[30m2026-08-26T02:38:16,995[m [32mINFO  [m[[1;34mhttp-nio-8080-exec-98[m] [36mStatusUpdateBusinessRuleServiceImpl[m - PERF_RULES_BATCH service=reglas podName=operaciones-reglas-back-app-5894db7bb6-7np7h batchId=0dbdc1d4-49d9-47cc-9107-5143d3559276 items=50 tradeRequested=50 tradeUnique=50 tradeRepositoryCalls=1 tradeRowsLoaded=50 tradeBulkMs=3 settlementRequestedPairs=50 settlementUniquePairs=50 settlementRepositoryCalls=1 settlementRowsLoaded=0 settlementBulkMs=2 businessRuleRepositoryCalls=0 statusTransitionRequests=200 uniqueStatusTransitionKeys=4 statusHttpCalls=4 statusHttpTotalMs=15 evaluationMs=2 prevalidatedCount=50 businessValidCount=50 businessRejectedCount=0 fallbackCount=0 totalMs=24 result=SUCCESS
[30m2026-08-26T02:38:16,995[m [32mINFO  [m[[1;34mhttp-nio-8080-exec-98[m] [36mStatusUpdateBusinessRuleServiceImpl[m - PERF_RULES_BATCH_REDUCTION service=reglas podName=operaciones-reglas-back-app-5894db7bb6-7np7h batchId=0dbdc1d4-49d9-47cc-9107-5143d3559276 legacyFractionationToRulesHttpCallsEstimated=50 fractionationToRulesBatchHttpCalls=1 legacyTradeReadsEstimated=50 tradeRepositoryReadsAfter=1 legacySettlementReadsEstimated=50 settlementRepositoryReadsAfter=1 logicalStatusTransitionRequests=200 uniqueStatusTransitionKeys=4 statusHttpCallsAfter=4 statusHttpReductionPercent=98
[30m2026-08-26T02:38:18,029[m [32mINFO  [m[[1;34mhttp-nio-8080-exec-99[m] [36mStatusUpdateBusinessRuleServiceImpl[m - PERF_RULES_BATCH service=reglas podName=operaciones-reglas-back-app-5894db7bb6-7np7h batchId=4059cd0b-1518-484c-ad32-98e6b06b0e7a items=50 tradeRequested=50 tradeUnique=50 tradeRepositoryCalls=1 tradeRowsLoaded=50 tradeBulkMs=4 settlementRequestedPairs=50 settlementUniquePairs=50 settlementRepositoryCalls=1 settlementRowsLoaded=0 settlementBulkMs=2 businessRuleRepositoryCalls=0 statusTransitionRequests=200 uniqueStatusTransitionKeys=4 statusHttpCalls=4 statusHttpTotalMs=18 evaluationMs=2 prevalidatedCount=50 businessValidCount=50 businessRejectedCount=0 fallbackCount=0 totalMs=28 result=SUCCESS
[30m2026-08-26T02:38:18,029[m [32mINFO  [m[[1;34mhttp-nio-8080-exec-99[m] [36mStatusUpdateBusinessRuleServiceImpl[m - PERF_RULES_BATCH_REDUCTION service=reglas podName=operaciones-reglas-back-app-5894db7bb6-7np7h batchId=4059cd0b-1518-484c-ad32-98e6b06b0e7a legacyFractionationToRulesHttpCallsEstimated=50 fractionationToRulesBatchHttpCalls=1 legacyTradeReadsEstimated=50 tradeRepositoryReadsAfter=1 legacySettlementReadsEstimated=50 settlementRepositoryReadsAfter=1 logicalStatusTransitionRequests=200 uniqueStatusTransitionKeys=4 statusHttpCallsAfter=4 statusHttpReductionPercent=98
[30m2026-08-26T02:38:19,050[m [32mINFO  [m[[1;34mhttp-nio-8080-exec-100[m] [36mStatusUpdateBusinessRuleServiceImpl[m - PERF_RULES_BATCH service=reglas podName=operaciones-reglas-back-app-5894db7bb6-7np7h batchId=421ef49a-38c6-4dae-83fc-f861127ff564 items=50 tradeRequested=50 tradeUnique=50 tradeRepositoryCalls=1 tradeRowsLoaded=50 tradeBulkMs=4 settlementRequestedPairs=50 settlementUniquePairs=50 settlementRepositoryCalls=1 settlementRowsLoaded=0 settlementBulkMs=2 businessRuleRepositoryCalls=0 statusTransitionRequests=200 uniqueStatusTransitionKeys=4 statusHttpCalls=4 statusHttpTotalMs=15 evaluationMs=2 prevalidatedCount=50 businessValidCount=50 businessRejectedCount=0 fallbackCount=0 totalMs=25 result=SUCCESS
[30m2026-08-26T02:38:19,050[m [32mINFO  [m[[1;34mhttp-nio-8080-exec-100[m] [36mStatusUpdateBusinessRuleServiceImpl[m - PERF_RULES_BATCH_REDUCTION service=reglas podName=operaciones-reglas-back-app-5894db7bb6-7np7h batchId=421ef49a-38c6-4dae-83fc-f861127ff564 legacyFractionationToRulesHttpCallsEstimated=50 fractionationToRulesBatchHttpCalls=1 legacyTradeReadsEstimated=50 tradeRepositoryReadsAfter=1 legacySettlementReadsEstimated=50 settlementRepositoryReadsAfter=1 logicalStatusTransitionRequests=200 uniqueStatusTransitionKeys=4 statusHttpCallsAfter=4 statusHttpReductionPercent=98
[30m2026-08-26T02:38:20,162[m [32mINFO  [m[[1;34mhttp-nio-8080-exec-1[m] [36mStatusUpdateBusinessRuleServiceImpl[m - PERF_RULES_BATCH service=reglas podName=operaciones-reglas-back-app-5894db7bb6-7np7h batchId=b6916905-6937-41dd-bed5-beb98cc6cda7 items=50 tradeRequested=50 tradeUnique=50 tradeRepositoryCalls=1 tradeRowsLoaded=50 tradeBulkMs=8 settlementRequestedPairs=50 settlementUniquePairs=50 settlementRepositoryCalls=1 settlementRowsLoaded=0 settlementBulkMs=2 businessRuleRepositoryCalls=0 statusTransitionRequests=200 uniqueStatusTransitionKeys=4 statusHttpCalls=4 statusHttpTotalMs=16 evaluationMs=2 prevalidatedCount=50 businessValidCount=50 businessRejectedCount=0 fallbackCount=0 totalMs=30 result=SUCCESS
[30m2026-08-26T02:38:20,163[m [32mINFO  [m[[1;34mhttp-nio-8080-exec-1[m] [36mStatusUpdateBusinessRuleServiceImpl[m - PERF_RULES_BATCH_REDUCTION service=reglas podName=operaciones-reglas-back-app-5894db7bb6-7np7h batchId=b6916905-6937-41dd-bed5-beb98cc6cda7 legacyFractionationToRulesHttpCallsEstimated=50 fractionationToRulesBatchHttpCalls=1 legacyTradeReadsEstimated=50 tradeRepositoryReadsAfter=1 legacySettlementReadsEstimated=50 settlementRepositoryReadsAfter=1 logicalStatusTransitionRequests=200 uniqueStatusTransitionKeys=4 statusHttpCallsAfter=4 statusHttpReductionPercent=98
[30m2026-08-26T02:38:21,236[m [32mINFO  [m[[1;34mhttp-nio-8080-exec-2[m] [36mStatusUpdateBusinessRuleServiceImpl[m - PERF_RULES_BATCH service=reglas podName=operaciones-reglas-back-app-5894db7bb6-7np7h batchId=0f2c2dd8-d854-4369-a447-a0efebc17218 items=50 tradeRequested=50 tradeUnique=50 tradeRepositoryCalls=1 tradeRowsLoaded=50 tradeBulkMs=4 settlementRequestedPairs=50 settlementUniquePairs=50 settlementRepositoryCalls=1 settlementRowsLoaded=0 settlementBulkMs=2 businessRuleRepositoryCalls=0 statusTransitionRequests=200 uniqueStatusTransitionKeys=4 statusHttpCalls=4 statusHttpTotalMs=16 evaluationMs=2 prevalidatedCount=50 businessValidCount=50 businessRejectedCount=0 fallbackCount=0 totalMs=25 result=SUCCESS
[30m2026-08-26T02:38:21,237[m [32mINFO  [m[[1;34mhttp-nio-8080-exec-2[m] [36mStatusUpdateBusinessRuleServiceImpl[m - PERF_RULES_BATCH_REDUCTION service=reglas podName=operaciones-reglas-back-app-5894db7bb6-7np7h batchId=0f2c2dd8-d854-4369-a447-a0efebc17218 legacyFractionationToRulesHttpCallsEstimated=50 fractionationToRulesBatchHttpCalls=1 legacyTradeReadsEstimated=50 tradeRepositoryReadsAfter=1 legacySettlementReadsEstimated=50 settlementRepositoryReadsAfter=1 logicalStatusTransitionRequests=200 uniqueStatusTransitionKeys=4 statusHttpCallsAfter=4 statusHttpReductionPercent=98
[30m2026-08-26T02:38:22,292[m [32mINFO  [m[[1;34mhttp-nio-8080-exec-3[m] [36mStatusUpdateBusinessRuleServiceImpl[m - PERF_RULES_BATCH service=reglas podName=operaciones-reglas-back-app-5894db7bb6-7np7h batchId=c2051c87-e4c9-470c-86f2-ffec6b089184 items=50 tradeRequested=50 tradeUnique=50 tradeRepositoryCalls=1 tradeRowsLoaded=50 tradeBulkMs=3 settlementRequestedPairs=50 settlementUniquePairs=50 settlementRepositoryCalls=1 settlementRowsLoaded=0 settlementBulkMs=2 businessRuleRepositoryCalls=0 statusTransitionRequests=200 uniqueStatusTransitionKeys=4 statusHttpCalls=4 statusHttpTotalMs=17 evaluationMs=2 prevalidatedCount=50 businessValidCount=50 businessRejectedCount=0 fallbackCount=0 totalMs=25 result=SUCCESS
[30m2026-08-26T02:38:22,292[m [32mINFO  [m[[1;34mhttp-nio-8080-exec-3[m] [36mStatusUpdateBusinessRuleServiceImpl[m - PERF_RULES_BATCH_REDUCTION service=reglas podName=operaciones-reglas-back-app-5894db7bb6-7np7h batchId=c2051c87-e4c9-470c-86f2-ffec6b089184 legacyFractionationToRulesHttpCallsEstimated=50 fractionationToRulesBatchHttpCalls=1 legacyTradeReadsEstimated=50 tradeRepositoryReadsAfter=1 legacySettlementReadsEstimated=50 settlementRepositoryReadsAfter=1 logicalStatusTransitionRequests=200 uniqueStatusTransitionKeys=4 statusHttpCallsAfter=4 statusHttpReductionPercent=98
[30m2026-08-26T02:38:23,328[m [32mINFO  [m[[1;34mhttp-nio-8080-exec-4[m] [36mStatusUpdateBusinessRuleServiceImpl[m - PERF_RULES_BATCH service=reglas podName=operaciones-reglas-back-app-5894db7bb6-7np7h batchId=fd5aa809-b019-499a-8938-2e20bacdb157 items=50 tradeRequested=50 tradeUnique=50 tradeRepositoryCalls=1 tradeRowsLoaded=50 tradeBulkMs=4 settlementRequestedPairs=50 settlementUniquePairs=50 settlementRepositoryCalls=1 settlementRowsLoaded=0 settlementBulkMs=2 businessRuleRepositoryCalls=0 statusTransitionRequests=200 uniqueStatusTransitionKeys=4 statusHttpCalls=4 statusHttpTotalMs=16 evaluationMs=2 prevalidatedCount=50 businessValidCount=50 businessRejectedCount=0 fallbackCount=0 totalMs=25 result=SUCCESS
[30m2026-08-26T02:38:23,328[m [32mINFO  [m[[1;34mhttp-nio-8080-exec-4[m] [36mStatusUpdateBusinessRuleServiceImpl[m - PERF_RULES_BATCH_REDUCTION service=reglas podName=operaciones-reglas-back-app-5894db7bb6-7np7h batchId=fd5aa809-b019-499a-8938-2e20bacdb157 legacyFractionationToRulesHttpCallsEstimated=50 fractionationToRulesBatchHttpCalls=1 legacyTradeReadsEstimated=50 tradeRepositoryReadsAfter=1 legacySettlementReadsEstimated=50 settlementRepositoryReadsAfter=1 logicalStatusTransitionRequests=200 uniqueStatusTransitionKeys=4 statusHttpCallsAfter=4 statusHttpReductionPercent=98
[30m2026-08-26T02:38:24,402[m [32mINFO  [m[[1;34mhttp-nio-8080-exec-5[m] [36mStatusUpdateBusinessRuleServiceImpl[m - PERF_RULES_BATCH service=reglas podName=operaciones-reglas-back-app-5894db7bb6-7np7h batchId=313712fc-4651-4c6e-b9d5-62f0b4adfc97 items=50 tradeRequested=50 tradeUnique=50 tradeRepositoryCalls=1 tradeRowsLoaded=50 tradeBulkMs=4 settlementRequestedPairs=50 settlementUniquePairs=50 settlementRepositoryCalls=1 settlementRowsLoaded=0 settlementBulkMs=2 businessRuleRepositoryCalls=0 statusTransitionRequests=200 uniqueStatusTransitionKeys=4 statusHttpCalls=4 statusHttpTotalMs=17 evaluationMs=2 prevalidatedCount=50 businessValidCount=50 businessRejectedCount=0 fallbackCount=0 totalMs=28 result=SUCCESS
[30m2026-08-26T02:38:24,402[m [32mINFO  [m[[1;34mhttp-nio-8080-exec-5[m] [36mStatusUpdateBusinessRuleServiceImpl[m - PERF_RULES_BATCH_REDUCTION service=reglas podName=operaciones-reglas-back-app-5894db7bb6-7np7h batchId=313712fc-4651-4c6e-b9d5-62f0b4adfc97 legacyFractionationToRulesHttpCallsEstimated=50 fractionationToRulesBatchHttpCalls=1 legacyTradeReadsEstimated=50 tradeRepositoryReadsAfter=1 legacySettlementReadsEstimated=50 settlementRepositoryReadsAfter=1 logicalStatusTransitionRequests=200 uniqueStatusTransitionKeys=4 statusHttpCallsAfter=4 statusHttpReductionPercent=98
[30m2026-08-26T02:38:25,532[m [32mINFO  [m[[1;34mhttp-nio-8080-exec-6[m] [36mStatusUpdateBusinessRuleServiceImpl[m - PERF_RULES_BATCH service=reglas podName=operaciones-reglas-back-app-5894db7bb6-7np7h batchId=87e4d4a3-9ca5-4cc6-84e9-2049dde3c194 items=50 tradeRequested=50 tradeUnique=50 tradeRepositoryCalls=1 tradeRowsLoaded=50 tradeBulkMs=3 settlementRequestedPairs=50 settlementUniquePairs=50 settlementRepositoryCalls=1 settlementRowsLoaded=0 settlementBulkMs=2 businessRuleRepositoryCalls=0 statusTransitionRequests=200 uniqueStatusTransitionKeys=4 statusHttpCalls=4 statusHttpTotalMs=16 evaluationMs=2 prevalidatedCount=50 businessValidCount=50 businessRejectedCount=0 fallbackCount=0 totalMs=24 result=SUCCESS
[30m2026-08-26T02:38:25,532[m [32mINFO  [m[[1;34mhttp-nio-8080-exec-6[m] [36mStatusUpdateBusinessRuleServiceImpl[m - PERF_RULES_BATCH_REDUCTION service=reglas podName=operaciones-reglas-back-app-5894db7bb6-7np7h batchId=87e4d4a3-9ca5-4cc6-84e9-2049dde3c194 legacyFractionationToRulesHttpCallsEstimated=50 fractionationToRulesBatchHttpCalls=1 legacyTradeReadsEstimated=50 tradeRepositoryReadsAfter=1 legacySettlementReadsEstimated=50 settlementRepositoryReadsAfter=1 logicalStatusTransitionRequests=200 uniqueStatusTransitionKeys=4 statusHttpCallsAfter=4 statusHttpReductionPercent=98
[30m2026-08-26T02:38:26,574[m [32mINFO  [m[[1;34mhttp-nio-8080-exec-7[m] [36mStatusUpdateBusinessRuleServiceImpl[m - PERF_RULES_BATCH service=reglas podName=operaciones-reglas-back-app-5894db7bb6-7np7h batchId=54afc664-6b59-45eb-9e68-207e3b8a81ca items=50 tradeRequested=50 tradeUnique=50 tradeRepositoryCalls=1 tradeRowsLoaded=50 tradeBulkMs=3 settlementRequestedPairs=50 settlementUniquePairs=50 settlementRepositoryCalls=1 settlementRowsLoaded=0 settlementBulkMs=2 businessRuleRepositoryCalls=0 statusTransitionRequests=200 uniqueStatusTransitionKeys=4 statusHttpCalls=4 statusHttpTotalMs=14 evaluationMs=2 prevalidatedCount=50 businessValidCount=50 businessRejectedCount=0 fallbackCount=0 totalMs=23 result=SUCCESS
[30m2026-08-26T02:38:26,574[m [32mINFO  [m[[1;34mhttp-nio-8080-exec-7[m] [36mStatusUpdateBusinessRuleServiceImpl[m - PERF_RULES_BATCH_REDUCTION service=reglas podName=operaciones-reglas-back-app-5894db7bb6-7np7h batchId=54afc664-6b59-45eb-9e68-207e3b8a81ca legacyFractionationToRulesHttpCallsEstimated=50 fractionationToRulesBatchHttpCalls=1 legacyTradeReadsEstimated=50 tradeRepositoryReadsAfter=1 legacySettlementReadsEstimated=50 settlementRepositoryReadsAfter=1 logicalStatusTransitionRequests=200 uniqueStatusTransitionKeys=4 statusHttpCallsAfter=4 statusHttpReductionPercent=98
[30m2026-08-26T02:38:27,563[m [32mINFO  [m[[1;34mhttp-nio-8080-exec-8[m] [36mStatusUpdateBusinessRuleServiceImpl[m - PERF_RULES_BATCH service=reglas podName=operaciones-reglas-back-app-5894db7bb6-7np7h batchId=2dddb530-a2f4-4a91-82b4-ff9ea3d67176 items=7 tradeRequested=7 tradeUnique=7 tradeRepositoryCalls=1 tradeRowsLoaded=7 tradeBulkMs=5 settlementRequestedPairs=7 settlementUniquePairs=7 settlementRepositoryCalls=1 settlementRowsLoaded=0 settlementBulkMs=2 businessRuleRepositoryCalls=0 statusTransitionRequests=28 uniqueStatusTransitionKeys=4 statusHttpCalls=4 statusHttpTotalMs=16 evaluationMs=0 prevalidatedCount=7 businessValidCount=7 businessRejectedCount=0 fallbackCount=0 totalMs=25 result=SUCCESS
[30m2026-08-26T02:38:27,563[m [32mINFO  [m[[1;34mhttp-nio-8080-exec-8[m] [36mStatusUpdateBusinessRuleServiceImpl[m - PERF_RULES_BATCH_REDUCTION service=reglas podName=operaciones-reglas-back-app-5894db7bb6-7np7h batchId=2dddb530-a2f4-4a91-82b4-ff9ea3d67176 legacyFractionationToRulesHttpCallsEstimated=7 fractionationToRulesBatchHttpCalls=1 legacyTradeReadsEstimated=7 tradeRepositoryReadsAfter=1 legacySettlementReadsEstimated=7 settlementRepositoryReadsAfter=1 logicalStatusTransitionRequests=28 uniqueStatusTransitionKeys=4 statusHttpCallsAfter=4 statusHttpReductionPercent=86
