[30m2026-08-26T00:29:58,589[m [32mINFO  [m[[1;34mhttp-nio-8080-exec-8[m] [36mFractionationCountedServiceImpl[m - PERF_ASSIGNMENT_BATCH service=cmd batchId=9941388d-3c00-46ea-87cb-f11a4b58f6b4 mode=RAW_VALIDATED configuredMaxBatchSize=80 receivedBatchSize=50 processedCount=50 successCount=50 failureCount=0 fractionationMs=1385 totalMs=1385
[30m2026-08-26T00:29:58,589[m [32mINFO  [m[[1;34mhttp-nio-8080-exec-8[m] [36mFractionationCountedServiceImpl[m - PERF_ASSIGNMENT_BATCH service=cmd batchId=9941388d-3c00-46ea-87cb-f11a4b58f6b4 mode=RAW configuredMaxBatchSize=80 receivedBatchSize=50 validCount=50 invalidCount=0 sentToFractionationCount=50 successCount=50 failureCount=0 totalMs=1566
[30m2026-08-26T00:29:58,590[m [32mINFO  [m[[1;34mhttp-nio-8080-exec-8[m] [36mGlobalFilter[m - Request [POST /operations-cmd-api/v1/fractionation/counted-operation/batch] completed in 1571 ms with status 200
[30m2026-08-26T00:29:58,616[m [32mINFO  [m[[1;34mhttp-nio-8080-exec-10[m] [36mGlobalFilter[m - ----------- Client User: operaciones-orquestador-ext-back ----------
[30m2026-08-26T00:29:58,758[m [32mINFO  [m[[1;34mhttp-nio-8080-exec-10[m] [36mValidateCountedFractionServiceImpl[m - Start method validateAccountFractionAssignmentV1, accountNumber -> 4021801, tradeId -> 963144, sideId -> 1, originId -> 122, isLocalCorrection -> false
[30m2026-08-26T00:29:58,758[m [32mINFO  [m[[1;34mhttp-nio-8080-exec-10[m] [36mValidateCountedFractionServiceImpl[m - Searching participant account assignment for accountNumber -> 4021801, participantId -> 15, depositoryId -> 1
[30m2026-08-26T00:29:58,761[m [32mINFO  [m[[1;34mhttp-nio-8080-exec-10[m] [36mValidateCountedFractionServiceImpl[m - No participant account found for accountNumber -> 4021801
[30m2026-08-26T00:29:58,774[m [32mINFO  [m[[1;34mhttp-nio-8080-exec-10[m] [36mValidateCountedFractionServiceImpl[m - End method validateAccountFractionAssignmentV1, fractionAccountOutDto -> FractionAccountOutDto(participantAccount=null, investorAccount=InvestorAccountOutDto(id=57, investor=InvestorOutDto(id=167, code=CL00000001, firstName=Prueba Nombre 1, lastName=Prueba Nombre 2, companyName=TERCERO3509748, type=TypeOutDto(id=2, description=JURIDICO, category=PERSONA), status=StatusOutDto(id=515, description=ACTIVO, category=INVERSIONISTA, shortName=null), country=CountryOutDto(id=35, code=CL, name=CHILE, currency=CurrencyOutDto(id=30, code=CLP, name=PESO CHILENO), timeZone=UTC -3), documentNumber=8605303170, identificationType=IdentificationTypeOutDto(id=5, description=CEDULA DE CIUDADANÍA, code=CC), nationality=35, clearinghouseCode=null, gics=null, moneyLaunderingFlag=null, taxStatus=null), accountNumber=4021801, accountName=AMBIENTE 3  PRUEBA 3, status=StatusOutDto(id=570, description=ACTIVO, category=CUENTA_INVERSIONISTA, shortName=null), originType=TypeOutDto(id=120, description=TERCEROS, category=ORIGEN PUNTA), type=TypeOutDto(id=26, description=CUENTA DEPOSITO, category=CUENTA DEPOSITO), depository=DepositoryOutDto(id=1, description=DVL), participant=null, taxExemp=false), sourceQuoteType=TypeOutDto(id=120, description=TERCEROS, category=ORIGEN PUNTA), fiduciarySpecialist=false, jointAccount=false, masterAccount=false, custodian=null, milaDirectDepositor=null)
[30m2026-08-26T00:29:58,792[m [32mINFO  [m[[1;34mhttp-nio-8080-exec-10[m] [36mValidateCountedFractionServiceImpl[m - Start method validateQuantityFractionsV1, tradeId -> 963144
[30m2026-08-26T00:29:58,793[m [32mINFO  [m[[1;34mhttp-nio-8080-exec-10[m] [36mValidateCountedFractionServiceImpl[m - Start method validateMaximumLimitFractionsV1
[30m2026-08-26T00:29:58,793[m [32mINFO  [m[[1;34mhttp-nio-8080-exec-10[m] [36mValidateCountedFractionServiceImpl[m - Start method validateQuantityFractionsV1, tradeId -> 964181
[30m2026-08-26T00:29:58,793[m [32mINFO  [m[[1;34mhttp-nio-8080-exec-10[m] [36mValidateCountedFractionServiceImpl[m - Start method validateMaximumLimitFractionsV1
[30m2026-08-26T00:29:58,793[m [32mINFO  [m[[1;34mhttp-nio-8080-exec-10[m] [36mValidateCountedFractionServiceImpl[m - Start method validateQuantityFractionsV1, tradeId -> 964183
[30m2026-08-26T00:29:58,793[m [32mINFO  [m[[1;34mhttp-nio-8080-exec-10[m] [36mValidateCountedFractionServiceImpl[m - Start method validateMaximumLimitFractionsV1
[30m2026-08-26T00:29:58,793[m [32mINFO  [m[[1;34mhttp-nio-8080-exec-10[m] [36mValidateCountedFractionServiceImpl[m - Start method validateQuantityFractionsV1, tradeId -> 961284
[30m2026-08-26T00:29:58,793[m [32mINFO  [m[[1;34mhttp-nio-8080-exec-10[m] [36mValidateCountedFractionServiceImpl[m - Start method validateMaximumLimitFractionsV1
[30m2026-08-26T00:29:58,793[m [32mINFO  [m[[1;34mhttp-nio-8080-exec-10[m] [36mValidateCountedFractionServiceImpl[m - Start method validateQuantityFractionsV1, tradeId -> 963148
[30m2026-08-26T00:29:58,793[m [32mINFO  [m[[1;34mhttp-nio-8080-exec-10[m] [36mValidateCountedFractionServiceImpl[m - Start method validateMaximumLimitFractionsV1
[30m2026-08-26T00:29:58,793[m [32mINFO  [m[[1;34mhttp-nio-8080-exec-10[m] [36mValidateCountedFractionServiceImpl[m - Start method validateQuantityFractionsV1, tradeId -> 963149
[30m2026-08-26T00:29:58,793[m [32mINFO  [m[[1;34mhttp-nio-8080-exec-10[m] [36mValidateCountedFractionServiceImpl[m - Start method validateMaximumLimitFractionsV1
[30m2026-08-26T00:29:58,793[m [32mINFO  [m[[1;34mhttp-nio-8080-exec-10[m] [36mValidateCountedFractionServiceImpl[m - Start method validateQuantityFractionsV1, tradeId -> 957269
[30m2026-08-26T00:29:58,793[m [32mINFO  [m[[1;34mhttp-nio-8080-exec-10[m] [36mValidateCountedFractionServiceImpl[m - Start method validateMaximumLimitFractionsV1
[30m2026-08-26T00:29:58,794[m [32mINFO  [m[[1;34mhttp-nio-8080-exec-10[m] [36mValidateCountedFractionServiceImpl[m - Start method validateQuantityFractionsV1, tradeId -> 961285
[30m2026-08-26T00:29:58,794[m [32mINFO  [m[[1;34mhttp-nio-8080-exec-10[m] [36mValidateCountedFractionServiceImpl[m - Start method validateMaximumLimitFractionsV1
[30m2026-08-26T00:29:58,794[m [32mINFO  [m[[1;34mhttp-nio-8080-exec-10[m] [36mValidateCountedFractionServiceImpl[m - Start method validateQuantityFractionsV1, tradeId -> 963150
[30m2026-08-26T00:29:58,794[m [32mINFO  [m[[1;34mhttp-nio-8080-exec-10[m] [36mValidateCountedFractionServiceImpl[m - Start method validateMaximumLimitFractionsV1
[30m2026-08-26T00:29:58,794[m [32mINFO  [m[[1;34mhttp-nio-8080-exec-10[m] [36mValidateCountedFractionServiceImpl[m - Start method validateQuantityFractionsV1, tradeId -> 965143
[30m2026-08-26T00:29:58,794[m [32mINFO  [m[[1;34mhttp-nio-8080-exec-10[m] [36mValidateCountedFractionServiceImpl[m - Start method validateMaximumLimitFractionsV1
[30m2026-08-26T00:29:58,794[m [32mINFO  [m[[1;34mhttp-nio-8080-exec-10[m] [36mValidateCountedFractionServiceImpl[m - Start method validateQuantityFractionsV1, tradeId -> 961286
[30m2026-08-26T00:29:58,794[m [32mINFO  [m[[1;34mhttp-nio-8080-exec-10[m] [36mValidateCountedFractionServiceImpl[m - Start method validateMaximumLimitFractionsV1
[30m2026-08-26T00:29:58,794[m [32mINFO  [m[[1;34mhttp-nio-8080-exec-10[m] [36mValidateCountedFractionServiceImpl[m - Start method validateQuantityFractionsV1, tradeId -> 963151
[30m2026-08-26T00:29:58,794[m [32mINFO  [m[[1;34mhttp-nio-8080-exec-10[m] [36mValidateCountedFractionServiceImpl[m - Start method validateMaximumLimitFractionsV1
[30m2026-08-26T00:29:58,794[m [32mINFO  [m[[1;34mhttp-nio-8080-exec-10[m] [36mValidateCountedFractionServiceImpl[m - Start method validateQuantityFractionsV1, tradeId -> 964195
[30m2026-08-26T00:29:58,794[m [32mINFO  [m[[1;34mhttp-nio-8080-exec-10[m] [36mValidateCountedFractionServiceImpl[m - Start method validateMaximumLimitFractionsV1
[30m2026-08-26T00:29:58,794[m [32mINFO  [m[[1;34mhttp-nio-8080-exec-10[m] [36mValidateCountedFractionServiceImpl[m - Start method validateQuantityFractionsV1, tradeId -> 963158
[30m2026-08-26T00:29:58,794[m [32mINFO  [m[[1;34mhttp-nio-8080-exec-10[m] [36mValidateCountedFractionServiceImpl[m - Start method validateMaximumLimitFractionsV1
[30m2026-08-26T00:29:58,794[m [32mINFO  [m[[1;34mhttp-nio-8080-exec-10[m] [36mValidateCountedFractionServiceImpl[m - Start method validateQuantityFractionsV1, tradeId -> 964196
[30m2026-08-26T00:29:58,794[m [32mINFO  [m[[1;34mhttp-nio-8080-exec-10[m] [36mValidateCountedFractionServiceImpl[m - Start method validateMaximumLimitFractionsV1
[30m2026-08-26T00:29:58,794[m [32mINFO  [m[[1;34mhttp-nio-8080-exec-10[m] [36mValidateCountedFractionServiceImpl[m - Start method validateQuantityFractionsV1, tradeId -> 965149
[30m2026-08-26T00:29:58,794[m [32mINFO  [m[[1;34mhttp-nio-8080-exec-10[m] [36mValidateCountedFractionServiceImpl[m - Start method validateMaximumLimitFractionsV1
[30m2026-08-26T00:29:58,794[m [32mINFO  [m[[1;34mhttp-nio-8080-exec-10[m] [36mValidateCountedFractionServiceImpl[m - Start method validateQuantityFractionsV1, tradeId -> 964197
[30m2026-08-26T00:29:58,794[m [32mINFO  [m[[1;34mhttp-nio-8080-exec-10[m] [36mValidateCountedFractionServiceImpl[m - Start method validateMaximumLimitFractionsV1
[30m2026-08-26T00:29:58,794[m [32mINFO  [m[[1;34mhttp-nio-8080-exec-10[m] [36mValidateCountedFractionServiceImpl[m - Start method validateQuantityFractionsV1, tradeId -> 957277
[30m2026-08-26T00:29:58,794[m [32mINFO  [m[[1;34mhttp-nio-8080-exec-10[m] [36mValidateCountedFractionServiceImpl[m - Start method validateMaximumLimitFractionsV1
[30m2026-08-26T00:29:58,794[m [32mINFO  [m[[1;34mhttp-nio-8080-exec-10[m] [36mValidateCountedFractionServiceImpl[m - Start method validateQuantityFractionsV1, tradeId -> 957278
[30m2026-08-26T00:29:58,794[m [32mINFO  [m[[1;34mhttp-nio-8080-exec-10[m] [36mValidateCountedFractionServiceImpl[m - Start method validateMaximumLimitFractionsV1
[30m2026-08-26T00:29:58,794[m [32mINFO  [m[[1;34mhttp-nio-8080-exec-10[m] [36mValidateCountedFractionServiceImpl[m - Start method validateQuantityFractionsV1, tradeId -> 961296
[30m2026-08-26T00:29:58,794[m [32mINFO  [m[[1;34mhttp-nio-8080-exec-10[m] [36mValidateCountedFractionServiceImpl[m - Start method validateMaximumLimitFractionsV1
[30m2026-08-26T00:29:58,794[m [32mINFO  [m[[1;34mhttp-nio-8080-exec-10[m] [36mValidateCountedFractionServiceImpl[m - Start method validateQuantityFractionsV1, tradeId -> 965150
[30m2026-08-26T00:29:58,794[m [32mINFO  [m[[1;34mhttp-nio-8080-exec-10[m] [36mValidateCountedFractionServiceImpl[m - Start method validateMaximumLimitFractionsV1
[30m2026-08-26T00:29:58,794[m [32mINFO  [m[[1;34mhttp-nio-8080-exec-10[m] [36mValidateCountedFractionServiceImpl[m - Start method validateQuantityFractionsV1, tradeId -> 957279
[30m2026-08-26T00:29:58,794[m [32mINFO  [m[[1;34mhttp-nio-8080-exec-10[m] [36mValidateCountedFractionServiceImpl[m - Start method validateMaximumLimitFractionsV1
[30m2026-08-26T00:29:58,794[m [32mINFO  [m[[1;34mhttp-nio-8080-exec-10[m] [36mValidateCountedFractionServiceImpl[m - Start method validateQuantityFractionsV1, tradeId -> 957280
[30m2026-08-26T00:29:58,795[m [32mINFO  [m[[1;34mhttp-nio-8080-exec-10[m] [36mValidateCountedFractionServiceImpl[m - Start method validateMaximumLimitFractionsV1
[30m2026-08-26T00:29:58,795[m [32mINFO  [m[[1;34mhttp-nio-8080-exec-10[m] [36mValidateCountedFractionServiceImpl[m - Start method validateQuantityFractionsV1, tradeId -> 957281
[30m2026-08-26T00:29:58,795[m [32mINFO  [m[[1;34mhttp-nio-8080-exec-10[m] [36mValidateCountedFractionServiceImpl[m - Start method validateMaximumLimitFractionsV1
[30m2026-08-26T00:29:58,795[m [32mINFO  [m[[1;34mhttp-nio-8080-exec-10[m] [36mValidateCountedFractionServiceImpl[m - Start method validateQuantityFractionsV1, tradeId -> 964198
[30m2026-08-26T00:29:58,795[m [32mINFO  [m[[1;34mhttp-nio-8080-exec-10[m] [36mValidateCountedFractionServiceImpl[m - Start method validateMaximumLimitFractionsV1
[30m2026-08-26T00:29:58,795[m [32mINFO  [m[[1;34mhttp-nio-8080-exec-10[m] [36mValidateCountedFractionServiceImpl[m - Start method validateQuantityFractionsV1, tradeId -> 961297
[30m2026-08-26T00:29:58,795[m [32mINFO  [m[[1;34mhttp-nio-8080-exec-10[m] [36mValidateCountedFractionServiceImpl[m - Start method validateMaximumLimitFractionsV1
[30m2026-08-26T00:29:58,795[m [32mINFO  [m[[1;34mhttp-nio-8080-exec-10[m] [36mValidateCountedFractionServiceImpl[m - Start method validateQuantityFractionsV1, tradeId -> 965151
[30m2026-08-26T00:29:58,795[m [32mINFO  [m[[1;34mhttp-nio-8080-exec-10[m] [36mValidateCountedFractionServiceImpl[m - Start method validateMaximumLimitFractionsV1
[30m2026-08-26T00:29:58,795[m [32mINFO  [m[[1;34mhttp-nio-8080-exec-10[m] [36mValidateCountedFractionServiceImpl[m - Start method validateQuantityFractionsV1, tradeId -> 963159
[30m2026-08-26T00:29:58,795[m [32mINFO  [m[[1;34mhttp-nio-8080-exec-10[m] [36mValidateCountedFractionServiceImpl[m - Start method validateMaximumLimitFractionsV1
[30m2026-08-26T00:29:58,795[m [32mINFO  [m[[1;34mhttp-nio-8080-exec-10[m] [36mValidateCountedFractionServiceImpl[m - Start method validateQuantityFractionsV1, tradeId -> 965152
[30m2026-08-26T00:29:58,795[m [32mINFO  [m[[1;34mhttp-nio-8080-exec-10[m] [36mValidateCountedFractionServiceImpl[m - Start method validateMaximumLimitFractionsV1
[30m2026-08-26T00:29:58,795[m [32mINFO  [m[[1;34mhttp-nio-8080-exec-10[m] [36mValidateCountedFractionServiceImpl[m - Start method validateQuantityFractionsV1, tradeId -> 965153
[30m2026-08-26T00:29:58,795[m [32mINFO  [m[[1;34mhttp-nio-8080-exec-10[m] [36mValidateCountedFractionServiceImpl[m - Start method validateMaximumLimitFractionsV1
[30m2026-08-26T00:29:58,795[m [32mINFO  [m[[1;34mhttp-nio-8080-exec-10[m] [36mValidateCountedFractionServiceImpl[m - Start method validateQuantityFractionsV1, tradeId -> 957282
[30m2026-08-26T00:29:58,795[m [32mINFO  [m[[1;34mhttp-nio-8080-exec-10[m] [36mValidateCountedFractionServiceImpl[m - Start method validateMaximumLimitFractionsV1
[30m2026-08-26T00:29:58,795[m [32mINFO  [m[[1;34mhttp-nio-8080-exec-10[m] [36mValidateCountedFractionServiceImpl[m - Start method validateQuantityFractionsV1, tradeId -> 965154
[30m2026-08-26T00:29:58,795[m [32mINFO  [m[[1;34mhttp-nio-8080-exec-10[m] [36mValidateCountedFractionServiceImpl[m - Start method validateMaximumLimitFractionsV1
[30m2026-08-26T00:29:58,795[m [32mINFO  [m[[1;34mhttp-nio-8080-exec-10[m] [36mValidateCountedFractionServiceImpl[m - Start method validateQuantityFractionsV1, tradeId -> 963160
[30m2026-08-26T00:29:58,795[m [32mINFO  [m[[1;34mhttp-nio-8080-exec-10[m] [36mValidateCountedFractionServiceImpl[m - Start method validateMaximumLimitFractionsV1
[30m2026-08-26T00:29:58,795[m [32mINFO  [m[[1;34mhttp-nio-8080-exec-10[m] [36mValidateCountedFractionServiceImpl[m - Start method validateQuantityFractionsV1, tradeId -> 964199
[30m2026-08-26T00:29:58,795[m [32mINFO  [m[[1;34mhttp-nio-8080-exec-10[m] [36mValidateCountedFractionServiceImpl[m - Start method validateMaximumLimitFractionsV1
[30m2026-08-26T00:29:58,795[m [32mINFO  [m[[1;34mhttp-nio-8080-exec-10[m] [36mValidateCountedFractionServiceImpl[m - Start method validateQuantityFractionsV1, tradeId -> 963161
[30m2026-08-26T00:29:58,795[m [32mINFO  [m[[1;34mhttp-nio-8080-exec-10[m] [36mValidateCountedFractionServiceImpl[m - Start method validateMaximumLimitFractionsV1
[30m2026-08-26T00:29:58,795[m [32mINFO  [m[[1;34mhttp-nio-8080-exec-10[m] [36mValidateCountedFractionServiceImpl[m - Start method validateQuantityFractionsV1, tradeId -> 965155
[30m2026-08-26T00:29:58,795[m [32mINFO  [m[[1;34mhttp-nio-8080-exec-10[m] [36mValidateCountedFractionServiceImpl[m - Start method validateMaximumLimitFractionsV1
[30m2026-08-26T00:29:58,795[m [32mINFO  [m[[1;34mhttp-nio-8080-exec-10[m] [36mValidateCountedFractionServiceImpl[m - Start method validateQuantityFractionsV1, tradeId -> 965156
[30m2026-08-26T00:29:58,795[m [32mINFO  [m[[1;34mhttp-nio-8080-exec-10[m] [36mValidateCountedFractionServiceImpl[m - Start method validateMaximumLimitFractionsV1
[30m2026-08-26T00:29:58,795[m [32mINFO  [m[[1;34mhttp-nio-8080-exec-10[m] [36mValidateCountedFractionServiceImpl[m - Start method validateQuantityFractionsV1, tradeId -> 961298
[30m2026-08-26T00:29:58,795[m [32mINFO  [m[[1;34mhttp-nio-8080-exec-10[m] [36mValidateCountedFractionServiceImpl[m - Start method validateMaximumLimitFractionsV1
[30m2026-08-26T00:29:58,795[m [32mINFO  [m[[1;34mhttp-nio-8080-exec-10[m] [36mValidateCountedFractionServiceImpl[m - Start method validateQuantityFractionsV1, tradeId -> 957283
[30m2026-08-26T00:29:58,795[m [32mINFO  [m[[1;34mhttp-nio-8080-exec-10[m] [36mValidateCountedFractionServiceImpl[m - Start method validateMaximumLimitFractionsV1
[30m2026-08-26T00:29:58,795[m [32mINFO  [m[[1;34mhttp-nio-8080-exec-10[m] [36mValidateCountedFractionServiceImpl[m - Start method validateQuantityFractionsV1, tradeId -> 965157
[30m2026-08-26T00:29:58,795[m [32mINFO  [m[[1;34mhttp-nio-8080-exec-10[m] [36mValidateCountedFractionServiceImpl[m - Start method validateMaximumLimitFractionsV1
[30m2026-08-26T00:29:58,795[m [32mINFO  [m[[1;34mhttp-nio-8080-exec-10[m] [36mValidateCountedFractionServiceImpl[m - Start method validateQuantityFractionsV1, tradeId -> 965158
[30m2026-08-26T00:29:58,795[m [32mINFO  [m[[1;34mhttp-nio-8080-exec-10[m] [36mValidateCountedFractionServiceImpl[m - Start method validateMaximumLimitFractionsV1
[30m2026-08-26T00:29:58,795[m [32mINFO  [m[[1;34mhttp-nio-8080-exec-10[m] [36mValidateCountedFractionServiceImpl[m - Start method validateQuantityFractionsV1, tradeId -> 965159
[30m2026-08-26T00:29:58,796[m [32mINFO  [m[[1;34mhttp-nio-8080-exec-10[m] [36mValidateCountedFractionServiceImpl[m - Start method validateMaximumLimitFractionsV1
[30m2026-08-26T00:29:58,796[m [32mINFO  [m[[1;34mhttp-nio-8080-exec-10[m] [36mValidateCountedFractionServiceImpl[m - Start method validateQuantityFractionsV1, tradeId -> 963162
[30m2026-08-26T00:29:58,796[m [32mINFO  [m[[1;34mhttp-nio-8080-exec-10[m] [36mValidateCountedFractionServiceImpl[m - Start method validateMaximumLimitFractionsV1
[30m2026-08-26T00:29:58,796[m [32mINFO  [m[[1;34mhttp-nio-8080-exec-10[m] [36mValidateCountedFractionServiceImpl[m - Start method validateQuantityFractionsV1, tradeId -> 963163
[30m2026-08-26T00:29:58,796[m [32mINFO  [m[[1;34mhttp-nio-8080-exec-10[m] [36mValidateCountedFractionServiceImpl[m - Start method validateMaximumLimitFractionsV1
[30m2026-08-26T00:29:58,796[m [32mINFO  [m[[1;34mhttp-nio-8080-exec-10[m] [36mValidateCountedFractionServiceImpl[m - Start method validateQuantityFractionsV1, tradeId -> 957284
[30m2026-08-26T00:29:58,796[m [32mINFO  [m[[1;34mhttp-nio-8080-exec-10[m] [36mValidateCountedFractionServiceImpl[m - Start method validateMaximumLimitFractionsV1
[30m2026-08-26T00:29:58,796[m [32mINFO  [m[[1;34mhttp-nio-8080-exec-10[m] [36mValidateCountedFractionServiceImpl[m - Start method validateQuantityFractionsV1, tradeId -> 957285
[30m2026-08-26T00:29:58,796[m [32mINFO  [m[[1;34mhttp-nio-8080-exec-10[m] [36mValidateCountedFractionServiceImpl[m - Start method validateMaximumLimitFractionsV1
[30m2026-08-26T00:29:58,796[m [32mINFO  [m[[1;34mhttp-nio-8080-exec-10[m] [36mValidateCountedFractionServiceImpl[m - Start method validateQuantityFractionsV1, tradeId -> 964209
[30m2026-08-26T00:29:58,796[m [32mINFO  [m[[1;34mhttp-nio-8080-exec-10[m] [36mValidateCountedFractionServiceImpl[m - Start method validateMaximumLimitFractionsV1
[30m2026-08-26T00:29:58,796[m [32mINFO  [m[[1;34mhttp-nio-8080-exec-10[m] [36mValidateCountedFractionServiceImpl[m - Start method validateQuantityFractionsV1, tradeId -> 964210
[30m2026-08-26T00:29:58,796[m [32mINFO  [m[[1;34mhttp-nio-8080-exec-10[m] [36mValidateCountedFractionServiceImpl[m - Start method validateMaximumLimitFractionsV1
[30m2026-08-26T00:29:58,796[m [32mINFO  [m[[1;34mhttp-nio-8080-exec-10[m] [36mValidateCountedFractionServiceImpl[m - Start method validateQuantityFractionsV1, tradeId -> 957292
[30m2026-08-26T00:29:58,796[m [32mINFO  [m[[1;34mhttp-nio-8080-exec-10[m] [36mValidateCountedFractionServiceImpl[m - Start method validateMaximumLimitFractionsV1
[30m2026-08-26T00:29:58,796[m [32mINFO  [m[[1;34mhttp-nio-8080-exec-10[m] [36mValidateCountedFractionServiceImpl[m - Start method validateQuantityFractionsV1, tradeId -> 965168
[30m2026-08-26T00:29:58,796[m [32mINFO  [m[[1;34mhttp-nio-8080-exec-10[m] [36mValidateCountedFractionServiceImpl[m - Start method validateMaximumLimitFractionsV1
[30m2026-08-26T00:29:58,796[m [32mINFO  [m[[1;34mhttp-nio-8080-exec-10[m] [36mFractionationCountedServiceImpl[m - PERF_ASSIGNMENT_VALIDATION_BATCH batchId=ba9021d9-5dc6-4662-ad3a-9156f367e96b inputCount=50 validCount=50 invalidCount=0 uniqueTrades=50 uniqueSides=1 uniqueParticipants=1 titleAccountResolutionRequests=50 titleAccountUniqueBusinessKeys=1 settlementLookupRequests=50 settlementUniqueTradeSides=50 settlementRepositoryCalls=1 settlementRowsLoaded=0 settlementPrefetchMs=3 cudLookupRequests=0 cudUniqueTradeSides=0 cudUniqueBusinessKeys=0 cudRepositoryCalls=0 cudRowsLoaded=0 cudPrefetchMs=0 tradePrefetchMs=127 sidePrefetchMs=0 participantPrefetchMs=11 accountResolutionMs=16 accountPrefetchMs=11 businessValidationMs=6 totalMs=177
[30m2026-08-26T00:29:58,796[m [32mINFO  [m[[1;34mhttp-nio-8080-exec-10[m] [36mRestClientUtils[m - Client [POST] http://operaciones-fracciones-contado-back-service/operations-fractionation-api/v1/fractionation/batch
[30m2026-08-26T00:30:00,226[m [32mINFO  [m[[1;34mhttp-nio-8080-exec-10[m] [36mFractionationCountedServiceImpl[m - PERF_ASSIGNMENT_BATCH service=cmd batchId=ba9021d9-5dc6-4662-ad3a-9156f367e96b mode=RAW_VALIDATED configuredMaxBatchSize=80 receivedBatchSize=50 processedCount=50 successCount=50 failureCount=0 fractionationMs=1430 totalMs=1430
[30m2026-08-26T00:30:00,227[m [32mINFO  [m[[1;34mhttp-nio-8080-exec-10[m] [36mFractionationCountedServiceImpl[m - PERF_ASSIGNMENT_BATCH service=cmd batchId=ba9021d9-5dc6-4662-ad3a-9156f367e96b mode=RAW configuredMaxBatchSize=80 receivedBatchSize=50 validCount=50 invalidCount=0 sentToFractionationCount=50 successCount=50 failureCount=0 totalMs=1608
[30m2026-08-26T00:30:00,229[m [32mINFO  [m[[1;34mhttp-nio-8080-exec-10[m] [36mGlobalFilter[m - Request [POST /operations-cmd-api/v1/fractionation/counted-operation/batch] completed in 1613 ms with status 200
[30m2026-08-26T00:30:00,252[m [32mINFO  [m[[1;34mhttp-nio-8080-exec-1[m] [36mGlobalFilter[m - ----------- Client User: operaciones-orquestador-ext-back ----------
[30m2026-08-26T00:30:00,417[m [32mINFO  [m[[1;34mhttp-nio-8080-exec-1[m] [36mValidateCountedFractionServiceImpl[m - Start method validateAccountFractionAssignmentV1, accountNumber -> 4021801, tradeId -> 965211, sideId -> 1, originId -> 122, isLocalCorrection -> false
[30m2026-08-26T00:30:00,418[m [32mINFO  [m[[1;34mhttp-nio-8080-exec-1[m] [36mValidateCountedFractionServiceImpl[m - Searching participant account assignment for accountNumber -> 4021801, participantId -> 15, depositoryId -> 1
[30m2026-08-26T00:30:00,421[m [32mINFO  [m[[1;34mhttp-nio-8080-exec-1[m] [36mValidateCountedFractionServiceImpl[m - No participant account found for accountNumber -> 4021801
[30m2026-08-26T00:30:00,434[m [32mINFO  [m[[1;34mhttp-nio-8080-exec-1[m] [36mValidateCountedFractionServiceImpl[m - End method validateAccountFractionAssignmentV1, fractionAccountOutDto -> FractionAccountOutDto(participantAccount=null, investorAccount=InvestorAccountOutDto(id=57, investor=InvestorOutDto(id=167, code=CL00000001, firstName=Prueba Nombre 1, lastName=Prueba Nombre 2, companyName=TERCERO3509748, type=TypeOutDto(id=2, description=JURIDICO, category=PERSONA), status=StatusOutDto(id=515, description=ACTIVO, category=INVERSIONISTA, shortName=null), country=CountryOutDto(id=35, code=CL, name=CHILE, currency=CurrencyOutDto(id=30, code=CLP, name=PESO CHILENO), timeZone=UTC -3), documentNumber=8605303170, identificationType=IdentificationTypeOutDto(id=5, description=CEDULA DE CIUDADANÍA, code=CC), nationality=35, clearinghouseCode=null, gics=null, moneyLaunderingFlag=null, taxStatus=null), accountNumber=4021801, accountName=AMBIENTE 3  PRUEBA 3, status=StatusOutDto(id=570, description=ACTIVO, category=CUENTA_INVERSIONISTA, shortName=null), originType=TypeOutDto(id=120, description=TERCEROS, category=ORIGEN PUNTA), type=TypeOutDto(id=26, description=CUENTA DEPOSITO, category=CUENTA DEPOSITO), depository=DepositoryOutDto(id=1, description=DVL), participant=null, taxExemp=false), sourceQuoteType=TypeOutDto(id=120, description=TERCEROS, category=ORIGEN PUNTA), fiduciarySpecialist=false, jointAccount=false, masterAccount=false, custodian=null, milaDirectDepositor=null)
[30m2026-08-26T00:30:00,453[m [32mINFO  [m[[1;34mhttp-nio-8080-exec-1[m] [36mValidateCountedFractionServiceImpl[m - Start method validateQuantityFractionsV1, tradeId -> 965211
[30m2026-08-26T00:30:00,453[m [32mINFO  [m[[1;34mhttp-nio-8080-exec-1[m] [36mValidateCountedFractionServiceImpl[m - Start method validateMaximumLimitFractionsV1
[30m2026-08-26T00:30:00,453[m [32mINFO  [m[[1;34mhttp-nio-8080-exec-1[m] [36mValidateCountedFractionServiceImpl[m - Start method validateQuantityFractionsV1, tradeId -> 965212
[30m2026-08-26T00:30:00,453[m [32mINFO  [m[[1;34mhttp-nio-8080-exec-1[m] [36mValidateCountedFractionServiceImpl[m - Start method validateMaximumLimitFractionsV1
[30m2026-08-26T00:30:00,453[m [32mINFO  [m[[1;34mhttp-nio-8080-exec-1[m] [36mValidateCountedFractionServiceImpl[m - Start method validateQuantityFractionsV1, tradeId -> 965169
[30m2026-08-26T00:30:00,453[m [32mINFO  [m[[1;34mhttp-nio-8080-exec-1[m] [36mValidateCountedFractionServiceImpl[m - Start method validateMaximumLimitFractionsV1
[30m2026-08-26T00:30:00,453[m [32mINFO  [m[[1;34mhttp-nio-8080-exec-1[m] [36mValidateCountedFractionServiceImpl[m - Start method validateQuantityFractionsV1, tradeId -> 964213
[30m2026-08-26T00:30:00,453[m [32mINFO  [m[[1;34mhttp-nio-8080-exec-1[m] [36mValidateCountedFractionServiceImpl[m - Start method validateMaximumLimitFractionsV1
[30m2026-08-26T00:30:00,453[m [32mINFO  [m[[1;34mhttp-nio-8080-exec-1[m] [36mValidateCountedFractionServiceImpl[m - Start method validateQuantityFractionsV1, tradeId -> 963177
[30m2026-08-26T00:30:00,453[m [32mINFO  [m[[1;34mhttp-nio-8080-exec-1[m] [36mValidateCountedFractionServiceImpl[m - Start method validateMaximumLimitFractionsV1
[30m2026-08-26T00:30:00,453[m [32mINFO  [m[[1;34mhttp-nio-8080-exec-1[m] [36mValidateCountedFractionServiceImpl[m - Start method validateQuantityFractionsV1, tradeId -> 963178
[30m2026-08-26T00:30:00,453[m [32mINFO  [m[[1;34mhttp-nio-8080-exec-1[m] [36mValidateCountedFractionServiceImpl[m - Start method validateMaximumLimitFractionsV1
[30m2026-08-26T00:30:00,453[m [32mINFO  [m[[1;34mhttp-nio-8080-exec-1[m] [36mValidateCountedFractionServiceImpl[m - Start method validateQuantityFractionsV1, tradeId -> 963179
[30m2026-08-26T00:30:00,453[m [32mINFO  [m[[1;34mhttp-nio-8080-exec-1[m] [36mValidateCountedFractionServiceImpl[m - Start method validateMaximumLimitFractionsV1
[30m2026-08-26T00:30:00,453[m [32mINFO  [m[[1;34mhttp-nio-8080-exec-1[m] [36mValidateCountedFractionServiceImpl[m - Start method validateQuantityFractionsV1, tradeId -> 964215
[30m2026-08-26T00:30:00,453[m [32mINFO  [m[[1;34mhttp-nio-8080-exec-1[m] [36mValidateCountedFractionServiceImpl[m - Start method validateMaximumLimitFractionsV1
[30m2026-08-26T00:30:00,453[m [32mINFO  [m[[1;34mhttp-nio-8080-exec-1[m] [36mValidateCountedFractionServiceImpl[m - Start method validateQuantityFractionsV1, tradeId -> 965217
[30m2026-08-26T00:30:00,454[m [32mINFO  [m[[1;34mhttp-nio-8080-exec-1[m] [36mValidateCountedFractionServiceImpl[m - Start method validateMaximumLimitFractionsV1
[30m2026-08-26T00:30:00,454[m [32mINFO  [m[[1;34mhttp-nio-8080-exec-1[m] [36mValidateCountedFractionServiceImpl[m - Start method validateQuantityFractionsV1, tradeId -> 965218
[30m2026-08-26T00:30:00,454[m [32mINFO  [m[[1;34mhttp-nio-8080-exec-1[m] [36mValidateCountedFractionServiceImpl[m - Start method validateMaximumLimitFractionsV1
[30m2026-08-26T00:30:00,454[m [32mINFO  [m[[1;34mhttp-nio-8080-exec-1[m] [36mValidateCountedFractionServiceImpl[m - Start method validateQuantityFractionsV1, tradeId -> 965175
[30m2026-08-26T00:30:00,454[m [32mINFO  [m[[1;34mhttp-nio-8080-exec-1[m] [36mValidateCountedFractionServiceImpl[m - Start method validateMaximumLimitFractionsV1
[30m2026-08-26T00:30:00,454[m [32mINFO  [m[[1;34mhttp-nio-8080-exec-1[m] [36mValidateCountedFractionServiceImpl[m - Start method validateQuantityFractionsV1, tradeId -> 957300
[30m2026-08-26T00:30:00,454[m [32mINFO  [m[[1;34mhttp-nio-8080-exec-1[m] [36mValidateCountedFractionServiceImpl[m - Start method validateMaximumLimitFractionsV1
[30m2026-08-26T00:30:00,454[m [32mINFO  [m[[1;34mhttp-nio-8080-exec-1[m] [36mValidateCountedFractionServiceImpl[m - Start method validateQuantityFractionsV1, tradeId -> 963180
[30m2026-08-26T00:30:00,454[m [32mINFO  [m[[1;34mhttp-nio-8080-exec-1[m] [36mValidateCountedFractionServiceImpl[m - Start method validateMaximumLimitFractionsV1
[30m2026-08-26T00:30:00,454[m [32mINFO  [m[[1;34mhttp-nio-8080-exec-1[m] [36mValidateCountedFractionServiceImpl[m - Start method validateQuantityFractionsV1, tradeId -> 963181
[30m2026-08-26T00:30:00,454[m [32mINFO  [m[[1;34mhttp-nio-8080-exec-1[m] [36mValidateCountedFractionServiceImpl[m - Start method validateMaximumLimitFractionsV1
[30m2026-08-26T00:30:00,454[m [32mINFO  [m[[1;34mhttp-nio-8080-exec-1[m] [36mValidateCountedFractionServiceImpl[m - Start method validateQuantityFractionsV1, tradeId -> 965219
[30m2026-08-26T00:30:00,454[m [32mINFO  [m[[1;34mhttp-nio-8080-exec-1[m] [36mValidateCountedFractionServiceImpl[m - Start method validateMaximumLimitFractionsV1
[30m2026-08-26T00:30:00,454[m [32mINFO  [m[[1;34mhttp-nio-8080-exec-1[m] [36mValidateCountedFractionServiceImpl[m - Start method validateQuantityFractionsV1, tradeId -> 963182
[30m2026-08-26T00:30:00,454[m [32mINFO  [m[[1;34mhttp-nio-8080-exec-1[m] [36mValidateCountedFractionServiceImpl[m - Start method validateMaximumLimitFractionsV1
[30m2026-08-26T00:30:00,454[m [32mINFO  [m[[1;34mhttp-nio-8080-exec-1[m] [36mValidateCountedFractionServiceImpl[m - Start method validateQuantityFractionsV1, tradeId -> 964218
[30m2026-08-26T00:30:00,454[m [32mINFO  [m[[1;34mhttp-nio-8080-exec-1[m] [36mValidateCountedFractionServiceImpl[m - Start method validateMaximumLimitFractionsV1
[30m2026-08-26T00:30:00,454[m [32mINFO  [m[[1;34mhttp-nio-8080-exec-1[m] [36mValidateCountedFractionServiceImpl[m - Start method validateQuantityFractionsV1, tradeId -> 957304
[30m2026-08-26T00:30:00,454[m [32mINFO  [m[[1;34mhttp-nio-8080-exec-1[m] [36mValidateCountedFractionServiceImpl[m - Start method validateMaximumLimitFractionsV1
[30m2026-08-26T00:30:00,454[m [32mINFO  [m[[1;34mhttp-nio-8080-exec-1[m] [36mValidateCountedFractionServiceImpl[m - Start method validateQuantityFractionsV1, tradeId -> 965223
[30m2026-08-26T00:30:00,454[m [32mINFO  [m[[1;34mhttp-nio-8080-exec-1[m] [36mValidateCountedFractionServiceImpl[m - Start method validateMaximumLimitFractionsV1
[30m2026-08-26T00:30:00,454[m [32mINFO  [m[[1;34mhttp-nio-8080-exec-1[m] [36mValidateCountedFractionServiceImpl[m - Start method validateQuantityFractionsV1, tradeId -> 957305
[30m2026-08-26T00:30:00,454[m [32mINFO  [m[[1;34mhttp-nio-8080-exec-1[m] [36mValidateCountedFractionServiceImpl[m - Start method validateMaximumLimitFractionsV1
[30m2026-08-26T00:30:00,454[m [32mINFO  [m[[1;34mhttp-nio-8080-exec-1[m] [36mValidateCountedFractionServiceImpl[m - Start method validateQuantityFractionsV1, tradeId -> 957306
[30m2026-08-26T00:30:00,454[m [32mINFO  [m[[1;34mhttp-nio-8080-exec-1[m] [36mValidateCountedFractionServiceImpl[m - Start method validateMaximumLimitFractionsV1
[30m2026-08-26T00:30:00,454[m [32mINFO  [m[[1;34mhttp-nio-8080-exec-1[m] [36mValidateCountedFractionServiceImpl[m - Start method validateQuantityFractionsV1, tradeId -> 963185
[30m2026-08-26T00:30:00,454[m [32mINFO  [m[[1;34mhttp-nio-8080-exec-1[m] [36mValidateCountedFractionServiceImpl[m - Start method validateMaximumLimitFractionsV1
[30m2026-08-26T00:30:00,454[m [32mINFO  [m[[1;34mhttp-nio-8080-exec-1[m] [36mValidateCountedFractionServiceImpl[m - Start method validateQuantityFractionsV1, tradeId -> 965177
[30m2026-08-26T00:30:00,455[m [32mINFO  [m[[1;34mhttp-nio-8080-exec-1[m] [36mValidateCountedFractionServiceImpl[m - Start method validateMaximumLimitFractionsV1
[30m2026-08-26T00:30:00,455[m [32mINFO  [m[[1;34mhttp-nio-8080-exec-1[m] [36mValidateCountedFractionServiceImpl[m - Start method validateQuantityFractionsV1, tradeId -> 963186
[30m2026-08-26T00:30:00,455[m [32mINFO  [m[[1;34mhttp-nio-8080-exec-1[m] [36mValidateCountedFractionServiceImpl[m - Start method validateMaximumLimitFractionsV1
[30m2026-08-26T00:30:00,455[m [32mINFO  [m[[1;34mhttp-nio-8080-exec-1[m] [36mValidateCountedFractionServiceImpl[m - Start method validateQuantityFractionsV1, tradeId -> 965178
[30m2026-08-26T00:30:00,455[m [32mINFO  [m[[1;34mhttp-nio-8080-exec-1[m] [36mValidateCountedFractionServiceImpl[m - Start method validateMaximumLimitFractionsV1
[30m2026-08-26T00:30:00,455[m [32mINFO  [m[[1;34mhttp-nio-8080-exec-1[m] [36mValidateCountedFractionServiceImpl[m - Start method validateQuantityFractionsV1, tradeId -> 957307
[30m2026-08-26T00:30:00,455[m [32mINFO  [m[[1;34mhttp-nio-8080-exec-1[m] [36mValidateCountedFractionServiceImpl[m - Start method validateMaximumLimitFractionsV1
[30m2026-08-26T00:30:00,455[m [32mINFO  [m[[1;34mhttp-nio-8080-exec-1[m] [36mValidateCountedFractionServiceImpl[m - Start method validateQuantityFractionsV1, tradeId -> 965179
[30m2026-08-26T00:30:00,455[m [32mINFO  [m[[1;34mhttp-nio-8080-exec-1[m] [36mValidateCountedFractionServiceImpl[m - Start method validateMaximumLimitFractionsV1
[30m2026-08-26T00:30:00,455[m [32mINFO  [m[[1;34mhttp-nio-8080-exec-1[m] [36mValidateCountedFractionServiceImpl[m - Start method validateQuantityFractionsV1, tradeId -> 957308
[30m2026-08-26T00:30:00,455[m [32mINFO  [m[[1;34mhttp-nio-8080-exec-1[m] [36mValidateCountedFractionServiceImpl[m - Start method validateMaximumLimitFractionsV1
[30m2026-08-26T00:30:00,455[m [32mINFO  [m[[1;34mhttp-nio-8080-exec-1[m] [36mValidateCountedFractionServiceImpl[m - Start method validateQuantityFractionsV1, tradeId -> 964222
[30m2026-08-26T00:30:00,455[m [32mINFO  [m[[1;34mhttp-nio-8080-exec-1[m] [36mValidateCountedFractionServiceImpl[m - Start method validateMaximumLimitFractionsV1
[30m2026-08-26T00:30:00,455[m [32mINFO  [m[[1;34mhttp-nio-8080-exec-1[m] [36mValidateCountedFractionServiceImpl[m - Start method validateQuantityFractionsV1, tradeId -> 964223
[30m2026-08-26T00:30:00,455[m [32mINFO  [m[[1;34mhttp-nio-8080-exec-1[m] [36mValidateCountedFractionServiceImpl[m - Start method validateMaximumLimitFractionsV1
[30m2026-08-26T00:30:00,455[m [32mINFO  [m[[1;34mhttp-nio-8080-exec-1[m] [36mValidateCountedFractionServiceImpl[m - Start method validateQuantityFractionsV1, tradeId -> 965226
[30m2026-08-26T00:30:00,455[m [32mINFO  [m[[1;34mhttp-nio-8080-exec-1[m] [36mValidateCountedFractionServiceImpl[m - Start method validateMaximumLimitFractionsV1
[30m2026-08-26T00:30:00,455[m [32mINFO  [m[[1;34mhttp-nio-8080-exec-1[m] [36mValidateCountedFractionServiceImpl[m - Start method validateQuantityFractionsV1, tradeId -> 964224
[30m2026-08-26T00:30:00,455[m [32mINFO  [m[[1;34mhttp-nio-8080-exec-1[m] [36mValidateCountedFractionServiceImpl[m - Start method validateMaximumLimitFractionsV1
[30m2026-08-26T00:30:00,455[m [32mINFO  [m[[1;34mhttp-nio-8080-exec-1[m] [36mValidateCountedFractionServiceImpl[m - Start method validateQuantityFractionsV1, tradeId -> 963187
[30m2026-08-26T00:30:00,455[m [32mINFO  [m[[1;34mhttp-nio-8080-exec-1[m] [36mValidateCountedFractionServiceImpl[m - Start method validateMaximumLimitFractionsV1
[30m2026-08-26T00:30:00,455[m [32mINFO  [m[[1;34mhttp-nio-8080-exec-1[m] [36mValidateCountedFractionServiceImpl[m - Start method validateQuantityFractionsV1, tradeId -> 965227
[30m2026-08-26T00:30:00,455[m [32mINFO  [m[[1;34mhttp-nio-8080-exec-1[m] [36mValidateCountedFractionServiceImpl[m - Start method validateMaximumLimitFractionsV1
[30m2026-08-26T00:30:00,456[m [32mINFO  [m[[1;34mhttp-nio-8080-exec-1[m] [36mValidateCountedFractionServiceImpl[m - Start method validateQuantityFractionsV1, tradeId -> 964227
[30m2026-08-26T00:30:00,456[m [32mINFO  [m[[1;34mhttp-nio-8080-exec-1[m] [36mValidateCountedFractionServiceImpl[m - Start method validateMaximumLimitFractionsV1
[30m2026-08-26T00:30:00,456[m [32mINFO  [m[[1;34mhttp-nio-8080-exec-1[m] [36mValidateCountedFractionServiceImpl[m - Start method validateQuantityFractionsV1, tradeId -> 963192
[30m2026-08-26T00:30:00,456[m [32mINFO  [m[[1;34mhttp-nio-8080-exec-1[m] [36mValidateCountedFractionServiceImpl[m - Start method validateMaximumLimitFractionsV1
[30m2026-08-26T00:30:00,456[m [32mINFO  [m[[1;34mhttp-nio-8080-exec-1[m] [36mValidateCountedFractionServiceImpl[m - Start method validateQuantityFractionsV1, tradeId -> 965182
[30m2026-08-26T00:30:00,456[m [32mINFO  [m[[1;34mhttp-nio-8080-exec-1[m] [36mValidateCountedFractionServiceImpl[m - Start method validateMaximumLimitFractionsV1
[30m2026-08-26T00:30:00,456[m [32mINFO  [m[[1;34mhttp-nio-8080-exec-1[m] [36mValidateCountedFractionServiceImpl[m - Start method validateQuantityFractionsV1, tradeId -> 963193
[30m2026-08-26T00:30:00,456[m [32mINFO  [m[[1;34mhttp-nio-8080-exec-1[m] [36mValidateCountedFractionServiceImpl[m - Start method validateMaximumLimitFractionsV1
[30m2026-08-26T00:30:00,456[m [32mINFO  [m[[1;34mhttp-nio-8080-exec-1[m] [36mValidateCountedFractionServiceImpl[m - Start method validateQuantityFractionsV1, tradeId -> 965230
[30m2026-08-26T00:30:00,456[m [32mINFO  [m[[1;34mhttp-nio-8080-exec-1[m] [36mValidateCountedFractionServiceImpl[m - Start method validateMaximumLimitFractionsV1
[30m2026-08-26T00:30:00,456[m [32mINFO  [m[[1;34mhttp-nio-8080-exec-1[m] [36mValidateCountedFractionServiceImpl[m - Start method validateQuantityFractionsV1, tradeId -> 963194
[30m2026-08-26T00:30:00,456[m [32mINFO  [m[[1;34mhttp-nio-8080-exec-1[m] [36mValidateCountedFractionServiceImpl[m - Start method validateMaximumLimitFractionsV1
[30m2026-08-26T00:30:00,456[m [32mINFO  [m[[1;34mhttp-nio-8080-exec-1[m] [36mValidateCountedFractionServiceImpl[m - Start method validateQuantityFractionsV1, tradeId -> 964233
[30m2026-08-26T00:30:00,456[m [32mINFO  [m[[1;34mhttp-nio-8080-exec-1[m] [36mValidateCountedFractionServiceImpl[m - Start method validateMaximumLimitFractionsV1
[30m2026-08-26T00:30:00,456[m [32mINFO  [m[[1;34mhttp-nio-8080-exec-1[m] [36mValidateCountedFractionServiceImpl[m - Start method validateQuantityFractionsV1, tradeId -> 963207
[30m2026-08-26T00:30:00,456[m [32mINFO  [m[[1;34mhttp-nio-8080-exec-1[m] [36mValidateCountedFractionServiceImpl[m - Start method validateMaximumLimitFractionsV1
[30m2026-08-26T00:30:00,456[m [32mINFO  [m[[1;34mhttp-nio-8080-exec-1[m] [36mValidateCountedFractionServiceImpl[m - Start method validateQuantityFractionsV1, tradeId -> 963208
[30m2026-08-26T00:30:00,456[m [32mINFO  [m[[1;34mhttp-nio-8080-exec-1[m] [36mValidateCountedFractionServiceImpl[m - Start method validateMaximumLimitFractionsV1
[30m2026-08-26T00:30:00,456[m [32mINFO  [m[[1;34mhttp-nio-8080-exec-1[m] [36mValidateCountedFractionServiceImpl[m - Start method validateQuantityFractionsV1, tradeId -> 965241
[30m2026-08-26T00:30:00,456[m [32mINFO  [m[[1;34mhttp-nio-8080-exec-1[m] [36mValidateCountedFractionServiceImpl[m - Start method validateMaximumLimitFractionsV1
[30m2026-08-26T00:30:00,456[m [32mINFO  [m[[1;34mhttp-nio-8080-exec-1[m] [36mValidateCountedFractionServiceImpl[m - Start method validateQuantityFractionsV1, tradeId -> 965190
[30m2026-08-26T00:30:00,456[m [32mINFO  [m[[1;34mhttp-nio-8080-exec-1[m] [36mValidateCountedFractionServiceImpl[m - Start method validateMaximumLimitFractionsV1
[30m2026-08-26T00:30:00,456[m [32mINFO  [m[[1;34mhttp-nio-8080-exec-1[m] [36mValidateCountedFractionServiceImpl[m - Start method validateQuantityFractionsV1, tradeId -> 965242
[30m2026-08-26T00:30:00,456[m [32mINFO  [m[[1;34mhttp-nio-8080-exec-1[m] [36mValidateCountedFractionServiceImpl[m - Start method validateMaximumLimitFractionsV1
[30m2026-08-26T00:30:00,456[m [32mINFO  [m[[1;34mhttp-nio-8080-exec-1[m] [36mValidateCountedFractionServiceImpl[m - Start method validateQuantityFractionsV1, tradeId -> 964234
[30m2026-08-26T00:30:00,456[m [32mINFO  [m[[1;34mhttp-nio-8080-exec-1[m] [36mValidateCountedFractionServiceImpl[m - Start method validateMaximumLimitFractionsV1
[30m2026-08-26T00:30:00,456[m [32mINFO  [m[[1;34mhttp-nio-8080-exec-1[m] [36mValidateCountedFractionServiceImpl[m - Start method validateQuantityFractionsV1, tradeId -> 965191
[30m2026-08-26T00:30:00,456[m [32mINFO  [m[[1;34mhttp-nio-8080-exec-1[m] [36mValidateCountedFractionServiceImpl[m - Start method validateMaximumLimitFractionsV1
[30m2026-08-26T00:30:00,456[m [32mINFO  [m[[1;34mhttp-nio-8080-exec-1[m] [36mValidateCountedFractionServiceImpl[m - Start method validateQuantityFractionsV1, tradeId -> 964235
[30m2026-08-26T00:30:00,456[m [32mINFO  [m[[1;34mhttp-nio-8080-exec-1[m] [36mValidateCountedFractionServiceImpl[m - Start method validateMaximumLimitFractionsV1
[30m2026-08-26T00:30:00,457[m [32mINFO  [m[[1;34mhttp-nio-8080-exec-1[m] [36mValidateCountedFractionServiceImpl[m - Start method validateQuantityFractionsV1, tradeId -> 963209
[30m2026-08-26T00:30:00,457[m [32mINFO  [m[[1;34mhttp-nio-8080-exec-1[m] [36mValidateCountedFractionServiceImpl[m - Start method validateMaximumLimitFractionsV1
[30m2026-08-26T00:30:00,457[m [32mINFO  [m[[1;34mhttp-nio-8080-exec-1[m] [36mFractionationCountedServiceImpl[m - PERF_ASSIGNMENT_VALIDATION_BATCH batchId=c31208a6-b83c-49ae-9e0e-70d8c4f7e63a inputCount=50 validCount=50 invalidCount=0 uniqueTrades=50 uniqueSides=1 uniqueParticipants=1 titleAccountResolutionRequests=50 titleAccountUniqueBusinessKeys=1 settlementLookupRequests=50 settlementUniqueTradeSides=50 settlementRepositoryCalls=1 settlementRowsLoaded=0 settlementPrefetchMs=3 cudLookupRequests=0 cudUniqueTradeSides=0 cudUniqueBusinessKeys=0 cudRepositoryCalls=0 cudRowsLoaded=0 cudPrefetchMs=0 tradePrefetchMs=149 sidePrefetchMs=0 participantPrefetchMs=12 accountResolutionMs=17 accountPrefetchMs=11 businessValidationMs=7 totalMs=201
[30m2026-08-26T00:30:00,457[m [32mINFO  [m[[1;34mhttp-nio-8080-exec-1[m] [36mRestClientUtils[m - Client [POST] http://operaciones-fracciones-contado-back-service/operations-fractionation-api/v1/fractionation/batch
[30m2026-08-26T00:30:01,989[m [32mINFO  [m[[1;34mhttp-nio-8080-exec-1[m] [36mFractionationCountedServiceImpl[m - PERF_ASSIGNMENT_BATCH service=cmd batchId=c31208a6-b83c-49ae-9e0e-70d8c4f7e63a mode=RAW_VALIDATED configuredMaxBatchSize=80 receivedBatchSize=50 processedCount=50 successCount=50 failureCount=0 fractionationMs=1532 totalMs=1532
[30m2026-08-26T00:30:01,989[m [32mINFO  [m[[1;34mhttp-nio-8080-exec-1[m] [36mFractionationCountedServiceImpl[m - PERF_ASSIGNMENT_BATCH service=cmd batchId=c31208a6-b83c-49ae-9e0e-70d8c4f7e63a mode=RAW configuredMaxBatchSize=80 receivedBatchSize=50 validCount=50 invalidCount=0 sentToFractionationCount=50 successCount=50 failureCount=0 totalMs=1734
[30m2026-08-26T00:30:01,992[m [32mINFO  [m[[1;34mhttp-nio-8080-exec-1[m] [36mGlobalFilter[m - Request [POST /operations-cmd-api/v1/fractionation/counted-operation/batch] completed in 1740 ms with status 200
[30m2026-08-26T00:30:02,019[m [32mINFO  [m[[1;34mhttp-nio-8080-exec-2[m] [36mGlobalFilter[m - ----------- Client User: operaciones-orquestador-ext-back ----------
[30m2026-08-26T00:30:02,203[m [32mINFO  [m[[1;34mhttp-nio-8080-exec-2[m] [36mValidateCountedFractionServiceImpl[m - Start method validateAccountFractionAssignmentV1, accountNumber -> 4021801, tradeId -> 963210, sideId -> 1, originId -> 122, isLocalCorrection -> false
[30m2026-08-26T00:30:02,204[m [32mINFO  [m[[1;34mhttp-nio-8080-exec-2[m] [36mValidateCountedFractionServiceImpl[m - Searching participant account assignment for accountNumber -> 4021801, participantId -> 15, depositoryId -> 1
[30m2026-08-26T00:30:02,207[m [32mINFO  [m[[1;34mhttp-nio-8080-exec-2[m] [36mValidateCountedFractionServiceImpl[m - No participant account found for accountNumber -> 4021801
[30m2026-08-26T00:30:02,224[m [32mINFO  [m[[1;34mhttp-nio-8080-exec-2[m] [36mValidateCountedFractionServiceImpl[m - End method validateAccountFractionAssignmentV1, fractionAccountOutDto -> FractionAccountOutDto(participantAccount=null, investorAccount=InvestorAccountOutDto(id=57, investor=InvestorOutDto(id=167, code=CL00000001, firstName=Prueba Nombre 1, lastName=Prueba Nombre 2, companyName=TERCERO3509748, type=TypeOutDto(id=2, description=JURIDICO, category=PERSONA), status=StatusOutDto(id=515, description=ACTIVO, category=INVERSIONISTA, shortName=null), country=CountryOutDto(id=35, code=CL, name=CHILE, currency=CurrencyOutDto(id=30, code=CLP, name=PESO CHILENO), timeZone=UTC -3), documentNumber=8605303170, identificationType=IdentificationTypeOutDto(id=5, description=CEDULA DE CIUDADANÍA, code=CC), nationality=35, clearinghouseCode=null, gics=null, moneyLaunderingFlag=null, taxStatus=null), accountNumber=4021801, accountName=AMBIENTE 3  PRUEBA 3, status=StatusOutDto(id=570, description=ACTIVO, category=CUENTA_INVERSIONISTA, shortName=null), originType=TypeOutDto(id=120, description=TERCEROS, category=ORIGEN PUNTA), type=TypeOutDto(id=26, description=CUENTA DEPOSITO, category=CUENTA DEPOSITO), depository=DepositoryOutDto(id=1, description=DVL), participant=null, taxExemp=false), sourceQuoteType=TypeOutDto(id=120, description=TERCEROS, category=ORIGEN PUNTA), fiduciarySpecialist=false, jointAccount=false, masterAccount=false, custodian=null, milaDirectDepositor=null)
[30m2026-08-26T00:30:02,244[m [32mINFO  [m[[1;34mhttp-nio-8080-exec-2[m] [36mValidateCountedFractionServiceImpl[m - Start method validateQuantityFractionsV1, tradeId -> 963210
[30m2026-08-26T00:30:02,244[m [32mINFO  [m[[1;34mhttp-nio-8080-exec-2[m] [36mValidateCountedFractionServiceImpl[m - Start method validateMaximumLimitFractionsV1
[30m2026-08-26T00:30:02,244[m [32mINFO  [m[[1;34mhttp-nio-8080-exec-2[m] [36mValidateCountedFractionServiceImpl[m - Start method validateQuantityFractionsV1, tradeId -> 965243
[30m2026-08-26T00:30:02,244[m [32mINFO  [m[[1;34mhttp-nio-8080-exec-2[m] [36mValidateCountedFractionServiceImpl[m - Start method validateMaximumLimitFractionsV1
[30m2026-08-26T00:30:02,245[m [32mINFO  [m[[1;34mhttp-nio-8080-exec-2[m] [36mValidateCountedFractionServiceImpl[m - Start method validateQuantityFractionsV1, tradeId -> 965244
[30m2026-08-26T00:30:02,245[m [32mINFO  [m[[1;34mhttp-nio-8080-exec-2[m] [36mValidateCountedFractionServiceImpl[m - Start method validateMaximumLimitFractionsV1
[30m2026-08-26T00:30:02,245[m [32mINFO  [m[[1;34mhttp-nio-8080-exec-2[m] [36mValidateCountedFractionServiceImpl[m - Start method validateQuantityFractionsV1, tradeId -> 964236
[30m2026-08-26T00:30:02,245[m [32mINFO  [m[[1;34mhttp-nio-8080-exec-2[m] [36mValidateCountedFractionServiceImpl[m - Start method validateMaximumLimitFractionsV1
[30m2026-08-26T00:30:02,245[m [32mINFO  [m[[1;34mhttp-nio-8080-exec-2[m] [36mValidateCountedFractionServiceImpl[m - Start method validateQuantityFractionsV1, tradeId -> 965245
[30m2026-08-26T00:30:02,245[m [32mINFO  [m[[1;34mhttp-nio-8080-exec-2[m] [36mValidateCountedFractionServiceImpl[m - Start method validateMaximumLimitFractionsV1
[30m2026-08-26T00:30:02,245[m [32mINFO  [m[[1;34mhttp-nio-8080-exec-2[m] [36mValidateCountedFractionServiceImpl[m - Start method validateQuantityFractionsV1, tradeId -> 965246
[30m2026-08-26T00:30:02,245[m [32mINFO  [m[[1;34mhttp-nio-8080-exec-2[m] [36mValidateCountedFractionServiceImpl[m - Start method validateMaximumLimitFractionsV1
[30m2026-08-26T00:30:02,246[m [32mINFO  [m[[1;34mhttp-nio-8080-exec-2[m] [36mValidateCountedFractionServiceImpl[m - Start method validateQuantityFractionsV1, tradeId -> 963211
[30m2026-08-26T00:30:02,246[m [32mINFO  [m[[1;34mhttp-nio-8080-exec-2[m] [36mValidateCountedFractionServiceImpl[m - Start method validateMaximumLimitFractionsV1
[30m2026-08-26T00:30:02,246[m [32mINFO  [m[[1;34mhttp-nio-8080-exec-2[m] [36mValidateCountedFractionServiceImpl[m - Start method validateQuantityFractionsV1, tradeId -> 965247
[30m2026-08-26T00:30:02,246[m [32mINFO  [m[[1;34mhttp-nio-8080-exec-2[m] [36mValidateCountedFractionServiceImpl[m - Start method validateMaximumLimitFractionsV1
[30m2026-08-26T00:30:02,246[m [32mINFO  [m[[1;34mhttp-nio-8080-exec-2[m] [36mValidateCountedFractionServiceImpl[m - Start method validateQuantityFractionsV1, tradeId -> 963212
[30m2026-08-26T00:30:02,246[m [32mINFO  [m[[1;34mhttp-nio-8080-exec-2[m] [36mValidateCountedFractionServiceImpl[m - Start method validateMaximumLimitFractionsV1
[30m2026-08-26T00:30:02,246[m [32mINFO  [m[[1;34mhttp-nio-8080-exec-2[m] [36mValidateCountedFractionServiceImpl[m - Start method validateQuantityFractionsV1, tradeId -> 964238
[30m2026-08-26T00:30:02,246[m [32mINFO  [m[[1;34mhttp-nio-8080-exec-2[m] [36mValidateCountedFractionServiceImpl[m - Start method validateMaximumLimitFractionsV1
[30m2026-08-26T00:30:02,246[m [32mINFO  [m[[1;34mhttp-nio-8080-exec-2[m] [36mValidateCountedFractionServiceImpl[m - Start method validateQuantityFractionsV1, tradeId -> 957323
[30m2026-08-26T00:30:02,246[m [32mINFO  [m[[1;34mhttp-nio-8080-exec-2[m] [36mValidateCountedFractionServiceImpl[m - Start method validateMaximumLimitFractionsV1
[30m2026-08-26T00:30:02,246[m [32mINFO  [m[[1;34mhttp-nio-8080-exec-2[m] [36mValidateCountedFractionServiceImpl[m - Start method validateQuantityFractionsV1, tradeId -> 965248
[30m2026-08-26T00:30:02,246[m [32mINFO  [m[[1;34mhttp-nio-8080-exec-2[m] [36mValidateCountedFractionServiceImpl[m - Start method validateMaximumLimitFractionsV1
[30m2026-08-26T00:30:02,246[m [32mINFO  [m[[1;34mhttp-nio-8080-exec-2[m] [36mValidateCountedFractionServiceImpl[m - Start method validateQuantityFractionsV1, tradeId -> 965192
[30m2026-08-26T00:30:02,246[m [32mINFO  [m[[1;34mhttp-nio-8080-exec-2[m] [36mValidateCountedFractionServiceImpl[m - Start method validateMaximumLimitFractionsV1
[30m2026-08-26T00:30:02,246[m [32mINFO  [m[[1;34mhttp-nio-8080-exec-2[m] [36mValidateCountedFractionServiceImpl[m - Start method validateQuantityFractionsV1, tradeId -> 957324
[30m2026-08-26T00:30:02,246[m [32mINFO  [m[[1;34mhttp-nio-8080-exec-2[m] [36mValidateCountedFractionServiceImpl[m - Start method validateMaximumLimitFractionsV1
[30m2026-08-26T00:30:02,246[m [32mINFO  [m[[1;34mhttp-nio-8080-exec-2[m] [36mValidateCountedFractionServiceImpl[m - Start method validateQuantityFractionsV1, tradeId -> 963214
[30m2026-08-26T00:30:02,246[m [32mINFO  [m[[1;34mhttp-nio-8080-exec-2[m] [36mValidateCountedFractionServiceImpl[m - Start method validateMaximumLimitFractionsV1
[30m2026-08-26T00:30:02,246[m [32mINFO  [m[[1;34mhttp-nio-8080-exec-2[m] [36mValidateCountedFractionServiceImpl[m - Start method validateQuantityFractionsV1, tradeId -> 964243
[30m2026-08-26T00:30:02,246[m [32mINFO  [m[[1;34mhttp-nio-8080-exec-2[m] [36mValidateCountedFractionServiceImpl[m - Start method validateMaximumLimitFractionsV1
[30m2026-08-26T00:30:02,246[m [32mINFO  [m[[1;34mhttp-nio-8080-exec-2[m] [36mValidateCountedFractionServiceImpl[m - Start method validateQuantityFractionsV1, tradeId -> 957327
[30m2026-08-26T00:30:02,246[m [32mINFO  [m[[1;34mhttp-nio-8080-exec-2[m] [36mValidateCountedFractionServiceImpl[m - Start method validateMaximumLimitFractionsV1
[30m2026-08-26T00:30:02,246[m [32mINFO  [m[[1;34mhttp-nio-8080-exec-2[m] [36mValidateCountedFractionServiceImpl[m - Start method validateQuantityFractionsV1, tradeId -> 964257
[30m2026-08-26T00:30:02,246[m [32mINFO  [m[[1;34mhttp-nio-8080-exec-2[m] [36mValidateCountedFractionServiceImpl[m - Start method validateMaximumLimitFractionsV1
[30m2026-08-26T00:30:02,246[m [32mINFO  [m[[1;34mhttp-nio-8080-exec-2[m] [36mValidateCountedFractionServiceImpl[m - Start method validateQuantityFractionsV1, tradeId -> 964258
[30m2026-08-26T00:30:02,246[m [32mINFO  [m[[1;34mhttp-nio-8080-exec-2[m] [36mValidateCountedFractionServiceImpl[m - Start method validateMaximumLimitFractionsV1
[30m2026-08-26T00:30:02,246[m [32mINFO  [m[[1;34mhttp-nio-8080-exec-2[m] [36mValidateCountedFractionServiceImpl[m - Start method validateQuantityFractionsV1, tradeId -> 964259
[30m2026-08-26T00:30:02,246[m [32mINFO  [m[[1;34mhttp-nio-8080-exec-2[m] [36mValidateCountedFractionServiceImpl[m - Start method validateMaximumLimitFractionsV1
[30m2026-08-26T00:30:02,247[m [32mINFO  [m[[1;34mhttp-nio-8080-exec-2[m] [36mValidateCountedFractionServiceImpl[m - Start method validateQuantityFractionsV1, tradeId -> 965264
[30m2026-08-26T00:30:02,247[m [32mINFO  [m[[1;34mhttp-nio-8080-exec-2[m] [36mValidateCountedFractionServiceImpl[m - Start method validateMaximumLimitFractionsV1
[30m2026-08-26T00:30:02,247[m [32mINFO  [m[[1;34mhttp-nio-8080-exec-2[m] [36mValidateCountedFractionServiceImpl[m - Start method validateQuantityFractionsV1, tradeId -> 953054
[30m2026-08-26T00:30:02,247[m [32mINFO  [m[[1;34mhttp-nio-8080-exec-2[m] [36mValidateCountedFractionServiceImpl[m - Start method validateMaximumLimitFractionsV1
[30m2026-08-26T00:30:02,247[m [32mINFO  [m[[1;34mhttp-nio-8080-exec-2[m] [36mValidateCountedFractionServiceImpl[m - Start method validateQuantityFractionsV1, tradeId -> 957334
[30m2026-08-26T00:30:02,247[m [32mINFO  [m[[1;34mhttp-nio-8080-exec-2[m] [36mValidateCountedFractionServiceImpl[m - Start method validateMaximumLimitFractionsV1
[30m2026-08-26T00:30:02,247[m [32mINFO  [m[[1;34mhttp-nio-8080-exec-2[m] [36mValidateCountedFractionServiceImpl[m - Start method validateQuantityFractionsV1, tradeId -> 953055
[30m2026-08-26T00:30:02,247[m [32mINFO  [m[[1;34mhttp-nio-8080-exec-2[m] [36mValidateCountedFractionServiceImpl[m - Start method validateMaximumLimitFractionsV1
[30m2026-08-26T00:30:02,247[m [32mINFO  [m[[1;34mhttp-nio-8080-exec-2[m] [36mValidateCountedFractionServiceImpl[m - Start method validateQuantityFractionsV1, tradeId -> 957335
[30m2026-08-26T00:30:02,247[m [32mINFO  [m[[1;34mhttp-nio-8080-exec-2[m] [36mValidateCountedFractionServiceImpl[m - Start method validateMaximumLimitFractionsV1
[30m2026-08-26T00:30:02,247[m [32mINFO  [m[[1;34mhttp-nio-8080-exec-2[m] [36mValidateCountedFractionServiceImpl[m - Start method validateQuantityFractionsV1, tradeId -> 965265
[30m2026-08-26T00:30:02,247[m [32mINFO  [m[[1;34mhttp-nio-8080-exec-2[m] [36mValidateCountedFractionServiceImpl[m - Start method validateMaximumLimitFractionsV1
[30m2026-08-26T00:30:02,247[m [32mINFO  [m[[1;34mhttp-nio-8080-exec-2[m] [36mValidateCountedFractionServiceImpl[m - Start method validateQuantityFractionsV1, tradeId -> 963223
[30m2026-08-26T00:30:02,247[m [32mINFO  [m[[1;34mhttp-nio-8080-exec-2[m] [36mValidateCountedFractionServiceImpl[m - Start method validateMaximumLimitFractionsV1
[30m2026-08-26T00:30:02,247[m [32mINFO  [m[[1;34mhttp-nio-8080-exec-2[m] [36mValidateCountedFractionServiceImpl[m - Start method validateQuantityFractionsV1, tradeId -> 953056
[30m2026-08-26T00:30:02,247[m [32mINFO  [m[[1;34mhttp-nio-8080-exec-2[m] [36mValidateCountedFractionServiceImpl[m - Start method validateMaximumLimitFractionsV1
[30m2026-08-26T00:30:02,247[m [32mINFO  [m[[1;34mhttp-nio-8080-exec-2[m] [36mValidateCountedFractionServiceImpl[m - Start method validateQuantityFractionsV1, tradeId -> 953057
[30m2026-08-26T00:30:02,247[m [32mINFO  [m[[1;34mhttp-nio-8080-exec-2[m] [36mValidateCountedFractionServiceImpl[m - Start method validateMaximumLimitFractionsV1
[30m2026-08-26T00:30:02,247[m [32mINFO  [m[[1;34mhttp-nio-8080-exec-2[m] [36mValidateCountedFractionServiceImpl[m - Start method validateQuantityFractionsV1, tradeId -> 963226
[30m2026-08-26T00:30:02,248[m [32mINFO  [m[[1;34mhttp-nio-8080-exec-2[m] [36mValidateCountedFractionServiceImpl[m - Start method validateMaximumLimitFractionsV1
[30m2026-08-26T00:30:02,248[m [32mINFO  [m[[1;34mhttp-nio-8080-exec-2[m] [36mValidateCountedFractionServiceImpl[m - Start method validateQuantityFractionsV1, tradeId -> 953060
[30m2026-08-26T00:30:02,248[m [32mINFO  [m[[1;34mhttp-nio-8080-exec-2[m] [36mValidateCountedFractionServiceImpl[m - Start method validateMaximumLimitFractionsV1
[30m2026-08-26T00:30:02,248[m [32mINFO  [m[[1;34mhttp-nio-8080-exec-2[m] [36mValidateCountedFractionServiceImpl[m - Start method validateQuantityFractionsV1, tradeId -> 957340
[30m2026-08-26T00:30:02,248[m [32mINFO  [m[[1;34mhttp-nio-8080-exec-2[m] [36mValidateCountedFractionServiceImpl[m - Start method validateMaximumLimitFractionsV1
[30m2026-08-26T00:30:02,248[m [32mINFO  [m[[1;34mhttp-nio-8080-exec-2[m] [36mValidateCountedFractionServiceImpl[m - Start method validateQuantityFractionsV1, tradeId -> 953061
[30m2026-08-26T00:30:02,248[m [32mINFO  [m[[1;34mhttp-nio-8080-exec-2[m] [36mValidateCountedFractionServiceImpl[m - Start method validateMaximumLimitFractionsV1
[30m2026-08-26T00:30:02,248[m [32mINFO  [m[[1;34mhttp-nio-8080-exec-2[m] [36mValidateCountedFractionServiceImpl[m - Start method validateQuantityFractionsV1, tradeId -> 965267
[30m2026-08-26T00:30:02,248[m [32mINFO  [m[[1;34mhttp-nio-8080-exec-2[m] [36mValidateCountedFractionServiceImpl[m - Start method validateMaximumLimitFractionsV1
[30m2026-08-26T00:30:02,248[m [32mINFO  [m[[1;34mhttp-nio-8080-exec-2[m] [36mValidateCountedFractionServiceImpl[m - Start method validateQuantityFractionsV1, tradeId -> 963227
[30m2026-08-26T00:30:02,248[m [32mINFO  [m[[1;34mhttp-nio-8080-exec-2[m] [36mValidateCountedFractionServiceImpl[m - Start method validateMaximumLimitFractionsV1
[30m2026-08-26T00:30:02,248[m [32mINFO  [m[[1;34mhttp-nio-8080-exec-2[m] [36mValidateCountedFractionServiceImpl[m - Start method validateQuantityFractionsV1, tradeId -> 957347
[30m2026-08-26T00:30:02,248[m [32mINFO  [m[[1;34mhttp-nio-8080-exec-2[m] [36mValidateCountedFractionServiceImpl[m - Start method validateMaximumLimitFractionsV1
[30m2026-08-26T00:30:02,248[m [32mINFO  [m[[1;34mhttp-nio-8080-exec-2[m] [36mValidateCountedFractionServiceImpl[m - Start method validateQuantityFractionsV1, tradeId -> 964268
[30m2026-08-26T00:30:02,248[m [32mINFO  [m[[1;34mhttp-nio-8080-exec-2[m] [36mValidateCountedFractionServiceImpl[m - Start method validateMaximumLimitFractionsV1
[30m2026-08-26T00:30:02,248[m [32mINFO  [m[[1;34mhttp-nio-8080-exec-2[m] [36mValidateCountedFractionServiceImpl[m - Start method validateQuantityFractionsV1, tradeId -> 957348
[30m2026-08-26T00:30:02,248[m [32mINFO  [m[[1;34mhttp-nio-8080-exec-2[m] [36mValidateCountedFractionServiceImpl[m - Start method validateMaximumLimitFractionsV1
[30m2026-08-26T00:30:02,248[m [32mINFO  [m[[1;34mhttp-nio-8080-exec-2[m] [36mValidateCountedFractionServiceImpl[m - Start method validateQuantityFractionsV1, tradeId -> 963233
[30m2026-08-26T00:30:02,248[m [32mINFO  [m[[1;34mhttp-nio-8080-exec-2[m] [36mValidateCountedFractionServiceImpl[m - Start method validateMaximumLimitFractionsV1
[30m2026-08-26T00:30:02,248[m [32mINFO  [m[[1;34mhttp-nio-8080-exec-2[m] [36mValidateCountedFractionServiceImpl[m - Start method validateQuantityFractionsV1, tradeId -> 964269
[30m2026-08-26T00:30:02,248[m [32mINFO  [m[[1;34mhttp-nio-8080-exec-2[m] [36mValidateCountedFractionServiceImpl[m - Start method validateMaximumLimitFractionsV1
[30m2026-08-26T00:30:02,248[m [32mINFO  [m[[1;34mhttp-nio-8080-exec-2[m] [36mValidateCountedFractionServiceImpl[m - Start method validateQuantityFractionsV1, tradeId -> 963234
[30m2026-08-26T00:30:02,248[m [32mINFO  [m[[1;34mhttp-nio-8080-exec-2[m] [36mValidateCountedFractionServiceImpl[m - Start method validateMaximumLimitFractionsV1
[30m2026-08-26T00:30:02,248[m [32mINFO  [m[[1;34mhttp-nio-8080-exec-2[m] [36mValidateCountedFractionServiceImpl[m - Start method validateQuantityFractionsV1, tradeId -> 957349
[30m2026-08-26T00:30:02,249[m [32mINFO  [m[[1;34mhttp-nio-8080-exec-2[m] [36mValidateCountedFractionServiceImpl[m - Start method validateMaximumLimitFractionsV1
[30m2026-08-26T00:30:02,249[m [32mINFO  [m[[1;34mhttp-nio-8080-exec-2[m] [36mValidateCountedFractionServiceImpl[m - Start method validateQuantityFractionsV1, tradeId -> 963235
[30m2026-08-26T00:30:02,249[m [32mINFO  [m[[1;34mhttp-nio-8080-exec-2[m] [36mValidateCountedFractionServiceImpl[m - Start method validateMaximumLimitFractionsV1
[30m2026-08-26T00:30:02,249[m [32mINFO  [m[[1;34mhttp-nio-8080-exec-2[m] [36mValidateCountedFractionServiceImpl[m - Start method validateQuantityFractionsV1, tradeId -> 957350
[30m2026-08-26T00:30:02,249[m [32mINFO  [m[[1;34mhttp-nio-8080-exec-2[m] [36mValidateCountedFractionServiceImpl[m - Start method validateMaximumLimitFractionsV1
[30m2026-08-26T00:30:02,249[m [32mINFO  [m[[1;34mhttp-nio-8080-exec-2[m] [36mValidateCountedFractionServiceImpl[m - Start method validateQuantityFractionsV1, tradeId -> 963236
[30m2026-08-26T00:30:02,249[m [32mINFO  [m[[1;34mhttp-nio-8080-exec-2[m] [36mValidateCountedFractionServiceImpl[m - Start method validateMaximumLimitFractionsV1
[30m2026-08-26T00:30:02,249[m [32mINFO  [m[[1;34mhttp-nio-8080-exec-2[m] [36mValidateCountedFractionServiceImpl[m - Start method validateQuantityFractionsV1, tradeId -> 963237
[30m2026-08-26T00:30:02,249[m [32mINFO  [m[[1;34mhttp-nio-8080-exec-2[m] [36mValidateCountedFractionServiceImpl[m - Start method validateMaximumLimitFractionsV1
[30m2026-08-26T00:30:02,249[m [32mINFO  [m[[1;34mhttp-nio-8080-exec-2[m] [36mValidateCountedFractionServiceImpl[m - Start method validateQuantityFractionsV1, tradeId -> 965274
[30m2026-08-26T00:30:02,249[m [32mINFO  [m[[1;34mhttp-nio-8080-exec-2[m] [36mValidateCountedFractionServiceImpl[m - Start method validateMaximumLimitFractionsV1
[30m2026-08-26T00:30:02,249[m [32mINFO  [m[[1;34mhttp-nio-8080-exec-2[m] [36mValidateCountedFractionServiceImpl[m - Start method validateQuantityFractionsV1, tradeId -> 953067
[30m2026-08-26T00:30:02,249[m [32mINFO  [m[[1;34mhttp-nio-8080-exec-2[m] [36mValidateCountedFractionServiceImpl[m - Start method validateMaximumLimitFractionsV1
[30m2026-08-26T00:30:02,249[m [32mINFO  [m[[1;34mhttp-nio-8080-exec-2[m] [36mValidateCountedFractionServiceImpl[m - Start method validateQuantityFractionsV1, tradeId -> 957352
[30m2026-08-26T00:30:02,249[m [32mINFO  [m[[1;34mhttp-nio-8080-exec-2[m] [36mValidateCountedFractionServiceImpl[m - Start method validateMaximumLimitFractionsV1
[30m2026-08-26T00:30:02,249[m [32mINFO  [m[[1;34mhttp-nio-8080-exec-2[m] [36mValidateCountedFractionServiceImpl[m - Start method validateQuantityFractionsV1, tradeId -> 957353
[30m2026-08-26T00:30:02,249[m [32mINFO  [m[[1;34mhttp-nio-8080-exec-2[m] [36mValidateCountedFractionServiceImpl[m - Start method validateMaximumLimitFractionsV1
[30m2026-08-26T00:30:02,250[m [32mINFO  [m[[1;34mhttp-nio-8080-exec-2[m] [36mFractionationCountedServiceImpl[m - PERF_ASSIGNMENT_VALIDATION_BATCH batchId=e1b9f6c1-e940-40c7-9a34-552993379869 inputCount=50 validCount=50 invalidCount=0 uniqueTrades=50 uniqueSides=1 uniqueParticipants=1 titleAccountResolutionRequests=50 titleAccountUniqueBusinessKeys=1 settlementLookupRequests=50 settlementUniqueTradeSides=50 settlementRepositoryCalls=1 settlementRowsLoaded=0 settlementPrefetchMs=3 cudLookupRequests=0 cudUniqueTradeSides=0 cudUniqueBusinessKeys=0 cudRepositoryCalls=0 cudRowsLoaded=0 cudPrefetchMs=0 tradePrefetchMs=167 sidePrefetchMs=0 participantPrefetchMs=14 accountResolutionMs=20 accountPrefetchMs=12 businessValidationMs=9 totalMs=228
[30m2026-08-26T00:30:02,250[m [32mINFO  [m[[1;34mhttp-nio-8080-exec-2[m] [36mRestClientUtils[m - Client [POST] http://operaciones-fracciones-contado-back-service/operations-fractionation-api/v1/fractionation/batch
[30m2026-08-26T00:30:03,680[m [32mINFO  [m[[1;34mhttp-nio-8080-exec-2[m] [36mFractionationCountedServiceImpl[m - PERF_ASSIGNMENT_BATCH service=cmd batchId=e1b9f6c1-e940-40c7-9a34-552993379869 mode=RAW_VALIDATED configuredMaxBatchSize=80 receivedBatchSize=50 processedCount=50 successCount=50 failureCount=0 fractionationMs=1429 totalMs=1429
[30m2026-08-26T00:30:03,680[m [32mINFO  [m[[1;34mhttp-nio-8080-exec-2[m] [36mFractionationCountedServiceImpl[m - PERF_ASSIGNMENT_BATCH service=cmd batchId=e1b9f6c1-e940-40c7-9a34-552993379869 mode=RAW configuredMaxBatchSize=80 receivedBatchSize=50 validCount=50 invalidCount=0 sentToFractionationCount=50 successCount=50 failureCount=0 totalMs=1658
[30m2026-08-26T00:30:03,682[m [32mINFO  [m[[1;34mhttp-nio-8080-exec-2[m] [36mGlobalFilter[m - Request [POST /operations-cmd-api/v1/fractionation/counted-operation/batch] completed in 1663 ms with status 200
[30m2026-08-26T00:30:03,703[m [32mINFO  [m[[1;34mhttp-nio-8080-exec-3[m] [36mGlobalFilter[m - ----------- Client User: operaciones-orquestador-ext-back ----------
[30m2026-08-26T00:30:03,877[m [32mINFO  [m[[1;34mhttp-nio-8080-exec-3[m] [36mValidateCountedFractionServiceImpl[m - Start method validateAccountFractionAssignmentV1, accountNumber -> 4021801, tradeId -> 957354, sideId -> 1, originId -> 122, isLocalCorrection -> false
[30m2026-08-26T00:30:03,877[m [32mINFO  [m[[1;34mhttp-nio-8080-exec-3[m] [36mValidateCountedFractionServiceImpl[m - Searching participant account assignment for accountNumber -> 4021801, participantId -> 15, depositoryId -> 1
[30m2026-08-26T00:30:03,880[m [32mINFO  [m[[1;34mhttp-nio-8080-exec-3[m] [36mValidateCountedFractionServiceImpl[m - No participant account found for accountNumber -> 4021801
[30m2026-08-26T00:30:03,894[m [32mINFO  [m[[1;34mhttp-nio-8080-exec-3[m] [36mValidateCountedFractionServiceImpl[m - End method validateAccountFractionAssignmentV1, fractionAccountOutDto -> FractionAccountOutDto(participantAccount=null, investorAccount=InvestorAccountOutDto(id=57, investor=InvestorOutDto(id=167, code=CL00000001, firstName=Prueba Nombre 1, lastName=Prueba Nombre 2, companyName=TERCERO3509748, type=TypeOutDto(id=2, description=JURIDICO, category=PERSONA), status=StatusOutDto(id=515, description=ACTIVO, category=INVERSIONISTA, shortName=null), country=CountryOutDto(id=35, code=CL, name=CHILE, currency=CurrencyOutDto(id=30, code=CLP, name=PESO CHILENO), timeZone=UTC -3), documentNumber=8605303170, identificationType=IdentificationTypeOutDto(id=5, description=CEDULA DE CIUDADANÍA, code=CC), nationality=35, clearinghouseCode=null, gics=null, moneyLaunderingFlag=null, taxStatus=null), accountNumber=4021801, accountName=AMBIENTE 3  PRUEBA 3, status=StatusOutDto(id=570, description=ACTIVO, category=CUENTA_INVERSIONISTA, shortName=null), originType=TypeOutDto(id=120, description=TERCEROS, category=ORIGEN PUNTA), type=TypeOutDto(id=26, description=CUENTA DEPOSITO, category=CUENTA DEPOSITO), depository=DepositoryOutDto(id=1, description=DVL), participant=null, taxExemp=false), sourceQuoteType=TypeOutDto(id=120, description=TERCEROS, category=ORIGEN PUNTA), fiduciarySpecialist=false, jointAccount=false, masterAccount=false, custodian=null, milaDirectDepositor=null)
[30m2026-08-26T00:30:03,913[m [32mINFO  [m[[1;34mhttp-nio-8080-exec-3[m] [36mValidateCountedFractionServiceImpl[m - Start method validateQuantityFractionsV1, tradeId -> 957354
[30m2026-08-26T00:30:03,913[m [32mINFO  [m[[1;34mhttp-nio-8080-exec-3[m] [36mValidateCountedFractionServiceImpl[m - Start method validateMaximumLimitFractionsV1
[30m2026-08-26T00:30:03,913[m [32mINFO  [m[[1;34mhttp-nio-8080-exec-3[m] [36mValidateCountedFractionServiceImpl[m - Start method validateQuantityFractionsV1, tradeId -> 963239
[30m2026-08-26T00:30:03,913[m [32mINFO  [m[[1;34mhttp-nio-8080-exec-3[m] [36mValidateCountedFractionServiceImpl[m - Start method validateMaximumLimitFractionsV1
[30m2026-08-26T00:30:03,913[m [32mINFO  [m[[1;34mhttp-nio-8080-exec-3[m] [36mValidateCountedFractionServiceImpl[m - Start method validateQuantityFractionsV1, tradeId -> 957355
[30m2026-08-26T00:30:03,913[m [32mINFO  [m[[1;34mhttp-nio-8080-exec-3[m] [36mValidateCountedFractionServiceImpl[m - Start method validateMaximumLimitFractionsV1
[30m2026-08-26T00:30:03,913[m [32mINFO  [m[[1;34mhttp-nio-8080-exec-3[m] [36mValidateCountedFractionServiceImpl[m - Start method validateQuantityFractionsV1, tradeId -> 953074
[30m2026-08-26T00:30:03,913[m [32mINFO  [m[[1;34mhttp-nio-8080-exec-3[m] [36mValidateCountedFractionServiceImpl[m - Start method validateMaximumLimitFractionsV1
[30m2026-08-26T00:30:03,914[m [32mINFO  [m[[1;34mhttp-nio-8080-exec-3[m] [36mValidateCountedFractionServiceImpl[m - Start method validateQuantityFractionsV1, tradeId -> 963240
[30m2026-08-26T00:30:03,914[m [32mINFO  [m[[1;34mhttp-nio-8080-exec-3[m] [36mValidateCountedFractionServiceImpl[m - Start method validateMaximumLimitFractionsV1
[30m2026-08-26T00:30:03,914[m [32mINFO  [m[[1;34mhttp-nio-8080-exec-3[m] [36mValidateCountedFractionServiceImpl[m - Start method validateQuantityFractionsV1, tradeId -> 965276
[30m2026-08-26T00:30:03,914[m [32mINFO  [m[[1;34mhttp-nio-8080-exec-3[m] [36mValidateCountedFractionServiceImpl[m - Start method validateMaximumLimitFractionsV1
[30m2026-08-26T00:30:03,914[m [32mINFO  [m[[1;34mhttp-nio-8080-exec-3[m] [36mValidateCountedFractionServiceImpl[m - Start method validateQuantityFractionsV1, tradeId -> 963241
[30m2026-08-26T00:30:03,914[m [32mINFO  [m[[1;34mhttp-nio-8080-exec-3[m] [36mValidateCountedFractionServiceImpl[m - Start method validateMaximumLimitFractionsV1
[30m2026-08-26T00:30:03,914[m [32mINFO  [m[[1;34mhttp-nio-8080-exec-3[m] [36mValidateCountedFractionServiceImpl[m - Start method validateQuantityFractionsV1, tradeId -> 957356
[30m2026-08-26T00:30:03,914[m [32mINFO  [m[[1;34mhttp-nio-8080-exec-3[m] [36mValidateCountedFractionServiceImpl[m - Start method validateMaximumLimitFractionsV1
[30m2026-08-26T00:30:03,914[m [32mINFO  [m[[1;34mhttp-nio-8080-exec-3[m] [36mValidateCountedFractionServiceImpl[m - Start method validateQuantityFractionsV1, tradeId -> 957357
[30m2026-08-26T00:30:03,914[m [32mINFO  [m[[1;34mhttp-nio-8080-exec-3[m] [36mValidateCountedFractionServiceImpl[m - Start method validateMaximumLimitFractionsV1
[30m2026-08-26T00:30:03,914[m [32mINFO  [m[[1;34mhttp-nio-8080-exec-3[m] [36mValidateCountedFractionServiceImpl[m - Start method validateQuantityFractionsV1, tradeId -> 963242
[30m2026-08-26T00:30:03,914[m [32mINFO  [m[[1;34mhttp-nio-8080-exec-3[m] [36mValidateCountedFractionServiceImpl[m - Start method validateMaximumLimitFractionsV1
[30m2026-08-26T00:30:03,914[m [32mINFO  [m[[1;34mhttp-nio-8080-exec-3[m] [36mValidateCountedFractionServiceImpl[m - Start method validateQuantityFractionsV1, tradeId -> 953079
[30m2026-08-26T00:30:03,914[m [32mINFO  [m[[1;34mhttp-nio-8080-exec-3[m] [36mValidateCountedFractionServiceImpl[m - Start method validateMaximumLimitFractionsV1
[30m2026-08-26T00:30:03,914[m [32mINFO  [m[[1;34mhttp-nio-8080-exec-3[m] [36mValidateCountedFractionServiceImpl[m - Start method validateQuantityFractionsV1, tradeId -> 953080
[30m2026-08-26T00:30:03,914[m [32mINFO  [m[[1;34mhttp-nio-8080-exec-3[m] [36mValidateCountedFractionServiceImpl[m - Start method validateMaximumLimitFractionsV1
[30m2026-08-26T00:30:03,914[m [32mINFO  [m[[1;34mhttp-nio-8080-exec-3[m] [36mValidateCountedFractionServiceImpl[m - Start method validateQuantityFractionsV1, tradeId -> 957360
[30m2026-08-26T00:30:03,914[m [32mINFO  [m[[1;34mhttp-nio-8080-exec-3[m] [36mValidateCountedFractionServiceImpl[m - Start method validateMaximumLimitFractionsV1
[30m2026-08-26T00:30:03,914[m [32mINFO  [m[[1;34mhttp-nio-8080-exec-3[m] [36mValidateCountedFractionServiceImpl[m - Start method validateQuantityFractionsV1, tradeId -> 965281
[30m2026-08-26T00:30:03,914[m [32mINFO  [m[[1;34mhttp-nio-8080-exec-3[m] [36mValidateCountedFractionServiceImpl[m - Start method validateMaximumLimitFractionsV1
[30m2026-08-26T00:30:03,914[m [32mINFO  [m[[1;34mhttp-nio-8080-exec-3[m] [36mValidateCountedFractionServiceImpl[m - Start method validateQuantityFractionsV1, tradeId -> 965282
[30m2026-08-26T00:30:03,914[m [32mINFO  [m[[1;34mhttp-nio-8080-exec-3[m] [36mValidateCountedFractionServiceImpl[m - Start method validateMaximumLimitFractionsV1
[30m2026-08-26T00:30:03,914[m [32mINFO  [m[[1;34mhttp-nio-8080-exec-3[m] [36mValidateCountedFractionServiceImpl[m - Start method validateQuantityFractionsV1, tradeId -> 965283
[30m2026-08-26T00:30:03,914[m [32mINFO  [m[[1;34mhttp-nio-8080-exec-3[m] [36mValidateCountedFractionServiceImpl[m - Start method validateMaximumLimitFractionsV1
[30m2026-08-26T00:30:03,914[m [32mINFO  [m[[1;34mhttp-nio-8080-exec-3[m] [36mValidateCountedFractionServiceImpl[m - Start method validateQuantityFractionsV1, tradeId -> 964273
[30m2026-08-26T00:30:03,915[m [32mINFO  [m[[1;34mhttp-nio-8080-exec-3[m] [36mValidateCountedFractionServiceImpl[m - Start method validateMaximumLimitFractionsV1
[30m2026-08-26T00:30:03,915[m [32mINFO  [m[[1;34mhttp-nio-8080-exec-3[m] [36mValidateCountedFractionServiceImpl[m - Start method validateQuantityFractionsV1, tradeId -> 964274
[30m2026-08-26T00:30:03,915[m [32mINFO  [m[[1;34mhttp-nio-8080-exec-3[m] [36mValidateCountedFractionServiceImpl[m - Start method validateMaximumLimitFractionsV1
[30m2026-08-26T00:30:03,915[m [32mINFO  [m[[1;34mhttp-nio-8080-exec-3[m] [36mValidateCountedFractionServiceImpl[m - Start method validateQuantityFractionsV1, tradeId -> 963245
[30m2026-08-26T00:30:03,915[m [32mINFO  [m[[1;34mhttp-nio-8080-exec-3[m] [36mValidateCountedFractionServiceImpl[m - Start method validateMaximumLimitFractionsV1
[30m2026-08-26T00:30:03,915[m [32mINFO  [m[[1;34mhttp-nio-8080-exec-3[m] [36mValidateCountedFractionServiceImpl[m - Start method validateQuantityFractionsV1, tradeId -> 964288
[30m2026-08-26T00:30:03,915[m [32mINFO  [m[[1;34mhttp-nio-8080-exec-3[m] [36mValidateCountedFractionServiceImpl[m - Start method validateMaximumLimitFractionsV1
[30m2026-08-26T00:30:03,915[m [32mINFO  [m[[1;34mhttp-nio-8080-exec-3[m] [36mValidateCountedFractionServiceImpl[m - Start method validateQuantityFractionsV1, tradeId -> 957386
[30m2026-08-26T00:30:03,915[m [32mINFO  [m[[1;34mhttp-nio-8080-exec-3[m] [36mValidateCountedFractionServiceImpl[m - Start method validateMaximumLimitFractionsV1
[30m2026-08-26T00:30:03,915[m [32mINFO  [m[[1;34mhttp-nio-8080-exec-3[m] [36mValidateCountedFractionServiceImpl[m - Start method validateQuantityFractionsV1, tradeId -> 963263
[30m2026-08-26T00:30:03,915[m [32mINFO  [m[[1;34mhttp-nio-8080-exec-3[m] [36mValidateCountedFractionServiceImpl[m - Start method validateMaximumLimitFractionsV1
[30m2026-08-26T00:30:03,915[m [32mINFO  [m[[1;34mhttp-nio-8080-exec-3[m] [36mValidateCountedFractionServiceImpl[m - Start method validateQuantityFractionsV1, tradeId -> 957387
[30m2026-08-26T00:30:03,915[m [32mINFO  [m[[1;34mhttp-nio-8080-exec-3[m] [36mValidateCountedFractionServiceImpl[m - Start method validateMaximumLimitFractionsV1
[30m2026-08-26T00:30:03,915[m [32mINFO  [m[[1;34mhttp-nio-8080-exec-3[m] [36mValidateCountedFractionServiceImpl[m - Start method validateQuantityFractionsV1, tradeId -> 953097
[30m2026-08-26T00:30:03,915[m [32mINFO  [m[[1;34mhttp-nio-8080-exec-3[m] [36mValidateCountedFractionServiceImpl[m - Start method validateMaximumLimitFractionsV1
[30m2026-08-26T00:30:03,915[m [32mINFO  [m[[1;34mhttp-nio-8080-exec-3[m] [36mValidateCountedFractionServiceImpl[m - Start method validateQuantityFractionsV1, tradeId -> 965298
[30m2026-08-26T00:30:03,915[m [32mINFO  [m[[1;34mhttp-nio-8080-exec-3[m] [36mValidateCountedFractionServiceImpl[m - Start method validateMaximumLimitFractionsV1
[30m2026-08-26T00:30:03,915[m [32mINFO  [m[[1;34mhttp-nio-8080-exec-3[m] [36mValidateCountedFractionServiceImpl[m - Start method validateQuantityFractionsV1, tradeId -> 957388
[30m2026-08-26T00:30:03,915[m [32mINFO  [m[[1;34mhttp-nio-8080-exec-3[m] [36mValidateCountedFractionServiceImpl[m - Start method validateMaximumLimitFractionsV1
[30m2026-08-26T00:30:03,915[m [32mINFO  [m[[1;34mhttp-nio-8080-exec-3[m] [36mValidateCountedFractionServiceImpl[m - Start method validateQuantityFractionsV1, tradeId -> 965299
[30m2026-08-26T00:30:03,915[m [32mINFO  [m[[1;34mhttp-nio-8080-exec-3[m] [36mValidateCountedFractionServiceImpl[m - Start method validateMaximumLimitFractionsV1
[30m2026-08-26T00:30:03,915[m [32mINFO  [m[[1;34mhttp-nio-8080-exec-3[m] [36mValidateCountedFractionServiceImpl[m - Start method validateQuantityFractionsV1, tradeId -> 963264
[30m2026-08-26T00:30:03,915[m [32mINFO  [m[[1;34mhttp-nio-8080-exec-3[m] [36mValidateCountedFractionServiceImpl[m - Start method validateMaximumLimitFractionsV1
[30m2026-08-26T00:30:03,916[m [32mINFO  [m[[1;34mhttp-nio-8080-exec-3[m] [36mValidateCountedFractionServiceImpl[m - Start method validateQuantityFractionsV1, tradeId -> 953098
[30m2026-08-26T00:30:03,916[m [32mINFO  [m[[1;34mhttp-nio-8080-exec-3[m] [36mValidateCountedFractionServiceImpl[m - Start method validateMaximumLimitFractionsV1
[30m2026-08-26T00:30:03,916[m [32mINFO  [m[[1;34mhttp-nio-8080-exec-3[m] [36mValidateCountedFractionServiceImpl[m - Start method validateQuantityFractionsV1, tradeId -> 957389
[30m2026-08-26T00:30:03,916[m [32mINFO  [m[[1;34mhttp-nio-8080-exec-3[m] [36mValidateCountedFractionServiceImpl[m - Start method validateMaximumLimitFractionsV1
[30m2026-08-26T00:30:03,916[m [32mINFO  [m[[1;34mhttp-nio-8080-exec-3[m] [36mValidateCountedFractionServiceImpl[m - Start method validateQuantityFractionsV1, tradeId -> 965300
[30m2026-08-26T00:30:03,916[m [32mINFO  [m[[1;34mhttp-nio-8080-exec-3[m] [36mValidateCountedFractionServiceImpl[m - Start method validateMaximumLimitFractionsV1
[30m2026-08-26T00:30:03,916[m [32mINFO  [m[[1;34mhttp-nio-8080-exec-3[m] [36mValidateCountedFractionServiceImpl[m - Start method validateQuantityFractionsV1, tradeId -> 963265
[30m2026-08-26T00:30:03,916[m [32mINFO  [m[[1;34mhttp-nio-8080-exec-3[m] [36mValidateCountedFractionServiceImpl[m - Start method validateMaximumLimitFractionsV1
[30m2026-08-26T00:30:03,916[m [32mINFO  [m[[1;34mhttp-nio-8080-exec-3[m] [36mValidateCountedFractionServiceImpl[m - Start method validateQuantityFractionsV1, tradeId -> 963266
[30m2026-08-26T00:30:03,916[m [32mINFO  [m[[1;34mhttp-nio-8080-exec-3[m] [36mValidateCountedFractionServiceImpl[m - Start method validateMaximumLimitFractionsV1
[30m2026-08-26T00:30:03,916[m [32mINFO  [m[[1;34mhttp-nio-8080-exec-3[m] [36mValidateCountedFractionServiceImpl[m - Start method validateQuantityFractionsV1, tradeId -> 957390
[30m2026-08-26T00:30:03,916[m [32mINFO  [m[[1;34mhttp-nio-8080-exec-3[m] [36mValidateCountedFractionServiceImpl[m - Start method validateMaximumLimitFractionsV1
[30m2026-08-26T00:30:03,916[m [32mINFO  [m[[1;34mhttp-nio-8080-exec-3[m] [36mValidateCountedFractionServiceImpl[m - Start method validateQuantityFractionsV1, tradeId -> 953099
[30m2026-08-26T00:30:03,916[m [32mINFO  [m[[1;34mhttp-nio-8080-exec-3[m] [36mValidateCountedFractionServiceImpl[m - Start method validateMaximumLimitFractionsV1
[30m2026-08-26T00:30:03,916[m [32mINFO  [m[[1;34mhttp-nio-8080-exec-3[m] [36mValidateCountedFractionServiceImpl[m - Start method validateQuantityFractionsV1, tradeId -> 965301
[30m2026-08-26T00:30:03,916[m [32mINFO  [m[[1;34mhttp-nio-8080-exec-3[m] [36mValidateCountedFractionServiceImpl[m - Start method validateMaximumLimitFractionsV1
[30m2026-08-26T00:30:03,916[m [32mINFO  [m[[1;34mhttp-nio-8080-exec-3[m] [36mValidateCountedFractionServiceImpl[m - Start method validateQuantityFractionsV1, tradeId -> 965302
[30m2026-08-26T00:30:03,916[m [32mINFO  [m[[1;34mhttp-nio-8080-exec-3[m] [36mValidateCountedFractionServiceImpl[m - Start method validateMaximumLimitFractionsV1
[30m2026-08-26T00:30:03,916[m [32mINFO  [m[[1;34mhttp-nio-8080-exec-3[m] [36mValidateCountedFractionServiceImpl[m - Start method validateQuantityFractionsV1, tradeId -> 965303
[30m2026-08-26T00:30:03,916[m [32mINFO  [m[[1;34mhttp-nio-8080-exec-3[m] [36mValidateCountedFractionServiceImpl[m - Start method validateMaximumLimitFractionsV1
[30m2026-08-26T00:30:03,916[m [32mINFO  [m[[1;34mhttp-nio-8080-exec-3[m] [36mValidateCountedFractionServiceImpl[m - Start method validateQuantityFractionsV1, tradeId -> 953100
[30m2026-08-26T00:30:03,916[m [32mINFO  [m[[1;34mhttp-nio-8080-exec-3[m] [36mValidateCountedFractionServiceImpl[m - Start method validateMaximumLimitFractionsV1
[30m2026-08-26T00:30:03,916[m [32mINFO  [m[[1;34mhttp-nio-8080-exec-3[m] [36mValidateCountedFractionServiceImpl[m - Start method validateQuantityFractionsV1, tradeId -> 953101
[30m2026-08-26T00:30:03,916[m [32mINFO  [m[[1;34mhttp-nio-8080-exec-3[m] [36mValidateCountedFractionServiceImpl[m - Start method validateMaximumLimitFractionsV1
[30m2026-08-26T00:30:03,916[m [32mINFO  [m[[1;34mhttp-nio-8080-exec-3[m] [36mValidateCountedFractionServiceImpl[m - Start method validateQuantityFractionsV1, tradeId -> 957391
[30m2026-08-26T00:30:03,916[m [32mINFO  [m[[1;34mhttp-nio-8080-exec-3[m] [36mValidateCountedFractionServiceImpl[m - Start method validateMaximumLimitFractionsV1
[30m2026-08-26T00:30:03,916[m [32mINFO  [m[[1;34mhttp-nio-8080-exec-3[m] [36mValidateCountedFractionServiceImpl[m - Start method validateQuantityFractionsV1, tradeId -> 957392
[30m2026-08-26T00:30:03,916[m [32mINFO  [m[[1;34mhttp-nio-8080-exec-3[m] [36mValidateCountedFractionServiceImpl[m - Start method validateMaximumLimitFractionsV1
[30m2026-08-26T00:30:03,916[m [32mINFO  [m[[1;34mhttp-nio-8080-exec-3[m] [36mValidateCountedFractionServiceImpl[m - Start method validateQuantityFractionsV1, tradeId -> 964289
[30m2026-08-26T00:30:03,916[m [32mINFO  [m[[1;34mhttp-nio-8080-exec-3[m] [36mValidateCountedFractionServiceImpl[m - Start method validateMaximumLimitFractionsV1
[30m2026-08-26T00:30:03,916[m [32mINFO  [m[[1;34mhttp-nio-8080-exec-3[m] [36mValidateCountedFractionServiceImpl[m - Start method validateQuantityFractionsV1, tradeId -> 963267
[30m2026-08-26T00:30:03,916[m [32mINFO  [m[[1;34mhttp-nio-8080-exec-3[m] [36mValidateCountedFractionServiceImpl[m - Start method validateMaximumLimitFractionsV1
[30m2026-08-26T00:30:03,917[m [32mINFO  [m[[1;34mhttp-nio-8080-exec-3[m] [36mValidateCountedFractionServiceImpl[m - Start method validateQuantityFractionsV1, tradeId -> 953102
[30m2026-08-26T00:30:03,917[m [32mINFO  [m[[1;34mhttp-nio-8080-exec-3[m] [36mValidateCountedFractionServiceImpl[m - Start method validateMaximumLimitFractionsV1
[30m2026-08-26T00:30:03,917[m [32mINFO  [m[[1;34mhttp-nio-8080-exec-3[m] [36mValidateCountedFractionServiceImpl[m - Start method validateQuantityFractionsV1, tradeId -> 953103
[30m2026-08-26T00:30:03,917[m [32mINFO  [m[[1;34mhttp-nio-8080-exec-3[m] [36mValidateCountedFractionServiceImpl[m - Start method validateMaximumLimitFractionsV1
[30m2026-08-26T00:30:03,917[m [32mINFO  [m[[1;34mhttp-nio-8080-exec-3[m] [36mValidateCountedFractionServiceImpl[m - Start method validateQuantityFractionsV1, tradeId -> 963268
[30m2026-08-26T00:30:03,917[m [32mINFO  [m[[1;34mhttp-nio-8080-exec-3[m] [36mValidateCountedFractionServiceImpl[m - Start method validateMaximumLimitFractionsV1
[30m2026-08-26T00:30:03,917[m [32mINFO  [m[[1;34mhttp-nio-8080-exec-3[m] [36mValidateCountedFractionServiceImpl[m - Start method validateQuantityFractionsV1, tradeId -> 964290
[30m2026-08-26T00:30:03,917[m [32mINFO  [m[[1;34mhttp-nio-8080-exec-3[m] [36mValidateCountedFractionServiceImpl[m - Start method validateMaximumLimitFractionsV1
[30m2026-08-26T00:30:03,917[m [32mINFO  [m[[1;34mhttp-nio-8080-exec-3[m] [36mValidateCountedFractionServiceImpl[m - Start method validateQuantityFractionsV1, tradeId -> 963269
[30m2026-08-26T00:30:03,917[m [32mINFO  [m[[1;34mhttp-nio-8080-exec-3[m] [36mValidateCountedFractionServiceImpl[m - Start method validateMaximumLimitFractionsV1
[30m2026-08-26T00:30:03,917[m [32mINFO  [m[[1;34mhttp-nio-8080-exec-3[m] [36mValidateCountedFractionServiceImpl[m - Start method validateQuantityFractionsV1, tradeId -> 953104
[30m2026-08-26T00:30:03,917[m [32mINFO  [m[[1;34mhttp-nio-8080-exec-3[m] [36mValidateCountedFractionServiceImpl[m - Start method validateMaximumLimitFractionsV1
[30m2026-08-26T00:30:03,917[m [32mINFO  [m[[1;34mhttp-nio-8080-exec-3[m] [36mFractionationCountedServiceImpl[m - PERF_ASSIGNMENT_VALIDATION_BATCH batchId=c7f00ca1-acdc-4f70-b259-b2e06fa3354b inputCount=50 validCount=50 invalidCount=0 uniqueTrades=50 uniqueSides=1 uniqueParticipants=1 titleAccountResolutionRequests=50 titleAccountUniqueBusinessKeys=1 settlementLookupRequests=50 settlementUniqueTradeSides=50 settlementRepositoryCalls=1 settlementRowsLoaded=0 settlementPrefetchMs=3 cudLookupRequests=0 cudUniqueTradeSides=0 cudUniqueBusinessKeys=0 cudRepositoryCalls=0 cudRowsLoaded=0 cudPrefetchMs=0 tradePrefetchMs=156 sidePrefetchMs=0 participantPrefetchMs=13 accountResolutionMs=18 accountPrefetchMs=11 businessValidationMs=7 totalMs=211
[30m2026-08-26T00:30:03,917[m [32mINFO  [m[[1;34mhttp-nio-8080-exec-3[m] [36mRestClientUtils[m - Client [POST] http://operaciones-fracciones-contado-back-service/operations-fractionation-api/v1/fractionation/batch
[30m2026-08-26T00:30:05,367[m [32mINFO  [m[[1;34mhttp-nio-8080-exec-3[m] [36mFractionationCountedServiceImpl[m - PERF_ASSIGNMENT_BATCH service=cmd batchId=c7f00ca1-acdc-4f70-b259-b2e06fa3354b mode=RAW_VALIDATED configuredMaxBatchSize=80 receivedBatchSize=50 processedCount=50 successCount=50 failureCount=0 fractionationMs=1450 totalMs=1450
[30m2026-08-26T00:30:05,368[m [32mINFO  [m[[1;34mhttp-nio-8080-exec-3[m] [36mFractionationCountedServiceImpl[m - PERF_ASSIGNMENT_BATCH service=cmd batchId=c7f00ca1-acdc-4f70-b259-b2e06fa3354b mode=RAW configuredMaxBatchSize=80 receivedBatchSize=50 validCount=50 invalidCount=0 sentToFractionationCount=50 successCount=50 failureCount=0 totalMs=1661
[30m2026-08-26T00:30:05,369[m [32mINFO  [m[[1;34mhttp-nio-8080-exec-3[m] [36mGlobalFilter[m - Request [POST /operations-cmd-api/v1/fractionation/counted-operation/batch] completed in 1666 ms with status 200
[30m2026-08-26T00:30:05,391[m [32mINFO  [m[[1;34mhttp-nio-8080-exec-4[m] [36mGlobalFilter[m - ----------- Client User: operaciones-orquestador-ext-back ----------
[30m2026-08-26T00:30:05,579[m [32mINFO  [m[[1;34mhttp-nio-8080-exec-4[m] [36mValidateCountedFractionServiceImpl[m - Start method validateAccountFractionAssignmentV1, accountNumber -> 4021801, tradeId -> 964291, sideId -> 1, originId -> 122, isLocalCorrection -> false
[30m2026-08-26T00:30:05,579[m [32mINFO  [m[[1;34mhttp-nio-8080-exec-4[m] [36mValidateCountedFractionServiceImpl[m - Searching participant account assignment for accountNumber -> 4021801, participantId -> 15, depositoryId -> 1
[30m2026-08-26T00:30:05,582[m [32mINFO  [m[[1;34mhttp-nio-8080-exec-4[m] [36mValidateCountedFractionServiceImpl[m - No participant account found for accountNumber -> 4021801
[30m2026-08-26T00:30:05,595[m [32mINFO  [m[[1;34mhttp-nio-8080-exec-4[m] [36mValidateCountedFractionServiceImpl[m - End method validateAccountFractionAssignmentV1, fractionAccountOutDto -> FractionAccountOutDto(participantAccount=null, investorAccount=InvestorAccountOutDto(id=57, investor=InvestorOutDto(id=167, code=CL00000001, firstName=Prueba Nombre 1, lastName=Prueba Nombre 2, companyName=TERCERO3509748, type=TypeOutDto(id=2, description=JURIDICO, category=PERSONA), status=StatusOutDto(id=515, description=ACTIVO, category=INVERSIONISTA, shortName=null), country=CountryOutDto(id=35, code=CL, name=CHILE, currency=CurrencyOutDto(id=30, code=CLP, name=PESO CHILENO), timeZone=UTC -3), documentNumber=8605303170, identificationType=IdentificationTypeOutDto(id=5, description=CEDULA DE CIUDADANÍA, code=CC), nationality=35, clearinghouseCode=null, gics=null, moneyLaunderingFlag=null, taxStatus=null), accountNumber=4021801, accountName=AMBIENTE 3  PRUEBA 3, status=StatusOutDto(id=570, description=ACTIVO, category=CUENTA_INVERSIONISTA, shortName=null), originType=TypeOutDto(id=120, description=TERCEROS, category=ORIGEN PUNTA), type=TypeOutDto(id=26, description=CUENTA DEPOSITO, category=CUENTA DEPOSITO), depository=DepositoryOutDto(id=1, description=DVL), participant=null, taxExemp=false), sourceQuoteType=TypeOutDto(id=120, description=TERCEROS, category=ORIGEN PUNTA), fiduciarySpecialist=false, jointAccount=false, masterAccount=false, custodian=null, milaDirectDepositor=null)
[30m2026-08-26T00:30:05,615[m [32mINFO  [m[[1;34mhttp-nio-8080-exec-4[m] [36mValidateCountedFractionServiceImpl[m - Start method validateQuantityFractionsV1, tradeId -> 964291
[30m2026-08-26T00:30:05,615[m [32mINFO  [m[[1;34mhttp-nio-8080-exec-4[m] [36mValidateCountedFractionServiceImpl[m - Start method validateMaximumLimitFractionsV1
[30m2026-08-26T00:30:05,615[m [32mINFO  [m[[1;34mhttp-nio-8080-exec-4[m] [36mValidateCountedFractionServiceImpl[m - Start method validateQuantityFractionsV1, tradeId -> 965304
[30m2026-08-26T00:30:05,615[m [32mINFO  [m[[1;34mhttp-nio-8080-exec-4[m] [36mValidateCountedFractionServiceImpl[m - Start method validateMaximumLimitFractionsV1
[30m2026-08-26T00:30:05,615[m [32mINFO  [m[[1;34mhttp-nio-8080-exec-4[m] [36mValidateCountedFractionServiceImpl[m - Start method validateQuantityFractionsV1, tradeId -> 953105
[30m2026-08-26T00:30:05,615[m [32mINFO  [m[[1;34mhttp-nio-8080-exec-4[m] [36mValidateCountedFractionServiceImpl[m - Start method validateMaximumLimitFractionsV1
[30m2026-08-26T00:30:05,615[m [32mINFO  [m[[1;34mhttp-nio-8080-exec-4[m] [36mValidateCountedFractionServiceImpl[m - Start method validateQuantityFractionsV1, tradeId -> 953106
[30m2026-08-26T00:30:05,615[m [32mINFO  [m[[1;34mhttp-nio-8080-exec-4[m] [36mValidateCountedFractionServiceImpl[m - Start method validateMaximumLimitFractionsV1
[30m2026-08-26T00:30:05,615[m [32mINFO  [m[[1;34mhttp-nio-8080-exec-4[m] [36mValidateCountedFractionServiceImpl[m - Start method validateQuantityFractionsV1, tradeId -> 964292
[30m2026-08-26T00:30:05,616[m [32mINFO  [m[[1;34mhttp-nio-8080-exec-4[m] [36mValidateCountedFractionServiceImpl[m - Start method validateMaximumLimitFractionsV1
[30m2026-08-26T00:30:05,616[m [32mINFO  [m[[1;34mhttp-nio-8080-exec-4[m] [36mValidateCountedFractionServiceImpl[m - Start method validateQuantityFractionsV1, tradeId -> 953107
[30m2026-08-26T00:30:05,616[m [32mINFO  [m[[1;34mhttp-nio-8080-exec-4[m] [36mValidateCountedFractionServiceImpl[m - Start method validateMaximumLimitFractionsV1
[30m2026-08-26T00:30:05,616[m [32mINFO  [m[[1;34mhttp-nio-8080-exec-4[m] [36mValidateCountedFractionServiceImpl[m - Start method validateQuantityFractionsV1, tradeId -> 963270
[30m2026-08-26T00:30:05,616[m [32mINFO  [m[[1;34mhttp-nio-8080-exec-4[m] [36mValidateCountedFractionServiceImpl[m - Start method validateMaximumLimitFractionsV1
[30m2026-08-26T00:30:05,616[m [32mINFO  [m[[1;34mhttp-nio-8080-exec-4[m] [36mValidateCountedFractionServiceImpl[m - Start method validateQuantityFractionsV1, tradeId -> 964293
[30m2026-08-26T00:30:05,616[m [32mINFO  [m[[1;34mhttp-nio-8080-exec-4[m] [36mValidateCountedFractionServiceImpl[m - Start method validateMaximumLimitFractionsV1
[30m2026-08-26T00:30:05,616[m [32mINFO  [m[[1;34mhttp-nio-8080-exec-4[m] [36mValidateCountedFractionServiceImpl[m - Start method validateQuantityFractionsV1, tradeId -> 965305
[30m2026-08-26T00:30:05,616[m [32mINFO  [m[[1;34mhttp-nio-8080-exec-4[m] [36mValidateCountedFractionServiceImpl[m - Start method validateMaximumLimitFractionsV1
[30m2026-08-26T00:30:05,616[m [32mINFO  [m[[1;34mhttp-nio-8080-exec-4[m] [36mValidateCountedFractionServiceImpl[m - Start method validateQuantityFractionsV1, tradeId -> 963271
[30m2026-08-26T00:30:05,616[m [32mINFO  [m[[1;34mhttp-nio-8080-exec-4[m] [36mValidateCountedFractionServiceImpl[m - Start method validateMaximumLimitFractionsV1
[30m2026-08-26T00:30:05,616[m [32mINFO  [m[[1;34mhttp-nio-8080-exec-4[m] [36mValidateCountedFractionServiceImpl[m - Start method validateQuantityFractionsV1, tradeId -> 953108
[30m2026-08-26T00:30:05,616[m [32mINFO  [m[[1;34mhttp-nio-8080-exec-4[m] [36mValidateCountedFractionServiceImpl[m - Start method validateMaximumLimitFractionsV1
[30m2026-08-26T00:30:05,616[m [32mINFO  [m[[1;34mhttp-nio-8080-exec-4[m] [36mValidateCountedFractionServiceImpl[m - Start method validateQuantityFractionsV1, tradeId -> 957393
[30m2026-08-26T00:30:05,616[m [32mINFO  [m[[1;34mhttp-nio-8080-exec-4[m] [36mValidateCountedFractionServiceImpl[m - Start method validateMaximumLimitFractionsV1
[30m2026-08-26T00:30:05,616[m [32mINFO  [m[[1;34mhttp-nio-8080-exec-4[m] [36mValidateCountedFractionServiceImpl[m - Start method validateQuantityFractionsV1, tradeId -> 964294
[30m2026-08-26T00:30:05,616[m [32mINFO  [m[[1;34mhttp-nio-8080-exec-4[m] [36mValidateCountedFractionServiceImpl[m - Start method validateMaximumLimitFractionsV1
[30m2026-08-26T00:30:05,616[m [32mINFO  [m[[1;34mhttp-nio-8080-exec-4[m] [36mValidateCountedFractionServiceImpl[m - Start method validateQuantityFractionsV1, tradeId -> 953109
[30m2026-08-26T00:30:05,616[m [32mINFO  [m[[1;34mhttp-nio-8080-exec-4[m] [36mValidateCountedFractionServiceImpl[m - Start method validateMaximumLimitFractionsV1
[30m2026-08-26T00:30:05,616[m [32mINFO  [m[[1;34mhttp-nio-8080-exec-4[m] [36mValidateCountedFractionServiceImpl[m - Start method validateQuantityFractionsV1, tradeId -> 957394
[30m2026-08-26T00:30:05,616[m [32mINFO  [m[[1;34mhttp-nio-8080-exec-4[m] [36mValidateCountedFractionServiceImpl[m - Start method validateMaximumLimitFractionsV1
[30m2026-08-26T00:30:05,616[m [32mINFO  [m[[1;34mhttp-nio-8080-exec-4[m] [36mValidateCountedFractionServiceImpl[m - Start method validateQuantityFractionsV1, tradeId -> 965306
[30m2026-08-26T00:30:05,616[m [32mINFO  [m[[1;34mhttp-nio-8080-exec-4[m] [36mValidateCountedFractionServiceImpl[m - Start method validateMaximumLimitFractionsV1
[30m2026-08-26T00:30:05,616[m [32mINFO  [m[[1;34mhttp-nio-8080-exec-4[m] [36mValidateCountedFractionServiceImpl[m - Start method validateQuantityFractionsV1, tradeId -> 957395
[30m2026-08-26T00:30:05,616[m [32mINFO  [m[[1;34mhttp-nio-8080-exec-4[m] [36mValidateCountedFractionServiceImpl[m - Start method validateMaximumLimitFractionsV1
[30m2026-08-26T00:30:05,616[m [32mINFO  [m[[1;34mhttp-nio-8080-exec-4[m] [36mValidateCountedFractionServiceImpl[m - Start method validateQuantityFractionsV1, tradeId -> 964295
[30m2026-08-26T00:30:05,616[m [32mINFO  [m[[1;34mhttp-nio-8080-exec-4[m] [36mValidateCountedFractionServiceImpl[m - Start method validateMaximumLimitFractionsV1
[30m2026-08-26T00:30:05,616[m [32mINFO  [m[[1;34mhttp-nio-8080-exec-4[m] [36mValidateCountedFractionServiceImpl[m - Start method validateQuantityFractionsV1, tradeId -> 953110
[30m2026-08-26T00:30:05,616[m [32mINFO  [m[[1;34mhttp-nio-8080-exec-4[m] [36mValidateCountedFractionServiceImpl[m - Start method validateMaximumLimitFractionsV1
[30m2026-08-26T00:30:05,617[m [32mINFO  [m[[1;34mhttp-nio-8080-exec-4[m] [36mValidateCountedFractionServiceImpl[m - Start method validateQuantityFractionsV1, tradeId -> 963272
[30m2026-08-26T00:30:05,617[m [32mINFO  [m[[1;34mhttp-nio-8080-exec-4[m] [36mValidateCountedFractionServiceImpl[m - Start method validateMaximumLimitFractionsV1
[30m2026-08-26T00:30:05,617[m [32mINFO  [m[[1;34mhttp-nio-8080-exec-4[m] [36mValidateCountedFractionServiceImpl[m - Start method validateQuantityFractionsV1, tradeId -> 957396
[30m2026-08-26T00:30:05,617[m [32mINFO  [m[[1;34mhttp-nio-8080-exec-4[m] [36mValidateCountedFractionServiceImpl[m - Start method validateMaximumLimitFractionsV1
[30m2026-08-26T00:30:05,617[m [32mINFO  [m[[1;34mhttp-nio-8080-exec-4[m] [36mValidateCountedFractionServiceImpl[m - Start method validateQuantityFractionsV1, tradeId -> 965309
[30m2026-08-26T00:30:05,617[m [32mINFO  [m[[1;34mhttp-nio-8080-exec-4[m] [36mValidateCountedFractionServiceImpl[m - Start method validateMaximumLimitFractionsV1
[30m2026-08-26T00:30:05,617[m [32mINFO  [m[[1;34mhttp-nio-8080-exec-4[m] [36mValidateCountedFractionServiceImpl[m - Start method validateQuantityFractionsV1, tradeId -> 957399
[30m2026-08-26T00:30:05,617[m [32mINFO  [m[[1;34mhttp-nio-8080-exec-4[m] [36mValidateCountedFractionServiceImpl[m - Start method validateMaximumLimitFractionsV1
[30m2026-08-26T00:30:05,617[m [32mINFO  [m[[1;34mhttp-nio-8080-exec-4[m] [36mValidateCountedFractionServiceImpl[m - Start method validateQuantityFractionsV1, tradeId -> 964299
[30m2026-08-26T00:30:05,617[m [32mINFO  [m[[1;34mhttp-nio-8080-exec-4[m] [36mValidateCountedFractionServiceImpl[m - Start method validateMaximumLimitFractionsV1
[30m2026-08-26T00:30:05,617[m [32mINFO  [m[[1;34mhttp-nio-8080-exec-4[m] [36mValidateCountedFractionServiceImpl[m - Start method validateQuantityFractionsV1, tradeId -> 964300
[30m2026-08-26T00:30:05,617[m [32mINFO  [m[[1;34mhttp-nio-8080-exec-4[m] [36mValidateCountedFractionServiceImpl[m - Start method validateMaximumLimitFractionsV1
[30m2026-08-26T00:30:05,617[m [32mINFO  [m[[1;34mhttp-nio-8080-exec-4[m] [36mValidateCountedFractionServiceImpl[m - Start method validateQuantityFractionsV1, tradeId -> 957403
[30m2026-08-26T00:30:05,617[m [32mINFO  [m[[1;34mhttp-nio-8080-exec-4[m] [36mValidateCountedFractionServiceImpl[m - Start method validateMaximumLimitFractionsV1
[30m2026-08-26T00:30:05,617[m [32mINFO  [m[[1;34mhttp-nio-8080-exec-4[m] [36mValidateCountedFractionServiceImpl[m - Start method validateQuantityFractionsV1, tradeId -> 963280
[30m2026-08-26T00:30:05,617[m [32mINFO  [m[[1;34mhttp-nio-8080-exec-4[m] [36mValidateCountedFractionServiceImpl[m - Start method validateMaximumLimitFractionsV1
[30m2026-08-26T00:30:05,617[m [32mINFO  [m[[1;34mhttp-nio-8080-exec-4[m] [36mValidateCountedFractionServiceImpl[m - Start method validateQuantityFractionsV1, tradeId -> 965312
[30m2026-08-26T00:30:05,617[m [32mINFO  [m[[1;34mhttp-nio-8080-exec-4[m] [36mValidateCountedFractionServiceImpl[m - Start method validateMaximumLimitFractionsV1
[30m2026-08-26T00:30:05,617[m [32mINFO  [m[[1;34mhttp-nio-8080-exec-4[m] [36mValidateCountedFractionServiceImpl[m - Start method validateQuantityFractionsV1, tradeId -> 964303
[30m2026-08-26T00:30:05,617[m [32mINFO  [m[[1;34mhttp-nio-8080-exec-4[m] [36mValidateCountedFractionServiceImpl[m - Start method validateMaximumLimitFractionsV1
[30m2026-08-26T00:30:05,617[m [32mINFO  [m[[1;34mhttp-nio-8080-exec-4[m] [36mValidateCountedFractionServiceImpl[m - Start method validateQuantityFractionsV1, tradeId -> 965313
[30m2026-08-26T00:30:05,617[m [32mINFO  [m[[1;34mhttp-nio-8080-exec-4[m] [36mValidateCountedFractionServiceImpl[m - Start method validateMaximumLimitFractionsV1
[30m2026-08-26T00:30:05,617[m [32mINFO  [m[[1;34mhttp-nio-8080-exec-4[m] [36mValidateCountedFractionServiceImpl[m - Start method validateQuantityFractionsV1, tradeId -> 964305
[30m2026-08-26T00:30:05,618[m [32mINFO  [m[[1;34mhttp-nio-8080-exec-4[m] [36mValidateCountedFractionServiceImpl[m - Start method validateMaximumLimitFractionsV1
[30m2026-08-26T00:30:05,618[m [32mINFO  [m[[1;34mhttp-nio-8080-exec-4[m] [36mValidateCountedFractionServiceImpl[m - Start method validateQuantityFractionsV1, tradeId -> 963284
[30m2026-08-26T00:30:05,618[m [32mINFO  [m[[1;34mhttp-nio-8080-exec-4[m] [36mValidateCountedFractionServiceImpl[m - Start method validateMaximumLimitFractionsV1
[30m2026-08-26T00:30:05,618[m [32mINFO  [m[[1;34mhttp-nio-8080-exec-4[m] [36mValidateCountedFractionServiceImpl[m - Start method validateQuantityFractionsV1, tradeId -> 953121
[30m2026-08-26T00:30:05,618[m [32mINFO  [m[[1;34mhttp-nio-8080-exec-4[m] [36mValidateCountedFractionServiceImpl[m - Start method validateMaximumLimitFractionsV1
[30m2026-08-26T00:30:05,618[m [32mINFO  [m[[1;34mhttp-nio-8080-exec-4[m] [36mValidateCountedFractionServiceImpl[m - Start method validateQuantityFractionsV1, tradeId -> 963285
[30m2026-08-26T00:30:05,618[m [32mINFO  [m[[1;34mhttp-nio-8080-exec-4[m] [36mValidateCountedFractionServiceImpl[m - Start method validateMaximumLimitFractionsV1
[30m2026-08-26T00:30:05,618[m [32mINFO  [m[[1;34mhttp-nio-8080-exec-4[m] [36mValidateCountedFractionServiceImpl[m - Start method validateQuantityFractionsV1, tradeId -> 965317
[30m2026-08-26T00:30:05,618[m [32mINFO  [m[[1;34mhttp-nio-8080-exec-4[m] [36mValidateCountedFractionServiceImpl[m - Start method validateMaximumLimitFractionsV1
[30m2026-08-26T00:30:05,618[m [32mINFO  [m[[1;34mhttp-nio-8080-exec-4[m] [36mValidateCountedFractionServiceImpl[m - Start method validateQuantityFractionsV1, tradeId -> 964308
[30m2026-08-26T00:30:05,618[m [32mINFO  [m[[1;34mhttp-nio-8080-exec-4[m] [36mValidateCountedFractionServiceImpl[m - Start method validateMaximumLimitFractionsV1
[30m2026-08-26T00:30:05,618[m [32mINFO  [m[[1;34mhttp-nio-8080-exec-4[m] [36mValidateCountedFractionServiceImpl[m - Start method validateQuantityFractionsV1, tradeId -> 965318
[30m2026-08-26T00:30:05,618[m [32mINFO  [m[[1;34mhttp-nio-8080-exec-4[m] [36mValidateCountedFractionServiceImpl[m - Start method validateMaximumLimitFractionsV1
[30m2026-08-26T00:30:05,618[m [32mINFO  [m[[1;34mhttp-nio-8080-exec-4[m] [36mValidateCountedFractionServiceImpl[m - Start method validateQuantityFractionsV1, tradeId -> 957408
[30m2026-08-26T00:30:05,618[m [32mINFO  [m[[1;34mhttp-nio-8080-exec-4[m] [36mValidateCountedFractionServiceImpl[m - Start method validateMaximumLimitFractionsV1
[30m2026-08-26T00:30:05,618[m [32mINFO  [m[[1;34mhttp-nio-8080-exec-4[m] [36mValidateCountedFractionServiceImpl[m - Start method validateQuantityFractionsV1, tradeId -> 965319
[30m2026-08-26T00:30:05,618[m [32mINFO  [m[[1;34mhttp-nio-8080-exec-4[m] [36mValidateCountedFractionServiceImpl[m - Start method validateMaximumLimitFractionsV1
[30m2026-08-26T00:30:05,618[m [32mINFO  [m[[1;34mhttp-nio-8080-exec-4[m] [36mValidateCountedFractionServiceImpl[m - Start method validateQuantityFractionsV1, tradeId -> 963289
[30m2026-08-26T00:30:05,618[m [32mINFO  [m[[1;34mhttp-nio-8080-exec-4[m] [36mValidateCountedFractionServiceImpl[m - Start method validateMaximumLimitFractionsV1
[30m2026-08-26T00:30:05,618[m [32mINFO  [m[[1;34mhttp-nio-8080-exec-4[m] [36mValidateCountedFractionServiceImpl[m - Start method validateQuantityFractionsV1, tradeId -> 957409
[30m2026-08-26T00:30:05,618[m [32mINFO  [m[[1;34mhttp-nio-8080-exec-4[m] [36mValidateCountedFractionServiceImpl[m - Start method validateMaximumLimitFractionsV1
[30m2026-08-26T00:30:05,618[m [32mINFO  [m[[1;34mhttp-nio-8080-exec-4[m] [36mValidateCountedFractionServiceImpl[m - Start method validateQuantityFractionsV1, tradeId -> 965320
[30m2026-08-26T00:30:05,618[m [32mINFO  [m[[1;34mhttp-nio-8080-exec-4[m] [36mValidateCountedFractionServiceImpl[m - Start method validateMaximumLimitFractionsV1
[30m2026-08-26T00:30:05,618[m [32mINFO  [m[[1;34mhttp-nio-8080-exec-4[m] [36mValidateCountedFractionServiceImpl[m - Start method validateQuantityFractionsV1, tradeId -> 953122
[30m2026-08-26T00:30:05,618[m [32mINFO  [m[[1;34mhttp-nio-8080-exec-4[m] [36mValidateCountedFractionServiceImpl[m - Start method validateMaximumLimitFractionsV1
[30m2026-08-26T00:30:05,619[m [32mINFO  [m[[1;34mhttp-nio-8080-exec-4[m] [36mValidateCountedFractionServiceImpl[m - Start method validateQuantityFractionsV1, tradeId -> 964314
[30m2026-08-26T00:30:05,619[m [32mINFO  [m[[1;34mhttp-nio-8080-exec-4[m] [36mValidateCountedFractionServiceImpl[m - Start method validateMaximumLimitFractionsV1
[30m2026-08-26T00:30:05,619[m [32mINFO  [m[[1;34mhttp-nio-8080-exec-4[m] [36mValidateCountedFractionServiceImpl[m - Start method validateQuantityFractionsV1, tradeId -> 953130
[30m2026-08-26T00:30:05,619[m [32mINFO  [m[[1;34mhttp-nio-8080-exec-4[m] [36mValidateCountedFractionServiceImpl[m - Start method validateMaximumLimitFractionsV1
[30m2026-08-26T00:30:05,619[m [32mINFO  [m[[1;34mhttp-nio-8080-exec-4[m] [36mValidateCountedFractionServiceImpl[m - Start method validateQuantityFractionsV1, tradeId -> 965327
[30m2026-08-26T00:30:05,619[m [32mINFO  [m[[1;34mhttp-nio-8080-exec-4[m] [36mValidateCountedFractionServiceImpl[m - Start method validateMaximumLimitFractionsV1
[30m2026-08-26T00:30:05,619[m [32mINFO  [m[[1;34mhttp-nio-8080-exec-4[m] [36mValidateCountedFractionServiceImpl[m - Start method validateQuantityFractionsV1, tradeId -> 965328
[30m2026-08-26T00:30:05,619[m [32mINFO  [m[[1;34mhttp-nio-8080-exec-4[m] [36mValidateCountedFractionServiceImpl[m - Start method validateMaximumLimitFractionsV1
[30m2026-08-26T00:30:05,619[m [32mINFO  [m[[1;34mhttp-nio-8080-exec-4[m] [36mValidateCountedFractionServiceImpl[m - Start method validateQuantityFractionsV1, tradeId -> 963293
[30m2026-08-26T00:30:05,619[m [32mINFO  [m[[1;34mhttp-nio-8080-exec-4[m] [36mValidateCountedFractionServiceImpl[m - Start method validateMaximumLimitFractionsV1
[30m2026-08-26T00:30:05,619[m [32mINFO  [m[[1;34mhttp-nio-8080-exec-4[m] [36mValidateCountedFractionServiceImpl[m - Start method validateQuantityFractionsV1, tradeId -> 965329
[30m2026-08-26T00:30:05,619[m [32mINFO  [m[[1;34mhttp-nio-8080-exec-4[m] [36mValidateCountedFractionServiceImpl[m - Start method validateMaximumLimitFractionsV1
[30m2026-08-26T00:30:05,619[m [32mINFO  [m[[1;34mhttp-nio-8080-exec-4[m] [36mValidateCountedFractionServiceImpl[m - Start method validateQuantityFractionsV1, tradeId -> 957416
[30m2026-08-26T00:30:05,619[m [32mINFO  [m[[1;34mhttp-nio-8080-exec-4[m] [36mValidateCountedFractionServiceImpl[m - Start method validateMaximumLimitFractionsV1
[30m2026-08-26T00:30:05,619[m [32mINFO  [m[[1;34mhttp-nio-8080-exec-4[m] [36mFractionationCountedServiceImpl[m - PERF_ASSIGNMENT_VALIDATION_BATCH batchId=2f8b5ff6-a659-48bd-a069-d92e6e8528d8 inputCount=50 validCount=50 invalidCount=0 uniqueTrades=50 uniqueSides=1 uniqueParticipants=1 titleAccountResolutionRequests=50 titleAccountUniqueBusinessKeys=1 settlementLookupRequests=50 settlementUniqueTradeSides=50 settlementRepositoryCalls=1 settlementRowsLoaded=0 settlementPrefetchMs=3 cudLookupRequests=0 cudUniqueTradeSides=0 cudUniqueBusinessKeys=0 cudRepositoryCalls=0 cudRowsLoaded=0 cudPrefetchMs=0 tradePrefetchMs=172 sidePrefetchMs=0 participantPrefetchMs=13 accountResolutionMs=17 accountPrefetchMs=12 businessValidationMs=7 totalMs=226
[30m2026-08-26T00:30:05,619[m [32mINFO  [m[[1;34mhttp-nio-8080-exec-4[m] [36mRestClientUtils[m - Client [POST] http://operaciones-fracciones-contado-back-service/operations-fractionation-api/v1/fractionation/batch
[30m2026-08-26T00:30:07,118[m [32mINFO  [m[[1;34mhttp-nio-8080-exec-4[m] [36mFractionationCountedServiceImpl[m - PERF_ASSIGNMENT_BATCH service=cmd batchId=2f8b5ff6-a659-48bd-a069-d92e6e8528d8 mode=RAW_VALIDATED configuredMaxBatchSize=80 receivedBatchSize=50 processedCount=50 successCount=50 failureCount=0 fractionationMs=1499 totalMs=1499
[30m2026-08-26T00:30:07,119[m [32mINFO  [m[[1;34mhttp-nio-8080-exec-4[m] [36mFractionationCountedServiceImpl[m - PERF_ASSIGNMENT_BATCH service=cmd batchId=2f8b5ff6-a659-48bd-a069-d92e6e8528d8 mode=RAW configuredMaxBatchSize=80 receivedBatchSize=50 validCount=50 invalidCount=0 sentToFractionationCount=50 successCount=50 failureCount=0 totalMs=1725
[30m2026-08-26T00:30:07,120[m [32mINFO  [m[[1;34mhttp-nio-8080-exec-4[m] [36mGlobalFilter[m - Request [POST /operations-cmd-api/v1/fractionation/counted-operation/batch] completed in 1729 ms with status 200
[30m2026-08-26T00:30:07,143[m [32mINFO  [m[[1;34mhttp-nio-8080-exec-5[m] [36mGlobalFilter[m - ----------- Client User: operaciones-orquestador-ext-back ----------
[30m2026-08-26T00:30:07,320[m [32mINFO  [m[[1;34mhttp-nio-8080-exec-5[m] [36mValidateCountedFractionServiceImpl[m - Start method validateAccountFractionAssignmentV1, accountNumber -> 4021801, tradeId -> 964326, sideId -> 1, originId -> 122, isLocalCorrection -> false
[30m2026-08-26T00:30:07,320[m [32mINFO  [m[[1;34mhttp-nio-8080-exec-5[m] [36mValidateCountedFractionServiceImpl[m - Searching participant account assignment for accountNumber -> 4021801, participantId -> 15, depositoryId -> 1
[30m2026-08-26T00:30:07,323[m [32mINFO  [m[[1;34mhttp-nio-8080-exec-5[m] [36mValidateCountedFractionServiceImpl[m - No participant account found for accountNumber -> 4021801
[30m2026-08-26T00:30:07,336[m [32mINFO  [m[[1;34mhttp-nio-8080-exec-5[m] [36mValidateCountedFractionServiceImpl[m - End method validateAccountFractionAssignmentV1, fractionAccountOutDto -> FractionAccountOutDto(participantAccount=null, investorAccount=InvestorAccountOutDto(id=57, investor=InvestorOutDto(id=167, code=CL00000001, firstName=Prueba Nombre 1, lastName=Prueba Nombre 2, companyName=TERCERO3509748, type=TypeOutDto(id=2, description=JURIDICO, category=PERSONA), status=StatusOutDto(id=515, description=ACTIVO, category=INVERSIONISTA, shortName=null), country=CountryOutDto(id=35, code=CL, name=CHILE, currency=CurrencyOutDto(id=30, code=CLP, name=PESO CHILENO), timeZone=UTC -3), documentNumber=8605303170, identificationType=IdentificationTypeOutDto(id=5, description=CEDULA DE CIUDADANÍA, code=CC), nationality=35, clearinghouseCode=null, gics=null, moneyLaunderingFlag=null, taxStatus=null), accountNumber=4021801, accountName=AMBIENTE 3  PRUEBA 3, status=StatusOutDto(id=570, description=ACTIVO, category=CUENTA_INVERSIONISTA, shortName=null), originType=TypeOutDto(id=120, description=TERCEROS, category=ORIGEN PUNTA), type=TypeOutDto(id=26, description=CUENTA DEPOSITO, category=CUENTA DEPOSITO), depository=DepositoryOutDto(id=1, description=DVL), participant=null, taxExemp=false), sourceQuoteType=TypeOutDto(id=120, description=TERCEROS, category=ORIGEN PUNTA), fiduciarySpecialist=false, jointAccount=false, masterAccount=false, custodian=null, milaDirectDepositor=null)
[30m2026-08-26T00:30:07,355[m [32mINFO  [m[[1;34mhttp-nio-8080-exec-5[m] [36mValidateCountedFractionServiceImpl[m - Start method validateQuantityFractionsV1, tradeId -> 964326
[30m2026-08-26T00:30:07,355[m [32mINFO  [m[[1;34mhttp-nio-8080-exec-5[m] [36mValidateCountedFractionServiceImpl[m - Start method validateMaximumLimitFractionsV1
[30m2026-08-26T00:30:07,356[m [32mINFO  [m[[1;34mhttp-nio-8080-exec-5[m] [36mValidateCountedFractionServiceImpl[m - Start method validateQuantityFractionsV1, tradeId -> 957422
[30m2026-08-26T00:30:07,356[m [32mINFO  [m[[1;34mhttp-nio-8080-exec-5[m] [36mValidateCountedFractionServiceImpl[m - Start method validateMaximumLimitFractionsV1
[30m2026-08-26T00:30:07,356[m [32mINFO  [m[[1;34mhttp-nio-8080-exec-5[m] [36mValidateCountedFractionServiceImpl[m - Start method validateQuantityFractionsV1, tradeId -> 957423
[30m2026-08-26T00:30:07,356[m [32mINFO  [m[[1;34mhttp-nio-8080-exec-5[m] [36mValidateCountedFractionServiceImpl[m - Start method validateMaximumLimitFractionsV1
[30m2026-08-26T00:30:07,356[m [32mINFO  [m[[1;34mhttp-nio-8080-exec-5[m] [36mValidateCountedFractionServiceImpl[m - Start method validateQuantityFractionsV1, tradeId -> 964329
[30m2026-08-26T00:30:07,356[m [32mINFO  [m[[1;34mhttp-nio-8080-exec-5[m] [36mValidateCountedFractionServiceImpl[m - Start method validateMaximumLimitFractionsV1
[30m2026-08-26T00:30:07,356[m [32mINFO  [m[[1;34mhttp-nio-8080-exec-5[m] [36mValidateCountedFractionServiceImpl[m - Start method validateQuantityFractionsV1, tradeId -> 953150
[30m2026-08-26T00:30:07,356[m [32mINFO  [m[[1;34mhttp-nio-8080-exec-5[m] [36mValidateCountedFractionServiceImpl[m - Start method validateMaximumLimitFractionsV1
[30m2026-08-26T00:30:07,356[m [32mINFO  [m[[1;34mhttp-nio-8080-exec-5[m] [36mValidateCountedFractionServiceImpl[m - Start method validateQuantityFractionsV1, tradeId -> 953139
[30m2026-08-26T00:30:07,356[m [32mINFO  [m[[1;34mhttp-nio-8080-exec-5[m] [36mValidateCountedFractionServiceImpl[m - Start method validateMaximumLimitFractionsV1
[30m2026-08-26T00:30:07,356[m [32mINFO  [m[[1;34mhttp-nio-8080-exec-5[m] [36mValidateCountedFractionServiceImpl[m - Start method validateQuantityFractionsV1, tradeId -> 965342
[30m2026-08-26T00:30:07,356[m [32mINFO  [m[[1;34mhttp-nio-8080-exec-5[m] [36mValidateCountedFractionServiceImpl[m - Start method validateMaximumLimitFractionsV1
[30m2026-08-26T00:30:07,356[m [32mINFO  [m[[1;34mhttp-nio-8080-exec-5[m] [36mValidateCountedFractionServiceImpl[m - Start method validateQuantityFractionsV1, tradeId -> 965343
[30m2026-08-26T00:30:07,356[m [32mINFO  [m[[1;34mhttp-nio-8080-exec-5[m] [36mValidateCountedFractionServiceImpl[m - Start method validateMaximumLimitFractionsV1
[30m2026-08-26T00:30:07,356[m [32mINFO  [m[[1;34mhttp-nio-8080-exec-5[m] [36mValidateCountedFractionServiceImpl[m - Start method validateQuantityFractionsV1, tradeId -> 964330
[30m2026-08-26T00:30:07,356[m [32mINFO  [m[[1;34mhttp-nio-8080-exec-5[m] [36mValidateCountedFractionServiceImpl[m - Start method validateMaximumLimitFractionsV1
[30m2026-08-26T00:30:07,356[m [32mINFO  [m[[1;34mhttp-nio-8080-exec-5[m] [36mValidateCountedFractionServiceImpl[m - Start method validateQuantityFractionsV1, tradeId -> 953151
[30m2026-08-26T00:30:07,356[m [32mINFO  [m[[1;34mhttp-nio-8080-exec-5[m] [36mValidateCountedFractionServiceImpl[m - Start method validateMaximumLimitFractionsV1
[30m2026-08-26T00:30:07,357[m [32mINFO  [m[[1;34mhttp-nio-8080-exec-5[m] [36mValidateCountedFractionServiceImpl[m - Start method validateQuantityFractionsV1, tradeId -> 957431
[30m2026-08-26T00:30:07,357[m [32mINFO  [m[[1;34mhttp-nio-8080-exec-5[m] [36mValidateCountedFractionServiceImpl[m - Start method validateMaximumLimitFractionsV1
[30m2026-08-26T00:30:07,357[m [32mINFO  [m[[1;34mhttp-nio-8080-exec-5[m] [36mValidateCountedFractionServiceImpl[m - Start method validateQuantityFractionsV1, tradeId -> 953140
[30m2026-08-26T00:30:07,357[m [32mINFO  [m[[1;34mhttp-nio-8080-exec-5[m] [36mValidateCountedFractionServiceImpl[m - Start method validateMaximumLimitFractionsV1
[30m2026-08-26T00:30:07,357[m [32mINFO  [m[[1;34mhttp-nio-8080-exec-5[m] [36mValidateCountedFractionServiceImpl[m - Start method validateQuantityFractionsV1, tradeId -> 953152
[30m2026-08-26T00:30:07,357[m [32mINFO  [m[[1;34mhttp-nio-8080-exec-5[m] [36mValidateCountedFractionServiceImpl[m - Start method validateMaximumLimitFractionsV1
[30m2026-08-26T00:30:07,357[m [32mINFO  [m[[1;34mhttp-nio-8080-exec-5[m] [36mValidateCountedFractionServiceImpl[m - Start method validateQuantityFractionsV1, tradeId -> 965344
[30m2026-08-26T00:30:07,357[m [32mINFO  [m[[1;34mhttp-nio-8080-exec-5[m] [36mValidateCountedFractionServiceImpl[m - Start method validateMaximumLimitFractionsV1
[30m2026-08-26T00:30:07,357[m [32mINFO  [m[[1;34mhttp-nio-8080-exec-5[m] [36mValidateCountedFractionServiceImpl[m - Start method validateQuantityFractionsV1, tradeId -> 953141
[30m2026-08-26T00:30:07,357[m [32mINFO  [m[[1;34mhttp-nio-8080-exec-5[m] [36mValidateCountedFractionServiceImpl[m - Start method validateMaximumLimitFractionsV1
[30m2026-08-26T00:30:07,357[m [32mINFO  [m[[1;34mhttp-nio-8080-exec-5[m] [36mValidateCountedFractionServiceImpl[m - Start method validateQuantityFractionsV1, tradeId -> 965345
[30m2026-08-26T00:30:07,357[m [32mINFO  [m[[1;34mhttp-nio-8080-exec-5[m] [36mValidateCountedFractionServiceImpl[m - Start method validateMaximumLimitFractionsV1
[30m2026-08-26T00:30:07,357[m [32mINFO  [m[[1;34mhttp-nio-8080-exec-5[m] [36mValidateCountedFractionServiceImpl[m - Start method validateQuantityFractionsV1, tradeId -> 953142
[30m2026-08-26T00:30:07,357[m [32mINFO  [m[[1;34mhttp-nio-8080-exec-5[m] [36mValidateCountedFractionServiceImpl[m - Start method validateMaximumLimitFractionsV1
[30m2026-08-26T00:30:07,357[m [32mINFO  [m[[1;34mhttp-nio-8080-exec-5[m] [36mValidateCountedFractionServiceImpl[m - Start method validateQuantityFractionsV1, tradeId -> 965346
[30m2026-08-26T00:30:07,357[m [32mINFO  [m[[1;34mhttp-nio-8080-exec-5[m] [36mValidateCountedFractionServiceImpl[m - Start method validateMaximumLimitFractionsV1
[30m2026-08-26T00:30:07,357[m [32mINFO  [m[[1;34mhttp-nio-8080-exec-5[m] [36mValidateCountedFractionServiceImpl[m - Start method validateQuantityFractionsV1, tradeId -> 953153
[30m2026-08-26T00:30:07,357[m [32mINFO  [m[[1;34mhttp-nio-8080-exec-5[m] [36mValidateCountedFractionServiceImpl[m - Start method validateMaximumLimitFractionsV1
[30m2026-08-26T00:30:07,357[m [32mINFO  [m[[1;34mhttp-nio-8080-exec-5[m] [36mValidateCountedFractionServiceImpl[m - Start method validateQuantityFractionsV1, tradeId -> 953143
[30m2026-08-26T00:30:07,357[m [32mINFO  [m[[1;34mhttp-nio-8080-exec-5[m] [36mValidateCountedFractionServiceImpl[m - Start method validateMaximumLimitFractionsV1
[30m2026-08-26T00:30:07,357[m [32mINFO  [m[[1;34mhttp-nio-8080-exec-5[m] [36mValidateCountedFractionServiceImpl[m - Start method validateQuantityFractionsV1, tradeId -> 957432
[30m2026-08-26T00:30:07,357[m [32mINFO  [m[[1;34mhttp-nio-8080-exec-5[m] [36mValidateCountedFractionServiceImpl[m - Start method validateMaximumLimitFractionsV1
[30m2026-08-26T00:30:07,357[m [32mINFO  [m[[1;34mhttp-nio-8080-exec-5[m] [36mValidateCountedFractionServiceImpl[m - Start method validateQuantityFractionsV1, tradeId -> 953154
[30m2026-08-26T00:30:07,357[m [32mINFO  [m[[1;34mhttp-nio-8080-exec-5[m] [36mValidateCountedFractionServiceImpl[m - Start method validateMaximumLimitFractionsV1
[30m2026-08-26T00:30:07,357[m [32mINFO  [m[[1;34mhttp-nio-8080-exec-5[m] [36mValidateCountedFractionServiceImpl[m - Start method validateQuantityFractionsV1, tradeId -> 957433
[30m2026-08-26T00:30:07,357[m [32mINFO  [m[[1;34mhttp-nio-8080-exec-5[m] [36mValidateCountedFractionServiceImpl[m - Start method validateMaximumLimitFractionsV1
[30m2026-08-26T00:30:07,358[m [32mINFO  [m[[1;34mhttp-nio-8080-exec-5[m] [36mValidateCountedFractionServiceImpl[m - Start method validateQuantityFractionsV1, tradeId -> 953155
[30m2026-08-26T00:30:07,358[m [32mINFO  [m[[1;34mhttp-nio-8080-exec-5[m] [36mValidateCountedFractionServiceImpl[m - Start method validateMaximumLimitFractionsV1
[30m2026-08-26T00:30:07,358[m [32mINFO  [m[[1;34mhttp-nio-8080-exec-5[m] [36mValidateCountedFractionServiceImpl[m - Start method validateQuantityFractionsV1, tradeId -> 953156
[30m2026-08-26T00:30:07,358[m [32mINFO  [m[[1;34mhttp-nio-8080-exec-5[m] [36mValidateCountedFractionServiceImpl[m - Start method validateMaximumLimitFractionsV1
[30m2026-08-26T00:30:07,358[m [32mINFO  [m[[1;34mhttp-nio-8080-exec-5[m] [36mValidateCountedFractionServiceImpl[m - Start method validateQuantityFractionsV1, tradeId -> 953144
[30m2026-08-26T00:30:07,358[m [32mINFO  [m[[1;34mhttp-nio-8080-exec-5[m] [36mValidateCountedFractionServiceImpl[m - Start method validateMaximumLimitFractionsV1
[30m2026-08-26T00:30:07,358[m [32mINFO  [m[[1;34mhttp-nio-8080-exec-5[m] [36mValidateCountedFractionServiceImpl[m - Start method validateQuantityFractionsV1, tradeId -> 964333
[30m2026-08-26T00:30:07,358[m [32mINFO  [m[[1;34mhttp-nio-8080-exec-5[m] [36mValidateCountedFractionServiceImpl[m - Start method validateMaximumLimitFractionsV1
[30m2026-08-26T00:30:07,358[m [32mINFO  [m[[1;34mhttp-nio-8080-exec-5[m] [36mValidateCountedFractionServiceImpl[m - Start method validateQuantityFractionsV1, tradeId -> 964336
[30m2026-08-26T00:30:07,358[m [32mINFO  [m[[1;34mhttp-nio-8080-exec-5[m] [36mValidateCountedFractionServiceImpl[m - Start method validateMaximumLimitFractionsV1
[30m2026-08-26T00:30:07,358[m [32mINFO  [m[[1;34mhttp-nio-8080-exec-5[m] [36mValidateCountedFractionServiceImpl[m - Start method validateQuantityFractionsV1, tradeId -> 953149
[30m2026-08-26T00:30:07,358[m [32mINFO  [m[[1;34mhttp-nio-8080-exec-5[m] [36mValidateCountedFractionServiceImpl[m - Start method validateMaximumLimitFractionsV1
[30m2026-08-26T00:30:07,358[m [32mINFO  [m[[1;34mhttp-nio-8080-exec-5[m] [36mValidateCountedFractionServiceImpl[m - Start method validateQuantityFractionsV1, tradeId -> 965359
[30m2026-08-26T00:30:07,358[m [32mINFO  [m[[1;34mhttp-nio-8080-exec-5[m] [36mValidateCountedFractionServiceImpl[m - Start method validateMaximumLimitFractionsV1
[30m2026-08-26T00:30:07,358[m [32mINFO  [m[[1;34mhttp-nio-8080-exec-5[m] [36mValidateCountedFractionServiceImpl[m - Start method validateQuantityFractionsV1, tradeId -> 957437
[30m2026-08-26T00:30:07,358[m [32mINFO  [m[[1;34mhttp-nio-8080-exec-5[m] [36mValidateCountedFractionServiceImpl[m - Start method validateMaximumLimitFractionsV1
[30m2026-08-26T00:30:07,358[m [32mINFO  [m[[1;34mhttp-nio-8080-exec-5[m] [36mValidateCountedFractionServiceImpl[m - Start method validateQuantityFractionsV1, tradeId -> 957438
[30m2026-08-26T00:30:07,358[m [32mINFO  [m[[1;34mhttp-nio-8080-exec-5[m] [36mValidateCountedFractionServiceImpl[m - Start method validateMaximumLimitFractionsV1
[30m2026-08-26T00:30:07,358[m [32mINFO  [m[[1;34mhttp-nio-8080-exec-5[m] [36mValidateCountedFractionServiceImpl[m - Start method validateQuantityFractionsV1, tradeId -> 965360
[30m2026-08-26T00:30:07,358[m [32mINFO  [m[[1;34mhttp-nio-8080-exec-5[m] [36mValidateCountedFractionServiceImpl[m - Start method validateMaximumLimitFractionsV1
[30m2026-08-26T00:30:07,358[m [32mINFO  [m[[1;34mhttp-nio-8080-exec-5[m] [36mValidateCountedFractionServiceImpl[m - Start method validateQuantityFractionsV1, tradeId -> 957439
[30m2026-08-26T00:30:07,358[m [32mINFO  [m[[1;34mhttp-nio-8080-exec-5[m] [36mValidateCountedFractionServiceImpl[m - Start method validateMaximumLimitFractionsV1
[30m2026-08-26T00:30:07,358[m [32mINFO  [m[[1;34mhttp-nio-8080-exec-5[m] [36mValidateCountedFractionServiceImpl[m - Start method validateQuantityFractionsV1, tradeId -> 965361
[30m2026-08-26T00:30:07,358[m [32mINFO  [m[[1;34mhttp-nio-8080-exec-5[m] [36mValidateCountedFractionServiceImpl[m - Start method validateMaximumLimitFractionsV1
[30m2026-08-26T00:30:07,358[m [32mINFO  [m[[1;34mhttp-nio-8080-exec-5[m] [36mValidateCountedFractionServiceImpl[m - Start method validateQuantityFractionsV1, tradeId -> 963300
[30m2026-08-26T00:30:07,358[m [32mINFO  [m[[1;34mhttp-nio-8080-exec-5[m] [36mValidateCountedFractionServiceImpl[m - Start method validateMaximumLimitFractionsV1
[30m2026-08-26T00:30:07,358[m [32mINFO  [m[[1;34mhttp-nio-8080-exec-5[m] [36mValidateCountedFractionServiceImpl[m - Start method validateQuantityFractionsV1, tradeId -> 965362
[30m2026-08-26T00:30:07,358[m [32mINFO  [m[[1;34mhttp-nio-8080-exec-5[m] [36mValidateCountedFractionServiceImpl[m - Start method validateMaximumLimitFractionsV1
[30m2026-08-26T00:30:07,359[m [32mINFO  [m[[1;34mhttp-nio-8080-exec-5[m] [36mValidateCountedFractionServiceImpl[m - Start method validateQuantityFractionsV1, tradeId -> 953163
[30m2026-08-26T00:30:07,359[m [32mINFO  [m[[1;34mhttp-nio-8080-exec-5[m] [36mValidateCountedFractionServiceImpl[m - Start method validateMaximumLimitFractionsV1
[30m2026-08-26T00:30:07,359[m [32mINFO  [m[[1;34mhttp-nio-8080-exec-5[m] [36mValidateCountedFractionServiceImpl[m - Start method validateQuantityFractionsV1, tradeId -> 965363
[30m2026-08-26T00:30:07,359[m [32mINFO  [m[[1;34mhttp-nio-8080-exec-5[m] [36mValidateCountedFractionServiceImpl[m - Start method validateMaximumLimitFractionsV1
[30m2026-08-26T00:30:07,359[m [32mINFO  [m[[1;34mhttp-nio-8080-exec-5[m] [36mValidateCountedFractionServiceImpl[m - Start method validateQuantityFractionsV1, tradeId -> 957440
[30m2026-08-26T00:30:07,359[m [32mINFO  [m[[1;34mhttp-nio-8080-exec-5[m] [36mValidateCountedFractionServiceImpl[m - Start method validateMaximumLimitFractionsV1
[30m2026-08-26T00:30:07,359[m [32mINFO  [m[[1;34mhttp-nio-8080-exec-5[m] [36mValidateCountedFractionServiceImpl[m - Start method validateQuantityFractionsV1, tradeId -> 957441
[30m2026-08-26T00:30:07,359[m [32mINFO  [m[[1;34mhttp-nio-8080-exec-5[m] [36mValidateCountedFractionServiceImpl[m - Start method validateMaximumLimitFractionsV1
[30m2026-08-26T00:30:07,359[m [32mINFO  [m[[1;34mhttp-nio-8080-exec-5[m] [36mValidateCountedFractionServiceImpl[m - Start method validateQuantityFractionsV1, tradeId -> 964339
[30m2026-08-26T00:30:07,359[m [32mINFO  [m[[1;34mhttp-nio-8080-exec-5[m] [36mValidateCountedFractionServiceImpl[m - Start method validateMaximumLimitFractionsV1
[30m2026-08-26T00:30:07,359[m [32mINFO  [m[[1;34mhttp-nio-8080-exec-5[m] [36mValidateCountedFractionServiceImpl[m - Start method validateQuantityFractionsV1, tradeId -> 953165
[30m2026-08-26T00:30:07,359[m [32mINFO  [m[[1;34mhttp-nio-8080-exec-5[m] [36mValidateCountedFractionServiceImpl[m - Start method validateMaximumLimitFractionsV1
[30m2026-08-26T00:30:07,359[m [32mINFO  [m[[1;34mhttp-nio-8080-exec-5[m] [36mValidateCountedFractionServiceImpl[m - Start method validateQuantityFractionsV1, tradeId -> 964342
[30m2026-08-26T00:30:07,359[m [32mINFO  [m[[1;34mhttp-nio-8080-exec-5[m] [36mValidateCountedFractionServiceImpl[m - Start method validateMaximumLimitFractionsV1
[30m2026-08-26T00:30:07,359[m [32mINFO  [m[[1;34mhttp-nio-8080-exec-5[m] [36mValidateCountedFractionServiceImpl[m - Start method validateQuantityFractionsV1, tradeId -> 963304
[30m2026-08-26T00:30:07,359[m [32mINFO  [m[[1;34mhttp-nio-8080-exec-5[m] [36mValidateCountedFractionServiceImpl[m - Start method validateMaximumLimitFractionsV1
[30m2026-08-26T00:30:07,359[m [32mINFO  [m[[1;34mhttp-nio-8080-exec-5[m] [36mValidateCountedFractionServiceImpl[m - Start method validateQuantityFractionsV1, tradeId -> 953166
[30m2026-08-26T00:30:07,359[m [32mINFO  [m[[1;34mhttp-nio-8080-exec-5[m] [36mValidateCountedFractionServiceImpl[m - Start method validateMaximumLimitFractionsV1
[30m2026-08-26T00:30:07,360[m [32mINFO  [m[[1;34mhttp-nio-8080-exec-5[m] [36mValidateCountedFractionServiceImpl[m - Start method validateQuantityFractionsV1, tradeId -> 964345
[30m2026-08-26T00:30:07,360[m [32mINFO  [m[[1;34mhttp-nio-8080-exec-5[m] [36mValidateCountedFractionServiceImpl[m - Start method validateMaximumLimitFractionsV1
[30m2026-08-26T00:30:07,360[m [32mINFO  [m[[1;34mhttp-nio-8080-exec-5[m] [36mValidateCountedFractionServiceImpl[m - Start method validateQuantityFractionsV1, tradeId -> 953168
[30m2026-08-26T00:30:07,360[m [32mINFO  [m[[1;34mhttp-nio-8080-exec-5[m] [36mValidateCountedFractionServiceImpl[m - Start method validateMaximumLimitFractionsV1
[30m2026-08-26T00:30:07,360[m [32mINFO  [m[[1;34mhttp-nio-8080-exec-5[m] [36mValidateCountedFractionServiceImpl[m - Start method validateQuantityFractionsV1, tradeId -> 957448
[30m2026-08-26T00:30:07,360[m [32mINFO  [m[[1;34mhttp-nio-8080-exec-5[m] [36mValidateCountedFractionServiceImpl[m - Start method validateMaximumLimitFractionsV1
[30m2026-08-26T00:30:07,360[m [32mINFO  [m[[1;34mhttp-nio-8080-exec-5[m] [36mValidateCountedFractionServiceImpl[m - Start method validateQuantityFractionsV1, tradeId -> 963310
[30m2026-08-26T00:30:07,360[m [32mINFO  [m[[1;34mhttp-nio-8080-exec-5[m] [36mValidateCountedFractionServiceImpl[m - Start method validateMaximumLimitFractionsV1
[30m2026-08-26T00:30:07,360[m [32mINFO  [m[[1;34mhttp-nio-8080-exec-5[m] [36mFractionationCountedServiceImpl[m - PERF_ASSIGNMENT_VALIDATION_BATCH batchId=7ecb87fe-b947-454b-870c-3ff9ca1a1893 inputCount=50 validCount=50 invalidCount=0 uniqueTrades=50 uniqueSides=1 uniqueParticipants=1 titleAccountResolutionRequests=50 titleAccountUniqueBusinessKeys=1 settlementLookupRequests=50 settlementUniqueTradeSides=50 settlementRepositoryCalls=1 settlementRowsLoaded=0 settlementPrefetchMs=3 cudLookupRequests=0 cudUniqueTradeSides=0 cudUniqueBusinessKeys=0 cudRepositoryCalls=0 cudRowsLoaded=0 cudPrefetchMs=0 tradePrefetchMs=161 sidePrefetchMs=0 participantPrefetchMs=12 accountResolutionMs=17 accountPrefetchMs=11 businessValidationMs=7 totalMs=214
[30m2026-08-26T00:30:07,360[m [32mINFO  [m[[1;34mhttp-nio-8080-exec-5[m] [36mRestClientUtils[m - Client [POST] http://operaciones-fracciones-contado-back-service/operations-fractionation-api/v1/fractionation/batch
[30m2026-08-26T00:30:08,813[m [32mINFO  [m[[1;34mhttp-nio-8080-exec-5[m] [36mFractionationCountedServiceImpl[m - PERF_ASSIGNMENT_BATCH service=cmd batchId=7ecb87fe-b947-454b-870c-3ff9ca1a1893 mode=RAW_VALIDATED configuredMaxBatchSize=80 receivedBatchSize=50 processedCount=50 successCount=50 failureCount=0 fractionationMs=1452 totalMs=1452
[30m2026-08-26T00:30:08,814[m [32mINFO  [m[[1;34mhttp-nio-8080-exec-5[m] [36mFractionationCountedServiceImpl[m - PERF_ASSIGNMENT_BATCH service=cmd batchId=7ecb87fe-b947-454b-870c-3ff9ca1a1893 mode=RAW configuredMaxBatchSize=80 receivedBatchSize=50 validCount=50 invalidCount=0 sentToFractionationCount=50 successCount=50 failureCount=0 totalMs=1668
[30m2026-08-26T00:30:08,815[m [32mINFO  [m[[1;34mhttp-nio-8080-exec-5[m] [36mGlobalFilter[m - Request [POST /operations-cmd-api/v1/fractionation/counted-operation/batch] completed in 1672 ms with status 200
[30m2026-08-26T00:30:08,837[m [32mINFO  [m[[1;34mhttp-nio-8080-exec-6[m] [36mGlobalFilter[m - ----------- Client User: operaciones-orquestador-ext-back ----------
[30m2026-08-26T00:30:08,997[m [32mINFO  [m[[1;34mhttp-nio-8080-exec-6[m] [36mValidateCountedFractionServiceImpl[m - Start method validateAccountFractionAssignmentV1, accountNumber -> 4021801, tradeId -> 964348, sideId -> 1, originId -> 122, isLocalCorrection -> false
[30m2026-08-26T00:30:08,997[m [32mINFO  [m[[1;34mhttp-nio-8080-exec-6[m] [36mValidateCountedFractionServiceImpl[m - Searching participant account assignment for accountNumber -> 4021801, participantId -> 15, depositoryId -> 1
[30m2026-08-26T00:30:09,000[m [32mINFO  [m[[1;34mhttp-nio-8080-exec-6[m] [36mValidateCountedFractionServiceImpl[m - No participant account found for accountNumber -> 4021801
[30m2026-08-26T00:30:09,016[m [32mINFO  [m[[1;34mhttp-nio-8080-exec-6[m] [36mValidateCountedFractionServiceImpl[m - End method validateAccountFractionAssignmentV1, fractionAccountOutDto -> FractionAccountOutDto(participantAccount=null, investorAccount=InvestorAccountOutDto(id=57, investor=InvestorOutDto(id=167, code=CL00000001, firstName=Prueba Nombre 1, lastName=Prueba Nombre 2, companyName=TERCERO3509748, type=TypeOutDto(id=2, description=JURIDICO, category=PERSONA), status=StatusOutDto(id=515, description=ACTIVO, category=INVERSIONISTA, shortName=null), country=CountryOutDto(id=35, code=CL, name=CHILE, currency=CurrencyOutDto(id=30, code=CLP, name=PESO CHILENO), timeZone=UTC -3), documentNumber=8605303170, identificationType=IdentificationTypeOutDto(id=5, description=CEDULA DE CIUDADANÍA, code=CC), nationality=35, clearinghouseCode=null, gics=null, moneyLaunderingFlag=null, taxStatus=null), accountNumber=4021801, accountName=AMBIENTE 3  PRUEBA 3, status=StatusOutDto(id=570, description=ACTIVO, category=CUENTA_INVERSIONISTA, shortName=null), originType=TypeOutDto(id=120, description=TERCEROS, category=ORIGEN PUNTA), type=TypeOutDto(id=26, description=CUENTA DEPOSITO, category=CUENTA DEPOSITO), depository=DepositoryOutDto(id=1, description=DVL), participant=null, taxExemp=false), sourceQuoteType=TypeOutDto(id=120, description=TERCEROS, category=ORIGEN PUNTA), fiduciarySpecialist=false, jointAccount=false, masterAccount=false, custodian=null, milaDirectDepositor=null)
[30m2026-08-26T00:30:09,036[m [32mINFO  [m[[1;34mhttp-nio-8080-exec-6[m] [36mValidateCountedFractionServiceImpl[m - Start method validateQuantityFractionsV1, tradeId -> 964348
[30m2026-08-26T00:30:09,036[m [32mINFO  [m[[1;34mhttp-nio-8080-exec-6[m] [36mValidateCountedFractionServiceImpl[m - Start method validateMaximumLimitFractionsV1
[30m2026-08-26T00:30:09,036[m [32mINFO  [m[[1;34mhttp-nio-8080-exec-6[m] [36mValidateCountedFractionServiceImpl[m - Start method validateQuantityFractionsV1, tradeId -> 957451
[30m2026-08-26T00:30:09,036[m [32mINFO  [m[[1;34mhttp-nio-8080-exec-6[m] [36mValidateCountedFractionServiceImpl[m - Start method validateMaximumLimitFractionsV1
[30m2026-08-26T00:30:09,036[m [32mINFO  [m[[1;34mhttp-nio-8080-exec-6[m] [36mValidateCountedFractionServiceImpl[m - Start method validateQuantityFractionsV1, tradeId -> 965373
[30m2026-08-26T00:30:09,036[m [32mINFO  [m[[1;34mhttp-nio-8080-exec-6[m] [36mValidateCountedFractionServiceImpl[m - Start method validateMaximumLimitFractionsV1
[30m2026-08-26T00:30:09,036[m [32mINFO  [m[[1;34mhttp-nio-8080-exec-6[m] [36mValidateCountedFractionServiceImpl[m - Start method validateQuantityFractionsV1, tradeId -> 957452
[30m2026-08-26T00:30:09,036[m [32mINFO  [m[[1;34mhttp-nio-8080-exec-6[m] [36mValidateCountedFractionServiceImpl[m - Start method validateMaximumLimitFractionsV1
[30m2026-08-26T00:30:09,036[m [32mINFO  [m[[1;34mhttp-nio-8080-exec-6[m] [36mValidateCountedFractionServiceImpl[m - Start method validateQuantityFractionsV1, tradeId -> 953171
[30m2026-08-26T00:30:09,036[m [32mINFO  [m[[1;34mhttp-nio-8080-exec-6[m] [36mValidateCountedFractionServiceImpl[m - Start method validateMaximumLimitFractionsV1
[30m2026-08-26T00:30:09,036[m [32mINFO  [m[[1;34mhttp-nio-8080-exec-6[m] [36mValidateCountedFractionServiceImpl[m - Start method validateQuantityFractionsV1, tradeId -> 957453
[30m2026-08-26T00:30:09,036[m [32mINFO  [m[[1;34mhttp-nio-8080-exec-6[m] [36mValidateCountedFractionServiceImpl[m - Start method validateMaximumLimitFractionsV1
[30m2026-08-26T00:30:09,036[m [32mINFO  [m[[1;34mhttp-nio-8080-exec-6[m] [36mValidateCountedFractionServiceImpl[m - Start method validateQuantityFractionsV1, tradeId -> 957454
[30m2026-08-26T00:30:09,036[m [32mINFO  [m[[1;34mhttp-nio-8080-exec-6[m] [36mValidateCountedFractionServiceImpl[m - Start method validateMaximumLimitFractionsV1
[30m2026-08-26T00:30:09,036[m [32mINFO  [m[[1;34mhttp-nio-8080-exec-6[m] [36mValidateCountedFractionServiceImpl[m - Start method validateQuantityFractionsV1, tradeId -> 964351
[30m2026-08-26T00:30:09,036[m [32mINFO  [m[[1;34mhttp-nio-8080-exec-6[m] [36mValidateCountedFractionServiceImpl[m - Start method validateMaximumLimitFractionsV1
[30m2026-08-26T00:30:09,037[m [32mINFO  [m[[1;34mhttp-nio-8080-exec-6[m] [36mValidateCountedFractionServiceImpl[m - Start method validateQuantityFractionsV1, tradeId -> 953183
[30m2026-08-26T00:30:09,037[m [32mINFO  [m[[1;34mhttp-nio-8080-exec-6[m] [36mValidateCountedFractionServiceImpl[m - Start method validateMaximumLimitFractionsV1
[30m2026-08-26T00:30:09,037[m [32mINFO  [m[[1;34mhttp-nio-8080-exec-6[m] [36mValidateCountedFractionServiceImpl[m - Start method validateQuantityFractionsV1, tradeId -> 957467
[30m2026-08-26T00:30:09,037[m [32mINFO  [m[[1;34mhttp-nio-8080-exec-6[m] [36mValidateCountedFractionServiceImpl[m - Start method validateMaximumLimitFractionsV1
[30m2026-08-26T00:30:09,037[m [32mINFO  [m[[1;34mhttp-nio-8080-exec-6[m] [36mValidateCountedFractionServiceImpl[m - Start method validateQuantityFractionsV1, tradeId -> 963320
[30m2026-08-26T00:30:09,037[m [32mINFO  [m[[1;34mhttp-nio-8080-exec-6[m] [36mValidateCountedFractionServiceImpl[m - Start method validateMaximumLimitFractionsV1
[30m2026-08-26T00:30:09,037[m [32mINFO  [m[[1;34mhttp-nio-8080-exec-6[m] [36mValidateCountedFractionServiceImpl[m - Start method validateQuantityFractionsV1, tradeId -> 953184
[30m2026-08-26T00:30:09,037[m [32mINFO  [m[[1;34mhttp-nio-8080-exec-6[m] [36mValidateCountedFractionServiceImpl[m - Start method validateMaximumLimitFractionsV1
[30m2026-08-26T00:30:09,037[m [32mINFO  [m[[1;34mhttp-nio-8080-exec-6[m] [36mValidateCountedFractionServiceImpl[m - Start method validateQuantityFractionsV1, tradeId -> 953185
[30m2026-08-26T00:30:09,037[m [32mINFO  [m[[1;34mhttp-nio-8080-exec-6[m] [36mValidateCountedFractionServiceImpl[m - Start method validateMaximumLimitFractionsV1
[30m2026-08-26T00:30:09,037[m [32mINFO  [m[[1;34mhttp-nio-8080-exec-6[m] [36mValidateCountedFractionServiceImpl[m - Start method validateQuantityFractionsV1, tradeId -> 965383
[30m2026-08-26T00:30:09,037[m [32mINFO  [m[[1;34mhttp-nio-8080-exec-6[m] [36mValidateCountedFractionServiceImpl[m - Start method validateMaximumLimitFractionsV1
[30m2026-08-26T00:30:09,037[m [32mINFO  [m[[1;34mhttp-nio-8080-exec-6[m] [36mValidateCountedFractionServiceImpl[m - Start method validateQuantityFractionsV1, tradeId -> 963321
[30m2026-08-26T00:30:09,037[m [32mINFO  [m[[1;34mhttp-nio-8080-exec-6[m] [36mValidateCountedFractionServiceImpl[m - Start method validateMaximumLimitFractionsV1
[30m2026-08-26T00:30:09,037[m [32mINFO  [m[[1;34mhttp-nio-8080-exec-6[m] [36mValidateCountedFractionServiceImpl[m - Start method validateQuantityFractionsV1, tradeId -> 953186
[30m2026-08-26T00:30:09,037[m [32mINFO  [m[[1;34mhttp-nio-8080-exec-6[m] [36mValidateCountedFractionServiceImpl[m - Start method validateMaximumLimitFractionsV1
[30m2026-08-26T00:30:09,037[m [32mINFO  [m[[1;34mhttp-nio-8080-exec-6[m] [36mValidateCountedFractionServiceImpl[m - Start method validateQuantityFractionsV1, tradeId -> 965388
[30m2026-08-26T00:30:09,037[m [32mINFO  [m[[1;34mhttp-nio-8080-exec-6[m] [36mValidateCountedFractionServiceImpl[m - Start method validateMaximumLimitFractionsV1
[30m2026-08-26T00:30:09,037[m [32mINFO  [m[[1;34mhttp-nio-8080-exec-6[m] [36mValidateCountedFractionServiceImpl[m - Start method validateQuantityFractionsV1, tradeId -> 964357
[30m2026-08-26T00:30:09,037[m [32mINFO  [m[[1;34mhttp-nio-8080-exec-6[m] [36mValidateCountedFractionServiceImpl[m - Start method validateMaximumLimitFractionsV1
[30m2026-08-26T00:30:09,037[m [32mINFO  [m[[1;34mhttp-nio-8080-exec-6[m] [36mValidateCountedFractionServiceImpl[m - Start method validateQuantityFractionsV1, tradeId -> 953189
[30m2026-08-26T00:30:09,037[m [32mINFO  [m[[1;34mhttp-nio-8080-exec-6[m] [36mValidateCountedFractionServiceImpl[m - Start method validateMaximumLimitFractionsV1
[30m2026-08-26T00:30:09,037[m [32mINFO  [m[[1;34mhttp-nio-8080-exec-6[m] [36mValidateCountedFractionServiceImpl[m - Start method validateQuantityFractionsV1, tradeId -> 953190
[30m2026-08-26T00:30:09,037[m [32mINFO  [m[[1;34mhttp-nio-8080-exec-6[m] [36mValidateCountedFractionServiceImpl[m - Start method validateMaximumLimitFractionsV1
[30m2026-08-26T00:30:09,037[m [32mINFO  [m[[1;34mhttp-nio-8080-exec-6[m] [36mValidateCountedFractionServiceImpl[m - Start method validateQuantityFractionsV1, tradeId -> 965389
[30m2026-08-26T00:30:09,037[m [32mINFO  [m[[1;34mhttp-nio-8080-exec-6[m] [36mValidateCountedFractionServiceImpl[m - Start method validateMaximumLimitFractionsV1
[30m2026-08-26T00:30:09,037[m [32mINFO  [m[[1;34mhttp-nio-8080-exec-6[m] [36mValidateCountedFractionServiceImpl[m - Start method validateQuantityFractionsV1, tradeId -> 965390
[30m2026-08-26T00:30:09,038[m [32mINFO  [m[[1;34mhttp-nio-8080-exec-6[m] [36mValidateCountedFractionServiceImpl[m - Start method validateMaximumLimitFractionsV1
[30m2026-08-26T00:30:09,038[m [32mINFO  [m[[1;34mhttp-nio-8080-exec-6[m] [36mValidateCountedFractionServiceImpl[m - Start method validateQuantityFractionsV1, tradeId -> 963323
[30m2026-08-26T00:30:09,038[m [32mINFO  [m[[1;34mhttp-nio-8080-exec-6[m] [36mValidateCountedFractionServiceImpl[m - Start method validateMaximumLimitFractionsV1
[30m2026-08-26T00:30:09,038[m [32mINFO  [m[[1;34mhttp-nio-8080-exec-6[m] [36mValidateCountedFractionServiceImpl[m - Start method validateQuantityFractionsV1, tradeId -> 965391
[30m2026-08-26T00:30:09,038[m [32mINFO  [m[[1;34mhttp-nio-8080-exec-6[m] [36mValidateCountedFractionServiceImpl[m - Start method validateMaximumLimitFractionsV1
[30m2026-08-26T00:30:09,038[m [32mINFO  [m[[1;34mhttp-nio-8080-exec-6[m] [36mValidateCountedFractionServiceImpl[m - Start method validateQuantityFractionsV1, tradeId -> 964358
[30m2026-08-26T00:30:09,038[m [32mINFO  [m[[1;34mhttp-nio-8080-exec-6[m] [36mValidateCountedFractionServiceImpl[m - Start method validateMaximumLimitFractionsV1
[30m2026-08-26T00:30:09,038[m [32mINFO  [m[[1;34mhttp-nio-8080-exec-6[m] [36mValidateCountedFractionServiceImpl[m - Start method validateQuantityFractionsV1, tradeId -> 953191
[30m2026-08-26T00:30:09,038[m [32mINFO  [m[[1;34mhttp-nio-8080-exec-6[m] [36mValidateCountedFractionServiceImpl[m - Start method validateMaximumLimitFractionsV1
[30m2026-08-26T00:30:09,038[m [32mINFO  [m[[1;34mhttp-nio-8080-exec-6[m] [36mValidateCountedFractionServiceImpl[m - Start method validateQuantityFractionsV1, tradeId -> 957471
[30m2026-08-26T00:30:09,038[m [32mINFO  [m[[1;34mhttp-nio-8080-exec-6[m] [36mValidateCountedFractionServiceImpl[m - Start method validateMaximumLimitFractionsV1
[30m2026-08-26T00:30:09,038[m [32mINFO  [m[[1;34mhttp-nio-8080-exec-6[m] [36mValidateCountedFractionServiceImpl[m - Start method validateQuantityFractionsV1, tradeId -> 957472
[30m2026-08-26T00:30:09,038[m [32mINFO  [m[[1;34mhttp-nio-8080-exec-6[m] [36mValidateCountedFractionServiceImpl[m - Start method validateMaximumLimitFractionsV1
[30m2026-08-26T00:30:09,038[m [32mINFO  [m[[1;34mhttp-nio-8080-exec-6[m] [36mValidateCountedFractionServiceImpl[m - Start method validateQuantityFractionsV1, tradeId -> 964359
[30m2026-08-26T00:30:09,038[m [32mINFO  [m[[1;34mhttp-nio-8080-exec-6[m] [36mValidateCountedFractionServiceImpl[m - Start method validateMaximumLimitFractionsV1
[30m2026-08-26T00:30:09,038[m [32mINFO  [m[[1;34mhttp-nio-8080-exec-6[m] [36mValidateCountedFractionServiceImpl[m - Start method validateQuantityFractionsV1, tradeId -> 963324
[30m2026-08-26T00:30:09,038[m [32mINFO  [m[[1;34mhttp-nio-8080-exec-6[m] [36mValidateCountedFractionServiceImpl[m - Start method validateMaximumLimitFractionsV1
[30m2026-08-26T00:30:09,038[m [32mINFO  [m[[1;34mhttp-nio-8080-exec-6[m] [36mValidateCountedFractionServiceImpl[m - Start method validateQuantityFractionsV1, tradeId -> 957473
[30m2026-08-26T00:30:09,038[m [32mINFO  [m[[1;34mhttp-nio-8080-exec-6[m] [36mValidateCountedFractionServiceImpl[m - Start method validateMaximumLimitFractionsV1
[30m2026-08-26T00:30:09,038[m [32mINFO  [m[[1;34mhttp-nio-8080-exec-6[m] [36mValidateCountedFractionServiceImpl[m - Start method validateQuantityFractionsV1, tradeId -> 953192
[30m2026-08-26T00:30:09,038[m [32mINFO  [m[[1;34mhttp-nio-8080-exec-6[m] [36mValidateCountedFractionServiceImpl[m - Start method validateMaximumLimitFractionsV1
[30m2026-08-26T00:30:09,038[m [32mINFO  [m[[1;34mhttp-nio-8080-exec-6[m] [36mValidateCountedFractionServiceImpl[m - Start method validateQuantityFractionsV1, tradeId -> 963325
[30m2026-08-26T00:30:09,038[m [32mINFO  [m[[1;34mhttp-nio-8080-exec-6[m] [36mValidateCountedFractionServiceImpl[m - Start method validateMaximumLimitFractionsV1
[30m2026-08-26T00:30:09,038[m [32mINFO  [m[[1;34mhttp-nio-8080-exec-6[m] [36mValidateCountedFractionServiceImpl[m - Start method validateQuantityFractionsV1, tradeId -> 953193
[30m2026-08-26T00:30:09,038[m [32mINFO  [m[[1;34mhttp-nio-8080-exec-6[m] [36mValidateCountedFractionServiceImpl[m - Start method validateMaximumLimitFractionsV1
[30m2026-08-26T00:30:09,038[m [32mINFO  [m[[1;34mhttp-nio-8080-exec-6[m] [36mValidateCountedFractionServiceImpl[m - Start method validateQuantityFractionsV1, tradeId -> 965392
[30m2026-08-26T00:30:09,038[m [32mINFO  [m[[1;34mhttp-nio-8080-exec-6[m] [36mValidateCountedFractionServiceImpl[m - Start method validateMaximumLimitFractionsV1
[30m2026-08-26T00:30:09,038[m [32mINFO  [m[[1;34mhttp-nio-8080-exec-6[m] [36mValidateCountedFractionServiceImpl[m - Start method validateQuantityFractionsV1, tradeId -> 963326
[30m2026-08-26T00:30:09,038[m [32mINFO  [m[[1;34mhttp-nio-8080-exec-6[m] [36mValidateCountedFractionServiceImpl[m - Start method validateMaximumLimitFractionsV1
[30m2026-08-26T00:30:09,038[m [32mINFO  [m[[1;34mhttp-nio-8080-exec-6[m] [36mValidateCountedFractionServiceImpl[m - Start method validateQuantityFractionsV1, tradeId -> 953194
[30m2026-08-26T00:30:09,038[m [32mINFO  [m[[1;34mhttp-nio-8080-exec-6[m] [36mValidateCountedFractionServiceImpl[m - Start method validateMaximumLimitFractionsV1
[30m2026-08-26T00:30:09,039[m [32mINFO  [m[[1;34mhttp-nio-8080-exec-6[m] [36mValidateCountedFractionServiceImpl[m - Start method validateQuantityFractionsV1, tradeId -> 957474
[30m2026-08-26T00:30:09,039[m [32mINFO  [m[[1;34mhttp-nio-8080-exec-6[m] [36mValidateCountedFractionServiceImpl[m - Start method validateMaximumLimitFractionsV1
[30m2026-08-26T00:30:09,039[m [32mINFO  [m[[1;34mhttp-nio-8080-exec-6[m] [36mValidateCountedFractionServiceImpl[m - Start method validateQuantityFractionsV1, tradeId -> 953195
[30m2026-08-26T00:30:09,039[m [32mINFO  [m[[1;34mhttp-nio-8080-exec-6[m] [36mValidateCountedFractionServiceImpl[m - Start method validateMaximumLimitFractionsV1
[30m2026-08-26T00:30:09,039[m [32mINFO  [m[[1;34mhttp-nio-8080-exec-6[m] [36mValidateCountedFractionServiceImpl[m - Start method validateQuantityFractionsV1, tradeId -> 965393
[30m2026-08-26T00:30:09,039[m [32mINFO  [m[[1;34mhttp-nio-8080-exec-6[m] [36mValidateCountedFractionServiceImpl[m - Start method validateMaximumLimitFractionsV1
[30m2026-08-26T00:30:09,039[m [32mINFO  [m[[1;34mhttp-nio-8080-exec-6[m] [36mValidateCountedFractionServiceImpl[m - Start method validateQuantityFractionsV1, tradeId -> 953196
[30m2026-08-26T00:30:09,039[m [32mINFO  [m[[1;34mhttp-nio-8080-exec-6[m] [36mValidateCountedFractionServiceImpl[m - Start method validateMaximumLimitFractionsV1
[30m2026-08-26T00:30:09,039[m [32mINFO  [m[[1;34mhttp-nio-8080-exec-6[m] [36mValidateCountedFractionServiceImpl[m - Start method validateQuantityFractionsV1, tradeId -> 965394
[30m2026-08-26T00:30:09,039[m [32mINFO  [m[[1;34mhttp-nio-8080-exec-6[m] [36mValidateCountedFractionServiceImpl[m - Start method validateMaximumLimitFractionsV1
[30m2026-08-26T00:30:09,039[m [32mINFO  [m[[1;34mhttp-nio-8080-exec-6[m] [36mValidateCountedFractionServiceImpl[m - Start method validateQuantityFractionsV1, tradeId -> 964364
[30m2026-08-26T00:30:09,039[m [32mINFO  [m[[1;34mhttp-nio-8080-exec-6[m] [36mValidateCountedFractionServiceImpl[m - Start method validateMaximumLimitFractionsV1
[30m2026-08-26T00:30:09,039[m [32mINFO  [m[[1;34mhttp-nio-8080-exec-6[m] [36mValidateCountedFractionServiceImpl[m - Start method validateQuantityFractionsV1, tradeId -> 963332
[30m2026-08-26T00:30:09,039[m [32mINFO  [m[[1;34mhttp-nio-8080-exec-6[m] [36mValidateCountedFractionServiceImpl[m - Start method validateMaximumLimitFractionsV1
[30m2026-08-26T00:30:09,039[m [32mINFO  [m[[1;34mhttp-nio-8080-exec-6[m] [36mValidateCountedFractionServiceImpl[m - Start method validateQuantityFractionsV1, tradeId -> 963337
[30m2026-08-26T00:30:09,039[m [32mINFO  [m[[1;34mhttp-nio-8080-exec-6[m] [36mValidateCountedFractionServiceImpl[m - Start method validateMaximumLimitFractionsV1
[30m2026-08-26T00:30:09,039[m [32mINFO  [m[[1;34mhttp-nio-8080-exec-6[m] [36mValidateCountedFractionServiceImpl[m - Start method validateQuantityFractionsV1, tradeId -> 965407
[30m2026-08-26T00:30:09,039[m [32mINFO  [m[[1;34mhttp-nio-8080-exec-6[m] [36mValidateCountedFractionServiceImpl[m - Start method validateMaximumLimitFractionsV1
[30m2026-08-26T00:30:09,039[m [32mINFO  [m[[1;34mhttp-nio-8080-exec-6[m] [36mValidateCountedFractionServiceImpl[m - Start method validateQuantityFractionsV1, tradeId -> 963338
[30m2026-08-26T00:30:09,039[m [32mINFO  [m[[1;34mhttp-nio-8080-exec-6[m] [36mValidateCountedFractionServiceImpl[m - Start method validateMaximumLimitFractionsV1
[30m2026-08-26T00:30:09,039[m [32mINFO  [m[[1;34mhttp-nio-8080-exec-6[m] [36mValidateCountedFractionServiceImpl[m - Start method validateQuantityFractionsV1, tradeId -> 953214
[30m2026-08-26T00:30:09,039[m [32mINFO  [m[[1;34mhttp-nio-8080-exec-6[m] [36mValidateCountedFractionServiceImpl[m - Start method validateMaximumLimitFractionsV1
[30m2026-08-26T00:30:09,039[m [32mINFO  [m[[1;34mhttp-nio-8080-exec-6[m] [36mValidateCountedFractionServiceImpl[m - Start method validateQuantityFractionsV1, tradeId -> 965408
[30m2026-08-26T00:30:09,039[m [32mINFO  [m[[1;34mhttp-nio-8080-exec-6[m] [36mValidateCountedFractionServiceImpl[m - Start method validateMaximumLimitFractionsV1
[30m2026-08-26T00:30:09,039[m [32mINFO  [m[[1;34mhttp-nio-8080-exec-6[m] [36mValidateCountedFractionServiceImpl[m - Start method validateQuantityFractionsV1, tradeId -> 964374
[30m2026-08-26T00:30:09,039[m [32mINFO  [m[[1;34mhttp-nio-8080-exec-6[m] [36mValidateCountedFractionServiceImpl[m - Start method validateMaximumLimitFractionsV1
[30m2026-08-26T00:30:09,039[m [32mINFO  [m[[1;34mhttp-nio-8080-exec-6[m] [36mFractionationCountedServiceImpl[m - PERF_ASSIGNMENT_VALIDATION_BATCH batchId=c9eeb8b3-6ccb-4e2b-8475-ae193047b655 inputCount=50 validCount=50 invalidCount=0 uniqueTrades=50 uniqueSides=1 uniqueParticipants=1 titleAccountResolutionRequests=50 titleAccountUniqueBusinessKeys=1 settlementLookupRequests=50 settlementUniqueTradeSides=50 settlementRepositoryCalls=1 settlementRowsLoaded=0 settlementPrefetchMs=3 cudLookupRequests=0 cudUniqueTradeSides=0 cudUniqueBusinessKeys=0 cudRepositoryCalls=0 cudRowsLoaded=0 cudPrefetchMs=0 tradePrefetchMs=144 sidePrefetchMs=0 participantPrefetchMs=12 accountResolutionMs=19 accountPrefetchMs=12 businessValidationMs=6 totalMs=199
[30m2026-08-26T00:30:09,039[m [32mINFO  [m[[1;34mhttp-nio-8080-exec-6[m] [36mRestClientUtils[m - Client [POST] http://operaciones-fracciones-contado-back-service/operations-fractionation-api/v1/fractionation/batch
[30m2026-08-26T00:30:10,501[m [32mINFO  [m[[1;34mhttp-nio-8080-exec-6[m] [36mFractionationCountedServiceImpl[m - PERF_ASSIGNMENT_BATCH service=cmd batchId=c9eeb8b3-6ccb-4e2b-8475-ae193047b655 mode=RAW_VALIDATED configuredMaxBatchSize=80 receivedBatchSize=50 processedCount=50 successCount=50 failureCount=0 fractionationMs=1461 totalMs=1461
[30m2026-08-26T00:30:10,501[m [32mINFO  [m[[1;34mhttp-nio-8080-exec-6[m] [36mFractionationCountedServiceImpl[m - PERF_ASSIGNMENT_BATCH service=cmd batchId=c9eeb8b3-6ccb-4e2b-8475-ae193047b655 mode=RAW configuredMaxBatchSize=80 receivedBatchSize=50 validCount=50 invalidCount=0 sentToFractionationCount=50 successCount=50 failureCount=0 totalMs=1661
[30m2026-08-26T00:30:10,503[m [32mINFO  [m[[1;34mhttp-nio-8080-exec-6[m] [36mGlobalFilter[m - Request [POST /operations-cmd-api/v1/fractionation/counted-operation/batch] completed in 1666 ms with status 200
[30m2026-08-26T00:30:10,525[m [32mINFO  [m[[1;34mhttp-nio-8080-exec-7[m] [36mGlobalFilter[m - ----------- Client User: operaciones-orquestador-ext-back ----------
[30m2026-08-26T00:30:10,690[m [32mINFO  [m[[1;34mhttp-nio-8080-exec-7[m] [36mValidateCountedFractionServiceImpl[m - Start method validateAccountFractionAssignmentV1, accountNumber -> 4021801, tradeId -> 953215, sideId -> 1, originId -> 122, isLocalCorrection -> false
[30m2026-08-26T00:30:10,691[m [32mINFO  [m[[1;34mhttp-nio-8080-exec-7[m] [36mValidateCountedFractionServiceImpl[m - Searching participant account assignment for accountNumber -> 4021801, participantId -> 15, depositoryId -> 1
[30m2026-08-26T00:30:10,696[m [32mINFO  [m[[1;34mhttp-nio-8080-exec-7[m] [36mValidateCountedFractionServiceImpl[m - No participant account found for accountNumber -> 4021801
[30m2026-08-26T00:30:10,713[m [32mINFO  [m[[1;34mhttp-nio-8080-exec-7[m] [36mValidateCountedFractionServiceImpl[m - End method validateAccountFractionAssignmentV1, fractionAccountOutDto -> FractionAccountOutDto(participantAccount=null, investorAccount=InvestorAccountOutDto(id=57, investor=InvestorOutDto(id=167, code=CL00000001, firstName=Prueba Nombre 1, lastName=Prueba Nombre 2, companyName=TERCERO3509748, type=TypeOutDto(id=2, description=JURIDICO, category=PERSONA), status=StatusOutDto(id=515, description=ACTIVO, category=INVERSIONISTA, shortName=null), country=CountryOutDto(id=35, code=CL, name=CHILE, currency=CurrencyOutDto(id=30, code=CLP, name=PESO CHILENO), timeZone=UTC -3), documentNumber=8605303170, identificationType=IdentificationTypeOutDto(id=5, description=CEDULA DE CIUDADANÍA, code=CC), nationality=35, clearinghouseCode=null, gics=null, moneyLaunderingFlag=null, taxStatus=null), accountNumber=4021801, accountName=AMBIENTE 3  PRUEBA 3, status=StatusOutDto(id=570, description=ACTIVO, category=CUENTA_INVERSIONISTA, shortName=null), originType=TypeOutDto(id=120, description=TERCEROS, category=ORIGEN PUNTA), type=TypeOutDto(id=26, description=CUENTA DEPOSITO, category=CUENTA DEPOSITO), depository=DepositoryOutDto(id=1, description=DVL), participant=null, taxExemp=false), sourceQuoteType=TypeOutDto(id=120, description=TERCEROS, category=ORIGEN PUNTA), fiduciarySpecialist=false, jointAccount=false, masterAccount=false, custodian=null, milaDirectDepositor=null)
[30m2026-08-26T00:30:10,736[m [32mINFO  [m[[1;34mhttp-nio-8080-exec-7[m] [36mValidateCountedFractionServiceImpl[m - Start method validateQuantityFractionsV1, tradeId -> 953215
[30m2026-08-26T00:30:10,737[m [32mINFO  [m[[1;34mhttp-nio-8080-exec-7[m] [36mValidateCountedFractionServiceImpl[m - Start method validateMaximumLimitFractionsV1
[30m2026-08-26T00:30:10,737[m [32mINFO  [m[[1;34mhttp-nio-8080-exec-7[m] [36mValidateCountedFractionServiceImpl[m - Start method validateQuantityFractionsV1, tradeId -> 953216
[30m2026-08-26T00:30:10,737[m [32mINFO  [m[[1;34mhttp-nio-8080-exec-7[m] [36mValidateCountedFractionServiceImpl[m - Start method validateMaximumLimitFractionsV1
[30m2026-08-26T00:30:10,737[m [32mINFO  [m[[1;34mhttp-nio-8080-exec-7[m] [36mValidateCountedFractionServiceImpl[m - Start method validateQuantityFractionsV1, tradeId -> 963345
[30m2026-08-26T00:30:10,737[m [32mINFO  [m[[1;34mhttp-nio-8080-exec-7[m] [36mValidateCountedFractionServiceImpl[m - Start method validateMaximumLimitFractionsV1
[30m2026-08-26T00:30:10,737[m [32mINFO  [m[[1;34mhttp-nio-8080-exec-7[m] [36mValidateCountedFractionServiceImpl[m - Start method validateQuantityFractionsV1, tradeId -> 957491
[30m2026-08-26T00:30:10,737[m [32mINFO  [m[[1;34mhttp-nio-8080-exec-7[m] [36mValidateCountedFractionServiceImpl[m - Start method validateMaximumLimitFractionsV1
[30m2026-08-26T00:30:10,737[m [32mINFO  [m[[1;34mhttp-nio-8080-exec-7[m] [36mValidateCountedFractionServiceImpl[m - Start method validateQuantityFractionsV1, tradeId -> 965415
[30m2026-08-26T00:30:10,738[m [32mINFO  [m[[1;34mhttp-nio-8080-exec-7[m] [36mValidateCountedFractionServiceImpl[m - Start method validateMaximumLimitFractionsV1
[30m2026-08-26T00:30:10,738[m [32mINFO  [m[[1;34mhttp-nio-8080-exec-7[m] [36mValidateCountedFractionServiceImpl[m - Start method validateQuantityFractionsV1, tradeId -> 964376
[30m2026-08-26T00:30:10,738[m [32mINFO  [m[[1;34mhttp-nio-8080-exec-7[m] [36mValidateCountedFractionServiceImpl[m - Start method validateMaximumLimitFractionsV1
[30m2026-08-26T00:30:10,738[m [32mINFO  [m[[1;34mhttp-nio-8080-exec-7[m] [36mValidateCountedFractionServiceImpl[m - Start method validateQuantityFractionsV1, tradeId -> 964377
[30m2026-08-26T00:30:10,738[m [32mINFO  [m[[1;34mhttp-nio-8080-exec-7[m] [36mValidateCountedFractionServiceImpl[m - Start method validateMaximumLimitFractionsV1
[30m2026-08-26T00:30:10,738[m [32mINFO  [m[[1;34mhttp-nio-8080-exec-7[m] [36mValidateCountedFractionServiceImpl[m - Start method validateQuantityFractionsV1, tradeId -> 963346
[30m2026-08-26T00:30:10,738[m [32mINFO  [m[[1;34mhttp-nio-8080-exec-7[m] [36mValidateCountedFractionServiceImpl[m - Start method validateMaximumLimitFractionsV1
[30m2026-08-26T00:30:10,738[m [32mINFO  [m[[1;34mhttp-nio-8080-exec-7[m] [36mValidateCountedFractionServiceImpl[m - Start method validateQuantityFractionsV1, tradeId -> 953224
[30m2026-08-26T00:30:10,738[m [32mINFO  [m[[1;34mhttp-nio-8080-exec-7[m] [36mValidateCountedFractionServiceImpl[m - Start method validateMaximumLimitFractionsV1
[30m2026-08-26T00:30:10,738[m [32mINFO  [m[[1;34mhttp-nio-8080-exec-7[m] [36mValidateCountedFractionServiceImpl[m - Start method validateQuantityFractionsV1, tradeId -> 964378
[30m2026-08-26T00:30:10,738[m [32mINFO  [m[[1;34mhttp-nio-8080-exec-7[m] [36mValidateCountedFractionServiceImpl[m - Start method validateMaximumLimitFractionsV1
[30m2026-08-26T00:30:10,738[m [32mINFO  [m[[1;34mhttp-nio-8080-exec-7[m] [36mValidateCountedFractionServiceImpl[m - Start method validateQuantityFractionsV1, tradeId -> 965416
[30m2026-08-26T00:30:10,738[m [32mINFO  [m[[1;34mhttp-nio-8080-exec-7[m] [36mValidateCountedFractionServiceImpl[m - Start method validateMaximumLimitFractionsV1
[30m2026-08-26T00:30:10,738[m [32mINFO  [m[[1;34mhttp-nio-8080-exec-7[m] [36mValidateCountedFractionServiceImpl[m - Start method validateQuantityFractionsV1, tradeId -> 953225
[30m2026-08-26T00:30:10,738[m [32mINFO  [m[[1;34mhttp-nio-8080-exec-7[m] [36mValidateCountedFractionServiceImpl[m - Start method validateMaximumLimitFractionsV1
[30m2026-08-26T00:30:10,738[m [32mINFO  [m[[1;34mhttp-nio-8080-exec-7[m] [36mValidateCountedFractionServiceImpl[m - Start method validateQuantityFractionsV1, tradeId -> 963351
[30m2026-08-26T00:30:10,738[m [32mINFO  [m[[1;34mhttp-nio-8080-exec-7[m] [36mValidateCountedFractionServiceImpl[m - Start method validateMaximumLimitFractionsV1
[30m2026-08-26T00:30:10,738[m [32mINFO  [m[[1;34mhttp-nio-8080-exec-7[m] [36mValidateCountedFractionServiceImpl[m - Start method validateQuantityFractionsV1, tradeId -> 953233
[30m2026-08-26T00:30:10,738[m [32mINFO  [m[[1;34mhttp-nio-8080-exec-7[m] [36mValidateCountedFractionServiceImpl[m - Start method validateMaximumLimitFractionsV1
[30m2026-08-26T00:30:10,738[m [32mINFO  [m[[1;34mhttp-nio-8080-exec-7[m] [36mValidateCountedFractionServiceImpl[m - Start method validateQuantityFractionsV1, tradeId -> 963352
[30m2026-08-26T00:30:10,738[m [32mINFO  [m[[1;34mhttp-nio-8080-exec-7[m] [36mValidateCountedFractionServiceImpl[m - Start method validateMaximumLimitFractionsV1
[30m2026-08-26T00:30:10,738[m [32mINFO  [m[[1;34mhttp-nio-8080-exec-7[m] [36mValidateCountedFractionServiceImpl[m - Start method validateQuantityFractionsV1, tradeId -> 957495
[30m2026-08-26T00:30:10,739[m [32mINFO  [m[[1;34mhttp-nio-8080-exec-7[m] [36mValidateCountedFractionServiceImpl[m - Start method validateMaximumLimitFractionsV1
[30m2026-08-26T00:30:10,739[m [32mINFO  [m[[1;34mhttp-nio-8080-exec-7[m] [36mValidateCountedFractionServiceImpl[m - Start method validateQuantityFractionsV1, tradeId -> 965419
[30m2026-08-26T00:30:10,739[m [32mINFO  [m[[1;34mhttp-nio-8080-exec-7[m] [36mValidateCountedFractionServiceImpl[m - Start method validateMaximumLimitFractionsV1
[30m2026-08-26T00:30:10,739[m [32mINFO  [m[[1;34mhttp-nio-8080-exec-7[m] [36mValidateCountedFractionServiceImpl[m - Start method validateQuantityFractionsV1, tradeId -> 965420
[30m2026-08-26T00:30:10,739[m [32mINFO  [m[[1;34mhttp-nio-8080-exec-7[m] [36mValidateCountedFractionServiceImpl[m - Start method validateMaximumLimitFractionsV1
[30m2026-08-26T00:30:10,739[m [32mINFO  [m[[1;34mhttp-nio-8080-exec-7[m] [36mValidateCountedFractionServiceImpl[m - Start method validateQuantityFractionsV1, tradeId -> 964380
[30m2026-08-26T00:30:10,739[m [32mINFO  [m[[1;34mhttp-nio-8080-exec-7[m] [36mValidateCountedFractionServiceImpl[m - Start method validateMaximumLimitFractionsV1
[30m2026-08-26T00:30:10,739[m [32mINFO  [m[[1;34mhttp-nio-8080-exec-7[m] [36mValidateCountedFractionServiceImpl[m - Start method validateQuantityFractionsV1, tradeId -> 965421
[30m2026-08-26T00:30:10,739[m [32mINFO  [m[[1;34mhttp-nio-8080-exec-7[m] [36mValidateCountedFractionServiceImpl[m - Start method validateMaximumLimitFractionsV1
[30m2026-08-26T00:30:10,739[m [32mINFO  [m[[1;34mhttp-nio-8080-exec-7[m] [36mValidateCountedFractionServiceImpl[m - Start method validateQuantityFractionsV1, tradeId -> 953234
[30m2026-08-26T00:30:10,739[m [32mINFO  [m[[1;34mhttp-nio-8080-exec-7[m] [36mValidateCountedFractionServiceImpl[m - Start method validateMaximumLimitFractionsV1
[30m2026-08-26T00:30:10,739[m [32mINFO  [m[[1;34mhttp-nio-8080-exec-7[m] [36mValidateCountedFractionServiceImpl[m - Start method validateQuantityFractionsV1, tradeId -> 964381
[30m2026-08-26T00:30:10,739[m [32mINFO  [m[[1;34mhttp-nio-8080-exec-7[m] [36mValidateCountedFractionServiceImpl[m - Start method validateMaximumLimitFractionsV1
[30m2026-08-26T00:30:10,739[m [32mINFO  [m[[1;34mhttp-nio-8080-exec-7[m] [36mValidateCountedFractionServiceImpl[m - Start method validateQuantityFractionsV1, tradeId -> 957496
[30m2026-08-26T00:30:10,739[m [32mINFO  [m[[1;34mhttp-nio-8080-exec-7[m] [36mValidateCountedFractionServiceImpl[m - Start method validateMaximumLimitFractionsV1
[30m2026-08-26T00:30:10,739[m [32mINFO  [m[[1;34mhttp-nio-8080-exec-7[m] [36mValidateCountedFractionServiceImpl[m - Start method validateQuantityFractionsV1, tradeId -> 957497
[30m2026-08-26T00:30:10,739[m [32mINFO  [m[[1;34mhttp-nio-8080-exec-7[m] [36mValidateCountedFractionServiceImpl[m - Start method validateMaximumLimitFractionsV1
[30m2026-08-26T00:30:10,739[m [32mINFO  [m[[1;34mhttp-nio-8080-exec-7[m] [36mValidateCountedFractionServiceImpl[m - Start method validateQuantityFractionsV1, tradeId -> 957498
[30m2026-08-26T00:30:10,739[m [32mINFO  [m[[1;34mhttp-nio-8080-exec-7[m] [36mValidateCountedFractionServiceImpl[m - Start method validateMaximumLimitFractionsV1
[30m2026-08-26T00:30:10,739[m [32mINFO  [m[[1;34mhttp-nio-8080-exec-7[m] [36mValidateCountedFractionServiceImpl[m - Start method validateQuantityFractionsV1, tradeId -> 963357
[30m2026-08-26T00:30:10,739[m [32mINFO  [m[[1;34mhttp-nio-8080-exec-7[m] [36mValidateCountedFractionServiceImpl[m - Start method validateMaximumLimitFractionsV1
[30m2026-08-26T00:30:10,739[m [32mINFO  [m[[1;34mhttp-nio-8080-exec-7[m] [36mValidateCountedFractionServiceImpl[m - Start method validateQuantityFractionsV1, tradeId -> 963358
[30m2026-08-26T00:30:10,739[m [32mINFO  [m[[1;34mhttp-nio-8080-exec-7[m] [36mValidateCountedFractionServiceImpl[m - Start method validateMaximumLimitFractionsV1
[30m2026-08-26T00:30:10,739[m [32mINFO  [m[[1;34mhttp-nio-8080-exec-7[m] [36mValidateCountedFractionServiceImpl[m - Start method validateQuantityFractionsV1, tradeId -> 957504
[30m2026-08-26T00:30:10,739[m [32mINFO  [m[[1;34mhttp-nio-8080-exec-7[m] [36mValidateCountedFractionServiceImpl[m - Start method validateMaximumLimitFractionsV1
[30m2026-08-26T00:30:10,739[m [32mINFO  [m[[1;34mhttp-nio-8080-exec-7[m] [36mValidateCountedFractionServiceImpl[m - Start method validateQuantityFractionsV1, tradeId -> 963360
[30m2026-08-26T00:30:10,739[m [32mINFO  [m[[1;34mhttp-nio-8080-exec-7[m] [36mValidateCountedFractionServiceImpl[m - Start method validateMaximumLimitFractionsV1
[30m2026-08-26T00:30:10,739[m [32mINFO  [m[[1;34mhttp-nio-8080-exec-7[m] [36mValidateCountedFractionServiceImpl[m - Start method validateQuantityFractionsV1, tradeId -> 953246
[30m2026-08-26T00:30:10,739[m [32mINFO  [m[[1;34mhttp-nio-8080-exec-7[m] [36mValidateCountedFractionServiceImpl[m - Start method validateMaximumLimitFractionsV1
[30m2026-08-26T00:30:10,739[m [32mINFO  [m[[1;34mhttp-nio-8080-exec-7[m] [36mValidateCountedFractionServiceImpl[m - Start method validateQuantityFractionsV1, tradeId -> 963363
[30m2026-08-26T00:30:10,739[m [32mINFO  [m[[1;34mhttp-nio-8080-exec-7[m] [36mValidateCountedFractionServiceImpl[m - Start method validateMaximumLimitFractionsV1
[30m2026-08-26T00:30:10,739[m [32mINFO  [m[[1;34mhttp-nio-8080-exec-7[m] [36mValidateCountedFractionServiceImpl[m - Start method validateQuantityFractionsV1, tradeId -> 963364
[30m2026-08-26T00:30:10,739[m [32mINFO  [m[[1;34mhttp-nio-8080-exec-7[m] [36mValidateCountedFractionServiceImpl[m - Start method validateMaximumLimitFractionsV1
[30m2026-08-26T00:30:10,739[m [32mINFO  [m[[1;34mhttp-nio-8080-exec-7[m] [36mValidateCountedFractionServiceImpl[m - Start method validateQuantityFractionsV1, tradeId -> 963365
[30m2026-08-26T00:30:10,739[m [32mINFO  [m[[1;34mhttp-nio-8080-exec-7[m] [36mValidateCountedFractionServiceImpl[m - Start method validateMaximumLimitFractionsV1
[30m2026-08-26T00:30:10,740[m [32mINFO  [m[[1;34mhttp-nio-8080-exec-7[m] [36mValidateCountedFractionServiceImpl[m - Start method validateQuantityFractionsV1, tradeId -> 965432
[30m2026-08-26T00:30:10,740[m [32mINFO  [m[[1;34mhttp-nio-8080-exec-7[m] [36mValidateCountedFractionServiceImpl[m - Start method validateMaximumLimitFractionsV1
[30m2026-08-26T00:30:10,740[m [32mINFO  [m[[1;34mhttp-nio-8080-exec-7[m] [36mValidateCountedFractionServiceImpl[m - Start method validateQuantityFractionsV1, tradeId -> 964394
[30m2026-08-26T00:30:10,740[m [32mINFO  [m[[1;34mhttp-nio-8080-exec-7[m] [36mValidateCountedFractionServiceImpl[m - Start method validateMaximumLimitFractionsV1
[30m2026-08-26T00:30:10,740[m [32mINFO  [m[[1;34mhttp-nio-8080-exec-7[m] [36mValidateCountedFractionServiceImpl[m - Start method validateQuantityFractionsV1, tradeId -> 965433
[30m2026-08-26T00:30:10,740[m [32mINFO  [m[[1;34mhttp-nio-8080-exec-7[m] [36mValidateCountedFractionServiceImpl[m - Start method validateMaximumLimitFractionsV1
[30m2026-08-26T00:30:10,740[m [32mINFO  [m[[1;34mhttp-nio-8080-exec-7[m] [36mValidateCountedFractionServiceImpl[m - Start method validateQuantityFractionsV1, tradeId -> 953249
[30m2026-08-26T00:30:10,740[m [32mINFO  [m[[1;34mhttp-nio-8080-exec-7[m] [36mValidateCountedFractionServiceImpl[m - Start method validateMaximumLimitFractionsV1
[30m2026-08-26T00:30:10,740[m [32mINFO  [m[[1;34mhttp-nio-8080-exec-7[m] [36mValidateCountedFractionServiceImpl[m - Start method validateQuantityFractionsV1, tradeId -> 965434
[30m2026-08-26T00:30:10,740[m [32mINFO  [m[[1;34mhttp-nio-8080-exec-7[m] [36mValidateCountedFractionServiceImpl[m - Start method validateMaximumLimitFractionsV1
[30m2026-08-26T00:30:10,740[m [32mINFO  [m[[1;34mhttp-nio-8080-exec-7[m] [36mValidateCountedFractionServiceImpl[m - Start method validateQuantityFractionsV1, tradeId -> 957511
[30m2026-08-26T00:30:10,740[m [32mINFO  [m[[1;34mhttp-nio-8080-exec-7[m] [36mValidateCountedFractionServiceImpl[m - Start method validateMaximumLimitFractionsV1
[30m2026-08-26T00:30:10,740[m [32mINFO  [m[[1;34mhttp-nio-8080-exec-7[m] [36mValidateCountedFractionServiceImpl[m - Start method validateQuantityFractionsV1, tradeId -> 957512
[30m2026-08-26T00:30:10,740[m [32mINFO  [m[[1;34mhttp-nio-8080-exec-7[m] [36mValidateCountedFractionServiceImpl[m - Start method validateMaximumLimitFractionsV1
[30m2026-08-26T00:30:10,740[m [32mINFO  [m[[1;34mhttp-nio-8080-exec-7[m] [36mValidateCountedFractionServiceImpl[m - Start method validateQuantityFractionsV1, tradeId -> 965435
[30m2026-08-26T00:30:10,741[m [32mINFO  [m[[1;34mhttp-nio-8080-exec-7[m] [36mValidateCountedFractionServiceImpl[m - Start method validateMaximumLimitFractionsV1
[30m2026-08-26T00:30:10,741[m [32mINFO  [m[[1;34mhttp-nio-8080-exec-7[m] [36mValidateCountedFractionServiceImpl[m - Start method validateQuantityFractionsV1, tradeId -> 965436
[30m2026-08-26T00:30:10,741[m [32mINFO  [m[[1;34mhttp-nio-8080-exec-7[m] [36mValidateCountedFractionServiceImpl[m - Start method validateMaximumLimitFractionsV1
[30m2026-08-26T00:30:10,741[m [32mINFO  [m[[1;34mhttp-nio-8080-exec-7[m] [36mValidateCountedFractionServiceImpl[m - Start method validateQuantityFractionsV1, tradeId -> 957525
[30m2026-08-26T00:30:10,741[m [32mINFO  [m[[1;34mhttp-nio-8080-exec-7[m] [36mValidateCountedFractionServiceImpl[m - Start method validateMaximumLimitFractionsV1
[30m2026-08-26T00:30:10,741[m [32mINFO  [m[[1;34mhttp-nio-8080-exec-7[m] [36mValidateCountedFractionServiceImpl[m - Start method validateQuantityFractionsV1, tradeId -> 963366
[30m2026-08-26T00:30:10,741[m [32mINFO  [m[[1;34mhttp-nio-8080-exec-7[m] [36mValidateCountedFractionServiceImpl[m - Start method validateMaximumLimitFractionsV1
[30m2026-08-26T00:30:10,741[m [32mINFO  [m[[1;34mhttp-nio-8080-exec-7[m] [36mValidateCountedFractionServiceImpl[m - Start method validateQuantityFractionsV1, tradeId -> 957526
[30m2026-08-26T00:30:10,741[m [32mINFO  [m[[1;34mhttp-nio-8080-exec-7[m] [36mValidateCountedFractionServiceImpl[m - Start method validateMaximumLimitFractionsV1
[30m2026-08-26T00:30:10,741[m [32mINFO  [m[[1;34mhttp-nio-8080-exec-7[m] [36mValidateCountedFractionServiceImpl[m - Start method validateQuantityFractionsV1, tradeId -> 963367
[30m2026-08-26T00:30:10,741[m [32mINFO  [m[[1;34mhttp-nio-8080-exec-7[m] [36mValidateCountedFractionServiceImpl[m - Start method validateMaximumLimitFractionsV1
[30m2026-08-26T00:30:10,741[m [32mINFO  [m[[1;34mhttp-nio-8080-exec-7[m] [36mValidateCountedFractionServiceImpl[m - Start method validateQuantityFractionsV1, tradeId -> 964395
[30m2026-08-26T00:30:10,741[m [32mINFO  [m[[1;34mhttp-nio-8080-exec-7[m] [36mValidateCountedFractionServiceImpl[m - Start method validateMaximumLimitFractionsV1
[30m2026-08-26T00:30:10,741[m [32mINFO  [m[[1;34mhttp-nio-8080-exec-7[m] [36mValidateCountedFractionServiceImpl[m - Start method validateQuantityFractionsV1, tradeId -> 963368
[30m2026-08-26T00:30:10,741[m [32mINFO  [m[[1;34mhttp-nio-8080-exec-7[m] [36mValidateCountedFractionServiceImpl[m - Start method validateMaximumLimitFractionsV1
[30m2026-08-26T00:30:10,741[m [32mINFO  [m[[1;34mhttp-nio-8080-exec-7[m] [36mValidateCountedFractionServiceImpl[m - Start method validateQuantityFractionsV1, tradeId -> 965437
[30m2026-08-26T00:30:10,741[m [32mINFO  [m[[1;34mhttp-nio-8080-exec-7[m] [36mValidateCountedFractionServiceImpl[m - Start method validateMaximumLimitFractionsV1
[30m2026-08-26T00:30:10,742[m [32mINFO  [m[[1;34mhttp-nio-8080-exec-7[m] [36mValidateCountedFractionServiceImpl[m - Start method validateQuantityFractionsV1, tradeId -> 965438
[30m2026-08-26T00:30:10,742[m [32mINFO  [m[[1;34mhttp-nio-8080-exec-7[m] [36mValidateCountedFractionServiceImpl[m - Start method validateMaximumLimitFractionsV1
[30m2026-08-26T00:30:10,742[m [32mINFO  [m[[1;34mhttp-nio-8080-exec-7[m] [36mFractionationCountedServiceImpl[m - PERF_ASSIGNMENT_VALIDATION_BATCH batchId=a580adb2-01a4-4aa7-8d7c-5a22deb5fe44 inputCount=50 validCount=50 invalidCount=0 uniqueTrades=50 uniqueSides=1 uniqueParticipants=1 titleAccountResolutionRequests=50 titleAccountUniqueBusinessKeys=1 settlementLookupRequests=50 settlementUniqueTradeSides=50 settlementRepositoryCalls=1 settlementRowsLoaded=0 settlementPrefetchMs=4 cudLookupRequests=0 cudUniqueTradeSides=0 cudUniqueBusinessKeys=0 cudRepositoryCalls=0 cudRowsLoaded=0 cudPrefetchMs=0 tradePrefetchMs=149 sidePrefetchMs=0 participantPrefetchMs=13 accountResolutionMs=23 accountPrefetchMs=14 businessValidationMs=8 totalMs=214
[30m2026-08-26T00:30:10,742[m [32mINFO  [m[[1;34mhttp-nio-8080-exec-7[m] [36mRestClientUtils[m - Client [POST] http://operaciones-fracciones-contado-back-service/operations-fractionation-api/v1/fractionation/batch
[30m2026-08-26T00:30:12,228[m [32mINFO  [m[[1;34mhttp-nio-8080-exec-7[m] [36mFractionationCountedServiceImpl[m - PERF_ASSIGNMENT_BATCH service=cmd batchId=a580adb2-01a4-4aa7-8d7c-5a22deb5fe44 mode=RAW_VALIDATED configuredMaxBatchSize=80 receivedBatchSize=50 processedCount=50 successCount=50 failureCount=0 fractionationMs=1486 totalMs=1486
[30m2026-08-26T00:30:12,229[m [32mINFO  [m[[1;34mhttp-nio-8080-exec-7[m] [36mFractionationCountedServiceImpl[m - PERF_ASSIGNMENT_BATCH service=cmd batchId=a580adb2-01a4-4aa7-8d7c-5a22deb5fe44 mode=RAW configuredMaxBatchSize=80 receivedBatchSize=50 validCount=50 invalidCount=0 sentToFractionationCount=50 successCount=50 failureCount=0 totalMs=1701
[30m2026-08-26T00:30:12,231[m [32mINFO  [m[[1;34mhttp-nio-8080-exec-7[m] [36mGlobalFilter[m - Request [POST /operations-cmd-api/v1/fractionation/counted-operation/batch] completed in 1706 ms with status 200
