[30m2026-08-27T14:36:30,981[m [32mINFO  [m[[1;34mhttp-nio-8080-exec-9[m] [36mValidateCountedFractionServiceImpl[m - Start method validateAccountFractionAssignmentV1, accountNumber -> 4021801, tradeId -> 1075596, sideId -> 1, originId -> 122, isLocalCorrection -> false
[30m2026-08-27T14:36:30,982[m [32mINFO  [m[[1;34mhttp-nio-8080-exec-9[m] [36mValidateCountedFractionServiceImpl[m - Searching participant account assignment for accountNumber -> 4021801, participantId -> 15, depositoryId -> 1
[30m2026-08-27T14:36:30,989[m [32mINFO  [m[[1;34mhttp-nio-8080-exec-9[m] [36mValidateCountedFractionServiceImpl[m - No participant account found for accountNumber -> 4021801
[30m2026-08-27T14:36:31,011[m [32mINFO  [m[[1;34mhttp-nio-8080-exec-9[m] [36mValidateCountedFractionServiceImpl[m - End method validateAccountFractionAssignmentV1, fractionAccountOutDto -> FractionAccountOutDto(participantAccount=null, investorAccount=InvestorAccountOutDto(id=57, investor=InvestorOutDto(id=167, code=CL00000001, firstName=Prueba Nombre 1, lastName=Prueba Nombre 2, companyName=TERCERO3509748, type=TypeOutDto(id=2, description=JURIDICO, category=PERSONA), status=StatusOutDto(id=515, description=ACTIVO, category=INVERSIONISTA, shortName=null), country=CountryOutDto(id=35, code=CL, name=CHILE, currency=CurrencyOutDto(id=30, code=CLP, name=PESO CHILENO), timeZone=UTC -3), documentNumber=8605303170, identificationType=IdentificationTypeOutDto(id=5, description=CEDULA DE CIUDADANÍA, code=CC), nationality=35, clearinghouseCode=null, gics=null, moneyLaunderingFlag=null, taxStatus=null), accountNumber=4021801, accountName=AMBIENTE 3  PRUEBA 3, status=StatusOutDto(id=570, description=ACTIVO, category=CUENTA_INVERSIONISTA, shortName=null), originType=TypeOutDto(id=120, description=TERCEROS, category=ORIGEN PUNTA), type=TypeOutDto(id=26, description=CUENTA DEPOSITO, category=CUENTA DEPOSITO), depository=DepositoryOutDto(id=1, description=DVL), participant=null, taxExemp=false), sourceQuoteType=TypeOutDto(id=120, description=TERCEROS, category=ORIGEN PUNTA), fiduciarySpecialist=false, jointAccount=false, masterAccount=false, custodian=null, milaDirectDepositor=null)
[30m2026-08-27T14:36:31,041[m [32mINFO  [m[[1;34mhttp-nio-8080-exec-9[m] [36mValidateCountedFractionServiceImpl[m - Start method validateQuantityFractionsV1, tradeId -> 1075596
[30m2026-08-27T14:36:31,041[m [32mINFO  [m[[1;34mhttp-nio-8080-exec-9[m] [36mValidateCountedFractionServiceImpl[m - Start method validateMaximumLimitFractionsV1
[30m2026-08-27T14:36:31,041[m [32mINFO  [m[[1;34mhttp-nio-8080-exec-9[m] [36mValidateCountedFractionServiceImpl[m - Start method validateQuantityFractionsV1, tradeId -> 1075597
[30m2026-08-27T14:36:31,041[m [32mINFO  [m[[1;34mhttp-nio-8080-exec-9[m] [36mValidateCountedFractionServiceImpl[m - Start method validateMaximumLimitFractionsV1
[30m2026-08-27T14:36:31,041[m [32mINFO  [m[[1;34mhttp-nio-8080-exec-9[m] [36mValidateCountedFractionServiceImpl[m - Start method validateQuantityFractionsV1, tradeId -> 1075598
[30m2026-08-27T14:36:31,041[m [32mINFO  [m[[1;34mhttp-nio-8080-exec-9[m] [36mValidateCountedFractionServiceImpl[m - Start method validateMaximumLimitFractionsV1
[30m2026-08-27T14:36:31,041[m [32mINFO  [m[[1;34mhttp-nio-8080-exec-9[m] [36mValidateCountedFractionServiceImpl[m - Start method validateQuantityFractionsV1, tradeId -> 1074845
[30m2026-08-27T14:36:31,041[m [32mINFO  [m[[1;34mhttp-nio-8080-exec-9[m] [36mValidateCountedFractionServiceImpl[m - Start method validateMaximumLimitFractionsV1
[30m2026-08-27T14:36:31,041[m [32mINFO  [m[[1;34mhttp-nio-8080-exec-9[m] [36mValidateCountedFractionServiceImpl[m - Start method validateQuantityFractionsV1, tradeId -> 1074804
[30m2026-08-27T14:36:31,041[m [32mINFO  [m[[1;34mhttp-nio-8080-exec-9[m] [36mValidateCountedFractionServiceImpl[m - Start method validateMaximumLimitFractionsV1
[30m2026-08-27T14:36:31,042[m [32mINFO  [m[[1;34mhttp-nio-8080-exec-9[m] [36mValidateCountedFractionServiceImpl[m - Start method validateQuantityFractionsV1, tradeId -> 1074851
[30m2026-08-27T14:36:31,042[m [32mINFO  [m[[1;34mhttp-nio-8080-exec-9[m] [36mValidateCountedFractionServiceImpl[m - Start method validateMaximumLimitFractionsV1
[30m2026-08-27T14:36:31,043[m [32mINFO  [m[[1;34mhttp-nio-8080-exec-9[m] [36mValidateCountedFractionServiceImpl[m - Start method validateQuantityFractionsV1, tradeId -> 1068688
[30m2026-08-27T14:36:31,044[m [32mINFO  [m[[1;34mhttp-nio-8080-exec-9[m] [36mValidateCountedFractionServiceImpl[m - Start method validateMaximumLimitFractionsV1
[30m2026-08-27T14:36:31,044[m [32mINFO  [m[[1;34mhttp-nio-8080-exec-9[m] [36mValidateCountedFractionServiceImpl[m - Start method validateQuantityFractionsV1, tradeId -> 1075602
[30m2026-08-27T14:36:31,044[m [32mINFO  [m[[1;34mhttp-nio-8080-exec-9[m] [36mValidateCountedFractionServiceImpl[m - Start method validateMaximumLimitFractionsV1
[30m2026-08-27T14:36:31,044[m [32mINFO  [m[[1;34mhttp-nio-8080-exec-9[m] [36mValidateCountedFractionServiceImpl[m - Start method validateQuantityFractionsV1, tradeId -> 1076316
[30m2026-08-27T14:36:31,044[m [32mINFO  [m[[1;34mhttp-nio-8080-exec-9[m] [36mValidateCountedFractionServiceImpl[m - Start method validateMaximumLimitFractionsV1
[30m2026-08-27T14:36:31,052[m [32mINFO  [m[[1;34mhttp-nio-8080-exec-9[m] [36mValidateCountedFractionServiceImpl[m - Start method validateQuantityFractionsV1, tradeId -> 1075603
[30m2026-08-27T14:36:31,052[m [32mINFO  [m[[1;34mhttp-nio-8080-exec-9[m] [36mValidateCountedFractionServiceImpl[m - Start method validateMaximumLimitFractionsV1
[30m2026-08-27T14:36:31,053[m [32mINFO  [m[[1;34mhttp-nio-8080-exec-9[m] [36mValidateCountedFractionServiceImpl[m - Start method validateQuantityFractionsV1, tradeId -> 1076317
[30m2026-08-27T14:36:31,053[m [32mINFO  [m[[1;34mhttp-nio-8080-exec-9[m] [36mValidateCountedFractionServiceImpl[m - Start method validateMaximumLimitFractionsV1
[30m2026-08-27T14:36:31,053[m [32mINFO  [m[[1;34mhttp-nio-8080-exec-9[m] [36mValidateCountedFractionServiceImpl[m - Start method validateQuantityFractionsV1, tradeId -> 1076318
[30m2026-08-27T14:36:31,053[m [32mINFO  [m[[1;34mhttp-nio-8080-exec-9[m] [36mValidateCountedFractionServiceImpl[m - Start method validateMaximumLimitFractionsV1
[30m2026-08-27T14:36:31,053[m [32mINFO  [m[[1;34mhttp-nio-8080-exec-9[m] [36mValidateCountedFractionServiceImpl[m - Start method validateQuantityFractionsV1, tradeId -> 1075604
[30m2026-08-27T14:36:31,053[m [32mINFO  [m[[1;34mhttp-nio-8080-exec-9[m] [36mValidateCountedFractionServiceImpl[m - Start method validateMaximumLimitFractionsV1
[30m2026-08-27T14:36:31,053[m [32mINFO  [m[[1;34mhttp-nio-8080-exec-9[m] [36mValidateCountedFractionServiceImpl[m - Start method validateQuantityFractionsV1, tradeId -> 1074852
[30m2026-08-27T14:36:31,053[m [32mINFO  [m[[1;34mhttp-nio-8080-exec-9[m] [36mValidateCountedFractionServiceImpl[m - Start method validateMaximumLimitFractionsV1
[30m2026-08-27T14:36:31,053[m [32mINFO  [m[[1;34mhttp-nio-8080-exec-9[m] [36mValidateCountedFractionServiceImpl[m - Start method validateQuantityFractionsV1, tradeId -> 1068689
[30m2026-08-27T14:36:31,053[m [32mINFO  [m[[1;34mhttp-nio-8080-exec-9[m] [36mValidateCountedFractionServiceImpl[m - Start method validateMaximumLimitFractionsV1
[30m2026-08-27T14:36:31,053[m [32mINFO  [m[[1;34mhttp-nio-8080-exec-9[m] [36mValidateCountedFractionServiceImpl[m - Start method validateQuantityFractionsV1, tradeId -> 1074807
[30m2026-08-27T14:36:31,053[m [32mINFO  [m[[1;34mhttp-nio-8080-exec-9[m] [36mValidateCountedFractionServiceImpl[m - Start method validateMaximumLimitFractionsV1
[30m2026-08-27T14:36:31,053[m [32mINFO  [m[[1;34mhttp-nio-8080-exec-9[m] [36mValidateCountedFractionServiceImpl[m - Start method validateQuantityFractionsV1, tradeId -> 1075607
[30m2026-08-27T14:36:31,053[m [32mINFO  [m[[1;34mhttp-nio-8080-exec-9[m] [36mValidateCountedFractionServiceImpl[m - Start method validateMaximumLimitFractionsV1
[30m2026-08-27T14:36:31,053[m [32mINFO  [m[[1;34mhttp-nio-8080-exec-9[m] [36mValidateCountedFractionServiceImpl[m - Start method validateQuantityFractionsV1, tradeId -> 1068692
[30m2026-08-27T14:36:31,053[m [32mINFO  [m[[1;34mhttp-nio-8080-exec-9[m] [36mValidateCountedFractionServiceImpl[m - Start method validateMaximumLimitFractionsV1
[30m2026-08-27T14:36:31,053[m [32mINFO  [m[[1;34mhttp-nio-8080-exec-9[m] [36mValidateCountedFractionServiceImpl[m - Start method validateQuantityFractionsV1, tradeId -> 1067100
[30m2026-08-27T14:36:31,053[m [32mINFO  [m[[1;34mhttp-nio-8080-exec-9[m] [36mValidateCountedFractionServiceImpl[m - Start method validateMaximumLimitFractionsV1
[30m2026-08-27T14:36:31,053[m [32mINFO  [m[[1;34mhttp-nio-8080-exec-9[m] [36mValidateCountedFractionServiceImpl[m - Start method validateQuantityFractionsV1, tradeId -> 1068694
[30m2026-08-27T14:36:31,053[m [32mINFO  [m[[1;34mhttp-nio-8080-exec-9[m] [36mValidateCountedFractionServiceImpl[m - Start method validateMaximumLimitFractionsV1
[30m2026-08-27T14:36:31,053[m [32mINFO  [m[[1;34mhttp-nio-8080-exec-9[m] [36mValidateCountedFractionServiceImpl[m - Start method validateQuantityFractionsV1, tradeId -> 1075610
[30m2026-08-27T14:36:31,053[m [32mINFO  [m[[1;34mhttp-nio-8080-exec-9[m] [36mValidateCountedFractionServiceImpl[m - Start method validateMaximumLimitFractionsV1
[30m2026-08-27T14:36:31,053[m [32mINFO  [m[[1;34mhttp-nio-8080-exec-9[m] [36mValidateCountedFractionServiceImpl[m - Start method validateQuantityFractionsV1, tradeId -> 1076321
[30m2026-08-27T14:36:31,053[m [32mINFO  [m[[1;34mhttp-nio-8080-exec-9[m] [36mValidateCountedFractionServiceImpl[m - Start method validateMaximumLimitFractionsV1
[30m2026-08-27T14:36:31,053[m [32mINFO  [m[[1;34mhttp-nio-8080-exec-9[m] [36mValidateCountedFractionServiceImpl[m - Start method validateQuantityFractionsV1, tradeId -> 1075611
[30m2026-08-27T14:36:31,053[m [32mINFO  [m[[1;34mhttp-nio-8080-exec-9[m] [36mValidateCountedFractionServiceImpl[m - Start method validateMaximumLimitFractionsV1
[30m2026-08-27T14:36:31,054[m [32mINFO  [m[[1;34mhttp-nio-8080-exec-9[m] [36mValidateCountedFractionServiceImpl[m - Start method validateQuantityFractionsV1, tradeId -> 1068695
[30m2026-08-27T14:36:31,054[m [32mINFO  [m[[1;34mhttp-nio-8080-exec-9[m] [36mValidateCountedFractionServiceImpl[m - Start method validateMaximumLimitFractionsV1
[30m2026-08-27T14:36:31,054[m [32mINFO  [m[[1;34mhttp-nio-8080-exec-9[m] [36mValidateCountedFractionServiceImpl[m - Start method validateQuantityFractionsV1, tradeId -> 1074856
[30m2026-08-27T14:36:31,054[m [32mINFO  [m[[1;34mhttp-nio-8080-exec-9[m] [36mValidateCountedFractionServiceImpl[m - Start method validateMaximumLimitFractionsV1
[30m2026-08-27T14:36:31,055[m [32mINFO  [m[[1;34mhttp-nio-8080-exec-9[m] [36mValidateCountedFractionServiceImpl[m - Start method validateQuantityFractionsV1, tradeId -> 1074857
[30m2026-08-27T14:36:31,055[m [32mINFO  [m[[1;34mhttp-nio-8080-exec-9[m] [36mValidateCountedFractionServiceImpl[m - Start method validateMaximumLimitFractionsV1
[30m2026-08-27T14:36:31,055[m [32mINFO  [m[[1;34mhttp-nio-8080-exec-9[m] [36mValidateCountedFractionServiceImpl[m - Start method validateQuantityFractionsV1, tradeId -> 1067103
[30m2026-08-27T14:36:31,055[m [32mINFO  [m[[1;34mhttp-nio-8080-exec-9[m] [36mValidateCountedFractionServiceImpl[m - Start method validateMaximumLimitFractionsV1
[30m2026-08-27T14:36:31,055[m [32mINFO  [m[[1;34mhttp-nio-8080-exec-9[m] [36mValidateCountedFractionServiceImpl[m - Start method validateQuantityFractionsV1, tradeId -> 1068696
[30m2026-08-27T14:36:31,055[m [32mINFO  [m[[1;34mhttp-nio-8080-exec-9[m] [36mValidateCountedFractionServiceImpl[m - Start method validateMaximumLimitFractionsV1
[30m2026-08-27T14:36:31,055[m [32mINFO  [m[[1;34mhttp-nio-8080-exec-9[m] [36mValidateCountedFractionServiceImpl[m - Start method validateQuantityFractionsV1, tradeId -> 1074860
[30m2026-08-27T14:36:31,055[m [32mINFO  [m[[1;34mhttp-nio-8080-exec-9[m] [36mValidateCountedFractionServiceImpl[m - Start method validateMaximumLimitFractionsV1
[30m2026-08-27T14:36:31,055[m [32mINFO  [m[[1;34mhttp-nio-8080-exec-9[m] [36mValidateCountedFractionServiceImpl[m - Start method validateQuantityFractionsV1, tradeId -> 1075614
[30m2026-08-27T14:36:31,055[m [32mINFO  [m[[1;34mhttp-nio-8080-exec-9[m] [36mValidateCountedFractionServiceImpl[m - Start method validateMaximumLimitFractionsV1
[30m2026-08-27T14:36:31,055[m [32mINFO  [m[[1;34mhttp-nio-8080-exec-9[m] [36mValidateCountedFractionServiceImpl[m - Start method validateQuantityFractionsV1, tradeId -> 1068697
[30m2026-08-27T14:36:31,055[m [32mINFO  [m[[1;34mhttp-nio-8080-exec-9[m] [36mValidateCountedFractionServiceImpl[m - Start method validateMaximumLimitFractionsV1
[30m2026-08-27T14:36:31,055[m [32mINFO  [m[[1;34mhttp-nio-8080-exec-9[m] [36mValidateCountedFractionServiceImpl[m - Start method validateQuantityFractionsV1, tradeId -> 1075615
[30m2026-08-27T14:36:31,055[m [32mINFO  [m[[1;34mhttp-nio-8080-exec-9[m] [36mValidateCountedFractionServiceImpl[m - Start method validateMaximumLimitFractionsV1
[30m2026-08-27T14:36:31,055[m [32mINFO  [m[[1;34mhttp-nio-8080-exec-9[m] [36mValidateCountedFractionServiceImpl[m - Start method validateQuantityFractionsV1, tradeId -> 1075616
[30m2026-08-27T14:36:31,055[m [32mINFO  [m[[1;34mhttp-nio-8080-exec-9[m] [36mValidateCountedFractionServiceImpl[m - Start method validateMaximumLimitFractionsV1
[30m2026-08-27T14:36:31,055[m [32mINFO  [m[[1;34mhttp-nio-8080-exec-9[m] [36mValidateCountedFractionServiceImpl[m - Start method validateQuantityFractionsV1, tradeId -> 1067105
[30m2026-08-27T14:36:31,055[m [32mINFO  [m[[1;34mhttp-nio-8080-exec-9[m] [36mValidateCountedFractionServiceImpl[m - Start method validateMaximumLimitFractionsV1
[30m2026-08-27T14:36:31,055[m [32mINFO  [m[[1;34mhttp-nio-8080-exec-9[m] [36mValidateCountedFractionServiceImpl[m - Start method validateQuantityFractionsV1, tradeId -> 1068698
[30m2026-08-27T14:36:31,056[m [32mINFO  [m[[1;34mhttp-nio-8080-exec-9[m] [36mValidateCountedFractionServiceImpl[m - Start method validateMaximumLimitFractionsV1
[30m2026-08-27T14:36:31,056[m [32mINFO  [m[[1;34mhttp-nio-8080-exec-9[m] [36mValidateCountedFractionServiceImpl[m - Start method validateQuantityFractionsV1, tradeId -> 1076322
[30m2026-08-27T14:36:31,056[m [32mINFO  [m[[1;34mhttp-nio-8080-exec-9[m] [36mValidateCountedFractionServiceImpl[m - Start method validateMaximumLimitFractionsV1
[30m2026-08-27T14:36:31,056[m [32mINFO  [m[[1;34mhttp-nio-8080-exec-9[m] [36mValidateCountedFractionServiceImpl[m - Start method validateQuantityFractionsV1, tradeId -> 1076323
[30m2026-08-27T14:36:31,056[m [32mINFO  [m[[1;34mhttp-nio-8080-exec-9[m] [36mValidateCountedFractionServiceImpl[m - Start method validateMaximumLimitFractionsV1
[30m2026-08-27T14:36:31,056[m [32mINFO  [m[[1;34mhttp-nio-8080-exec-9[m] [36mValidateCountedFractionServiceImpl[m - Start method validateQuantityFractionsV1, tradeId -> 1076324
[30m2026-08-27T14:36:31,056[m [32mINFO  [m[[1;34mhttp-nio-8080-exec-9[m] [36mValidateCountedFractionServiceImpl[m - Start method validateMaximumLimitFractionsV1
[30m2026-08-27T14:36:31,056[m [32mINFO  [m[[1;34mhttp-nio-8080-exec-9[m] [36mValidateCountedFractionServiceImpl[m - Start method validateQuantityFractionsV1, tradeId -> 1075618
[30m2026-08-27T14:36:31,056[m [32mINFO  [m[[1;34mhttp-nio-8080-exec-9[m] [36mValidateCountedFractionServiceImpl[m - Start method validateMaximumLimitFractionsV1
[30m2026-08-27T14:36:31,056[m [32mINFO  [m[[1;34mhttp-nio-8080-exec-9[m] [36mValidateCountedFractionServiceImpl[m - Start method validateQuantityFractionsV1, tradeId -> 1067107
[30m2026-08-27T14:36:31,056[m [32mINFO  [m[[1;34mhttp-nio-8080-exec-9[m] [36mValidateCountedFractionServiceImpl[m - Start method validateMaximumLimitFractionsV1
[30m2026-08-27T14:36:31,056[m [32mINFO  [m[[1;34mhttp-nio-8080-exec-9[m] [36mValidateCountedFractionServiceImpl[m - Start method validateQuantityFractionsV1, tradeId -> 1067108
[30m2026-08-27T14:36:31,056[m [32mINFO  [m[[1;34mhttp-nio-8080-exec-9[m] [36mValidateCountedFractionServiceImpl[m - Start method validateMaximumLimitFractionsV1
[30m2026-08-27T14:36:31,056[m [32mINFO  [m[[1;34mhttp-nio-8080-exec-9[m] [36mValidateCountedFractionServiceImpl[m - Start method validateQuantityFractionsV1, tradeId -> 1074863
[30m2026-08-27T14:36:31,056[m [32mINFO  [m[[1;34mhttp-nio-8080-exec-9[m] [36mValidateCountedFractionServiceImpl[m - Start method validateMaximumLimitFractionsV1
[30m2026-08-27T14:36:31,056[m [32mINFO  [m[[1;34mhttp-nio-8080-exec-9[m] [36mValidateCountedFractionServiceImpl[m - Start method validateQuantityFractionsV1, tradeId -> 1067110
[30m2026-08-27T14:36:31,056[m [32mINFO  [m[[1;34mhttp-nio-8080-exec-9[m] [36mValidateCountedFractionServiceImpl[m - Start method validateMaximumLimitFractionsV1
[30m2026-08-27T14:36:31,056[m [32mINFO  [m[[1;34mhttp-nio-8080-exec-9[m] [36mValidateCountedFractionServiceImpl[m - Start method validateQuantityFractionsV1, tradeId -> 1068703
[30m2026-08-27T14:36:31,056[m [32mINFO  [m[[1;34mhttp-nio-8080-exec-9[m] [36mValidateCountedFractionServiceImpl[m - Start method validateMaximumLimitFractionsV1
[30m2026-08-27T14:36:31,056[m [32mINFO  [m[[1;34mhttp-nio-8080-exec-9[m] [36mValidateCountedFractionServiceImpl[m - Start method validateQuantityFractionsV1, tradeId -> 1067112
[30m2026-08-27T14:36:31,056[m [32mINFO  [m[[1;34mhttp-nio-8080-exec-9[m] [36mValidateCountedFractionServiceImpl[m - Start method validateMaximumLimitFractionsV1
[30m2026-08-27T14:36:31,056[m [32mINFO  [m[[1;34mhttp-nio-8080-exec-9[m] [36mValidateCountedFractionServiceImpl[m - Start method validateQuantityFractionsV1, tradeId -> 1074866
[30m2026-08-27T14:36:31,056[m [32mINFO  [m[[1;34mhttp-nio-8080-exec-9[m] [36mValidateCountedFractionServiceImpl[m - Start method validateMaximumLimitFractionsV1
[30m2026-08-27T14:36:31,056[m [32mINFO  [m[[1;34mhttp-nio-8080-exec-9[m] [36mValidateCountedFractionServiceImpl[m - Start method validateQuantityFractionsV1, tradeId -> 1067114
[30m2026-08-27T14:36:31,056[m [32mINFO  [m[[1;34mhttp-nio-8080-exec-9[m] [36mValidateCountedFractionServiceImpl[m - Start method validateMaximumLimitFractionsV1
[30m2026-08-27T14:36:31,056[m [32mINFO  [m[[1;34mhttp-nio-8080-exec-9[m] [36mValidateCountedFractionServiceImpl[m - Start method validateQuantityFractionsV1, tradeId -> 1076330
[30m2026-08-27T14:36:31,056[m [32mINFO  [m[[1;34mhttp-nio-8080-exec-9[m] [36mValidateCountedFractionServiceImpl[m - Start method validateMaximumLimitFractionsV1
[30m2026-08-27T14:36:31,056[m [32mINFO  [m[[1;34mhttp-nio-8080-exec-9[m] [36mValidateCountedFractionServiceImpl[m - Start method validateQuantityFractionsV1, tradeId -> 1067116
[30m2026-08-27T14:36:31,056[m [32mINFO  [m[[1;34mhttp-nio-8080-exec-9[m] [36mValidateCountedFractionServiceImpl[m - Start method validateMaximumLimitFractionsV1
[30m2026-08-27T14:36:31,057[m [32mINFO  [m[[1;34mhttp-nio-8080-exec-9[m] [36mValidateCountedFractionServiceImpl[m - Start method validateQuantityFractionsV1, tradeId -> 1074867
[30m2026-08-27T14:36:31,057[m [32mINFO  [m[[1;34mhttp-nio-8080-exec-9[m] [36mValidateCountedFractionServiceImpl[m - Start method validateMaximumLimitFractionsV1
[30m2026-08-27T14:36:31,057[m [32mINFO  [m[[1;34mhttp-nio-8080-exec-9[m] [36mFractionationCountedServiceImpl[m - PERF_ASSIGNMENT_VALIDATION_BATCH batchId=dc613683-011f-4223-9dcc-4dba3fb0112a inputCount=50 validCount=50 invalidCount=0 uniqueTrades=50 uniqueSides=1 uniqueParticipants=1 titleAccountResolutionRequests=50 titleAccountUniqueBusinessKeys=1 settlementLookupRequests=50 settlementUniqueTradeSides=50 settlementRepositoryCalls=1 settlementRowsLoaded=0 settlementPrefetchMs=4 cudLookupRequests=0 cudUniqueTradeSides=0 cudUniqueBusinessKeys=0 cudRepositoryCalls=0 cudRowsLoaded=0 cudPrefetchMs=0 tradePrefetchMs=588 sidePrefetchMs=0 participantPrefetchMs=15 accountResolutionMs=30 accountPrefetchMs=14 businessValidationMs=25 totalMs=680
[30m2026-08-27T14:36:31,057[m [32mINFO  [m[[1;34mhttp-nio-8080-exec-9[m] [36mRestClientUtils[m - Client [POST] http://operaciones-fracciones-contado-back-service/operations-fractionation-api/v1/fractionation/batch
[30m2026-08-27T14:36:32,740[m [32mINFO  [m[[1;34mhttp-nio-8080-exec-9[m] [36mFractionationCountedServiceImpl[m - PERF_ASSIGNMENT_BATCH service=cmd batchId=dc613683-011f-4223-9dcc-4dba3fb0112a mode=RAW_VALIDATED configuredMaxBatchSize=80 receivedBatchSize=50 processedCount=50 successCount=50 failureCount=0 fractionationMs=1683 totalMs=1683
[30m2026-08-27T14:36:32,740[m [32mINFO  [m[[1;34mhttp-nio-8080-exec-9[m] [36mFractionationCountedServiceImpl[m - PERF_ASSIGNMENT_BATCH service=cmd batchId=dc613683-011f-4223-9dcc-4dba3fb0112a mode=RAW configuredMaxBatchSize=80 receivedBatchSize=50 validCount=50 invalidCount=0 sentToFractionationCount=50 successCount=50 failureCount=0 totalMs=2363
[30m2026-08-27T14:36:32,742[m [32mINFO  [m[[1;34mhttp-nio-8080-exec-9[m] [36mGlobalFilter[m - Request [POST /operations-cmd-api/v1/fractionation/counted-operation/batch] completed in 2369 ms with status 200
[30m2026-08-27T14:36:32,767[m [32mINFO  [m[[1;34mhttp-nio-8080-exec-10[m] [36mGlobalFilter[m - ----------- Client User: operaciones-orquestador-ext-back ----------
[30m2026-08-27T14:36:33,280[m [32mINFO  [m[[1;34mhttp-nio-8080-exec-10[m] [36mValidateCountedFractionServiceImpl[m - Start method validateAccountFractionAssignmentV1, accountNumber -> 4021801, tradeId -> 1076331, sideId -> 1, originId -> 122, isLocalCorrection -> false
[30m2026-08-27T14:36:33,280[m [32mINFO  [m[[1;34mhttp-nio-8080-exec-10[m] [36mValidateCountedFractionServiceImpl[m - Searching participant account assignment for accountNumber -> 4021801, participantId -> 15, depositoryId -> 1
[30m2026-08-27T14:36:33,284[m [32mINFO  [m[[1;34mhttp-nio-8080-exec-10[m] [36mValidateCountedFractionServiceImpl[m - No participant account found for accountNumber -> 4021801
[30m2026-08-27T14:36:33,300[m [32mINFO  [m[[1;34mhttp-nio-8080-exec-10[m] [36mValidateCountedFractionServiceImpl[m - End method validateAccountFractionAssignmentV1, fractionAccountOutDto -> FractionAccountOutDto(participantAccount=null, investorAccount=InvestorAccountOutDto(id=57, investor=InvestorOutDto(id=167, code=CL00000001, firstName=Prueba Nombre 1, lastName=Prueba Nombre 2, companyName=TERCERO3509748, type=TypeOutDto(id=2, description=JURIDICO, category=PERSONA), status=StatusOutDto(id=515, description=ACTIVO, category=INVERSIONISTA, shortName=null), country=CountryOutDto(id=35, code=CL, name=CHILE, currency=CurrencyOutDto(id=30, code=CLP, name=PESO CHILENO), timeZone=UTC -3), documentNumber=8605303170, identificationType=IdentificationTypeOutDto(id=5, description=CEDULA DE CIUDADANÍA, code=CC), nationality=35, clearinghouseCode=null, gics=null, moneyLaunderingFlag=null, taxStatus=null), accountNumber=4021801, accountName=AMBIENTE 3  PRUEBA 3, status=StatusOutDto(id=570, description=ACTIVO, category=CUENTA_INVERSIONISTA, shortName=null), originType=TypeOutDto(id=120, description=TERCEROS, category=ORIGEN PUNTA), type=TypeOutDto(id=26, description=CUENTA DEPOSITO, category=CUENTA DEPOSITO), depository=DepositoryOutDto(id=1, description=DVL), participant=null, taxExemp=false), sourceQuoteType=TypeOutDto(id=120, description=TERCEROS, category=ORIGEN PUNTA), fiduciarySpecialist=false, jointAccount=false, masterAccount=false, custodian=null, milaDirectDepositor=null)
[30m2026-08-27T14:36:33,320[m [32mINFO  [m[[1;34mhttp-nio-8080-exec-10[m] [36mValidateCountedFractionServiceImpl[m - Start method validateQuantityFractionsV1, tradeId -> 1076331
[30m2026-08-27T14:36:33,320[m [32mINFO  [m[[1;34mhttp-nio-8080-exec-10[m] [36mValidateCountedFractionServiceImpl[m - Start method validateMaximumLimitFractionsV1
[30m2026-08-27T14:36:33,320[m [32mINFO  [m[[1;34mhttp-nio-8080-exec-10[m] [36mValidateCountedFractionServiceImpl[m - Start method validateQuantityFractionsV1, tradeId -> 1067118
[30m2026-08-27T14:36:33,320[m [32mINFO  [m[[1;34mhttp-nio-8080-exec-10[m] [36mValidateCountedFractionServiceImpl[m - Start method validateMaximumLimitFractionsV1
[30m2026-08-27T14:36:33,320[m [32mINFO  [m[[1;34mhttp-nio-8080-exec-10[m] [36mValidateCountedFractionServiceImpl[m - Start method validateQuantityFractionsV1, tradeId -> 1076335
[30m2026-08-27T14:36:33,320[m [32mINFO  [m[[1;34mhttp-nio-8080-exec-10[m] [36mValidateCountedFractionServiceImpl[m - Start method validateMaximumLimitFractionsV1
[30m2026-08-27T14:36:33,320[m [32mINFO  [m[[1;34mhttp-nio-8080-exec-10[m] [36mValidateCountedFractionServiceImpl[m - Start method validateQuantityFractionsV1, tradeId -> 1067120
[30m2026-08-27T14:36:33,320[m [32mINFO  [m[[1;34mhttp-nio-8080-exec-10[m] [36mValidateCountedFractionServiceImpl[m - Start method validateMaximumLimitFractionsV1
[30m2026-08-27T14:36:33,320[m [32mINFO  [m[[1;34mhttp-nio-8080-exec-10[m] [36mValidateCountedFractionServiceImpl[m - Start method validateQuantityFractionsV1, tradeId -> 1067122
[30m2026-08-27T14:36:33,320[m [32mINFO  [m[[1;34mhttp-nio-8080-exec-10[m] [36mValidateCountedFractionServiceImpl[m - Start method validateMaximumLimitFractionsV1
[30m2026-08-27T14:36:33,320[m [32mINFO  [m[[1;34mhttp-nio-8080-exec-10[m] [36mValidateCountedFractionServiceImpl[m - Start method validateQuantityFractionsV1, tradeId -> 1067124
[30m2026-08-27T14:36:33,321[m [32mINFO  [m[[1;34mhttp-nio-8080-exec-10[m] [36mValidateCountedFractionServiceImpl[m - Start method validateMaximumLimitFractionsV1
[30m2026-08-27T14:36:33,321[m [32mINFO  [m[[1;34mhttp-nio-8080-exec-10[m] [36mValidateCountedFractionServiceImpl[m - Start method validateQuantityFractionsV1, tradeId -> 1068711
[30m2026-08-27T14:36:33,321[m [32mINFO  [m[[1;34mhttp-nio-8080-exec-10[m] [36mValidateCountedFractionServiceImpl[m - Start method validateMaximumLimitFractionsV1
[30m2026-08-27T14:36:33,321[m [32mINFO  [m[[1;34mhttp-nio-8080-exec-10[m] [36mValidateCountedFractionServiceImpl[m - Start method validateQuantityFractionsV1, tradeId -> 1067125
[30m2026-08-27T14:36:33,321[m [32mINFO  [m[[1;34mhttp-nio-8080-exec-10[m] [36mValidateCountedFractionServiceImpl[m - Start method validateMaximumLimitFractionsV1
[30m2026-08-27T14:36:33,321[m [32mINFO  [m[[1;34mhttp-nio-8080-exec-10[m] [36mValidateCountedFractionServiceImpl[m - Start method validateQuantityFractionsV1, tradeId -> 1067127
[30m2026-08-27T14:36:33,321[m [32mINFO  [m[[1;34mhttp-nio-8080-exec-10[m] [36mValidateCountedFractionServiceImpl[m - Start method validateMaximumLimitFractionsV1
[30m2026-08-27T14:36:33,321[m [32mINFO  [m[[1;34mhttp-nio-8080-exec-10[m] [36mValidateCountedFractionServiceImpl[m - Start method validateQuantityFractionsV1, tradeId -> 1074873
[30m2026-08-27T14:36:33,321[m [32mINFO  [m[[1;34mhttp-nio-8080-exec-10[m] [36mValidateCountedFractionServiceImpl[m - Start method validateMaximumLimitFractionsV1
[30m2026-08-27T14:36:33,321[m [32mINFO  [m[[1;34mhttp-nio-8080-exec-10[m] [36mValidateCountedFractionServiceImpl[m - Start method validateQuantityFractionsV1, tradeId -> 1075628
[30m2026-08-27T14:36:33,321[m [32mINFO  [m[[1;34mhttp-nio-8080-exec-10[m] [36mValidateCountedFractionServiceImpl[m - Start method validateMaximumLimitFractionsV1
[30m2026-08-27T14:36:33,321[m [32mINFO  [m[[1;34mhttp-nio-8080-exec-10[m] [36mValidateCountedFractionServiceImpl[m - Start method validateQuantityFractionsV1, tradeId -> 1076336
[30m2026-08-27T14:36:33,321[m [32mINFO  [m[[1;34mhttp-nio-8080-exec-10[m] [36mValidateCountedFractionServiceImpl[m - Start method validateMaximumLimitFractionsV1
[30m2026-08-27T14:36:33,321[m [32mINFO  [m[[1;34mhttp-nio-8080-exec-10[m] [36mValidateCountedFractionServiceImpl[m - Start method validateQuantityFractionsV1, tradeId -> 1067129
[30m2026-08-27T14:36:33,321[m [32mINFO  [m[[1;34mhttp-nio-8080-exec-10[m] [36mValidateCountedFractionServiceImpl[m - Start method validateMaximumLimitFractionsV1
[30m2026-08-27T14:36:33,321[m [32mINFO  [m[[1;34mhttp-nio-8080-exec-10[m] [36mValidateCountedFractionServiceImpl[m - Start method validateQuantityFractionsV1, tradeId -> 1067131
[30m2026-08-27T14:36:33,321[m [32mINFO  [m[[1;34mhttp-nio-8080-exec-10[m] [36mValidateCountedFractionServiceImpl[m - Start method validateMaximumLimitFractionsV1
[30m2026-08-27T14:36:33,321[m [32mINFO  [m[[1;34mhttp-nio-8080-exec-10[m] [36mValidateCountedFractionServiceImpl[m - Start method validateQuantityFractionsV1, tradeId -> 1075632
[30m2026-08-27T14:36:33,321[m [32mINFO  [m[[1;34mhttp-nio-8080-exec-10[m] [36mValidateCountedFractionServiceImpl[m - Start method validateMaximumLimitFractionsV1
[30m2026-08-27T14:36:33,321[m [32mINFO  [m[[1;34mhttp-nio-8080-exec-10[m] [36mValidateCountedFractionServiceImpl[m - Start method validateQuantityFractionsV1, tradeId -> 1075633
[30m2026-08-27T14:36:33,321[m [32mINFO  [m[[1;34mhttp-nio-8080-exec-10[m] [36mValidateCountedFractionServiceImpl[m - Start method validateMaximumLimitFractionsV1
[30m2026-08-27T14:36:33,321[m [32mINFO  [m[[1;34mhttp-nio-8080-exec-10[m] [36mValidateCountedFractionServiceImpl[m - Start method validateQuantityFractionsV1, tradeId -> 1075634
[30m2026-08-27T14:36:33,321[m [32mINFO  [m[[1;34mhttp-nio-8080-exec-10[m] [36mValidateCountedFractionServiceImpl[m - Start method validateMaximumLimitFractionsV1
[30m2026-08-27T14:36:33,321[m [32mINFO  [m[[1;34mhttp-nio-8080-exec-10[m] [36mValidateCountedFractionServiceImpl[m - Start method validateQuantityFractionsV1, tradeId -> 1074875
[30m2026-08-27T14:36:33,321[m [32mINFO  [m[[1;34mhttp-nio-8080-exec-10[m] [36mValidateCountedFractionServiceImpl[m - Start method validateMaximumLimitFractionsV1
[30m2026-08-27T14:36:33,322[m [32mINFO  [m[[1;34mhttp-nio-8080-exec-10[m] [36mValidateCountedFractionServiceImpl[m - Start method validateQuantityFractionsV1, tradeId -> 1068718
[30m2026-08-27T14:36:33,322[m [32mINFO  [m[[1;34mhttp-nio-8080-exec-10[m] [36mValidateCountedFractionServiceImpl[m - Start method validateMaximumLimitFractionsV1
[30m2026-08-27T14:36:33,322[m [32mINFO  [m[[1;34mhttp-nio-8080-exec-10[m] [36mValidateCountedFractionServiceImpl[m - Start method validateQuantityFractionsV1, tradeId -> 1067133
[30m2026-08-27T14:36:33,322[m [32mINFO  [m[[1;34mhttp-nio-8080-exec-10[m] [36mValidateCountedFractionServiceImpl[m - Start method validateMaximumLimitFractionsV1
[30m2026-08-27T14:36:33,322[m [32mINFO  [m[[1;34mhttp-nio-8080-exec-10[m] [36mValidateCountedFractionServiceImpl[m - Start method validateQuantityFractionsV1, tradeId -> 1075635
[30m2026-08-27T14:36:33,322[m [32mINFO  [m[[1;34mhttp-nio-8080-exec-10[m] [36mValidateCountedFractionServiceImpl[m - Start method validateMaximumLimitFractionsV1
[30m2026-08-27T14:36:33,322[m [32mINFO  [m[[1;34mhttp-nio-8080-exec-10[m] [36mValidateCountedFractionServiceImpl[m - Start method validateQuantityFractionsV1, tradeId -> 1075636
[30m2026-08-27T14:36:33,322[m [32mINFO  [m[[1;34mhttp-nio-8080-exec-10[m] [36mValidateCountedFractionServiceImpl[m - Start method validateMaximumLimitFractionsV1
[30m2026-08-27T14:36:33,322[m [32mINFO  [m[[1;34mhttp-nio-8080-exec-10[m] [36mValidateCountedFractionServiceImpl[m - Start method validateQuantityFractionsV1, tradeId -> 1067135
[30m2026-08-27T14:36:33,322[m [32mINFO  [m[[1;34mhttp-nio-8080-exec-10[m] [36mValidateCountedFractionServiceImpl[m - Start method validateMaximumLimitFractionsV1
[30m2026-08-27T14:36:33,322[m [32mINFO  [m[[1;34mhttp-nio-8080-exec-10[m] [36mValidateCountedFractionServiceImpl[m - Start method validateQuantityFractionsV1, tradeId -> 1074877
[30m2026-08-27T14:36:33,322[m [32mINFO  [m[[1;34mhttp-nio-8080-exec-10[m] [36mValidateCountedFractionServiceImpl[m - Start method validateMaximumLimitFractionsV1
[30m2026-08-27T14:36:33,322[m [32mINFO  [m[[1;34mhttp-nio-8080-exec-10[m] [36mValidateCountedFractionServiceImpl[m - Start method validateQuantityFractionsV1, tradeId -> 1068719
[30m2026-08-27T14:36:33,322[m [32mINFO  [m[[1;34mhttp-nio-8080-exec-10[m] [36mValidateCountedFractionServiceImpl[m - Start method validateMaximumLimitFractionsV1
[30m2026-08-27T14:36:33,322[m [32mINFO  [m[[1;34mhttp-nio-8080-exec-10[m] [36mValidateCountedFractionServiceImpl[m - Start method validateQuantityFractionsV1, tradeId -> 1075640
[30m2026-08-27T14:36:33,322[m [32mINFO  [m[[1;34mhttp-nio-8080-exec-10[m] [36mValidateCountedFractionServiceImpl[m - Start method validateMaximumLimitFractionsV1
[30m2026-08-27T14:36:33,322[m [32mINFO  [m[[1;34mhttp-nio-8080-exec-10[m] [36mValidateCountedFractionServiceImpl[m - Start method validateQuantityFractionsV1, tradeId -> 1075641
[30m2026-08-27T14:36:33,322[m [32mINFO  [m[[1;34mhttp-nio-8080-exec-10[m] [36mValidateCountedFractionServiceImpl[m - Start method validateMaximumLimitFractionsV1
[30m2026-08-27T14:36:33,322[m [32mINFO  [m[[1;34mhttp-nio-8080-exec-10[m] [36mValidateCountedFractionServiceImpl[m - Start method validateQuantityFractionsV1, tradeId -> 1074878
[30m2026-08-27T14:36:33,323[m [32mINFO  [m[[1;34mhttp-nio-8080-exec-10[m] [36mValidateCountedFractionServiceImpl[m - Start method validateMaximumLimitFractionsV1
[30m2026-08-27T14:36:33,323[m [32mINFO  [m[[1;34mhttp-nio-8080-exec-10[m] [36mValidateCountedFractionServiceImpl[m - Start method validateQuantityFractionsV1, tradeId -> 1076339
[30m2026-08-27T14:36:33,323[m [32mINFO  [m[[1;34mhttp-nio-8080-exec-10[m] [36mValidateCountedFractionServiceImpl[m - Start method validateMaximumLimitFractionsV1
[30m2026-08-27T14:36:33,323[m [32mINFO  [m[[1;34mhttp-nio-8080-exec-10[m] [36mValidateCountedFractionServiceImpl[m - Start method validateQuantityFractionsV1, tradeId -> 1074879
[30m2026-08-27T14:36:33,323[m [32mINFO  [m[[1;34mhttp-nio-8080-exec-10[m] [36mValidateCountedFractionServiceImpl[m - Start method validateMaximumLimitFractionsV1
[30m2026-08-27T14:36:33,323[m [32mINFO  [m[[1;34mhttp-nio-8080-exec-10[m] [36mValidateCountedFractionServiceImpl[m - Start method validateQuantityFractionsV1, tradeId -> 1067137
[30m2026-08-27T14:36:33,323[m [32mINFO  [m[[1;34mhttp-nio-8080-exec-10[m] [36mValidateCountedFractionServiceImpl[m - Start method validateMaximumLimitFractionsV1
[30m2026-08-27T14:36:33,323[m [32mINFO  [m[[1;34mhttp-nio-8080-exec-10[m] [36mValidateCountedFractionServiceImpl[m - Start method validateQuantityFractionsV1, tradeId -> 1068720
[30m2026-08-27T14:36:33,323[m [32mINFO  [m[[1;34mhttp-nio-8080-exec-10[m] [36mValidateCountedFractionServiceImpl[m - Start method validateMaximumLimitFractionsV1
[30m2026-08-27T14:36:33,323[m [32mINFO  [m[[1;34mhttp-nio-8080-exec-10[m] [36mValidateCountedFractionServiceImpl[m - Start method validateQuantityFractionsV1, tradeId -> 1076340
[30m2026-08-27T14:36:33,323[m [32mINFO  [m[[1;34mhttp-nio-8080-exec-10[m] [36mValidateCountedFractionServiceImpl[m - Start method validateMaximumLimitFractionsV1
[30m2026-08-27T14:36:33,323[m [32mINFO  [m[[1;34mhttp-nio-8080-exec-10[m] [36mValidateCountedFractionServiceImpl[m - Start method validateQuantityFractionsV1, tradeId -> 1074880
[30m2026-08-27T14:36:33,323[m [32mINFO  [m[[1;34mhttp-nio-8080-exec-10[m] [36mValidateCountedFractionServiceImpl[m - Start method validateMaximumLimitFractionsV1
[30m2026-08-27T14:36:33,323[m [32mINFO  [m[[1;34mhttp-nio-8080-exec-10[m] [36mValidateCountedFractionServiceImpl[m - Start method validateQuantityFractionsV1, tradeId -> 1074881
[30m2026-08-27T14:36:33,323[m [32mINFO  [m[[1;34mhttp-nio-8080-exec-10[m] [36mValidateCountedFractionServiceImpl[m - Start method validateMaximumLimitFractionsV1
[30m2026-08-27T14:36:33,323[m [32mINFO  [m[[1;34mhttp-nio-8080-exec-10[m] [36mValidateCountedFractionServiceImpl[m - Start method validateQuantityFractionsV1, tradeId -> 1067139
[30m2026-08-27T14:36:33,323[m [32mINFO  [m[[1;34mhttp-nio-8080-exec-10[m] [36mValidateCountedFractionServiceImpl[m - Start method validateMaximumLimitFractionsV1
[30m2026-08-27T14:36:33,324[m [32mINFO  [m[[1;34mhttp-nio-8080-exec-10[m] [36mValidateCountedFractionServiceImpl[m - Start method validateQuantityFractionsV1, tradeId -> 1068725
[30m2026-08-27T14:36:33,324[m [32mINFO  [m[[1;34mhttp-nio-8080-exec-10[m] [36mValidateCountedFractionServiceImpl[m - Start method validateMaximumLimitFractionsV1
[30m2026-08-27T14:36:33,324[m [32mINFO  [m[[1;34mhttp-nio-8080-exec-10[m] [36mValidateCountedFractionServiceImpl[m - Start method validateQuantityFractionsV1, tradeId -> 1067141
[30m2026-08-27T14:36:33,324[m [32mINFO  [m[[1;34mhttp-nio-8080-exec-10[m] [36mValidateCountedFractionServiceImpl[m - Start method validateMaximumLimitFractionsV1
[30m2026-08-27T14:36:33,324[m [32mINFO  [m[[1;34mhttp-nio-8080-exec-10[m] [36mValidateCountedFractionServiceImpl[m - Start method validateQuantityFractionsV1, tradeId -> 1075646
[30m2026-08-27T14:36:33,324[m [32mINFO  [m[[1;34mhttp-nio-8080-exec-10[m] [36mValidateCountedFractionServiceImpl[m - Start method validateMaximumLimitFractionsV1
[30m2026-08-27T14:36:33,324[m [32mINFO  [m[[1;34mhttp-nio-8080-exec-10[m] [36mValidateCountedFractionServiceImpl[m - Start method validateQuantityFractionsV1, tradeId -> 1067143
[30m2026-08-27T14:36:33,324[m [32mINFO  [m[[1;34mhttp-nio-8080-exec-10[m] [36mValidateCountedFractionServiceImpl[m - Start method validateMaximumLimitFractionsV1
[30m2026-08-27T14:36:33,324[m [32mINFO  [m[[1;34mhttp-nio-8080-exec-10[m] [36mValidateCountedFractionServiceImpl[m - Start method validateQuantityFractionsV1, tradeId -> 1068728
[30m2026-08-27T14:36:33,324[m [32mINFO  [m[[1;34mhttp-nio-8080-exec-10[m] [36mValidateCountedFractionServiceImpl[m - Start method validateMaximumLimitFractionsV1
[30m2026-08-27T14:36:33,324[m [32mINFO  [m[[1;34mhttp-nio-8080-exec-10[m] [36mValidateCountedFractionServiceImpl[m - Start method validateQuantityFractionsV1, tradeId -> 1068729
[30m2026-08-27T14:36:33,324[m [32mINFO  [m[[1;34mhttp-nio-8080-exec-10[m] [36mValidateCountedFractionServiceImpl[m - Start method validateMaximumLimitFractionsV1
[30m2026-08-27T14:36:33,324[m [32mINFO  [m[[1;34mhttp-nio-8080-exec-10[m] [36mValidateCountedFractionServiceImpl[m - Start method validateQuantityFractionsV1, tradeId -> 1076345
[30m2026-08-27T14:36:33,324[m [32mINFO  [m[[1;34mhttp-nio-8080-exec-10[m] [36mValidateCountedFractionServiceImpl[m - Start method validateMaximumLimitFractionsV1
[30m2026-08-27T14:36:33,324[m [32mINFO  [m[[1;34mhttp-nio-8080-exec-10[m] [36mValidateCountedFractionServiceImpl[m - Start method validateQuantityFractionsV1, tradeId -> 1067145
[30m2026-08-27T14:36:33,324[m [32mINFO  [m[[1;34mhttp-nio-8080-exec-10[m] [36mValidateCountedFractionServiceImpl[m - Start method validateMaximumLimitFractionsV1
[30m2026-08-27T14:36:33,324[m [32mINFO  [m[[1;34mhttp-nio-8080-exec-10[m] [36mValidateCountedFractionServiceImpl[m - Start method validateQuantityFractionsV1, tradeId -> 1075649
[30m2026-08-27T14:36:33,324[m [32mINFO  [m[[1;34mhttp-nio-8080-exec-10[m] [36mValidateCountedFractionServiceImpl[m - Start method validateMaximumLimitFractionsV1
[30m2026-08-27T14:36:33,324[m [32mINFO  [m[[1;34mhttp-nio-8080-exec-10[m] [36mValidateCountedFractionServiceImpl[m - Start method validateQuantityFractionsV1, tradeId -> 1068730
[30m2026-08-27T14:36:33,324[m [32mINFO  [m[[1;34mhttp-nio-8080-exec-10[m] [36mValidateCountedFractionServiceImpl[m - Start method validateMaximumLimitFractionsV1
[30m2026-08-27T14:36:33,324[m [32mINFO  [m[[1;34mhttp-nio-8080-exec-10[m] [36mValidateCountedFractionServiceImpl[m - Start method validateQuantityFractionsV1, tradeId -> 1068731
[30m2026-08-27T14:36:33,324[m [32mINFO  [m[[1;34mhttp-nio-8080-exec-10[m] [36mValidateCountedFractionServiceImpl[m - Start method validateMaximumLimitFractionsV1
[30m2026-08-27T14:36:33,324[m [32mINFO  [m[[1;34mhttp-nio-8080-exec-10[m] [36mValidateCountedFractionServiceImpl[m - Start method validateQuantityFractionsV1, tradeId -> 1068732
[30m2026-08-27T14:36:33,324[m [32mINFO  [m[[1;34mhttp-nio-8080-exec-10[m] [36mValidateCountedFractionServiceImpl[m - Start method validateMaximumLimitFractionsV1
[30m2026-08-27T14:36:33,324[m [32mINFO  [m[[1;34mhttp-nio-8080-exec-10[m] [36mValidateCountedFractionServiceImpl[m - Start method validateQuantityFractionsV1, tradeId -> 1076346
[30m2026-08-27T14:36:33,325[m [32mINFO  [m[[1;34mhttp-nio-8080-exec-10[m] [36mValidateCountedFractionServiceImpl[m - Start method validateMaximumLimitFractionsV1
[30m2026-08-27T14:36:33,325[m [32mINFO  [m[[1;34mhttp-nio-8080-exec-10[m] [36mValidateCountedFractionServiceImpl[m - Start method validateQuantityFractionsV1, tradeId -> 1075650
[30m2026-08-27T14:36:33,325[m [32mINFO  [m[[1;34mhttp-nio-8080-exec-10[m] [36mValidateCountedFractionServiceImpl[m - Start method validateMaximumLimitFractionsV1
[30m2026-08-27T14:36:33,325[m [32mINFO  [m[[1;34mhttp-nio-8080-exec-10[m] [36mFractionationCountedServiceImpl[m - PERF_ASSIGNMENT_VALIDATION_BATCH batchId=8a7a7531-709c-4dd4-903d-e24aa97bda3e inputCount=50 validCount=50 invalidCount=0 uniqueTrades=50 uniqueSides=1 uniqueParticipants=1 titleAccountResolutionRequests=50 titleAccountUniqueBusinessKeys=1 settlementLookupRequests=50 settlementUniqueTradeSides=50 settlementRepositoryCalls=1 settlementRowsLoaded=0 settlementPrefetchMs=5 cudLookupRequests=0 cudUniqueTradeSides=0 cudUniqueBusinessKeys=0 cudRepositoryCalls=0 cudRowsLoaded=0 cudPrefetchMs=0 tradePrefetchMs=495 sidePrefetchMs=0 participantPrefetchMs=12 accountResolutionMs=20 accountPrefetchMs=10 businessValidationMs=8 totalMs=552
[30m2026-08-27T14:36:33,325[m [32mINFO  [m[[1;34mhttp-nio-8080-exec-10[m] [36mRestClientUtils[m - Client [POST] http://operaciones-fracciones-contado-back-service/operations-fractionation-api/v1/fractionation/batch
[30m2026-08-27T14:36:34,985[m [32mINFO  [m[[1;34mhttp-nio-8080-exec-10[m] [36mFractionationCountedServiceImpl[m - PERF_ASSIGNMENT_BATCH service=cmd batchId=8a7a7531-709c-4dd4-903d-e24aa97bda3e mode=RAW_VALIDATED configuredMaxBatchSize=80 receivedBatchSize=50 processedCount=50 successCount=50 failureCount=0 fractionationMs=1660 totalMs=1660
[30m2026-08-27T14:36:34,985[m [32mINFO  [m[[1;34mhttp-nio-8080-exec-10[m] [36mFractionationCountedServiceImpl[m - PERF_ASSIGNMENT_BATCH service=cmd batchId=8a7a7531-709c-4dd4-903d-e24aa97bda3e mode=RAW configuredMaxBatchSize=80 receivedBatchSize=50 validCount=50 invalidCount=0 sentToFractionationCount=50 successCount=50 failureCount=0 totalMs=2213
[30m2026-08-27T14:36:34,988[m [32mINFO  [m[[1;34mhttp-nio-8080-exec-10[m] [36mGlobalFilter[m - Request [POST /operations-cmd-api/v1/fractionation/counted-operation/batch] completed in 2221 ms with status 200
[30m2026-08-27T14:36:35,013[m [32mINFO  [m[[1;34mhttp-nio-8080-exec-1[m] [36mGlobalFilter[m - ----------- Client User: operaciones-orquestador-ext-back ----------
[30m2026-08-27T14:36:35,545[m [32mINFO  [m[[1;34mhttp-nio-8080-exec-1[m] [36mValidateCountedFractionServiceImpl[m - Start method validateAccountFractionAssignmentV1, accountNumber -> 4021801, tradeId -> 1068733, sideId -> 1, originId -> 122, isLocalCorrection -> false
[30m2026-08-27T14:36:35,545[m [32mINFO  [m[[1;34mhttp-nio-8080-exec-1[m] [36mValidateCountedFractionServiceImpl[m - Searching participant account assignment for accountNumber -> 4021801, participantId -> 15, depositoryId -> 1
[30m2026-08-27T14:36:35,548[m [32mINFO  [m[[1;34mhttp-nio-8080-exec-1[m] [36mValidateCountedFractionServiceImpl[m - No participant account found for accountNumber -> 4021801
[30m2026-08-27T14:36:35,561[m [32mINFO  [m[[1;34mhttp-nio-8080-exec-1[m] [36mValidateCountedFractionServiceImpl[m - End method validateAccountFractionAssignmentV1, fractionAccountOutDto -> FractionAccountOutDto(participantAccount=null, investorAccount=InvestorAccountOutDto(id=57, investor=InvestorOutDto(id=167, code=CL00000001, firstName=Prueba Nombre 1, lastName=Prueba Nombre 2, companyName=TERCERO3509748, type=TypeOutDto(id=2, description=JURIDICO, category=PERSONA), status=StatusOutDto(id=515, description=ACTIVO, category=INVERSIONISTA, shortName=null), country=CountryOutDto(id=35, code=CL, name=CHILE, currency=CurrencyOutDto(id=30, code=CLP, name=PESO CHILENO), timeZone=UTC -3), documentNumber=8605303170, identificationType=IdentificationTypeOutDto(id=5, description=CEDULA DE CIUDADANÍA, code=CC), nationality=35, clearinghouseCode=null, gics=null, moneyLaunderingFlag=null, taxStatus=null), accountNumber=4021801, accountName=AMBIENTE 3  PRUEBA 3, status=StatusOutDto(id=570, description=ACTIVO, category=CUENTA_INVERSIONISTA, shortName=null), originType=TypeOutDto(id=120, description=TERCEROS, category=ORIGEN PUNTA), type=TypeOutDto(id=26, description=CUENTA DEPOSITO, category=CUENTA DEPOSITO), depository=DepositoryOutDto(id=1, description=DVL), participant=null, taxExemp=false), sourceQuoteType=TypeOutDto(id=120, description=TERCEROS, category=ORIGEN PUNTA), fiduciarySpecialist=false, jointAccount=false, masterAccount=false, custodian=null, milaDirectDepositor=null)
[30m2026-08-27T14:36:35,579[m [32mINFO  [m[[1;34mhttp-nio-8080-exec-1[m] [36mValidateCountedFractionServiceImpl[m - Start method validateQuantityFractionsV1, tradeId -> 1068733
[30m2026-08-27T14:36:35,579[m [32mINFO  [m[[1;34mhttp-nio-8080-exec-1[m] [36mValidateCountedFractionServiceImpl[m - Start method validateMaximumLimitFractionsV1
[30m2026-08-27T14:36:35,579[m [32mINFO  [m[[1;34mhttp-nio-8080-exec-1[m] [36mValidateCountedFractionServiceImpl[m - Start method validateQuantityFractionsV1, tradeId -> 1074886
[30m2026-08-27T14:36:35,579[m [32mINFO  [m[[1;34mhttp-nio-8080-exec-1[m] [36mValidateCountedFractionServiceImpl[m - Start method validateMaximumLimitFractionsV1
[30m2026-08-27T14:36:35,579[m [32mINFO  [m[[1;34mhttp-nio-8080-exec-1[m] [36mValidateCountedFractionServiceImpl[m - Start method validateQuantityFractionsV1, tradeId -> 1067147
[30m2026-08-27T14:36:35,579[m [32mINFO  [m[[1;34mhttp-nio-8080-exec-1[m] [36mValidateCountedFractionServiceImpl[m - Start method validateMaximumLimitFractionsV1
[30m2026-08-27T14:36:35,579[m [32mINFO  [m[[1;34mhttp-nio-8080-exec-1[m] [36mValidateCountedFractionServiceImpl[m - Start method validateQuantityFractionsV1, tradeId -> 1068739
[30m2026-08-27T14:36:35,579[m [32mINFO  [m[[1;34mhttp-nio-8080-exec-1[m] [36mValidateCountedFractionServiceImpl[m - Start method validateMaximumLimitFractionsV1
[30m2026-08-27T14:36:35,579[m [32mINFO  [m[[1;34mhttp-nio-8080-exec-1[m] [36mValidateCountedFractionServiceImpl[m - Start method validateQuantityFractionsV1, tradeId -> 1068740
[30m2026-08-27T14:36:35,579[m [32mINFO  [m[[1;34mhttp-nio-8080-exec-1[m] [36mValidateCountedFractionServiceImpl[m - Start method validateMaximumLimitFractionsV1
[30m2026-08-27T14:36:35,579[m [32mINFO  [m[[1;34mhttp-nio-8080-exec-1[m] [36mValidateCountedFractionServiceImpl[m - Start method validateQuantityFractionsV1, tradeId -> 1068741
[30m2026-08-27T14:36:35,579[m [32mINFO  [m[[1;34mhttp-nio-8080-exec-1[m] [36mValidateCountedFractionServiceImpl[m - Start method validateMaximumLimitFractionsV1
[30m2026-08-27T14:36:35,579[m [32mINFO  [m[[1;34mhttp-nio-8080-exec-1[m] [36mValidateCountedFractionServiceImpl[m - Start method validateQuantityFractionsV1, tradeId -> 1068742
[30m2026-08-27T14:36:35,579[m [32mINFO  [m[[1;34mhttp-nio-8080-exec-1[m] [36mValidateCountedFractionServiceImpl[m - Start method validateMaximumLimitFractionsV1
[30m2026-08-27T14:36:35,579[m [32mINFO  [m[[1;34mhttp-nio-8080-exec-1[m] [36mValidateCountedFractionServiceImpl[m - Start method validateQuantityFractionsV1, tradeId -> 1074888
[30m2026-08-27T14:36:35,580[m [32mINFO  [m[[1;34mhttp-nio-8080-exec-1[m] [36mValidateCountedFractionServiceImpl[m - Start method validateMaximumLimitFractionsV1
[30m2026-08-27T14:36:35,580[m [32mINFO  [m[[1;34mhttp-nio-8080-exec-1[m] [36mValidateCountedFractionServiceImpl[m - Start method validateQuantityFractionsV1, tradeId -> 1068743
[30m2026-08-27T14:36:35,580[m [32mINFO  [m[[1;34mhttp-nio-8080-exec-1[m] [36mValidateCountedFractionServiceImpl[m - Start method validateMaximumLimitFractionsV1
[30m2026-08-27T14:36:35,580[m [32mINFO  [m[[1;34mhttp-nio-8080-exec-1[m] [36mValidateCountedFractionServiceImpl[m - Start method validateQuantityFractionsV1, tradeId -> 1067149
[30m2026-08-27T14:36:35,580[m [32mINFO  [m[[1;34mhttp-nio-8080-exec-1[m] [36mValidateCountedFractionServiceImpl[m - Start method validateMaximumLimitFractionsV1
[30m2026-08-27T14:36:35,580[m [32mINFO  [m[[1;34mhttp-nio-8080-exec-1[m] [36mValidateCountedFractionServiceImpl[m - Start method validateQuantityFractionsV1, tradeId -> 1074890
[30m2026-08-27T14:36:35,580[m [32mINFO  [m[[1;34mhttp-nio-8080-exec-1[m] [36mValidateCountedFractionServiceImpl[m - Start method validateMaximumLimitFractionsV1
[30m2026-08-27T14:36:35,580[m [32mINFO  [m[[1;34mhttp-nio-8080-exec-1[m] [36mValidateCountedFractionServiceImpl[m - Start method validateQuantityFractionsV1, tradeId -> 1068746
[30m2026-08-27T14:36:35,580[m [32mINFO  [m[[1;34mhttp-nio-8080-exec-1[m] [36mValidateCountedFractionServiceImpl[m - Start method validateMaximumLimitFractionsV1
[30m2026-08-27T14:36:35,580[m [32mINFO  [m[[1;34mhttp-nio-8080-exec-1[m] [36mValidateCountedFractionServiceImpl[m - Start method validateQuantityFractionsV1, tradeId -> 1067151
[30m2026-08-27T14:36:35,580[m [32mINFO  [m[[1;34mhttp-nio-8080-exec-1[m] [36mValidateCountedFractionServiceImpl[m - Start method validateMaximumLimitFractionsV1
[30m2026-08-27T14:36:35,580[m [32mINFO  [m[[1;34mhttp-nio-8080-exec-1[m] [36mValidateCountedFractionServiceImpl[m - Start method validateQuantityFractionsV1, tradeId -> 1067154
[30m2026-08-27T14:36:35,580[m [32mINFO  [m[[1;34mhttp-nio-8080-exec-1[m] [36mValidateCountedFractionServiceImpl[m - Start method validateMaximumLimitFractionsV1
[30m2026-08-27T14:36:35,580[m [32mINFO  [m[[1;34mhttp-nio-8080-exec-1[m] [36mValidateCountedFractionServiceImpl[m - Start method validateQuantityFractionsV1, tradeId -> 1067156
[30m2026-08-27T14:36:35,580[m [32mINFO  [m[[1;34mhttp-nio-8080-exec-1[m] [36mValidateCountedFractionServiceImpl[m - Start method validateMaximumLimitFractionsV1
[30m2026-08-27T14:36:35,580[m [32mINFO  [m[[1;34mhttp-nio-8080-exec-1[m] [36mValidateCountedFractionServiceImpl[m - Start method validateQuantityFractionsV1, tradeId -> 1075660
[30m2026-08-27T14:36:35,580[m [32mINFO  [m[[1;34mhttp-nio-8080-exec-1[m] [36mValidateCountedFractionServiceImpl[m - Start method validateMaximumLimitFractionsV1
[30m2026-08-27T14:36:35,580[m [32mINFO  [m[[1;34mhttp-nio-8080-exec-1[m] [36mValidateCountedFractionServiceImpl[m - Start method validateQuantityFractionsV1, tradeId -> 1074900
[30m2026-08-27T14:36:35,580[m [32mINFO  [m[[1;34mhttp-nio-8080-exec-1[m] [36mValidateCountedFractionServiceImpl[m - Start method validateMaximumLimitFractionsV1
[30m2026-08-27T14:36:35,580[m [32mINFO  [m[[1;34mhttp-nio-8080-exec-1[m] [36mValidateCountedFractionServiceImpl[m - Start method validateQuantityFractionsV1, tradeId -> 1067158
[30m2026-08-27T14:36:35,580[m [32mINFO  [m[[1;34mhttp-nio-8080-exec-1[m] [36mValidateCountedFractionServiceImpl[m - Start method validateMaximumLimitFractionsV1
[30m2026-08-27T14:36:35,580[m [32mINFO  [m[[1;34mhttp-nio-8080-exec-1[m] [36mValidateCountedFractionServiceImpl[m - Start method validateQuantityFractionsV1, tradeId -> 1074901
[30m2026-08-27T14:36:35,580[m [32mINFO  [m[[1;34mhttp-nio-8080-exec-1[m] [36mValidateCountedFractionServiceImpl[m - Start method validateMaximumLimitFractionsV1
[30m2026-08-27T14:36:35,580[m [32mINFO  [m[[1;34mhttp-nio-8080-exec-1[m] [36mValidateCountedFractionServiceImpl[m - Start method validateQuantityFractionsV1, tradeId -> 1076349
[30m2026-08-27T14:36:35,581[m [32mINFO  [m[[1;34mhttp-nio-8080-exec-1[m] [36mValidateCountedFractionServiceImpl[m - Start method validateMaximumLimitFractionsV1
[30m2026-08-27T14:36:35,581[m [32mINFO  [m[[1;34mhttp-nio-8080-exec-1[m] [36mValidateCountedFractionServiceImpl[m - Start method validateQuantityFractionsV1, tradeId -> 1075661
[30m2026-08-27T14:36:35,581[m [32mINFO  [m[[1;34mhttp-nio-8080-exec-1[m] [36mValidateCountedFractionServiceImpl[m - Start method validateMaximumLimitFractionsV1
[30m2026-08-27T14:36:35,581[m [32mINFO  [m[[1;34mhttp-nio-8080-exec-1[m] [36mValidateCountedFractionServiceImpl[m - Start method validateQuantityFractionsV1, tradeId -> 1067160
[30m2026-08-27T14:36:35,581[m [32mINFO  [m[[1;34mhttp-nio-8080-exec-1[m] [36mValidateCountedFractionServiceImpl[m - Start method validateMaximumLimitFractionsV1
[30m2026-08-27T14:36:35,581[m [32mINFO  [m[[1;34mhttp-nio-8080-exec-1[m] [36mValidateCountedFractionServiceImpl[m - Start method validateQuantityFractionsV1, tradeId -> 1068752
[30m2026-08-27T14:36:35,581[m [32mINFO  [m[[1;34mhttp-nio-8080-exec-1[m] [36mValidateCountedFractionServiceImpl[m - Start method validateMaximumLimitFractionsV1
[30m2026-08-27T14:36:35,581[m [32mINFO  [m[[1;34mhttp-nio-8080-exec-1[m] [36mValidateCountedFractionServiceImpl[m - Start method validateQuantityFractionsV1, tradeId -> 1067162
[30m2026-08-27T14:36:35,581[m [32mINFO  [m[[1;34mhttp-nio-8080-exec-1[m] [36mValidateCountedFractionServiceImpl[m - Start method validateMaximumLimitFractionsV1
[30m2026-08-27T14:36:35,581[m [32mINFO  [m[[1;34mhttp-nio-8080-exec-1[m] [36mValidateCountedFractionServiceImpl[m - Start method validateQuantityFractionsV1, tradeId -> 1074902
[30m2026-08-27T14:36:35,581[m [32mINFO  [m[[1;34mhttp-nio-8080-exec-1[m] [36mValidateCountedFractionServiceImpl[m - Start method validateMaximumLimitFractionsV1
[30m2026-08-27T14:36:35,581[m [32mINFO  [m[[1;34mhttp-nio-8080-exec-1[m] [36mValidateCountedFractionServiceImpl[m - Start method validateQuantityFractionsV1, tradeId -> 1067163
[30m2026-08-27T14:36:35,581[m [32mINFO  [m[[1;34mhttp-nio-8080-exec-1[m] [36mValidateCountedFractionServiceImpl[m - Start method validateMaximumLimitFractionsV1
[30m2026-08-27T14:36:35,581[m [32mINFO  [m[[1;34mhttp-nio-8080-exec-1[m] [36mValidateCountedFractionServiceImpl[m - Start method validateQuantityFractionsV1, tradeId -> 1076351
[30m2026-08-27T14:36:35,581[m [32mINFO  [m[[1;34mhttp-nio-8080-exec-1[m] [36mValidateCountedFractionServiceImpl[m - Start method validateMaximumLimitFractionsV1
[30m2026-08-27T14:36:35,581[m [32mINFO  [m[[1;34mhttp-nio-8080-exec-1[m] [36mValidateCountedFractionServiceImpl[m - Start method validateQuantityFractionsV1, tradeId -> 1068753
[30m2026-08-27T14:36:35,581[m [32mINFO  [m[[1;34mhttp-nio-8080-exec-1[m] [36mValidateCountedFractionServiceImpl[m - Start method validateMaximumLimitFractionsV1
[30m2026-08-27T14:36:35,581[m [32mINFO  [m[[1;34mhttp-nio-8080-exec-1[m] [36mValidateCountedFractionServiceImpl[m - Start method validateQuantityFractionsV1, tradeId -> 1068754
[30m2026-08-27T14:36:35,581[m [32mINFO  [m[[1;34mhttp-nio-8080-exec-1[m] [36mValidateCountedFractionServiceImpl[m - Start method validateMaximumLimitFractionsV1
[30m2026-08-27T14:36:35,581[m [32mINFO  [m[[1;34mhttp-nio-8080-exec-1[m] [36mValidateCountedFractionServiceImpl[m - Start method validateQuantityFractionsV1, tradeId -> 1076352
[30m2026-08-27T14:36:35,581[m [32mINFO  [m[[1;34mhttp-nio-8080-exec-1[m] [36mValidateCountedFractionServiceImpl[m - Start method validateMaximumLimitFractionsV1
[30m2026-08-27T14:36:35,581[m [32mINFO  [m[[1;34mhttp-nio-8080-exec-1[m] [36mValidateCountedFractionServiceImpl[m - Start method validateQuantityFractionsV1, tradeId -> 1075662
[30m2026-08-27T14:36:35,581[m [32mINFO  [m[[1;34mhttp-nio-8080-exec-1[m] [36mValidateCountedFractionServiceImpl[m - Start method validateMaximumLimitFractionsV1
[30m2026-08-27T14:36:35,581[m [32mINFO  [m[[1;34mhttp-nio-8080-exec-1[m] [36mValidateCountedFractionServiceImpl[m - Start method validateQuantityFractionsV1, tradeId -> 1067165
[30m2026-08-27T14:36:35,581[m [32mINFO  [m[[1;34mhttp-nio-8080-exec-1[m] [36mValidateCountedFractionServiceImpl[m - Start method validateMaximumLimitFractionsV1
[30m2026-08-27T14:36:35,581[m [32mINFO  [m[[1;34mhttp-nio-8080-exec-1[m] [36mValidateCountedFractionServiceImpl[m - Start method validateQuantityFractionsV1, tradeId -> 1076354
[30m2026-08-27T14:36:35,581[m [32mINFO  [m[[1;34mhttp-nio-8080-exec-1[m] [36mValidateCountedFractionServiceImpl[m - Start method validateMaximumLimitFractionsV1
[30m2026-08-27T14:36:35,581[m [32mINFO  [m[[1;34mhttp-nio-8080-exec-1[m] [36mValidateCountedFractionServiceImpl[m - Start method validateQuantityFractionsV1, tradeId -> 1074903
[30m2026-08-27T14:36:35,581[m [32mINFO  [m[[1;34mhttp-nio-8080-exec-1[m] [36mValidateCountedFractionServiceImpl[m - Start method validateMaximumLimitFractionsV1
[30m2026-08-27T14:36:35,581[m [32mINFO  [m[[1;34mhttp-nio-8080-exec-1[m] [36mValidateCountedFractionServiceImpl[m - Start method validateQuantityFractionsV1, tradeId -> 1068755
[30m2026-08-27T14:36:35,581[m [32mINFO  [m[[1;34mhttp-nio-8080-exec-1[m] [36mValidateCountedFractionServiceImpl[m - Start method validateMaximumLimitFractionsV1
[30m2026-08-27T14:36:35,581[m [32mINFO  [m[[1;34mhttp-nio-8080-exec-1[m] [36mValidateCountedFractionServiceImpl[m - Start method validateQuantityFractionsV1, tradeId -> 1068756
[30m2026-08-27T14:36:35,581[m [32mINFO  [m[[1;34mhttp-nio-8080-exec-1[m] [36mValidateCountedFractionServiceImpl[m - Start method validateMaximumLimitFractionsV1
[30m2026-08-27T14:36:35,581[m [32mINFO  [m[[1;34mhttp-nio-8080-exec-1[m] [36mValidateCountedFractionServiceImpl[m - Start method validateQuantityFractionsV1, tradeId -> 1075663
[30m2026-08-27T14:36:35,581[m [32mINFO  [m[[1;34mhttp-nio-8080-exec-1[m] [36mValidateCountedFractionServiceImpl[m - Start method validateMaximumLimitFractionsV1
[30m2026-08-27T14:36:35,581[m [32mINFO  [m[[1;34mhttp-nio-8080-exec-1[m] [36mValidateCountedFractionServiceImpl[m - Start method validateQuantityFractionsV1, tradeId -> 1068757
[30m2026-08-27T14:36:35,581[m [32mINFO  [m[[1;34mhttp-nio-8080-exec-1[m] [36mValidateCountedFractionServiceImpl[m - Start method validateMaximumLimitFractionsV1
[30m2026-08-27T14:36:35,581[m [32mINFO  [m[[1;34mhttp-nio-8080-exec-1[m] [36mValidateCountedFractionServiceImpl[m - Start method validateQuantityFractionsV1, tradeId -> 1074904
[30m2026-08-27T14:36:35,581[m [32mINFO  [m[[1;34mhttp-nio-8080-exec-1[m] [36mValidateCountedFractionServiceImpl[m - Start method validateMaximumLimitFractionsV1
[30m2026-08-27T14:36:35,582[m [32mINFO  [m[[1;34mhttp-nio-8080-exec-1[m] [36mValidateCountedFractionServiceImpl[m - Start method validateQuantityFractionsV1, tradeId -> 1074905
[30m2026-08-27T14:36:35,582[m [32mINFO  [m[[1;34mhttp-nio-8080-exec-1[m] [36mValidateCountedFractionServiceImpl[m - Start method validateMaximumLimitFractionsV1
[30m2026-08-27T14:36:35,582[m [32mINFO  [m[[1;34mhttp-nio-8080-exec-1[m] [36mValidateCountedFractionServiceImpl[m - Start method validateQuantityFractionsV1, tradeId -> 1067167
[30m2026-08-27T14:36:35,582[m [32mINFO  [m[[1;34mhttp-nio-8080-exec-1[m] [36mValidateCountedFractionServiceImpl[m - Start method validateMaximumLimitFractionsV1
[30m2026-08-27T14:36:35,582[m [32mINFO  [m[[1;34mhttp-nio-8080-exec-1[m] [36mValidateCountedFractionServiceImpl[m - Start method validateQuantityFractionsV1, tradeId -> 1068762
[30m2026-08-27T14:36:35,582[m [32mINFO  [m[[1;34mhttp-nio-8080-exec-1[m] [36mValidateCountedFractionServiceImpl[m - Start method validateMaximumLimitFractionsV1
[30m2026-08-27T14:36:35,582[m [32mINFO  [m[[1;34mhttp-nio-8080-exec-1[m] [36mValidateCountedFractionServiceImpl[m - Start method validateQuantityFractionsV1, tradeId -> 1067169
[30m2026-08-27T14:36:35,582[m [32mINFO  [m[[1;34mhttp-nio-8080-exec-1[m] [36mValidateCountedFractionServiceImpl[m - Start method validateMaximumLimitFractionsV1
[30m2026-08-27T14:36:35,582[m [32mINFO  [m[[1;34mhttp-nio-8080-exec-1[m] [36mValidateCountedFractionServiceImpl[m - Start method validateQuantityFractionsV1, tradeId -> 1067170
[30m2026-08-27T14:36:35,582[m [32mINFO  [m[[1;34mhttp-nio-8080-exec-1[m] [36mValidateCountedFractionServiceImpl[m - Start method validateMaximumLimitFractionsV1
[30m2026-08-27T14:36:35,582[m [32mINFO  [m[[1;34mhttp-nio-8080-exec-1[m] [36mValidateCountedFractionServiceImpl[m - Start method validateQuantityFractionsV1, tradeId -> 1074912
[30m2026-08-27T14:36:35,582[m [32mINFO  [m[[1;34mhttp-nio-8080-exec-1[m] [36mValidateCountedFractionServiceImpl[m - Start method validateMaximumLimitFractionsV1
[30m2026-08-27T14:36:35,582[m [32mINFO  [m[[1;34mhttp-nio-8080-exec-1[m] [36mValidateCountedFractionServiceImpl[m - Start method validateQuantityFractionsV1, tradeId -> 1068767
[30m2026-08-27T14:36:35,582[m [32mINFO  [m[[1;34mhttp-nio-8080-exec-1[m] [36mValidateCountedFractionServiceImpl[m - Start method validateMaximumLimitFractionsV1
[30m2026-08-27T14:36:35,582[m [32mINFO  [m[[1;34mhttp-nio-8080-exec-1[m] [36mValidateCountedFractionServiceImpl[m - Start method validateQuantityFractionsV1, tradeId -> 1075672
[30m2026-08-27T14:36:35,582[m [32mINFO  [m[[1;34mhttp-nio-8080-exec-1[m] [36mValidateCountedFractionServiceImpl[m - Start method validateMaximumLimitFractionsV1
[30m2026-08-27T14:36:35,582[m [32mINFO  [m[[1;34mhttp-nio-8080-exec-1[m] [36mValidateCountedFractionServiceImpl[m - Start method validateQuantityFractionsV1, tradeId -> 1068768
[30m2026-08-27T14:36:35,582[m [32mINFO  [m[[1;34mhttp-nio-8080-exec-1[m] [36mValidateCountedFractionServiceImpl[m - Start method validateMaximumLimitFractionsV1
[30m2026-08-27T14:36:35,582[m [32mINFO  [m[[1;34mhttp-nio-8080-exec-1[m] [36mValidateCountedFractionServiceImpl[m - Start method validateQuantityFractionsV1, tradeId -> 1074913
[30m2026-08-27T14:36:35,582[m [32mINFO  [m[[1;34mhttp-nio-8080-exec-1[m] [36mValidateCountedFractionServiceImpl[m - Start method validateMaximumLimitFractionsV1
[30m2026-08-27T14:36:35,582[m [32mINFO  [m[[1;34mhttp-nio-8080-exec-1[m] [36mValidateCountedFractionServiceImpl[m - Start method validateQuantityFractionsV1, tradeId -> 1075673
[30m2026-08-27T14:36:35,582[m [32mINFO  [m[[1;34mhttp-nio-8080-exec-1[m] [36mValidateCountedFractionServiceImpl[m - Start method validateMaximumLimitFractionsV1
[30m2026-08-27T14:36:35,584[m [32mINFO  [m[[1;34mhttp-nio-8080-exec-1[m] [36mFractionationCountedServiceImpl[m - PERF_ASSIGNMENT_VALIDATION_BATCH batchId=d3cff577-f9d9-4327-acd8-57bad48dca3b inputCount=50 validCount=50 invalidCount=0 uniqueTrades=50 uniqueSides=1 uniqueParticipants=1 titleAccountResolutionRequests=50 titleAccountUniqueBusinessKeys=1 settlementLookupRequests=50 settlementUniqueTradeSides=50 settlementRepositoryCalls=1 settlementRowsLoaded=0 settlementPrefetchMs=2 cudLookupRequests=0 cudUniqueTradeSides=0 cudUniqueBusinessKeys=0 cudRepositoryCalls=0 cudRowsLoaded=0 cudPrefetchMs=0 tradePrefetchMs=515 sidePrefetchMs=0 participantPrefetchMs=14 accountResolutionMs=17 accountPrefetchMs=9 businessValidationMs=7 totalMs=568
[30m2026-08-27T14:36:35,584[m [32mINFO  [m[[1;34mhttp-nio-8080-exec-1[m] [36mRestClientUtils[m - Client [POST] http://operaciones-fracciones-contado-back-service/operations-fractionation-api/v1/fractionation/batch
[30m2026-08-27T14:36:37,365[m [32mINFO  [m[[1;34mhttp-nio-8080-exec-1[m] [36mFractionationCountedServiceImpl[m - PERF_ASSIGNMENT_BATCH service=cmd batchId=d3cff577-f9d9-4327-acd8-57bad48dca3b mode=RAW_VALIDATED configuredMaxBatchSize=80 receivedBatchSize=50 processedCount=50 successCount=50 failureCount=0 fractionationMs=1780 totalMs=1780
[30m2026-08-27T14:36:37,365[m [32mINFO  [m[[1;34mhttp-nio-8080-exec-1[m] [36mFractionationCountedServiceImpl[m - PERF_ASSIGNMENT_BATCH service=cmd batchId=d3cff577-f9d9-4327-acd8-57bad48dca3b mode=RAW configuredMaxBatchSize=80 receivedBatchSize=50 validCount=50 invalidCount=0 sentToFractionationCount=50 successCount=50 failureCount=0 totalMs=2350
[30m2026-08-27T14:36:37,367[m [32mINFO  [m[[1;34mhttp-nio-8080-exec-1[m] [36mGlobalFilter[m - Request [POST /operations-cmd-api/v1/fractionation/counted-operation/batch] completed in 2354 ms with status 200
[30m2026-08-27T14:36:37,399[m [32mINFO  [m[[1;34mhttp-nio-8080-exec-2[m] [36mGlobalFilter[m - ----------- Client User: operaciones-orquestador-ext-back ----------
[30m2026-08-27T14:36:37,874[m [32mINFO  [m[[1;34mhttp-nio-8080-exec-2[m] [36mValidateCountedFractionServiceImpl[m - Start method validateAccountFractionAssignmentV1, accountNumber -> 4021801, tradeId -> 1076361, sideId -> 1, originId -> 122, isLocalCorrection -> false
[30m2026-08-27T14:36:37,874[m [32mINFO  [m[[1;34mhttp-nio-8080-exec-2[m] [36mValidateCountedFractionServiceImpl[m - Searching participant account assignment for accountNumber -> 4021801, participantId -> 15, depositoryId -> 1
[30m2026-08-27T14:36:37,877[m [32mINFO  [m[[1;34mhttp-nio-8080-exec-2[m] [36mValidateCountedFractionServiceImpl[m - No participant account found for accountNumber -> 4021801
[30m2026-08-27T14:36:37,889[m [32mINFO  [m[[1;34mhttp-nio-8080-exec-2[m] [36mValidateCountedFractionServiceImpl[m - End method validateAccountFractionAssignmentV1, fractionAccountOutDto -> FractionAccountOutDto(participantAccount=null, investorAccount=InvestorAccountOutDto(id=57, investor=InvestorOutDto(id=167, code=CL00000001, firstName=Prueba Nombre 1, lastName=Prueba Nombre 2, companyName=TERCERO3509748, type=TypeOutDto(id=2, description=JURIDICO, category=PERSONA), status=StatusOutDto(id=515, description=ACTIVO, category=INVERSIONISTA, shortName=null), country=CountryOutDto(id=35, code=CL, name=CHILE, currency=CurrencyOutDto(id=30, code=CLP, name=PESO CHILENO), timeZone=UTC -3), documentNumber=8605303170, identificationType=IdentificationTypeOutDto(id=5, description=CEDULA DE CIUDADANÍA, code=CC), nationality=35, clearinghouseCode=null, gics=null, moneyLaunderingFlag=null, taxStatus=null), accountNumber=4021801, accountName=AMBIENTE 3  PRUEBA 3, status=StatusOutDto(id=570, description=ACTIVO, category=CUENTA_INVERSIONISTA, shortName=null), originType=TypeOutDto(id=120, description=TERCEROS, category=ORIGEN PUNTA), type=TypeOutDto(id=26, description=CUENTA DEPOSITO, category=CUENTA DEPOSITO), depository=DepositoryOutDto(id=1, description=DVL), participant=null, taxExemp=false), sourceQuoteType=TypeOutDto(id=120, description=TERCEROS, category=ORIGEN PUNTA), fiduciarySpecialist=false, jointAccount=false, masterAccount=false, custodian=null, milaDirectDepositor=null)
[30m2026-08-27T14:36:37,907[m [32mINFO  [m[[1;34mhttp-nio-8080-exec-2[m] [36mValidateCountedFractionServiceImpl[m - Start method validateQuantityFractionsV1, tradeId -> 1076361
[30m2026-08-27T14:36:37,908[m [32mINFO  [m[[1;34mhttp-nio-8080-exec-2[m] [36mValidateCountedFractionServiceImpl[m - Start method validateMaximumLimitFractionsV1
[30m2026-08-27T14:36:37,908[m [32mINFO  [m[[1;34mhttp-nio-8080-exec-2[m] [36mValidateCountedFractionServiceImpl[m - Start method validateQuantityFractionsV1, tradeId -> 1076362
[30m2026-08-27T14:36:37,908[m [32mINFO  [m[[1;34mhttp-nio-8080-exec-2[m] [36mValidateCountedFractionServiceImpl[m - Start method validateMaximumLimitFractionsV1
[30m2026-08-27T14:36:37,908[m [32mINFO  [m[[1;34mhttp-nio-8080-exec-2[m] [36mValidateCountedFractionServiceImpl[m - Start method validateQuantityFractionsV1, tradeId -> 1067172
[30m2026-08-27T14:36:37,908[m [32mINFO  [m[[1;34mhttp-nio-8080-exec-2[m] [36mValidateCountedFractionServiceImpl[m - Start method validateMaximumLimitFractionsV1
[30m2026-08-27T14:36:37,908[m [32mINFO  [m[[1;34mhttp-nio-8080-exec-2[m] [36mValidateCountedFractionServiceImpl[m - Start method validateQuantityFractionsV1, tradeId -> 1068769
[30m2026-08-27T14:36:37,908[m [32mINFO  [m[[1;34mhttp-nio-8080-exec-2[m] [36mValidateCountedFractionServiceImpl[m - Start method validateMaximumLimitFractionsV1
[30m2026-08-27T14:36:37,908[m [32mINFO  [m[[1;34mhttp-nio-8080-exec-2[m] [36mValidateCountedFractionServiceImpl[m - Start method validateQuantityFractionsV1, tradeId -> 1067174
[30m2026-08-27T14:36:37,908[m [32mINFO  [m[[1;34mhttp-nio-8080-exec-2[m] [36mValidateCountedFractionServiceImpl[m - Start method validateMaximumLimitFractionsV1
[30m2026-08-27T14:36:37,908[m [32mINFO  [m[[1;34mhttp-nio-8080-exec-2[m] [36mValidateCountedFractionServiceImpl[m - Start method validateQuantityFractionsV1, tradeId -> 1068770
[30m2026-08-27T14:36:37,908[m [32mINFO  [m[[1;34mhttp-nio-8080-exec-2[m] [36mValidateCountedFractionServiceImpl[m - Start method validateMaximumLimitFractionsV1
[30m2026-08-27T14:36:37,908[m [32mINFO  [m[[1;34mhttp-nio-8080-exec-2[m] [36mValidateCountedFractionServiceImpl[m - Start method validateQuantityFractionsV1, tradeId -> 1067176
[30m2026-08-27T14:36:37,908[m [32mINFO  [m[[1;34mhttp-nio-8080-exec-2[m] [36mValidateCountedFractionServiceImpl[m - Start method validateMaximumLimitFractionsV1
[30m2026-08-27T14:36:37,908[m [32mINFO  [m[[1;34mhttp-nio-8080-exec-2[m] [36mValidateCountedFractionServiceImpl[m - Start method validateQuantityFractionsV1, tradeId -> 1076364
[30m2026-08-27T14:36:37,909[m [32mINFO  [m[[1;34mhttp-nio-8080-exec-2[m] [36mValidateCountedFractionServiceImpl[m - Start method validateMaximumLimitFractionsV1
[30m2026-08-27T14:36:37,909[m [32mINFO  [m[[1;34mhttp-nio-8080-exec-2[m] [36mValidateCountedFractionServiceImpl[m - Start method validateQuantityFractionsV1, tradeId -> 1074922
[30m2026-08-27T14:36:37,909[m [32mINFO  [m[[1;34mhttp-nio-8080-exec-2[m] [36mValidateCountedFractionServiceImpl[m - Start method validateMaximumLimitFractionsV1
[30m2026-08-27T14:36:37,909[m [32mINFO  [m[[1;34mhttp-nio-8080-exec-2[m] [36mValidateCountedFractionServiceImpl[m - Start method validateQuantityFractionsV1, tradeId -> 1076365
[30m2026-08-27T14:36:37,909[m [32mINFO  [m[[1;34mhttp-nio-8080-exec-2[m] [36mValidateCountedFractionServiceImpl[m - Start method validateMaximumLimitFractionsV1
[30m2026-08-27T14:36:37,909[m [32mINFO  [m[[1;34mhttp-nio-8080-exec-2[m] [36mValidateCountedFractionServiceImpl[m - Start method validateQuantityFractionsV1, tradeId -> 1074923
[30m2026-08-27T14:36:37,909[m [32mINFO  [m[[1;34mhttp-nio-8080-exec-2[m] [36mValidateCountedFractionServiceImpl[m - Start method validateMaximumLimitFractionsV1
[30m2026-08-27T14:36:37,909[m [32mINFO  [m[[1;34mhttp-nio-8080-exec-2[m] [36mValidateCountedFractionServiceImpl[m - Start method validateQuantityFractionsV1, tradeId -> 1067178
[30m2026-08-27T14:36:37,909[m [32mINFO  [m[[1;34mhttp-nio-8080-exec-2[m] [36mValidateCountedFractionServiceImpl[m - Start method validateMaximumLimitFractionsV1
[30m2026-08-27T14:36:37,909[m [32mINFO  [m[[1;34mhttp-nio-8080-exec-2[m] [36mValidateCountedFractionServiceImpl[m - Start method validateQuantityFractionsV1, tradeId -> 1076367
[30m2026-08-27T14:36:37,909[m [32mINFO  [m[[1;34mhttp-nio-8080-exec-2[m] [36mValidateCountedFractionServiceImpl[m - Start method validateMaximumLimitFractionsV1
[30m2026-08-27T14:36:37,909[m [32mINFO  [m[[1;34mhttp-nio-8080-exec-2[m] [36mValidateCountedFractionServiceImpl[m - Start method validateQuantityFractionsV1, tradeId -> 1068775
[30m2026-08-27T14:36:37,909[m [32mINFO  [m[[1;34mhttp-nio-8080-exec-2[m] [36mValidateCountedFractionServiceImpl[m - Start method validateMaximumLimitFractionsV1
[30m2026-08-27T14:36:37,909[m [32mINFO  [m[[1;34mhttp-nio-8080-exec-2[m] [36mValidateCountedFractionServiceImpl[m - Start method validateQuantityFractionsV1, tradeId -> 1074926
[30m2026-08-27T14:36:37,909[m [32mINFO  [m[[1;34mhttp-nio-8080-exec-2[m] [36mValidateCountedFractionServiceImpl[m - Start method validateMaximumLimitFractionsV1
[30m2026-08-27T14:36:37,910[m [32mINFO  [m[[1;34mhttp-nio-8080-exec-2[m] [36mValidateCountedFractionServiceImpl[m - Start method validateQuantityFractionsV1, tradeId -> 1075677
[30m2026-08-27T14:36:37,910[m [32mINFO  [m[[1;34mhttp-nio-8080-exec-2[m] [36mValidateCountedFractionServiceImpl[m - Start method validateMaximumLimitFractionsV1
[30m2026-08-27T14:36:37,910[m [32mINFO  [m[[1;34mhttp-nio-8080-exec-2[m] [36mValidateCountedFractionServiceImpl[m - Start method validateQuantityFractionsV1, tradeId -> 1068776
[30m2026-08-27T14:36:37,910[m [32mINFO  [m[[1;34mhttp-nio-8080-exec-2[m] [36mValidateCountedFractionServiceImpl[m - Start method validateMaximumLimitFractionsV1
[30m2026-08-27T14:36:37,910[m [32mINFO  [m[[1;34mhttp-nio-8080-exec-2[m] [36mValidateCountedFractionServiceImpl[m - Start method validateQuantityFractionsV1, tradeId -> 1076368
[30m2026-08-27T14:36:37,910[m [32mINFO  [m[[1;34mhttp-nio-8080-exec-2[m] [36mValidateCountedFractionServiceImpl[m - Start method validateMaximumLimitFractionsV1
[30m2026-08-27T14:36:37,910[m [32mINFO  [m[[1;34mhttp-nio-8080-exec-2[m] [36mValidateCountedFractionServiceImpl[m - Start method validateQuantityFractionsV1, tradeId -> 1067180
[30m2026-08-27T14:36:37,910[m [32mINFO  [m[[1;34mhttp-nio-8080-exec-2[m] [36mValidateCountedFractionServiceImpl[m - Start method validateMaximumLimitFractionsV1
[30m2026-08-27T14:36:37,910[m [32mINFO  [m[[1;34mhttp-nio-8080-exec-2[m] [36mValidateCountedFractionServiceImpl[m - Start method validateQuantityFractionsV1, tradeId -> 1068777
[30m2026-08-27T14:36:37,910[m [32mINFO  [m[[1;34mhttp-nio-8080-exec-2[m] [36mValidateCountedFractionServiceImpl[m - Start method validateMaximumLimitFractionsV1
[30m2026-08-27T14:36:37,911[m [32mINFO  [m[[1;34mhttp-nio-8080-exec-2[m] [36mValidateCountedFractionServiceImpl[m - Start method validateQuantityFractionsV1, tradeId -> 1067182
[30m2026-08-27T14:36:37,911[m [32mINFO  [m[[1;34mhttp-nio-8080-exec-2[m] [36mValidateCountedFractionServiceImpl[m - Start method validateMaximumLimitFractionsV1
[30m2026-08-27T14:36:37,911[m [32mINFO  [m[[1;34mhttp-nio-8080-exec-2[m] [36mValidateCountedFractionServiceImpl[m - Start method validateQuantityFractionsV1, tradeId -> 1068779
[30m2026-08-27T14:36:37,911[m [32mINFO  [m[[1;34mhttp-nio-8080-exec-2[m] [36mValidateCountedFractionServiceImpl[m - Start method validateMaximumLimitFractionsV1
[30m2026-08-27T14:36:37,911[m [32mINFO  [m[[1;34mhttp-nio-8080-exec-2[m] [36mValidateCountedFractionServiceImpl[m - Start method validateQuantityFractionsV1, tradeId -> 1068780
[30m2026-08-27T14:36:37,911[m [32mINFO  [m[[1;34mhttp-nio-8080-exec-2[m] [36mValidateCountedFractionServiceImpl[m - Start method validateMaximumLimitFractionsV1
[30m2026-08-27T14:36:37,911[m [32mINFO  [m[[1;34mhttp-nio-8080-exec-2[m] [36mValidateCountedFractionServiceImpl[m - Start method validateQuantityFractionsV1, tradeId -> 1076372
[30m2026-08-27T14:36:37,911[m [32mINFO  [m[[1;34mhttp-nio-8080-exec-2[m] [36mValidateCountedFractionServiceImpl[m - Start method validateMaximumLimitFractionsV1
[30m2026-08-27T14:36:37,911[m [32mINFO  [m[[1;34mhttp-nio-8080-exec-2[m] [36mValidateCountedFractionServiceImpl[m - Start method validateQuantityFractionsV1, tradeId -> 1067184
[30m2026-08-27T14:36:37,911[m [32mINFO  [m[[1;34mhttp-nio-8080-exec-2[m] [36mValidateCountedFractionServiceImpl[m - Start method validateMaximumLimitFractionsV1
[30m2026-08-27T14:36:37,911[m [32mINFO  [m[[1;34mhttp-nio-8080-exec-2[m] [36mValidateCountedFractionServiceImpl[m - Start method validateQuantityFractionsV1, tradeId -> 1076373
[30m2026-08-27T14:36:37,911[m [32mINFO  [m[[1;34mhttp-nio-8080-exec-2[m] [36mValidateCountedFractionServiceImpl[m - Start method validateMaximumLimitFractionsV1
[30m2026-08-27T14:36:37,911[m [32mINFO  [m[[1;34mhttp-nio-8080-exec-2[m] [36mValidateCountedFractionServiceImpl[m - Start method validateQuantityFractionsV1, tradeId -> 1076374
[30m2026-08-27T14:36:37,911[m [32mINFO  [m[[1;34mhttp-nio-8080-exec-2[m] [36mValidateCountedFractionServiceImpl[m - Start method validateMaximumLimitFractionsV1
[30m2026-08-27T14:36:37,911[m [32mINFO  [m[[1;34mhttp-nio-8080-exec-2[m] [36mValidateCountedFractionServiceImpl[m - Start method validateQuantityFractionsV1, tradeId -> 1076375
[30m2026-08-27T14:36:37,911[m [32mINFO  [m[[1;34mhttp-nio-8080-exec-2[m] [36mValidateCountedFractionServiceImpl[m - Start method validateMaximumLimitFractionsV1
[30m2026-08-27T14:36:37,911[m [32mINFO  [m[[1;34mhttp-nio-8080-exec-2[m] [36mValidateCountedFractionServiceImpl[m - Start method validateQuantityFractionsV1, tradeId -> 1074932
[30m2026-08-27T14:36:37,911[m [32mINFO  [m[[1;34mhttp-nio-8080-exec-2[m] [36mValidateCountedFractionServiceImpl[m - Start method validateMaximumLimitFractionsV1
[30m2026-08-27T14:36:37,911[m [32mINFO  [m[[1;34mhttp-nio-8080-exec-2[m] [36mValidateCountedFractionServiceImpl[m - Start method validateQuantityFractionsV1, tradeId -> 1076376
[30m2026-08-27T14:36:37,911[m [32mINFO  [m[[1;34mhttp-nio-8080-exec-2[m] [36mValidateCountedFractionServiceImpl[m - Start method validateMaximumLimitFractionsV1
[30m2026-08-27T14:36:37,911[m [32mINFO  [m[[1;34mhttp-nio-8080-exec-2[m] [36mValidateCountedFractionServiceImpl[m - Start method validateQuantityFractionsV1, tradeId -> 1074933
[30m2026-08-27T14:36:37,911[m [32mINFO  [m[[1;34mhttp-nio-8080-exec-2[m] [36mValidateCountedFractionServiceImpl[m - Start method validateMaximumLimitFractionsV1
[30m2026-08-27T14:36:37,911[m [32mINFO  [m[[1;34mhttp-nio-8080-exec-2[m] [36mValidateCountedFractionServiceImpl[m - Start method validateQuantityFractionsV1, tradeId -> 1075679
[30m2026-08-27T14:36:37,911[m [32mINFO  [m[[1;34mhttp-nio-8080-exec-2[m] [36mValidateCountedFractionServiceImpl[m - Start method validateMaximumLimitFractionsV1
[30m2026-08-27T14:36:37,911[m [32mINFO  [m[[1;34mhttp-nio-8080-exec-2[m] [36mValidateCountedFractionServiceImpl[m - Start method validateQuantityFractionsV1, tradeId -> 1075680
[30m2026-08-27T14:36:37,911[m [32mINFO  [m[[1;34mhttp-nio-8080-exec-2[m] [36mValidateCountedFractionServiceImpl[m - Start method validateMaximumLimitFractionsV1
[30m2026-08-27T14:36:37,911[m [32mINFO  [m[[1;34mhttp-nio-8080-exec-2[m] [36mValidateCountedFractionServiceImpl[m - Start method validateQuantityFractionsV1, tradeId -> 1076377
[30m2026-08-27T14:36:37,911[m [32mINFO  [m[[1;34mhttp-nio-8080-exec-2[m] [36mValidateCountedFractionServiceImpl[m - Start method validateMaximumLimitFractionsV1
[30m2026-08-27T14:36:37,911[m [32mINFO  [m[[1;34mhttp-nio-8080-exec-2[m] [36mValidateCountedFractionServiceImpl[m - Start method validateQuantityFractionsV1, tradeId -> 1075681
[30m2026-08-27T14:36:37,911[m [32mINFO  [m[[1;34mhttp-nio-8080-exec-2[m] [36mValidateCountedFractionServiceImpl[m - Start method validateMaximumLimitFractionsV1
[30m2026-08-27T14:36:37,912[m [32mINFO  [m[[1;34mhttp-nio-8080-exec-2[m] [36mValidateCountedFractionServiceImpl[m - Start method validateQuantityFractionsV1, tradeId -> 1074934
[30m2026-08-27T14:36:37,912[m [32mINFO  [m[[1;34mhttp-nio-8080-exec-2[m] [36mValidateCountedFractionServiceImpl[m - Start method validateMaximumLimitFractionsV1
[30m2026-08-27T14:36:37,912[m [32mINFO  [m[[1;34mhttp-nio-8080-exec-2[m] [36mValidateCountedFractionServiceImpl[m - Start method validateQuantityFractionsV1, tradeId -> 1075682
[30m2026-08-27T14:36:37,912[m [32mINFO  [m[[1;34mhttp-nio-8080-exec-2[m] [36mValidateCountedFractionServiceImpl[m - Start method validateMaximumLimitFractionsV1
[30m2026-08-27T14:36:37,912[m [32mINFO  [m[[1;34mhttp-nio-8080-exec-2[m] [36mValidateCountedFractionServiceImpl[m - Start method validateQuantityFractionsV1, tradeId -> 1076378
[30m2026-08-27T14:36:37,912[m [32mINFO  [m[[1;34mhttp-nio-8080-exec-2[m] [36mValidateCountedFractionServiceImpl[m - Start method validateMaximumLimitFractionsV1
[30m2026-08-27T14:36:37,912[m [32mINFO  [m[[1;34mhttp-nio-8080-exec-2[m] [36mValidateCountedFractionServiceImpl[m - Start method validateQuantityFractionsV1, tradeId -> 1067186
[30m2026-08-27T14:36:37,912[m [32mINFO  [m[[1;34mhttp-nio-8080-exec-2[m] [36mValidateCountedFractionServiceImpl[m - Start method validateMaximumLimitFractionsV1
[30m2026-08-27T14:36:37,912[m [32mINFO  [m[[1;34mhttp-nio-8080-exec-2[m] [36mValidateCountedFractionServiceImpl[m - Start method validateQuantityFractionsV1, tradeId -> 1074935
[30m2026-08-27T14:36:37,912[m [32mINFO  [m[[1;34mhttp-nio-8080-exec-2[m] [36mValidateCountedFractionServiceImpl[m - Start method validateMaximumLimitFractionsV1
[30m2026-08-27T14:36:37,912[m [32mINFO  [m[[1;34mhttp-nio-8080-exec-2[m] [36mValidateCountedFractionServiceImpl[m - Start method validateQuantityFractionsV1, tradeId -> 1074936
[30m2026-08-27T14:36:37,912[m [32mINFO  [m[[1;34mhttp-nio-8080-exec-2[m] [36mValidateCountedFractionServiceImpl[m - Start method validateMaximumLimitFractionsV1
[30m2026-08-27T14:36:37,912[m [32mINFO  [m[[1;34mhttp-nio-8080-exec-2[m] [36mValidateCountedFractionServiceImpl[m - Start method validateQuantityFractionsV1, tradeId -> 1067188
[30m2026-08-27T14:36:37,912[m [32mINFO  [m[[1;34mhttp-nio-8080-exec-2[m] [36mValidateCountedFractionServiceImpl[m - Start method validateMaximumLimitFractionsV1
[30m2026-08-27T14:36:37,912[m [32mINFO  [m[[1;34mhttp-nio-8080-exec-2[m] [36mValidateCountedFractionServiceImpl[m - Start method validateQuantityFractionsV1, tradeId -> 1068784
[30m2026-08-27T14:36:37,912[m [32mINFO  [m[[1;34mhttp-nio-8080-exec-2[m] [36mValidateCountedFractionServiceImpl[m - Start method validateMaximumLimitFractionsV1
[30m2026-08-27T14:36:37,912[m [32mINFO  [m[[1;34mhttp-nio-8080-exec-2[m] [36mValidateCountedFractionServiceImpl[m - Start method validateQuantityFractionsV1, tradeId -> 1074937
[30m2026-08-27T14:36:37,912[m [32mINFO  [m[[1;34mhttp-nio-8080-exec-2[m] [36mValidateCountedFractionServiceImpl[m - Start method validateMaximumLimitFractionsV1
[30m2026-08-27T14:36:37,912[m [32mINFO  [m[[1;34mhttp-nio-8080-exec-2[m] [36mValidateCountedFractionServiceImpl[m - Start method validateQuantityFractionsV1, tradeId -> 1068785
[30m2026-08-27T14:36:37,912[m [32mINFO  [m[[1;34mhttp-nio-8080-exec-2[m] [36mValidateCountedFractionServiceImpl[m - Start method validateMaximumLimitFractionsV1
[30m2026-08-27T14:36:37,912[m [32mINFO  [m[[1;34mhttp-nio-8080-exec-2[m] [36mValidateCountedFractionServiceImpl[m - Start method validateQuantityFractionsV1, tradeId -> 1075685
[30m2026-08-27T14:36:37,912[m [32mINFO  [m[[1;34mhttp-nio-8080-exec-2[m] [36mValidateCountedFractionServiceImpl[m - Start method validateMaximumLimitFractionsV1
[30m2026-08-27T14:36:37,913[m [32mINFO  [m[[1;34mhttp-nio-8080-exec-2[m] [36mValidateCountedFractionServiceImpl[m - Start method validateQuantityFractionsV1, tradeId -> 1068786
[30m2026-08-27T14:36:37,913[m [32mINFO  [m[[1;34mhttp-nio-8080-exec-2[m] [36mValidateCountedFractionServiceImpl[m - Start method validateMaximumLimitFractionsV1
[30m2026-08-27T14:36:37,913[m [32mINFO  [m[[1;34mhttp-nio-8080-exec-2[m] [36mValidateCountedFractionServiceImpl[m - Start method validateQuantityFractionsV1, tradeId -> 1074938
[30m2026-08-27T14:36:37,913[m [32mINFO  [m[[1;34mhttp-nio-8080-exec-2[m] [36mValidateCountedFractionServiceImpl[m - Start method validateMaximumLimitFractionsV1
[30m2026-08-27T14:36:37,913[m [32mINFO  [m[[1;34mhttp-nio-8080-exec-2[m] [36mValidateCountedFractionServiceImpl[m - Start method validateQuantityFractionsV1, tradeId -> 1067190
[30m2026-08-27T14:36:37,913[m [32mINFO  [m[[1;34mhttp-nio-8080-exec-2[m] [36mValidateCountedFractionServiceImpl[m - Start method validateMaximumLimitFractionsV1
[30m2026-08-27T14:36:37,913[m [32mINFO  [m[[1;34mhttp-nio-8080-exec-2[m] [36mValidateCountedFractionServiceImpl[m - Start method validateQuantityFractionsV1, tradeId -> 1075686
[30m2026-08-27T14:36:37,913[m [32mINFO  [m[[1;34mhttp-nio-8080-exec-2[m] [36mValidateCountedFractionServiceImpl[m - Start method validateMaximumLimitFractionsV1
[30m2026-08-27T14:36:37,913[m [32mINFO  [m[[1;34mhttp-nio-8080-exec-2[m] [36mFractionationCountedServiceImpl[m - PERF_ASSIGNMENT_VALIDATION_BATCH batchId=faab43ff-a09b-4d43-bfce-8fce2ff445af inputCount=50 validCount=50 invalidCount=0 uniqueTrades=50 uniqueSides=1 uniqueParticipants=1 titleAccountResolutionRequests=50 titleAccountUniqueBusinessKeys=1 settlementLookupRequests=50 settlementUniqueTradeSides=50 settlementRepositoryCalls=1 settlementRowsLoaded=0 settlementPrefetchMs=3 cudLookupRequests=0 cudUniqueTradeSides=0 cudUniqueBusinessKeys=0 cudRepositoryCalls=0 cudRowsLoaded=0 cudPrefetchMs=0 tradePrefetchMs=459 sidePrefetchMs=0 participantPrefetchMs=12 accountResolutionMs=16 accountPrefetchMs=11 businessValidationMs=8 totalMs=511
[30m2026-08-27T14:36:37,914[m [32mINFO  [m[[1;34mhttp-nio-8080-exec-2[m] [36mRestClientUtils[m - Client [POST] http://operaciones-fracciones-contado-back-service/operations-fractionation-api/v1/fractionation/batch
[30m2026-08-27T14:36:39,657[m [32mINFO  [m[[1;34mhttp-nio-8080-exec-2[m] [36mFractionationCountedServiceImpl[m - PERF_ASSIGNMENT_BATCH service=cmd batchId=faab43ff-a09b-4d43-bfce-8fce2ff445af mode=RAW_VALIDATED configuredMaxBatchSize=80 receivedBatchSize=50 processedCount=50 successCount=50 failureCount=0 fractionationMs=1742 totalMs=1742
[30m2026-08-27T14:36:39,657[m [32mINFO  [m[[1;34mhttp-nio-8080-exec-2[m] [36mFractionationCountedServiceImpl[m - PERF_ASSIGNMENT_BATCH service=cmd batchId=faab43ff-a09b-4d43-bfce-8fce2ff445af mode=RAW configuredMaxBatchSize=80 receivedBatchSize=50 validCount=50 invalidCount=0 sentToFractionationCount=50 successCount=50 failureCount=0 totalMs=2255
[30m2026-08-27T14:36:39,658[m [32mINFO  [m[[1;34mhttp-nio-8080-exec-2[m] [36mGlobalFilter[m - Request [POST /operations-cmd-api/v1/fractionation/counted-operation/batch] completed in 2259 ms with status 200
[30m2026-08-27T14:36:39,684[m [32mINFO  [m[[1;34mhttp-nio-8080-exec-3[m] [36mGlobalFilter[m - ----------- Client User: operaciones-orquestador-ext-back ----------
[30m2026-08-27T14:36:40,023[m [32mINFO  [m[[1;34mhttp-nio-8080-exec-3[m] [36mValidateCountedFractionServiceImpl[m - Start method validateAccountFractionAssignmentV1, accountNumber -> 4021801, tradeId -> 1076383, sideId -> 1, originId -> 122, isLocalCorrection -> false
[30m2026-08-27T14:36:40,023[m [32mINFO  [m[[1;34mhttp-nio-8080-exec-3[m] [36mValidateCountedFractionServiceImpl[m - Searching participant account assignment for accountNumber -> 4021801, participantId -> 15, depositoryId -> 1
[30m2026-08-27T14:36:40,025[m [32mINFO  [m[[1;34mhttp-nio-8080-exec-3[m] [36mValidateCountedFractionServiceImpl[m - No participant account found for accountNumber -> 4021801
[30m2026-08-27T14:36:40,038[m [32mINFO  [m[[1;34mhttp-nio-8080-exec-3[m] [36mValidateCountedFractionServiceImpl[m - End method validateAccountFractionAssignmentV1, fractionAccountOutDto -> FractionAccountOutDto(participantAccount=null, investorAccount=InvestorAccountOutDto(id=57, investor=InvestorOutDto(id=167, code=CL00000001, firstName=Prueba Nombre 1, lastName=Prueba Nombre 2, companyName=TERCERO3509748, type=TypeOutDto(id=2, description=JURIDICO, category=PERSONA), status=StatusOutDto(id=515, description=ACTIVO, category=INVERSIONISTA, shortName=null), country=CountryOutDto(id=35, code=CL, name=CHILE, currency=CurrencyOutDto(id=30, code=CLP, name=PESO CHILENO), timeZone=UTC -3), documentNumber=8605303170, identificationType=IdentificationTypeOutDto(id=5, description=CEDULA DE CIUDADANÍA, code=CC), nationality=35, clearinghouseCode=null, gics=null, moneyLaunderingFlag=null, taxStatus=null), accountNumber=4021801, accountName=AMBIENTE 3  PRUEBA 3, status=StatusOutDto(id=570, description=ACTIVO, category=CUENTA_INVERSIONISTA, shortName=null), originType=TypeOutDto(id=120, description=TERCEROS, category=ORIGEN PUNTA), type=TypeOutDto(id=26, description=CUENTA DEPOSITO, category=CUENTA DEPOSITO), depository=DepositoryOutDto(id=1, description=DVL), participant=null, taxExemp=false), sourceQuoteType=TypeOutDto(id=120, description=TERCEROS, category=ORIGEN PUNTA), fiduciarySpecialist=false, jointAccount=false, masterAccount=false, custodian=null, milaDirectDepositor=null)
[30m2026-08-27T14:36:40,057[m [32mINFO  [m[[1;34mhttp-nio-8080-exec-3[m] [36mValidateCountedFractionServiceImpl[m - Start method validateQuantityFractionsV1, tradeId -> 1076383
[30m2026-08-27T14:36:40,057[m [32mINFO  [m[[1;34mhttp-nio-8080-exec-3[m] [36mValidateCountedFractionServiceImpl[m - Start method validateMaximumLimitFractionsV1
[30m2026-08-27T14:36:40,058[m [32mINFO  [m[[1;34mhttp-nio-8080-exec-3[m] [36mValidateCountedFractionServiceImpl[m - Start method validateQuantityFractionsV1, tradeId -> 1067192
[30m2026-08-27T14:36:40,058[m [32mINFO  [m[[1;34mhttp-nio-8080-exec-3[m] [36mValidateCountedFractionServiceImpl[m - Start method validateMaximumLimitFractionsV1
[30m2026-08-27T14:36:40,058[m [32mINFO  [m[[1;34mhttp-nio-8080-exec-3[m] [36mValidateCountedFractionServiceImpl[m - Start method validateQuantityFractionsV1, tradeId -> 1075689
[30m2026-08-27T14:36:40,058[m [32mINFO  [m[[1;34mhttp-nio-8080-exec-3[m] [36mValidateCountedFractionServiceImpl[m - Start method validateMaximumLimitFractionsV1
[30m2026-08-27T14:36:40,058[m [32mINFO  [m[[1;34mhttp-nio-8080-exec-3[m] [36mValidateCountedFractionServiceImpl[m - Start method validateQuantityFractionsV1, tradeId -> 1074940
[30m2026-08-27T14:36:40,058[m [32mINFO  [m[[1;34mhttp-nio-8080-exec-3[m] [36mValidateCountedFractionServiceImpl[m - Start method validateMaximumLimitFractionsV1
[30m2026-08-27T14:36:40,058[m [32mINFO  [m[[1;34mhttp-nio-8080-exec-3[m] [36mValidateCountedFractionServiceImpl[m - Start method validateQuantityFractionsV1, tradeId -> 1068788
[30m2026-08-27T14:36:40,058[m [32mINFO  [m[[1;34mhttp-nio-8080-exec-3[m] [36mValidateCountedFractionServiceImpl[m - Start method validateMaximumLimitFractionsV1
[30m2026-08-27T14:36:40,058[m [32mINFO  [m[[1;34mhttp-nio-8080-exec-3[m] [36mValidateCountedFractionServiceImpl[m - Start method validateQuantityFractionsV1, tradeId -> 1068789
[30m2026-08-27T14:36:40,058[m [32mINFO  [m[[1;34mhttp-nio-8080-exec-3[m] [36mValidateCountedFractionServiceImpl[m - Start method validateMaximumLimitFractionsV1
[30m2026-08-27T14:36:40,058[m [32mINFO  [m[[1;34mhttp-nio-8080-exec-3[m] [36mValidateCountedFractionServiceImpl[m - Start method validateQuantityFractionsV1, tradeId -> 1067193
[30m2026-08-27T14:36:40,058[m [32mINFO  [m[[1;34mhttp-nio-8080-exec-3[m] [36mValidateCountedFractionServiceImpl[m - Start method validateMaximumLimitFractionsV1
[30m2026-08-27T14:36:40,058[m [32mINFO  [m[[1;34mhttp-nio-8080-exec-3[m] [36mValidateCountedFractionServiceImpl[m - Start method validateQuantityFractionsV1, tradeId -> 1075690
[30m2026-08-27T14:36:40,058[m [32mINFO  [m[[1;34mhttp-nio-8080-exec-3[m] [36mValidateCountedFractionServiceImpl[m - Start method validateMaximumLimitFractionsV1
[30m2026-08-27T14:36:40,058[m [32mINFO  [m[[1;34mhttp-nio-8080-exec-3[m] [36mValidateCountedFractionServiceImpl[m - Start method validateQuantityFractionsV1, tradeId -> 1075691
[30m2026-08-27T14:36:40,058[m [32mINFO  [m[[1;34mhttp-nio-8080-exec-3[m] [36mValidateCountedFractionServiceImpl[m - Start method validateMaximumLimitFractionsV1
[30m2026-08-27T14:36:40,059[m [32mINFO  [m[[1;34mhttp-nio-8080-exec-3[m] [36mValidateCountedFractionServiceImpl[m - Start method validateQuantityFractionsV1, tradeId -> 1074941
[30m2026-08-27T14:36:40,059[m [32mINFO  [m[[1;34mhttp-nio-8080-exec-3[m] [36mValidateCountedFractionServiceImpl[m - Start method validateMaximumLimitFractionsV1
[30m2026-08-27T14:36:40,059[m [32mINFO  [m[[1;34mhttp-nio-8080-exec-3[m] [36mValidateCountedFractionServiceImpl[m - Start method validateQuantityFractionsV1, tradeId -> 1075692
[30m2026-08-27T14:36:40,059[m [32mINFO  [m[[1;34mhttp-nio-8080-exec-3[m] [36mValidateCountedFractionServiceImpl[m - Start method validateMaximumLimitFractionsV1
[30m2026-08-27T14:36:40,059[m [32mINFO  [m[[1;34mhttp-nio-8080-exec-3[m] [36mValidateCountedFractionServiceImpl[m - Start method validateQuantityFractionsV1, tradeId -> 1068790
[30m2026-08-27T14:36:40,059[m [32mINFO  [m[[1;34mhttp-nio-8080-exec-3[m] [36mValidateCountedFractionServiceImpl[m - Start method validateMaximumLimitFractionsV1
[30m2026-08-27T14:36:40,059[m [32mINFO  [m[[1;34mhttp-nio-8080-exec-3[m] [36mValidateCountedFractionServiceImpl[m - Start method validateQuantityFractionsV1, tradeId -> 1076385
[30m2026-08-27T14:36:40,059[m [32mINFO  [m[[1;34mhttp-nio-8080-exec-3[m] [36mValidateCountedFractionServiceImpl[m - Start method validateMaximumLimitFractionsV1
[30m2026-08-27T14:36:40,059[m [32mINFO  [m[[1;34mhttp-nio-8080-exec-3[m] [36mValidateCountedFractionServiceImpl[m - Start method validateQuantityFractionsV1, tradeId -> 1068791
[30m2026-08-27T14:36:40,059[m [32mINFO  [m[[1;34mhttp-nio-8080-exec-3[m] [36mValidateCountedFractionServiceImpl[m - Start method validateMaximumLimitFractionsV1
[30m2026-08-27T14:36:40,059[m [32mINFO  [m[[1;34mhttp-nio-8080-exec-3[m] [36mValidateCountedFractionServiceImpl[m - Start method validateQuantityFractionsV1, tradeId -> 1074943
[30m2026-08-27T14:36:40,059[m [32mINFO  [m[[1;34mhttp-nio-8080-exec-3[m] [36mValidateCountedFractionServiceImpl[m - Start method validateMaximumLimitFractionsV1
[30m2026-08-27T14:36:40,059[m [32mINFO  [m[[1;34mhttp-nio-8080-exec-3[m] [36mValidateCountedFractionServiceImpl[m - Start method validateQuantityFractionsV1, tradeId -> 1076386
[30m2026-08-27T14:36:40,059[m [32mINFO  [m[[1;34mhttp-nio-8080-exec-3[m] [36mValidateCountedFractionServiceImpl[m - Start method validateMaximumLimitFractionsV1
[30m2026-08-27T14:36:40,059[m [32mINFO  [m[[1;34mhttp-nio-8080-exec-3[m] [36mValidateCountedFractionServiceImpl[m - Start method validateQuantityFractionsV1, tradeId -> 1068792
[30m2026-08-27T14:36:40,059[m [32mINFO  [m[[1;34mhttp-nio-8080-exec-3[m] [36mValidateCountedFractionServiceImpl[m - Start method validateMaximumLimitFractionsV1
[30m2026-08-27T14:36:40,059[m [32mINFO  [m[[1;34mhttp-nio-8080-exec-3[m] [36mValidateCountedFractionServiceImpl[m - Start method validateQuantityFractionsV1, tradeId -> 1067195
[30m2026-08-27T14:36:40,059[m [32mINFO  [m[[1;34mhttp-nio-8080-exec-3[m] [36mValidateCountedFractionServiceImpl[m - Start method validateMaximumLimitFractionsV1
[30m2026-08-27T14:36:40,059[m [32mINFO  [m[[1;34mhttp-nio-8080-exec-3[m] [36mValidateCountedFractionServiceImpl[m - Start method validateQuantityFractionsV1, tradeId -> 1067196
[30m2026-08-27T14:36:40,059[m [32mINFO  [m[[1;34mhttp-nio-8080-exec-3[m] [36mValidateCountedFractionServiceImpl[m - Start method validateMaximumLimitFractionsV1
[30m2026-08-27T14:36:40,059[m [32mINFO  [m[[1;34mhttp-nio-8080-exec-3[m] [36mValidateCountedFractionServiceImpl[m - Start method validateQuantityFractionsV1, tradeId -> 1076387
[30m2026-08-27T14:36:40,059[m [32mINFO  [m[[1;34mhttp-nio-8080-exec-3[m] [36mValidateCountedFractionServiceImpl[m - Start method validateMaximumLimitFractionsV1
[30m2026-08-27T14:36:40,059[m [32mINFO  [m[[1;34mhttp-nio-8080-exec-3[m] [36mValidateCountedFractionServiceImpl[m - Start method validateQuantityFractionsV1, tradeId -> 1074944
[30m2026-08-27T14:36:40,059[m [32mINFO  [m[[1;34mhttp-nio-8080-exec-3[m] [36mValidateCountedFractionServiceImpl[m - Start method validateMaximumLimitFractionsV1
[30m2026-08-27T14:36:40,059[m [32mINFO  [m[[1;34mhttp-nio-8080-exec-3[m] [36mValidateCountedFractionServiceImpl[m - Start method validateQuantityFractionsV1, tradeId -> 1068793
[30m2026-08-27T14:36:40,059[m [32mINFO  [m[[1;34mhttp-nio-8080-exec-3[m] [36mValidateCountedFractionServiceImpl[m - Start method validateMaximumLimitFractionsV1
[30m2026-08-27T14:36:40,059[m [32mINFO  [m[[1;34mhttp-nio-8080-exec-3[m] [36mValidateCountedFractionServiceImpl[m - Start method validateQuantityFractionsV1, tradeId -> 1068794
[30m2026-08-27T14:36:40,060[m [32mINFO  [m[[1;34mhttp-nio-8080-exec-3[m] [36mValidateCountedFractionServiceImpl[m - Start method validateMaximumLimitFractionsV1
[30m2026-08-27T14:36:40,060[m [32mINFO  [m[[1;34mhttp-nio-8080-exec-3[m] [36mValidateCountedFractionServiceImpl[m - Start method validateQuantityFractionsV1, tradeId -> 1068795
[30m2026-08-27T14:36:40,060[m [32mINFO  [m[[1;34mhttp-nio-8080-exec-3[m] [36mValidateCountedFractionServiceImpl[m - Start method validateMaximumLimitFractionsV1
[30m2026-08-27T14:36:40,060[m [32mINFO  [m[[1;34mhttp-nio-8080-exec-3[m] [36mValidateCountedFractionServiceImpl[m - Start method validateQuantityFractionsV1, tradeId -> 1068796
[30m2026-08-27T14:36:40,060[m [32mINFO  [m[[1;34mhttp-nio-8080-exec-3[m] [36mValidateCountedFractionServiceImpl[m - Start method validateMaximumLimitFractionsV1
[30m2026-08-27T14:36:40,060[m [32mINFO  [m[[1;34mhttp-nio-8080-exec-3[m] [36mValidateCountedFractionServiceImpl[m - Start method validateQuantityFractionsV1, tradeId -> 1076388
[30m2026-08-27T14:36:40,060[m [32mINFO  [m[[1;34mhttp-nio-8080-exec-3[m] [36mValidateCountedFractionServiceImpl[m - Start method validateMaximumLimitFractionsV1
[30m2026-08-27T14:36:40,060[m [32mINFO  [m[[1;34mhttp-nio-8080-exec-3[m] [36mValidateCountedFractionServiceImpl[m - Start method validateQuantityFractionsV1, tradeId -> 1075693
[30m2026-08-27T14:36:40,060[m [32mINFO  [m[[1;34mhttp-nio-8080-exec-3[m] [36mValidateCountedFractionServiceImpl[m - Start method validateMaximumLimitFractionsV1
[30m2026-08-27T14:36:40,060[m [32mINFO  [m[[1;34mhttp-nio-8080-exec-3[m] [36mValidateCountedFractionServiceImpl[m - Start method validateQuantityFractionsV1, tradeId -> 1067197
[30m2026-08-27T14:36:40,060[m [32mINFO  [m[[1;34mhttp-nio-8080-exec-3[m] [36mValidateCountedFractionServiceImpl[m - Start method validateMaximumLimitFractionsV1
[30m2026-08-27T14:36:40,060[m [32mINFO  [m[[1;34mhttp-nio-8080-exec-3[m] [36mValidateCountedFractionServiceImpl[m - Start method validateQuantityFractionsV1, tradeId -> 1076389
[30m2026-08-27T14:36:40,060[m [32mINFO  [m[[1;34mhttp-nio-8080-exec-3[m] [36mValidateCountedFractionServiceImpl[m - Start method validateMaximumLimitFractionsV1
[30m2026-08-27T14:36:40,060[m [32mINFO  [m[[1;34mhttp-nio-8080-exec-3[m] [36mValidateCountedFractionServiceImpl[m - Start method validateQuantityFractionsV1, tradeId -> 1068797
[30m2026-08-27T14:36:40,060[m [32mINFO  [m[[1;34mhttp-nio-8080-exec-3[m] [36mValidateCountedFractionServiceImpl[m - Start method validateMaximumLimitFractionsV1
[30m2026-08-27T14:36:40,060[m [32mINFO  [m[[1;34mhttp-nio-8080-exec-3[m] [36mValidateCountedFractionServiceImpl[m - Start method validateQuantityFractionsV1, tradeId -> 1074945
[30m2026-08-27T14:36:40,060[m [32mINFO  [m[[1;34mhttp-nio-8080-exec-3[m] [36mValidateCountedFractionServiceImpl[m - Start method validateMaximumLimitFractionsV1
[30m2026-08-27T14:36:40,060[m [32mINFO  [m[[1;34mhttp-nio-8080-exec-3[m] [36mValidateCountedFractionServiceImpl[m - Start method validateQuantityFractionsV1, tradeId -> 1074946
[30m2026-08-27T14:36:40,060[m [32mINFO  [m[[1;34mhttp-nio-8080-exec-3[m] [36mValidateCountedFractionServiceImpl[m - Start method validateMaximumLimitFractionsV1
[30m2026-08-27T14:36:40,060[m [32mINFO  [m[[1;34mhttp-nio-8080-exec-3[m] [36mValidateCountedFractionServiceImpl[m - Start method validateQuantityFractionsV1, tradeId -> 1068798
[30m2026-08-27T14:36:40,060[m [32mINFO  [m[[1;34mhttp-nio-8080-exec-3[m] [36mValidateCountedFractionServiceImpl[m - Start method validateMaximumLimitFractionsV1
[30m2026-08-27T14:36:40,061[m [32mINFO  [m[[1;34mhttp-nio-8080-exec-3[m] [36mValidateCountedFractionServiceImpl[m - Start method validateQuantityFractionsV1, tradeId -> 1075694
[30m2026-08-27T14:36:40,061[m [32mINFO  [m[[1;34mhttp-nio-8080-exec-3[m] [36mValidateCountedFractionServiceImpl[m - Start method validateMaximumLimitFractionsV1
[30m2026-08-27T14:36:40,061[m [32mINFO  [m[[1;34mhttp-nio-8080-exec-3[m] [36mValidateCountedFractionServiceImpl[m - Start method validateQuantityFractionsV1, tradeId -> 1075695
[30m2026-08-27T14:36:40,061[m [32mINFO  [m[[1;34mhttp-nio-8080-exec-3[m] [36mValidateCountedFractionServiceImpl[m - Start method validateMaximumLimitFractionsV1
[30m2026-08-27T14:36:40,061[m [32mINFO  [m[[1;34mhttp-nio-8080-exec-3[m] [36mValidateCountedFractionServiceImpl[m - Start method validateQuantityFractionsV1, tradeId -> 1068799
[30m2026-08-27T14:36:40,061[m [32mINFO  [m[[1;34mhttp-nio-8080-exec-3[m] [36mValidateCountedFractionServiceImpl[m - Start method validateMaximumLimitFractionsV1
[30m2026-08-27T14:36:40,061[m [32mINFO  [m[[1;34mhttp-nio-8080-exec-3[m] [36mValidateCountedFractionServiceImpl[m - Start method validateQuantityFractionsV1, tradeId -> 1067198
[30m2026-08-27T14:36:40,061[m [32mINFO  [m[[1;34mhttp-nio-8080-exec-3[m] [36mValidateCountedFractionServiceImpl[m - Start method validateMaximumLimitFractionsV1
[30m2026-08-27T14:36:40,061[m [32mINFO  [m[[1;34mhttp-nio-8080-exec-3[m] [36mValidateCountedFractionServiceImpl[m - Start method validateQuantityFractionsV1, tradeId -> 1068800
[30m2026-08-27T14:36:40,061[m [32mINFO  [m[[1;34mhttp-nio-8080-exec-3[m] [36mValidateCountedFractionServiceImpl[m - Start method validateMaximumLimitFractionsV1
[30m2026-08-27T14:36:40,061[m [32mINFO  [m[[1;34mhttp-nio-8080-exec-3[m] [36mValidateCountedFractionServiceImpl[m - Start method validateQuantityFractionsV1, tradeId -> 1076390
[30m2026-08-27T14:36:40,061[m [32mINFO  [m[[1;34mhttp-nio-8080-exec-3[m] [36mValidateCountedFractionServiceImpl[m - Start method validateMaximumLimitFractionsV1
[30m2026-08-27T14:36:40,061[m [32mINFO  [m[[1;34mhttp-nio-8080-exec-3[m] [36mValidateCountedFractionServiceImpl[m - Start method validateQuantityFractionsV1, tradeId -> 1074947
[30m2026-08-27T14:36:40,061[m [32mINFO  [m[[1;34mhttp-nio-8080-exec-3[m] [36mValidateCountedFractionServiceImpl[m - Start method validateMaximumLimitFractionsV1
[30m2026-08-27T14:36:40,061[m [32mINFO  [m[[1;34mhttp-nio-8080-exec-3[m] [36mValidateCountedFractionServiceImpl[m - Start method validateQuantityFractionsV1, tradeId -> 1076391
[30m2026-08-27T14:36:40,061[m [32mINFO  [m[[1;34mhttp-nio-8080-exec-3[m] [36mValidateCountedFractionServiceImpl[m - Start method validateMaximumLimitFractionsV1
[30m2026-08-27T14:36:40,061[m [32mINFO  [m[[1;34mhttp-nio-8080-exec-3[m] [36mValidateCountedFractionServiceImpl[m - Start method validateQuantityFractionsV1, tradeId -> 1076392
[30m2026-08-27T14:36:40,061[m [32mINFO  [m[[1;34mhttp-nio-8080-exec-3[m] [36mValidateCountedFractionServiceImpl[m - Start method validateMaximumLimitFractionsV1
[30m2026-08-27T14:36:40,061[m [32mINFO  [m[[1;34mhttp-nio-8080-exec-3[m] [36mValidateCountedFractionServiceImpl[m - Start method validateQuantityFractionsV1, tradeId -> 1076393
[30m2026-08-27T14:36:40,061[m [32mINFO  [m[[1;34mhttp-nio-8080-exec-3[m] [36mValidateCountedFractionServiceImpl[m - Start method validateMaximumLimitFractionsV1
[30m2026-08-27T14:36:40,061[m [32mINFO  [m[[1;34mhttp-nio-8080-exec-3[m] [36mValidateCountedFractionServiceImpl[m - Start method validateQuantityFractionsV1, tradeId -> 1074948
[30m2026-08-27T14:36:40,061[m [32mINFO  [m[[1;34mhttp-nio-8080-exec-3[m] [36mValidateCountedFractionServiceImpl[m - Start method validateMaximumLimitFractionsV1
[30m2026-08-27T14:36:40,061[m [32mINFO  [m[[1;34mhttp-nio-8080-exec-3[m] [36mValidateCountedFractionServiceImpl[m - Start method validateQuantityFractionsV1, tradeId -> 1067199
[30m2026-08-27T14:36:40,061[m [32mINFO  [m[[1;34mhttp-nio-8080-exec-3[m] [36mValidateCountedFractionServiceImpl[m - Start method validateMaximumLimitFractionsV1
[30m2026-08-27T14:36:40,061[m [32mINFO  [m[[1;34mhttp-nio-8080-exec-3[m] [36mValidateCountedFractionServiceImpl[m - Start method validateQuantityFractionsV1, tradeId -> 1078000
[30m2026-08-27T14:36:40,061[m [32mINFO  [m[[1;34mhttp-nio-8080-exec-3[m] [36mValidateCountedFractionServiceImpl[m - Start method validateMaximumLimitFractionsV1
[30m2026-08-27T14:36:40,061[m [32mINFO  [m[[1;34mhttp-nio-8080-exec-3[m] [36mValidateCountedFractionServiceImpl[m - Start method validateQuantityFractionsV1, tradeId -> 1076394
[30m2026-08-27T14:36:40,061[m [32mINFO  [m[[1;34mhttp-nio-8080-exec-3[m] [36mValidateCountedFractionServiceImpl[m - Start method validateMaximumLimitFractionsV1
[30m2026-08-27T14:36:40,062[m [32mINFO  [m[[1;34mhttp-nio-8080-exec-3[m] [36mValidateCountedFractionServiceImpl[m - Start method validateQuantityFractionsV1, tradeId -> 1074949
[30m2026-08-27T14:36:40,062[m [32mINFO  [m[[1;34mhttp-nio-8080-exec-3[m] [36mValidateCountedFractionServiceImpl[m - Start method validateMaximumLimitFractionsV1
[30m2026-08-27T14:36:40,062[m [32mINFO  [m[[1;34mhttp-nio-8080-exec-3[m] [36mValidateCountedFractionServiceImpl[m - Start method validateQuantityFractionsV1, tradeId -> 1074950
[30m2026-08-27T14:36:40,062[m [32mINFO  [m[[1;34mhttp-nio-8080-exec-3[m] [36mValidateCountedFractionServiceImpl[m - Start method validateMaximumLimitFractionsV1
[30m2026-08-27T14:36:40,062[m [32mINFO  [m[[1;34mhttp-nio-8080-exec-3[m] [36mValidateCountedFractionServiceImpl[m - Start method validateQuantityFractionsV1, tradeId -> 1068801
[30m2026-08-27T14:36:40,062[m [32mINFO  [m[[1;34mhttp-nio-8080-exec-3[m] [36mValidateCountedFractionServiceImpl[m - Start method validateMaximumLimitFractionsV1
[30m2026-08-27T14:36:40,062[m [32mINFO  [m[[1;34mhttp-nio-8080-exec-3[m] [36mFractionationCountedServiceImpl[m - PERF_ASSIGNMENT_VALIDATION_BATCH batchId=06367453-691c-41e1-815c-c1f42d45b74b inputCount=50 validCount=50 invalidCount=0 uniqueTrades=50 uniqueSides=1 uniqueParticipants=1 titleAccountResolutionRequests=50 titleAccountUniqueBusinessKeys=1 settlementLookupRequests=50 settlementUniqueTradeSides=50 settlementRepositoryCalls=1 settlementRowsLoaded=0 settlementPrefetchMs=3 cudLookupRequests=0 cudUniqueTradeSides=0 cudUniqueBusinessKeys=0 cudRepositoryCalls=0 cudRowsLoaded=0 cudPrefetchMs=0 tradePrefetchMs=323 sidePrefetchMs=0 participantPrefetchMs=12 accountResolutionMs=15 accountPrefetchMs=12 businessValidationMs=7 totalMs=375
[30m2026-08-27T14:36:40,063[m [32mINFO  [m[[1;34mhttp-nio-8080-exec-3[m] [36mRestClientUtils[m - Client [POST] http://operaciones-fracciones-contado-back-service/operations-fractionation-api/v1/fractionation/batch
[30m2026-08-27T14:36:41,890[m [32mINFO  [m[[1;34mhttp-nio-8080-exec-3[m] [36mFractionationCountedServiceImpl[m - PERF_ASSIGNMENT_BATCH service=cmd batchId=06367453-691c-41e1-815c-c1f42d45b74b mode=RAW_VALIDATED configuredMaxBatchSize=80 receivedBatchSize=50 processedCount=50 successCount=50 failureCount=0 fractionationMs=1827 totalMs=1827
[30m2026-08-27T14:36:41,890[m [32mINFO  [m[[1;34mhttp-nio-8080-exec-3[m] [36mFractionationCountedServiceImpl[m - PERF_ASSIGNMENT_BATCH service=cmd batchId=06367453-691c-41e1-815c-c1f42d45b74b mode=RAW configuredMaxBatchSize=80 receivedBatchSize=50 validCount=50 invalidCount=0 sentToFractionationCount=50 successCount=50 failureCount=0 totalMs=2204
[30m2026-08-27T14:36:41,892[m [32mINFO  [m[[1;34mhttp-nio-8080-exec-3[m] [36mGlobalFilter[m - Request [POST /operations-cmd-api/v1/fractionation/counted-operation/batch] completed in 2209 ms with status 200
[30m2026-08-27T14:36:41,923[m [32mINFO  [m[[1;34mhttp-nio-8080-exec-4[m] [36mGlobalFilter[m - ----------- Client User: operaciones-orquestador-ext-back ----------
[30m2026-08-27T14:36:42,309[m [32mINFO  [m[[1;34mhttp-nio-8080-exec-4[m] [36mValidateCountedFractionServiceImpl[m - Start method validateAccountFractionAssignmentV1, accountNumber -> 4021801, tradeId -> 1076395, sideId -> 1, originId -> 122, isLocalCorrection -> false
[30m2026-08-27T14:36:42,309[m [32mINFO  [m[[1;34mhttp-nio-8080-exec-4[m] [36mValidateCountedFractionServiceImpl[m - Searching participant account assignment for accountNumber -> 4021801, participantId -> 15, depositoryId -> 1
[30m2026-08-27T14:36:42,312[m [32mINFO  [m[[1;34mhttp-nio-8080-exec-4[m] [36mValidateCountedFractionServiceImpl[m - No participant account found for accountNumber -> 4021801
[30m2026-08-27T14:36:42,325[m [32mINFO  [m[[1;34mhttp-nio-8080-exec-4[m] [36mValidateCountedFractionServiceImpl[m - End method validateAccountFractionAssignmentV1, fractionAccountOutDto -> FractionAccountOutDto(participantAccount=null, investorAccount=InvestorAccountOutDto(id=57, investor=InvestorOutDto(id=167, code=CL00000001, firstName=Prueba Nombre 1, lastName=Prueba Nombre 2, companyName=TERCERO3509748, type=TypeOutDto(id=2, description=JURIDICO, category=PERSONA), status=StatusOutDto(id=515, description=ACTIVO, category=INVERSIONISTA, shortName=null), country=CountryOutDto(id=35, code=CL, name=CHILE, currency=CurrencyOutDto(id=30, code=CLP, name=PESO CHILENO), timeZone=UTC -3), documentNumber=8605303170, identificationType=IdentificationTypeOutDto(id=5, description=CEDULA DE CIUDADANÍA, code=CC), nationality=35, clearinghouseCode=null, gics=null, moneyLaunderingFlag=null, taxStatus=null), accountNumber=4021801, accountName=AMBIENTE 3  PRUEBA 3, status=StatusOutDto(id=570, description=ACTIVO, category=CUENTA_INVERSIONISTA, shortName=null), originType=TypeOutDto(id=120, description=TERCEROS, category=ORIGEN PUNTA), type=TypeOutDto(id=26, description=CUENTA DEPOSITO, category=CUENTA DEPOSITO), depository=DepositoryOutDto(id=1, description=DVL), participant=null, taxExemp=false), sourceQuoteType=TypeOutDto(id=120, description=TERCEROS, category=ORIGEN PUNTA), fiduciarySpecialist=false, jointAccount=false, masterAccount=false, custodian=null, milaDirectDepositor=null)
[30m2026-08-27T14:36:42,342[m [32mINFO  [m[[1;34mhttp-nio-8080-exec-4[m] [36mValidateCountedFractionServiceImpl[m - Start method validateQuantityFractionsV1, tradeId -> 1076395
[30m2026-08-27T14:36:42,343[m [32mINFO  [m[[1;34mhttp-nio-8080-exec-4[m] [36mValidateCountedFractionServiceImpl[m - Start method validateMaximumLimitFractionsV1
[30m2026-08-27T14:36:42,343[m [32mINFO  [m[[1;34mhttp-nio-8080-exec-4[m] [36mValidateCountedFractionServiceImpl[m - Start method validateQuantityFractionsV1, tradeId -> 1068802
[30m2026-08-27T14:36:42,343[m [32mINFO  [m[[1;34mhttp-nio-8080-exec-4[m] [36mValidateCountedFractionServiceImpl[m - Start method validateMaximumLimitFractionsV1
[30m2026-08-27T14:36:42,343[m [32mINFO  [m[[1;34mhttp-nio-8080-exec-4[m] [36mValidateCountedFractionServiceImpl[m - Start method validateQuantityFractionsV1, tradeId -> 1074951
[30m2026-08-27T14:36:42,343[m [32mINFO  [m[[1;34mhttp-nio-8080-exec-4[m] [36mValidateCountedFractionServiceImpl[m - Start method validateMaximumLimitFractionsV1
[30m2026-08-27T14:36:42,343[m [32mINFO  [m[[1;34mhttp-nio-8080-exec-4[m] [36mValidateCountedFractionServiceImpl[m - Start method validateQuantityFractionsV1, tradeId -> 1078001
[30m2026-08-27T14:36:42,343[m [32mINFO  [m[[1;34mhttp-nio-8080-exec-4[m] [36mValidateCountedFractionServiceImpl[m - Start method validateMaximumLimitFractionsV1
[30m2026-08-27T14:36:42,343[m [32mINFO  [m[[1;34mhttp-nio-8080-exec-4[m] [36mValidateCountedFractionServiceImpl[m - Start method validateQuantityFractionsV1, tradeId -> 1078002
[30m2026-08-27T14:36:42,343[m [32mINFO  [m[[1;34mhttp-nio-8080-exec-4[m] [36mValidateCountedFractionServiceImpl[m - Start method validateMaximumLimitFractionsV1
[30m2026-08-27T14:36:42,343[m [32mINFO  [m[[1;34mhttp-nio-8080-exec-4[m] [36mValidateCountedFractionServiceImpl[m - Start method validateQuantityFractionsV1, tradeId -> 1078003
[30m2026-08-27T14:36:42,343[m [32mINFO  [m[[1;34mhttp-nio-8080-exec-4[m] [36mValidateCountedFractionServiceImpl[m - Start method validateMaximumLimitFractionsV1
[30m2026-08-27T14:36:42,343[m [32mINFO  [m[[1;34mhttp-nio-8080-exec-4[m] [36mValidateCountedFractionServiceImpl[m - Start method validateQuantityFractionsV1, tradeId -> 1074952
[30m2026-08-27T14:36:42,343[m [32mINFO  [m[[1;34mhttp-nio-8080-exec-4[m] [36mValidateCountedFractionServiceImpl[m - Start method validateMaximumLimitFractionsV1
[30m2026-08-27T14:36:42,343[m [32mINFO  [m[[1;34mhttp-nio-8080-exec-4[m] [36mValidateCountedFractionServiceImpl[m - Start method validateQuantityFractionsV1, tradeId -> 1076396
[30m2026-08-27T14:36:42,343[m [32mINFO  [m[[1;34mhttp-nio-8080-exec-4[m] [36mValidateCountedFractionServiceImpl[m - Start method validateMaximumLimitFractionsV1
[30m2026-08-27T14:36:42,343[m [32mINFO  [m[[1;34mhttp-nio-8080-exec-4[m] [36mValidateCountedFractionServiceImpl[m - Start method validateQuantityFractionsV1, tradeId -> 1078004
[30m2026-08-27T14:36:42,343[m [32mINFO  [m[[1;34mhttp-nio-8080-exec-4[m] [36mValidateCountedFractionServiceImpl[m - Start method validateMaximumLimitFractionsV1
[30m2026-08-27T14:36:42,344[m [32mINFO  [m[[1;34mhttp-nio-8080-exec-4[m] [36mValidateCountedFractionServiceImpl[m - Start method validateQuantityFractionsV1, tradeId -> 1075696
[30m2026-08-27T14:36:42,344[m [32mINFO  [m[[1;34mhttp-nio-8080-exec-4[m] [36mValidateCountedFractionServiceImpl[m - Start method validateMaximumLimitFractionsV1
[30m2026-08-27T14:36:42,344[m [32mINFO  [m[[1;34mhttp-nio-8080-exec-4[m] [36mValidateCountedFractionServiceImpl[m - Start method validateQuantityFractionsV1, tradeId -> 1075697
[30m2026-08-27T14:36:42,344[m [32mINFO  [m[[1;34mhttp-nio-8080-exec-4[m] [36mValidateCountedFractionServiceImpl[m - Start method validateMaximumLimitFractionsV1
[30m2026-08-27T14:36:42,344[m [32mINFO  [m[[1;34mhttp-nio-8080-exec-4[m] [36mValidateCountedFractionServiceImpl[m - Start method validateQuantityFractionsV1, tradeId -> 1076397
[30m2026-08-27T14:36:42,344[m [32mINFO  [m[[1;34mhttp-nio-8080-exec-4[m] [36mValidateCountedFractionServiceImpl[m - Start method validateMaximumLimitFractionsV1
[30m2026-08-27T14:36:42,344[m [32mINFO  [m[[1;34mhttp-nio-8080-exec-4[m] [36mValidateCountedFractionServiceImpl[m - Start method validateQuantityFractionsV1, tradeId -> 1075702
[30m2026-08-27T14:36:42,344[m [32mINFO  [m[[1;34mhttp-nio-8080-exec-4[m] [36mValidateCountedFractionServiceImpl[m - Start method validateMaximumLimitFractionsV1
[30m2026-08-27T14:36:42,344[m [32mINFO  [m[[1;34mhttp-nio-8080-exec-4[m] [36mValidateCountedFractionServiceImpl[m - Start method validateQuantityFractionsV1, tradeId -> 1074958
[30m2026-08-27T14:36:42,344[m [32mINFO  [m[[1;34mhttp-nio-8080-exec-4[m] [36mValidateCountedFractionServiceImpl[m - Start method validateMaximumLimitFractionsV1
[30m2026-08-27T14:36:42,344[m [32mINFO  [m[[1;34mhttp-nio-8080-exec-4[m] [36mValidateCountedFractionServiceImpl[m - Start method validateQuantityFractionsV1, tradeId -> 1068804
[30m2026-08-27T14:36:42,344[m [32mINFO  [m[[1;34mhttp-nio-8080-exec-4[m] [36mValidateCountedFractionServiceImpl[m - Start method validateMaximumLimitFractionsV1
[30m2026-08-27T14:36:42,344[m [32mINFO  [m[[1;34mhttp-nio-8080-exec-4[m] [36mValidateCountedFractionServiceImpl[m - Start method validateQuantityFractionsV1, tradeId -> 1075703
[30m2026-08-27T14:36:42,344[m [32mINFO  [m[[1;34mhttp-nio-8080-exec-4[m] [36mValidateCountedFractionServiceImpl[m - Start method validateMaximumLimitFractionsV1
[30m2026-08-27T14:36:42,344[m [32mINFO  [m[[1;34mhttp-nio-8080-exec-4[m] [36mValidateCountedFractionServiceImpl[m - Start method validateQuantityFractionsV1, tradeId -> 1068805
[30m2026-08-27T14:36:42,344[m [32mINFO  [m[[1;34mhttp-nio-8080-exec-4[m] [36mValidateCountedFractionServiceImpl[m - Start method validateMaximumLimitFractionsV1
[30m2026-08-27T14:36:42,344[m [32mINFO  [m[[1;34mhttp-nio-8080-exec-4[m] [36mValidateCountedFractionServiceImpl[m - Start method validateQuantityFractionsV1, tradeId -> 1078011
[30m2026-08-27T14:36:42,344[m [32mINFO  [m[[1;34mhttp-nio-8080-exec-4[m] [36mValidateCountedFractionServiceImpl[m - Start method validateMaximumLimitFractionsV1
[30m2026-08-27T14:36:42,344[m [32mINFO  [m[[1;34mhttp-nio-8080-exec-4[m] [36mValidateCountedFractionServiceImpl[m - Start method validateQuantityFractionsV1, tradeId -> 1068806
[30m2026-08-27T14:36:42,344[m [32mINFO  [m[[1;34mhttp-nio-8080-exec-4[m] [36mValidateCountedFractionServiceImpl[m - Start method validateMaximumLimitFractionsV1
[30m2026-08-27T14:36:42,344[m [32mINFO  [m[[1;34mhttp-nio-8080-exec-4[m] [36mValidateCountedFractionServiceImpl[m - Start method validateQuantityFractionsV1, tradeId -> 1074959
[30m2026-08-27T14:36:42,344[m [32mINFO  [m[[1;34mhttp-nio-8080-exec-4[m] [36mValidateCountedFractionServiceImpl[m - Start method validateMaximumLimitFractionsV1
[30m2026-08-27T14:36:42,344[m [32mINFO  [m[[1;34mhttp-nio-8080-exec-4[m] [36mValidateCountedFractionServiceImpl[m - Start method validateQuantityFractionsV1, tradeId -> 1076402
[30m2026-08-27T14:36:42,344[m [32mINFO  [m[[1;34mhttp-nio-8080-exec-4[m] [36mValidateCountedFractionServiceImpl[m - Start method validateMaximumLimitFractionsV1
[30m2026-08-27T14:36:42,344[m [32mINFO  [m[[1;34mhttp-nio-8080-exec-4[m] [36mValidateCountedFractionServiceImpl[m - Start method validateQuantityFractionsV1, tradeId -> 1076403
[30m2026-08-27T14:36:42,344[m [32mINFO  [m[[1;34mhttp-nio-8080-exec-4[m] [36mValidateCountedFractionServiceImpl[m - Start method validateMaximumLimitFractionsV1
[30m2026-08-27T14:36:42,344[m [32mINFO  [m[[1;34mhttp-nio-8080-exec-4[m] [36mValidateCountedFractionServiceImpl[m - Start method validateQuantityFractionsV1, tradeId -> 1074960
[30m2026-08-27T14:36:42,344[m [32mINFO  [m[[1;34mhttp-nio-8080-exec-4[m] [36mValidateCountedFractionServiceImpl[m - Start method validateMaximumLimitFractionsV1
[30m2026-08-27T14:36:42,344[m [32mINFO  [m[[1;34mhttp-nio-8080-exec-4[m] [36mValidateCountedFractionServiceImpl[m - Start method validateQuantityFractionsV1, tradeId -> 1075704
[30m2026-08-27T14:36:42,344[m [32mINFO  [m[[1;34mhttp-nio-8080-exec-4[m] [36mValidateCountedFractionServiceImpl[m - Start method validateMaximumLimitFractionsV1
[30m2026-08-27T14:36:42,344[m [32mINFO  [m[[1;34mhttp-nio-8080-exec-4[m] [36mValidateCountedFractionServiceImpl[m - Start method validateQuantityFractionsV1, tradeId -> 1075705
[30m2026-08-27T14:36:42,344[m [32mINFO  [m[[1;34mhttp-nio-8080-exec-4[m] [36mValidateCountedFractionServiceImpl[m - Start method validateMaximumLimitFractionsV1
[30m2026-08-27T14:36:42,344[m [32mINFO  [m[[1;34mhttp-nio-8080-exec-4[m] [36mValidateCountedFractionServiceImpl[m - Start method validateQuantityFractionsV1, tradeId -> 1078012
[30m2026-08-27T14:36:42,344[m [32mINFO  [m[[1;34mhttp-nio-8080-exec-4[m] [36mValidateCountedFractionServiceImpl[m - Start method validateMaximumLimitFractionsV1
[30m2026-08-27T14:36:42,344[m [32mINFO  [m[[1;34mhttp-nio-8080-exec-4[m] [36mValidateCountedFractionServiceImpl[m - Start method validateQuantityFractionsV1, tradeId -> 1068807
[30m2026-08-27T14:36:42,344[m [32mINFO  [m[[1;34mhttp-nio-8080-exec-4[m] [36mValidateCountedFractionServiceImpl[m - Start method validateMaximumLimitFractionsV1
[30m2026-08-27T14:36:42,344[m [32mINFO  [m[[1;34mhttp-nio-8080-exec-4[m] [36mValidateCountedFractionServiceImpl[m - Start method validateQuantityFractionsV1, tradeId -> 1076404
[30m2026-08-27T14:36:42,344[m [32mINFO  [m[[1;34mhttp-nio-8080-exec-4[m] [36mValidateCountedFractionServiceImpl[m - Start method validateMaximumLimitFractionsV1
[30m2026-08-27T14:36:42,344[m [32mINFO  [m[[1;34mhttp-nio-8080-exec-4[m] [36mValidateCountedFractionServiceImpl[m - Start method validateQuantityFractionsV1, tradeId -> 1078013
[30m2026-08-27T14:36:42,344[m [32mINFO  [m[[1;34mhttp-nio-8080-exec-4[m] [36mValidateCountedFractionServiceImpl[m - Start method validateMaximumLimitFractionsV1
[30m2026-08-27T14:36:42,344[m [32mINFO  [m[[1;34mhttp-nio-8080-exec-4[m] [36mValidateCountedFractionServiceImpl[m - Start method validateQuantityFractionsV1, tradeId -> 1076405
[30m2026-08-27T14:36:42,344[m [32mINFO  [m[[1;34mhttp-nio-8080-exec-4[m] [36mValidateCountedFractionServiceImpl[m - Start method validateMaximumLimitFractionsV1
[30m2026-08-27T14:36:42,345[m [32mINFO  [m[[1;34mhttp-nio-8080-exec-4[m] [36mValidateCountedFractionServiceImpl[m - Start method validateQuantityFractionsV1, tradeId -> 1078017
[30m2026-08-27T14:36:42,345[m [32mINFO  [m[[1;34mhttp-nio-8080-exec-4[m] [36mValidateCountedFractionServiceImpl[m - Start method validateMaximumLimitFractionsV1
[30m2026-08-27T14:36:42,345[m [32mINFO  [m[[1;34mhttp-nio-8080-exec-4[m] [36mValidateCountedFractionServiceImpl[m - Start method validateQuantityFractionsV1, tradeId -> 1075710
[30m2026-08-27T14:36:42,345[m [32mINFO  [m[[1;34mhttp-nio-8080-exec-4[m] [36mValidateCountedFractionServiceImpl[m - Start method validateMaximumLimitFractionsV1
[30m2026-08-27T14:36:42,345[m [32mINFO  [m[[1;34mhttp-nio-8080-exec-4[m] [36mValidateCountedFractionServiceImpl[m - Start method validateQuantityFractionsV1, tradeId -> 1068809
[30m2026-08-27T14:36:42,345[m [32mINFO  [m[[1;34mhttp-nio-8080-exec-4[m] [36mValidateCountedFractionServiceImpl[m - Start method validateMaximumLimitFractionsV1
[30m2026-08-27T14:36:42,345[m [32mINFO  [m[[1;34mhttp-nio-8080-exec-4[m] [36mValidateCountedFractionServiceImpl[m - Start method validateQuantityFractionsV1, tradeId -> 1078018
[30m2026-08-27T14:36:42,345[m [32mINFO  [m[[1;34mhttp-nio-8080-exec-4[m] [36mValidateCountedFractionServiceImpl[m - Start method validateMaximumLimitFractionsV1
[30m2026-08-27T14:36:42,345[m [32mINFO  [m[[1;34mhttp-nio-8080-exec-4[m] [36mValidateCountedFractionServiceImpl[m - Start method validateQuantityFractionsV1, tradeId -> 1068810
[30m2026-08-27T14:36:42,345[m [32mINFO  [m[[1;34mhttp-nio-8080-exec-4[m] [36mValidateCountedFractionServiceImpl[m - Start method validateMaximumLimitFractionsV1
[30m2026-08-27T14:36:42,345[m [32mINFO  [m[[1;34mhttp-nio-8080-exec-4[m] [36mValidateCountedFractionServiceImpl[m - Start method validateQuantityFractionsV1, tradeId -> 1076408
[30m2026-08-27T14:36:42,345[m [32mINFO  [m[[1;34mhttp-nio-8080-exec-4[m] [36mValidateCountedFractionServiceImpl[m - Start method validateMaximumLimitFractionsV1
[30m2026-08-27T14:36:42,345[m [32mINFO  [m[[1;34mhttp-nio-8080-exec-4[m] [36mValidateCountedFractionServiceImpl[m - Start method validateQuantityFractionsV1, tradeId -> 1075711
[30m2026-08-27T14:36:42,345[m [32mINFO  [m[[1;34mhttp-nio-8080-exec-4[m] [36mValidateCountedFractionServiceImpl[m - Start method validateMaximumLimitFractionsV1
[30m2026-08-27T14:36:42,345[m [32mINFO  [m[[1;34mhttp-nio-8080-exec-4[m] [36mValidateCountedFractionServiceImpl[m - Start method validateQuantityFractionsV1, tradeId -> 1076409
[30m2026-08-27T14:36:42,345[m [32mINFO  [m[[1;34mhttp-nio-8080-exec-4[m] [36mValidateCountedFractionServiceImpl[m - Start method validateMaximumLimitFractionsV1
[30m2026-08-27T14:36:42,345[m [32mINFO  [m[[1;34mhttp-nio-8080-exec-4[m] [36mValidateCountedFractionServiceImpl[m - Start method validateQuantityFractionsV1, tradeId -> 1075712
[30m2026-08-27T14:36:42,345[m [32mINFO  [m[[1;34mhttp-nio-8080-exec-4[m] [36mValidateCountedFractionServiceImpl[m - Start method validateMaximumLimitFractionsV1
[30m2026-08-27T14:36:42,345[m [32mINFO  [m[[1;34mhttp-nio-8080-exec-4[m] [36mValidateCountedFractionServiceImpl[m - Start method validateQuantityFractionsV1, tradeId -> 1078019
[30m2026-08-27T14:36:42,345[m [32mINFO  [m[[1;34mhttp-nio-8080-exec-4[m] [36mValidateCountedFractionServiceImpl[m - Start method validateMaximumLimitFractionsV1
[30m2026-08-27T14:36:42,345[m [32mINFO  [m[[1;34mhttp-nio-8080-exec-4[m] [36mValidateCountedFractionServiceImpl[m - Start method validateQuantityFractionsV1, tradeId -> 1074967
[30m2026-08-27T14:36:42,345[m [32mINFO  [m[[1;34mhttp-nio-8080-exec-4[m] [36mValidateCountedFractionServiceImpl[m - Start method validateMaximumLimitFractionsV1
[30m2026-08-27T14:36:42,345[m [32mINFO  [m[[1;34mhttp-nio-8080-exec-4[m] [36mValidateCountedFractionServiceImpl[m - Start method validateQuantityFractionsV1, tradeId -> 1076410
[30m2026-08-27T14:36:42,345[m [32mINFO  [m[[1;34mhttp-nio-8080-exec-4[m] [36mValidateCountedFractionServiceImpl[m - Start method validateMaximumLimitFractionsV1
[30m2026-08-27T14:36:42,345[m [32mINFO  [m[[1;34mhttp-nio-8080-exec-4[m] [36mValidateCountedFractionServiceImpl[m - Start method validateQuantityFractionsV1, tradeId -> 1068811
[30m2026-08-27T14:36:42,346[m [32mINFO  [m[[1;34mhttp-nio-8080-exec-4[m] [36mValidateCountedFractionServiceImpl[m - Start method validateMaximumLimitFractionsV1
[30m2026-08-27T14:36:42,346[m [32mINFO  [m[[1;34mhttp-nio-8080-exec-4[m] [36mValidateCountedFractionServiceImpl[m - Start method validateQuantityFractionsV1, tradeId -> 1068812
[30m2026-08-27T14:36:42,346[m [32mINFO  [m[[1;34mhttp-nio-8080-exec-4[m] [36mValidateCountedFractionServiceImpl[m - Start method validateMaximumLimitFractionsV1
[30m2026-08-27T14:36:42,346[m [32mINFO  [m[[1;34mhttp-nio-8080-exec-4[m] [36mValidateCountedFractionServiceImpl[m - Start method validateQuantityFractionsV1, tradeId -> 1075713
[30m2026-08-27T14:36:42,346[m [32mINFO  [m[[1;34mhttp-nio-8080-exec-4[m] [36mValidateCountedFractionServiceImpl[m - Start method validateMaximumLimitFractionsV1
[30m2026-08-27T14:36:42,346[m [32mINFO  [m[[1;34mhttp-nio-8080-exec-4[m] [36mValidateCountedFractionServiceImpl[m - Start method validateQuantityFractionsV1, tradeId -> 1075714
[30m2026-08-27T14:36:42,346[m [32mINFO  [m[[1;34mhttp-nio-8080-exec-4[m] [36mValidateCountedFractionServiceImpl[m - Start method validateMaximumLimitFractionsV1
[30m2026-08-27T14:36:42,346[m [32mINFO  [m[[1;34mhttp-nio-8080-exec-4[m] [36mValidateCountedFractionServiceImpl[m - Start method validateQuantityFractionsV1, tradeId -> 1076415
[30m2026-08-27T14:36:42,346[m [32mINFO  [m[[1;34mhttp-nio-8080-exec-4[m] [36mValidateCountedFractionServiceImpl[m - Start method validateMaximumLimitFractionsV1
[30m2026-08-27T14:36:42,346[m [32mINFO  [m[[1;34mhttp-nio-8080-exec-4[m] [36mValidateCountedFractionServiceImpl[m - Start method validateQuantityFractionsV1, tradeId -> 1075718
[30m2026-08-27T14:36:42,346[m [32mINFO  [m[[1;34mhttp-nio-8080-exec-4[m] [36mValidateCountedFractionServiceImpl[m - Start method validateMaximumLimitFractionsV1
[30m2026-08-27T14:36:42,346[m [32mINFO  [m[[1;34mhttp-nio-8080-exec-4[m] [36mValidateCountedFractionServiceImpl[m - Start method validateQuantityFractionsV1, tradeId -> 1075719
[30m2026-08-27T14:36:42,346[m [32mINFO  [m[[1;34mhttp-nio-8080-exec-4[m] [36mValidateCountedFractionServiceImpl[m - Start method validateMaximumLimitFractionsV1
[30m2026-08-27T14:36:42,346[m [32mINFO  [m[[1;34mhttp-nio-8080-exec-4[m] [36mValidateCountedFractionServiceImpl[m - Start method validateQuantityFractionsV1, tradeId -> 1074969
[30m2026-08-27T14:36:42,346[m [32mINFO  [m[[1;34mhttp-nio-8080-exec-4[m] [36mValidateCountedFractionServiceImpl[m - Start method validateMaximumLimitFractionsV1
[30m2026-08-27T14:36:42,346[m [32mINFO  [m[[1;34mhttp-nio-8080-exec-4[m] [36mFractionationCountedServiceImpl[m - PERF_ASSIGNMENT_VALIDATION_BATCH batchId=bb4f6435-aa8a-43b6-a055-32ad6bc3aa12 inputCount=50 validCount=50 invalidCount=0 uniqueTrades=50 uniqueSides=1 uniqueParticipants=1 titleAccountResolutionRequests=50 titleAccountUniqueBusinessKeys=1 settlementLookupRequests=50 settlementUniqueTradeSides=50 settlementRepositoryCalls=1 settlementRowsLoaded=0 settlementPrefetchMs=2 cudLookupRequests=0 cudUniqueTradeSides=0 cudUniqueBusinessKeys=0 cudRepositoryCalls=0 cudRowsLoaded=0 cudPrefetchMs=0 tradePrefetchMs=371 sidePrefetchMs=0 participantPrefetchMs=12 accountResolutionMs=17 accountPrefetchMs=10 businessValidationMs=6 totalMs=421
[30m2026-08-27T14:36:42,347[m [32mINFO  [m[[1;34mhttp-nio-8080-exec-4[m] [36mRestClientUtils[m - Client [POST] http://operaciones-fracciones-contado-back-service/operations-fractionation-api/v1/fractionation/batch
[30m2026-08-27T14:36:44,113[m [32mINFO  [m[[1;34mhttp-nio-8080-exec-4[m] [36mFractionationCountedServiceImpl[m - PERF_ASSIGNMENT_BATCH service=cmd batchId=bb4f6435-aa8a-43b6-a055-32ad6bc3aa12 mode=RAW_VALIDATED configuredMaxBatchSize=80 receivedBatchSize=50 processedCount=50 successCount=50 failureCount=0 fractionationMs=1766 totalMs=1766
[30m2026-08-27T14:36:44,113[m [32mINFO  [m[[1;34mhttp-nio-8080-exec-4[m] [36mFractionationCountedServiceImpl[m - PERF_ASSIGNMENT_BATCH service=cmd batchId=bb4f6435-aa8a-43b6-a055-32ad6bc3aa12 mode=RAW configuredMaxBatchSize=80 receivedBatchSize=50 validCount=50 invalidCount=0 sentToFractionationCount=50 successCount=50 failureCount=0 totalMs=2188
[30m2026-08-27T14:36:44,115[m [32mINFO  [m[[1;34mhttp-nio-8080-exec-4[m] [36mGlobalFilter[m - Request [POST /operations-cmd-api/v1/fractionation/counted-operation/batch] completed in 2192 ms with status 200
[30m2026-08-27T14:36:44,144[m [32mINFO  [m[[1;34mhttp-nio-8080-exec-5[m] [36mGlobalFilter[m - ----------- Client User: operaciones-orquestador-ext-back ----------
[30m2026-08-27T14:36:44,469[m [32mINFO  [m[[1;34mhttp-nio-8080-exec-5[m] [36mValidateCountedFractionServiceImpl[m - Start method validateAccountFractionAssignmentV1, accountNumber -> 4021801, tradeId -> 1078022, sideId -> 1, originId -> 122, isLocalCorrection -> false
[30m2026-08-27T14:36:44,470[m [32mINFO  [m[[1;34mhttp-nio-8080-exec-5[m] [36mValidateCountedFractionServiceImpl[m - Searching participant account assignment for accountNumber -> 4021801, participantId -> 15, depositoryId -> 1
[30m2026-08-27T14:36:44,472[m [32mINFO  [m[[1;34mhttp-nio-8080-exec-5[m] [36mValidateCountedFractionServiceImpl[m - No participant account found for accountNumber -> 4021801
[30m2026-08-27T14:36:44,484[m [32mINFO  [m[[1;34mhttp-nio-8080-exec-5[m] [36mValidateCountedFractionServiceImpl[m - End method validateAccountFractionAssignmentV1, fractionAccountOutDto -> FractionAccountOutDto(participantAccount=null, investorAccount=InvestorAccountOutDto(id=57, investor=InvestorOutDto(id=167, code=CL00000001, firstName=Prueba Nombre 1, lastName=Prueba Nombre 2, companyName=TERCERO3509748, type=TypeOutDto(id=2, description=JURIDICO, category=PERSONA), status=StatusOutDto(id=515, description=ACTIVO, category=INVERSIONISTA, shortName=null), country=CountryOutDto(id=35, code=CL, name=CHILE, currency=CurrencyOutDto(id=30, code=CLP, name=PESO CHILENO), timeZone=UTC -3), documentNumber=8605303170, identificationType=IdentificationTypeOutDto(id=5, description=CEDULA DE CIUDADANÍA, code=CC), nationality=35, clearinghouseCode=null, gics=null, moneyLaunderingFlag=null, taxStatus=null), accountNumber=4021801, accountName=AMBIENTE 3  PRUEBA 3, status=StatusOutDto(id=570, description=ACTIVO, category=CUENTA_INVERSIONISTA, shortName=null), originType=TypeOutDto(id=120, description=TERCEROS, category=ORIGEN PUNTA), type=TypeOutDto(id=26, description=CUENTA DEPOSITO, category=CUENTA DEPOSITO), depository=DepositoryOutDto(id=1, description=DVL), participant=null, taxExemp=false), sourceQuoteType=TypeOutDto(id=120, description=TERCEROS, category=ORIGEN PUNTA), fiduciarySpecialist=false, jointAccount=false, masterAccount=false, custodian=null, milaDirectDepositor=null)
[30m2026-08-27T14:36:44,502[m [32mINFO  [m[[1;34mhttp-nio-8080-exec-5[m] [36mValidateCountedFractionServiceImpl[m - Start method validateQuantityFractionsV1, tradeId -> 1078022
[30m2026-08-27T14:36:44,503[m [32mINFO  [m[[1;34mhttp-nio-8080-exec-5[m] [36mValidateCountedFractionServiceImpl[m - Start method validateMaximumLimitFractionsV1
[30m2026-08-27T14:36:44,503[m [32mINFO  [m[[1;34mhttp-nio-8080-exec-5[m] [36mValidateCountedFractionServiceImpl[m - Start method validateQuantityFractionsV1, tradeId -> 1068817
[30m2026-08-27T14:36:44,503[m [32mINFO  [m[[1;34mhttp-nio-8080-exec-5[m] [36mValidateCountedFractionServiceImpl[m - Start method validateMaximumLimitFractionsV1
[30m2026-08-27T14:36:44,503[m [32mINFO  [m[[1;34mhttp-nio-8080-exec-5[m] [36mValidateCountedFractionServiceImpl[m - Start method validateQuantityFractionsV1, tradeId -> 1068818
[30m2026-08-27T14:36:44,503[m [32mINFO  [m[[1;34mhttp-nio-8080-exec-5[m] [36mValidateCountedFractionServiceImpl[m - Start method validateMaximumLimitFractionsV1
[30m2026-08-27T14:36:44,503[m [32mINFO  [m[[1;34mhttp-nio-8080-exec-5[m] [36mValidateCountedFractionServiceImpl[m - Start method validateQuantityFractionsV1, tradeId -> 1078023
[30m2026-08-27T14:36:44,503[m [32mINFO  [m[[1;34mhttp-nio-8080-exec-5[m] [36mValidateCountedFractionServiceImpl[m - Start method validateMaximumLimitFractionsV1
[30m2026-08-27T14:36:44,503[m [32mINFO  [m[[1;34mhttp-nio-8080-exec-5[m] [36mValidateCountedFractionServiceImpl[m - Start method validateQuantityFractionsV1, tradeId -> 1075720
[30m2026-08-27T14:36:44,503[m [32mINFO  [m[[1;34mhttp-nio-8080-exec-5[m] [36mValidateCountedFractionServiceImpl[m - Start method validateMaximumLimitFractionsV1
[30m2026-08-27T14:36:44,503[m [32mINFO  [m[[1;34mhttp-nio-8080-exec-5[m] [36mValidateCountedFractionServiceImpl[m - Start method validateQuantityFractionsV1, tradeId -> 1074970
[30m2026-08-27T14:36:44,503[m [32mINFO  [m[[1;34mhttp-nio-8080-exec-5[m] [36mValidateCountedFractionServiceImpl[m - Start method validateMaximumLimitFractionsV1
[30m2026-08-27T14:36:44,503[m [32mINFO  [m[[1;34mhttp-nio-8080-exec-5[m] [36mValidateCountedFractionServiceImpl[m - Start method validateQuantityFractionsV1, tradeId -> 1078024
[30m2026-08-27T14:36:44,503[m [32mINFO  [m[[1;34mhttp-nio-8080-exec-5[m] [36mValidateCountedFractionServiceImpl[m - Start method validateMaximumLimitFractionsV1
[30m2026-08-27T14:36:44,503[m [32mINFO  [m[[1;34mhttp-nio-8080-exec-5[m] [36mValidateCountedFractionServiceImpl[m - Start method validateQuantityFractionsV1, tradeId -> 1078025
[30m2026-08-27T14:36:44,503[m [32mINFO  [m[[1;34mhttp-nio-8080-exec-5[m] [36mValidateCountedFractionServiceImpl[m - Start method validateMaximumLimitFractionsV1
[30m2026-08-27T14:36:44,503[m [32mINFO  [m[[1;34mhttp-nio-8080-exec-5[m] [36mValidateCountedFractionServiceImpl[m - Start method validateQuantityFractionsV1, tradeId -> 1074971
[30m2026-08-27T14:36:44,503[m [32mINFO  [m[[1;34mhttp-nio-8080-exec-5[m] [36mValidateCountedFractionServiceImpl[m - Start method validateMaximumLimitFractionsV1
[30m2026-08-27T14:36:44,503[m [32mINFO  [m[[1;34mhttp-nio-8080-exec-5[m] [36mValidateCountedFractionServiceImpl[m - Start method validateQuantityFractionsV1, tradeId -> 1078026
[30m2026-08-27T14:36:44,503[m [32mINFO  [m[[1;34mhttp-nio-8080-exec-5[m] [36mValidateCountedFractionServiceImpl[m - Start method validateMaximumLimitFractionsV1
[30m2026-08-27T14:36:44,503[m [32mINFO  [m[[1;34mhttp-nio-8080-exec-5[m] [36mValidateCountedFractionServiceImpl[m - Start method validateQuantityFractionsV1, tradeId -> 1074972
[30m2026-08-27T14:36:44,503[m [32mINFO  [m[[1;34mhttp-nio-8080-exec-5[m] [36mValidateCountedFractionServiceImpl[m - Start method validateMaximumLimitFractionsV1
[30m2026-08-27T14:36:44,503[m [32mINFO  [m[[1;34mhttp-nio-8080-exec-5[m] [36mValidateCountedFractionServiceImpl[m - Start method validateQuantityFractionsV1, tradeId -> 1076416
[30m2026-08-27T14:36:44,503[m [32mINFO  [m[[1;34mhttp-nio-8080-exec-5[m] [36mValidateCountedFractionServiceImpl[m - Start method validateMaximumLimitFractionsV1
[30m2026-08-27T14:36:44,503[m [32mINFO  [m[[1;34mhttp-nio-8080-exec-5[m] [36mValidateCountedFractionServiceImpl[m - Start method validateQuantityFractionsV1, tradeId -> 1076417
[30m2026-08-27T14:36:44,503[m [32mINFO  [m[[1;34mhttp-nio-8080-exec-5[m] [36mValidateCountedFractionServiceImpl[m - Start method validateMaximumLimitFractionsV1
[30m2026-08-27T14:36:44,503[m [32mINFO  [m[[1;34mhttp-nio-8080-exec-5[m] [36mValidateCountedFractionServiceImpl[m - Start method validateQuantityFractionsV1, tradeId -> 1074973
[30m2026-08-27T14:36:44,503[m [32mINFO  [m[[1;34mhttp-nio-8080-exec-5[m] [36mValidateCountedFractionServiceImpl[m - Start method validateMaximumLimitFractionsV1
[30m2026-08-27T14:36:44,503[m [32mINFO  [m[[1;34mhttp-nio-8080-exec-5[m] [36mValidateCountedFractionServiceImpl[m - Start method validateQuantityFractionsV1, tradeId -> 1068820
[30m2026-08-27T14:36:44,503[m [32mINFO  [m[[1;34mhttp-nio-8080-exec-5[m] [36mValidateCountedFractionServiceImpl[m - Start method validateMaximumLimitFractionsV1
[30m2026-08-27T14:36:44,503[m [32mINFO  [m[[1;34mhttp-nio-8080-exec-5[m] [36mValidateCountedFractionServiceImpl[m - Start method validateQuantityFractionsV1, tradeId -> 1078028
[30m2026-08-27T14:36:44,503[m [32mINFO  [m[[1;34mhttp-nio-8080-exec-5[m] [36mValidateCountedFractionServiceImpl[m - Start method validateMaximumLimitFractionsV1
[30m2026-08-27T14:36:44,503[m [32mINFO  [m[[1;34mhttp-nio-8080-exec-5[m] [36mValidateCountedFractionServiceImpl[m - Start method validateQuantityFractionsV1, tradeId -> 1078029
[30m2026-08-27T14:36:44,503[m [32mINFO  [m[[1;34mhttp-nio-8080-exec-5[m] [36mValidateCountedFractionServiceImpl[m - Start method validateMaximumLimitFractionsV1
[30m2026-08-27T14:36:44,503[m [32mINFO  [m[[1;34mhttp-nio-8080-exec-5[m] [36mValidateCountedFractionServiceImpl[m - Start method validateQuantityFractionsV1, tradeId -> 1074974
[30m2026-08-27T14:36:44,504[m [32mINFO  [m[[1;34mhttp-nio-8080-exec-5[m] [36mValidateCountedFractionServiceImpl[m - Start method validateMaximumLimitFractionsV1
[30m2026-08-27T14:36:44,504[m [32mINFO  [m[[1;34mhttp-nio-8080-exec-5[m] [36mValidateCountedFractionServiceImpl[m - Start method validateQuantityFractionsV1, tradeId -> 1078037
[30m2026-08-27T14:36:44,504[m [32mINFO  [m[[1;34mhttp-nio-8080-exec-5[m] [36mValidateCountedFractionServiceImpl[m - Start method validateMaximumLimitFractionsV1
[30m2026-08-27T14:36:44,504[m [32mINFO  [m[[1;34mhttp-nio-8080-exec-5[m] [36mValidateCountedFractionServiceImpl[m - Start method validateQuantityFractionsV1, tradeId -> 1078038
[30m2026-08-27T14:36:44,504[m [32mINFO  [m[[1;34mhttp-nio-8080-exec-5[m] [36mValidateCountedFractionServiceImpl[m - Start method validateMaximumLimitFractionsV1
[30m2026-08-27T14:36:44,504[m [32mINFO  [m[[1;34mhttp-nio-8080-exec-5[m] [36mValidateCountedFractionServiceImpl[m - Start method validateQuantityFractionsV1, tradeId -> 1074984
[30m2026-08-27T14:36:44,504[m [32mINFO  [m[[1;34mhttp-nio-8080-exec-5[m] [36mValidateCountedFractionServiceImpl[m - Start method validateMaximumLimitFractionsV1
[30m2026-08-27T14:36:44,504[m [32mINFO  [m[[1;34mhttp-nio-8080-exec-5[m] [36mValidateCountedFractionServiceImpl[m - Start method validateQuantityFractionsV1, tradeId -> 1068836
[30m2026-08-27T14:36:44,504[m [32mINFO  [m[[1;34mhttp-nio-8080-exec-5[m] [36mValidateCountedFractionServiceImpl[m - Start method validateMaximumLimitFractionsV1
[30m2026-08-27T14:36:44,504[m [32mINFO  [m[[1;34mhttp-nio-8080-exec-5[m] [36mValidateCountedFractionServiceImpl[m - Start method validateQuantityFractionsV1, tradeId -> 1074985
[30m2026-08-27T14:36:44,504[m [32mINFO  [m[[1;34mhttp-nio-8080-exec-5[m] [36mValidateCountedFractionServiceImpl[m - Start method validateMaximumLimitFractionsV1
[30m2026-08-27T14:36:44,504[m [32mINFO  [m[[1;34mhttp-nio-8080-exec-5[m] [36mValidateCountedFractionServiceImpl[m - Start method validateQuantityFractionsV1, tradeId -> 1076429
[30m2026-08-27T14:36:44,504[m [32mINFO  [m[[1;34mhttp-nio-8080-exec-5[m] [36mValidateCountedFractionServiceImpl[m - Start method validateMaximumLimitFractionsV1
[30m2026-08-27T14:36:44,504[m [32mINFO  [m[[1;34mhttp-nio-8080-exec-5[m] [36mValidateCountedFractionServiceImpl[m - Start method validateQuantityFractionsV1, tradeId -> 1078039
[30m2026-08-27T14:36:44,504[m [32mINFO  [m[[1;34mhttp-nio-8080-exec-5[m] [36mValidateCountedFractionServiceImpl[m - Start method validateMaximumLimitFractionsV1
[30m2026-08-27T14:36:44,504[m [32mINFO  [m[[1;34mhttp-nio-8080-exec-5[m] [36mValidateCountedFractionServiceImpl[m - Start method validateQuantityFractionsV1, tradeId -> 1076430
[30m2026-08-27T14:36:44,504[m [32mINFO  [m[[1;34mhttp-nio-8080-exec-5[m] [36mValidateCountedFractionServiceImpl[m - Start method validateMaximumLimitFractionsV1
[30m2026-08-27T14:36:44,504[m [32mINFO  [m[[1;34mhttp-nio-8080-exec-5[m] [36mValidateCountedFractionServiceImpl[m - Start method validateQuantityFractionsV1, tradeId -> 1078040
[30m2026-08-27T14:36:44,504[m [32mINFO  [m[[1;34mhttp-nio-8080-exec-5[m] [36mValidateCountedFractionServiceImpl[m - Start method validateMaximumLimitFractionsV1
[30m2026-08-27T14:36:44,504[m [32mINFO  [m[[1;34mhttp-nio-8080-exec-5[m] [36mValidateCountedFractionServiceImpl[m - Start method validateQuantityFractionsV1, tradeId -> 1074986
[30m2026-08-27T14:36:44,504[m [32mINFO  [m[[1;34mhttp-nio-8080-exec-5[m] [36mValidateCountedFractionServiceImpl[m - Start method validateMaximumLimitFractionsV1
[30m2026-08-27T14:36:44,504[m [32mINFO  [m[[1;34mhttp-nio-8080-exec-5[m] [36mValidateCountedFractionServiceImpl[m - Start method validateQuantityFractionsV1, tradeId -> 1075733
[30m2026-08-27T14:36:44,504[m [32mINFO  [m[[1;34mhttp-nio-8080-exec-5[m] [36mValidateCountedFractionServiceImpl[m - Start method validateMaximumLimitFractionsV1
[30m2026-08-27T14:36:44,504[m [32mINFO  [m[[1;34mhttp-nio-8080-exec-5[m] [36mValidateCountedFractionServiceImpl[m - Start method validateQuantityFractionsV1, tradeId -> 1068837
[30m2026-08-27T14:36:44,504[m [32mINFO  [m[[1;34mhttp-nio-8080-exec-5[m] [36mValidateCountedFractionServiceImpl[m - Start method validateMaximumLimitFractionsV1
[30m2026-08-27T14:36:44,504[m [32mINFO  [m[[1;34mhttp-nio-8080-exec-5[m] [36mValidateCountedFractionServiceImpl[m - Start method validateQuantityFractionsV1, tradeId -> 1078041
[30m2026-08-27T14:36:44,504[m [32mINFO  [m[[1;34mhttp-nio-8080-exec-5[m] [36mValidateCountedFractionServiceImpl[m - Start method validateMaximumLimitFractionsV1
[30m2026-08-27T14:36:44,504[m [32mINFO  [m[[1;34mhttp-nio-8080-exec-5[m] [36mValidateCountedFractionServiceImpl[m - Start method validateQuantityFractionsV1, tradeId -> 1074987
[30m2026-08-27T14:36:44,504[m [32mINFO  [m[[1;34mhttp-nio-8080-exec-5[m] [36mValidateCountedFractionServiceImpl[m - Start method validateMaximumLimitFractionsV1
[30m2026-08-27T14:36:44,504[m [32mINFO  [m[[1;34mhttp-nio-8080-exec-5[m] [36mValidateCountedFractionServiceImpl[m - Start method validateQuantityFractionsV1, tradeId -> 1078042
[30m2026-08-27T14:36:44,504[m [32mINFO  [m[[1;34mhttp-nio-8080-exec-5[m] [36mValidateCountedFractionServiceImpl[m - Start method validateMaximumLimitFractionsV1
[30m2026-08-27T14:36:44,504[m [32mINFO  [m[[1;34mhttp-nio-8080-exec-5[m] [36mValidateCountedFractionServiceImpl[m - Start method validateQuantityFractionsV1, tradeId -> 1078043
[30m2026-08-27T14:36:44,504[m [32mINFO  [m[[1;34mhttp-nio-8080-exec-5[m] [36mValidateCountedFractionServiceImpl[m - Start method validateMaximumLimitFractionsV1
[30m2026-08-27T14:36:44,504[m [32mINFO  [m[[1;34mhttp-nio-8080-exec-5[m] [36mValidateCountedFractionServiceImpl[m - Start method validateQuantityFractionsV1, tradeId -> 1075734
[30m2026-08-27T14:36:44,504[m [32mINFO  [m[[1;34mhttp-nio-8080-exec-5[m] [36mValidateCountedFractionServiceImpl[m - Start method validateMaximumLimitFractionsV1
[30m2026-08-27T14:36:44,504[m [32mINFO  [m[[1;34mhttp-nio-8080-exec-5[m] [36mValidateCountedFractionServiceImpl[m - Start method validateQuantityFractionsV1, tradeId -> 1074988
[30m2026-08-27T14:36:44,504[m [32mINFO  [m[[1;34mhttp-nio-8080-exec-5[m] [36mValidateCountedFractionServiceImpl[m - Start method validateMaximumLimitFractionsV1
[30m2026-08-27T14:36:44,504[m [32mINFO  [m[[1;34mhttp-nio-8080-exec-5[m] [36mValidateCountedFractionServiceImpl[m - Start method validateQuantityFractionsV1, tradeId -> 1068838
[30m2026-08-27T14:36:44,504[m [32mINFO  [m[[1;34mhttp-nio-8080-exec-5[m] [36mValidateCountedFractionServiceImpl[m - Start method validateMaximumLimitFractionsV1
[30m2026-08-27T14:36:44,504[m [32mINFO  [m[[1;34mhttp-nio-8080-exec-5[m] [36mValidateCountedFractionServiceImpl[m - Start method validateQuantityFractionsV1, tradeId -> 1076431
[30m2026-08-27T14:36:44,504[m [32mINFO  [m[[1;34mhttp-nio-8080-exec-5[m] [36mValidateCountedFractionServiceImpl[m - Start method validateMaximumLimitFractionsV1
[30m2026-08-27T14:36:44,504[m [32mINFO  [m[[1;34mhttp-nio-8080-exec-5[m] [36mValidateCountedFractionServiceImpl[m - Start method validateQuantityFractionsV1, tradeId -> 1078045
[30m2026-08-27T14:36:44,504[m [32mINFO  [m[[1;34mhttp-nio-8080-exec-5[m] [36mValidateCountedFractionServiceImpl[m - Start method validateMaximumLimitFractionsV1
[30m2026-08-27T14:36:44,504[m [32mINFO  [m[[1;34mhttp-nio-8080-exec-5[m] [36mValidateCountedFractionServiceImpl[m - Start method validateQuantityFractionsV1, tradeId -> 1075735
[30m2026-08-27T14:36:44,504[m [32mINFO  [m[[1;34mhttp-nio-8080-exec-5[m] [36mValidateCountedFractionServiceImpl[m - Start method validateMaximumLimitFractionsV1
[30m2026-08-27T14:36:44,504[m [32mINFO  [m[[1;34mhttp-nio-8080-exec-5[m] [36mValidateCountedFractionServiceImpl[m - Start method validateQuantityFractionsV1, tradeId -> 1075736
[30m2026-08-27T14:36:44,505[m [32mINFO  [m[[1;34mhttp-nio-8080-exec-5[m] [36mValidateCountedFractionServiceImpl[m - Start method validateMaximumLimitFractionsV1
[30m2026-08-27T14:36:44,505[m [32mINFO  [m[[1;34mhttp-nio-8080-exec-5[m] [36mValidateCountedFractionServiceImpl[m - Start method validateQuantityFractionsV1, tradeId -> 1078046
[30m2026-08-27T14:36:44,505[m [32mINFO  [m[[1;34mhttp-nio-8080-exec-5[m] [36mValidateCountedFractionServiceImpl[m - Start method validateMaximumLimitFractionsV1
[30m2026-08-27T14:36:44,505[m [32mINFO  [m[[1;34mhttp-nio-8080-exec-5[m] [36mValidateCountedFractionServiceImpl[m - Start method validateQuantityFractionsV1, tradeId -> 1074991
[30m2026-08-27T14:36:44,505[m [32mINFO  [m[[1;34mhttp-nio-8080-exec-5[m] [36mValidateCountedFractionServiceImpl[m - Start method validateMaximumLimitFractionsV1
[30m2026-08-27T14:36:44,505[m [32mINFO  [m[[1;34mhttp-nio-8080-exec-5[m] [36mValidateCountedFractionServiceImpl[m - Start method validateQuantityFractionsV1, tradeId -> 1068839
[30m2026-08-27T14:36:44,505[m [32mINFO  [m[[1;34mhttp-nio-8080-exec-5[m] [36mValidateCountedFractionServiceImpl[m - Start method validateMaximumLimitFractionsV1
[30m2026-08-27T14:36:44,505[m [32mINFO  [m[[1;34mhttp-nio-8080-exec-5[m] [36mValidateCountedFractionServiceImpl[m - Start method validateQuantityFractionsV1, tradeId -> 1076434
[30m2026-08-27T14:36:44,505[m [32mINFO  [m[[1;34mhttp-nio-8080-exec-5[m] [36mValidateCountedFractionServiceImpl[m - Start method validateMaximumLimitFractionsV1
[30m2026-08-27T14:36:44,505[m [32mINFO  [m[[1;34mhttp-nio-8080-exec-5[m] [36mValidateCountedFractionServiceImpl[m - Start method validateQuantityFractionsV1, tradeId -> 1075737
[30m2026-08-27T14:36:44,505[m [32mINFO  [m[[1;34mhttp-nio-8080-exec-5[m] [36mValidateCountedFractionServiceImpl[m - Start method validateMaximumLimitFractionsV1
[30m2026-08-27T14:36:44,505[m [32mINFO  [m[[1;34mhttp-nio-8080-exec-5[m] [36mValidateCountedFractionServiceImpl[m - Start method validateQuantityFractionsV1, tradeId -> 1078047
[30m2026-08-27T14:36:44,505[m [32mINFO  [m[[1;34mhttp-nio-8080-exec-5[m] [36mValidateCountedFractionServiceImpl[m - Start method validateMaximumLimitFractionsV1
[30m2026-08-27T14:36:44,505[m [32mINFO  [m[[1;34mhttp-nio-8080-exec-5[m] [36mValidateCountedFractionServiceImpl[m - Start method validateQuantityFractionsV1, tradeId -> 1078048
[30m2026-08-27T14:36:44,505[m [32mINFO  [m[[1;34mhttp-nio-8080-exec-5[m] [36mValidateCountedFractionServiceImpl[m - Start method validateMaximumLimitFractionsV1
[30m2026-08-27T14:36:44,505[m [32mINFO  [m[[1;34mhttp-nio-8080-exec-5[m] [36mValidateCountedFractionServiceImpl[m - Start method validateQuantityFractionsV1, tradeId -> 1075738
[30m2026-08-27T14:36:44,505[m [32mINFO  [m[[1;34mhttp-nio-8080-exec-5[m] [36mValidateCountedFractionServiceImpl[m - Start method validateMaximumLimitFractionsV1
[30m2026-08-27T14:36:44,505[m [32mINFO  [m[[1;34mhttp-nio-8080-exec-5[m] [36mValidateCountedFractionServiceImpl[m - Start method validateQuantityFractionsV1, tradeId -> 1078049
[30m2026-08-27T14:36:44,505[m [32mINFO  [m[[1;34mhttp-nio-8080-exec-5[m] [36mValidateCountedFractionServiceImpl[m - Start method validateMaximumLimitFractionsV1
[30m2026-08-27T14:36:44,505[m [32mINFO  [m[[1;34mhttp-nio-8080-exec-5[m] [36mFractionationCountedServiceImpl[m - PERF_ASSIGNMENT_VALIDATION_BATCH batchId=560e3807-744a-4452-9fc7-e170b3ee0da7 inputCount=50 validCount=50 invalidCount=0 uniqueTrades=50 uniqueSides=1 uniqueParticipants=1 titleAccountResolutionRequests=50 titleAccountUniqueBusinessKeys=1 settlementLookupRequests=50 settlementUniqueTradeSides=50 settlementRepositoryCalls=1 settlementRowsLoaded=0 settlementPrefetchMs=4 cudLookupRequests=0 cudUniqueTradeSides=0 cudUniqueBusinessKeys=0 cudRepositoryCalls=0 cudRowsLoaded=0 cudPrefetchMs=0 tradePrefetchMs=309 sidePrefetchMs=0 participantPrefetchMs=12 accountResolutionMs=14 accountPrefetchMs=10 businessValidationMs=6 totalMs=357
[30m2026-08-27T14:36:44,505[m [32mINFO  [m[[1;34mhttp-nio-8080-exec-5[m] [36mRestClientUtils[m - Client [POST] http://operaciones-fracciones-contado-back-service/operations-fractionation-api/v1/fractionation/batch
[30m2026-08-27T14:36:46,295[m [32mINFO  [m[[1;34mhttp-nio-8080-exec-5[m] [36mFractionationCountedServiceImpl[m - PERF_ASSIGNMENT_BATCH service=cmd batchId=560e3807-744a-4452-9fc7-e170b3ee0da7 mode=RAW_VALIDATED configuredMaxBatchSize=80 receivedBatchSize=50 processedCount=50 successCount=50 failureCount=0 fractionationMs=1789 totalMs=1789
[30m2026-08-27T14:36:46,295[m [32mINFO  [m[[1;34mhttp-nio-8080-exec-5[m] [36mFractionationCountedServiceImpl[m - PERF_ASSIGNMENT_BATCH service=cmd batchId=560e3807-744a-4452-9fc7-e170b3ee0da7 mode=RAW configuredMaxBatchSize=80 receivedBatchSize=50 validCount=50 invalidCount=0 sentToFractionationCount=50 successCount=50 failureCount=0 totalMs=2147
[30m2026-08-27T14:36:46,297[m [32mINFO  [m[[1;34mhttp-nio-8080-exec-5[m] [36mGlobalFilter[m - Request [POST /operations-cmd-api/v1/fractionation/counted-operation/batch] completed in 2153 ms with status 200
[30m2026-08-27T14:36:46,321[m [32mINFO  [m[[1;34mhttp-nio-8080-exec-6[m] [36mGlobalFilter[m - ----------- Client User: operaciones-orquestador-ext-back ----------
[30m2026-08-27T14:36:46,636[m [32mINFO  [m[[1;34mhttp-nio-8080-exec-6[m] [36mValidateCountedFractionServiceImpl[m - Start method validateAccountFractionAssignmentV1, accountNumber -> 4021801, tradeId -> 1074992, sideId -> 1, originId -> 122, isLocalCorrection -> false
[30m2026-08-27T14:36:46,636[m [32mINFO  [m[[1;34mhttp-nio-8080-exec-6[m] [36mValidateCountedFractionServiceImpl[m - Searching participant account assignment for accountNumber -> 4021801, participantId -> 15, depositoryId -> 1
[30m2026-08-27T14:36:46,638[m [32mINFO  [m[[1;34mhttp-nio-8080-exec-6[m] [36mValidateCountedFractionServiceImpl[m - No participant account found for accountNumber -> 4021801
[30m2026-08-27T14:36:46,650[m [32mINFO  [m[[1;34mhttp-nio-8080-exec-6[m] [36mValidateCountedFractionServiceImpl[m - End method validateAccountFractionAssignmentV1, fractionAccountOutDto -> FractionAccountOutDto(participantAccount=null, investorAccount=InvestorAccountOutDto(id=57, investor=InvestorOutDto(id=167, code=CL00000001, firstName=Prueba Nombre 1, lastName=Prueba Nombre 2, companyName=TERCERO3509748, type=TypeOutDto(id=2, description=JURIDICO, category=PERSONA), status=StatusOutDto(id=515, description=ACTIVO, category=INVERSIONISTA, shortName=null), country=CountryOutDto(id=35, code=CL, name=CHILE, currency=CurrencyOutDto(id=30, code=CLP, name=PESO CHILENO), timeZone=UTC -3), documentNumber=8605303170, identificationType=IdentificationTypeOutDto(id=5, description=CEDULA DE CIUDADANÍA, code=CC), nationality=35, clearinghouseCode=null, gics=null, moneyLaunderingFlag=null, taxStatus=null), accountNumber=4021801, accountName=AMBIENTE 3  PRUEBA 3, status=StatusOutDto(id=570, description=ACTIVO, category=CUENTA_INVERSIONISTA, shortName=null), originType=TypeOutDto(id=120, description=TERCEROS, category=ORIGEN PUNTA), type=TypeOutDto(id=26, description=CUENTA DEPOSITO, category=CUENTA DEPOSITO), depository=DepositoryOutDto(id=1, description=DVL), participant=null, taxExemp=false), sourceQuoteType=TypeOutDto(id=120, description=TERCEROS, category=ORIGEN PUNTA), fiduciarySpecialist=false, jointAccount=false, masterAccount=false, custodian=null, milaDirectDepositor=null)
[30m2026-08-27T14:36:46,668[m [32mINFO  [m[[1;34mhttp-nio-8080-exec-6[m] [36mValidateCountedFractionServiceImpl[m - Start method validateQuantityFractionsV1, tradeId -> 1074992
[30m2026-08-27T14:36:46,668[m [32mINFO  [m[[1;34mhttp-nio-8080-exec-6[m] [36mValidateCountedFractionServiceImpl[m - Start method validateMaximumLimitFractionsV1
[30m2026-08-27T14:36:46,668[m [32mINFO  [m[[1;34mhttp-nio-8080-exec-6[m] [36mValidateCountedFractionServiceImpl[m - Start method validateQuantityFractionsV1, tradeId -> 1078050
[30m2026-08-27T14:36:46,669[m [32mINFO  [m[[1;34mhttp-nio-8080-exec-6[m] [36mValidateCountedFractionServiceImpl[m - Start method validateMaximumLimitFractionsV1
[30m2026-08-27T14:36:46,669[m [32mINFO  [m[[1;34mhttp-nio-8080-exec-6[m] [36mValidateCountedFractionServiceImpl[m - Start method validateQuantityFractionsV1, tradeId -> 1078051
[30m2026-08-27T14:36:46,669[m [32mINFO  [m[[1;34mhttp-nio-8080-exec-6[m] [36mValidateCountedFractionServiceImpl[m - Start method validateMaximumLimitFractionsV1
[30m2026-08-27T14:36:46,669[m [32mINFO  [m[[1;34mhttp-nio-8080-exec-6[m] [36mValidateCountedFractionServiceImpl[m - Start method validateQuantityFractionsV1, tradeId -> 1078052
[30m2026-08-27T14:36:46,669[m [32mINFO  [m[[1;34mhttp-nio-8080-exec-6[m] [36mValidateCountedFractionServiceImpl[m - Start method validateMaximumLimitFractionsV1
[30m2026-08-27T14:36:46,669[m [32mINFO  [m[[1;34mhttp-nio-8080-exec-6[m] [36mValidateCountedFractionServiceImpl[m - Start method validateQuantityFractionsV1, tradeId -> 1075739
[30m2026-08-27T14:36:46,669[m [32mINFO  [m[[1;34mhttp-nio-8080-exec-6[m] [36mValidateCountedFractionServiceImpl[m - Start method validateMaximumLimitFractionsV1
[30m2026-08-27T14:36:46,669[m [32mINFO  [m[[1;34mhttp-nio-8080-exec-6[m] [36mValidateCountedFractionServiceImpl[m - Start method validateQuantityFractionsV1, tradeId -> 1074993
[30m2026-08-27T14:36:46,669[m [32mINFO  [m[[1;34mhttp-nio-8080-exec-6[m] [36mValidateCountedFractionServiceImpl[m - Start method validateMaximumLimitFractionsV1
[30m2026-08-27T14:36:46,669[m [32mINFO  [m[[1;34mhttp-nio-8080-exec-6[m] [36mValidateCountedFractionServiceImpl[m - Start method validateQuantityFractionsV1, tradeId -> 1078053
[30m2026-08-27T14:36:46,669[m [32mINFO  [m[[1;34mhttp-nio-8080-exec-6[m] [36mValidateCountedFractionServiceImpl[m - Start method validateMaximumLimitFractionsV1
[30m2026-08-27T14:36:46,669[m [32mINFO  [m[[1;34mhttp-nio-8080-exec-6[m] [36mValidateCountedFractionServiceImpl[m - Start method validateQuantityFractionsV1, tradeId -> 1076436
[30m2026-08-27T14:36:46,669[m [32mINFO  [m[[1;34mhttp-nio-8080-exec-6[m] [36mValidateCountedFractionServiceImpl[m - Start method validateMaximumLimitFractionsV1
[30m2026-08-27T14:36:46,670[m [32mINFO  [m[[1;34mhttp-nio-8080-exec-6[m] [36mValidateCountedFractionServiceImpl[m - Start method validateQuantityFractionsV1, tradeId -> 1075740
[30m2026-08-27T14:36:46,670[m [32mINFO  [m[[1;34mhttp-nio-8080-exec-6[m] [36mValidateCountedFractionServiceImpl[m - Start method validateMaximumLimitFractionsV1
[30m2026-08-27T14:36:46,670[m [32mINFO  [m[[1;34mhttp-nio-8080-exec-6[m] [36mValidateCountedFractionServiceImpl[m - Start method validateQuantityFractionsV1, tradeId -> 1068840
[30m2026-08-27T14:36:46,670[m [32mINFO  [m[[1;34mhttp-nio-8080-exec-6[m] [36mValidateCountedFractionServiceImpl[m - Start method validateMaximumLimitFractionsV1
[30m2026-08-27T14:36:46,670[m [32mINFO  [m[[1;34mhttp-nio-8080-exec-6[m] [36mValidateCountedFractionServiceImpl[m - Start method validateQuantityFractionsV1, tradeId -> 1076438
[30m2026-08-27T14:36:46,670[m [32mINFO  [m[[1;34mhttp-nio-8080-exec-6[m] [36mValidateCountedFractionServiceImpl[m - Start method validateMaximumLimitFractionsV1
[30m2026-08-27T14:36:46,670[m [32mINFO  [m[[1;34mhttp-nio-8080-exec-6[m] [36mValidateCountedFractionServiceImpl[m - Start method validateQuantityFractionsV1, tradeId -> 1075746
[30m2026-08-27T14:36:46,670[m [32mINFO  [m[[1;34mhttp-nio-8080-exec-6[m] [36mValidateCountedFractionServiceImpl[m - Start method validateMaximumLimitFractionsV1
[30m2026-08-27T14:36:46,670[m [32mINFO  [m[[1;34mhttp-nio-8080-exec-6[m] [36mValidateCountedFractionServiceImpl[m - Start method validateQuantityFractionsV1, tradeId -> 1075747
[30m2026-08-27T14:36:46,671[m [32mINFO  [m[[1;34mhttp-nio-8080-exec-6[m] [36mValidateCountedFractionServiceImpl[m - Start method validateMaximumLimitFractionsV1
[30m2026-08-27T14:36:46,671[m [32mINFO  [m[[1;34mhttp-nio-8080-exec-6[m] [36mValidateCountedFractionServiceImpl[m - Start method validateQuantityFractionsV1, tradeId -> 1076440
[30m2026-08-27T14:36:46,671[m [32mINFO  [m[[1;34mhttp-nio-8080-exec-6[m] [36mValidateCountedFractionServiceImpl[m - Start method validateMaximumLimitFractionsV1
[30m2026-08-27T14:36:46,671[m [32mINFO  [m[[1;34mhttp-nio-8080-exec-6[m] [36mValidateCountedFractionServiceImpl[m - Start method validateQuantityFractionsV1, tradeId -> 1078058
[30m2026-08-27T14:36:46,671[m [32mINFO  [m[[1;34mhttp-nio-8080-exec-6[m] [36mValidateCountedFractionServiceImpl[m - Start method validateMaximumLimitFractionsV1
[30m2026-08-27T14:36:46,671[m [32mINFO  [m[[1;34mhttp-nio-8080-exec-6[m] [36mValidateCountedFractionServiceImpl[m - Start method validateQuantityFractionsV1, tradeId -> 1077000
[30m2026-08-27T14:36:46,671[m [32mINFO  [m[[1;34mhttp-nio-8080-exec-6[m] [36mValidateCountedFractionServiceImpl[m - Start method validateMaximumLimitFractionsV1
[30m2026-08-27T14:36:46,671[m [32mINFO  [m[[1;34mhttp-nio-8080-exec-6[m] [36mValidateCountedFractionServiceImpl[m - Start method validateQuantityFractionsV1, tradeId -> 1077001
[30m2026-08-27T14:36:46,671[m [32mINFO  [m[[1;34mhttp-nio-8080-exec-6[m] [36mValidateCountedFractionServiceImpl[m - Start method validateMaximumLimitFractionsV1
[30m2026-08-27T14:36:46,671[m [32mINFO  [m[[1;34mhttp-nio-8080-exec-6[m] [36mValidateCountedFractionServiceImpl[m - Start method validateQuantityFractionsV1, tradeId -> 1068844
[30m2026-08-27T14:36:46,671[m [32mINFO  [m[[1;34mhttp-nio-8080-exec-6[m] [36mValidateCountedFractionServiceImpl[m - Start method validateMaximumLimitFractionsV1
[30m2026-08-27T14:36:46,671[m [32mINFO  [m[[1;34mhttp-nio-8080-exec-6[m] [36mValidateCountedFractionServiceImpl[m - Start method validateQuantityFractionsV1, tradeId -> 1077002
[30m2026-08-27T14:36:46,671[m [32mINFO  [m[[1;34mhttp-nio-8080-exec-6[m] [36mValidateCountedFractionServiceImpl[m - Start method validateMaximumLimitFractionsV1
[30m2026-08-27T14:36:46,671[m [32mINFO  [m[[1;34mhttp-nio-8080-exec-6[m] [36mValidateCountedFractionServiceImpl[m - Start method validateQuantityFractionsV1, tradeId -> 1075748
[30m2026-08-27T14:36:46,671[m [32mINFO  [m[[1;34mhttp-nio-8080-exec-6[m] [36mValidateCountedFractionServiceImpl[m - Start method validateMaximumLimitFractionsV1
[30m2026-08-27T14:36:46,671[m [32mINFO  [m[[1;34mhttp-nio-8080-exec-6[m] [36mValidateCountedFractionServiceImpl[m - Start method validateQuantityFractionsV1, tradeId -> 1076442
[30m2026-08-27T14:36:46,671[m [32mINFO  [m[[1;34mhttp-nio-8080-exec-6[m] [36mValidateCountedFractionServiceImpl[m - Start method validateMaximumLimitFractionsV1
[30m2026-08-27T14:36:46,671[m [32mINFO  [m[[1;34mhttp-nio-8080-exec-6[m] [36mValidateCountedFractionServiceImpl[m - Start method validateQuantityFractionsV1, tradeId -> 1076444
[30m2026-08-27T14:36:46,671[m [32mINFO  [m[[1;34mhttp-nio-8080-exec-6[m] [36mValidateCountedFractionServiceImpl[m - Start method validateMaximumLimitFractionsV1
[30m2026-08-27T14:36:46,671[m [32mINFO  [m[[1;34mhttp-nio-8080-exec-6[m] [36mValidateCountedFractionServiceImpl[m - Start method validateQuantityFractionsV1, tradeId -> 1068845
[30m2026-08-27T14:36:46,671[m [32mINFO  [m[[1;34mhttp-nio-8080-exec-6[m] [36mValidateCountedFractionServiceImpl[m - Start method validateMaximumLimitFractionsV1
[30m2026-08-27T14:36:46,671[m [32mINFO  [m[[1;34mhttp-nio-8080-exec-6[m] [36mValidateCountedFractionServiceImpl[m - Start method validateQuantityFractionsV1, tradeId -> 1076446
[30m2026-08-27T14:36:46,671[m [32mINFO  [m[[1;34mhttp-nio-8080-exec-6[m] [36mValidateCountedFractionServiceImpl[m - Start method validateMaximumLimitFractionsV1
[30m2026-08-27T14:36:46,671[m [32mINFO  [m[[1;34mhttp-nio-8080-exec-6[m] [36mValidateCountedFractionServiceImpl[m - Start method validateQuantityFractionsV1, tradeId -> 1076448
[30m2026-08-27T14:36:46,671[m [32mINFO  [m[[1;34mhttp-nio-8080-exec-6[m] [36mValidateCountedFractionServiceImpl[m - Start method validateMaximumLimitFractionsV1
[30m2026-08-27T14:36:46,671[m [32mINFO  [m[[1;34mhttp-nio-8080-exec-6[m] [36mValidateCountedFractionServiceImpl[m - Start method validateQuantityFractionsV1, tradeId -> 1075752
[30m2026-08-27T14:36:46,671[m [32mINFO  [m[[1;34mhttp-nio-8080-exec-6[m] [36mValidateCountedFractionServiceImpl[m - Start method validateMaximumLimitFractionsV1
[30m2026-08-27T14:36:46,671[m [32mINFO  [m[[1;34mhttp-nio-8080-exec-6[m] [36mValidateCountedFractionServiceImpl[m - Start method validateQuantityFractionsV1, tradeId -> 1077003
[30m2026-08-27T14:36:46,671[m [32mINFO  [m[[1;34mhttp-nio-8080-exec-6[m] [36mValidateCountedFractionServiceImpl[m - Start method validateMaximumLimitFractionsV1
[30m2026-08-27T14:36:46,671[m [32mINFO  [m[[1;34mhttp-nio-8080-exec-6[m] [36mValidateCountedFractionServiceImpl[m - Start method validateQuantityFractionsV1, tradeId -> 1077004
[30m2026-08-27T14:36:46,671[m [32mINFO  [m[[1;34mhttp-nio-8080-exec-6[m] [36mValidateCountedFractionServiceImpl[m - Start method validateMaximumLimitFractionsV1
[30m2026-08-27T14:36:46,671[m [32mINFO  [m[[1;34mhttp-nio-8080-exec-6[m] [36mValidateCountedFractionServiceImpl[m - Start method validateQuantityFractionsV1, tradeId -> 1078061
[30m2026-08-27T14:36:46,672[m [32mINFO  [m[[1;34mhttp-nio-8080-exec-6[m] [36mValidateCountedFractionServiceImpl[m - Start method validateMaximumLimitFractionsV1
[30m2026-08-27T14:36:46,672[m [32mINFO  [m[[1;34mhttp-nio-8080-exec-6[m] [36mValidateCountedFractionServiceImpl[m - Start method validateQuantityFractionsV1, tradeId -> 1077005
[30m2026-08-27T14:36:46,672[m [32mINFO  [m[[1;34mhttp-nio-8080-exec-6[m] [36mValidateCountedFractionServiceImpl[m - Start method validateMaximumLimitFractionsV1
[30m2026-08-27T14:36:46,672[m [32mINFO  [m[[1;34mhttp-nio-8080-exec-6[m] [36mValidateCountedFractionServiceImpl[m - Start method validateQuantityFractionsV1, tradeId -> 1075753
[30m2026-08-27T14:36:46,672[m [32mINFO  [m[[1;34mhttp-nio-8080-exec-6[m] [36mValidateCountedFractionServiceImpl[m - Start method validateMaximumLimitFractionsV1
[30m2026-08-27T14:36:46,672[m [32mINFO  [m[[1;34mhttp-nio-8080-exec-6[m] [36mValidateCountedFractionServiceImpl[m - Start method validateQuantityFractionsV1, tradeId -> 1068846
[30m2026-08-27T14:36:46,672[m [32mINFO  [m[[1;34mhttp-nio-8080-exec-6[m] [36mValidateCountedFractionServiceImpl[m - Start method validateMaximumLimitFractionsV1
[30m2026-08-27T14:36:46,672[m [32mINFO  [m[[1;34mhttp-nio-8080-exec-6[m] [36mValidateCountedFractionServiceImpl[m - Start method validateQuantityFractionsV1, tradeId -> 1068847
[30m2026-08-27T14:36:46,672[m [32mINFO  [m[[1;34mhttp-nio-8080-exec-6[m] [36mValidateCountedFractionServiceImpl[m - Start method validateMaximumLimitFractionsV1
[30m2026-08-27T14:36:46,672[m [32mINFO  [m[[1;34mhttp-nio-8080-exec-6[m] [36mValidateCountedFractionServiceImpl[m - Start method validateQuantityFractionsV1, tradeId -> 1076450
[30m2026-08-27T14:36:46,672[m [32mINFO  [m[[1;34mhttp-nio-8080-exec-6[m] [36mValidateCountedFractionServiceImpl[m - Start method validateMaximumLimitFractionsV1
[30m2026-08-27T14:36:46,672[m [32mINFO  [m[[1;34mhttp-nio-8080-exec-6[m] [36mValidateCountedFractionServiceImpl[m - Start method validateQuantityFractionsV1, tradeId -> 1068848
[30m2026-08-27T14:36:46,672[m [32mINFO  [m[[1;34mhttp-nio-8080-exec-6[m] [36mValidateCountedFractionServiceImpl[m - Start method validateMaximumLimitFractionsV1
[30m2026-08-27T14:36:46,672[m [32mINFO  [m[[1;34mhttp-nio-8080-exec-6[m] [36mValidateCountedFractionServiceImpl[m - Start method validateQuantityFractionsV1, tradeId -> 1078063
[30m2026-08-27T14:36:46,672[m [32mINFO  [m[[1;34mhttp-nio-8080-exec-6[m] [36mValidateCountedFractionServiceImpl[m - Start method validateMaximumLimitFractionsV1
[30m2026-08-27T14:36:46,672[m [32mINFO  [m[[1;34mhttp-nio-8080-exec-6[m] [36mValidateCountedFractionServiceImpl[m - Start method validateQuantityFractionsV1, tradeId -> 1068849
[30m2026-08-27T14:36:46,672[m [32mINFO  [m[[1;34mhttp-nio-8080-exec-6[m] [36mValidateCountedFractionServiceImpl[m - Start method validateMaximumLimitFractionsV1
[30m2026-08-27T14:36:46,672[m [32mINFO  [m[[1;34mhttp-nio-8080-exec-6[m] [36mValidateCountedFractionServiceImpl[m - Start method validateQuantityFractionsV1, tradeId -> 1068850
[30m2026-08-27T14:36:46,672[m [32mINFO  [m[[1;34mhttp-nio-8080-exec-6[m] [36mValidateCountedFractionServiceImpl[m - Start method validateMaximumLimitFractionsV1
[30m2026-08-27T14:36:46,672[m [32mINFO  [m[[1;34mhttp-nio-8080-exec-6[m] [36mValidateCountedFractionServiceImpl[m - Start method validateQuantityFractionsV1, tradeId -> 1077006
[30m2026-08-27T14:36:46,672[m [32mINFO  [m[[1;34mhttp-nio-8080-exec-6[m] [36mValidateCountedFractionServiceImpl[m - Start method validateMaximumLimitFractionsV1
[30m2026-08-27T14:36:46,672[m [32mINFO  [m[[1;34mhttp-nio-8080-exec-6[m] [36mValidateCountedFractionServiceImpl[m - Start method validateQuantityFractionsV1, tradeId -> 1068851
[30m2026-08-27T14:36:46,672[m [32mINFO  [m[[1;34mhttp-nio-8080-exec-6[m] [36mValidateCountedFractionServiceImpl[m - Start method validateMaximumLimitFractionsV1
[30m2026-08-27T14:36:46,672[m [32mINFO  [m[[1;34mhttp-nio-8080-exec-6[m] [36mValidateCountedFractionServiceImpl[m - Start method validateQuantityFractionsV1, tradeId -> 1076452
[30m2026-08-27T14:36:46,672[m [32mINFO  [m[[1;34mhttp-nio-8080-exec-6[m] [36mValidateCountedFractionServiceImpl[m - Start method validateMaximumLimitFractionsV1
[30m2026-08-27T14:36:46,672[m [32mINFO  [m[[1;34mhttp-nio-8080-exec-6[m] [36mValidateCountedFractionServiceImpl[m - Start method validateQuantityFractionsV1, tradeId -> 1077007
[30m2026-08-27T14:36:46,673[m [32mINFO  [m[[1;34mhttp-nio-8080-exec-6[m] [36mValidateCountedFractionServiceImpl[m - Start method validateMaximumLimitFractionsV1
[30m2026-08-27T14:36:46,673[m [32mINFO  [m[[1;34mhttp-nio-8080-exec-6[m] [36mValidateCountedFractionServiceImpl[m - Start method validateQuantityFractionsV1, tradeId -> 1078065
[30m2026-08-27T14:36:46,673[m [32mINFO  [m[[1;34mhttp-nio-8080-exec-6[m] [36mValidateCountedFractionServiceImpl[m - Start method validateMaximumLimitFractionsV1
[30m2026-08-27T14:36:46,673[m [32mINFO  [m[[1;34mhttp-nio-8080-exec-6[m] [36mValidateCountedFractionServiceImpl[m - Start method validateQuantityFractionsV1, tradeId -> 1075756
[30m2026-08-27T14:36:46,673[m [32mINFO  [m[[1;34mhttp-nio-8080-exec-6[m] [36mValidateCountedFractionServiceImpl[m - Start method validateMaximumLimitFractionsV1
[30m2026-08-27T14:36:46,673[m [32mINFO  [m[[1;34mhttp-nio-8080-exec-6[m] [36mValidateCountedFractionServiceImpl[m - Start method validateQuantityFractionsV1, tradeId -> 1068855
[30m2026-08-27T14:36:46,673[m [32mINFO  [m[[1;34mhttp-nio-8080-exec-6[m] [36mValidateCountedFractionServiceImpl[m - Start method validateMaximumLimitFractionsV1
[30m2026-08-27T14:36:46,673[m [32mINFO  [m[[1;34mhttp-nio-8080-exec-6[m] [36mValidateCountedFractionServiceImpl[m - Start method validateQuantityFractionsV1, tradeId -> 1075757
[30m2026-08-27T14:36:46,673[m [32mINFO  [m[[1;34mhttp-nio-8080-exec-6[m] [36mValidateCountedFractionServiceImpl[m - Start method validateMaximumLimitFractionsV1
[30m2026-08-27T14:36:46,673[m [32mINFO  [m[[1;34mhttp-nio-8080-exec-6[m] [36mValidateCountedFractionServiceImpl[m - Start method validateQuantityFractionsV1, tradeId -> 1075758
[30m2026-08-27T14:36:46,673[m [32mINFO  [m[[1;34mhttp-nio-8080-exec-6[m] [36mValidateCountedFractionServiceImpl[m - Start method validateMaximumLimitFractionsV1
[30m2026-08-27T14:36:46,673[m [32mINFO  [m[[1;34mhttp-nio-8080-exec-6[m] [36mValidateCountedFractionServiceImpl[m - Start method validateQuantityFractionsV1, tradeId -> 1075759
[30m2026-08-27T14:36:46,673[m [32mINFO  [m[[1;34mhttp-nio-8080-exec-6[m] [36mValidateCountedFractionServiceImpl[m - Start method validateMaximumLimitFractionsV1
[30m2026-08-27T14:36:46,673[m [32mINFO  [m[[1;34mhttp-nio-8080-exec-6[m] [36mValidateCountedFractionServiceImpl[m - Start method validateQuantityFractionsV1, tradeId -> 1075760
[30m2026-08-27T14:36:46,673[m [32mINFO  [m[[1;34mhttp-nio-8080-exec-6[m] [36mValidateCountedFractionServiceImpl[m - Start method validateMaximumLimitFractionsV1
[30m2026-08-27T14:36:46,674[m [32mINFO  [m[[1;34mhttp-nio-8080-exec-6[m] [36mValidateCountedFractionServiceImpl[m - Start method validateQuantityFractionsV1, tradeId -> 1077008
[30m2026-08-27T14:36:46,674[m [32mINFO  [m[[1;34mhttp-nio-8080-exec-6[m] [36mValidateCountedFractionServiceImpl[m - Start method validateMaximumLimitFractionsV1
[30m2026-08-27T14:36:46,674[m [32mINFO  [m[[1;34mhttp-nio-8080-exec-6[m] [36mFractionationCountedServiceImpl[m - PERF_ASSIGNMENT_VALIDATION_BATCH batchId=e7b7612c-37fe-439f-ba5b-d179757e0715 inputCount=50 validCount=50 invalidCount=0 uniqueTrades=50 uniqueSides=1 uniqueParticipants=1 titleAccountResolutionRequests=50 titleAccountUniqueBusinessKeys=1 settlementLookupRequests=50 settlementUniqueTradeSides=50 settlementRepositoryCalls=1 settlementRowsLoaded=0 settlementPrefetchMs=3 cudLookupRequests=0 cudUniqueTradeSides=0 cudUniqueBusinessKeys=0 cudRepositoryCalls=0 cudRowsLoaded=0 cudPrefetchMs=0 tradePrefetchMs=300 sidePrefetchMs=0 participantPrefetchMs=12 accountResolutionMs=15 accountPrefetchMs=10 businessValidationMs=9 totalMs=350
[30m2026-08-27T14:36:46,674[m [32mINFO  [m[[1;34mhttp-nio-8080-exec-6[m] [36mRestClientUtils[m - Client [POST] http://operaciones-fracciones-contado-back-service/operations-fractionation-api/v1/fractionation/batch
[30m2026-08-27T14:36:48,441[m [32mINFO  [m[[1;34mhttp-nio-8080-exec-6[m] [36mFractionationCountedServiceImpl[m - PERF_ASSIGNMENT_BATCH service=cmd batchId=e7b7612c-37fe-439f-ba5b-d179757e0715 mode=RAW_VALIDATED configuredMaxBatchSize=80 receivedBatchSize=50 processedCount=50 successCount=50 failureCount=0 fractionationMs=1767 totalMs=1767
[30m2026-08-27T14:36:48,442[m [32mINFO  [m[[1;34mhttp-nio-8080-exec-6[m] [36mFractionationCountedServiceImpl[m - PERF_ASSIGNMENT_BATCH service=cmd batchId=e7b7612c-37fe-439f-ba5b-d179757e0715 mode=RAW configuredMaxBatchSize=80 receivedBatchSize=50 validCount=50 invalidCount=0 sentToFractionationCount=50 successCount=50 failureCount=0 totalMs=2118
[30m2026-08-27T14:36:48,444[m [32mINFO  [m[[1;34mhttp-nio-8080-exec-6[m] [36mGlobalFilter[m - Request [POST /operations-cmd-api/v1/fractionation/counted-operation/batch] completed in 2123 ms with status 200
[30m2026-08-27T14:36:48,474[m [32mINFO  [m[[1;34mhttp-nio-8080-exec-7[m] [36mGlobalFilter[m - ----------- Client User: operaciones-orquestador-ext-back ----------
[30m2026-08-27T14:36:48,810[m [32mINFO  [m[[1;34mhttp-nio-8080-exec-7[m] [36mValidateCountedFractionServiceImpl[m - Start method validateAccountFractionAssignmentV1, accountNumber -> 4021801, tradeId -> 1068856, sideId -> 1, originId -> 122, isLocalCorrection -> false
[30m2026-08-27T14:36:48,811[m [32mINFO  [m[[1;34mhttp-nio-8080-exec-7[m] [36mValidateCountedFractionServiceImpl[m - Searching participant account assignment for accountNumber -> 4021801, participantId -> 15, depositoryId -> 1
[30m2026-08-27T14:36:48,813[m [32mINFO  [m[[1;34mhttp-nio-8080-exec-7[m] [36mValidateCountedFractionServiceImpl[m - No participant account found for accountNumber -> 4021801
[30m2026-08-27T14:36:48,824[m [32mINFO  [m[[1;34mhttp-nio-8080-exec-7[m] [36mValidateCountedFractionServiceImpl[m - End method validateAccountFractionAssignmentV1, fractionAccountOutDto -> FractionAccountOutDto(participantAccount=null, investorAccount=InvestorAccountOutDto(id=57, investor=InvestorOutDto(id=167, code=CL00000001, firstName=Prueba Nombre 1, lastName=Prueba Nombre 2, companyName=TERCERO3509748, type=TypeOutDto(id=2, description=JURIDICO, category=PERSONA), status=StatusOutDto(id=515, description=ACTIVO, category=INVERSIONISTA, shortName=null), country=CountryOutDto(id=35, code=CL, name=CHILE, currency=CurrencyOutDto(id=30, code=CLP, name=PESO CHILENO), timeZone=UTC -3), documentNumber=8605303170, identificationType=IdentificationTypeOutDto(id=5, description=CEDULA DE CIUDADANÍA, code=CC), nationality=35, clearinghouseCode=null, gics=null, moneyLaunderingFlag=null, taxStatus=null), accountNumber=4021801, accountName=AMBIENTE 3  PRUEBA 3, status=StatusOutDto(id=570, description=ACTIVO, category=CUENTA_INVERSIONISTA, shortName=null), originType=TypeOutDto(id=120, description=TERCEROS, category=ORIGEN PUNTA), type=TypeOutDto(id=26, description=CUENTA DEPOSITO, category=CUENTA DEPOSITO), depository=DepositoryOutDto(id=1, description=DVL), participant=null, taxExemp=false), sourceQuoteType=TypeOutDto(id=120, description=TERCEROS, category=ORIGEN PUNTA), fiduciarySpecialist=false, jointAccount=false, masterAccount=false, custodian=null, milaDirectDepositor=null)
[30m2026-08-27T14:36:48,840[m [32mINFO  [m[[1;34mhttp-nio-8080-exec-7[m] [36mValidateCountedFractionServiceImpl[m - Start method validateQuantityFractionsV1, tradeId -> 1068856
[30m2026-08-27T14:36:48,840[m [32mINFO  [m[[1;34mhttp-nio-8080-exec-7[m] [36mValidateCountedFractionServiceImpl[m - Start method validateMaximumLimitFractionsV1
[30m2026-08-27T14:36:48,840[m [32mINFO  [m[[1;34mhttp-nio-8080-exec-7[m] [36mValidateCountedFractionServiceImpl[m - Start method validateQuantityFractionsV1, tradeId -> 1068857
[30m2026-08-27T14:36:48,840[m [32mINFO  [m[[1;34mhttp-nio-8080-exec-7[m] [36mValidateCountedFractionServiceImpl[m - Start method validateMaximumLimitFractionsV1
[30m2026-08-27T14:36:48,840[m [32mINFO  [m[[1;34mhttp-nio-8080-exec-7[m] [36mValidateCountedFractionServiceImpl[m - Start method validateQuantityFractionsV1, tradeId -> 1078066
[30m2026-08-27T14:36:48,841[m [32mINFO  [m[[1;34mhttp-nio-8080-exec-7[m] [36mValidateCountedFractionServiceImpl[m - Start method validateMaximumLimitFractionsV1
[30m2026-08-27T14:36:48,841[m [32mINFO  [m[[1;34mhttp-nio-8080-exec-7[m] [36mValidateCountedFractionServiceImpl[m - Start method validateQuantityFractionsV1, tradeId -> 1076454
[30m2026-08-27T14:36:48,841[m [32mINFO  [m[[1;34mhttp-nio-8080-exec-7[m] [36mValidateCountedFractionServiceImpl[m - Start method validateMaximumLimitFractionsV1
[30m2026-08-27T14:36:48,841[m [32mINFO  [m[[1;34mhttp-nio-8080-exec-7[m] [36mValidateCountedFractionServiceImpl[m - Start method validateQuantityFractionsV1, tradeId -> 1068860
[30m2026-08-27T14:36:48,841[m [32mINFO  [m[[1;34mhttp-nio-8080-exec-7[m] [36mValidateCountedFractionServiceImpl[m - Start method validateMaximumLimitFractionsV1
[30m2026-08-27T14:36:48,841[m [32mINFO  [m[[1;34mhttp-nio-8080-exec-7[m] [36mValidateCountedFractionServiceImpl[m - Start method validateQuantityFractionsV1, tradeId -> 1068861
[30m2026-08-27T14:36:48,841[m [32mINFO  [m[[1;34mhttp-nio-8080-exec-7[m] [36mValidateCountedFractionServiceImpl[m - Start method validateMaximumLimitFractionsV1
[30m2026-08-27T14:36:48,841[m [32mINFO  [m[[1;34mhttp-nio-8080-exec-7[m] [36mValidateCountedFractionServiceImpl[m - Start method validateQuantityFractionsV1, tradeId -> 1075763
[30m2026-08-27T14:36:48,841[m [32mINFO  [m[[1;34mhttp-nio-8080-exec-7[m] [36mValidateCountedFractionServiceImpl[m - Start method validateMaximumLimitFractionsV1
[30m2026-08-27T14:36:48,841[m [32mINFO  [m[[1;34mhttp-nio-8080-exec-7[m] [36mValidateCountedFractionServiceImpl[m - Start method validateQuantityFractionsV1, tradeId -> 1077012
[30m2026-08-27T14:36:48,841[m [32mINFO  [m[[1;34mhttp-nio-8080-exec-7[m] [36mValidateCountedFractionServiceImpl[m - Start method validateMaximumLimitFractionsV1
[30m2026-08-27T14:36:48,841[m [32mINFO  [m[[1;34mhttp-nio-8080-exec-7[m] [36mValidateCountedFractionServiceImpl[m - Start method validateQuantityFractionsV1, tradeId -> 1076456
[30m2026-08-27T14:36:48,841[m [32mINFO  [m[[1;34mhttp-nio-8080-exec-7[m] [36mValidateCountedFractionServiceImpl[m - Start method validateMaximumLimitFractionsV1
[30m2026-08-27T14:36:48,841[m [32mINFO  [m[[1;34mhttp-nio-8080-exec-7[m] [36mValidateCountedFractionServiceImpl[m - Start method validateQuantityFractionsV1, tradeId -> 1077016
[30m2026-08-27T14:36:48,841[m [32mINFO  [m[[1;34mhttp-nio-8080-exec-7[m] [36mValidateCountedFractionServiceImpl[m - Start method validateMaximumLimitFractionsV1
[30m2026-08-27T14:36:48,841[m [32mINFO  [m[[1;34mhttp-nio-8080-exec-7[m] [36mValidateCountedFractionServiceImpl[m - Start method validateQuantityFractionsV1, tradeId -> 1076460
[30m2026-08-27T14:36:48,841[m [32mINFO  [m[[1;34mhttp-nio-8080-exec-7[m] [36mValidateCountedFractionServiceImpl[m - Start method validateMaximumLimitFractionsV1
[30m2026-08-27T14:36:48,841[m [32mINFO  [m[[1;34mhttp-nio-8080-exec-7[m] [36mValidateCountedFractionServiceImpl[m - Start method validateQuantityFractionsV1, tradeId -> 1075768
[30m2026-08-27T14:36:48,841[m [32mINFO  [m[[1;34mhttp-nio-8080-exec-7[m] [36mValidateCountedFractionServiceImpl[m - Start method validateMaximumLimitFractionsV1
[30m2026-08-27T14:36:48,841[m [32mINFO  [m[[1;34mhttp-nio-8080-exec-7[m] [36mValidateCountedFractionServiceImpl[m - Start method validateQuantityFractionsV1, tradeId -> 1078073
[30m2026-08-27T14:36:48,841[m [32mINFO  [m[[1;34mhttp-nio-8080-exec-7[m] [36mValidateCountedFractionServiceImpl[m - Start method validateMaximumLimitFractionsV1
[30m2026-08-27T14:36:48,841[m [32mINFO  [m[[1;34mhttp-nio-8080-exec-7[m] [36mValidateCountedFractionServiceImpl[m - Start method validateQuantityFractionsV1, tradeId -> 1078074
[30m2026-08-27T14:36:48,841[m [32mINFO  [m[[1;34mhttp-nio-8080-exec-7[m] [36mValidateCountedFractionServiceImpl[m - Start method validateMaximumLimitFractionsV1
[30m2026-08-27T14:36:48,841[m [32mINFO  [m[[1;34mhttp-nio-8080-exec-7[m] [36mValidateCountedFractionServiceImpl[m - Start method validateQuantityFractionsV1, tradeId -> 1075769
[30m2026-08-27T14:36:48,841[m [32mINFO  [m[[1;34mhttp-nio-8080-exec-7[m] [36mValidateCountedFractionServiceImpl[m - Start method validateMaximumLimitFractionsV1
[30m2026-08-27T14:36:48,841[m [32mINFO  [m[[1;34mhttp-nio-8080-exec-7[m] [36mValidateCountedFractionServiceImpl[m - Start method validateQuantityFractionsV1, tradeId -> 1076461
[30m2026-08-27T14:36:48,842[m [32mINFO  [m[[1;34mhttp-nio-8080-exec-7[m] [36mValidateCountedFractionServiceImpl[m - Start method validateMaximumLimitFractionsV1
[30m2026-08-27T14:36:48,842[m [32mINFO  [m[[1;34mhttp-nio-8080-exec-7[m] [36mValidateCountedFractionServiceImpl[m - Start method validateQuantityFractionsV1, tradeId -> 1078075
[30m2026-08-27T14:36:48,842[m [32mINFO  [m[[1;34mhttp-nio-8080-exec-7[m] [36mValidateCountedFractionServiceImpl[m - Start method validateMaximumLimitFractionsV1
[30m2026-08-27T14:36:48,842[m [32mINFO  [m[[1;34mhttp-nio-8080-exec-7[m] [36mValidateCountedFractionServiceImpl[m - Start method validateQuantityFractionsV1, tradeId -> 1075770
[30m2026-08-27T14:36:48,842[m [32mINFO  [m[[1;34mhttp-nio-8080-exec-7[m] [36mValidateCountedFractionServiceImpl[m - Start method validateMaximumLimitFractionsV1
[30m2026-08-27T14:36:48,842[m [32mINFO  [m[[1;34mhttp-nio-8080-exec-7[m] [36mValidateCountedFractionServiceImpl[m - Start method validateQuantityFractionsV1, tradeId -> 1076462
[30m2026-08-27T14:36:48,842[m [32mINFO  [m[[1;34mhttp-nio-8080-exec-7[m] [36mValidateCountedFractionServiceImpl[m - Start method validateMaximumLimitFractionsV1
[30m2026-08-27T14:36:48,842[m [32mINFO  [m[[1;34mhttp-nio-8080-exec-7[m] [36mValidateCountedFractionServiceImpl[m - Start method validateQuantityFractionsV1, tradeId -> 1076463
[30m2026-08-27T14:36:48,842[m [32mINFO  [m[[1;34mhttp-nio-8080-exec-7[m] [36mValidateCountedFractionServiceImpl[m - Start method validateMaximumLimitFractionsV1
[30m2026-08-27T14:36:48,842[m [32mINFO  [m[[1;34mhttp-nio-8080-exec-7[m] [36mValidateCountedFractionServiceImpl[m - Start method validateQuantityFractionsV1, tradeId -> 1077020
[30m2026-08-27T14:36:48,842[m [32mINFO  [m[[1;34mhttp-nio-8080-exec-7[m] [36mValidateCountedFractionServiceImpl[m - Start method validateMaximumLimitFractionsV1
[30m2026-08-27T14:36:48,842[m [32mINFO  [m[[1;34mhttp-nio-8080-exec-7[m] [36mValidateCountedFractionServiceImpl[m - Start method validateQuantityFractionsV1, tradeId -> 1076464
[30m2026-08-27T14:36:48,842[m [32mINFO  [m[[1;34mhttp-nio-8080-exec-7[m] [36mValidateCountedFractionServiceImpl[m - Start method validateMaximumLimitFractionsV1
[30m2026-08-27T14:36:48,842[m [32mINFO  [m[[1;34mhttp-nio-8080-exec-7[m] [36mValidateCountedFractionServiceImpl[m - Start method validateQuantityFractionsV1, tradeId -> 1076465
[30m2026-08-27T14:36:48,842[m [32mINFO  [m[[1;34mhttp-nio-8080-exec-7[m] [36mValidateCountedFractionServiceImpl[m - Start method validateMaximumLimitFractionsV1
[30m2026-08-27T14:36:48,842[m [32mINFO  [m[[1;34mhttp-nio-8080-exec-7[m] [36mValidateCountedFractionServiceImpl[m - Start method validateQuantityFractionsV1, tradeId -> 1077021
[30m2026-08-27T14:36:48,842[m [32mINFO  [m[[1;34mhttp-nio-8080-exec-7[m] [36mValidateCountedFractionServiceImpl[m - Start method validateMaximumLimitFractionsV1
[30m2026-08-27T14:36:48,842[m [32mINFO  [m[[1;34mhttp-nio-8080-exec-7[m] [36mValidateCountedFractionServiceImpl[m - Start method validateQuantityFractionsV1, tradeId -> 1076466
[30m2026-08-27T14:36:48,842[m [32mINFO  [m[[1;34mhttp-nio-8080-exec-7[m] [36mValidateCountedFractionServiceImpl[m - Start method validateMaximumLimitFractionsV1
[30m2026-08-27T14:36:48,842[m [32mINFO  [m[[1;34mhttp-nio-8080-exec-7[m] [36mValidateCountedFractionServiceImpl[m - Start method validateQuantityFractionsV1, tradeId -> 1075771
[30m2026-08-27T14:36:48,842[m [32mINFO  [m[[1;34mhttp-nio-8080-exec-7[m] [36mValidateCountedFractionServiceImpl[m - Start method validateMaximumLimitFractionsV1
[30m2026-08-27T14:36:48,842[m [32mINFO  [m[[1;34mhttp-nio-8080-exec-7[m] [36mValidateCountedFractionServiceImpl[m - Start method validateQuantityFractionsV1, tradeId -> 1075772
[30m2026-08-27T14:36:48,842[m [32mINFO  [m[[1;34mhttp-nio-8080-exec-7[m] [36mValidateCountedFractionServiceImpl[m - Start method validateMaximumLimitFractionsV1
[30m2026-08-27T14:36:48,843[m [32mINFO  [m[[1;34mhttp-nio-8080-exec-7[m] [36mValidateCountedFractionServiceImpl[m - Start method validateQuantityFractionsV1, tradeId -> 1075773
[30m2026-08-27T14:36:48,843[m [32mINFO  [m[[1;34mhttp-nio-8080-exec-7[m] [36mValidateCountedFractionServiceImpl[m - Start method validateMaximumLimitFractionsV1
[30m2026-08-27T14:36:48,843[m [32mINFO  [m[[1;34mhttp-nio-8080-exec-7[m] [36mValidateCountedFractionServiceImpl[m - Start method validateQuantityFractionsV1, tradeId -> 1077022
[30m2026-08-27T14:36:48,843[m [32mINFO  [m[[1;34mhttp-nio-8080-exec-7[m] [36mValidateCountedFractionServiceImpl[m - Start method validateMaximumLimitFractionsV1
[30m2026-08-27T14:36:48,843[m [32mINFO  [m[[1;34mhttp-nio-8080-exec-7[m] [36mValidateCountedFractionServiceImpl[m - Start method validateQuantityFractionsV1, tradeId -> 1075774
[30m2026-08-27T14:36:48,843[m [32mINFO  [m[[1;34mhttp-nio-8080-exec-7[m] [36mValidateCountedFractionServiceImpl[m - Start method validateMaximumLimitFractionsV1
[30m2026-08-27T14:36:48,843[m [32mINFO  [m[[1;34mhttp-nio-8080-exec-7[m] [36mValidateCountedFractionServiceImpl[m - Start method validateQuantityFractionsV1, tradeId -> 1076467
[30m2026-08-27T14:36:48,843[m [32mINFO  [m[[1;34mhttp-nio-8080-exec-7[m] [36mValidateCountedFractionServiceImpl[m - Start method validateMaximumLimitFractionsV1
[30m2026-08-27T14:36:48,843[m [32mINFO  [m[[1;34mhttp-nio-8080-exec-7[m] [36mValidateCountedFractionServiceImpl[m - Start method validateQuantityFractionsV1, tradeId -> 1075775
[30m2026-08-27T14:36:48,843[m [32mINFO  [m[[1;34mhttp-nio-8080-exec-7[m] [36mValidateCountedFractionServiceImpl[m - Start method validateMaximumLimitFractionsV1
[30m2026-08-27T14:36:48,843[m [32mINFO  [m[[1;34mhttp-nio-8080-exec-7[m] [36mValidateCountedFractionServiceImpl[m - Start method validateQuantityFractionsV1, tradeId -> 1068863
[30m2026-08-27T14:36:48,843[m [32mINFO  [m[[1;34mhttp-nio-8080-exec-7[m] [36mValidateCountedFractionServiceImpl[m - Start method validateMaximumLimitFractionsV1
[30m2026-08-27T14:36:48,843[m [32mINFO  [m[[1;34mhttp-nio-8080-exec-7[m] [36mValidateCountedFractionServiceImpl[m - Start method validateQuantityFractionsV1, tradeId -> 1075776
[30m2026-08-27T14:36:48,843[m [32mINFO  [m[[1;34mhttp-nio-8080-exec-7[m] [36mValidateCountedFractionServiceImpl[m - Start method validateMaximumLimitFractionsV1
[30m2026-08-27T14:36:48,843[m [32mINFO  [m[[1;34mhttp-nio-8080-exec-7[m] [36mValidateCountedFractionServiceImpl[m - Start method validateQuantityFractionsV1, tradeId -> 1075777
[30m2026-08-27T14:36:48,843[m [32mINFO  [m[[1;34mhttp-nio-8080-exec-7[m] [36mValidateCountedFractionServiceImpl[m - Start method validateMaximumLimitFractionsV1
[30m2026-08-27T14:36:48,843[m [32mINFO  [m[[1;34mhttp-nio-8080-exec-7[m] [36mValidateCountedFractionServiceImpl[m - Start method validateQuantityFractionsV1, tradeId -> 1068864
[30m2026-08-27T14:36:48,843[m [32mINFO  [m[[1;34mhttp-nio-8080-exec-7[m] [36mValidateCountedFractionServiceImpl[m - Start method validateMaximumLimitFractionsV1
[30m2026-08-27T14:36:48,843[m [32mINFO  [m[[1;34mhttp-nio-8080-exec-7[m] [36mValidateCountedFractionServiceImpl[m - Start method validateQuantityFractionsV1, tradeId -> 1068865
[30m2026-08-27T14:36:48,843[m [32mINFO  [m[[1;34mhttp-nio-8080-exec-7[m] [36mValidateCountedFractionServiceImpl[m - Start method validateMaximumLimitFractionsV1
[30m2026-08-27T14:36:48,843[m [32mINFO  [m[[1;34mhttp-nio-8080-exec-7[m] [36mValidateCountedFractionServiceImpl[m - Start method validateQuantityFractionsV1, tradeId -> 1075778
[30m2026-08-27T14:36:48,843[m [32mINFO  [m[[1;34mhttp-nio-8080-exec-7[m] [36mValidateCountedFractionServiceImpl[m - Start method validateMaximumLimitFractionsV1
[30m2026-08-27T14:36:48,843[m [32mINFO  [m[[1;34mhttp-nio-8080-exec-7[m] [36mValidateCountedFractionServiceImpl[m - Start method validateQuantityFractionsV1, tradeId -> 1077023
[30m2026-08-27T14:36:48,843[m [32mINFO  [m[[1;34mhttp-nio-8080-exec-7[m] [36mValidateCountedFractionServiceImpl[m - Start method validateMaximumLimitFractionsV1
[30m2026-08-27T14:36:48,843[m [32mINFO  [m[[1;34mhttp-nio-8080-exec-7[m] [36mValidateCountedFractionServiceImpl[m - Start method validateQuantityFractionsV1, tradeId -> 1068866
[30m2026-08-27T14:36:48,843[m [32mINFO  [m[[1;34mhttp-nio-8080-exec-7[m] [36mValidateCountedFractionServiceImpl[m - Start method validateMaximumLimitFractionsV1
[30m2026-08-27T14:36:48,843[m [32mINFO  [m[[1;34mhttp-nio-8080-exec-7[m] [36mValidateCountedFractionServiceImpl[m - Start method validateQuantityFractionsV1, tradeId -> 1076468
[30m2026-08-27T14:36:48,843[m [32mINFO  [m[[1;34mhttp-nio-8080-exec-7[m] [36mValidateCountedFractionServiceImpl[m - Start method validateMaximumLimitFractionsV1
[30m2026-08-27T14:36:48,843[m [32mINFO  [m[[1;34mhttp-nio-8080-exec-7[m] [36mValidateCountedFractionServiceImpl[m - Start method validateQuantityFractionsV1, tradeId -> 1076469
[30m2026-08-27T14:36:48,843[m [32mINFO  [m[[1;34mhttp-nio-8080-exec-7[m] [36mValidateCountedFractionServiceImpl[m - Start method validateMaximumLimitFractionsV1
[30m2026-08-27T14:36:48,843[m [32mINFO  [m[[1;34mhttp-nio-8080-exec-7[m] [36mValidateCountedFractionServiceImpl[m - Start method validateQuantityFractionsV1, tradeId -> 1078076
[30m2026-08-27T14:36:48,843[m [32mINFO  [m[[1;34mhttp-nio-8080-exec-7[m] [36mValidateCountedFractionServiceImpl[m - Start method validateMaximumLimitFractionsV1
[30m2026-08-27T14:36:48,843[m [32mINFO  [m[[1;34mhttp-nio-8080-exec-7[m] [36mValidateCountedFractionServiceImpl[m - Start method validateQuantityFractionsV1, tradeId -> 1076470
[30m2026-08-27T14:36:48,843[m [32mINFO  [m[[1;34mhttp-nio-8080-exec-7[m] [36mValidateCountedFractionServiceImpl[m - Start method validateMaximumLimitFractionsV1
[30m2026-08-27T14:36:48,843[m [32mINFO  [m[[1;34mhttp-nio-8080-exec-7[m] [36mValidateCountedFractionServiceImpl[m - Start method validateQuantityFractionsV1, tradeId -> 1075779
[30m2026-08-27T14:36:48,843[m [32mINFO  [m[[1;34mhttp-nio-8080-exec-7[m] [36mValidateCountedFractionServiceImpl[m - Start method validateMaximumLimitFractionsV1
[30m2026-08-27T14:36:48,843[m [32mINFO  [m[[1;34mhttp-nio-8080-exec-7[m] [36mValidateCountedFractionServiceImpl[m - Start method validateQuantityFractionsV1, tradeId -> 1075780
[30m2026-08-27T14:36:48,843[m [32mINFO  [m[[1;34mhttp-nio-8080-exec-7[m] [36mValidateCountedFractionServiceImpl[m - Start method validateMaximumLimitFractionsV1
[30m2026-08-27T14:36:48,843[m [32mINFO  [m[[1;34mhttp-nio-8080-exec-7[m] [36mValidateCountedFractionServiceImpl[m - Start method validateQuantityFractionsV1, tradeId -> 1068867
[30m2026-08-27T14:36:48,843[m [32mINFO  [m[[1;34mhttp-nio-8080-exec-7[m] [36mValidateCountedFractionServiceImpl[m - Start method validateMaximumLimitFractionsV1
[30m2026-08-27T14:36:48,843[m [32mINFO  [m[[1;34mhttp-nio-8080-exec-7[m] [36mValidateCountedFractionServiceImpl[m - Start method validateQuantityFractionsV1, tradeId -> 1076471
[30m2026-08-27T14:36:48,843[m [32mINFO  [m[[1;34mhttp-nio-8080-exec-7[m] [36mValidateCountedFractionServiceImpl[m - Start method validateMaximumLimitFractionsV1
[30m2026-08-27T14:36:48,844[m [32mINFO  [m[[1;34mhttp-nio-8080-exec-7[m] [36mValidateCountedFractionServiceImpl[m - Start method validateQuantityFractionsV1, tradeId -> 1076472
[30m2026-08-27T14:36:48,844[m [32mINFO  [m[[1;34mhttp-nio-8080-exec-7[m] [36mValidateCountedFractionServiceImpl[m - Start method validateMaximumLimitFractionsV1
[30m2026-08-27T14:36:48,844[m [32mINFO  [m[[1;34mhttp-nio-8080-exec-7[m] [36mValidateCountedFractionServiceImpl[m - Start method validateQuantityFractionsV1, tradeId -> 1076473
[30m2026-08-27T14:36:48,844[m [32mINFO  [m[[1;34mhttp-nio-8080-exec-7[m] [36mValidateCountedFractionServiceImpl[m - Start method validateMaximumLimitFractionsV1
[30m2026-08-27T14:36:48,844[m [32mINFO  [m[[1;34mhttp-nio-8080-exec-7[m] [36mFractionationCountedServiceImpl[m - PERF_ASSIGNMENT_VALIDATION_BATCH batchId=9611dfdb-f3ce-4f0d-b991-9ea4e4fdff90 inputCount=50 validCount=50 invalidCount=0 uniqueTrades=50 uniqueSides=1 uniqueParticipants=1 titleAccountResolutionRequests=50 titleAccountUniqueBusinessKeys=1 settlementLookupRequests=50 settlementUniqueTradeSides=50 settlementRepositoryCalls=1 settlementRowsLoaded=0 settlementPrefetchMs=3 cudLookupRequests=0 cudUniqueTradeSides=0 cudUniqueBusinessKeys=0 cudRepositoryCalls=0 cudRowsLoaded=0 cudPrefetchMs=0 tradePrefetchMs=322 sidePrefetchMs=0 participantPrefetchMs=11 accountResolutionMs=14 accountPrefetchMs=9 businessValidationMs=6 totalMs=367
[30m2026-08-27T14:36:48,844[m [32mINFO  [m[[1;34mhttp-nio-8080-exec-7[m] [36mRestClientUtils[m - Client [POST] http://operaciones-fracciones-contado-back-service/operations-fractionation-api/v1/fractionation/batch
[30m2026-08-27T14:36:50,797[m [32mINFO  [m[[1;34mhttp-nio-8080-exec-7[m] [36mFractionationCountedServiceImpl[m - PERF_ASSIGNMENT_BATCH service=cmd batchId=9611dfdb-f3ce-4f0d-b991-9ea4e4fdff90 mode=RAW_VALIDATED configuredMaxBatchSize=80 receivedBatchSize=50 processedCount=50 successCount=50 failureCount=0 fractionationMs=1953 totalMs=1953
[30m2026-08-27T14:36:50,797[m [32mINFO  [m[[1;34mhttp-nio-8080-exec-7[m] [36mFractionationCountedServiceImpl[m - PERF_ASSIGNMENT_BATCH service=cmd batchId=9611dfdb-f3ce-4f0d-b991-9ea4e4fdff90 mode=RAW configuredMaxBatchSize=80 receivedBatchSize=50 validCount=50 invalidCount=0 sentToFractionationCount=50 successCount=50 failureCount=0 totalMs=2320
[30m2026-08-27T14:36:50,799[m [32mINFO  [m[[1;34mhttp-nio-8080-exec-7[m] [36mGlobalFilter[m - Request [POST /operations-cmd-api/v1/fractionation/counted-operation/batch] completed in 2325 ms with status 200
[30m2026-08-27T14:36:50,830[m [32mINFO  [m[[1;34mhttp-nio-8080-exec-8[m] [36mGlobalFilter[m - ----------- Client User: operaciones-orquestador-ext-back ----------
[30m2026-08-27T14:36:51,203[m [32mINFO  [m[[1;34mhttp-nio-8080-exec-8[m] [36mValidateCountedFractionServiceImpl[m - Start method validateAccountFractionAssignmentV1, accountNumber -> 4021801, tradeId -> 1076474, sideId -> 1, originId -> 122, isLocalCorrection -> false
[30m2026-08-27T14:36:51,203[m [32mINFO  [m[[1;34mhttp-nio-8080-exec-8[m] [36mValidateCountedFractionServiceImpl[m - Searching participant account assignment for accountNumber -> 4021801, participantId -> 15, depositoryId -> 1
[30m2026-08-27T14:36:51,206[m [32mINFO  [m[[1;34mhttp-nio-8080-exec-8[m] [36mValidateCountedFractionServiceImpl[m - No participant account found for accountNumber -> 4021801
[30m2026-08-27T14:36:51,218[m [32mINFO  [m[[1;34mhttp-nio-8080-exec-8[m] [36mValidateCountedFractionServiceImpl[m - End method validateAccountFractionAssignmentV1, fractionAccountOutDto -> FractionAccountOutDto(participantAccount=null, investorAccount=InvestorAccountOutDto(id=57, investor=InvestorOutDto(id=167, code=CL00000001, firstName=Prueba Nombre 1, lastName=Prueba Nombre 2, companyName=TERCERO3509748, type=TypeOutDto(id=2, description=JURIDICO, category=PERSONA), status=StatusOutDto(id=515, description=ACTIVO, category=INVERSIONISTA, shortName=null), country=CountryOutDto(id=35, code=CL, name=CHILE, currency=CurrencyOutDto(id=30, code=CLP, name=PESO CHILENO), timeZone=UTC -3), documentNumber=8605303170, identificationType=IdentificationTypeOutDto(id=5, description=CEDULA DE CIUDADANÍA, code=CC), nationality=35, clearinghouseCode=null, gics=null, moneyLaunderingFlag=null, taxStatus=null), accountNumber=4021801, accountName=AMBIENTE 3  PRUEBA 3, status=StatusOutDto(id=570, description=ACTIVO, category=CUENTA_INVERSIONISTA, shortName=null), originType=TypeOutDto(id=120, description=TERCEROS, category=ORIGEN PUNTA), type=TypeOutDto(id=26, description=CUENTA DEPOSITO, category=CUENTA DEPOSITO), depository=DepositoryOutDto(id=1, description=DVL), participant=null, taxExemp=false), sourceQuoteType=TypeOutDto(id=120, description=TERCEROS, category=ORIGEN PUNTA), fiduciarySpecialist=false, jointAccount=false, masterAccount=false, custodian=null, milaDirectDepositor=null)
[30m2026-08-27T14:36:51,234[m [32mINFO  [m[[1;34mhttp-nio-8080-exec-8[m] [36mValidateCountedFractionServiceImpl[m - Start method validateQuantityFractionsV1, tradeId -> 1076474
[30m2026-08-27T14:36:51,235[m [32mINFO  [m[[1;34mhttp-nio-8080-exec-8[m] [36mValidateCountedFractionServiceImpl[m - Start method validateMaximumLimitFractionsV1
[30m2026-08-27T14:36:51,235[m [32mINFO  [m[[1;34mhttp-nio-8080-exec-8[m] [36mValidateCountedFractionServiceImpl[m - Start method validateQuantityFractionsV1, tradeId -> 1077024
[30m2026-08-27T14:36:51,235[m [32mINFO  [m[[1;34mhttp-nio-8080-exec-8[m] [36mValidateCountedFractionServiceImpl[m - Start method validateMaximumLimitFractionsV1
[30m2026-08-27T14:36:51,235[m [32mINFO  [m[[1;34mhttp-nio-8080-exec-8[m] [36mValidateCountedFractionServiceImpl[m - Start method validateQuantityFractionsV1, tradeId -> 1077025
[30m2026-08-27T14:36:51,235[m [32mINFO  [m[[1;34mhttp-nio-8080-exec-8[m] [36mValidateCountedFractionServiceImpl[m - Start method validateMaximumLimitFractionsV1
[30m2026-08-27T14:36:51,235[m [32mINFO  [m[[1;34mhttp-nio-8080-exec-8[m] [36mValidateCountedFractionServiceImpl[m - Start method validateQuantityFractionsV1, tradeId -> 1077026
[30m2026-08-27T14:36:51,235[m [32mINFO  [m[[1;34mhttp-nio-8080-exec-8[m] [36mValidateCountedFractionServiceImpl[m - Start method validateMaximumLimitFractionsV1
[30m2026-08-27T14:36:51,235[m [32mINFO  [m[[1;34mhttp-nio-8080-exec-8[m] [36mValidateCountedFractionServiceImpl[m - Start method validateQuantityFractionsV1, tradeId -> 1077027
[30m2026-08-27T14:36:51,235[m [32mINFO  [m[[1;34mhttp-nio-8080-exec-8[m] [36mValidateCountedFractionServiceImpl[m - Start method validateMaximumLimitFractionsV1
[30m2026-08-27T14:36:51,235[m [32mINFO  [m[[1;34mhttp-nio-8080-exec-8[m] [36mValidateCountedFractionServiceImpl[m - Start method validateQuantityFractionsV1, tradeId -> 1076480
[30m2026-08-27T14:36:51,235[m [32mINFO  [m[[1;34mhttp-nio-8080-exec-8[m] [36mValidateCountedFractionServiceImpl[m - Start method validateMaximumLimitFractionsV1
[30m2026-08-27T14:36:51,235[m [32mINFO  [m[[1;34mhttp-nio-8080-exec-8[m] [36mValidateCountedFractionServiceImpl[m - Start method validateQuantityFractionsV1, tradeId -> 1076481
[30m2026-08-27T14:36:51,235[m [32mINFO  [m[[1;34mhttp-nio-8080-exec-8[m] [36mValidateCountedFractionServiceImpl[m - Start method validateMaximumLimitFractionsV1
[30m2026-08-27T14:36:51,235[m [32mINFO  [m[[1;34mhttp-nio-8080-exec-8[m] [36mValidateCountedFractionServiceImpl[m - Start method validateQuantityFractionsV1, tradeId -> 1076482
[30m2026-08-27T14:36:51,235[m [32mINFO  [m[[1;34mhttp-nio-8080-exec-8[m] [36mValidateCountedFractionServiceImpl[m - Start method validateMaximumLimitFractionsV1
[30m2026-08-27T14:36:51,236[m [32mINFO  [m[[1;34mhttp-nio-8080-exec-8[m] [36mValidateCountedFractionServiceImpl[m - Start method validateQuantityFractionsV1, tradeId -> 1078080
[30m2026-08-27T14:36:51,236[m [32mINFO  [m[[1;34mhttp-nio-8080-exec-8[m] [36mValidateCountedFractionServiceImpl[m - Start method validateMaximumLimitFractionsV1
[30m2026-08-27T14:36:51,236[m [32mINFO  [m[[1;34mhttp-nio-8080-exec-8[m] [36mValidateCountedFractionServiceImpl[m - Start method validateQuantityFractionsV1, tradeId -> 1078081
[30m2026-08-27T14:36:51,236[m [32mINFO  [m[[1;34mhttp-nio-8080-exec-8[m] [36mValidateCountedFractionServiceImpl[m - Start method validateMaximumLimitFractionsV1
[30m2026-08-27T14:36:51,236[m [32mINFO  [m[[1;34mhttp-nio-8080-exec-8[m] [36mValidateCountedFractionServiceImpl[m - Start method validateQuantityFractionsV1, tradeId -> 1078082
[30m2026-08-27T14:36:51,236[m [32mINFO  [m[[1;34mhttp-nio-8080-exec-8[m] [36mValidateCountedFractionServiceImpl[m - Start method validateMaximumLimitFractionsV1
[30m2026-08-27T14:36:51,236[m [32mINFO  [m[[1;34mhttp-nio-8080-exec-8[m] [36mValidateCountedFractionServiceImpl[m - Start method validateQuantityFractionsV1, tradeId -> 1078083
[30m2026-08-27T14:36:51,236[m [32mINFO  [m[[1;34mhttp-nio-8080-exec-8[m] [36mValidateCountedFractionServiceImpl[m - Start method validateMaximumLimitFractionsV1
[30m2026-08-27T14:36:51,236[m [32mINFO  [m[[1;34mhttp-nio-8080-exec-8[m] [36mValidateCountedFractionServiceImpl[m - Start method validateQuantityFractionsV1, tradeId -> 1068872
[30m2026-08-27T14:36:51,236[m [32mINFO  [m[[1;34mhttp-nio-8080-exec-8[m] [36mValidateCountedFractionServiceImpl[m - Start method validateMaximumLimitFractionsV1
[30m2026-08-27T14:36:51,236[m [32mINFO  [m[[1;34mhttp-nio-8080-exec-8[m] [36mValidateCountedFractionServiceImpl[m - Start method validateQuantityFractionsV1, tradeId -> 1068873
[30m2026-08-27T14:36:51,236[m [32mINFO  [m[[1;34mhttp-nio-8080-exec-8[m] [36mValidateCountedFractionServiceImpl[m - Start method validateMaximumLimitFractionsV1
[30m2026-08-27T14:36:51,236[m [32mINFO  [m[[1;34mhttp-nio-8080-exec-8[m] [36mValidateCountedFractionServiceImpl[m - Start method validateQuantityFractionsV1, tradeId -> 1076483
[30m2026-08-27T14:36:51,236[m [32mINFO  [m[[1;34mhttp-nio-8080-exec-8[m] [36mValidateCountedFractionServiceImpl[m - Start method validateMaximumLimitFractionsV1
[30m2026-08-27T14:36:51,236[m [32mINFO  [m[[1;34mhttp-nio-8080-exec-8[m] [36mValidateCountedFractionServiceImpl[m - Start method validateQuantityFractionsV1, tradeId -> 1076484
[30m2026-08-27T14:36:51,236[m [32mINFO  [m[[1;34mhttp-nio-8080-exec-8[m] [36mValidateCountedFractionServiceImpl[m - Start method validateMaximumLimitFractionsV1
[30m2026-08-27T14:36:51,236[m [32mINFO  [m[[1;34mhttp-nio-8080-exec-8[m] [36mValidateCountedFractionServiceImpl[m - Start method validateQuantityFractionsV1, tradeId -> 1077033
[30m2026-08-27T14:36:51,236[m [32mINFO  [m[[1;34mhttp-nio-8080-exec-8[m] [36mValidateCountedFractionServiceImpl[m - Start method validateMaximumLimitFractionsV1
[30m2026-08-27T14:36:51,236[m [32mINFO  [m[[1;34mhttp-nio-8080-exec-8[m] [36mValidateCountedFractionServiceImpl[m - Start method validateQuantityFractionsV1, tradeId -> 1078084
[30m2026-08-27T14:36:51,236[m [32mINFO  [m[[1;34mhttp-nio-8080-exec-8[m] [36mValidateCountedFractionServiceImpl[m - Start method validateMaximumLimitFractionsV1
[30m2026-08-27T14:36:51,236[m [32mINFO  [m[[1;34mhttp-nio-8080-exec-8[m] [36mValidateCountedFractionServiceImpl[m - Start method validateQuantityFractionsV1, tradeId -> 1076485
[30m2026-08-27T14:36:51,236[m [32mINFO  [m[[1;34mhttp-nio-8080-exec-8[m] [36mValidateCountedFractionServiceImpl[m - Start method validateMaximumLimitFractionsV1
[30m2026-08-27T14:36:51,236[m [32mINFO  [m[[1;34mhttp-nio-8080-exec-8[m] [36mValidateCountedFractionServiceImpl[m - Start method validateQuantityFractionsV1, tradeId -> 1076486
[30m2026-08-27T14:36:51,236[m [32mINFO  [m[[1;34mhttp-nio-8080-exec-8[m] [36mValidateCountedFractionServiceImpl[m - Start method validateMaximumLimitFractionsV1
[30m2026-08-27T14:36:51,236[m [32mINFO  [m[[1;34mhttp-nio-8080-exec-8[m] [36mValidateCountedFractionServiceImpl[m - Start method validateQuantityFractionsV1, tradeId -> 1077034
[30m2026-08-27T14:36:51,236[m [32mINFO  [m[[1;34mhttp-nio-8080-exec-8[m] [36mValidateCountedFractionServiceImpl[m - Start method validateMaximumLimitFractionsV1
[30m2026-08-27T14:36:51,237[m [32mINFO  [m[[1;34mhttp-nio-8080-exec-8[m] [36mValidateCountedFractionServiceImpl[m - Start method validateQuantityFractionsV1, tradeId -> 1068874
[30m2026-08-27T14:36:51,237[m [32mINFO  [m[[1;34mhttp-nio-8080-exec-8[m] [36mValidateCountedFractionServiceImpl[m - Start method validateMaximumLimitFractionsV1
[30m2026-08-27T14:36:51,237[m [32mINFO  [m[[1;34mhttp-nio-8080-exec-8[m] [36mValidateCountedFractionServiceImpl[m - Start method validateQuantityFractionsV1, tradeId -> 1068875
[30m2026-08-27T14:36:51,237[m [32mINFO  [m[[1;34mhttp-nio-8080-exec-8[m] [36mValidateCountedFractionServiceImpl[m - Start method validateMaximumLimitFractionsV1
[30m2026-08-27T14:36:51,237[m [32mINFO  [m[[1;34mhttp-nio-8080-exec-8[m] [36mValidateCountedFractionServiceImpl[m - Start method validateQuantityFractionsV1, tradeId -> 1068876
[30m2026-08-27T14:36:51,237[m [32mINFO  [m[[1;34mhttp-nio-8080-exec-8[m] [36mValidateCountedFractionServiceImpl[m - Start method validateMaximumLimitFractionsV1
[30m2026-08-27T14:36:51,237[m [32mINFO  [m[[1;34mhttp-nio-8080-exec-8[m] [36mValidateCountedFractionServiceImpl[m - Start method validateQuantityFractionsV1, tradeId -> 1075785
[30m2026-08-27T14:36:51,237[m [32mINFO  [m[[1;34mhttp-nio-8080-exec-8[m] [36mValidateCountedFractionServiceImpl[m - Start method validateMaximumLimitFractionsV1
[30m2026-08-27T14:36:51,237[m [32mINFO  [m[[1;34mhttp-nio-8080-exec-8[m] [36mValidateCountedFractionServiceImpl[m - Start method validateQuantityFractionsV1, tradeId -> 1075786
[30m2026-08-27T14:36:51,237[m [32mINFO  [m[[1;34mhttp-nio-8080-exec-8[m] [36mValidateCountedFractionServiceImpl[m - Start method validateMaximumLimitFractionsV1
[30m2026-08-27T14:36:51,237[m [32mINFO  [m[[1;34mhttp-nio-8080-exec-8[m] [36mValidateCountedFractionServiceImpl[m - Start method validateQuantityFractionsV1, tradeId -> 1077035
[30m2026-08-27T14:36:51,237[m [32mINFO  [m[[1;34mhttp-nio-8080-exec-8[m] [36mValidateCountedFractionServiceImpl[m - Start method validateMaximumLimitFractionsV1
[30m2026-08-27T14:36:51,237[m [32mINFO  [m[[1;34mhttp-nio-8080-exec-8[m] [36mValidateCountedFractionServiceImpl[m - Start method validateQuantityFractionsV1, tradeId -> 1077040
[30m2026-08-27T14:36:51,237[m [32mINFO  [m[[1;34mhttp-nio-8080-exec-8[m] [36mValidateCountedFractionServiceImpl[m - Start method validateMaximumLimitFractionsV1
[30m2026-08-27T14:36:51,237[m [32mINFO  [m[[1;34mhttp-nio-8080-exec-8[m] [36mValidateCountedFractionServiceImpl[m - Start method validateQuantityFractionsV1, tradeId -> 1078089
[30m2026-08-27T14:36:51,237[m [32mINFO  [m[[1;34mhttp-nio-8080-exec-8[m] [36mValidateCountedFractionServiceImpl[m - Start method validateMaximumLimitFractionsV1
[30m2026-08-27T14:36:51,237[m [32mINFO  [m[[1;34mhttp-nio-8080-exec-8[m] [36mValidateCountedFractionServiceImpl[m - Start method validateQuantityFractionsV1, tradeId -> 1068882
[30m2026-08-27T14:36:51,237[m [32mINFO  [m[[1;34mhttp-nio-8080-exec-8[m] [36mValidateCountedFractionServiceImpl[m - Start method validateMaximumLimitFractionsV1
[30m2026-08-27T14:36:51,237[m [32mINFO  [m[[1;34mhttp-nio-8080-exec-8[m] [36mValidateCountedFractionServiceImpl[m - Start method validateQuantityFractionsV1, tradeId -> 1077041
[30m2026-08-27T14:36:51,237[m [32mINFO  [m[[1;34mhttp-nio-8080-exec-8[m] [36mValidateCountedFractionServiceImpl[m - Start method validateMaximumLimitFractionsV1
[30m2026-08-27T14:36:51,237[m [32mINFO  [m[[1;34mhttp-nio-8080-exec-8[m] [36mValidateCountedFractionServiceImpl[m - Start method validateQuantityFractionsV1, tradeId -> 1078090
[30m2026-08-27T14:36:51,237[m [32mINFO  [m[[1;34mhttp-nio-8080-exec-8[m] [36mValidateCountedFractionServiceImpl[m - Start method validateMaximumLimitFractionsV1
[30m2026-08-27T14:36:51,237[m [32mINFO  [m[[1;34mhttp-nio-8080-exec-8[m] [36mValidateCountedFractionServiceImpl[m - Start method validateQuantityFractionsV1, tradeId -> 1078091
[30m2026-08-27T14:36:51,237[m [32mINFO  [m[[1;34mhttp-nio-8080-exec-8[m] [36mValidateCountedFractionServiceImpl[m - Start method validateMaximumLimitFractionsV1
[30m2026-08-27T14:36:51,237[m [32mINFO  [m[[1;34mhttp-nio-8080-exec-8[m] [36mValidateCountedFractionServiceImpl[m - Start method validateQuantityFractionsV1, tradeId -> 1077042
[30m2026-08-27T14:36:51,237[m [32mINFO  [m[[1;34mhttp-nio-8080-exec-8[m] [36mValidateCountedFractionServiceImpl[m - Start method validateMaximumLimitFractionsV1
[30m2026-08-27T14:36:51,237[m [32mINFO  [m[[1;34mhttp-nio-8080-exec-8[m] [36mValidateCountedFractionServiceImpl[m - Start method validateQuantityFractionsV1, tradeId -> 1077043
[30m2026-08-27T14:36:51,237[m [32mINFO  [m[[1;34mhttp-nio-8080-exec-8[m] [36mValidateCountedFractionServiceImpl[m - Start method validateMaximumLimitFractionsV1
[30m2026-08-27T14:36:51,238[m [32mINFO  [m[[1;34mhttp-nio-8080-exec-8[m] [36mValidateCountedFractionServiceImpl[m - Start method validateQuantityFractionsV1, tradeId -> 1075794
[30m2026-08-27T14:36:51,238[m [32mINFO  [m[[1;34mhttp-nio-8080-exec-8[m] [36mValidateCountedFractionServiceImpl[m - Start method validateMaximumLimitFractionsV1
[30m2026-08-27T14:36:51,238[m [32mINFO  [m[[1;34mhttp-nio-8080-exec-8[m] [36mValidateCountedFractionServiceImpl[m - Start method validateQuantityFractionsV1, tradeId -> 1075795
[30m2026-08-27T14:36:51,238[m [32mINFO  [m[[1;34mhttp-nio-8080-exec-8[m] [36mValidateCountedFractionServiceImpl[m - Start method validateMaximumLimitFractionsV1
[30m2026-08-27T14:36:51,238[m [32mINFO  [m[[1;34mhttp-nio-8080-exec-8[m] [36mValidateCountedFractionServiceImpl[m - Start method validateQuantityFractionsV1, tradeId -> 1078092
[30m2026-08-27T14:36:51,238[m [32mINFO  [m[[1;34mhttp-nio-8080-exec-8[m] [36mValidateCountedFractionServiceImpl[m - Start method validateMaximumLimitFractionsV1
[30m2026-08-27T14:36:51,238[m [32mINFO  [m[[1;34mhttp-nio-8080-exec-8[m] [36mValidateCountedFractionServiceImpl[m - Start method validateQuantityFractionsV1, tradeId -> 1078093
[30m2026-08-27T14:36:51,238[m [32mINFO  [m[[1;34mhttp-nio-8080-exec-8[m] [36mValidateCountedFractionServiceImpl[m - Start method validateMaximumLimitFractionsV1
[30m2026-08-27T14:36:51,238[m [32mINFO  [m[[1;34mhttp-nio-8080-exec-8[m] [36mValidateCountedFractionServiceImpl[m - Start method validateQuantityFractionsV1, tradeId -> 1077044
[30m2026-08-27T14:36:51,238[m [32mINFO  [m[[1;34mhttp-nio-8080-exec-8[m] [36mValidateCountedFractionServiceImpl[m - Start method validateMaximumLimitFractionsV1
[30m2026-08-27T14:36:51,238[m [32mINFO  [m[[1;34mhttp-nio-8080-exec-8[m] [36mValidateCountedFractionServiceImpl[m - Start method validateQuantityFractionsV1, tradeId -> 1077045
[30m2026-08-27T14:36:51,238[m [32mINFO  [m[[1;34mhttp-nio-8080-exec-8[m] [36mValidateCountedFractionServiceImpl[m - Start method validateMaximumLimitFractionsV1
[30m2026-08-27T14:36:51,238[m [32mINFO  [m[[1;34mhttp-nio-8080-exec-8[m] [36mValidateCountedFractionServiceImpl[m - Start method validateQuantityFractionsV1, tradeId -> 1078094
[30m2026-08-27T14:36:51,238[m [32mINFO  [m[[1;34mhttp-nio-8080-exec-8[m] [36mValidateCountedFractionServiceImpl[m - Start method validateMaximumLimitFractionsV1
[30m2026-08-27T14:36:51,238[m [32mINFO  [m[[1;34mhttp-nio-8080-exec-8[m] [36mValidateCountedFractionServiceImpl[m - Start method validateQuantityFractionsV1, tradeId -> 1076489
[30m2026-08-27T14:36:51,238[m [32mINFO  [m[[1;34mhttp-nio-8080-exec-8[m] [36mValidateCountedFractionServiceImpl[m - Start method validateMaximumLimitFractionsV1
[30m2026-08-27T14:36:51,238[m [32mINFO  [m[[1;34mhttp-nio-8080-exec-8[m] [36mValidateCountedFractionServiceImpl[m - Start method validateQuantityFractionsV1, tradeId -> 1075796
[30m2026-08-27T14:36:51,238[m [32mINFO  [m[[1;34mhttp-nio-8080-exec-8[m] [36mValidateCountedFractionServiceImpl[m - Start method validateMaximumLimitFractionsV1
[30m2026-08-27T14:36:51,238[m [32mINFO  [m[[1;34mhttp-nio-8080-exec-8[m] [36mValidateCountedFractionServiceImpl[m - Start method validateQuantityFractionsV1, tradeId -> 1075797
[30m2026-08-27T14:36:51,238[m [32mINFO  [m[[1;34mhttp-nio-8080-exec-8[m] [36mValidateCountedFractionServiceImpl[m - Start method validateMaximumLimitFractionsV1
[30m2026-08-27T14:36:51,238[m [32mINFO  [m[[1;34mhttp-nio-8080-exec-8[m] [36mValidateCountedFractionServiceImpl[m - Start method validateQuantityFractionsV1, tradeId -> 1078095
[30m2026-08-27T14:36:51,238[m [32mINFO  [m[[1;34mhttp-nio-8080-exec-8[m] [36mValidateCountedFractionServiceImpl[m - Start method validateMaximumLimitFractionsV1
[30m2026-08-27T14:36:51,238[m [32mINFO  [m[[1;34mhttp-nio-8080-exec-8[m] [36mValidateCountedFractionServiceImpl[m - Start method validateQuantityFractionsV1, tradeId -> 1076503
[30m2026-08-27T14:36:51,239[m [32mINFO  [m[[1;34mhttp-nio-8080-exec-8[m] [36mValidateCountedFractionServiceImpl[m - Start method validateMaximumLimitFractionsV1
[30m2026-08-27T14:36:51,239[m [32mINFO  [m[[1;34mhttp-nio-8080-exec-8[m] [36mValidateCountedFractionServiceImpl[m - Start method validateQuantityFractionsV1, tradeId -> 1076504
[30m2026-08-27T14:36:51,239[m [32mINFO  [m[[1;34mhttp-nio-8080-exec-8[m] [36mValidateCountedFractionServiceImpl[m - Start method validateMaximumLimitFractionsV1
[30m2026-08-27T14:36:51,239[m [32mINFO  [m[[1;34mhttp-nio-8080-exec-8[m] [36mValidateCountedFractionServiceImpl[m - Start method validateQuantityFractionsV1, tradeId -> 1078096
[30m2026-08-27T14:36:51,239[m [32mINFO  [m[[1;34mhttp-nio-8080-exec-8[m] [36mValidateCountedFractionServiceImpl[m - Start method validateMaximumLimitFractionsV1
[30m2026-08-27T14:36:51,239[m [32mINFO  [m[[1;34mhttp-nio-8080-exec-8[m] [36mValidateCountedFractionServiceImpl[m - Start method validateQuantityFractionsV1, tradeId -> 1077046
[30m2026-08-27T14:36:51,239[m [32mINFO  [m[[1;34mhttp-nio-8080-exec-8[m] [36mValidateCountedFractionServiceImpl[m - Start method validateMaximumLimitFractionsV1
[30m2026-08-27T14:36:51,239[m [32mINFO  [m[[1;34mhttp-nio-8080-exec-8[m] [36mFractionationCountedServiceImpl[m - PERF_ASSIGNMENT_VALIDATION_BATCH batchId=089230a8-ca83-4348-b7e5-548dd27439db inputCount=50 validCount=50 invalidCount=0 uniqueTrades=50 uniqueSides=1 uniqueParticipants=1 titleAccountResolutionRequests=50 titleAccountUniqueBusinessKeys=1 settlementLookupRequests=50 settlementUniqueTradeSides=50 settlementRepositoryCalls=1 settlementRowsLoaded=0 settlementPrefetchMs=3 cudLookupRequests=0 cudUniqueTradeSides=0 cudUniqueBusinessKeys=0 cudRepositoryCalls=0 cudRowsLoaded=0 cudPrefetchMs=0 tradePrefetchMs=352 sidePrefetchMs=0 participantPrefetchMs=15 accountResolutionMs=15 accountPrefetchMs=9 businessValidationMs=7 totalMs=404
[30m2026-08-27T14:36:51,239[m [32mINFO  [m[[1;34mhttp-nio-8080-exec-8[m] [36mRestClientUtils[m - Client [POST] http://operaciones-fracciones-contado-back-service/operations-fractionation-api/v1/fractionation/batch
[30m2026-08-27T14:36:53,162[m [32mINFO  [m[[1;34mhttp-nio-8080-exec-8[m] [36mFractionationCountedServiceImpl[m - PERF_ASSIGNMENT_BATCH service=cmd batchId=089230a8-ca83-4348-b7e5-548dd27439db mode=RAW_VALIDATED configuredMaxBatchSize=80 receivedBatchSize=50 processedCount=50 successCount=50 failureCount=0 fractionationMs=1923 totalMs=1923
[30m2026-08-27T14:36:53,162[m [32mINFO  [m[[1;34mhttp-nio-8080-exec-8[m] [36mFractionationCountedServiceImpl[m - PERF_ASSIGNMENT_BATCH service=cmd batchId=089230a8-ca83-4348-b7e5-548dd27439db mode=RAW configuredMaxBatchSize=80 receivedBatchSize=50 validCount=50 invalidCount=0 sentToFractionationCount=50 successCount=50 failureCount=0 totalMs=2327
[30m2026-08-27T14:36:53,164[m [32mINFO  [m[[1;34mhttp-nio-8080-exec-8[m] [36mGlobalFilter[m - Request [POST /operations-cmd-api/v1/fractionation/counted-operation/batch] completed in 2334 ms with status 200
[30m2026-08-27T14:36:53,188[m [32mINFO  [m[[1;34mhttp-nio-8080-exec-9[m] [36mGlobalFilter[m - ----------- Client User: operaciones-orquestador-ext-back ----------
[30m2026-08-27T14:36:53,522[m [32mINFO  [m[[1;34mhttp-nio-8080-exec-9[m] [36mValidateCountedFractionServiceImpl[m - Start method validateAccountFractionAssignmentV1, accountNumber -> 4021801, tradeId -> 1076490, sideId -> 1, originId -> 122, isLocalCorrection -> false
[30m2026-08-27T14:36:53,523[m [32mINFO  [m[[1;34mhttp-nio-8080-exec-9[m] [36mValidateCountedFractionServiceImpl[m - Searching participant account assignment for accountNumber -> 4021801, participantId -> 15, depositoryId -> 1
[30m2026-08-27T14:36:53,525[m [32mINFO  [m[[1;34mhttp-nio-8080-exec-9[m] [36mValidateCountedFractionServiceImpl[m - No participant account found for accountNumber -> 4021801
[30m2026-08-27T14:36:53,536[m [32mINFO  [m[[1;34mhttp-nio-8080-exec-9[m] [36mValidateCountedFractionServiceImpl[m - End method validateAccountFractionAssignmentV1, fractionAccountOutDto -> FractionAccountOutDto(participantAccount=null, investorAccount=InvestorAccountOutDto(id=57, investor=InvestorOutDto(id=167, code=CL00000001, firstName=Prueba Nombre 1, lastName=Prueba Nombre 2, companyName=TERCERO3509748, type=TypeOutDto(id=2, description=JURIDICO, category=PERSONA), status=StatusOutDto(id=515, description=ACTIVO, category=INVERSIONISTA, shortName=null), country=CountryOutDto(id=35, code=CL, name=CHILE, currency=CurrencyOutDto(id=30, code=CLP, name=PESO CHILENO), timeZone=UTC -3), documentNumber=8605303170, identificationType=IdentificationTypeOutDto(id=5, description=CEDULA DE CIUDADANÍA, code=CC), nationality=35, clearinghouseCode=null, gics=null, moneyLaunderingFlag=null, taxStatus=null), accountNumber=4021801, accountName=AMBIENTE 3  PRUEBA 3, status=StatusOutDto(id=570, description=ACTIVO, category=CUENTA_INVERSIONISTA, shortName=null), originType=TypeOutDto(id=120, description=TERCEROS, category=ORIGEN PUNTA), type=TypeOutDto(id=26, description=CUENTA DEPOSITO, category=CUENTA DEPOSITO), depository=DepositoryOutDto(id=1, description=DVL), participant=null, taxExemp=false), sourceQuoteType=TypeOutDto(id=120, description=TERCEROS, category=ORIGEN PUNTA), fiduciarySpecialist=false, jointAccount=false, masterAccount=false, custodian=null, milaDirectDepositor=null)
[30m2026-08-27T14:36:53,555[m [32mINFO  [m[[1;34mhttp-nio-8080-exec-9[m] [36mValidateCountedFractionServiceImpl[m - Start method validateQuantityFractionsV1, tradeId -> 1076490
[30m2026-08-27T14:36:53,555[m [32mINFO  [m[[1;34mhttp-nio-8080-exec-9[m] [36mValidateCountedFractionServiceImpl[m - Start method validateMaximumLimitFractionsV1
[30m2026-08-27T14:36:53,556[m [32mINFO  [m[[1;34mhttp-nio-8080-exec-9[m] [36mValidateCountedFractionServiceImpl[m - Start method validateQuantityFractionsV1, tradeId -> 1068883
[30m2026-08-27T14:36:53,556[m [32mINFO  [m[[1;34mhttp-nio-8080-exec-9[m] [36mValidateCountedFractionServiceImpl[m - Start method validateMaximumLimitFractionsV1
[30m2026-08-27T14:36:53,556[m [32mINFO  [m[[1;34mhttp-nio-8080-exec-9[m] [36mValidateCountedFractionServiceImpl[m - Start method validateQuantityFractionsV1, tradeId -> 1076491
[30m2026-08-27T14:36:53,556[m [32mINFO  [m[[1;34mhttp-nio-8080-exec-9[m] [36mValidateCountedFractionServiceImpl[m - Start method validateMaximumLimitFractionsV1
[30m2026-08-27T14:36:53,556[m [32mINFO  [m[[1;34mhttp-nio-8080-exec-9[m] [36mValidateCountedFractionServiceImpl[m - Start method validateQuantityFractionsV1, tradeId -> 1078097
[30m2026-08-27T14:36:53,556[m [32mINFO  [m[[1;34mhttp-nio-8080-exec-9[m] [36mValidateCountedFractionServiceImpl[m - Start method validateMaximumLimitFractionsV1
[30m2026-08-27T14:36:53,556[m [32mINFO  [m[[1;34mhttp-nio-8080-exec-9[m] [36mValidateCountedFractionServiceImpl[m - Start method validateQuantityFractionsV1, tradeId -> 1068884
[30m2026-08-27T14:36:53,556[m [32mINFO  [m[[1;34mhttp-nio-8080-exec-9[m] [36mValidateCountedFractionServiceImpl[m - Start method validateMaximumLimitFractionsV1
[30m2026-08-27T14:36:53,556[m [32mINFO  [m[[1;34mhttp-nio-8080-exec-9[m] [36mValidateCountedFractionServiceImpl[m - Start method validateQuantityFractionsV1, tradeId -> 1078098
[30m2026-08-27T14:36:53,556[m [32mINFO  [m[[1;34mhttp-nio-8080-exec-9[m] [36mValidateCountedFractionServiceImpl[m - Start method validateMaximumLimitFractionsV1
[30m2026-08-27T14:36:53,556[m [32mINFO  [m[[1;34mhttp-nio-8080-exec-9[m] [36mValidateCountedFractionServiceImpl[m - Start method validateQuantityFractionsV1, tradeId -> 1076492
[30m2026-08-27T14:36:53,556[m [32mINFO  [m[[1;34mhttp-nio-8080-exec-9[m] [36mValidateCountedFractionServiceImpl[m - Start method validateMaximumLimitFractionsV1
[30m2026-08-27T14:36:53,556[m [32mINFO  [m[[1;34mhttp-nio-8080-exec-9[m] [36mValidateCountedFractionServiceImpl[m - Start method validateQuantityFractionsV1, tradeId -> 1078099
[30m2026-08-27T14:36:53,556[m [32mINFO  [m[[1;34mhttp-nio-8080-exec-9[m] [36mValidateCountedFractionServiceImpl[m - Start method validateMaximumLimitFractionsV1
[30m2026-08-27T14:36:53,556[m [32mINFO  [m[[1;34mhttp-nio-8080-exec-9[m] [36mValidateCountedFractionServiceImpl[m - Start method validateQuantityFractionsV1, tradeId -> 1068885
[30m2026-08-27T14:36:53,556[m [32mINFO  [m[[1;34mhttp-nio-8080-exec-9[m] [36mValidateCountedFractionServiceImpl[m - Start method validateMaximumLimitFractionsV1
[30m2026-08-27T14:36:53,556[m [32mINFO  [m[[1;34mhttp-nio-8080-exec-9[m] [36mValidateCountedFractionServiceImpl[m - Start method validateQuantityFractionsV1, tradeId -> 1077047
[30m2026-08-27T14:36:53,556[m [32mINFO  [m[[1;34mhttp-nio-8080-exec-9[m] [36mValidateCountedFractionServiceImpl[m - Start method validateMaximumLimitFractionsV1
[30m2026-08-27T14:36:53,556[m [32mINFO  [m[[1;34mhttp-nio-8080-exec-9[m] [36mValidateCountedFractionServiceImpl[m - Start method validateQuantityFractionsV1, tradeId -> 1077048
[30m2026-08-27T14:36:53,556[m [32mINFO  [m[[1;34mhttp-nio-8080-exec-9[m] [36mValidateCountedFractionServiceImpl[m - Start method validateMaximumLimitFractionsV1
[30m2026-08-27T14:36:53,556[m [32mINFO  [m[[1;34mhttp-nio-8080-exec-9[m] [36mValidateCountedFractionServiceImpl[m - Start method validateQuantityFractionsV1, tradeId -> 1068886
[30m2026-08-27T14:36:53,556[m [32mINFO  [m[[1;34mhttp-nio-8080-exec-9[m] [36mValidateCountedFractionServiceImpl[m - Start method validateMaximumLimitFractionsV1
[30m2026-08-27T14:36:53,557[m [32mINFO  [m[[1;34mhttp-nio-8080-exec-9[m] [36mValidateCountedFractionServiceImpl[m - Start method validateQuantityFractionsV1, tradeId -> 1068887
[30m2026-08-27T14:36:53,557[m [32mINFO  [m[[1;34mhttp-nio-8080-exec-9[m] [36mValidateCountedFractionServiceImpl[m - Start method validateMaximumLimitFractionsV1
[30m2026-08-27T14:36:53,557[m [32mINFO  [m[[1;34mhttp-nio-8080-exec-9[m] [36mValidateCountedFractionServiceImpl[m - Start method validateQuantityFractionsV1, tradeId -> 1077049
[30m2026-08-27T14:36:53,557[m [32mINFO  [m[[1;34mhttp-nio-8080-exec-9[m] [36mValidateCountedFractionServiceImpl[m - Start method validateMaximumLimitFractionsV1
[30m2026-08-27T14:36:53,557[m [32mINFO  [m[[1;34mhttp-nio-8080-exec-9[m] [36mValidateCountedFractionServiceImpl[m - Start method validateQuantityFractionsV1, tradeId -> 1076493
[30m2026-08-27T14:36:53,557[m [32mINFO  [m[[1;34mhttp-nio-8080-exec-9[m] [36mValidateCountedFractionServiceImpl[m - Start method validateMaximumLimitFractionsV1
[30m2026-08-27T14:36:53,557[m [32mINFO  [m[[1;34mhttp-nio-8080-exec-9[m] [36mValidateCountedFractionServiceImpl[m - Start method validateQuantityFractionsV1, tradeId -> 1077050
[30m2026-08-27T14:36:53,557[m [32mINFO  [m[[1;34mhttp-nio-8080-exec-9[m] [36mValidateCountedFractionServiceImpl[m - Start method validateMaximumLimitFractionsV1
[30m2026-08-27T14:36:53,557[m [32mINFO  [m[[1;34mhttp-nio-8080-exec-9[m] [36mValidateCountedFractionServiceImpl[m - Start method validateQuantityFractionsV1, tradeId -> 1068888
[30m2026-08-27T14:36:53,557[m [32mINFO  [m[[1;34mhttp-nio-8080-exec-9[m] [36mValidateCountedFractionServiceImpl[m - Start method validateMaximumLimitFractionsV1
[30m2026-08-27T14:36:53,557[m [32mINFO  [m[[1;34mhttp-nio-8080-exec-9[m] [36mValidateCountedFractionServiceImpl[m - Start method validateQuantityFractionsV1, tradeId -> 1068889
[30m2026-08-27T14:36:53,557[m [32mINFO  [m[[1;34mhttp-nio-8080-exec-9[m] [36mValidateCountedFractionServiceImpl[m - Start method validateMaximumLimitFractionsV1
[30m2026-08-27T14:36:53,557[m [32mINFO  [m[[1;34mhttp-nio-8080-exec-9[m] [36mValidateCountedFractionServiceImpl[m - Start method validateQuantityFractionsV1, tradeId -> 1076505
[30m2026-08-27T14:36:53,557[m [32mINFO  [m[[1;34mhttp-nio-8080-exec-9[m] [36mValidateCountedFractionServiceImpl[m - Start method validateMaximumLimitFractionsV1
[30m2026-08-27T14:36:53,557[m [32mINFO  [m[[1;34mhttp-nio-8080-exec-9[m] [36mValidateCountedFractionServiceImpl[m - Start method validateQuantityFractionsV1, tradeId -> 1076506
[30m2026-08-27T14:36:53,557[m [32mINFO  [m[[1;34mhttp-nio-8080-exec-9[m] [36mValidateCountedFractionServiceImpl[m - Start method validateMaximumLimitFractionsV1
[30m2026-08-27T14:36:53,557[m [32mINFO  [m[[1;34mhttp-nio-8080-exec-9[m] [36mValidateCountedFractionServiceImpl[m - Start method validateQuantityFractionsV1, tradeId -> 1078100
[30m2026-08-27T14:36:53,557[m [32mINFO  [m[[1;34mhttp-nio-8080-exec-9[m] [36mValidateCountedFractionServiceImpl[m - Start method validateMaximumLimitFractionsV1
[30m2026-08-27T14:36:53,557[m [32mINFO  [m[[1;34mhttp-nio-8080-exec-9[m] [36mValidateCountedFractionServiceImpl[m - Start method validateQuantityFractionsV1, tradeId -> 1077051
[30m2026-08-27T14:36:53,557[m [32mINFO  [m[[1;34mhttp-nio-8080-exec-9[m] [36mValidateCountedFractionServiceImpl[m - Start method validateMaximumLimitFractionsV1
[30m2026-08-27T14:36:53,557[m [32mINFO  [m[[1;34mhttp-nio-8080-exec-9[m] [36mValidateCountedFractionServiceImpl[m - Start method validateQuantityFractionsV1, tradeId -> 1076507
[30m2026-08-27T14:36:53,557[m [32mINFO  [m[[1;34mhttp-nio-8080-exec-9[m] [36mValidateCountedFractionServiceImpl[m - Start method validateMaximumLimitFractionsV1
[30m2026-08-27T14:36:53,557[m [32mINFO  [m[[1;34mhttp-nio-8080-exec-9[m] [36mValidateCountedFractionServiceImpl[m - Start method validateQuantityFractionsV1, tradeId -> 1076508
[30m2026-08-27T14:36:53,557[m [32mINFO  [m[[1;34mhttp-nio-8080-exec-9[m] [36mValidateCountedFractionServiceImpl[m - Start method validateMaximumLimitFractionsV1
[30m2026-08-27T14:36:53,557[m [32mINFO  [m[[1;34mhttp-nio-8080-exec-9[m] [36mValidateCountedFractionServiceImpl[m - Start method validateQuantityFractionsV1, tradeId -> 1068890
[30m2026-08-27T14:36:53,557[m [32mINFO  [m[[1;34mhttp-nio-8080-exec-9[m] [36mValidateCountedFractionServiceImpl[m - Start method validateMaximumLimitFractionsV1
[30m2026-08-27T14:36:53,558[m [32mINFO  [m[[1;34mhttp-nio-8080-exec-9[m] [36mValidateCountedFractionServiceImpl[m - Start method validateQuantityFractionsV1, tradeId -> 1076494
[30m2026-08-27T14:36:53,558[m [32mINFO  [m[[1;34mhttp-nio-8080-exec-9[m] [36mValidateCountedFractionServiceImpl[m - Start method validateMaximumLimitFractionsV1
[30m2026-08-27T14:36:53,558[m [32mINFO  [m[[1;34mhttp-nio-8080-exec-9[m] [36mValidateCountedFractionServiceImpl[m - Start method validateQuantityFractionsV1, tradeId -> 1077052
[30m2026-08-27T14:36:53,558[m [32mINFO  [m[[1;34mhttp-nio-8080-exec-9[m] [36mValidateCountedFractionServiceImpl[m - Start method validateMaximumLimitFractionsV1
[30m2026-08-27T14:36:53,558[m [32mINFO  [m[[1;34mhttp-nio-8080-exec-9[m] [36mValidateCountedFractionServiceImpl[m - Start method validateQuantityFractionsV1, tradeId -> 1078101
[30m2026-08-27T14:36:53,558[m [32mINFO  [m[[1;34mhttp-nio-8080-exec-9[m] [36mValidateCountedFractionServiceImpl[m - Start method validateMaximumLimitFractionsV1
[30m2026-08-27T14:36:53,558[m [32mINFO  [m[[1;34mhttp-nio-8080-exec-9[m] [36mValidateCountedFractionServiceImpl[m - Start method validateQuantityFractionsV1, tradeId -> 1068891
[30m2026-08-27T14:36:53,558[m [32mINFO  [m[[1;34mhttp-nio-8080-exec-9[m] [36mValidateCountedFractionServiceImpl[m - Start method validateMaximumLimitFractionsV1
[30m2026-08-27T14:36:53,558[m [32mINFO  [m[[1;34mhttp-nio-8080-exec-9[m] [36mValidateCountedFractionServiceImpl[m - Start method validateQuantityFractionsV1, tradeId -> 1078102
[30m2026-08-27T14:36:53,558[m [32mINFO  [m[[1;34mhttp-nio-8080-exec-9[m] [36mValidateCountedFractionServiceImpl[m - Start method validateMaximumLimitFractionsV1
[30m2026-08-27T14:36:53,558[m [32mINFO  [m[[1;34mhttp-nio-8080-exec-9[m] [36mValidateCountedFractionServiceImpl[m - Start method validateQuantityFractionsV1, tradeId -> 1068892
[30m2026-08-27T14:36:53,558[m [32mINFO  [m[[1;34mhttp-nio-8080-exec-9[m] [36mValidateCountedFractionServiceImpl[m - Start method validateMaximumLimitFractionsV1
[30m2026-08-27T14:36:53,558[m [32mINFO  [m[[1;34mhttp-nio-8080-exec-9[m] [36mValidateCountedFractionServiceImpl[m - Start method validateQuantityFractionsV1, tradeId -> 1076495
[30m2026-08-27T14:36:53,558[m [32mINFO  [m[[1;34mhttp-nio-8080-exec-9[m] [36mValidateCountedFractionServiceImpl[m - Start method validateMaximumLimitFractionsV1
[30m2026-08-27T14:36:53,558[m [32mINFO  [m[[1;34mhttp-nio-8080-exec-9[m] [36mValidateCountedFractionServiceImpl[m - Start method validateQuantityFractionsV1, tradeId -> 1068893
[30m2026-08-27T14:36:53,558[m [32mINFO  [m[[1;34mhttp-nio-8080-exec-9[m] [36mValidateCountedFractionServiceImpl[m - Start method validateMaximumLimitFractionsV1
[30m2026-08-27T14:36:53,558[m [32mINFO  [m[[1;34mhttp-nio-8080-exec-9[m] [36mValidateCountedFractionServiceImpl[m - Start method validateQuantityFractionsV1, tradeId -> 1076496
[30m2026-08-27T14:36:53,558[m [32mINFO  [m[[1;34mhttp-nio-8080-exec-9[m] [36mValidateCountedFractionServiceImpl[m - Start method validateMaximumLimitFractionsV1
[30m2026-08-27T14:36:53,558[m [32mINFO  [m[[1;34mhttp-nio-8080-exec-9[m] [36mValidateCountedFractionServiceImpl[m - Start method validateQuantityFractionsV1, tradeId -> 1078103
[30m2026-08-27T14:36:53,558[m [32mINFO  [m[[1;34mhttp-nio-8080-exec-9[m] [36mValidateCountedFractionServiceImpl[m - Start method validateMaximumLimitFractionsV1
[30m2026-08-27T14:36:53,558[m [32mINFO  [m[[1;34mhttp-nio-8080-exec-9[m] [36mValidateCountedFractionServiceImpl[m - Start method validateQuantityFractionsV1, tradeId -> 1078104
[30m2026-08-27T14:36:53,559[m [32mINFO  [m[[1;34mhttp-nio-8080-exec-9[m] [36mValidateCountedFractionServiceImpl[m - Start method validateMaximumLimitFractionsV1
[30m2026-08-27T14:36:53,559[m [32mINFO  [m[[1;34mhttp-nio-8080-exec-9[m] [36mValidateCountedFractionServiceImpl[m - Start method validateQuantityFractionsV1, tradeId -> 1076497
[30m2026-08-27T14:36:53,559[m [32mINFO  [m[[1;34mhttp-nio-8080-exec-9[m] [36mValidateCountedFractionServiceImpl[m - Start method validateMaximumLimitFractionsV1
[30m2026-08-27T14:36:53,559[m [32mINFO  [m[[1;34mhttp-nio-8080-exec-9[m] [36mValidateCountedFractionServiceImpl[m - Start method validateQuantityFractionsV1, tradeId -> 1077053
[30m2026-08-27T14:36:53,559[m [32mINFO  [m[[1;34mhttp-nio-8080-exec-9[m] [36mValidateCountedFractionServiceImpl[m - Start method validateMaximumLimitFractionsV1
[30m2026-08-27T14:36:53,559[m [32mINFO  [m[[1;34mhttp-nio-8080-exec-9[m] [36mValidateCountedFractionServiceImpl[m - Start method validateQuantityFractionsV1, tradeId -> 1076509
[30m2026-08-27T14:36:53,559[m [32mINFO  [m[[1;34mhttp-nio-8080-exec-9[m] [36mValidateCountedFractionServiceImpl[m - Start method validateMaximumLimitFractionsV1
[30m2026-08-27T14:36:53,559[m [32mINFO  [m[[1;34mhttp-nio-8080-exec-9[m] [36mValidateCountedFractionServiceImpl[m - Start method validateQuantityFractionsV1, tradeId -> 1078105
[30m2026-08-27T14:36:53,559[m [32mINFO  [m[[1;34mhttp-nio-8080-exec-9[m] [36mValidateCountedFractionServiceImpl[m - Start method validateMaximumLimitFractionsV1
[30m2026-08-27T14:36:53,559[m [32mINFO  [m[[1;34mhttp-nio-8080-exec-9[m] [36mValidateCountedFractionServiceImpl[m - Start method validateQuantityFractionsV1, tradeId -> 1076510
[30m2026-08-27T14:36:53,559[m [32mINFO  [m[[1;34mhttp-nio-8080-exec-9[m] [36mValidateCountedFractionServiceImpl[m - Start method validateMaximumLimitFractionsV1
[30m2026-08-27T14:36:53,559[m [32mINFO  [m[[1;34mhttp-nio-8080-exec-9[m] [36mValidateCountedFractionServiceImpl[m - Start method validateQuantityFractionsV1, tradeId -> 1076498
[30m2026-08-27T14:36:53,559[m [32mINFO  [m[[1;34mhttp-nio-8080-exec-9[m] [36mValidateCountedFractionServiceImpl[m - Start method validateMaximumLimitFractionsV1
[30m2026-08-27T14:36:53,559[m [32mINFO  [m[[1;34mhttp-nio-8080-exec-9[m] [36mValidateCountedFractionServiceImpl[m - Start method validateQuantityFractionsV1, tradeId -> 1077054
[30m2026-08-27T14:36:53,559[m [32mINFO  [m[[1;34mhttp-nio-8080-exec-9[m] [36mValidateCountedFractionServiceImpl[m - Start method validateMaximumLimitFractionsV1
[30m2026-08-27T14:36:53,559[m [32mINFO  [m[[1;34mhttp-nio-8080-exec-9[m] [36mValidateCountedFractionServiceImpl[m - Start method validateQuantityFractionsV1, tradeId -> 1077055
[30m2026-08-27T14:36:53,559[m [32mINFO  [m[[1;34mhttp-nio-8080-exec-9[m] [36mValidateCountedFractionServiceImpl[m - Start method validateMaximumLimitFractionsV1
[30m2026-08-27T14:36:53,559[m [32mINFO  [m[[1;34mhttp-nio-8080-exec-9[m] [36mValidateCountedFractionServiceImpl[m - Start method validateQuantityFractionsV1, tradeId -> 1077056
[30m2026-08-27T14:36:53,559[m [32mINFO  [m[[1;34mhttp-nio-8080-exec-9[m] [36mValidateCountedFractionServiceImpl[m - Start method validateMaximumLimitFractionsV1
[30m2026-08-27T14:36:53,559[m [32mINFO  [m[[1;34mhttp-nio-8080-exec-9[m] [36mValidateCountedFractionServiceImpl[m - Start method validateQuantityFractionsV1, tradeId -> 1068894
[30m2026-08-27T14:36:53,559[m [32mINFO  [m[[1;34mhttp-nio-8080-exec-9[m] [36mValidateCountedFractionServiceImpl[m - Start method validateMaximumLimitFractionsV1
[30m2026-08-27T14:36:53,559[m [32mINFO  [m[[1;34mhttp-nio-8080-exec-9[m] [36mValidateCountedFractionServiceImpl[m - Start method validateQuantityFractionsV1, tradeId -> 1078106
[30m2026-08-27T14:36:53,559[m [32mINFO  [m[[1;34mhttp-nio-8080-exec-9[m] [36mValidateCountedFractionServiceImpl[m - Start method validateMaximumLimitFractionsV1
[30m2026-08-27T14:36:53,559[m [32mINFO  [m[[1;34mhttp-nio-8080-exec-9[m] [36mValidateCountedFractionServiceImpl[m - Start method validateQuantityFractionsV1, tradeId -> 1076499
[30m2026-08-27T14:36:53,559[m [32mINFO  [m[[1;34mhttp-nio-8080-exec-9[m] [36mValidateCountedFractionServiceImpl[m - Start method validateMaximumLimitFractionsV1
[30m2026-08-27T14:36:53,559[m [32mINFO  [m[[1;34mhttp-nio-8080-exec-9[m] [36mValidateCountedFractionServiceImpl[m - Start method validateQuantityFractionsV1, tradeId -> 1076500
[30m2026-08-27T14:36:53,559[m [32mINFO  [m[[1;34mhttp-nio-8080-exec-9[m] [36mValidateCountedFractionServiceImpl[m - Start method validateMaximumLimitFractionsV1
[30m2026-08-27T14:36:53,559[m [32mINFO  [m[[1;34mhttp-nio-8080-exec-9[m] [36mValidateCountedFractionServiceImpl[m - Start method validateQuantityFractionsV1, tradeId -> 1077057
[30m2026-08-27T14:36:53,560[m [32mINFO  [m[[1;34mhttp-nio-8080-exec-9[m] [36mValidateCountedFractionServiceImpl[m - Start method validateMaximumLimitFractionsV1
[30m2026-08-27T14:36:53,560[m [32mINFO  [m[[1;34mhttp-nio-8080-exec-9[m] [36mFractionationCountedServiceImpl[m - PERF_ASSIGNMENT_VALIDATION_BATCH batchId=7800daa2-76a5-40e0-af94-dbf076de44ab inputCount=50 validCount=50 invalidCount=0 uniqueTrades=50 uniqueSides=1 uniqueParticipants=1 titleAccountResolutionRequests=50 titleAccountUniqueBusinessKeys=1 settlementLookupRequests=50 settlementUniqueTradeSides=50 settlementRepositoryCalls=1 settlementRowsLoaded=0 settlementPrefetchMs=6 cudLookupRequests=0 cudUniqueTradeSides=0 cudUniqueBusinessKeys=0 cudRepositoryCalls=0 cudRowsLoaded=0 cudPrefetchMs=0 tradePrefetchMs=318 sidePrefetchMs=0 participantPrefetchMs=12 accountResolutionMs=14 accountPrefetchMs=9 businessValidationMs=7 totalMs=368
[30m2026-08-27T14:36:53,560[m [32mINFO  [m[[1;34mhttp-nio-8080-exec-9[m] [36mRestClientUtils[m - Client [POST] http://operaciones-fracciones-contado-back-service/operations-fractionation-api/v1/fractionation/batch
[30m2026-08-27T14:36:55,344[m [32mINFO  [m[[1;34mhttp-nio-8080-exec-9[m] [36mFractionationCountedServiceImpl[m - PERF_ASSIGNMENT_BATCH service=cmd batchId=7800daa2-76a5-40e0-af94-dbf076de44ab mode=RAW_VALIDATED configuredMaxBatchSize=80 receivedBatchSize=50 processedCount=50 successCount=50 failureCount=0 fractionationMs=1784 totalMs=1784
[30m2026-08-27T14:36:55,345[m [32mINFO  [m[[1;34mhttp-nio-8080-exec-9[m] [36mFractionationCountedServiceImpl[m - PERF_ASSIGNMENT_BATCH service=cmd batchId=7800daa2-76a5-40e0-af94-dbf076de44ab mode=RAW configuredMaxBatchSize=80 receivedBatchSize=50 validCount=50 invalidCount=0 sentToFractionationCount=50 successCount=50 failureCount=0 totalMs=2153
[30m2026-08-27T14:36:55,347[m [32mINFO  [m[[1;34mhttp-nio-8080-exec-9[m] [36mGlobalFilter[m - Request [POST /operations-cmd-api/v1/fractionation/counted-operation/batch] completed in 2159 ms with status 200
[30m2026-08-27T14:36:55,377[m [32mINFO  [m[[1;34mhttp-nio-8080-exec-10[m] [36mGlobalFilter[m - ----------- Client User: operaciones-orquestador-ext-back ----------
[30m2026-08-27T14:36:55,715[m [32mINFO  [m[[1;34mhttp-nio-8080-exec-10[m] [36mValidateCountedFractionServiceImpl[m - Start method validateAccountFractionAssignmentV1, accountNumber -> 4021801, tradeId -> 1076501, sideId -> 1, originId -> 122, isLocalCorrection -> false
[30m2026-08-27T14:36:55,716[m [32mINFO  [m[[1;34mhttp-nio-8080-exec-10[m] [36mValidateCountedFractionServiceImpl[m - Searching participant account assignment for accountNumber -> 4021801, participantId -> 15, depositoryId -> 1
[30m2026-08-27T14:36:55,718[m [32mINFO  [m[[1;34mhttp-nio-8080-exec-10[m] [36mValidateCountedFractionServiceImpl[m - No participant account found for accountNumber -> 4021801
[30m2026-08-27T14:36:55,730[m [32mINFO  [m[[1;34mhttp-nio-8080-exec-10[m] [36mValidateCountedFractionServiceImpl[m - End method validateAccountFractionAssignmentV1, fractionAccountOutDto -> FractionAccountOutDto(participantAccount=null, investorAccount=InvestorAccountOutDto(id=57, investor=InvestorOutDto(id=167, code=CL00000001, firstName=Prueba Nombre 1, lastName=Prueba Nombre 2, companyName=TERCERO3509748, type=TypeOutDto(id=2, description=JURIDICO, category=PERSONA), status=StatusOutDto(id=515, description=ACTIVO, category=INVERSIONISTA, shortName=null), country=CountryOutDto(id=35, code=CL, name=CHILE, currency=CurrencyOutDto(id=30, code=CLP, name=PESO CHILENO), timeZone=UTC -3), documentNumber=8605303170, identificationType=IdentificationTypeOutDto(id=5, description=CEDULA DE CIUDADANÍA, code=CC), nationality=35, clearinghouseCode=null, gics=null, moneyLaunderingFlag=null, taxStatus=null), accountNumber=4021801, accountName=AMBIENTE 3  PRUEBA 3, status=StatusOutDto(id=570, description=ACTIVO, category=CUENTA_INVERSIONISTA, shortName=null), originType=TypeOutDto(id=120, description=TERCEROS, category=ORIGEN PUNTA), type=TypeOutDto(id=26, description=CUENTA DEPOSITO, category=CUENTA DEPOSITO), depository=DepositoryOutDto(id=1, description=DVL), participant=null, taxExemp=false), sourceQuoteType=TypeOutDto(id=120, description=TERCEROS, category=ORIGEN PUNTA), fiduciarySpecialist=false, jointAccount=false, masterAccount=false, custodian=null, milaDirectDepositor=null)
[30m2026-08-27T14:36:55,746[m [32mINFO  [m[[1;34mhttp-nio-8080-exec-10[m] [36mValidateCountedFractionServiceImpl[m - Start method validateQuantityFractionsV1, tradeId -> 1076501
[30m2026-08-27T14:36:55,747[m [32mINFO  [m[[1;34mhttp-nio-8080-exec-10[m] [36mValidateCountedFractionServiceImpl[m - Start method validateMaximumLimitFractionsV1
[30m2026-08-27T14:36:55,747[m [32mINFO  [m[[1;34mhttp-nio-8080-exec-10[m] [36mValidateCountedFractionServiceImpl[m - Start method validateQuantityFractionsV1, tradeId -> 1078107
[30m2026-08-27T14:36:55,747[m [32mINFO  [m[[1;34mhttp-nio-8080-exec-10[m] [36mValidateCountedFractionServiceImpl[m - Start method validateMaximumLimitFractionsV1
[30m2026-08-27T14:36:55,747[m [32mINFO  [m[[1;34mhttp-nio-8080-exec-10[m] [36mValidateCountedFractionServiceImpl[m - Start method validateQuantityFractionsV1, tradeId -> 1076502
[30m2026-08-27T14:36:55,747[m [32mINFO  [m[[1;34mhttp-nio-8080-exec-10[m] [36mValidateCountedFractionServiceImpl[m - Start method validateMaximumLimitFractionsV1
[30m2026-08-27T14:36:55,747[m [32mINFO  [m[[1;34mhttp-nio-8080-exec-10[m] [36mValidateCountedFractionServiceImpl[m - Start method validateQuantityFractionsV1, tradeId -> 1073689
[30m2026-08-27T14:36:55,747[m [32mINFO  [m[[1;34mhttp-nio-8080-exec-10[m] [36mValidateCountedFractionServiceImpl[m - Start method validateMaximumLimitFractionsV1
[30m2026-08-27T14:36:55,747[m [32mINFO  [m[[1;34mhttp-nio-8080-exec-10[m] [36mValidateCountedFractionServiceImpl[m - Start method validateQuantityFractionsV1, tradeId -> 1076511
[30m2026-08-27T14:36:55,747[m [32mINFO  [m[[1;34mhttp-nio-8080-exec-10[m] [36mValidateCountedFractionServiceImpl[m - Start method validateMaximumLimitFractionsV1
[30m2026-08-27T14:36:55,747[m [32mINFO  [m[[1;34mhttp-nio-8080-exec-10[m] [36mValidateCountedFractionServiceImpl[m - Start method validateQuantityFractionsV1, tradeId -> 1076513
[30m2026-08-27T14:36:55,747[m [32mINFO  [m[[1;34mhttp-nio-8080-exec-10[m] [36mValidateCountedFractionServiceImpl[m - Start method validateMaximumLimitFractionsV1
[30m2026-08-27T14:36:55,747[m [32mINFO  [m[[1;34mhttp-nio-8080-exec-10[m] [36mValidateCountedFractionServiceImpl[m - Start method validateQuantityFractionsV1, tradeId -> 1077059
[30m2026-08-27T14:36:55,747[m [32mINFO  [m[[1;34mhttp-nio-8080-exec-10[m] [36mValidateCountedFractionServiceImpl[m - Start method validateMaximumLimitFractionsV1
[30m2026-08-27T14:36:55,747[m [32mINFO  [m[[1;34mhttp-nio-8080-exec-10[m] [36mValidateCountedFractionServiceImpl[m - Start method validateQuantityFractionsV1, tradeId -> 1077060
[30m2026-08-27T14:36:55,748[m [32mINFO  [m[[1;34mhttp-nio-8080-exec-10[m] [36mValidateCountedFractionServiceImpl[m - Start method validateMaximumLimitFractionsV1
[30m2026-08-27T14:36:55,748[m [32mINFO  [m[[1;34mhttp-nio-8080-exec-10[m] [36mValidateCountedFractionServiceImpl[m - Start method validateQuantityFractionsV1, tradeId -> 1073690
[30m2026-08-27T14:36:55,748[m [32mINFO  [m[[1;34mhttp-nio-8080-exec-10[m] [36mValidateCountedFractionServiceImpl[m - Start method validateMaximumLimitFractionsV1
[30m2026-08-27T14:36:55,748[m [32mINFO  [m[[1;34mhttp-nio-8080-exec-10[m] [36mValidateCountedFractionServiceImpl[m - Start method validateQuantityFractionsV1, tradeId -> 1076515
[30m2026-08-27T14:36:55,748[m [32mINFO  [m[[1;34mhttp-nio-8080-exec-10[m] [36mValidateCountedFractionServiceImpl[m - Start method validateMaximumLimitFractionsV1
[30m2026-08-27T14:36:55,748[m [32mINFO  [m[[1;34mhttp-nio-8080-exec-10[m] [36mValidateCountedFractionServiceImpl[m - Start method validateQuantityFractionsV1, tradeId -> 1077064
[30m2026-08-27T14:36:55,748[m [32mINFO  [m[[1;34mhttp-nio-8080-exec-10[m] [36mValidateCountedFractionServiceImpl[m - Start method validateMaximumLimitFractionsV1
[30m2026-08-27T14:36:55,748[m [32mINFO  [m[[1;34mhttp-nio-8080-exec-10[m] [36mValidateCountedFractionServiceImpl[m - Start method validateQuantityFractionsV1, tradeId -> 1068898
[30m2026-08-27T14:36:55,748[m [32mINFO  [m[[1;34mhttp-nio-8080-exec-10[m] [36mValidateCountedFractionServiceImpl[m - Start method validateMaximumLimitFractionsV1
[30m2026-08-27T14:36:55,748[m [32mINFO  [m[[1;34mhttp-nio-8080-exec-10[m] [36mValidateCountedFractionServiceImpl[m - Start method validateQuantityFractionsV1, tradeId -> 1068899
[30m2026-08-27T14:36:55,748[m [32mINFO  [m[[1;34mhttp-nio-8080-exec-10[m] [36mValidateCountedFractionServiceImpl[m - Start method validateMaximumLimitFractionsV1
[30m2026-08-27T14:36:55,748[m [32mINFO  [m[[1;34mhttp-nio-8080-exec-10[m] [36mValidateCountedFractionServiceImpl[m - Start method validateQuantityFractionsV1, tradeId -> 1068900
[30m2026-08-27T14:36:55,748[m [32mINFO  [m[[1;34mhttp-nio-8080-exec-10[m] [36mValidateCountedFractionServiceImpl[m - Start method validateMaximumLimitFractionsV1
[30m2026-08-27T14:36:55,748[m [32mINFO  [m[[1;34mhttp-nio-8080-exec-10[m] [36mValidateCountedFractionServiceImpl[m - Start method validateQuantityFractionsV1, tradeId -> 1078108
[30m2026-08-27T14:36:55,748[m [32mINFO  [m[[1;34mhttp-nio-8080-exec-10[m] [36mValidateCountedFractionServiceImpl[m - Start method validateMaximumLimitFractionsV1
[30m2026-08-27T14:36:55,748[m [32mINFO  [m[[1;34mhttp-nio-8080-exec-10[m] [36mValidateCountedFractionServiceImpl[m - Start method validateQuantityFractionsV1, tradeId -> 1076517
[30m2026-08-27T14:36:55,748[m [32mINFO  [m[[1;34mhttp-nio-8080-exec-10[m] [36mValidateCountedFractionServiceImpl[m - Start method validateMaximumLimitFractionsV1
[30m2026-08-27T14:36:55,748[m [32mINFO  [m[[1;34mhttp-nio-8080-exec-10[m] [36mValidateCountedFractionServiceImpl[m - Start method validateQuantityFractionsV1, tradeId -> 1076519
[30m2026-08-27T14:36:55,748[m [32mINFO  [m[[1;34mhttp-nio-8080-exec-10[m] [36mValidateCountedFractionServiceImpl[m - Start method validateMaximumLimitFractionsV1
[30m2026-08-27T14:36:55,748[m [32mINFO  [m[[1;34mhttp-nio-8080-exec-10[m] [36mValidateCountedFractionServiceImpl[m - Start method validateQuantityFractionsV1, tradeId -> 1068902
[30m2026-08-27T14:36:55,748[m [32mINFO  [m[[1;34mhttp-nio-8080-exec-10[m] [36mValidateCountedFractionServiceImpl[m - Start method validateMaximumLimitFractionsV1
[30m2026-08-27T14:36:55,748[m [32mINFO  [m[[1;34mhttp-nio-8080-exec-10[m] [36mValidateCountedFractionServiceImpl[m - Start method validateQuantityFractionsV1, tradeId -> 1076521
[30m2026-08-27T14:36:55,748[m [32mINFO  [m[[1;34mhttp-nio-8080-exec-10[m] [36mValidateCountedFractionServiceImpl[m - Start method validateMaximumLimitFractionsV1
[30m2026-08-27T14:36:55,748[m [32mINFO  [m[[1;34mhttp-nio-8080-exec-10[m] [36mValidateCountedFractionServiceImpl[m - Start method validateQuantityFractionsV1, tradeId -> 1077067
[30m2026-08-27T14:36:55,748[m [32mINFO  [m[[1;34mhttp-nio-8080-exec-10[m] [36mValidateCountedFractionServiceImpl[m - Start method validateMaximumLimitFractionsV1
[30m2026-08-27T14:36:55,748[m [32mINFO  [m[[1;34mhttp-nio-8080-exec-10[m] [36mValidateCountedFractionServiceImpl[m - Start method validateQuantityFractionsV1, tradeId -> 1068904
[30m2026-08-27T14:36:55,748[m [32mINFO  [m[[1;34mhttp-nio-8080-exec-10[m] [36mValidateCountedFractionServiceImpl[m - Start method validateMaximumLimitFractionsV1
[30m2026-08-27T14:36:55,748[m [32mINFO  [m[[1;34mhttp-nio-8080-exec-10[m] [36mValidateCountedFractionServiceImpl[m - Start method validateQuantityFractionsV1, tradeId -> 1068905
[30m2026-08-27T14:36:55,748[m [32mINFO  [m[[1;34mhttp-nio-8080-exec-10[m] [36mValidateCountedFractionServiceImpl[m - Start method validateMaximumLimitFractionsV1
[30m2026-08-27T14:36:55,749[m [32mINFO  [m[[1;34mhttp-nio-8080-exec-10[m] [36mValidateCountedFractionServiceImpl[m - Start method validateQuantityFractionsV1, tradeId -> 1076524
[30m2026-08-27T14:36:55,749[m [32mINFO  [m[[1;34mhttp-nio-8080-exec-10[m] [36mValidateCountedFractionServiceImpl[m - Start method validateMaximumLimitFractionsV1
[30m2026-08-27T14:36:55,749[m [32mINFO  [m[[1;34mhttp-nio-8080-exec-10[m] [36mValidateCountedFractionServiceImpl[m - Start method validateQuantityFractionsV1, tradeId -> 1073696
[30m2026-08-27T14:36:55,749[m [32mINFO  [m[[1;34mhttp-nio-8080-exec-10[m] [36mValidateCountedFractionServiceImpl[m - Start method validateMaximumLimitFractionsV1
[30m2026-08-27T14:36:55,749[m [32mINFO  [m[[1;34mhttp-nio-8080-exec-10[m] [36mValidateCountedFractionServiceImpl[m - Start method validateQuantityFractionsV1, tradeId -> 1077068
[30m2026-08-27T14:36:55,749[m [32mINFO  [m[[1;34mhttp-nio-8080-exec-10[m] [36mValidateCountedFractionServiceImpl[m - Start method validateMaximumLimitFractionsV1
[30m2026-08-27T14:36:55,749[m [32mINFO  [m[[1;34mhttp-nio-8080-exec-10[m] [36mValidateCountedFractionServiceImpl[m - Start method validateQuantityFractionsV1, tradeId -> 1073697
[30m2026-08-27T14:36:55,749[m [32mINFO  [m[[1;34mhttp-nio-8080-exec-10[m] [36mValidateCountedFractionServiceImpl[m - Start method validateMaximumLimitFractionsV1
[30m2026-08-27T14:36:55,749[m [32mINFO  [m[[1;34mhttp-nio-8080-exec-10[m] [36mValidateCountedFractionServiceImpl[m - Start method validateQuantityFractionsV1, tradeId -> 1077069
[30m2026-08-27T14:36:55,749[m [32mINFO  [m[[1;34mhttp-nio-8080-exec-10[m] [36mValidateCountedFractionServiceImpl[m - Start method validateMaximumLimitFractionsV1
[30m2026-08-27T14:36:55,749[m [32mINFO  [m[[1;34mhttp-nio-8080-exec-10[m] [36mValidateCountedFractionServiceImpl[m - Start method validateQuantityFractionsV1, tradeId -> 1073698
[30m2026-08-27T14:36:55,749[m [32mINFO  [m[[1;34mhttp-nio-8080-exec-10[m] [36mValidateCountedFractionServiceImpl[m - Start method validateMaximumLimitFractionsV1
[30m2026-08-27T14:36:55,749[m [32mINFO  [m[[1;34mhttp-nio-8080-exec-10[m] [36mValidateCountedFractionServiceImpl[m - Start method validateQuantityFractionsV1, tradeId -> 1078114
[30m2026-08-27T14:36:55,749[m [32mINFO  [m[[1;34mhttp-nio-8080-exec-10[m] [36mValidateCountedFractionServiceImpl[m - Start method validateMaximumLimitFractionsV1
[30m2026-08-27T14:36:55,749[m [32mINFO  [m[[1;34mhttp-nio-8080-exec-10[m] [36mValidateCountedFractionServiceImpl[m - Start method validateQuantityFractionsV1, tradeId -> 1068906
[30m2026-08-27T14:36:55,749[m [32mINFO  [m[[1;34mhttp-nio-8080-exec-10[m] [36mValidateCountedFractionServiceImpl[m - Start method validateMaximumLimitFractionsV1
[30m2026-08-27T14:36:55,749[m [32mINFO  [m[[1;34mhttp-nio-8080-exec-10[m] [36mValidateCountedFractionServiceImpl[m - Start method validateQuantityFractionsV1, tradeId -> 1076525
[30m2026-08-27T14:36:55,749[m [32mINFO  [m[[1;34mhttp-nio-8080-exec-10[m] [36mValidateCountedFractionServiceImpl[m - Start method validateMaximumLimitFractionsV1
[30m2026-08-27T14:36:55,749[m [32mINFO  [m[[1;34mhttp-nio-8080-exec-10[m] [36mValidateCountedFractionServiceImpl[m - Start method validateQuantityFractionsV1, tradeId -> 1078115
[30m2026-08-27T14:36:55,749[m [32mINFO  [m[[1;34mhttp-nio-8080-exec-10[m] [36mValidateCountedFractionServiceImpl[m - Start method validateMaximumLimitFractionsV1
[30m2026-08-27T14:36:55,749[m [32mINFO  [m[[1;34mhttp-nio-8080-exec-10[m] [36mValidateCountedFractionServiceImpl[m - Start method validateQuantityFractionsV1, tradeId -> 1073699
[30m2026-08-27T14:36:55,749[m [32mINFO  [m[[1;34mhttp-nio-8080-exec-10[m] [36mValidateCountedFractionServiceImpl[m - Start method validateMaximumLimitFractionsV1
[30m2026-08-27T14:36:55,749[m [32mINFO  [m[[1;34mhttp-nio-8080-exec-10[m] [36mValidateCountedFractionServiceImpl[m - Start method validateQuantityFractionsV1, tradeId -> 1078116
[30m2026-08-27T14:36:55,749[m [32mINFO  [m[[1;34mhttp-nio-8080-exec-10[m] [36mValidateCountedFractionServiceImpl[m - Start method validateMaximumLimitFractionsV1
[30m2026-08-27T14:36:55,749[m [32mINFO  [m[[1;34mhttp-nio-8080-exec-10[m] [36mValidateCountedFractionServiceImpl[m - Start method validateQuantityFractionsV1, tradeId -> 1078117
[30m2026-08-27T14:36:55,749[m [32mINFO  [m[[1;34mhttp-nio-8080-exec-10[m] [36mValidateCountedFractionServiceImpl[m - Start method validateMaximumLimitFractionsV1
[30m2026-08-27T14:36:55,750[m [32mINFO  [m[[1;34mhttp-nio-8080-exec-10[m] [36mValidateCountedFractionServiceImpl[m - Start method validateQuantityFractionsV1, tradeId -> 1073700
[30m2026-08-27T14:36:55,750[m [32mINFO  [m[[1;34mhttp-nio-8080-exec-10[m] [36mValidateCountedFractionServiceImpl[m - Start method validateMaximumLimitFractionsV1
[30m2026-08-27T14:36:55,750[m [32mINFO  [m[[1;34mhttp-nio-8080-exec-10[m] [36mValidateCountedFractionServiceImpl[m - Start method validateQuantityFractionsV1, tradeId -> 1078118
[30m2026-08-27T14:36:55,750[m [32mINFO  [m[[1;34mhttp-nio-8080-exec-10[m] [36mValidateCountedFractionServiceImpl[m - Start method validateMaximumLimitFractionsV1
[30m2026-08-27T14:36:55,750[m [32mINFO  [m[[1;34mhttp-nio-8080-exec-10[m] [36mValidateCountedFractionServiceImpl[m - Start method validateQuantityFractionsV1, tradeId -> 1078119
[30m2026-08-27T14:36:55,750[m [32mINFO  [m[[1;34mhttp-nio-8080-exec-10[m] [36mValidateCountedFractionServiceImpl[m - Start method validateMaximumLimitFractionsV1
[30m2026-08-27T14:36:55,750[m [32mINFO  [m[[1;34mhttp-nio-8080-exec-10[m] [36mValidateCountedFractionServiceImpl[m - Start method validateQuantityFractionsV1, tradeId -> 1068907
[30m2026-08-27T14:36:55,750[m [32mINFO  [m[[1;34mhttp-nio-8080-exec-10[m] [36mValidateCountedFractionServiceImpl[m - Start method validateMaximumLimitFractionsV1
[30m2026-08-27T14:36:55,750[m [32mINFO  [m[[1;34mhttp-nio-8080-exec-10[m] [36mValidateCountedFractionServiceImpl[m - Start method validateQuantityFractionsV1, tradeId -> 1076526
[30m2026-08-27T14:36:55,750[m [32mINFO  [m[[1;34mhttp-nio-8080-exec-10[m] [36mValidateCountedFractionServiceImpl[m - Start method validateMaximumLimitFractionsV1
[30m2026-08-27T14:36:55,750[m [32mINFO  [m[[1;34mhttp-nio-8080-exec-10[m] [36mValidateCountedFractionServiceImpl[m - Start method validateQuantityFractionsV1, tradeId -> 1078120
[30m2026-08-27T14:36:55,750[m [32mINFO  [m[[1;34mhttp-nio-8080-exec-10[m] [36mValidateCountedFractionServiceImpl[m - Start method validateMaximumLimitFractionsV1
[30m2026-08-27T14:36:55,750[m [32mINFO  [m[[1;34mhttp-nio-8080-exec-10[m] [36mValidateCountedFractionServiceImpl[m - Start method validateQuantityFractionsV1, tradeId -> 1077070
[30m2026-08-27T14:36:55,750[m [32mINFO  [m[[1;34mhttp-nio-8080-exec-10[m] [36mValidateCountedFractionServiceImpl[m - Start method validateMaximumLimitFractionsV1
[30m2026-08-27T14:36:55,750[m [32mINFO  [m[[1;34mhttp-nio-8080-exec-10[m] [36mValidateCountedFractionServiceImpl[m - Start method validateQuantityFractionsV1, tradeId -> 1078121
[30m2026-08-27T14:36:55,750[m [32mINFO  [m[[1;34mhttp-nio-8080-exec-10[m] [36mValidateCountedFractionServiceImpl[m - Start method validateMaximumLimitFractionsV1
[30m2026-08-27T14:36:55,750[m [32mINFO  [m[[1;34mhttp-nio-8080-exec-10[m] [36mValidateCountedFractionServiceImpl[m - Start method validateQuantityFractionsV1, tradeId -> 1068908
[30m2026-08-27T14:36:55,750[m [32mINFO  [m[[1;34mhttp-nio-8080-exec-10[m] [36mValidateCountedFractionServiceImpl[m - Start method validateMaximumLimitFractionsV1
[30m2026-08-27T14:36:55,750[m [32mINFO  [m[[1;34mhttp-nio-8080-exec-10[m] [36mValidateCountedFractionServiceImpl[m - Start method validateQuantityFractionsV1, tradeId -> 1078122
[30m2026-08-27T14:36:55,750[m [32mINFO  [m[[1;34mhttp-nio-8080-exec-10[m] [36mValidateCountedFractionServiceImpl[m - Start method validateMaximumLimitFractionsV1
[30m2026-08-27T14:36:55,750[m [32mINFO  [m[[1;34mhttp-nio-8080-exec-10[m] [36mValidateCountedFractionServiceImpl[m - Start method validateQuantityFractionsV1, tradeId -> 1078123
[30m2026-08-27T14:36:55,750[m [32mINFO  [m[[1;34mhttp-nio-8080-exec-10[m] [36mValidateCountedFractionServiceImpl[m - Start method validateMaximumLimitFractionsV1
[30m2026-08-27T14:36:55,751[m [32mINFO  [m[[1;34mhttp-nio-8080-exec-10[m] [36mValidateCountedFractionServiceImpl[m - Start method validateQuantityFractionsV1, tradeId -> 1078124
[30m2026-08-27T14:36:55,751[m [32mINFO  [m[[1;34mhttp-nio-8080-exec-10[m] [36mValidateCountedFractionServiceImpl[m - Start method validateMaximumLimitFractionsV1
[30m2026-08-27T14:36:55,751[m [32mINFO  [m[[1;34mhttp-nio-8080-exec-10[m] [36mValidateCountedFractionServiceImpl[m - Start method validateQuantityFractionsV1, tradeId -> 1077071
[30m2026-08-27T14:36:55,751[m [32mINFO  [m[[1;34mhttp-nio-8080-exec-10[m] [36mValidateCountedFractionServiceImpl[m - Start method validateMaximumLimitFractionsV1
[30m2026-08-27T14:36:55,751[m [32mINFO  [m[[1;34mhttp-nio-8080-exec-10[m] [36mValidateCountedFractionServiceImpl[m - Start method validateQuantityFractionsV1, tradeId -> 1076527
[30m2026-08-27T14:36:55,751[m [32mINFO  [m[[1;34mhttp-nio-8080-exec-10[m] [36mValidateCountedFractionServiceImpl[m - Start method validateMaximumLimitFractionsV1
[30m2026-08-27T14:36:55,751[m [32mINFO  [m[[1;34mhttp-nio-8080-exec-10[m] [36mValidateCountedFractionServiceImpl[m - Start method validateQuantityFractionsV1, tradeId -> 1078125
[30m2026-08-27T14:36:55,751[m [32mINFO  [m[[1;34mhttp-nio-8080-exec-10[m] [36mValidateCountedFractionServiceImpl[m - Start method validateMaximumLimitFractionsV1
[30m2026-08-27T14:36:55,751[m [32mINFO  [m[[1;34mhttp-nio-8080-exec-10[m] [36mFractionationCountedServiceImpl[m - PERF_ASSIGNMENT_VALIDATION_BATCH batchId=eb1a61ae-86d0-4c56-84f2-c96edbb6e232 inputCount=50 validCount=50 invalidCount=0 uniqueTrades=50 uniqueSides=1 uniqueParticipants=1 titleAccountResolutionRequests=50 titleAccountUniqueBusinessKeys=1 settlementLookupRequests=50 settlementUniqueTradeSides=50 settlementRepositoryCalls=1 settlementRowsLoaded=0 settlementPrefetchMs=2 cudLookupRequests=0 cudUniqueTradeSides=0 cudUniqueBusinessKeys=0 cudRepositoryCalls=0 cudRowsLoaded=0 cudPrefetchMs=0 tradePrefetchMs=322 sidePrefetchMs=0 participantPrefetchMs=11 accountResolutionMs=15 accountPrefetchMs=10 businessValidationMs=7 totalMs=370
[30m2026-08-27T14:36:55,751[m [32mINFO  [m[[1;34mhttp-nio-8080-exec-10[m] [36mRestClientUtils[m - Client [POST] http://operaciones-fracciones-contado-back-service/operations-fractionation-api/v1/fractionation/batch
[30m2026-08-27T14:36:57,478[m [32mINFO  [m[[1;34mhttp-nio-8080-exec-10[m] [36mFractionationCountedServiceImpl[m - PERF_ASSIGNMENT_BATCH service=cmd batchId=eb1a61ae-86d0-4c56-84f2-c96edbb6e232 mode=RAW_VALIDATED configuredMaxBatchSize=80 receivedBatchSize=50 processedCount=50 successCount=50 failureCount=0 fractionationMs=1726 totalMs=1726
[30m2026-08-27T14:36:57,478[m [32mINFO  [m[[1;34mhttp-nio-8080-exec-10[m] [36mFractionationCountedServiceImpl[m - PERF_ASSIGNMENT_BATCH service=cmd batchId=eb1a61ae-86d0-4c56-84f2-c96edbb6e232 mode=RAW configuredMaxBatchSize=80 receivedBatchSize=50 validCount=50 invalidCount=0 sentToFractionationCount=50 successCount=50 failureCount=0 totalMs=2097
[30m2026-08-27T14:36:57,480[m [32mINFO  [m[[1;34mhttp-nio-8080-exec-10[m] [36mGlobalFilter[m - Request [POST /operations-cmd-api/v1/fractionation/counted-operation/batch] completed in 2102 ms with status 200
[30m2026-08-27T14:36:57,506[m [32mINFO  [m[[1;34mhttp-nio-8080-exec-1[m] [36mGlobalFilter[m - ----------- Client User: operaciones-orquestador-ext-back ----------
[30m2026-08-27T14:36:57,802[m [32mINFO  [m[[1;34mhttp-nio-8080-exec-1[m] [36mValidateCountedFractionServiceImpl[m - Start method validateAccountFractionAssignmentV1, accountNumber -> 4021801, tradeId -> 1078126, sideId -> 1, originId -> 122, isLocalCorrection -> false
[30m2026-08-27T14:36:57,803[m [32mINFO  [m[[1;34mhttp-nio-8080-exec-1[m] [36mValidateCountedFractionServiceImpl[m - Searching participant account assignment for accountNumber -> 4021801, participantId -> 15, depositoryId -> 1
[30m2026-08-27T14:36:57,805[m [32mINFO  [m[[1;34mhttp-nio-8080-exec-1[m] [36mValidateCountedFractionServiceImpl[m - No participant account found for accountNumber -> 4021801
[30m2026-08-27T14:36:57,817[m [32mINFO  [m[[1;34mhttp-nio-8080-exec-1[m] [36mValidateCountedFractionServiceImpl[m - End method validateAccountFractionAssignmentV1, fractionAccountOutDto -> FractionAccountOutDto(participantAccount=null, investorAccount=InvestorAccountOutDto(id=57, investor=InvestorOutDto(id=167, code=CL00000001, firstName=Prueba Nombre 1, lastName=Prueba Nombre 2, companyName=TERCERO3509748, type=TypeOutDto(id=2, description=JURIDICO, category=PERSONA), status=StatusOutDto(id=515, description=ACTIVO, category=INVERSIONISTA, shortName=null), country=CountryOutDto(id=35, code=CL, name=CHILE, currency=CurrencyOutDto(id=30, code=CLP, name=PESO CHILENO), timeZone=UTC -3), documentNumber=8605303170, identificationType=IdentificationTypeOutDto(id=5, description=CEDULA DE CIUDADANÍA, code=CC), nationality=35, clearinghouseCode=null, gics=null, moneyLaunderingFlag=null, taxStatus=null), accountNumber=4021801, accountName=AMBIENTE 3  PRUEBA 3, status=StatusOutDto(id=570, description=ACTIVO, category=CUENTA_INVERSIONISTA, shortName=null), originType=TypeOutDto(id=120, description=TERCEROS, category=ORIGEN PUNTA), type=TypeOutDto(id=26, description=CUENTA DEPOSITO, category=CUENTA DEPOSITO), depository=DepositoryOutDto(id=1, description=DVL), participant=null, taxExemp=false), sourceQuoteType=TypeOutDto(id=120, description=TERCEROS, category=ORIGEN PUNTA), fiduciarySpecialist=false, jointAccount=false, masterAccount=false, custodian=null, milaDirectDepositor=null)
[30m2026-08-27T14:36:57,833[m [32mINFO  [m[[1;34mhttp-nio-8080-exec-1[m] [36mValidateCountedFractionServiceImpl[m - Start method validateQuantityFractionsV1, tradeId -> 1078126
[30m2026-08-27T14:36:57,833[m [32mINFO  [m[[1;34mhttp-nio-8080-exec-1[m] [36mValidateCountedFractionServiceImpl[m - Start method validateMaximumLimitFractionsV1
[30m2026-08-27T14:36:57,834[m [32mINFO  [m[[1;34mhttp-nio-8080-exec-1[m] [36mValidateCountedFractionServiceImpl[m - Start method validateQuantityFractionsV1, tradeId -> 1078127
[30m2026-08-27T14:36:57,834[m [32mINFO  [m[[1;34mhttp-nio-8080-exec-1[m] [36mValidateCountedFractionServiceImpl[m - Start method validateMaximumLimitFractionsV1
[30m2026-08-27T14:36:57,834[m [32mINFO  [m[[1;34mhttp-nio-8080-exec-1[m] [36mValidateCountedFractionServiceImpl[m - Start method validateQuantityFractionsV1, tradeId -> 1076528
[30m2026-08-27T14:36:57,834[m [32mINFO  [m[[1;34mhttp-nio-8080-exec-1[m] [36mValidateCountedFractionServiceImpl[m - Start method validateMaximumLimitFractionsV1
[30m2026-08-27T14:36:57,834[m [32mINFO  [m[[1;34mhttp-nio-8080-exec-1[m] [36mValidateCountedFractionServiceImpl[m - Start method validateQuantityFractionsV1, tradeId -> 1073701
[30m2026-08-27T14:36:57,834[m [32mINFO  [m[[1;34mhttp-nio-8080-exec-1[m] [36mValidateCountedFractionServiceImpl[m - Start method validateMaximumLimitFractionsV1
[30m2026-08-27T14:36:57,834[m [32mINFO  [m[[1;34mhttp-nio-8080-exec-1[m] [36mValidateCountedFractionServiceImpl[m - Start method validateQuantityFractionsV1, tradeId -> 1076529
[30m2026-08-27T14:36:57,834[m [32mINFO  [m[[1;34mhttp-nio-8080-exec-1[m] [36mValidateCountedFractionServiceImpl[m - Start method validateMaximumLimitFractionsV1
[30m2026-08-27T14:36:57,834[m [32mINFO  [m[[1;34mhttp-nio-8080-exec-1[m] [36mValidateCountedFractionServiceImpl[m - Start method validateQuantityFractionsV1, tradeId -> 1073702
[30m2026-08-27T14:36:57,834[m [32mINFO  [m[[1;34mhttp-nio-8080-exec-1[m] [36mValidateCountedFractionServiceImpl[m - Start method validateMaximumLimitFractionsV1
[30m2026-08-27T14:36:57,834[m [32mINFO  [m[[1;34mhttp-nio-8080-exec-1[m] [36mValidateCountedFractionServiceImpl[m - Start method validateQuantityFractionsV1, tradeId -> 1077072
[30m2026-08-27T14:36:57,834[m [32mINFO  [m[[1;34mhttp-nio-8080-exec-1[m] [36mValidateCountedFractionServiceImpl[m - Start method validateMaximumLimitFractionsV1
[30m2026-08-27T14:36:57,834[m [32mINFO  [m[[1;34mhttp-nio-8080-exec-1[m] [36mValidateCountedFractionServiceImpl[m - Start method validateQuantityFractionsV1, tradeId -> 1076530
[30m2026-08-27T14:36:57,834[m [32mINFO  [m[[1;34mhttp-nio-8080-exec-1[m] [36mValidateCountedFractionServiceImpl[m - Start method validateMaximumLimitFractionsV1
[30m2026-08-27T14:36:57,834[m [32mINFO  [m[[1;34mhttp-nio-8080-exec-1[m] [36mValidateCountedFractionServiceImpl[m - Start method validateQuantityFractionsV1, tradeId -> 1073703
[30m2026-08-27T14:36:57,834[m [32mINFO  [m[[1;34mhttp-nio-8080-exec-1[m] [36mValidateCountedFractionServiceImpl[m - Start method validateMaximumLimitFractionsV1
[30m2026-08-27T14:36:57,834[m [32mINFO  [m[[1;34mhttp-nio-8080-exec-1[m] [36mValidateCountedFractionServiceImpl[m - Start method validateQuantityFractionsV1, tradeId -> 1076531
[30m2026-08-27T14:36:57,834[m [32mINFO  [m[[1;34mhttp-nio-8080-exec-1[m] [36mValidateCountedFractionServiceImpl[m - Start method validateMaximumLimitFractionsV1
[30m2026-08-27T14:36:57,834[m [32mINFO  [m[[1;34mhttp-nio-8080-exec-1[m] [36mValidateCountedFractionServiceImpl[m - Start method validateQuantityFractionsV1, tradeId -> 1078128
[30m2026-08-27T14:36:57,834[m [32mINFO  [m[[1;34mhttp-nio-8080-exec-1[m] [36mValidateCountedFractionServiceImpl[m - Start method validateMaximumLimitFractionsV1
[30m2026-08-27T14:36:57,834[m [32mINFO  [m[[1;34mhttp-nio-8080-exec-1[m] [36mValidateCountedFractionServiceImpl[m - Start method validateQuantityFractionsV1, tradeId -> 1068909
[30m2026-08-27T14:36:57,834[m [32mINFO  [m[[1;34mhttp-nio-8080-exec-1[m] [36mValidateCountedFractionServiceImpl[m - Start method validateMaximumLimitFractionsV1
[30m2026-08-27T14:36:57,834[m [32mINFO  [m[[1;34mhttp-nio-8080-exec-1[m] [36mValidateCountedFractionServiceImpl[m - Start method validateQuantityFractionsV1, tradeId -> 1076532
[30m2026-08-27T14:36:57,834[m [32mINFO  [m[[1;34mhttp-nio-8080-exec-1[m] [36mValidateCountedFractionServiceImpl[m - Start method validateMaximumLimitFractionsV1
[30m2026-08-27T14:36:57,834[m [32mINFO  [m[[1;34mhttp-nio-8080-exec-1[m] [36mValidateCountedFractionServiceImpl[m - Start method validateQuantityFractionsV1, tradeId -> 1077084
[30m2026-08-27T14:36:57,835[m [32mINFO  [m[[1;34mhttp-nio-8080-exec-1[m] [36mValidateCountedFractionServiceImpl[m - Start method validateMaximumLimitFractionsV1
[30m2026-08-27T14:36:57,835[m [32mINFO  [m[[1;34mhttp-nio-8080-exec-1[m] [36mValidateCountedFractionServiceImpl[m - Start method validateQuantityFractionsV1, tradeId -> 1078136
[30m2026-08-27T14:36:57,835[m [32mINFO  [m[[1;34mhttp-nio-8080-exec-1[m] [36mValidateCountedFractionServiceImpl[m - Start method validateMaximumLimitFractionsV1
[30m2026-08-27T14:36:57,835[m [32mINFO  [m[[1;34mhttp-nio-8080-exec-1[m] [36mValidateCountedFractionServiceImpl[m - Start method validateQuantityFractionsV1, tradeId -> 1068920
[30m2026-08-27T14:36:57,835[m [32mINFO  [m[[1;34mhttp-nio-8080-exec-1[m] [36mValidateCountedFractionServiceImpl[m - Start method validateMaximumLimitFractionsV1
[30m2026-08-27T14:36:57,835[m [32mINFO  [m[[1;34mhttp-nio-8080-exec-1[m] [36mValidateCountedFractionServiceImpl[m - Start method validateQuantityFractionsV1, tradeId -> 1076540
[30m2026-08-27T14:36:57,835[m [32mINFO  [m[[1;34mhttp-nio-8080-exec-1[m] [36mValidateCountedFractionServiceImpl[m - Start method validateMaximumLimitFractionsV1
[30m2026-08-27T14:36:57,835[m [32mINFO  [m[[1;34mhttp-nio-8080-exec-1[m] [36mValidateCountedFractionServiceImpl[m - Start method validateQuantityFractionsV1, tradeId -> 1073714
[30m2026-08-27T14:36:57,835[m [32mINFO  [m[[1;34mhttp-nio-8080-exec-1[m] [36mValidateCountedFractionServiceImpl[m - Start method validateMaximumLimitFractionsV1
[30m2026-08-27T14:36:57,835[m [32mINFO  [m[[1;34mhttp-nio-8080-exec-1[m] [36mValidateCountedFractionServiceImpl[m - Start method validateQuantityFractionsV1, tradeId -> 1073715
[30m2026-08-27T14:36:57,835[m [32mINFO  [m[[1;34mhttp-nio-8080-exec-1[m] [36mValidateCountedFractionServiceImpl[m - Start method validateMaximumLimitFractionsV1
[30m2026-08-27T14:36:57,835[m [32mINFO  [m[[1;34mhttp-nio-8080-exec-1[m] [36mValidateCountedFractionServiceImpl[m - Start method validateQuantityFractionsV1, tradeId -> 1068921
[30m2026-08-27T14:36:57,835[m [32mINFO  [m[[1;34mhttp-nio-8080-exec-1[m] [36mValidateCountedFractionServiceImpl[m - Start method validateMaximumLimitFractionsV1
[30m2026-08-27T14:36:57,835[m [32mINFO  [m[[1;34mhttp-nio-8080-exec-1[m] [36mValidateCountedFractionServiceImpl[m - Start method validateQuantityFractionsV1, tradeId -> 1076541
[30m2026-08-27T14:36:57,835[m [32mINFO  [m[[1;34mhttp-nio-8080-exec-1[m] [36mValidateCountedFractionServiceImpl[m - Start method validateMaximumLimitFractionsV1
[30m2026-08-27T14:36:57,835[m [32mINFO  [m[[1;34mhttp-nio-8080-exec-1[m] [36mValidateCountedFractionServiceImpl[m - Start method validateQuantityFractionsV1, tradeId -> 1068922
[30m2026-08-27T14:36:57,835[m [32mINFO  [m[[1;34mhttp-nio-8080-exec-1[m] [36mValidateCountedFractionServiceImpl[m - Start method validateMaximumLimitFractionsV1
[30m2026-08-27T14:36:57,835[m [32mINFO  [m[[1;34mhttp-nio-8080-exec-1[m] [36mValidateCountedFractionServiceImpl[m - Start method validateQuantityFractionsV1, tradeId -> 1068923
[30m2026-08-27T14:36:57,835[m [32mINFO  [m[[1;34mhttp-nio-8080-exec-1[m] [36mValidateCountedFractionServiceImpl[m - Start method validateMaximumLimitFractionsV1
[30m2026-08-27T14:36:57,835[m [32mINFO  [m[[1;34mhttp-nio-8080-exec-1[m] [36mValidateCountedFractionServiceImpl[m - Start method validateQuantityFractionsV1, tradeId -> 1076542
[30m2026-08-27T14:36:57,835[m [32mINFO  [m[[1;34mhttp-nio-8080-exec-1[m] [36mValidateCountedFractionServiceImpl[m - Start method validateMaximumLimitFractionsV1
[30m2026-08-27T14:36:57,835[m [32mINFO  [m[[1;34mhttp-nio-8080-exec-1[m] [36mValidateCountedFractionServiceImpl[m - Start method validateQuantityFractionsV1, tradeId -> 1078137
[30m2026-08-27T14:36:57,835[m [32mINFO  [m[[1;34mhttp-nio-8080-exec-1[m] [36mValidateCountedFractionServiceImpl[m - Start method validateMaximumLimitFractionsV1
[30m2026-08-27T14:36:57,835[m [32mINFO  [m[[1;34mhttp-nio-8080-exec-1[m] [36mValidateCountedFractionServiceImpl[m - Start method validateQuantityFractionsV1, tradeId -> 1076543
[30m2026-08-27T14:36:57,835[m [32mINFO  [m[[1;34mhttp-nio-8080-exec-1[m] [36mValidateCountedFractionServiceImpl[m - Start method validateMaximumLimitFractionsV1
[30m2026-08-27T14:36:57,835[m [32mINFO  [m[[1;34mhttp-nio-8080-exec-1[m] [36mValidateCountedFractionServiceImpl[m - Start method validateQuantityFractionsV1, tradeId -> 1068924
[30m2026-08-27T14:36:57,835[m [32mINFO  [m[[1;34mhttp-nio-8080-exec-1[m] [36mValidateCountedFractionServiceImpl[m - Start method validateMaximumLimitFractionsV1
[30m2026-08-27T14:36:57,835[m [32mINFO  [m[[1;34mhttp-nio-8080-exec-1[m] [36mValidateCountedFractionServiceImpl[m - Start method validateQuantityFractionsV1, tradeId -> 1076544
[30m2026-08-27T14:36:57,835[m [32mINFO  [m[[1;34mhttp-nio-8080-exec-1[m] [36mValidateCountedFractionServiceImpl[m - Start method validateMaximumLimitFractionsV1
[30m2026-08-27T14:36:57,835[m [32mINFO  [m[[1;34mhttp-nio-8080-exec-1[m] [36mValidateCountedFractionServiceImpl[m - Start method validateQuantityFractionsV1, tradeId -> 1068925
[30m2026-08-27T14:36:57,836[m [32mINFO  [m[[1;34mhttp-nio-8080-exec-1[m] [36mValidateCountedFractionServiceImpl[m - Start method validateMaximumLimitFractionsV1
[30m2026-08-27T14:36:57,836[m [32mINFO  [m[[1;34mhttp-nio-8080-exec-1[m] [36mValidateCountedFractionServiceImpl[m - Start method validateQuantityFractionsV1, tradeId -> 1076545
[30m2026-08-27T14:36:57,836[m [32mINFO  [m[[1;34mhttp-nio-8080-exec-1[m] [36mValidateCountedFractionServiceImpl[m - Start method validateMaximumLimitFractionsV1
[30m2026-08-27T14:36:57,836[m [32mINFO  [m[[1;34mhttp-nio-8080-exec-1[m] [36mValidateCountedFractionServiceImpl[m - Start method validateQuantityFractionsV1, tradeId -> 1068926
[30m2026-08-27T14:36:57,836[m [32mINFO  [m[[1;34mhttp-nio-8080-exec-1[m] [36mValidateCountedFractionServiceImpl[m - Start method validateMaximumLimitFractionsV1
[30m2026-08-27T14:36:57,836[m [32mINFO  [m[[1;34mhttp-nio-8080-exec-1[m] [36mValidateCountedFractionServiceImpl[m - Start method validateQuantityFractionsV1, tradeId -> 1077085
[30m2026-08-27T14:36:57,836[m [32mINFO  [m[[1;34mhttp-nio-8080-exec-1[m] [36mValidateCountedFractionServiceImpl[m - Start method validateMaximumLimitFractionsV1
[30m2026-08-27T14:36:57,836[m [32mINFO  [m[[1;34mhttp-nio-8080-exec-1[m] [36mValidateCountedFractionServiceImpl[m - Start method validateQuantityFractionsV1, tradeId -> 1078138
[30m2026-08-27T14:36:57,836[m [32mINFO  [m[[1;34mhttp-nio-8080-exec-1[m] [36mValidateCountedFractionServiceImpl[m - Start method validateMaximumLimitFractionsV1
[30m2026-08-27T14:36:57,836[m [32mINFO  [m[[1;34mhttp-nio-8080-exec-1[m] [36mValidateCountedFractionServiceImpl[m - Start method validateQuantityFractionsV1, tradeId -> 1076546
[30m2026-08-27T14:36:57,836[m [32mINFO  [m[[1;34mhttp-nio-8080-exec-1[m] [36mValidateCountedFractionServiceImpl[m - Start method validateMaximumLimitFractionsV1
[30m2026-08-27T14:36:57,836[m [32mINFO  [m[[1;34mhttp-nio-8080-exec-1[m] [36mValidateCountedFractionServiceImpl[m - Start method validateQuantityFractionsV1, tradeId -> 1068927
[30m2026-08-27T14:36:57,836[m [32mINFO  [m[[1;34mhttp-nio-8080-exec-1[m] [36mValidateCountedFractionServiceImpl[m - Start method validateMaximumLimitFractionsV1
[30m2026-08-27T14:36:57,836[m [32mINFO  [m[[1;34mhttp-nio-8080-exec-1[m] [36mValidateCountedFractionServiceImpl[m - Start method validateQuantityFractionsV1, tradeId -> 1076547
[30m2026-08-27T14:36:57,836[m [32mINFO  [m[[1;34mhttp-nio-8080-exec-1[m] [36mValidateCountedFractionServiceImpl[m - Start method validateMaximumLimitFractionsV1
[30m2026-08-27T14:36:57,836[m [32mINFO  [m[[1;34mhttp-nio-8080-exec-1[m] [36mValidateCountedFractionServiceImpl[m - Start method validateQuantityFractionsV1, tradeId -> 1076548
[30m2026-08-27T14:36:57,836[m [32mINFO  [m[[1;34mhttp-nio-8080-exec-1[m] [36mValidateCountedFractionServiceImpl[m - Start method validateMaximumLimitFractionsV1
[30m2026-08-27T14:36:57,836[m [32mINFO  [m[[1;34mhttp-nio-8080-exec-1[m] [36mValidateCountedFractionServiceImpl[m - Start method validateQuantityFractionsV1, tradeId -> 1076549
[30m2026-08-27T14:36:57,836[m [32mINFO  [m[[1;34mhttp-nio-8080-exec-1[m] [36mValidateCountedFractionServiceImpl[m - Start method validateMaximumLimitFractionsV1
[30m2026-08-27T14:36:57,836[m [32mINFO  [m[[1;34mhttp-nio-8080-exec-1[m] [36mValidateCountedFractionServiceImpl[m - Start method validateQuantityFractionsV1, tradeId -> 1073716
[30m2026-08-27T14:36:57,836[m [32mINFO  [m[[1;34mhttp-nio-8080-exec-1[m] [36mValidateCountedFractionServiceImpl[m - Start method validateMaximumLimitFractionsV1
[30m2026-08-27T14:36:57,836[m [32mINFO  [m[[1;34mhttp-nio-8080-exec-1[m] [36mValidateCountedFractionServiceImpl[m - Start method validateQuantityFractionsV1, tradeId -> 1078139
[30m2026-08-27T14:36:57,836[m [32mINFO  [m[[1;34mhttp-nio-8080-exec-1[m] [36mValidateCountedFractionServiceImpl[m - Start method validateMaximumLimitFractionsV1
[30m2026-08-27T14:36:57,836[m [32mINFO  [m[[1;34mhttp-nio-8080-exec-1[m] [36mValidateCountedFractionServiceImpl[m - Start method validateQuantityFractionsV1, tradeId -> 1077086
[30m2026-08-27T14:36:57,836[m [32mINFO  [m[[1;34mhttp-nio-8080-exec-1[m] [36mValidateCountedFractionServiceImpl[m - Start method validateMaximumLimitFractionsV1
[30m2026-08-27T14:36:57,836[m [32mINFO  [m[[1;34mhttp-nio-8080-exec-1[m] [36mValidateCountedFractionServiceImpl[m - Start method validateQuantityFractionsV1, tradeId -> 1073717
[30m2026-08-27T14:36:57,836[m [32mINFO  [m[[1;34mhttp-nio-8080-exec-1[m] [36mValidateCountedFractionServiceImpl[m - Start method validateMaximumLimitFractionsV1
[30m2026-08-27T14:36:57,836[m [32mINFO  [m[[1;34mhttp-nio-8080-exec-1[m] [36mValidateCountedFractionServiceImpl[m - Start method validateQuantityFractionsV1, tradeId -> 1077087
[30m2026-08-27T14:36:57,836[m [32mINFO  [m[[1;34mhttp-nio-8080-exec-1[m] [36mValidateCountedFractionServiceImpl[m - Start method validateMaximumLimitFractionsV1
[30m2026-08-27T14:36:57,836[m [32mINFO  [m[[1;34mhttp-nio-8080-exec-1[m] [36mValidateCountedFractionServiceImpl[m - Start method validateQuantityFractionsV1, tradeId -> 1076550
[30m2026-08-27T14:36:57,836[m [32mINFO  [m[[1;34mhttp-nio-8080-exec-1[m] [36mValidateCountedFractionServiceImpl[m - Start method validateMaximumLimitFractionsV1
[30m2026-08-27T14:36:57,837[m [32mINFO  [m[[1;34mhttp-nio-8080-exec-1[m] [36mValidateCountedFractionServiceImpl[m - Start method validateQuantityFractionsV1, tradeId -> 1073718
[30m2026-08-27T14:36:57,837[m [32mINFO  [m[[1;34mhttp-nio-8080-exec-1[m] [36mValidateCountedFractionServiceImpl[m - Start method validateMaximumLimitFractionsV1
[30m2026-08-27T14:36:57,837[m [32mINFO  [m[[1;34mhttp-nio-8080-exec-1[m] [36mValidateCountedFractionServiceImpl[m - Start method validateQuantityFractionsV1, tradeId -> 1077088
[30m2026-08-27T14:36:57,837[m [32mINFO  [m[[1;34mhttp-nio-8080-exec-1[m] [36mValidateCountedFractionServiceImpl[m - Start method validateMaximumLimitFractionsV1
[30m2026-08-27T14:36:57,837[m [32mINFO  [m[[1;34mhttp-nio-8080-exec-1[m] [36mValidateCountedFractionServiceImpl[m - Start method validateQuantityFractionsV1, tradeId -> 1078140
[30m2026-08-27T14:36:57,837[m [32mINFO  [m[[1;34mhttp-nio-8080-exec-1[m] [36mValidateCountedFractionServiceImpl[m - Start method validateMaximumLimitFractionsV1
[30m2026-08-27T14:36:57,837[m [32mINFO  [m[[1;34mhttp-nio-8080-exec-1[m] [36mValidateCountedFractionServiceImpl[m - Start method validateQuantityFractionsV1, tradeId -> 1073719
[30m2026-08-27T14:36:57,837[m [32mINFO  [m[[1;34mhttp-nio-8080-exec-1[m] [36mValidateCountedFractionServiceImpl[m - Start method validateMaximumLimitFractionsV1
[30m2026-08-27T14:36:57,837[m [32mINFO  [m[[1;34mhttp-nio-8080-exec-1[m] [36mValidateCountedFractionServiceImpl[m - Start method validateQuantityFractionsV1, tradeId -> 1077089
[30m2026-08-27T14:36:57,837[m [32mINFO  [m[[1;34mhttp-nio-8080-exec-1[m] [36mValidateCountedFractionServiceImpl[m - Start method validateMaximumLimitFractionsV1
[30m2026-08-27T14:36:57,837[m [32mINFO  [m[[1;34mhttp-nio-8080-exec-1[m] [36mValidateCountedFractionServiceImpl[m - Start method validateQuantityFractionsV1, tradeId -> 1076551
[30m2026-08-27T14:36:57,837[m [32mINFO  [m[[1;34mhttp-nio-8080-exec-1[m] [36mValidateCountedFractionServiceImpl[m - Start method validateMaximumLimitFractionsV1
[30m2026-08-27T14:36:57,837[m [32mINFO  [m[[1;34mhttp-nio-8080-exec-1[m] [36mFractionationCountedServiceImpl[m - PERF_ASSIGNMENT_VALIDATION_BATCH batchId=a58d2fc2-d636-4e09-a467-e1ae337f8302 inputCount=50 validCount=50 invalidCount=0 uniqueTrades=50 uniqueSides=1 uniqueParticipants=1 titleAccountResolutionRequests=50 titleAccountUniqueBusinessKeys=1 settlementLookupRequests=50 settlementUniqueTradeSides=50 settlementRepositoryCalls=1 settlementRowsLoaded=0 settlementPrefetchMs=2 cudLookupRequests=0 cudUniqueTradeSides=0 cudUniqueBusinessKeys=0 cudRepositoryCalls=0 cudRowsLoaded=0 cudPrefetchMs=0 tradePrefetchMs=282 sidePrefetchMs=0 participantPrefetchMs=11 accountResolutionMs=16 accountPrefetchMs=9 businessValidationMs=6 totalMs=328
[30m2026-08-27T14:36:57,837[m [32mINFO  [m[[1;34mhttp-nio-8080-exec-1[m] [36mRestClientUtils[m - Client [POST] http://operaciones-fracciones-contado-back-service/operations-fractionation-api/v1/fractionation/batch
[30m2026-08-27T14:36:59,549[m [32mINFO  [m[[1;34mhttp-nio-8080-exec-1[m] [36mFractionationCountedServiceImpl[m - PERF_ASSIGNMENT_BATCH service=cmd batchId=a58d2fc2-d636-4e09-a467-e1ae337f8302 mode=RAW_VALIDATED configuredMaxBatchSize=80 receivedBatchSize=50 processedCount=50 successCount=50 failureCount=0 fractionationMs=1711 totalMs=1711
[30m2026-08-27T14:36:59,549[m [32mINFO  [m[[1;34mhttp-nio-8080-exec-1[m] [36mFractionationCountedServiceImpl[m - PERF_ASSIGNMENT_BATCH service=cmd batchId=a58d2fc2-d636-4e09-a467-e1ae337f8302 mode=RAW configuredMaxBatchSize=80 receivedBatchSize=50 validCount=50 invalidCount=0 sentToFractionationCount=50 successCount=50 failureCount=0 totalMs=2040
[30m2026-08-27T14:36:59,551[m [32mINFO  [m[[1;34mhttp-nio-8080-exec-1[m] [36mGlobalFilter[m - Request [POST /operations-cmd-api/v1/fractionation/counted-operation/batch] completed in 2045 ms with status 200
[30m2026-08-27T14:36:59,579[m [32mINFO  [m[[1;34mhttp-nio-8080-exec-2[m] [36mGlobalFilter[m - ----------- Client User: operaciones-orquestador-ext-back ----------
[30m2026-08-27T14:36:59,882[m [32mINFO  [m[[1;34mhttp-nio-8080-exec-2[m] [36mValidateCountedFractionServiceImpl[m - Start method validateAccountFractionAssignmentV1, accountNumber -> 4021801, tradeId -> 1076552, sideId -> 1, originId -> 122, isLocalCorrection -> false
[30m2026-08-27T14:36:59,883[m [32mINFO  [m[[1;34mhttp-nio-8080-exec-2[m] [36mValidateCountedFractionServiceImpl[m - Searching participant account assignment for accountNumber -> 4021801, participantId -> 15, depositoryId -> 1
[30m2026-08-27T14:36:59,885[m [32mINFO  [m[[1;34mhttp-nio-8080-exec-2[m] [36mValidateCountedFractionServiceImpl[m - No participant account found for accountNumber -> 4021801
[30m2026-08-27T14:36:59,896[m [32mINFO  [m[[1;34mhttp-nio-8080-exec-2[m] [36mValidateCountedFractionServiceImpl[m - End method validateAccountFractionAssignmentV1, fractionAccountOutDto -> FractionAccountOutDto(participantAccount=null, investorAccount=InvestorAccountOutDto(id=57, investor=InvestorOutDto(id=167, code=CL00000001, firstName=Prueba Nombre 1, lastName=Prueba Nombre 2, companyName=TERCERO3509748, type=TypeOutDto(id=2, description=JURIDICO, category=PERSONA), status=StatusOutDto(id=515, description=ACTIVO, category=INVERSIONISTA, shortName=null), country=CountryOutDto(id=35, code=CL, name=CHILE, currency=CurrencyOutDto(id=30, code=CLP, name=PESO CHILENO), timeZone=UTC -3), documentNumber=8605303170, identificationType=IdentificationTypeOutDto(id=5, description=CEDULA DE CIUDADANÍA, code=CC), nationality=35, clearinghouseCode=null, gics=null, moneyLaunderingFlag=null, taxStatus=null), accountNumber=4021801, accountName=AMBIENTE 3  PRUEBA 3, status=StatusOutDto(id=570, description=ACTIVO, category=CUENTA_INVERSIONISTA, shortName=null), originType=TypeOutDto(id=120, description=TERCEROS, category=ORIGEN PUNTA), type=TypeOutDto(id=26, description=CUENTA DEPOSITO, category=CUENTA DEPOSITO), depository=DepositoryOutDto(id=1, description=DVL), participant=null, taxExemp=false), sourceQuoteType=TypeOutDto(id=120, description=TERCEROS, category=ORIGEN PUNTA), fiduciarySpecialist=false, jointAccount=false, masterAccount=false, custodian=null, milaDirectDepositor=null)
[30m2026-08-27T14:36:59,913[m [32mINFO  [m[[1;34mhttp-nio-8080-exec-2[m] [36mValidateCountedFractionServiceImpl[m - Start method validateQuantityFractionsV1, tradeId -> 1076552
[30m2026-08-27T14:36:59,913[m [32mINFO  [m[[1;34mhttp-nio-8080-exec-2[m] [36mValidateCountedFractionServiceImpl[m - Start method validateMaximumLimitFractionsV1
[30m2026-08-27T14:36:59,913[m [32mINFO  [m[[1;34mhttp-nio-8080-exec-2[m] [36mValidateCountedFractionServiceImpl[m - Start method validateQuantityFractionsV1, tradeId -> 1073720
[30m2026-08-27T14:36:59,913[m [32mINFO  [m[[1;34mhttp-nio-8080-exec-2[m] [36mValidateCountedFractionServiceImpl[m - Start method validateMaximumLimitFractionsV1
[30m2026-08-27T14:36:59,913[m [32mINFO  [m[[1;34mhttp-nio-8080-exec-2[m] [36mValidateCountedFractionServiceImpl[m - Start method validateQuantityFractionsV1, tradeId -> 1068928
[30m2026-08-27T14:36:59,913[m [32mINFO  [m[[1;34mhttp-nio-8080-exec-2[m] [36mValidateCountedFractionServiceImpl[m - Start method validateMaximumLimitFractionsV1
[30m2026-08-27T14:36:59,913[m [32mINFO  [m[[1;34mhttp-nio-8080-exec-2[m] [36mValidateCountedFractionServiceImpl[m - Start method validateQuantityFractionsV1, tradeId -> 1068929
[30m2026-08-27T14:36:59,913[m [32mINFO  [m[[1;34mhttp-nio-8080-exec-2[m] [36mValidateCountedFractionServiceImpl[m - Start method validateMaximumLimitFractionsV1
[30m2026-08-27T14:36:59,914[m [32mINFO  [m[[1;34mhttp-nio-8080-exec-2[m] [36mValidateCountedFractionServiceImpl[m - Start method validateQuantityFractionsV1, tradeId -> 1068930
[30m2026-08-27T14:36:59,914[m [32mINFO  [m[[1;34mhttp-nio-8080-exec-2[m] [36mValidateCountedFractionServiceImpl[m - Start method validateMaximumLimitFractionsV1
[30m2026-08-27T14:36:59,914[m [32mINFO  [m[[1;34mhttp-nio-8080-exec-2[m] [36mValidateCountedFractionServiceImpl[m - Start method validateQuantityFractionsV1, tradeId -> 1076553
[30m2026-08-27T14:36:59,914[m [32mINFO  [m[[1;34mhttp-nio-8080-exec-2[m] [36mValidateCountedFractionServiceImpl[m - Start method validateMaximumLimitFractionsV1
[30m2026-08-27T14:36:59,914[m [32mINFO  [m[[1;34mhttp-nio-8080-exec-2[m] [36mValidateCountedFractionServiceImpl[m - Start method validateQuantityFractionsV1, tradeId -> 1073728
[30m2026-08-27T14:36:59,914[m [32mINFO  [m[[1;34mhttp-nio-8080-exec-2[m] [36mValidateCountedFractionServiceImpl[m - Start method validateMaximumLimitFractionsV1
[30m2026-08-27T14:36:59,914[m [32mINFO  [m[[1;34mhttp-nio-8080-exec-2[m] [36mValidateCountedFractionServiceImpl[m - Start method validateQuantityFractionsV1, tradeId -> 1076558
[30m2026-08-27T14:36:59,914[m [32mINFO  [m[[1;34mhttp-nio-8080-exec-2[m] [36mValidateCountedFractionServiceImpl[m - Start method validateMaximumLimitFractionsV1
[30m2026-08-27T14:36:59,914[m [32mINFO  [m[[1;34mhttp-nio-8080-exec-2[m] [36mValidateCountedFractionServiceImpl[m - Start method validateQuantityFractionsV1, tradeId -> 1073730
[30m2026-08-27T14:36:59,914[m [32mINFO  [m[[1;34mhttp-nio-8080-exec-2[m] [36mValidateCountedFractionServiceImpl[m - Start method validateMaximumLimitFractionsV1
[30m2026-08-27T14:36:59,914[m [32mINFO  [m[[1;34mhttp-nio-8080-exec-2[m] [36mValidateCountedFractionServiceImpl[m - Start method validateQuantityFractionsV1, tradeId -> 1077095
[30m2026-08-27T14:36:59,914[m [32mINFO  [m[[1;34mhttp-nio-8080-exec-2[m] [36mValidateCountedFractionServiceImpl[m - Start method validateMaximumLimitFractionsV1
[30m2026-08-27T14:36:59,914[m [32mINFO  [m[[1;34mhttp-nio-8080-exec-2[m] [36mValidateCountedFractionServiceImpl[m - Start method validateQuantityFractionsV1, tradeId -> 1078142
[30m2026-08-27T14:36:59,914[m [32mINFO  [m[[1;34mhttp-nio-8080-exec-2[m] [36mValidateCountedFractionServiceImpl[m - Start method validateMaximumLimitFractionsV1
[30m2026-08-27T14:36:59,914[m [32mINFO  [m[[1;34mhttp-nio-8080-exec-2[m] [36mValidateCountedFractionServiceImpl[m - Start method validateQuantityFractionsV1, tradeId -> 1068937
[30m2026-08-27T14:36:59,914[m [32mINFO  [m[[1;34mhttp-nio-8080-exec-2[m] [36mValidateCountedFractionServiceImpl[m - Start method validateMaximumLimitFractionsV1
[30m2026-08-27T14:36:59,914[m [32mINFO  [m[[1;34mhttp-nio-8080-exec-2[m] [36mValidateCountedFractionServiceImpl[m - Start method validateQuantityFractionsV1, tradeId -> 1078143
[30m2026-08-27T14:36:59,914[m [32mINFO  [m[[1;34mhttp-nio-8080-exec-2[m] [36mValidateCountedFractionServiceImpl[m - Start method validateMaximumLimitFractionsV1
[30m2026-08-27T14:36:59,914[m [32mINFO  [m[[1;34mhttp-nio-8080-exec-2[m] [36mValidateCountedFractionServiceImpl[m - Start method validateQuantityFractionsV1, tradeId -> 1077096
[30m2026-08-27T14:36:59,914[m [32mINFO  [m[[1;34mhttp-nio-8080-exec-2[m] [36mValidateCountedFractionServiceImpl[m - Start method validateMaximumLimitFractionsV1
[30m2026-08-27T14:36:59,915[m [32mINFO  [m[[1;34mhttp-nio-8080-exec-2[m] [36mValidateCountedFractionServiceImpl[m - Start method validateQuantityFractionsV1, tradeId -> 1076560
[30m2026-08-27T14:36:59,915[m [32mINFO  [m[[1;34mhttp-nio-8080-exec-2[m] [36mValidateCountedFractionServiceImpl[m - Start method validateMaximumLimitFractionsV1
[30m2026-08-27T14:36:59,915[m [32mINFO  [m[[1;34mhttp-nio-8080-exec-2[m] [36mValidateCountedFractionServiceImpl[m - Start method validateQuantityFractionsV1, tradeId -> 1073731
[30m2026-08-27T14:36:59,915[m [32mINFO  [m[[1;34mhttp-nio-8080-exec-2[m] [36mValidateCountedFractionServiceImpl[m - Start method validateMaximumLimitFractionsV1
[30m2026-08-27T14:36:59,915[m [32mINFO  [m[[1;34mhttp-nio-8080-exec-2[m] [36mValidateCountedFractionServiceImpl[m - Start method validateQuantityFractionsV1, tradeId -> 1068941
[30m2026-08-27T14:36:59,915[m [32mINFO  [m[[1;34mhttp-nio-8080-exec-2[m] [36mValidateCountedFractionServiceImpl[m - Start method validateMaximumLimitFractionsV1
[30m2026-08-27T14:36:59,915[m [32mINFO  [m[[1;34mhttp-nio-8080-exec-2[m] [36mValidateCountedFractionServiceImpl[m - Start method validateQuantityFractionsV1, tradeId -> 1068942
[30m2026-08-27T14:36:59,915[m [32mINFO  [m[[1;34mhttp-nio-8080-exec-2[m] [36mValidateCountedFractionServiceImpl[m - Start method validateMaximumLimitFractionsV1
[30m2026-08-27T14:36:59,915[m [32mINFO  [m[[1;34mhttp-nio-8080-exec-2[m] [36mValidateCountedFractionServiceImpl[m - Start method validateQuantityFractionsV1, tradeId -> 1076561
[30m2026-08-27T14:36:59,915[m [32mINFO  [m[[1;34mhttp-nio-8080-exec-2[m] [36mValidateCountedFractionServiceImpl[m - Start method validateMaximumLimitFractionsV1
[30m2026-08-27T14:36:59,915[m [32mINFO  [m[[1;34mhttp-nio-8080-exec-2[m] [36mValidateCountedFractionServiceImpl[m - Start method validateQuantityFractionsV1, tradeId -> 1068943
[30m2026-08-27T14:36:59,915[m [32mINFO  [m[[1;34mhttp-nio-8080-exec-2[m] [36mValidateCountedFractionServiceImpl[m - Start method validateMaximumLimitFractionsV1
[30m2026-08-27T14:36:59,916[m [32mINFO  [m[[1;34mhttp-nio-8080-exec-2[m] [36mValidateCountedFractionServiceImpl[m - Start method validateQuantityFractionsV1, tradeId -> 1076562
[30m2026-08-27T14:36:59,916[m [32mINFO  [m[[1;34mhttp-nio-8080-exec-2[m] [36mValidateCountedFractionServiceImpl[m - Start method validateMaximumLimitFractionsV1
[30m2026-08-27T14:36:59,916[m [32mINFO  [m[[1;34mhttp-nio-8080-exec-2[m] [36mValidateCountedFractionServiceImpl[m - Start method validateQuantityFractionsV1, tradeId -> 1068944
[30m2026-08-27T14:36:59,916[m [32mINFO  [m[[1;34mhttp-nio-8080-exec-2[m] [36mValidateCountedFractionServiceImpl[m - Start method validateMaximumLimitFractionsV1
[30m2026-08-27T14:36:59,916[m [32mINFO  [m[[1;34mhttp-nio-8080-exec-2[m] [36mValidateCountedFractionServiceImpl[m - Start method validateQuantityFractionsV1, tradeId -> 1076563
[30m2026-08-27T14:36:59,916[m [32mINFO  [m[[1;34mhttp-nio-8080-exec-2[m] [36mValidateCountedFractionServiceImpl[m - Start method validateMaximumLimitFractionsV1
[30m2026-08-27T14:36:59,916[m [32mINFO  [m[[1;34mhttp-nio-8080-exec-2[m] [36mValidateCountedFractionServiceImpl[m - Start method validateQuantityFractionsV1, tradeId -> 1068945
[30m2026-08-27T14:36:59,916[m [32mINFO  [m[[1;34mhttp-nio-8080-exec-2[m] [36mValidateCountedFractionServiceImpl[m - Start method validateMaximumLimitFractionsV1
[30m2026-08-27T14:36:59,916[m [32mINFO  [m[[1;34mhttp-nio-8080-exec-2[m] [36mValidateCountedFractionServiceImpl[m - Start method validateQuantityFractionsV1, tradeId -> 1078146
[30m2026-08-27T14:36:59,916[m [32mINFO  [m[[1;34mhttp-nio-8080-exec-2[m] [36mValidateCountedFractionServiceImpl[m - Start method validateMaximumLimitFractionsV1
[30m2026-08-27T14:36:59,916[m [32mINFO  [m[[1;34mhttp-nio-8080-exec-2[m] [36mValidateCountedFractionServiceImpl[m - Start method validateQuantityFractionsV1, tradeId -> 1073734
[30m2026-08-27T14:36:59,916[m [32mINFO  [m[[1;34mhttp-nio-8080-exec-2[m] [36mValidateCountedFractionServiceImpl[m - Start method validateMaximumLimitFractionsV1
[30m2026-08-27T14:36:59,916[m [32mINFO  [m[[1;34mhttp-nio-8080-exec-2[m] [36mValidateCountedFractionServiceImpl[m - Start method validateQuantityFractionsV1, tradeId -> 1076564
[30m2026-08-27T14:36:59,916[m [32mINFO  [m[[1;34mhttp-nio-8080-exec-2[m] [36mValidateCountedFractionServiceImpl[m - Start method validateMaximumLimitFractionsV1
[30m2026-08-27T14:36:59,916[m [32mINFO  [m[[1;34mhttp-nio-8080-exec-2[m] [36mValidateCountedFractionServiceImpl[m - Start method validateQuantityFractionsV1, tradeId -> 1078147
[30m2026-08-27T14:36:59,916[m [32mINFO  [m[[1;34mhttp-nio-8080-exec-2[m] [36mValidateCountedFractionServiceImpl[m - Start method validateMaximumLimitFractionsV1
[30m2026-08-27T14:36:59,916[m [32mINFO  [m[[1;34mhttp-nio-8080-exec-2[m] [36mValidateCountedFractionServiceImpl[m - Start method validateQuantityFractionsV1, tradeId -> 1068946
[30m2026-08-27T14:36:59,916[m [32mINFO  [m[[1;34mhttp-nio-8080-exec-2[m] [36mValidateCountedFractionServiceImpl[m - Start method validateMaximumLimitFractionsV1
[30m2026-08-27T14:36:59,916[m [32mINFO  [m[[1;34mhttp-nio-8080-exec-2[m] [36mValidateCountedFractionServiceImpl[m - Start method validateQuantityFractionsV1, tradeId -> 1076565
[30m2026-08-27T14:36:59,916[m [32mINFO  [m[[1;34mhttp-nio-8080-exec-2[m] [36mValidateCountedFractionServiceImpl[m - Start method validateMaximumLimitFractionsV1
[30m2026-08-27T14:36:59,917[m [32mINFO  [m[[1;34mhttp-nio-8080-exec-2[m] [36mValidateCountedFractionServiceImpl[m - Start method validateQuantityFractionsV1, tradeId -> 1068947
[30m2026-08-27T14:36:59,917[m [32mINFO  [m[[1;34mhttp-nio-8080-exec-2[m] [36mValidateCountedFractionServiceImpl[m - Start method validateMaximumLimitFractionsV1
[30m2026-08-27T14:36:59,917[m [32mINFO  [m[[1;34mhttp-nio-8080-exec-2[m] [36mValidateCountedFractionServiceImpl[m - Start method validateQuantityFractionsV1, tradeId -> 1077100
[30m2026-08-27T14:36:59,917[m [32mINFO  [m[[1;34mhttp-nio-8080-exec-2[m] [36mValidateCountedFractionServiceImpl[m - Start method validateMaximumLimitFractionsV1
[30m2026-08-27T14:36:59,917[m [32mINFO  [m[[1;34mhttp-nio-8080-exec-2[m] [36mValidateCountedFractionServiceImpl[m - Start method validateQuantityFractionsV1, tradeId -> 1073736
[30m2026-08-27T14:36:59,917[m [32mINFO  [m[[1;34mhttp-nio-8080-exec-2[m] [36mValidateCountedFractionServiceImpl[m - Start method validateMaximumLimitFractionsV1
[30m2026-08-27T14:36:59,917[m [32mINFO  [m[[1;34mhttp-nio-8080-exec-2[m] [36mValidateCountedFractionServiceImpl[m - Start method validateQuantityFractionsV1, tradeId -> 1077101
[30m2026-08-27T14:36:59,917[m [32mINFO  [m[[1;34mhttp-nio-8080-exec-2[m] [36mValidateCountedFractionServiceImpl[m - Start method validateMaximumLimitFractionsV1
[30m2026-08-27T14:36:59,917[m [32mINFO  [m[[1;34mhttp-nio-8080-exec-2[m] [36mValidateCountedFractionServiceImpl[m - Start method validateQuantityFractionsV1, tradeId -> 1068948
[30m2026-08-27T14:36:59,917[m [32mINFO  [m[[1;34mhttp-nio-8080-exec-2[m] [36mValidateCountedFractionServiceImpl[m - Start method validateMaximumLimitFractionsV1
[30m2026-08-27T14:36:59,917[m [32mINFO  [m[[1;34mhttp-nio-8080-exec-2[m] [36mValidateCountedFractionServiceImpl[m - Start method validateQuantityFractionsV1, tradeId -> 1076566
[30m2026-08-27T14:36:59,917[m [32mINFO  [m[[1;34mhttp-nio-8080-exec-2[m] [36mValidateCountedFractionServiceImpl[m - Start method validateMaximumLimitFractionsV1
[30m2026-08-27T14:36:59,917[m [32mINFO  [m[[1;34mhttp-nio-8080-exec-2[m] [36mValidateCountedFractionServiceImpl[m - Start method validateQuantityFractionsV1, tradeId -> 1068949
[30m2026-08-27T14:36:59,917[m [32mINFO  [m[[1;34mhttp-nio-8080-exec-2[m] [36mValidateCountedFractionServiceImpl[m - Start method validateMaximumLimitFractionsV1
[30m2026-08-27T14:36:59,917[m [32mINFO  [m[[1;34mhttp-nio-8080-exec-2[m] [36mValidateCountedFractionServiceImpl[m - Start method validateQuantityFractionsV1, tradeId -> 1073738
[30m2026-08-27T14:36:59,917[m [32mINFO  [m[[1;34mhttp-nio-8080-exec-2[m] [36mValidateCountedFractionServiceImpl[m - Start method validateMaximumLimitFractionsV1
[30m2026-08-27T14:36:59,917[m [32mINFO  [m[[1;34mhttp-nio-8080-exec-2[m] [36mValidateCountedFractionServiceImpl[m - Start method validateQuantityFractionsV1, tradeId -> 1073740
[30m2026-08-27T14:36:59,917[m [32mINFO  [m[[1;34mhttp-nio-8080-exec-2[m] [36mValidateCountedFractionServiceImpl[m - Start method validateMaximumLimitFractionsV1
[30m2026-08-27T14:36:59,917[m [32mINFO  [m[[1;34mhttp-nio-8080-exec-2[m] [36mValidateCountedFractionServiceImpl[m - Start method validateQuantityFractionsV1, tradeId -> 1068955
[30m2026-08-27T14:36:59,917[m [32mINFO  [m[[1;34mhttp-nio-8080-exec-2[m] [36mValidateCountedFractionServiceImpl[m - Start method validateMaximumLimitFractionsV1
[30m2026-08-27T14:36:59,917[m [32mINFO  [m[[1;34mhttp-nio-8080-exec-2[m] [36mValidateCountedFractionServiceImpl[m - Start method validateQuantityFractionsV1, tradeId -> 1068958
[30m2026-08-27T14:36:59,917[m [32mINFO  [m[[1;34mhttp-nio-8080-exec-2[m] [36mValidateCountedFractionServiceImpl[m - Start method validateMaximumLimitFractionsV1
[30m2026-08-27T14:36:59,917[m [32mINFO  [m[[1;34mhttp-nio-8080-exec-2[m] [36mValidateCountedFractionServiceImpl[m - Start method validateQuantityFractionsV1, tradeId -> 1076573
[30m2026-08-27T14:36:59,918[m [32mINFO  [m[[1;34mhttp-nio-8080-exec-2[m] [36mValidateCountedFractionServiceImpl[m - Start method validateMaximumLimitFractionsV1
[30m2026-08-27T14:36:59,918[m [32mINFO  [m[[1;34mhttp-nio-8080-exec-2[m] [36mValidateCountedFractionServiceImpl[m - Start method validateQuantityFractionsV1, tradeId -> 1076574
[30m2026-08-27T14:36:59,918[m [32mINFO  [m[[1;34mhttp-nio-8080-exec-2[m] [36mValidateCountedFractionServiceImpl[m - Start method validateMaximumLimitFractionsV1
[30m2026-08-27T14:36:59,918[m [32mINFO  [m[[1;34mhttp-nio-8080-exec-2[m] [36mValidateCountedFractionServiceImpl[m - Start method validateQuantityFractionsV1, tradeId -> 1077107
[30m2026-08-27T14:36:59,918[m [32mINFO  [m[[1;34mhttp-nio-8080-exec-2[m] [36mValidateCountedFractionServiceImpl[m - Start method validateMaximumLimitFractionsV1
[30m2026-08-27T14:36:59,918[m [32mINFO  [m[[1;34mhttp-nio-8080-exec-2[m] [36mValidateCountedFractionServiceImpl[m - Start method validateQuantityFractionsV1, tradeId -> 1068960
[30m2026-08-27T14:36:59,918[m [32mINFO  [m[[1;34mhttp-nio-8080-exec-2[m] [36mValidateCountedFractionServiceImpl[m - Start method validateMaximumLimitFractionsV1
[30m2026-08-27T14:36:59,918[m [32mINFO  [m[[1;34mhttp-nio-8080-exec-2[m] [36mValidateCountedFractionServiceImpl[m - Start method validateQuantityFractionsV1, tradeId -> 1077108
[30m2026-08-27T14:36:59,918[m [32mINFO  [m[[1;34mhttp-nio-8080-exec-2[m] [36mValidateCountedFractionServiceImpl[m - Start method validateMaximumLimitFractionsV1
[30m2026-08-27T14:36:59,918[m [32mINFO  [m[[1;34mhttp-nio-8080-exec-2[m] [36mValidateCountedFractionServiceImpl[m - Start method validateQuantityFractionsV1, tradeId -> 1077109
[30m2026-08-27T14:36:59,918[m [32mINFO  [m[[1;34mhttp-nio-8080-exec-2[m] [36mValidateCountedFractionServiceImpl[m - Start method validateMaximumLimitFractionsV1
[30m2026-08-27T14:36:59,918[m [32mINFO  [m[[1;34mhttp-nio-8080-exec-2[m] [36mValidateCountedFractionServiceImpl[m - Start method validateQuantityFractionsV1, tradeId -> 1076575
[30m2026-08-27T14:36:59,918[m [32mINFO  [m[[1;34mhttp-nio-8080-exec-2[m] [36mValidateCountedFractionServiceImpl[m - Start method validateMaximumLimitFractionsV1
[30m2026-08-27T14:36:59,918[m [32mINFO  [m[[1;34mhttp-nio-8080-exec-2[m] [36mValidateCountedFractionServiceImpl[m - Start method validateQuantityFractionsV1, tradeId -> 1078152
[30m2026-08-27T14:36:59,918[m [32mINFO  [m[[1;34mhttp-nio-8080-exec-2[m] [36mValidateCountedFractionServiceImpl[m - Start method validateMaximumLimitFractionsV1
[30m2026-08-27T14:36:59,918[m [32mINFO  [m[[1;34mhttp-nio-8080-exec-2[m] [36mValidateCountedFractionServiceImpl[m - Start method validateQuantityFractionsV1, tradeId -> 1076580
[30m2026-08-27T14:36:59,918[m [32mINFO  [m[[1;34mhttp-nio-8080-exec-2[m] [36mValidateCountedFractionServiceImpl[m - Start method validateMaximumLimitFractionsV1
[30m2026-08-27T14:36:59,919[m [32mINFO  [m[[1;34mhttp-nio-8080-exec-2[m] [36mFractionationCountedServiceImpl[m - PERF_ASSIGNMENT_VALIDATION_BATCH batchId=5ba5c2fa-6f4c-4648-b155-e85638912a6b inputCount=50 validCount=50 invalidCount=0 uniqueTrades=50 uniqueSides=1 uniqueParticipants=1 titleAccountResolutionRequests=50 titleAccountUniqueBusinessKeys=1 settlementLookupRequests=50 settlementUniqueTradeSides=50 settlementRepositoryCalls=1 settlementRowsLoaded=0 settlementPrefetchMs=2 cudLookupRequests=0 cudUniqueTradeSides=0 cudUniqueBusinessKeys=0 cudRepositoryCalls=0 cudRowsLoaded=0 cudPrefetchMs=0 tradePrefetchMs=289 sidePrefetchMs=0 participantPrefetchMs=11 accountResolutionMs=14 accountPrefetchMs=10 businessValidationMs=8 totalMs=337
[30m2026-08-27T14:36:59,919[m [32mINFO  [m[[1;34mhttp-nio-8080-exec-2[m] [36mRestClientUtils[m - Client [POST] http://operaciones-fracciones-contado-back-service/operations-fractionation-api/v1/fractionation/batch
[30m2026-08-27T14:37:01,727[m [32mINFO  [m[[1;34mhttp-nio-8080-exec-2[m] [36mFractionationCountedServiceImpl[m - PERF_ASSIGNMENT_BATCH service=cmd batchId=5ba5c2fa-6f4c-4648-b155-e85638912a6b mode=RAW_VALIDATED configuredMaxBatchSize=80 receivedBatchSize=50 processedCount=50 successCount=50 failureCount=0 fractionationMs=1807 totalMs=1807
[30m2026-08-27T14:37:01,727[m [32mINFO  [m[[1;34mhttp-nio-8080-exec-2[m] [36mFractionationCountedServiceImpl[m - PERF_ASSIGNMENT_BATCH service=cmd batchId=5ba5c2fa-6f4c-4648-b155-e85638912a6b mode=RAW configuredMaxBatchSize=80 receivedBatchSize=50 validCount=50 invalidCount=0 sentToFractionationCount=50 successCount=50 failureCount=0 totalMs=2146
[30m2026-08-27T14:37:01,728[m [32mINFO  [m[[1;34mhttp-nio-8080-exec-2[m] [36mGlobalFilter[m - Request [POST /operations-cmd-api/v1/fractionation/counted-operation/batch] completed in 2149 ms with status 200
[30m2026-08-27T14:37:01,773[m [32mINFO  [m[[1;34mhttp-nio-8080-exec-3[m] [36mGlobalFilter[m - ----------- Client User: operaciones-orquestador-ext-back ----------
[30m2026-08-27T14:37:02,148[m [32mINFO  [m[[1;34mhttp-nio-8080-exec-3[m] [36mValidateCountedFractionServiceImpl[m - Start method validateAccountFractionAssignmentV1, accountNumber -> 4021801, tradeId -> 1078159, sideId -> 1, originId -> 122, isLocalCorrection -> false
[30m2026-08-27T14:37:02,150[m [32mINFO  [m[[1;34mhttp-nio-8080-exec-3[m] [36mValidateCountedFractionServiceImpl[m - Searching participant account assignment for accountNumber -> 4021801, participantId -> 15, depositoryId -> 1
[30m2026-08-27T14:37:02,154[m [32mINFO  [m[[1;34mhttp-nio-8080-exec-3[m] [36mValidateCountedFractionServiceImpl[m - No participant account found for accountNumber -> 4021801
[30m2026-08-27T14:37:02,172[m [32mINFO  [m[[1;34mhttp-nio-8080-exec-3[m] [36mValidateCountedFractionServiceImpl[m - End method validateAccountFractionAssignmentV1, fractionAccountOutDto -> FractionAccountOutDto(participantAccount=null, investorAccount=InvestorAccountOutDto(id=57, investor=InvestorOutDto(id=167, code=CL00000001, firstName=Prueba Nombre 1, lastName=Prueba Nombre 2, companyName=TERCERO3509748, type=TypeOutDto(id=2, description=JURIDICO, category=PERSONA), status=StatusOutDto(id=515, description=ACTIVO, category=INVERSIONISTA, shortName=null), country=CountryOutDto(id=35, code=CL, name=CHILE, currency=CurrencyOutDto(id=30, code=CLP, name=PESO CHILENO), timeZone=UTC -3), documentNumber=8605303170, identificationType=IdentificationTypeOutDto(id=5, description=CEDULA DE CIUDADANÍA, code=CC), nationality=35, clearinghouseCode=null, gics=null, moneyLaunderingFlag=null, taxStatus=null), accountNumber=4021801, accountName=AMBIENTE 3  PRUEBA 3, status=StatusOutDto(id=570, description=ACTIVO, category=CUENTA_INVERSIONISTA, shortName=null), originType=TypeOutDto(id=120, description=TERCEROS, category=ORIGEN PUNTA), type=TypeOutDto(id=26, description=CUENTA DEPOSITO, category=CUENTA DEPOSITO), depository=DepositoryOutDto(id=1, description=DVL), participant=null, taxExemp=false), sourceQuoteType=TypeOutDto(id=120, description=TERCEROS, category=ORIGEN PUNTA), fiduciarySpecialist=false, jointAccount=false, masterAccount=false, custodian=null, milaDirectDepositor=null)
[30m2026-08-27T14:37:02,191[m [32mINFO  [m[[1;34mhttp-nio-8080-exec-3[m] [36mValidateCountedFractionServiceImpl[m - Start method validateQuantityFractionsV1, tradeId -> 1078159
[30m2026-08-27T14:37:02,191[m [32mINFO  [m[[1;34mhttp-nio-8080-exec-3[m] [36mValidateCountedFractionServiceImpl[m - Start method validateMaximumLimitFractionsV1
[30m2026-08-27T14:37:02,192[m [32mINFO  [m[[1;34mhttp-nio-8080-exec-3[m] [36mValidateCountedFractionServiceImpl[m - Start method validateQuantityFractionsV1, tradeId -> 1077117
[30m2026-08-27T14:37:02,192[m [32mINFO  [m[[1;34mhttp-nio-8080-exec-3[m] [36mValidateCountedFractionServiceImpl[m - Start method validateMaximumLimitFractionsV1
[30m2026-08-27T14:37:02,192[m [32mINFO  [m[[1;34mhttp-nio-8080-exec-3[m] [36mValidateCountedFractionServiceImpl[m - Start method validateQuantityFractionsV1, tradeId -> 1077118
[30m2026-08-27T14:37:02,192[m [32mINFO  [m[[1;34mhttp-nio-8080-exec-3[m] [36mValidateCountedFractionServiceImpl[m - Start method validateMaximumLimitFractionsV1
[30m2026-08-27T14:37:02,192[m [32mINFO  [m[[1;34mhttp-nio-8080-exec-3[m] [36mValidateCountedFractionServiceImpl[m - Start method validateQuantityFractionsV1, tradeId -> 1068963
[30m2026-08-27T14:37:02,192[m [32mINFO  [m[[1;34mhttp-nio-8080-exec-3[m] [36mValidateCountedFractionServiceImpl[m - Start method validateMaximumLimitFractionsV1
[30m2026-08-27T14:37:02,192[m [32mINFO  [m[[1;34mhttp-nio-8080-exec-3[m] [36mValidateCountedFractionServiceImpl[m - Start method validateQuantityFractionsV1, tradeId -> 1073745
[30m2026-08-27T14:37:02,195[m [32mINFO  [m[[1;34mhttp-nio-8080-exec-3[m] [36mValidateCountedFractionServiceImpl[m - Start method validateMaximumLimitFractionsV1
[30m2026-08-27T14:37:02,196[m [32mINFO  [m[[1;34mhttp-nio-8080-exec-3[m] [36mValidateCountedFractionServiceImpl[m - Start method validateQuantityFractionsV1, tradeId -> 1068964
[30m2026-08-27T14:37:02,196[m [32mINFO  [m[[1;34mhttp-nio-8080-exec-3[m] [36mValidateCountedFractionServiceImpl[m - Start method validateMaximumLimitFractionsV1
[30m2026-08-27T14:37:02,196[m [32mINFO  [m[[1;34mhttp-nio-8080-exec-3[m] [36mValidateCountedFractionServiceImpl[m - Start method validateQuantityFractionsV1, tradeId -> 1076581
[30m2026-08-27T14:37:02,196[m [32mINFO  [m[[1;34mhttp-nio-8080-exec-3[m] [36mValidateCountedFractionServiceImpl[m - Start method validateMaximumLimitFractionsV1
[30m2026-08-27T14:37:02,196[m [32mINFO  [m[[1;34mhttp-nio-8080-exec-3[m] [36mValidateCountedFractionServiceImpl[m - Start method validateQuantityFractionsV1, tradeId -> 1077119
[30m2026-08-27T14:37:02,196[m [32mINFO  [m[[1;34mhttp-nio-8080-exec-3[m] [36mValidateCountedFractionServiceImpl[m - Start method validateMaximumLimitFractionsV1
[30m2026-08-27T14:37:02,196[m [32mINFO  [m[[1;34mhttp-nio-8080-exec-3[m] [36mValidateCountedFractionServiceImpl[m - Start method validateQuantityFractionsV1, tradeId -> 1077120
[30m2026-08-27T14:37:02,197[m [32mINFO  [m[[1;34mhttp-nio-8080-exec-3[m] [36mValidateCountedFractionServiceImpl[m - Start method validateMaximumLimitFractionsV1
[30m2026-08-27T14:37:02,198[m [32mINFO  [m[[1;34mhttp-nio-8080-exec-3[m] [36mValidateCountedFractionServiceImpl[m - Start method validateQuantityFractionsV1, tradeId -> 1068965
[30m2026-08-27T14:37:02,199[m [32mINFO  [m[[1;34mhttp-nio-8080-exec-3[m] [36mValidateCountedFractionServiceImpl[m - Start method validateMaximumLimitFractionsV1
[30m2026-08-27T14:37:02,201[m [32mINFO  [m[[1;34mhttp-nio-8080-exec-3[m] [36mValidateCountedFractionServiceImpl[m - Start method validateQuantityFractionsV1, tradeId -> 1068966
[30m2026-08-27T14:37:02,201[m [32mINFO  [m[[1;34mhttp-nio-8080-exec-3[m] [36mValidateCountedFractionServiceImpl[m - Start method validateMaximumLimitFractionsV1
[30m2026-08-27T14:37:02,202[m [32mINFO  [m[[1;34mhttp-nio-8080-exec-3[m] [36mValidateCountedFractionServiceImpl[m - Start method validateQuantityFractionsV1, tradeId -> 1078160
[30m2026-08-27T14:37:02,202[m [32mINFO  [m[[1;34mhttp-nio-8080-exec-3[m] [36mValidateCountedFractionServiceImpl[m - Start method validateMaximumLimitFractionsV1
[30m2026-08-27T14:37:02,202[m [32mINFO  [m[[1;34mhttp-nio-8080-exec-3[m] [36mValidateCountedFractionServiceImpl[m - Start method validateQuantityFractionsV1, tradeId -> 1076582
[30m2026-08-27T14:37:02,202[m [32mINFO  [m[[1;34mhttp-nio-8080-exec-3[m] [36mValidateCountedFractionServiceImpl[m - Start method validateMaximumLimitFractionsV1
[30m2026-08-27T14:37:02,202[m [32mINFO  [m[[1;34mhttp-nio-8080-exec-3[m] [36mValidateCountedFractionServiceImpl[m - Start method validateQuantityFractionsV1, tradeId -> 1073746
[30m2026-08-27T14:37:02,202[m [32mINFO  [m[[1;34mhttp-nio-8080-exec-3[m] [36mValidateCountedFractionServiceImpl[m - Start method validateMaximumLimitFractionsV1
[30m2026-08-27T14:37:02,202[m [32mINFO  [m[[1;34mhttp-nio-8080-exec-3[m] [36mValidateCountedFractionServiceImpl[m - Start method validateQuantityFractionsV1, tradeId -> 1073747
[30m2026-08-27T14:37:02,202[m [32mINFO  [m[[1;34mhttp-nio-8080-exec-3[m] [36mValidateCountedFractionServiceImpl[m - Start method validateMaximumLimitFractionsV1
[30m2026-08-27T14:37:02,202[m [32mINFO  [m[[1;34mhttp-nio-8080-exec-3[m] [36mValidateCountedFractionServiceImpl[m - Start method validateQuantityFractionsV1, tradeId -> 1073748
[30m2026-08-27T14:37:02,202[m [32mINFO  [m[[1;34mhttp-nio-8080-exec-3[m] [36mValidateCountedFractionServiceImpl[m - Start method validateMaximumLimitFractionsV1
[30m2026-08-27T14:37:02,202[m [32mINFO  [m[[1;34mhttp-nio-8080-exec-3[m] [36mValidateCountedFractionServiceImpl[m - Start method validateQuantityFractionsV1, tradeId -> 1068967
[30m2026-08-27T14:37:02,202[m [32mINFO  [m[[1;34mhttp-nio-8080-exec-3[m] [36mValidateCountedFractionServiceImpl[m - Start method validateMaximumLimitFractionsV1
[30m2026-08-27T14:37:02,202[m [32mINFO  [m[[1;34mhttp-nio-8080-exec-3[m] [36mValidateCountedFractionServiceImpl[m - Start method validateQuantityFractionsV1, tradeId -> 1073749
[30m2026-08-27T14:37:02,202[m [32mINFO  [m[[1;34mhttp-nio-8080-exec-3[m] [36mValidateCountedFractionServiceImpl[m - Start method validateMaximumLimitFractionsV1
[30m2026-08-27T14:37:02,202[m [32mINFO  [m[[1;34mhttp-nio-8080-exec-3[m] [36mValidateCountedFractionServiceImpl[m - Start method validateQuantityFractionsV1, tradeId -> 1078161
[30m2026-08-27T14:37:02,202[m [32mINFO  [m[[1;34mhttp-nio-8080-exec-3[m] [36mValidateCountedFractionServiceImpl[m - Start method validateMaximumLimitFractionsV1
[30m2026-08-27T14:37:02,202[m [32mINFO  [m[[1;34mhttp-nio-8080-exec-3[m] [36mValidateCountedFractionServiceImpl[m - Start method validateQuantityFractionsV1, tradeId -> 1077121
[30m2026-08-27T14:37:02,202[m [32mINFO  [m[[1;34mhttp-nio-8080-exec-3[m] [36mValidateCountedFractionServiceImpl[m - Start method validateMaximumLimitFractionsV1
[30m2026-08-27T14:37:02,203[m [32mINFO  [m[[1;34mhttp-nio-8080-exec-3[m] [36mValidateCountedFractionServiceImpl[m - Start method validateQuantityFractionsV1, tradeId -> 1078162
[30m2026-08-27T14:37:02,203[m [32mINFO  [m[[1;34mhttp-nio-8080-exec-3[m] [36mValidateCountedFractionServiceImpl[m - Start method validateMaximumLimitFractionsV1
[30m2026-08-27T14:37:02,203[m [32mINFO  [m[[1;34mhttp-nio-8080-exec-3[m] [36mValidateCountedFractionServiceImpl[m - Start method validateQuantityFractionsV1, tradeId -> 1078163
[30m2026-08-27T14:37:02,203[m [32mINFO  [m[[1;34mhttp-nio-8080-exec-3[m] [36mValidateCountedFractionServiceImpl[m - Start method validateMaximumLimitFractionsV1
[30m2026-08-27T14:37:02,203[m [32mINFO  [m[[1;34mhttp-nio-8080-exec-3[m] [36mValidateCountedFractionServiceImpl[m - Start method validateQuantityFractionsV1, tradeId -> 1076583
[30m2026-08-27T14:37:02,203[m [32mINFO  [m[[1;34mhttp-nio-8080-exec-3[m] [36mValidateCountedFractionServiceImpl[m - Start method validateMaximumLimitFractionsV1
[30m2026-08-27T14:37:02,203[m [32mINFO  [m[[1;34mhttp-nio-8080-exec-3[m] [36mValidateCountedFractionServiceImpl[m - Start method validateQuantityFractionsV1, tradeId -> 1076584
[30m2026-08-27T14:37:02,203[m [32mINFO  [m[[1;34mhttp-nio-8080-exec-3[m] [36mValidateCountedFractionServiceImpl[m - Start method validateMaximumLimitFractionsV1
[30m2026-08-27T14:37:02,203[m [32mINFO  [m[[1;34mhttp-nio-8080-exec-3[m] [36mValidateCountedFractionServiceImpl[m - Start method validateQuantityFractionsV1, tradeId -> 1068968
[30m2026-08-27T14:37:02,203[m [32mINFO  [m[[1;34mhttp-nio-8080-exec-3[m] [36mValidateCountedFractionServiceImpl[m - Start method validateMaximumLimitFractionsV1
[30m2026-08-27T14:37:02,203[m [32mINFO  [m[[1;34mhttp-nio-8080-exec-3[m] [36mValidateCountedFractionServiceImpl[m - Start method validateQuantityFractionsV1, tradeId -> 1078164
[30m2026-08-27T14:37:02,203[m [32mINFO  [m[[1;34mhttp-nio-8080-exec-3[m] [36mValidateCountedFractionServiceImpl[m - Start method validateMaximumLimitFractionsV1
[30m2026-08-27T14:37:02,203[m [32mINFO  [m[[1;34mhttp-nio-8080-exec-3[m] [36mValidateCountedFractionServiceImpl[m - Start method validateQuantityFractionsV1, tradeId -> 1078165
[30m2026-08-27T14:37:02,203[m [32mINFO  [m[[1;34mhttp-nio-8080-exec-3[m] [36mValidateCountedFractionServiceImpl[m - Start method validateMaximumLimitFractionsV1
[30m2026-08-27T14:37:02,203[m [32mINFO  [m[[1;34mhttp-nio-8080-exec-3[m] [36mValidateCountedFractionServiceImpl[m - Start method validateQuantityFractionsV1, tradeId -> 1073750
[30m2026-08-27T14:37:02,203[m [32mINFO  [m[[1;34mhttp-nio-8080-exec-3[m] [36mValidateCountedFractionServiceImpl[m - Start method validateMaximumLimitFractionsV1
[30m2026-08-27T14:37:02,203[m [32mINFO  [m[[1;34mhttp-nio-8080-exec-3[m] [36mValidateCountedFractionServiceImpl[m - Start method validateQuantityFractionsV1, tradeId -> 1076585
[30m2026-08-27T14:37:02,203[m [32mINFO  [m[[1;34mhttp-nio-8080-exec-3[m] [36mValidateCountedFractionServiceImpl[m - Start method validateMaximumLimitFractionsV1
[30m2026-08-27T14:37:02,203[m [32mINFO  [m[[1;34mhttp-nio-8080-exec-3[m] [36mValidateCountedFractionServiceImpl[m - Start method validateQuantityFractionsV1, tradeId -> 1076586
[30m2026-08-27T14:37:02,203[m [32mINFO  [m[[1;34mhttp-nio-8080-exec-3[m] [36mValidateCountedFractionServiceImpl[m - Start method validateMaximumLimitFractionsV1
[30m2026-08-27T14:37:02,203[m [32mINFO  [m[[1;34mhttp-nio-8080-exec-3[m] [36mValidateCountedFractionServiceImpl[m - Start method validateQuantityFractionsV1, tradeId -> 1076587
[30m2026-08-27T14:37:02,203[m [32mINFO  [m[[1;34mhttp-nio-8080-exec-3[m] [36mValidateCountedFractionServiceImpl[m - Start method validateMaximumLimitFractionsV1
[30m2026-08-27T14:37:02,203[m [32mINFO  [m[[1;34mhttp-nio-8080-exec-3[m] [36mValidateCountedFractionServiceImpl[m - Start method validateQuantityFractionsV1, tradeId -> 1077122
[30m2026-08-27T14:37:02,203[m [32mINFO  [m[[1;34mhttp-nio-8080-exec-3[m] [36mValidateCountedFractionServiceImpl[m - Start method validateMaximumLimitFractionsV1
[30m2026-08-27T14:37:02,203[m [32mINFO  [m[[1;34mhttp-nio-8080-exec-3[m] [36mValidateCountedFractionServiceImpl[m - Start method validateQuantityFractionsV1, tradeId -> 1077123
[30m2026-08-27T14:37:02,203[m [32mINFO  [m[[1;34mhttp-nio-8080-exec-3[m] [36mValidateCountedFractionServiceImpl[m - Start method validateMaximumLimitFractionsV1
[30m2026-08-27T14:37:02,203[m [32mINFO  [m[[1;34mhttp-nio-8080-exec-3[m] [36mValidateCountedFractionServiceImpl[m - Start method validateQuantityFractionsV1, tradeId -> 1073751
[30m2026-08-27T14:37:02,203[m [32mINFO  [m[[1;34mhttp-nio-8080-exec-3[m] [36mValidateCountedFractionServiceImpl[m - Start method validateMaximumLimitFractionsV1
[30m2026-08-27T14:37:02,203[m [32mINFO  [m[[1;34mhttp-nio-8080-exec-3[m] [36mValidateCountedFractionServiceImpl[m - Start method validateQuantityFractionsV1, tradeId -> 1073752
[30m2026-08-27T14:37:02,203[m [32mINFO  [m[[1;34mhttp-nio-8080-exec-3[m] [36mValidateCountedFractionServiceImpl[m - Start method validateMaximumLimitFractionsV1
[30m2026-08-27T14:37:02,203[m [32mINFO  [m[[1;34mhttp-nio-8080-exec-3[m] [36mValidateCountedFractionServiceImpl[m - Start method validateQuantityFractionsV1, tradeId -> 1076588
[30m2026-08-27T14:37:02,203[m [32mINFO  [m[[1;34mhttp-nio-8080-exec-3[m] [36mValidateCountedFractionServiceImpl[m - Start method validateMaximumLimitFractionsV1
[30m2026-08-27T14:37:02,203[m [32mINFO  [m[[1;34mhttp-nio-8080-exec-3[m] [36mValidateCountedFractionServiceImpl[m - Start method validateQuantityFractionsV1, tradeId -> 1073753
[30m2026-08-27T14:37:02,203[m [32mINFO  [m[[1;34mhttp-nio-8080-exec-3[m] [36mValidateCountedFractionServiceImpl[m - Start method validateMaximumLimitFractionsV1
[30m2026-08-27T14:37:02,203[m [32mINFO  [m[[1;34mhttp-nio-8080-exec-3[m] [36mValidateCountedFractionServiceImpl[m - Start method validateQuantityFractionsV1, tradeId -> 1077124
[30m2026-08-27T14:37:02,203[m [32mINFO  [m[[1;34mhttp-nio-8080-exec-3[m] [36mValidateCountedFractionServiceImpl[m - Start method validateMaximumLimitFractionsV1
[30m2026-08-27T14:37:02,203[m [32mINFO  [m[[1;34mhttp-nio-8080-exec-3[m] [36mValidateCountedFractionServiceImpl[m - Start method validateQuantityFractionsV1, tradeId -> 1076589
[30m2026-08-27T14:37:02,204[m [32mINFO  [m[[1;34mhttp-nio-8080-exec-3[m] [36mValidateCountedFractionServiceImpl[m - Start method validateMaximumLimitFractionsV1
[30m2026-08-27T14:37:02,204[m [32mINFO  [m[[1;34mhttp-nio-8080-exec-3[m] [36mValidateCountedFractionServiceImpl[m - Start method validateQuantityFractionsV1, tradeId -> 1068969
[30m2026-08-27T14:37:02,204[m [32mINFO  [m[[1;34mhttp-nio-8080-exec-3[m] [36mValidateCountedFractionServiceImpl[m - Start method validateMaximumLimitFractionsV1
[30m2026-08-27T14:37:02,204[m [32mINFO  [m[[1;34mhttp-nio-8080-exec-3[m] [36mValidateCountedFractionServiceImpl[m - Start method validateQuantityFractionsV1, tradeId -> 1077125
[30m2026-08-27T14:37:02,204[m [32mINFO  [m[[1;34mhttp-nio-8080-exec-3[m] [36mValidateCountedFractionServiceImpl[m - Start method validateMaximumLimitFractionsV1
[30m2026-08-27T14:37:02,204[m [32mINFO  [m[[1;34mhttp-nio-8080-exec-3[m] [36mValidateCountedFractionServiceImpl[m - Start method validateQuantityFractionsV1, tradeId -> 1073754
[30m2026-08-27T14:37:02,204[m [32mINFO  [m[[1;34mhttp-nio-8080-exec-3[m] [36mValidateCountedFractionServiceImpl[m - Start method validateMaximumLimitFractionsV1
[30m2026-08-27T14:37:02,204[m [32mINFO  [m[[1;34mhttp-nio-8080-exec-3[m] [36mValidateCountedFractionServiceImpl[m - Start method validateQuantityFractionsV1, tradeId -> 1078166
[30m2026-08-27T14:37:02,204[m [32mINFO  [m[[1;34mhttp-nio-8080-exec-3[m] [36mValidateCountedFractionServiceImpl[m - Start method validateMaximumLimitFractionsV1
[30m2026-08-27T14:37:02,204[m [32mINFO  [m[[1;34mhttp-nio-8080-exec-3[m] [36mValidateCountedFractionServiceImpl[m - Start method validateQuantityFractionsV1, tradeId -> 1077126
[30m2026-08-27T14:37:02,204[m [32mINFO  [m[[1;34mhttp-nio-8080-exec-3[m] [36mValidateCountedFractionServiceImpl[m - Start method validateMaximumLimitFractionsV1
[30m2026-08-27T14:37:02,205[m [32mINFO  [m[[1;34mhttp-nio-8080-exec-3[m] [36mValidateCountedFractionServiceImpl[m - Start method validateQuantityFractionsV1, tradeId -> 1078170
[30m2026-08-27T14:37:02,206[m [32mINFO  [m[[1;34mhttp-nio-8080-exec-3[m] [36mValidateCountedFractionServiceImpl[m - Start method validateMaximumLimitFractionsV1
[30m2026-08-27T14:37:02,207[m [32mINFO  [m[[1;34mhttp-nio-8080-exec-3[m] [36mValidateCountedFractionServiceImpl[m - Start method validateQuantityFractionsV1, tradeId -> 1078171
[30m2026-08-27T14:37:02,207[m [32mINFO  [m[[1;34mhttp-nio-8080-exec-3[m] [36mValidateCountedFractionServiceImpl[m - Start method validateMaximumLimitFractionsV1
[30m2026-08-27T14:37:02,207[m [32mINFO  [m[[1;34mhttp-nio-8080-exec-3[m] [36mValidateCountedFractionServiceImpl[m - Start method validateQuantityFractionsV1, tradeId -> 1068973
[30m2026-08-27T14:37:02,207[m [32mINFO  [m[[1;34mhttp-nio-8080-exec-3[m] [36mValidateCountedFractionServiceImpl[m - Start method validateMaximumLimitFractionsV1
[30m2026-08-27T14:37:02,207[m [32mINFO  [m[[1;34mhttp-nio-8080-exec-3[m] [36mValidateCountedFractionServiceImpl[m - Start method validateQuantityFractionsV1, tradeId -> 1077132
[30m2026-08-27T14:37:02,207[m [32mINFO  [m[[1;34mhttp-nio-8080-exec-3[m] [36mValidateCountedFractionServiceImpl[m - Start method validateMaximumLimitFractionsV1
[30m2026-08-27T14:37:02,207[m [32mINFO  [m[[1;34mhttp-nio-8080-exec-3[m] [36mValidateCountedFractionServiceImpl[m - Start method validateQuantityFractionsV1, tradeId -> 1078172
[30m2026-08-27T14:37:02,207[m [32mINFO  [m[[1;34mhttp-nio-8080-exec-3[m] [36mValidateCountedFractionServiceImpl[m - Start method validateMaximumLimitFractionsV1
[30m2026-08-27T14:37:02,207[m [32mINFO  [m[[1;34mhttp-nio-8080-exec-3[m] [36mValidateCountedFractionServiceImpl[m - Start method validateQuantityFractionsV1, tradeId -> 1073758
[30m2026-08-27T14:37:02,207[m [32mINFO  [m[[1;34mhttp-nio-8080-exec-3[m] [36mValidateCountedFractionServiceImpl[m - Start method validateMaximumLimitFractionsV1
[30m2026-08-27T14:37:02,207[m [32mINFO  [m[[1;34mhttp-nio-8080-exec-3[m] [36mFractionationCountedServiceImpl[m - PERF_ASSIGNMENT_VALIDATION_BATCH batchId=da06ee34-0a47-4256-8a86-5189cd5a1402 inputCount=50 validCount=50 invalidCount=0 uniqueTrades=50 uniqueSides=1 uniqueParticipants=1 titleAccountResolutionRequests=50 titleAccountUniqueBusinessKeys=1 settlementLookupRequests=50 settlementUniqueTradeSides=50 settlementRepositoryCalls=1 settlementRowsLoaded=0 settlementPrefetchMs=4 cudLookupRequests=0 cudUniqueTradeSides=0 cudUniqueBusinessKeys=0 cudRepositoryCalls=0 cudRowsLoaded=0 cudPrefetchMs=0 tradePrefetchMs=357 sidePrefetchMs=0 participantPrefetchMs=14 accountResolutionMs=24 accountPrefetchMs=10 businessValidationMs=19 totalMs=430
[30m2026-08-27T14:37:02,208[m [32mINFO  [m[[1;34mhttp-nio-8080-exec-3[m] [36mRestClientUtils[m - Client [POST] http://operaciones-fracciones-contado-back-service/operations-fractionation-api/v1/fractionation/batch
[30m2026-08-27T14:37:04,136[m [32mINFO  [m[[1;34mhttp-nio-8080-exec-3[m] [36mFractionationCountedServiceImpl[m - PERF_ASSIGNMENT_BATCH service=cmd batchId=da06ee34-0a47-4256-8a86-5189cd5a1402 mode=RAW_VALIDATED configuredMaxBatchSize=80 receivedBatchSize=50 processedCount=50 successCount=50 failureCount=0 fractionationMs=1928 totalMs=1928
[30m2026-08-27T14:37:04,137[m [32mINFO  [m[[1;34mhttp-nio-8080-exec-3[m] [36mFractionationCountedServiceImpl[m - PERF_ASSIGNMENT_BATCH service=cmd batchId=da06ee34-0a47-4256-8a86-5189cd5a1402 mode=RAW configuredMaxBatchSize=80 receivedBatchSize=50 validCount=50 invalidCount=0 sentToFractionationCount=50 successCount=50 failureCount=0 totalMs=2360
[30m2026-08-27T14:37:04,139[m [32mINFO  [m[[1;34mhttp-nio-8080-exec-3[m] [36mGlobalFilter[m - Request [POST /operations-cmd-api/v1/fractionation/counted-operation/batch] completed in 2366 ms with status 200
[30m2026-08-27T14:37:04,165[m [32mINFO  [m[[1;34mhttp-nio-8080-exec-4[m] [36mGlobalFilter[m - ----------- Client User: operaciones-orquestador-ext-back ----------
[30m2026-08-27T14:37:04,602[m [32mINFO  [m[[1;34mhttp-nio-8080-exec-4[m] [36mValidateCountedFractionServiceImpl[m - Start method validateAccountFractionAssignmentV1, accountNumber -> 4021801, tradeId -> 1068974, sideId -> 1, originId -> 122, isLocalCorrection -> false
[30m2026-08-27T14:37:04,603[m [32mINFO  [m[[1;34mhttp-nio-8080-exec-4[m] [36mValidateCountedFractionServiceImpl[m - Searching participant account assignment for accountNumber -> 4021801, participantId -> 15, depositoryId -> 1
[30m2026-08-27T14:37:04,605[m [32mINFO  [m[[1;34mhttp-nio-8080-exec-4[m] [36mValidateCountedFractionServiceImpl[m - No participant account found for accountNumber -> 4021801
[30m2026-08-27T14:37:04,617[m [32mINFO  [m[[1;34mhttp-nio-8080-exec-4[m] [36mValidateCountedFractionServiceImpl[m - End method validateAccountFractionAssignmentV1, fractionAccountOutDto -> FractionAccountOutDto(participantAccount=null, investorAccount=InvestorAccountOutDto(id=57, investor=InvestorOutDto(id=167, code=CL00000001, firstName=Prueba Nombre 1, lastName=Prueba Nombre 2, companyName=TERCERO3509748, type=TypeOutDto(id=2, description=JURIDICO, category=PERSONA), status=StatusOutDto(id=515, description=ACTIVO, category=INVERSIONISTA, shortName=null), country=CountryOutDto(id=35, code=CL, name=CHILE, currency=CurrencyOutDto(id=30, code=CLP, name=PESO CHILENO), timeZone=UTC -3), documentNumber=8605303170, identificationType=IdentificationTypeOutDto(id=5, description=CEDULA DE CIUDADANÍA, code=CC), nationality=35, clearinghouseCode=null, gics=null, moneyLaunderingFlag=null, taxStatus=null), accountNumber=4021801, accountName=AMBIENTE 3  PRUEBA 3, status=StatusOutDto(id=570, description=ACTIVO, category=CUENTA_INVERSIONISTA, shortName=null), originType=TypeOutDto(id=120, description=TERCEROS, category=ORIGEN PUNTA), type=TypeOutDto(id=26, description=CUENTA DEPOSITO, category=CUENTA DEPOSITO), depository=DepositoryOutDto(id=1, description=DVL), participant=null, taxExemp=false), sourceQuoteType=TypeOutDto(id=120, description=TERCEROS, category=ORIGEN PUNTA), fiduciarySpecialist=false, jointAccount=false, masterAccount=false, custodian=null, milaDirectDepositor=null)
[30m2026-08-27T14:37:04,640[m [32mINFO  [m[[1;34mhttp-nio-8080-exec-4[m] [36mValidateCountedFractionServiceImpl[m - Start method validateQuantityFractionsV1, tradeId -> 1068974
[30m2026-08-27T14:37:04,640[m [32mINFO  [m[[1;34mhttp-nio-8080-exec-4[m] [36mValidateCountedFractionServiceImpl[m - Start method validateMaximumLimitFractionsV1
[30m2026-08-27T14:37:04,640[m [32mINFO  [m[[1;34mhttp-nio-8080-exec-4[m] [36mValidateCountedFractionServiceImpl[m - Start method validateQuantityFractionsV1, tradeId -> 1076597
[30m2026-08-27T14:37:04,640[m [32mINFO  [m[[1;34mhttp-nio-8080-exec-4[m] [36mValidateCountedFractionServiceImpl[m - Start method validateMaximumLimitFractionsV1
[30m2026-08-27T14:37:04,640[m [32mINFO  [m[[1;34mhttp-nio-8080-exec-4[m] [36mValidateCountedFractionServiceImpl[m - Start method validateQuantityFractionsV1, tradeId -> 1068975
[30m2026-08-27T14:37:04,640[m [32mINFO  [m[[1;34mhttp-nio-8080-exec-4[m] [36mValidateCountedFractionServiceImpl[m - Start method validateMaximumLimitFractionsV1
[30m2026-08-27T14:37:04,640[m [32mINFO  [m[[1;34mhttp-nio-8080-exec-4[m] [36mValidateCountedFractionServiceImpl[m - Start method validateQuantityFractionsV1, tradeId -> 1076598
[30m2026-08-27T14:37:04,640[m [32mINFO  [m[[1;34mhttp-nio-8080-exec-4[m] [36mValidateCountedFractionServiceImpl[m - Start method validateMaximumLimitFractionsV1
[30m2026-08-27T14:37:04,640[m [32mINFO  [m[[1;34mhttp-nio-8080-exec-4[m] [36mValidateCountedFractionServiceImpl[m - Start method validateQuantityFractionsV1, tradeId -> 1077133
[30m2026-08-27T14:37:04,640[m [32mINFO  [m[[1;34mhttp-nio-8080-exec-4[m] [36mValidateCountedFractionServiceImpl[m - Start method validateMaximumLimitFractionsV1
[30m2026-08-27T14:37:04,640[m [32mINFO  [m[[1;34mhttp-nio-8080-exec-4[m] [36mValidateCountedFractionServiceImpl[m - Start method validateQuantityFractionsV1, tradeId -> 1076599
[30m2026-08-27T14:37:04,640[m [32mINFO  [m[[1;34mhttp-nio-8080-exec-4[m] [36mValidateCountedFractionServiceImpl[m - Start method validateMaximumLimitFractionsV1
[30m2026-08-27T14:37:04,640[m [32mINFO  [m[[1;34mhttp-nio-8080-exec-4[m] [36mValidateCountedFractionServiceImpl[m - Start method validateQuantityFractionsV1, tradeId -> 1078173
[30m2026-08-27T14:37:04,640[m [32mINFO  [m[[1;34mhttp-nio-8080-exec-4[m] [36mValidateCountedFractionServiceImpl[m - Start method validateMaximumLimitFractionsV1
[30m2026-08-27T14:37:04,640[m [32mINFO  [m[[1;34mhttp-nio-8080-exec-4[m] [36mValidateCountedFractionServiceImpl[m - Start method validateQuantityFractionsV1, tradeId -> 1073759
[30m2026-08-27T14:37:04,640[m [32mINFO  [m[[1;34mhttp-nio-8080-exec-4[m] [36mValidateCountedFractionServiceImpl[m - Start method validateMaximumLimitFractionsV1
[30m2026-08-27T14:37:04,641[m [32mINFO  [m[[1;34mhttp-nio-8080-exec-4[m] [36mValidateCountedFractionServiceImpl[m - Start method validateQuantityFractionsV1, tradeId -> 1077134
[30m2026-08-27T14:37:04,641[m [32mINFO  [m[[1;34mhttp-nio-8080-exec-4[m] [36mValidateCountedFractionServiceImpl[m - Start method validateMaximumLimitFractionsV1
[30m2026-08-27T14:37:04,641[m [32mINFO  [m[[1;34mhttp-nio-8080-exec-4[m] [36mValidateCountedFractionServiceImpl[m - Start method validateQuantityFractionsV1, tradeId -> 1073760
[30m2026-08-27T14:37:04,641[m [32mINFO  [m[[1;34mhttp-nio-8080-exec-4[m] [36mValidateCountedFractionServiceImpl[m - Start method validateMaximumLimitFractionsV1
[30m2026-08-27T14:37:04,641[m [32mINFO  [m[[1;34mhttp-nio-8080-exec-4[m] [36mValidateCountedFractionServiceImpl[m - Start method validateQuantityFractionsV1, tradeId -> 1076600
[30m2026-08-27T14:37:04,641[m [32mINFO  [m[[1;34mhttp-nio-8080-exec-4[m] [36mValidateCountedFractionServiceImpl[m - Start method validateMaximumLimitFractionsV1
[30m2026-08-27T14:37:04,641[m [32mINFO  [m[[1;34mhttp-nio-8080-exec-4[m] [36mValidateCountedFractionServiceImpl[m - Start method validateQuantityFractionsV1, tradeId -> 1073761
[30m2026-08-27T14:37:04,641[m [32mINFO  [m[[1;34mhttp-nio-8080-exec-4[m] [36mValidateCountedFractionServiceImpl[m - Start method validateMaximumLimitFractionsV1
[30m2026-08-27T14:37:04,641[m [32mINFO  [m[[1;34mhttp-nio-8080-exec-4[m] [36mValidateCountedFractionServiceImpl[m - Start method validateQuantityFractionsV1, tradeId -> 1078174
[30m2026-08-27T14:37:04,641[m [32mINFO  [m[[1;34mhttp-nio-8080-exec-4[m] [36mValidateCountedFractionServiceImpl[m - Start method validateMaximumLimitFractionsV1
[30m2026-08-27T14:37:04,641[m [32mINFO  [m[[1;34mhttp-nio-8080-exec-4[m] [36mValidateCountedFractionServiceImpl[m - Start method validateQuantityFractionsV1, tradeId -> 1073762
[30m2026-08-27T14:37:04,641[m [32mINFO  [m[[1;34mhttp-nio-8080-exec-4[m] [36mValidateCountedFractionServiceImpl[m - Start method validateMaximumLimitFractionsV1
[30m2026-08-27T14:37:04,641[m [32mINFO  [m[[1;34mhttp-nio-8080-exec-4[m] [36mValidateCountedFractionServiceImpl[m - Start method validateQuantityFractionsV1, tradeId -> 1073763
[30m2026-08-27T14:37:04,641[m [32mINFO  [m[[1;34mhttp-nio-8080-exec-4[m] [36mValidateCountedFractionServiceImpl[m - Start method validateMaximumLimitFractionsV1
[30m2026-08-27T14:37:04,641[m [32mINFO  [m[[1;34mhttp-nio-8080-exec-4[m] [36mValidateCountedFractionServiceImpl[m - Start method validateQuantityFractionsV1, tradeId -> 1068978
[30m2026-08-27T14:37:04,641[m [32mINFO  [m[[1;34mhttp-nio-8080-exec-4[m] [36mValidateCountedFractionServiceImpl[m - Start method validateMaximumLimitFractionsV1
[30m2026-08-27T14:37:04,641[m [32mINFO  [m[[1;34mhttp-nio-8080-exec-4[m] [36mValidateCountedFractionServiceImpl[m - Start method validateQuantityFractionsV1, tradeId -> 1076607
[30m2026-08-27T14:37:04,641[m [32mINFO  [m[[1;34mhttp-nio-8080-exec-4[m] [36mValidateCountedFractionServiceImpl[m - Start method validateMaximumLimitFractionsV1
[30m2026-08-27T14:37:04,641[m [32mINFO  [m[[1;34mhttp-nio-8080-exec-4[m] [36mValidateCountedFractionServiceImpl[m - Start method validateQuantityFractionsV1, tradeId -> 1078179
[30m2026-08-27T14:37:04,641[m [32mINFO  [m[[1;34mhttp-nio-8080-exec-4[m] [36mValidateCountedFractionServiceImpl[m - Start method validateMaximumLimitFractionsV1
[30m2026-08-27T14:37:04,641[m [32mINFO  [m[[1;34mhttp-nio-8080-exec-4[m] [36mValidateCountedFractionServiceImpl[m - Start method validateQuantityFractionsV1, tradeId -> 1076608
[30m2026-08-27T14:37:04,641[m [32mINFO  [m[[1;34mhttp-nio-8080-exec-4[m] [36mValidateCountedFractionServiceImpl[m - Start method validateMaximumLimitFractionsV1
[30m2026-08-27T14:37:04,641[m [32mINFO  [m[[1;34mhttp-nio-8080-exec-4[m] [36mValidateCountedFractionServiceImpl[m - Start method validateQuantityFractionsV1, tradeId -> 1077141
[30m2026-08-27T14:37:04,641[m [32mINFO  [m[[1;34mhttp-nio-8080-exec-4[m] [36mValidateCountedFractionServiceImpl[m - Start method validateMaximumLimitFractionsV1
[30m2026-08-27T14:37:04,641[m [32mINFO  [m[[1;34mhttp-nio-8080-exec-4[m] [36mValidateCountedFractionServiceImpl[m - Start method validateQuantityFractionsV1, tradeId -> 1077142
[30m2026-08-27T14:37:04,641[m [32mINFO  [m[[1;34mhttp-nio-8080-exec-4[m] [36mValidateCountedFractionServiceImpl[m - Start method validateMaximumLimitFractionsV1
[30m2026-08-27T14:37:04,642[m [32mINFO  [m[[1;34mhttp-nio-8080-exec-4[m] [36mValidateCountedFractionServiceImpl[m - Start method validateQuantityFractionsV1, tradeId -> 1076609
[30m2026-08-27T14:37:04,642[m [32mINFO  [m[[1;34mhttp-nio-8080-exec-4[m] [36mValidateCountedFractionServiceImpl[m - Start method validateMaximumLimitFractionsV1
[30m2026-08-27T14:37:04,642[m [32mINFO  [m[[1;34mhttp-nio-8080-exec-4[m] [36mValidateCountedFractionServiceImpl[m - Start method validateQuantityFractionsV1, tradeId -> 1076610
[30m2026-08-27T14:37:04,642[m [32mINFO  [m[[1;34mhttp-nio-8080-exec-4[m] [36mValidateCountedFractionServiceImpl[m - Start method validateMaximumLimitFractionsV1
[30m2026-08-27T14:37:04,642[m [32mINFO  [m[[1;34mhttp-nio-8080-exec-4[m] [36mValidateCountedFractionServiceImpl[m - Start method validateQuantityFractionsV1, tradeId -> 1078180
[30m2026-08-27T14:37:04,642[m [32mINFO  [m[[1;34mhttp-nio-8080-exec-4[m] [36mValidateCountedFractionServiceImpl[m - Start method validateMaximumLimitFractionsV1
[30m2026-08-27T14:37:04,642[m [32mINFO  [m[[1;34mhttp-nio-8080-exec-4[m] [36mValidateCountedFractionServiceImpl[m - Start method validateQuantityFractionsV1, tradeId -> 1078181
[30m2026-08-27T14:37:04,642[m [32mINFO  [m[[1;34mhttp-nio-8080-exec-4[m] [36mValidateCountedFractionServiceImpl[m - Start method validateMaximumLimitFractionsV1
[30m2026-08-27T14:37:04,642[m [32mINFO  [m[[1;34mhttp-nio-8080-exec-4[m] [36mValidateCountedFractionServiceImpl[m - Start method validateQuantityFractionsV1, tradeId -> 1076611
[30m2026-08-27T14:37:04,642[m [32mINFO  [m[[1;34mhttp-nio-8080-exec-4[m] [36mValidateCountedFractionServiceImpl[m - Start method validateMaximumLimitFractionsV1
[30m2026-08-27T14:37:04,642[m [32mINFO  [m[[1;34mhttp-nio-8080-exec-4[m] [36mValidateCountedFractionServiceImpl[m - Start method validateQuantityFractionsV1, tradeId -> 1073768
[30m2026-08-27T14:37:04,642[m [32mINFO  [m[[1;34mhttp-nio-8080-exec-4[m] [36mValidateCountedFractionServiceImpl[m - Start method validateMaximumLimitFractionsV1
[30m2026-08-27T14:37:04,642[m [32mINFO  [m[[1;34mhttp-nio-8080-exec-4[m] [36mValidateCountedFractionServiceImpl[m - Start method validateQuantityFractionsV1, tradeId -> 1078182
[30m2026-08-27T14:37:04,642[m [32mINFO  [m[[1;34mhttp-nio-8080-exec-4[m] [36mValidateCountedFractionServiceImpl[m - Start method validateMaximumLimitFractionsV1
[30m2026-08-27T14:37:04,642[m [32mINFO  [m[[1;34mhttp-nio-8080-exec-4[m] [36mValidateCountedFractionServiceImpl[m - Start method validateQuantityFractionsV1, tradeId -> 1076612
[30m2026-08-27T14:37:04,642[m [32mINFO  [m[[1;34mhttp-nio-8080-exec-4[m] [36mValidateCountedFractionServiceImpl[m - Start method validateMaximumLimitFractionsV1
[30m2026-08-27T14:37:04,642[m [32mINFO  [m[[1;34mhttp-nio-8080-exec-4[m] [36mValidateCountedFractionServiceImpl[m - Start method validateQuantityFractionsV1, tradeId -> 1077143
[30m2026-08-27T14:37:04,642[m [32mINFO  [m[[1;34mhttp-nio-8080-exec-4[m] [36mValidateCountedFractionServiceImpl[m - Start method validateMaximumLimitFractionsV1
[30m2026-08-27T14:37:04,642[m [32mINFO  [m[[1;34mhttp-nio-8080-exec-4[m] [36mValidateCountedFractionServiceImpl[m - Start method validateQuantityFractionsV1, tradeId -> 1073769
[30m2026-08-27T14:37:04,642[m [32mINFO  [m[[1;34mhttp-nio-8080-exec-4[m] [36mValidateCountedFractionServiceImpl[m - Start method validateMaximumLimitFractionsV1
[30m2026-08-27T14:37:04,642[m [32mINFO  [m[[1;34mhttp-nio-8080-exec-4[m] [36mValidateCountedFractionServiceImpl[m - Start method validateQuantityFractionsV1, tradeId -> 1068979
[30m2026-08-27T14:37:04,642[m [32mINFO  [m[[1;34mhttp-nio-8080-exec-4[m] [36mValidateCountedFractionServiceImpl[m - Start method validateMaximumLimitFractionsV1
[30m2026-08-27T14:37:04,642[m [32mINFO  [m[[1;34mhttp-nio-8080-exec-4[m] [36mValidateCountedFractionServiceImpl[m - Start method validateQuantityFractionsV1, tradeId -> 1073770
[30m2026-08-27T14:37:04,642[m [32mINFO  [m[[1;34mhttp-nio-8080-exec-4[m] [36mValidateCountedFractionServiceImpl[m - Start method validateMaximumLimitFractionsV1
[30m2026-08-27T14:37:04,643[m [32mINFO  [m[[1;34mhttp-nio-8080-exec-4[m] [36mValidateCountedFractionServiceImpl[m - Start method validateQuantityFractionsV1, tradeId -> 1078183
[30m2026-08-27T14:37:04,643[m [32mINFO  [m[[1;34mhttp-nio-8080-exec-4[m] [36mValidateCountedFractionServiceImpl[m - Start method validateMaximumLimitFractionsV1
[30m2026-08-27T14:37:04,643[m [32mINFO  [m[[1;34mhttp-nio-8080-exec-4[m] [36mValidateCountedFractionServiceImpl[m - Start method validateQuantityFractionsV1, tradeId -> 1077144
[30m2026-08-27T14:37:04,643[m [32mINFO  [m[[1;34mhttp-nio-8080-exec-4[m] [36mValidateCountedFractionServiceImpl[m - Start method validateMaximumLimitFractionsV1
[30m2026-08-27T14:37:04,643[m [32mINFO  [m[[1;34mhttp-nio-8080-exec-4[m] [36mValidateCountedFractionServiceImpl[m - Start method validateQuantityFractionsV1, tradeId -> 1077145
[30m2026-08-27T14:37:04,643[m [32mINFO  [m[[1;34mhttp-nio-8080-exec-4[m] [36mValidateCountedFractionServiceImpl[m - Start method validateMaximumLimitFractionsV1
[30m2026-08-27T14:37:04,643[m [32mINFO  [m[[1;34mhttp-nio-8080-exec-4[m] [36mValidateCountedFractionServiceImpl[m - Start method validateQuantityFractionsV1, tradeId -> 1076613
[30m2026-08-27T14:37:04,643[m [32mINFO  [m[[1;34mhttp-nio-8080-exec-4[m] [36mValidateCountedFractionServiceImpl[m - Start method validateMaximumLimitFractionsV1
[30m2026-08-27T14:37:04,643[m [32mINFO  [m[[1;34mhttp-nio-8080-exec-4[m] [36mValidateCountedFractionServiceImpl[m - Start method validateQuantityFractionsV1, tradeId -> 1073771
[30m2026-08-27T14:37:04,643[m [32mINFO  [m[[1;34mhttp-nio-8080-exec-4[m] [36mValidateCountedFractionServiceImpl[m - Start method validateMaximumLimitFractionsV1
[30m2026-08-27T14:37:04,643[m [32mINFO  [m[[1;34mhttp-nio-8080-exec-4[m] [36mValidateCountedFractionServiceImpl[m - Start method validateQuantityFractionsV1, tradeId -> 1073772
[30m2026-08-27T14:37:04,643[m [32mINFO  [m[[1;34mhttp-nio-8080-exec-4[m] [36mValidateCountedFractionServiceImpl[m - Start method validateMaximumLimitFractionsV1
[30m2026-08-27T14:37:04,643[m [32mINFO  [m[[1;34mhttp-nio-8080-exec-4[m] [36mValidateCountedFractionServiceImpl[m - Start method validateQuantityFractionsV1, tradeId -> 1078184
[30m2026-08-27T14:37:04,643[m [32mINFO  [m[[1;34mhttp-nio-8080-exec-4[m] [36mValidateCountedFractionServiceImpl[m - Start method validateMaximumLimitFractionsV1
[30m2026-08-27T14:37:04,643[m [32mINFO  [m[[1;34mhttp-nio-8080-exec-4[m] [36mValidateCountedFractionServiceImpl[m - Start method validateQuantityFractionsV1, tradeId -> 1073773
[30m2026-08-27T14:37:04,643[m [32mINFO  [m[[1;34mhttp-nio-8080-exec-4[m] [36mValidateCountedFractionServiceImpl[m - Start method validateMaximumLimitFractionsV1
[30m2026-08-27T14:37:04,643[m [32mINFO  [m[[1;34mhttp-nio-8080-exec-4[m] [36mValidateCountedFractionServiceImpl[m - Start method validateQuantityFractionsV1, tradeId -> 1078185
[30m2026-08-27T14:37:04,643[m [32mINFO  [m[[1;34mhttp-nio-8080-exec-4[m] [36mValidateCountedFractionServiceImpl[m - Start method validateMaximumLimitFractionsV1
[30m2026-08-27T14:37:04,643[m [32mINFO  [m[[1;34mhttp-nio-8080-exec-4[m] [36mValidateCountedFractionServiceImpl[m - Start method validateQuantityFractionsV1, tradeId -> 1076614
[30m2026-08-27T14:37:04,643[m [32mINFO  [m[[1;34mhttp-nio-8080-exec-4[m] [36mValidateCountedFractionServiceImpl[m - Start method validateMaximumLimitFractionsV1
[30m2026-08-27T14:37:04,643[m [32mINFO  [m[[1;34mhttp-nio-8080-exec-4[m] [36mValidateCountedFractionServiceImpl[m - Start method validateQuantityFractionsV1, tradeId -> 1078186
[30m2026-08-27T14:37:04,643[m [32mINFO  [m[[1;34mhttp-nio-8080-exec-4[m] [36mValidateCountedFractionServiceImpl[m - Start method validateMaximumLimitFractionsV1
[30m2026-08-27T14:37:04,643[m [32mINFO  [m[[1;34mhttp-nio-8080-exec-4[m] [36mValidateCountedFractionServiceImpl[m - Start method validateQuantityFractionsV1, tradeId -> 1078187
[30m2026-08-27T14:37:04,643[m [32mINFO  [m[[1;34mhttp-nio-8080-exec-4[m] [36mValidateCountedFractionServiceImpl[m - Start method validateMaximumLimitFractionsV1
[30m2026-08-27T14:37:04,644[m [32mINFO  [m[[1;34mhttp-nio-8080-exec-4[m] [36mValidateCountedFractionServiceImpl[m - Start method validateQuantityFractionsV1, tradeId -> 1068980
[30m2026-08-27T14:37:04,644[m [32mINFO  [m[[1;34mhttp-nio-8080-exec-4[m] [36mValidateCountedFractionServiceImpl[m - Start method validateMaximumLimitFractionsV1
[30m2026-08-27T14:37:04,644[m [32mINFO  [m[[1;34mhttp-nio-8080-exec-4[m] [36mValidateCountedFractionServiceImpl[m - Start method validateQuantityFractionsV1, tradeId -> 1076615
[30m2026-08-27T14:37:04,644[m [32mINFO  [m[[1;34mhttp-nio-8080-exec-4[m] [36mValidateCountedFractionServiceImpl[m - Start method validateMaximumLimitFractionsV1
[30m2026-08-27T14:37:04,644[m [32mINFO  [m[[1;34mhttp-nio-8080-exec-4[m] [36mValidateCountedFractionServiceImpl[m - Start method validateQuantityFractionsV1, tradeId -> 1078188
[30m2026-08-27T14:37:04,644[m [32mINFO  [m[[1;34mhttp-nio-8080-exec-4[m] [36mValidateCountedFractionServiceImpl[m - Start method validateMaximumLimitFractionsV1
[30m2026-08-27T14:37:04,644[m [32mINFO  [m[[1;34mhttp-nio-8080-exec-4[m] [36mValidateCountedFractionServiceImpl[m - Start method validateQuantityFractionsV1, tradeId -> 1068981
[30m2026-08-27T14:37:04,644[m [32mINFO  [m[[1;34mhttp-nio-8080-exec-4[m] [36mValidateCountedFractionServiceImpl[m - Start method validateMaximumLimitFractionsV1
[30m2026-08-27T14:37:04,644[m [32mINFO  [m[[1;34mhttp-nio-8080-exec-4[m] [36mValidateCountedFractionServiceImpl[m - Start method validateQuantityFractionsV1, tradeId -> 1077146
[30m2026-08-27T14:37:04,644[m [32mINFO  [m[[1;34mhttp-nio-8080-exec-4[m] [36mValidateCountedFractionServiceImpl[m - Start method validateMaximumLimitFractionsV1
[30m2026-08-27T14:37:04,644[m [32mINFO  [m[[1;34mhttp-nio-8080-exec-4[m] [36mFractionationCountedServiceImpl[m - PERF_ASSIGNMENT_VALIDATION_BATCH batchId=aa72e1e2-a161-4eb6-b981-33bf6141280a inputCount=50 validCount=50 invalidCount=0 uniqueTrades=50 uniqueSides=1 uniqueParticipants=1 titleAccountResolutionRequests=50 titleAccountUniqueBusinessKeys=1 settlementLookupRequests=50 settlementUniqueTradeSides=50 settlementRepositoryCalls=1 settlementRowsLoaded=0 settlementPrefetchMs=9 cudLookupRequests=0 cudUniqueTradeSides=0 cudUniqueBusinessKeys=0 cudRepositoryCalls=0 cudRowsLoaded=0 cudPrefetchMs=0 tradePrefetchMs=423 sidePrefetchMs=0 participantPrefetchMs=12 accountResolutionMs=15 accountPrefetchMs=9 businessValidationMs=7 totalMs=476
[30m2026-08-27T14:37:04,644[m [32mINFO  [m[[1;34mhttp-nio-8080-exec-4[m] [36mRestClientUtils[m - Client [POST] http://operaciones-fracciones-contado-back-service/operations-fractionation-api/v1/fractionation/batch
[30m2026-08-27T14:37:06,419[m [32mINFO  [m[[1;34mhttp-nio-8080-exec-4[m] [36mFractionationCountedServiceImpl[m - PERF_ASSIGNMENT_BATCH service=cmd batchId=aa72e1e2-a161-4eb6-b981-33bf6141280a mode=RAW_VALIDATED configuredMaxBatchSize=80 receivedBatchSize=50 processedCount=50 successCount=50 failureCount=0 fractionationMs=1774 totalMs=1774
[30m2026-08-27T14:37:06,419[m [32mINFO  [m[[1;34mhttp-nio-8080-exec-4[m] [36mFractionationCountedServiceImpl[m - PERF_ASSIGNMENT_BATCH service=cmd batchId=aa72e1e2-a161-4eb6-b981-33bf6141280a mode=RAW configuredMaxBatchSize=80 receivedBatchSize=50 validCount=50 invalidCount=0 sentToFractionationCount=50 successCount=50 failureCount=0 totalMs=2251
[30m2026-08-27T14:37:06,420[m [32mINFO  [m[[1;34mhttp-nio-8080-exec-4[m] [36mGlobalFilter[m - Request [POST /operations-cmd-api/v1/fractionation/counted-operation/batch] completed in 2255 ms with status 200
[30m2026-08-27T14:37:06,447[m [32mINFO  [m[[1;34mhttp-nio-8080-exec-5[m] [36mGlobalFilter[m - ----------- Client User: operaciones-orquestador-ext-back ----------
[30m2026-08-27T14:37:06,833[m [32mINFO  [m[[1;34mhttp-nio-8080-exec-5[m] [36mValidateCountedFractionServiceImpl[m - Start method validateAccountFractionAssignmentV1, accountNumber -> 4021801, tradeId -> 1068982, sideId -> 1, originId -> 122, isLocalCorrection -> false
[30m2026-08-27T14:37:06,834[m [32mINFO  [m[[1;34mhttp-nio-8080-exec-5[m] [36mValidateCountedFractionServiceImpl[m - Searching participant account assignment for accountNumber -> 4021801, participantId -> 15, depositoryId -> 1
[30m2026-08-27T14:37:06,836[m [32mINFO  [m[[1;34mhttp-nio-8080-exec-5[m] [36mValidateCountedFractionServiceImpl[m - No participant account found for accountNumber -> 4021801
[30m2026-08-27T14:37:06,849[m [32mINFO  [m[[1;34mhttp-nio-8080-exec-5[m] [36mValidateCountedFractionServiceImpl[m - End method validateAccountFractionAssignmentV1, fractionAccountOutDto -> FractionAccountOutDto(participantAccount=null, investorAccount=InvestorAccountOutDto(id=57, investor=InvestorOutDto(id=167, code=CL00000001, firstName=Prueba Nombre 1, lastName=Prueba Nombre 2, companyName=TERCERO3509748, type=TypeOutDto(id=2, description=JURIDICO, category=PERSONA), status=StatusOutDto(id=515, description=ACTIVO, category=INVERSIONISTA, shortName=null), country=CountryOutDto(id=35, code=CL, name=CHILE, currency=CurrencyOutDto(id=30, code=CLP, name=PESO CHILENO), timeZone=UTC -3), documentNumber=8605303170, identificationType=IdentificationTypeOutDto(id=5, description=CEDULA DE CIUDADANÍA, code=CC), nationality=35, clearinghouseCode=null, gics=null, moneyLaunderingFlag=null, taxStatus=null), accountNumber=4021801, accountName=AMBIENTE 3  PRUEBA 3, status=StatusOutDto(id=570, description=ACTIVO, category=CUENTA_INVERSIONISTA, shortName=null), originType=TypeOutDto(id=120, description=TERCEROS, category=ORIGEN PUNTA), type=TypeOutDto(id=26, description=CUENTA DEPOSITO, category=CUENTA DEPOSITO), depository=DepositoryOutDto(id=1, description=DVL), participant=null, taxExemp=false), sourceQuoteType=TypeOutDto(id=120, description=TERCEROS, category=ORIGEN PUNTA), fiduciarySpecialist=false, jointAccount=false, masterAccount=false, custodian=null, milaDirectDepositor=null)
[30m2026-08-27T14:37:06,868[m [32mINFO  [m[[1;34mhttp-nio-8080-exec-5[m] [36mValidateCountedFractionServiceImpl[m - Start method validateQuantityFractionsV1, tradeId -> 1068982
[30m2026-08-27T14:37:06,868[m [32mINFO  [m[[1;34mhttp-nio-8080-exec-5[m] [36mValidateCountedFractionServiceImpl[m - Start method validateMaximumLimitFractionsV1
[30m2026-08-27T14:37:06,868[m [32mINFO  [m[[1;34mhttp-nio-8080-exec-5[m] [36mValidateCountedFractionServiceImpl[m - Start method validateQuantityFractionsV1, tradeId -> 1068983
[30m2026-08-27T14:37:06,868[m [32mINFO  [m[[1;34mhttp-nio-8080-exec-5[m] [36mValidateCountedFractionServiceImpl[m - Start method validateMaximumLimitFractionsV1
[30m2026-08-27T14:37:06,868[m [32mINFO  [m[[1;34mhttp-nio-8080-exec-5[m] [36mValidateCountedFractionServiceImpl[m - Start method validateQuantityFractionsV1, tradeId -> 1077147
[30m2026-08-27T14:37:06,869[m [32mINFO  [m[[1;34mhttp-nio-8080-exec-5[m] [36mValidateCountedFractionServiceImpl[m - Start method validateMaximumLimitFractionsV1
[30m2026-08-27T14:37:06,869[m [32mINFO  [m[[1;34mhttp-nio-8080-exec-5[m] [36mValidateCountedFractionServiceImpl[m - Start method validateQuantityFractionsV1, tradeId -> 1073774
[30m2026-08-27T14:37:06,869[m [32mINFO  [m[[1;34mhttp-nio-8080-exec-5[m] [36mValidateCountedFractionServiceImpl[m - Start method validateMaximumLimitFractionsV1
[30m2026-08-27T14:37:06,869[m [32mINFO  [m[[1;34mhttp-nio-8080-exec-5[m] [36mValidateCountedFractionServiceImpl[m - Start method validateQuantityFractionsV1, tradeId -> 1077148
[30m2026-08-27T14:37:06,869[m [32mINFO  [m[[1;34mhttp-nio-8080-exec-5[m] [36mValidateCountedFractionServiceImpl[m - Start method validateMaximumLimitFractionsV1
[30m2026-08-27T14:37:06,869[m [32mINFO  [m[[1;34mhttp-nio-8080-exec-5[m] [36mValidateCountedFractionServiceImpl[m - Start method validateQuantityFractionsV1, tradeId -> 1076616
[30m2026-08-27T14:37:06,869[m [32mINFO  [m[[1;34mhttp-nio-8080-exec-5[m] [36mValidateCountedFractionServiceImpl[m - Start method validateMaximumLimitFractionsV1
[30m2026-08-27T14:37:06,869[m [32mINFO  [m[[1;34mhttp-nio-8080-exec-5[m] [36mValidateCountedFractionServiceImpl[m - Start method validateQuantityFractionsV1, tradeId -> 1068984
[30m2026-08-27T14:37:06,869[m [32mINFO  [m[[1;34mhttp-nio-8080-exec-5[m] [36mValidateCountedFractionServiceImpl[m - Start method validateMaximumLimitFractionsV1
[30m2026-08-27T14:37:06,869[m [32mINFO  [m[[1;34mhttp-nio-8080-exec-5[m] [36mValidateCountedFractionServiceImpl[m - Start method validateQuantityFractionsV1, tradeId -> 1068985
[30m2026-08-27T14:37:06,869[m [32mINFO  [m[[1;34mhttp-nio-8080-exec-5[m] [36mValidateCountedFractionServiceImpl[m - Start method validateMaximumLimitFractionsV1
[30m2026-08-27T14:37:06,869[m [32mINFO  [m[[1;34mhttp-nio-8080-exec-5[m] [36mValidateCountedFractionServiceImpl[m - Start method validateQuantityFractionsV1, tradeId -> 1078189
[30m2026-08-27T14:37:06,869[m [32mINFO  [m[[1;34mhttp-nio-8080-exec-5[m] [36mValidateCountedFractionServiceImpl[m - Start method validateMaximumLimitFractionsV1
[30m2026-08-27T14:37:06,869[m [32mINFO  [m[[1;34mhttp-nio-8080-exec-5[m] [36mValidateCountedFractionServiceImpl[m - Start method validateQuantityFractionsV1, tradeId -> 1076621
[30m2026-08-27T14:37:06,869[m [32mINFO  [m[[1;34mhttp-nio-8080-exec-5[m] [36mValidateCountedFractionServiceImpl[m - Start method validateMaximumLimitFractionsV1
[30m2026-08-27T14:37:06,869[m [32mINFO  [m[[1;34mhttp-nio-8080-exec-5[m] [36mValidateCountedFractionServiceImpl[m - Start method validateQuantityFractionsV1, tradeId -> 1073781
[30m2026-08-27T14:37:06,869[m [32mINFO  [m[[1;34mhttp-nio-8080-exec-5[m] [36mValidateCountedFractionServiceImpl[m - Start method validateMaximumLimitFractionsV1
[30m2026-08-27T14:37:06,869[m [32mINFO  [m[[1;34mhttp-nio-8080-exec-5[m] [36mValidateCountedFractionServiceImpl[m - Start method validateQuantityFractionsV1, tradeId -> 1077154
[30m2026-08-27T14:37:06,869[m [32mINFO  [m[[1;34mhttp-nio-8080-exec-5[m] [36mValidateCountedFractionServiceImpl[m - Start method validateMaximumLimitFractionsV1
[30m2026-08-27T14:37:06,869[m [32mINFO  [m[[1;34mhttp-nio-8080-exec-5[m] [36mValidateCountedFractionServiceImpl[m - Start method validateQuantityFractionsV1, tradeId -> 1077155
[30m2026-08-27T14:37:06,869[m [32mINFO  [m[[1;34mhttp-nio-8080-exec-5[m] [36mValidateCountedFractionServiceImpl[m - Start method validateMaximumLimitFractionsV1
[30m2026-08-27T14:37:06,869[m [32mINFO  [m[[1;34mhttp-nio-8080-exec-5[m] [36mValidateCountedFractionServiceImpl[m - Start method validateQuantityFractionsV1, tradeId -> 1068992
[30m2026-08-27T14:37:06,869[m [32mINFO  [m[[1;34mhttp-nio-8080-exec-5[m] [36mValidateCountedFractionServiceImpl[m - Start method validateMaximumLimitFractionsV1
[30m2026-08-27T14:37:06,869[m [32mINFO  [m[[1;34mhttp-nio-8080-exec-5[m] [36mValidateCountedFractionServiceImpl[m - Start method validateQuantityFractionsV1, tradeId -> 1073782
[30m2026-08-27T14:37:06,869[m [32mINFO  [m[[1;34mhttp-nio-8080-exec-5[m] [36mValidateCountedFractionServiceImpl[m - Start method validateMaximumLimitFractionsV1
[30m2026-08-27T14:37:06,870[m [32mINFO  [m[[1;34mhttp-nio-8080-exec-5[m] [36mValidateCountedFractionServiceImpl[m - Start method validateQuantityFractionsV1, tradeId -> 1078195
[30m2026-08-27T14:37:06,870[m [32mINFO  [m[[1;34mhttp-nio-8080-exec-5[m] [36mValidateCountedFractionServiceImpl[m - Start method validateMaximumLimitFractionsV1
[30m2026-08-27T14:37:06,870[m [32mINFO  [m[[1;34mhttp-nio-8080-exec-5[m] [36mValidateCountedFractionServiceImpl[m - Start method validateQuantityFractionsV1, tradeId -> 1077156
[30m2026-08-27T14:37:06,870[m [32mINFO  [m[[1;34mhttp-nio-8080-exec-5[m] [36mValidateCountedFractionServiceImpl[m - Start method validateMaximumLimitFractionsV1
[30m2026-08-27T14:37:06,870[m [32mINFO  [m[[1;34mhttp-nio-8080-exec-5[m] [36mValidateCountedFractionServiceImpl[m - Start method validateQuantityFractionsV1, tradeId -> 1068993
[30m2026-08-27T14:37:06,870[m [32mINFO  [m[[1;34mhttp-nio-8080-exec-5[m] [36mValidateCountedFractionServiceImpl[m - Start method validateMaximumLimitFractionsV1
[30m2026-08-27T14:37:06,870[m [32mINFO  [m[[1;34mhttp-nio-8080-exec-5[m] [36mValidateCountedFractionServiceImpl[m - Start method validateQuantityFractionsV1, tradeId -> 1077157
[30m2026-08-27T14:37:06,870[m [32mINFO  [m[[1;34mhttp-nio-8080-exec-5[m] [36mValidateCountedFractionServiceImpl[m - Start method validateMaximumLimitFractionsV1
[30m2026-08-27T14:37:06,870[m [32mINFO  [m[[1;34mhttp-nio-8080-exec-5[m] [36mValidateCountedFractionServiceImpl[m - Start method validateQuantityFractionsV1, tradeId -> 1077158
[30m2026-08-27T14:37:06,870[m [32mINFO  [m[[1;34mhttp-nio-8080-exec-5[m] [36mValidateCountedFractionServiceImpl[m - Start method validateMaximumLimitFractionsV1
[30m2026-08-27T14:37:06,870[m [32mINFO  [m[[1;34mhttp-nio-8080-exec-5[m] [36mValidateCountedFractionServiceImpl[m - Start method validateQuantityFractionsV1, tradeId -> 1077159
[30m2026-08-27T14:37:06,870[m [32mINFO  [m[[1;34mhttp-nio-8080-exec-5[m] [36mValidateCountedFractionServiceImpl[m - Start method validateMaximumLimitFractionsV1
[30m2026-08-27T14:37:06,870[m [32mINFO  [m[[1;34mhttp-nio-8080-exec-5[m] [36mValidateCountedFractionServiceImpl[m - Start method validateQuantityFractionsV1, tradeId -> 1073783
[30m2026-08-27T14:37:06,870[m [32mINFO  [m[[1;34mhttp-nio-8080-exec-5[m] [36mValidateCountedFractionServiceImpl[m - Start method validateMaximumLimitFractionsV1
[30m2026-08-27T14:37:06,870[m [32mINFO  [m[[1;34mhttp-nio-8080-exec-5[m] [36mValidateCountedFractionServiceImpl[m - Start method validateQuantityFractionsV1, tradeId -> 1076622
[30m2026-08-27T14:37:06,870[m [32mINFO  [m[[1;34mhttp-nio-8080-exec-5[m] [36mValidateCountedFractionServiceImpl[m - Start method validateMaximumLimitFractionsV1
[30m2026-08-27T14:37:06,870[m [32mINFO  [m[[1;34mhttp-nio-8080-exec-5[m] [36mValidateCountedFractionServiceImpl[m - Start method validateQuantityFractionsV1, tradeId -> 1076623
[30m2026-08-27T14:37:06,870[m [32mINFO  [m[[1;34mhttp-nio-8080-exec-5[m] [36mValidateCountedFractionServiceImpl[m - Start method validateMaximumLimitFractionsV1
[30m2026-08-27T14:37:06,870[m [32mINFO  [m[[1;34mhttp-nio-8080-exec-5[m] [36mValidateCountedFractionServiceImpl[m - Start method validateQuantityFractionsV1, tradeId -> 1078196
[30m2026-08-27T14:37:06,870[m [32mINFO  [m[[1;34mhttp-nio-8080-exec-5[m] [36mValidateCountedFractionServiceImpl[m - Start method validateMaximumLimitFractionsV1
[30m2026-08-27T14:37:06,870[m [32mINFO  [m[[1;34mhttp-nio-8080-exec-5[m] [36mValidateCountedFractionServiceImpl[m - Start method validateQuantityFractionsV1, tradeId -> 1077164
[30m2026-08-27T14:37:06,870[m [32mINFO  [m[[1;34mhttp-nio-8080-exec-5[m] [36mValidateCountedFractionServiceImpl[m - Start method validateMaximumLimitFractionsV1
[30m2026-08-27T14:37:06,870[m [32mINFO  [m[[1;34mhttp-nio-8080-exec-5[m] [36mValidateCountedFractionServiceImpl[m - Start method validateQuantityFractionsV1, tradeId -> 1073785
[30m2026-08-27T14:37:06,871[m [32mINFO  [m[[1;34mhttp-nio-8080-exec-5[m] [36mValidateCountedFractionServiceImpl[m - Start method validateMaximumLimitFractionsV1
[30m2026-08-27T14:37:06,871[m [32mINFO  [m[[1;34mhttp-nio-8080-exec-5[m] [36mValidateCountedFractionServiceImpl[m - Start method validateQuantityFractionsV1, tradeId -> 1076624
[30m2026-08-27T14:37:06,871[m [32mINFO  [m[[1;34mhttp-nio-8080-exec-5[m] [36mValidateCountedFractionServiceImpl[m - Start method validateMaximumLimitFractionsV1
[30m2026-08-27T14:37:06,871[m [32mINFO  [m[[1;34mhttp-nio-8080-exec-5[m] [36mValidateCountedFractionServiceImpl[m - Start method validateQuantityFractionsV1, tradeId -> 1077165
[30m2026-08-27T14:37:06,871[m [32mINFO  [m[[1;34mhttp-nio-8080-exec-5[m] [36mValidateCountedFractionServiceImpl[m - Start method validateMaximumLimitFractionsV1
[30m2026-08-27T14:37:06,871[m [32mINFO  [m[[1;34mhttp-nio-8080-exec-5[m] [36mValidateCountedFractionServiceImpl[m - Start method validateQuantityFractionsV1, tradeId -> 1076625
[30m2026-08-27T14:37:06,871[m [32mINFO  [m[[1;34mhttp-nio-8080-exec-5[m] [36mValidateCountedFractionServiceImpl[m - Start method validateMaximumLimitFractionsV1
[30m2026-08-27T14:37:06,871[m [32mINFO  [m[[1;34mhttp-nio-8080-exec-5[m] [36mValidateCountedFractionServiceImpl[m - Start method validateQuantityFractionsV1, tradeId -> 1077166
[30m2026-08-27T14:37:06,871[m [32mINFO  [m[[1;34mhttp-nio-8080-exec-5[m] [36mValidateCountedFractionServiceImpl[m - Start method validateMaximumLimitFractionsV1
[30m2026-08-27T14:37:06,871[m [32mINFO  [m[[1;34mhttp-nio-8080-exec-5[m] [36mValidateCountedFractionServiceImpl[m - Start method validateQuantityFractionsV1, tradeId -> 1078197
[30m2026-08-27T14:37:06,871[m [32mINFO  [m[[1;34mhttp-nio-8080-exec-5[m] [36mValidateCountedFractionServiceImpl[m - Start method validateMaximumLimitFractionsV1
[30m2026-08-27T14:37:06,871[m [32mINFO  [m[[1;34mhttp-nio-8080-exec-5[m] [36mValidateCountedFractionServiceImpl[m - Start method validateQuantityFractionsV1, tradeId -> 1073786
[30m2026-08-27T14:37:06,871[m [32mINFO  [m[[1;34mhttp-nio-8080-exec-5[m] [36mValidateCountedFractionServiceImpl[m - Start method validateMaximumLimitFractionsV1
[30m2026-08-27T14:37:06,871[m [32mINFO  [m[[1;34mhttp-nio-8080-exec-5[m] [36mValidateCountedFractionServiceImpl[m - Start method validateQuantityFractionsV1, tradeId -> 1073787
[30m2026-08-27T14:37:06,871[m [32mINFO  [m[[1;34mhttp-nio-8080-exec-5[m] [36mValidateCountedFractionServiceImpl[m - Start method validateMaximumLimitFractionsV1
[30m2026-08-27T14:37:06,871[m [32mINFO  [m[[1;34mhttp-nio-8080-exec-5[m] [36mValidateCountedFractionServiceImpl[m - Start method validateQuantityFractionsV1, tradeId -> 1077167
[30m2026-08-27T14:37:06,871[m [32mINFO  [m[[1;34mhttp-nio-8080-exec-5[m] [36mValidateCountedFractionServiceImpl[m - Start method validateMaximumLimitFractionsV1
[30m2026-08-27T14:37:06,871[m [32mINFO  [m[[1;34mhttp-nio-8080-exec-5[m] [36mValidateCountedFractionServiceImpl[m - Start method validateQuantityFractionsV1, tradeId -> 1076626
[30m2026-08-27T14:37:06,871[m [32mINFO  [m[[1;34mhttp-nio-8080-exec-5[m] [36mValidateCountedFractionServiceImpl[m - Start method validateMaximumLimitFractionsV1
[30m2026-08-27T14:37:06,872[m [32mINFO  [m[[1;34mhttp-nio-8080-exec-5[m] [36mValidateCountedFractionServiceImpl[m - Start method validateQuantityFractionsV1, tradeId -> 1076627
[30m2026-08-27T14:37:06,872[m [32mINFO  [m[[1;34mhttp-nio-8080-exec-5[m] [36mValidateCountedFractionServiceImpl[m - Start method validateMaximumLimitFractionsV1
[30m2026-08-27T14:37:06,872[m [32mINFO  [m[[1;34mhttp-nio-8080-exec-5[m] [36mValidateCountedFractionServiceImpl[m - Start method validateQuantityFractionsV1, tradeId -> 1068994
[30m2026-08-27T14:37:06,872[m [32mINFO  [m[[1;34mhttp-nio-8080-exec-5[m] [36mValidateCountedFractionServiceImpl[m - Start method validateMaximumLimitFractionsV1
[30m2026-08-27T14:37:06,872[m [32mINFO  [m[[1;34mhttp-nio-8080-exec-5[m] [36mValidateCountedFractionServiceImpl[m - Start method validateQuantityFractionsV1, tradeId -> 1077168
[30m2026-08-27T14:37:06,872[m [32mINFO  [m[[1;34mhttp-nio-8080-exec-5[m] [36mValidateCountedFractionServiceImpl[m - Start method validateMaximumLimitFractionsV1
[30m2026-08-27T14:37:06,872[m [32mINFO  [m[[1;34mhttp-nio-8080-exec-5[m] [36mValidateCountedFractionServiceImpl[m - Start method validateQuantityFractionsV1, tradeId -> 1077169
[30m2026-08-27T14:37:06,872[m [32mINFO  [m[[1;34mhttp-nio-8080-exec-5[m] [36mValidateCountedFractionServiceImpl[m - Start method validateMaximumLimitFractionsV1
[30m2026-08-27T14:37:06,872[m [32mINFO  [m[[1;34mhttp-nio-8080-exec-5[m] [36mValidateCountedFractionServiceImpl[m - Start method validateQuantityFractionsV1, tradeId -> 1078198
[30m2026-08-27T14:37:06,872[m [32mINFO  [m[[1;34mhttp-nio-8080-exec-5[m] [36mValidateCountedFractionServiceImpl[m - Start method validateMaximumLimitFractionsV1
[30m2026-08-27T14:37:06,872[m [32mINFO  [m[[1;34mhttp-nio-8080-exec-5[m] [36mValidateCountedFractionServiceImpl[m - Start method validateQuantityFractionsV1, tradeId -> 1078199
[30m2026-08-27T14:37:06,872[m [32mINFO  [m[[1;34mhttp-nio-8080-exec-5[m] [36mValidateCountedFractionServiceImpl[m - Start method validateMaximumLimitFractionsV1
[30m2026-08-27T14:37:06,872[m [32mINFO  [m[[1;34mhttp-nio-8080-exec-5[m] [36mValidateCountedFractionServiceImpl[m - Start method validateQuantityFractionsV1, tradeId -> 1076628
[30m2026-08-27T14:37:06,872[m [32mINFO  [m[[1;34mhttp-nio-8080-exec-5[m] [36mValidateCountedFractionServiceImpl[m - Start method validateMaximumLimitFractionsV1
[30m2026-08-27T14:37:06,872[m [32mINFO  [m[[1;34mhttp-nio-8080-exec-5[m] [36mValidateCountedFractionServiceImpl[m - Start method validateQuantityFractionsV1, tradeId -> 1073788
[30m2026-08-27T14:37:06,872[m [32mINFO  [m[[1;34mhttp-nio-8080-exec-5[m] [36mValidateCountedFractionServiceImpl[m - Start method validateMaximumLimitFractionsV1
[30m2026-08-27T14:37:06,872[m [32mINFO  [m[[1;34mhttp-nio-8080-exec-5[m] [36mValidateCountedFractionServiceImpl[m - Start method validateQuantityFractionsV1, tradeId -> 1068995
[30m2026-08-27T14:37:06,872[m [32mINFO  [m[[1;34mhttp-nio-8080-exec-5[m] [36mValidateCountedFractionServiceImpl[m - Start method validateMaximumLimitFractionsV1
[30m2026-08-27T14:37:06,872[m [32mINFO  [m[[1;34mhttp-nio-8080-exec-5[m] [36mValidateCountedFractionServiceImpl[m - Start method validateQuantityFractionsV1, tradeId -> 1078200
[30m2026-08-27T14:37:06,872[m [32mINFO  [m[[1;34mhttp-nio-8080-exec-5[m] [36mValidateCountedFractionServiceImpl[m - Start method validateMaximumLimitFractionsV1
[30m2026-08-27T14:37:06,872[m [32mINFO  [m[[1;34mhttp-nio-8080-exec-5[m] [36mValidateCountedFractionServiceImpl[m - Start method validateQuantityFractionsV1, tradeId -> 1076629
[30m2026-08-27T14:37:06,872[m [32mINFO  [m[[1;34mhttp-nio-8080-exec-5[m] [36mValidateCountedFractionServiceImpl[m - Start method validateMaximumLimitFractionsV1
[30m2026-08-27T14:37:06,872[m [32mINFO  [m[[1;34mhttp-nio-8080-exec-5[m] [36mValidateCountedFractionServiceImpl[m - Start method validateQuantityFractionsV1, tradeId -> 1073789
[30m2026-08-27T14:37:06,873[m [32mINFO  [m[[1;34mhttp-nio-8080-exec-5[m] [36mValidateCountedFractionServiceImpl[m - Start method validateMaximumLimitFractionsV1
[30m2026-08-27T14:37:06,873[m [32mINFO  [m[[1;34mhttp-nio-8080-exec-5[m] [36mValidateCountedFractionServiceImpl[m - Start method validateQuantityFractionsV1, tradeId -> 1068996
[30m2026-08-27T14:37:06,873[m [32mINFO  [m[[1;34mhttp-nio-8080-exec-5[m] [36mValidateCountedFractionServiceImpl[m - Start method validateMaximumLimitFractionsV1
[30m2026-08-27T14:37:06,873[m [32mINFO  [m[[1;34mhttp-nio-8080-exec-5[m] [36mValidateCountedFractionServiceImpl[m - Start method validateQuantityFractionsV1, tradeId -> 1077170
[30m2026-08-27T14:37:06,873[m [32mINFO  [m[[1;34mhttp-nio-8080-exec-5[m] [36mValidateCountedFractionServiceImpl[m - Start method validateMaximumLimitFractionsV1
[30m2026-08-27T14:37:06,873[m [32mINFO  [m[[1;34mhttp-nio-8080-exec-5[m] [36mFractionationCountedServiceImpl[m - PERF_ASSIGNMENT_VALIDATION_BATCH batchId=7120eb45-6955-4908-adf3-1d95ac8b0b95 inputCount=50 validCount=50 invalidCount=0 uniqueTrades=50 uniqueSides=1 uniqueParticipants=1 titleAccountResolutionRequests=50 titleAccountUniqueBusinessKeys=1 settlementLookupRequests=50 settlementUniqueTradeSides=50 settlementRepositoryCalls=1 settlementRowsLoaded=0 settlementPrefetchMs=4 cudLookupRequests=0 cudUniqueTradeSides=0 cudUniqueBusinessKeys=0 cudRepositoryCalls=0 cudRowsLoaded=0 cudPrefetchMs=0 tradePrefetchMs=365 sidePrefetchMs=0 participantPrefetchMs=13 accountResolutionMs=16 accountPrefetchMs=10 businessValidationMs=7 totalMs=418
[30m2026-08-27T14:37:06,873[m [32mINFO  [m[[1;34mhttp-nio-8080-exec-5[m] [36mRestClientUtils[m - Client [POST] http://operaciones-fracciones-contado-back-service/operations-fractionation-api/v1/fractionation/batch
[30m2026-08-27T14:37:08,603[m [32mINFO  [m[[1;34mhttp-nio-8080-exec-5[m] [36mFractionationCountedServiceImpl[m - PERF_ASSIGNMENT_BATCH service=cmd batchId=7120eb45-6955-4908-adf3-1d95ac8b0b95 mode=RAW_VALIDATED configuredMaxBatchSize=80 receivedBatchSize=50 processedCount=50 successCount=50 failureCount=0 fractionationMs=1730 totalMs=1730
[30m2026-08-27T14:37:08,603[m [32mINFO  [m[[1;34mhttp-nio-8080-exec-5[m] [36mFractionationCountedServiceImpl[m - PERF_ASSIGNMENT_BATCH service=cmd batchId=7120eb45-6955-4908-adf3-1d95ac8b0b95 mode=RAW configuredMaxBatchSize=80 receivedBatchSize=50 validCount=50 invalidCount=0 sentToFractionationCount=50 successCount=50 failureCount=0 totalMs=2149
[30m2026-08-27T14:37:08,606[m [32mINFO  [m[[1;34mhttp-nio-8080-exec-5[m] [36mGlobalFilter[m - Request [POST /operations-cmd-api/v1/fractionation/counted-operation/batch] completed in 2159 ms with status 200
[30m2026-08-27T14:37:08,629[m [32mINFO  [m[[1;34mhttp-nio-8080-exec-6[m] [36mGlobalFilter[m - ----------- Client User: operaciones-orquestador-ext-back ----------
[30m2026-08-27T14:37:08,940[m [32mINFO  [m[[1;34mhttp-nio-8080-exec-6[m] [36mValidateCountedFractionServiceImpl[m - Start method validateAccountFractionAssignmentV1, accountNumber -> 4021801, tradeId -> 1076630, sideId -> 1, originId -> 122, isLocalCorrection -> false
[30m2026-08-27T14:37:08,940[m [32mINFO  [m[[1;34mhttp-nio-8080-exec-6[m] [36mValidateCountedFractionServiceImpl[m - Searching participant account assignment for accountNumber -> 4021801, participantId -> 15, depositoryId -> 1
[30m2026-08-27T14:37:08,942[m [32mINFO  [m[[1;34mhttp-nio-8080-exec-6[m] [36mValidateCountedFractionServiceImpl[m - No participant account found for accountNumber -> 4021801
[30m2026-08-27T14:37:08,955[m [32mINFO  [m[[1;34mhttp-nio-8080-exec-6[m] [36mValidateCountedFractionServiceImpl[m - End method validateAccountFractionAssignmentV1, fractionAccountOutDto -> FractionAccountOutDto(participantAccount=null, investorAccount=InvestorAccountOutDto(id=57, investor=InvestorOutDto(id=167, code=CL00000001, firstName=Prueba Nombre 1, lastName=Prueba Nombre 2, companyName=TERCERO3509748, type=TypeOutDto(id=2, description=JURIDICO, category=PERSONA), status=StatusOutDto(id=515, description=ACTIVO, category=INVERSIONISTA, shortName=null), country=CountryOutDto(id=35, code=CL, name=CHILE, currency=CurrencyOutDto(id=30, code=CLP, name=PESO CHILENO), timeZone=UTC -3), documentNumber=8605303170, identificationType=IdentificationTypeOutDto(id=5, description=CEDULA DE CIUDADANÍA, code=CC), nationality=35, clearinghouseCode=null, gics=null, moneyLaunderingFlag=null, taxStatus=null), accountNumber=4021801, accountName=AMBIENTE 3  PRUEBA 3, status=StatusOutDto(id=570, description=ACTIVO, category=CUENTA_INVERSIONISTA, shortName=null), originType=TypeOutDto(id=120, description=TERCEROS, category=ORIGEN PUNTA), type=TypeOutDto(id=26, description=CUENTA DEPOSITO, category=CUENTA DEPOSITO), depository=DepositoryOutDto(id=1, description=DVL), participant=null, taxExemp=false), sourceQuoteType=TypeOutDto(id=120, description=TERCEROS, category=ORIGEN PUNTA), fiduciarySpecialist=false, jointAccount=false, masterAccount=false, custodian=null, milaDirectDepositor=null)
[30m2026-08-27T14:37:08,972[m [32mINFO  [m[[1;34mhttp-nio-8080-exec-6[m] [36mValidateCountedFractionServiceImpl[m - Start method validateQuantityFractionsV1, tradeId -> 1076630
[30m2026-08-27T14:37:08,972[m [32mINFO  [m[[1;34mhttp-nio-8080-exec-6[m] [36mValidateCountedFractionServiceImpl[m - Start method validateMaximumLimitFractionsV1
[30m2026-08-27T14:37:08,973[m [32mINFO  [m[[1;34mhttp-nio-8080-exec-6[m] [36mValidateCountedFractionServiceImpl[m - Start method validateQuantityFractionsV1, tradeId -> 1073790
[30m2026-08-27T14:37:08,973[m [32mINFO  [m[[1;34mhttp-nio-8080-exec-6[m] [36mValidateCountedFractionServiceImpl[m - Start method validateMaximumLimitFractionsV1
[30m2026-08-27T14:37:08,973[m [32mINFO  [m[[1;34mhttp-nio-8080-exec-6[m] [36mValidateCountedFractionServiceImpl[m - Start method validateQuantityFractionsV1, tradeId -> 1078201
[30m2026-08-27T14:37:08,973[m [32mINFO  [m[[1;34mhttp-nio-8080-exec-6[m] [36mValidateCountedFractionServiceImpl[m - Start method validateMaximumLimitFractionsV1
[30m2026-08-27T14:37:08,973[m [32mINFO  [m[[1;34mhttp-nio-8080-exec-6[m] [36mValidateCountedFractionServiceImpl[m - Start method validateQuantityFractionsV1, tradeId -> 1076631
[30m2026-08-27T14:37:08,973[m [32mINFO  [m[[1;34mhttp-nio-8080-exec-6[m] [36mValidateCountedFractionServiceImpl[m - Start method validateMaximumLimitFractionsV1
[30m2026-08-27T14:37:08,973[m [32mINFO  [m[[1;34mhttp-nio-8080-exec-6[m] [36mValidateCountedFractionServiceImpl[m - Start method validateQuantityFractionsV1, tradeId -> 1078202
[30m2026-08-27T14:37:08,973[m [32mINFO  [m[[1;34mhttp-nio-8080-exec-6[m] [36mValidateCountedFractionServiceImpl[m - Start method validateMaximumLimitFractionsV1
[30m2026-08-27T14:37:08,973[m [32mINFO  [m[[1;34mhttp-nio-8080-exec-6[m] [36mValidateCountedFractionServiceImpl[m - Start method validateQuantityFractionsV1, tradeId -> 1077171
[30m2026-08-27T14:37:08,973[m [32mINFO  [m[[1;34mhttp-nio-8080-exec-6[m] [36mValidateCountedFractionServiceImpl[m - Start method validateMaximumLimitFractionsV1
[30m2026-08-27T14:37:08,973[m [32mINFO  [m[[1;34mhttp-nio-8080-exec-6[m] [36mValidateCountedFractionServiceImpl[m - Start method validateQuantityFractionsV1, tradeId -> 1073791
[30m2026-08-27T14:37:08,974[m [32mINFO  [m[[1;34mhttp-nio-8080-exec-6[m] [36mValidateCountedFractionServiceImpl[m - Start method validateMaximumLimitFractionsV1
[30m2026-08-27T14:37:08,974[m [32mINFO  [m[[1;34mhttp-nio-8080-exec-6[m] [36mValidateCountedFractionServiceImpl[m - Start method validateQuantityFractionsV1, tradeId -> 1068997
[30m2026-08-27T14:37:08,974[m [32mINFO  [m[[1;34mhttp-nio-8080-exec-6[m] [36mValidateCountedFractionServiceImpl[m - Start method validateMaximumLimitFractionsV1
[30m2026-08-27T14:37:08,974[m [32mINFO  [m[[1;34mhttp-nio-8080-exec-6[m] [36mValidateCountedFractionServiceImpl[m - Start method validateQuantityFractionsV1, tradeId -> 1077172
[30m2026-08-27T14:37:08,974[m [32mINFO  [m[[1;34mhttp-nio-8080-exec-6[m] [36mValidateCountedFractionServiceImpl[m - Start method validateMaximumLimitFractionsV1
[30m2026-08-27T14:37:08,974[m [32mINFO  [m[[1;34mhttp-nio-8080-exec-6[m] [36mValidateCountedFractionServiceImpl[m - Start method validateQuantityFractionsV1, tradeId -> 1068998
[30m2026-08-27T14:37:08,974[m [32mINFO  [m[[1;34mhttp-nio-8080-exec-6[m] [36mValidateCountedFractionServiceImpl[m - Start method validateMaximumLimitFractionsV1
[30m2026-08-27T14:37:08,974[m [32mINFO  [m[[1;34mhttp-nio-8080-exec-6[m] [36mValidateCountedFractionServiceImpl[m - Start method validateQuantityFractionsV1, tradeId -> 1076632
[30m2026-08-27T14:37:08,974[m [32mINFO  [m[[1;34mhttp-nio-8080-exec-6[m] [36mValidateCountedFractionServiceImpl[m - Start method validateMaximumLimitFractionsV1
[30m2026-08-27T14:37:08,974[m [32mINFO  [m[[1;34mhttp-nio-8080-exec-6[m] [36mValidateCountedFractionServiceImpl[m - Start method validateQuantityFractionsV1, tradeId -> 1078203
[30m2026-08-27T14:37:08,974[m [32mINFO  [m[[1;34mhttp-nio-8080-exec-6[m] [36mValidateCountedFractionServiceImpl[m - Start method validateMaximumLimitFractionsV1
[30m2026-08-27T14:37:08,974[m [32mINFO  [m[[1;34mhttp-nio-8080-exec-6[m] [36mValidateCountedFractionServiceImpl[m - Start method validateQuantityFractionsV1, tradeId -> 1076633
[30m2026-08-27T14:37:08,974[m [32mINFO  [m[[1;34mhttp-nio-8080-exec-6[m] [36mValidateCountedFractionServiceImpl[m - Start method validateMaximumLimitFractionsV1
[30m2026-08-27T14:37:08,974[m [32mINFO  [m[[1;34mhttp-nio-8080-exec-6[m] [36mValidateCountedFractionServiceImpl[m - Start method validateQuantityFractionsV1, tradeId -> 1077173
[30m2026-08-27T14:37:08,974[m [32mINFO  [m[[1;34mhttp-nio-8080-exec-6[m] [36mValidateCountedFractionServiceImpl[m - Start method validateMaximumLimitFractionsV1
[30m2026-08-27T14:37:08,974[m [32mINFO  [m[[1;34mhttp-nio-8080-exec-6[m] [36mValidateCountedFractionServiceImpl[m - Start method validateQuantityFractionsV1, tradeId -> 1077174
[30m2026-08-27T14:37:08,974[m [32mINFO  [m[[1;34mhttp-nio-8080-exec-6[m] [36mValidateCountedFractionServiceImpl[m - Start method validateMaximumLimitFractionsV1
[30m2026-08-27T14:37:08,974[m [32mINFO  [m[[1;34mhttp-nio-8080-exec-6[m] [36mValidateCountedFractionServiceImpl[m - Start method validateQuantityFractionsV1, tradeId -> 1076634
[30m2026-08-27T14:37:08,974[m [32mINFO  [m[[1;34mhttp-nio-8080-exec-6[m] [36mValidateCountedFractionServiceImpl[m - Start method validateMaximumLimitFractionsV1
[30m2026-08-27T14:37:08,974[m [32mINFO  [m[[1;34mhttp-nio-8080-exec-6[m] [36mValidateCountedFractionServiceImpl[m - Start method validateQuantityFractionsV1, tradeId -> 1077175
[30m2026-08-27T14:37:08,974[m [32mINFO  [m[[1;34mhttp-nio-8080-exec-6[m] [36mValidateCountedFractionServiceImpl[m - Start method validateMaximumLimitFractionsV1
[30m2026-08-27T14:37:08,974[m [32mINFO  [m[[1;34mhttp-nio-8080-exec-6[m] [36mValidateCountedFractionServiceImpl[m - Start method validateQuantityFractionsV1, tradeId -> 1076635
[30m2026-08-27T14:37:08,974[m [32mINFO  [m[[1;34mhttp-nio-8080-exec-6[m] [36mValidateCountedFractionServiceImpl[m - Start method validateMaximumLimitFractionsV1
[30m2026-08-27T14:37:08,975[m [32mINFO  [m[[1;34mhttp-nio-8080-exec-6[m] [36mValidateCountedFractionServiceImpl[m - Start method validateQuantityFractionsV1, tradeId -> 1077176
[30m2026-08-27T14:37:08,975[m [32mINFO  [m[[1;34mhttp-nio-8080-exec-6[m] [36mValidateCountedFractionServiceImpl[m - Start method validateMaximumLimitFractionsV1
[30m2026-08-27T14:37:08,975[m [32mINFO  [m[[1;34mhttp-nio-8080-exec-6[m] [36mValidateCountedFractionServiceImpl[m - Start method validateQuantityFractionsV1, tradeId -> 1068999
[30m2026-08-27T14:37:08,975[m [32mINFO  [m[[1;34mhttp-nio-8080-exec-6[m] [36mValidateCountedFractionServiceImpl[m - Start method validateMaximumLimitFractionsV1
[30m2026-08-27T14:37:08,975[m [32mINFO  [m[[1;34mhttp-nio-8080-exec-6[m] [36mValidateCountedFractionServiceImpl[m - Start method validateQuantityFractionsV1, tradeId -> 1078204
[30m2026-08-27T14:37:08,975[m [32mINFO  [m[[1;34mhttp-nio-8080-exec-6[m] [36mValidateCountedFractionServiceImpl[m - Start method validateMaximumLimitFractionsV1
[30m2026-08-27T14:37:08,975[m [32mINFO  [m[[1;34mhttp-nio-8080-exec-6[m] [36mValidateCountedFractionServiceImpl[m - Start method validateQuantityFractionsV1, tradeId -> 1076636
[30m2026-08-27T14:37:08,976[m [32mINFO  [m[[1;34mhttp-nio-8080-exec-6[m] [36mValidateCountedFractionServiceImpl[m - Start method validateMaximumLimitFractionsV1
[30m2026-08-27T14:37:08,976[m [32mINFO  [m[[1;34mhttp-nio-8080-exec-6[m] [36mValidateCountedFractionServiceImpl[m - Start method validateQuantityFractionsV1, tradeId -> 1077177
[30m2026-08-27T14:37:08,976[m [32mINFO  [m[[1;34mhttp-nio-8080-exec-6[m] [36mValidateCountedFractionServiceImpl[m - Start method validateMaximumLimitFractionsV1
[30m2026-08-27T14:37:08,976[m [32mINFO  [m[[1;34mhttp-nio-8080-exec-6[m] [36mValidateCountedFractionServiceImpl[m - Start method validateQuantityFractionsV1, tradeId -> 1077178
[30m2026-08-27T14:37:08,976[m [32mINFO  [m[[1;34mhttp-nio-8080-exec-6[m] [36mValidateCountedFractionServiceImpl[m - Start method validateMaximumLimitFractionsV1
[30m2026-08-27T14:37:08,976[m [32mINFO  [m[[1;34mhttp-nio-8080-exec-6[m] [36mValidateCountedFractionServiceImpl[m - Start method validateQuantityFractionsV1, tradeId -> 1078205
[30m2026-08-27T14:37:08,976[m [32mINFO  [m[[1;34mhttp-nio-8080-exec-6[m] [36mValidateCountedFractionServiceImpl[m - Start method validateMaximumLimitFractionsV1
[30m2026-08-27T14:37:08,976[m [32mINFO  [m[[1;34mhttp-nio-8080-exec-6[m] [36mValidateCountedFractionServiceImpl[m - Start method validateQuantityFractionsV1, tradeId -> 1073792
[30m2026-08-27T14:37:08,977[m [32mINFO  [m[[1;34mhttp-nio-8080-exec-6[m] [36mValidateCountedFractionServiceImpl[m - Start method validateMaximumLimitFractionsV1
[30m2026-08-27T14:37:08,977[m [32mINFO  [m[[1;34mhttp-nio-8080-exec-6[m] [36mValidateCountedFractionServiceImpl[m - Start method validateQuantityFractionsV1, tradeId -> 1077179
[30m2026-08-27T14:37:08,977[m [32mINFO  [m[[1;34mhttp-nio-8080-exec-6[m] [36mValidateCountedFractionServiceImpl[m - Start method validateMaximumLimitFractionsV1
[30m2026-08-27T14:37:08,977[m [32mINFO  [m[[1;34mhttp-nio-8080-exec-6[m] [36mValidateCountedFractionServiceImpl[m - Start method validateQuantityFractionsV1, tradeId -> 1079000
[30m2026-08-27T14:37:08,977[m [32mINFO  [m[[1;34mhttp-nio-8080-exec-6[m] [36mValidateCountedFractionServiceImpl[m - Start method validateMaximumLimitFractionsV1
[30m2026-08-27T14:37:08,977[m [32mINFO  [m[[1;34mhttp-nio-8080-exec-6[m] [36mValidateCountedFractionServiceImpl[m - Start method validateQuantityFractionsV1, tradeId -> 1079001
[30m2026-08-27T14:37:08,977[m [32mINFO  [m[[1;34mhttp-nio-8080-exec-6[m] [36mValidateCountedFractionServiceImpl[m - Start method validateMaximumLimitFractionsV1
[30m2026-08-27T14:37:08,977[m [32mINFO  [m[[1;34mhttp-nio-8080-exec-6[m] [36mValidateCountedFractionServiceImpl[m - Start method validateQuantityFractionsV1, tradeId -> 1077180
[30m2026-08-27T14:37:08,977[m [32mINFO  [m[[1;34mhttp-nio-8080-exec-6[m] [36mValidateCountedFractionServiceImpl[m - Start method validateMaximumLimitFractionsV1
[30m2026-08-27T14:37:08,977[m [32mINFO  [m[[1;34mhttp-nio-8080-exec-6[m] [36mValidateCountedFractionServiceImpl[m - Start method validateQuantityFractionsV1, tradeId -> 1076637
[30m2026-08-27T14:37:08,978[m [32mINFO  [m[[1;34mhttp-nio-8080-exec-6[m] [36mValidateCountedFractionServiceImpl[m - Start method validateMaximumLimitFractionsV1
[30m2026-08-27T14:37:08,978[m [32mINFO  [m[[1;34mhttp-nio-8080-exec-6[m] [36mValidateCountedFractionServiceImpl[m - Start method validateQuantityFractionsV1, tradeId -> 1073793
[30m2026-08-27T14:37:08,978[m [32mINFO  [m[[1;34mhttp-nio-8080-exec-6[m] [36mValidateCountedFractionServiceImpl[m - Start method validateMaximumLimitFractionsV1
[30m2026-08-27T14:37:08,978[m [32mINFO  [m[[1;34mhttp-nio-8080-exec-6[m] [36mValidateCountedFractionServiceImpl[m - Start method validateQuantityFractionsV1, tradeId -> 1079002
[30m2026-08-27T14:37:08,978[m [32mINFO  [m[[1;34mhttp-nio-8080-exec-6[m] [36mValidateCountedFractionServiceImpl[m - Start method validateMaximumLimitFractionsV1
[30m2026-08-27T14:37:08,978[m [32mINFO  [m[[1;34mhttp-nio-8080-exec-6[m] [36mValidateCountedFractionServiceImpl[m - Start method validateQuantityFractionsV1, tradeId -> 1073794
[30m2026-08-27T14:37:08,978[m [32mINFO  [m[[1;34mhttp-nio-8080-exec-6[m] [36mValidateCountedFractionServiceImpl[m - Start method validateMaximumLimitFractionsV1
[30m2026-08-27T14:37:08,978[m [32mINFO  [m[[1;34mhttp-nio-8080-exec-6[m] [36mValidateCountedFractionServiceImpl[m - Start method validateQuantityFractionsV1, tradeId -> 1073795
[30m2026-08-27T14:37:08,978[m [32mINFO  [m[[1;34mhttp-nio-8080-exec-6[m] [36mValidateCountedFractionServiceImpl[m - Start method validateMaximumLimitFractionsV1
[30m2026-08-27T14:37:08,978[m [32mINFO  [m[[1;34mhttp-nio-8080-exec-6[m] [36mValidateCountedFractionServiceImpl[m - Start method validateQuantityFractionsV1, tradeId -> 1079003
[30m2026-08-27T14:37:08,978[m [32mINFO  [m[[1;34mhttp-nio-8080-exec-6[m] [36mValidateCountedFractionServiceImpl[m - Start method validateMaximumLimitFractionsV1
[30m2026-08-27T14:37:08,978[m [32mINFO  [m[[1;34mhttp-nio-8080-exec-6[m] [36mValidateCountedFractionServiceImpl[m - Start method validateQuantityFractionsV1, tradeId -> 1078206
[30m2026-08-27T14:37:08,978[m [32mINFO  [m[[1;34mhttp-nio-8080-exec-6[m] [36mValidateCountedFractionServiceImpl[m - Start method validateMaximumLimitFractionsV1
[30m2026-08-27T14:37:08,978[m [32mINFO  [m[[1;34mhttp-nio-8080-exec-6[m] [36mValidateCountedFractionServiceImpl[m - Start method validateQuantityFractionsV1, tradeId -> 1077181
[30m2026-08-27T14:37:08,978[m [32mINFO  [m[[1;34mhttp-nio-8080-exec-6[m] [36mValidateCountedFractionServiceImpl[m - Start method validateMaximumLimitFractionsV1
[30m2026-08-27T14:37:08,978[m [32mINFO  [m[[1;34mhttp-nio-8080-exec-6[m] [36mValidateCountedFractionServiceImpl[m - Start method validateQuantityFractionsV1, tradeId -> 1073796
[30m2026-08-27T14:37:08,978[m [32mINFO  [m[[1;34mhttp-nio-8080-exec-6[m] [36mValidateCountedFractionServiceImpl[m - Start method validateMaximumLimitFractionsV1
[30m2026-08-27T14:37:08,978[m [32mINFO  [m[[1;34mhttp-nio-8080-exec-6[m] [36mValidateCountedFractionServiceImpl[m - Start method validateQuantityFractionsV1, tradeId -> 1079004
[30m2026-08-27T14:37:08,978[m [32mINFO  [m[[1;34mhttp-nio-8080-exec-6[m] [36mValidateCountedFractionServiceImpl[m - Start method validateMaximumLimitFractionsV1
[30m2026-08-27T14:37:08,978[m [32mINFO  [m[[1;34mhttp-nio-8080-exec-6[m] [36mValidateCountedFractionServiceImpl[m - Start method validateQuantityFractionsV1, tradeId -> 1077182
[30m2026-08-27T14:37:08,978[m [32mINFO  [m[[1;34mhttp-nio-8080-exec-6[m] [36mValidateCountedFractionServiceImpl[m - Start method validateMaximumLimitFractionsV1
[30m2026-08-27T14:37:08,978[m [32mINFO  [m[[1;34mhttp-nio-8080-exec-6[m] [36mValidateCountedFractionServiceImpl[m - Start method validateQuantityFractionsV1, tradeId -> 1073797
[30m2026-08-27T14:37:08,978[m [32mINFO  [m[[1;34mhttp-nio-8080-exec-6[m] [36mValidateCountedFractionServiceImpl[m - Start method validateMaximumLimitFractionsV1
[30m2026-08-27T14:37:08,978[m [32mINFO  [m[[1;34mhttp-nio-8080-exec-6[m] [36mValidateCountedFractionServiceImpl[m - Start method validateQuantityFractionsV1, tradeId -> 1076638
[30m2026-08-27T14:37:08,978[m [32mINFO  [m[[1;34mhttp-nio-8080-exec-6[m] [36mValidateCountedFractionServiceImpl[m - Start method validateMaximumLimitFractionsV1
[30m2026-08-27T14:37:08,978[m [32mINFO  [m[[1;34mhttp-nio-8080-exec-6[m] [36mValidateCountedFractionServiceImpl[m - Start method validateQuantityFractionsV1, tradeId -> 1079005
[30m2026-08-27T14:37:08,978[m [32mINFO  [m[[1;34mhttp-nio-8080-exec-6[m] [36mValidateCountedFractionServiceImpl[m - Start method validateMaximumLimitFractionsV1
[30m2026-08-27T14:37:08,978[m [32mINFO  [m[[1;34mhttp-nio-8080-exec-6[m] [36mValidateCountedFractionServiceImpl[m - Start method validateQuantityFractionsV1, tradeId -> 1073798
[30m2026-08-27T14:37:08,978[m [32mINFO  [m[[1;34mhttp-nio-8080-exec-6[m] [36mValidateCountedFractionServiceImpl[m - Start method validateMaximumLimitFractionsV1
[30m2026-08-27T14:37:08,978[m [32mINFO  [m[[1;34mhttp-nio-8080-exec-6[m] [36mValidateCountedFractionServiceImpl[m - Start method validateQuantityFractionsV1, tradeId -> 1077183
[30m2026-08-27T14:37:08,978[m [32mINFO  [m[[1;34mhttp-nio-8080-exec-6[m] [36mValidateCountedFractionServiceImpl[m - Start method validateMaximumLimitFractionsV1
[30m2026-08-27T14:37:08,979[m [32mINFO  [m[[1;34mhttp-nio-8080-exec-6[m] [36mValidateCountedFractionServiceImpl[m - Start method validateQuantityFractionsV1, tradeId -> 1078207
[30m2026-08-27T14:37:08,979[m [32mINFO  [m[[1;34mhttp-nio-8080-exec-6[m] [36mValidateCountedFractionServiceImpl[m - Start method validateMaximumLimitFractionsV1
[30m2026-08-27T14:37:08,979[m [32mINFO  [m[[1;34mhttp-nio-8080-exec-6[m] [36mValidateCountedFractionServiceImpl[m - Start method validateQuantityFractionsV1, tradeId -> 1076639
[30m2026-08-27T14:37:08,979[m [32mINFO  [m[[1;34mhttp-nio-8080-exec-6[m] [36mValidateCountedFractionServiceImpl[m - Start method validateMaximumLimitFractionsV1
[30m2026-08-27T14:37:08,979[m [32mINFO  [m[[1;34mhttp-nio-8080-exec-6[m] [36mValidateCountedFractionServiceImpl[m - Start method validateQuantityFractionsV1, tradeId -> 1077184
[30m2026-08-27T14:37:08,979[m [32mINFO  [m[[1;34mhttp-nio-8080-exec-6[m] [36mValidateCountedFractionServiceImpl[m - Start method validateMaximumLimitFractionsV1
[30m2026-08-27T14:37:08,979[m [32mINFO  [m[[1;34mhttp-nio-8080-exec-6[m] [36mValidateCountedFractionServiceImpl[m - Start method validateQuantityFractionsV1, tradeId -> 1078208
[30m2026-08-27T14:37:08,979[m [32mINFO  [m[[1;34mhttp-nio-8080-exec-6[m] [36mValidateCountedFractionServiceImpl[m - Start method validateMaximumLimitFractionsV1
[30m2026-08-27T14:37:08,979[m [32mINFO  [m[[1;34mhttp-nio-8080-exec-6[m] [36mFractionationCountedServiceImpl[m - PERF_ASSIGNMENT_VALIDATION_BATCH batchId=6fb6ffd7-53ac-4344-bd51-aac764a445c1 inputCount=50 validCount=50 invalidCount=0 uniqueTrades=50 uniqueSides=1 uniqueParticipants=1 titleAccountResolutionRequests=50 titleAccountUniqueBusinessKeys=1 settlementLookupRequests=50 settlementUniqueTradeSides=50 settlementRepositoryCalls=1 settlementRowsLoaded=0 settlementPrefetchMs=3 cudLookupRequests=0 cudUniqueTradeSides=0 cudUniqueBusinessKeys=0 cudRepositoryCalls=0 cudRowsLoaded=0 cudPrefetchMs=0 tradePrefetchMs=294 sidePrefetchMs=0 participantPrefetchMs=13 accountResolutionMs=16 accountPrefetchMs=10 businessValidationMs=9 totalMs=348
[30m2026-08-27T14:37:08,980[m [32mINFO  [m[[1;34mhttp-nio-8080-exec-6[m] [36mRestClientUtils[m - Client [POST] http://operaciones-fracciones-contado-back-service/operations-fractionation-api/v1/fractionation/batch
[30m2026-08-27T14:37:10,733[m [32mINFO  [m[[1;34mhttp-nio-8080-exec-6[m] [36mFractionationCountedServiceImpl[m - PERF_ASSIGNMENT_BATCH service=cmd batchId=6fb6ffd7-53ac-4344-bd51-aac764a445c1 mode=RAW_VALIDATED configuredMaxBatchSize=80 receivedBatchSize=50 processedCount=50 successCount=50 failureCount=0 fractionationMs=1753 totalMs=1753
[30m2026-08-27T14:37:10,733[m [32mINFO  [m[[1;34mhttp-nio-8080-exec-6[m] [36mFractionationCountedServiceImpl[m - PERF_ASSIGNMENT_BATCH service=cmd batchId=6fb6ffd7-53ac-4344-bd51-aac764a445c1 mode=RAW configuredMaxBatchSize=80 receivedBatchSize=50 validCount=50 invalidCount=0 sentToFractionationCount=50 successCount=50 failureCount=0 totalMs=2102
[30m2026-08-27T14:37:10,735[m [32mINFO  [m[[1;34mhttp-nio-8080-exec-6[m] [36mGlobalFilter[m - Request [POST /operations-cmd-api/v1/fractionation/counted-operation/batch] completed in 2106 ms with status 200
[30m2026-08-27T14:37:10,763[m [32mINFO  [m[[1;34mhttp-nio-8080-exec-7[m] [36mGlobalFilter[m - ----------- Client User: operaciones-orquestador-ext-back ----------
[30m2026-08-27T14:37:11,133[m [32mINFO  [m[[1;34mhttp-nio-8080-exec-7[m] [36mValidateCountedFractionServiceImpl[m - Start method validateAccountFractionAssignmentV1, accountNumber -> 4021801, tradeId -> 1077185, sideId -> 1, originId -> 122, isLocalCorrection -> false
[30m2026-08-27T14:37:11,133[m [32mINFO  [m[[1;34mhttp-nio-8080-exec-7[m] [36mValidateCountedFractionServiceImpl[m - Searching participant account assignment for accountNumber -> 4021801, participantId -> 15, depositoryId -> 1
[30m2026-08-27T14:37:11,136[m [32mINFO  [m[[1;34mhttp-nio-8080-exec-7[m] [36mValidateCountedFractionServiceImpl[m - No participant account found for accountNumber -> 4021801
[30m2026-08-27T14:37:11,149[m [32mINFO  [m[[1;34mhttp-nio-8080-exec-7[m] [36mValidateCountedFractionServiceImpl[m - End method validateAccountFractionAssignmentV1, fractionAccountOutDto -> FractionAccountOutDto(participantAccount=null, investorAccount=InvestorAccountOutDto(id=57, investor=InvestorOutDto(id=167, code=CL00000001, firstName=Prueba Nombre 1, lastName=Prueba Nombre 2, companyName=TERCERO3509748, type=TypeOutDto(id=2, description=JURIDICO, category=PERSONA), status=StatusOutDto(id=515, description=ACTIVO, category=INVERSIONISTA, shortName=null), country=CountryOutDto(id=35, code=CL, name=CHILE, currency=CurrencyOutDto(id=30, code=CLP, name=PESO CHILENO), timeZone=UTC -3), documentNumber=8605303170, identificationType=IdentificationTypeOutDto(id=5, description=CEDULA DE CIUDADANÍA, code=CC), nationality=35, clearinghouseCode=null, gics=null, moneyLaunderingFlag=null, taxStatus=null), accountNumber=4021801, accountName=AMBIENTE 3  PRUEBA 3, status=StatusOutDto(id=570, description=ACTIVO, category=CUENTA_INVERSIONISTA, shortName=null), originType=TypeOutDto(id=120, description=TERCEROS, category=ORIGEN PUNTA), type=TypeOutDto(id=26, description=CUENTA DEPOSITO, category=CUENTA DEPOSITO), depository=DepositoryOutDto(id=1, description=DVL), participant=null, taxExemp=false), sourceQuoteType=TypeOutDto(id=120, description=TERCEROS, category=ORIGEN PUNTA), fiduciarySpecialist=false, jointAccount=false, masterAccount=false, custodian=null, milaDirectDepositor=null)
[30m2026-08-27T14:37:11,166[m [32mINFO  [m[[1;34mhttp-nio-8080-exec-7[m] [36mValidateCountedFractionServiceImpl[m - Start method validateQuantityFractionsV1, tradeId -> 1077185
[30m2026-08-27T14:37:11,166[m [32mINFO  [m[[1;34mhttp-nio-8080-exec-7[m] [36mValidateCountedFractionServiceImpl[m - Start method validateMaximumLimitFractionsV1
[30m2026-08-27T14:37:11,166[m [32mINFO  [m[[1;34mhttp-nio-8080-exec-7[m] [36mValidateCountedFractionServiceImpl[m - Start method validateQuantityFractionsV1, tradeId -> 1073799
[30m2026-08-27T14:37:11,166[m [32mINFO  [m[[1;34mhttp-nio-8080-exec-7[m] [36mValidateCountedFractionServiceImpl[m - Start method validateMaximumLimitFractionsV1
[30m2026-08-27T14:37:11,167[m [32mINFO  [m[[1;34mhttp-nio-8080-exec-7[m] [36mValidateCountedFractionServiceImpl[m - Start method validateQuantityFractionsV1, tradeId -> 1077186
[30m2026-08-27T14:37:11,167[m [32mINFO  [m[[1;34mhttp-nio-8080-exec-7[m] [36mValidateCountedFractionServiceImpl[m - Start method validateMaximumLimitFractionsV1
[30m2026-08-27T14:37:11,167[m [32mINFO  [m[[1;34mhttp-nio-8080-exec-7[m] [36mValidateCountedFractionServiceImpl[m - Start method validateQuantityFractionsV1, tradeId -> 1078209
[30m2026-08-27T14:37:11,167[m [32mINFO  [m[[1;34mhttp-nio-8080-exec-7[m] [36mValidateCountedFractionServiceImpl[m - Start method validateMaximumLimitFractionsV1
[30m2026-08-27T14:37:11,167[m [32mINFO  [m[[1;34mhttp-nio-8080-exec-7[m] [36mValidateCountedFractionServiceImpl[m - Start method validateQuantityFractionsV1, tradeId -> 1079006
[30m2026-08-27T14:37:11,167[m [32mINFO  [m[[1;34mhttp-nio-8080-exec-7[m] [36mValidateCountedFractionServiceImpl[m - Start method validateMaximumLimitFractionsV1
[30m2026-08-27T14:37:11,167[m [32mINFO  [m[[1;34mhttp-nio-8080-exec-7[m] [36mValidateCountedFractionServiceImpl[m - Start method validateQuantityFractionsV1, tradeId -> 1076640
[30m2026-08-27T14:37:11,167[m [32mINFO  [m[[1;34mhttp-nio-8080-exec-7[m] [36mValidateCountedFractionServiceImpl[m - Start method validateMaximumLimitFractionsV1
[30m2026-08-27T14:37:11,167[m [32mINFO  [m[[1;34mhttp-nio-8080-exec-7[m] [36mValidateCountedFractionServiceImpl[m - Start method validateQuantityFractionsV1, tradeId -> 1073800
[30m2026-08-27T14:37:11,167[m [32mINFO  [m[[1;34mhttp-nio-8080-exec-7[m] [36mValidateCountedFractionServiceImpl[m - Start method validateMaximumLimitFractionsV1
[30m2026-08-27T14:37:11,167[m [32mINFO  [m[[1;34mhttp-nio-8080-exec-7[m] [36mValidateCountedFractionServiceImpl[m - Start method validateQuantityFractionsV1, tradeId -> 1078210
[30m2026-08-27T14:37:11,167[m [32mINFO  [m[[1;34mhttp-nio-8080-exec-7[m] [36mValidateCountedFractionServiceImpl[m - Start method validateMaximumLimitFractionsV1
[30m2026-08-27T14:37:11,167[m [32mINFO  [m[[1;34mhttp-nio-8080-exec-7[m] [36mValidateCountedFractionServiceImpl[m - Start method validateQuantityFractionsV1, tradeId -> 1077187
[30m2026-08-27T14:37:11,167[m [32mINFO  [m[[1;34mhttp-nio-8080-exec-7[m] [36mValidateCountedFractionServiceImpl[m - Start method validateMaximumLimitFractionsV1
[30m2026-08-27T14:37:11,167[m [32mINFO  [m[[1;34mhttp-nio-8080-exec-7[m] [36mValidateCountedFractionServiceImpl[m - Start method validateQuantityFractionsV1, tradeId -> 1076641
[30m2026-08-27T14:37:11,167[m [32mINFO  [m[[1;34mhttp-nio-8080-exec-7[m] [36mValidateCountedFractionServiceImpl[m - Start method validateMaximumLimitFractionsV1
[30m2026-08-27T14:37:11,167[m [32mINFO  [m[[1;34mhttp-nio-8080-exec-7[m] [36mValidateCountedFractionServiceImpl[m - Start method validateQuantityFractionsV1, tradeId -> 1076642
[30m2026-08-27T14:37:11,167[m [32mINFO  [m[[1;34mhttp-nio-8080-exec-7[m] [36mValidateCountedFractionServiceImpl[m - Start method validateMaximumLimitFractionsV1
[30m2026-08-27T14:37:11,168[m [32mINFO  [m[[1;34mhttp-nio-8080-exec-7[m] [36mValidateCountedFractionServiceImpl[m - Start method validateQuantityFractionsV1, tradeId -> 1079007
[30m2026-08-27T14:37:11,168[m [32mINFO  [m[[1;34mhttp-nio-8080-exec-7[m] [36mValidateCountedFractionServiceImpl[m - Start method validateMaximumLimitFractionsV1
[30m2026-08-27T14:37:11,168[m [32mINFO  [m[[1;34mhttp-nio-8080-exec-7[m] [36mValidateCountedFractionServiceImpl[m - Start method validateQuantityFractionsV1, tradeId -> 1073801
[30m2026-08-27T14:37:11,168[m [32mINFO  [m[[1;34mhttp-nio-8080-exec-7[m] [36mValidateCountedFractionServiceImpl[m - Start method validateMaximumLimitFractionsV1
[30m2026-08-27T14:37:11,168[m [32mINFO  [m[[1;34mhttp-nio-8080-exec-7[m] [36mValidateCountedFractionServiceImpl[m - Start method validateQuantityFractionsV1, tradeId -> 1079008
[30m2026-08-27T14:37:11,168[m [32mINFO  [m[[1;34mhttp-nio-8080-exec-7[m] [36mValidateCountedFractionServiceImpl[m - Start method validateMaximumLimitFractionsV1
[30m2026-08-27T14:37:11,168[m [32mINFO  [m[[1;34mhttp-nio-8080-exec-7[m] [36mValidateCountedFractionServiceImpl[m - Start method validateQuantityFractionsV1, tradeId -> 1077188
[30m2026-08-27T14:37:11,168[m [32mINFO  [m[[1;34mhttp-nio-8080-exec-7[m] [36mValidateCountedFractionServiceImpl[m - Start method validateMaximumLimitFractionsV1
[30m2026-08-27T14:37:11,168[m [32mINFO  [m[[1;34mhttp-nio-8080-exec-7[m] [36mValidateCountedFractionServiceImpl[m - Start method validateQuantityFractionsV1, tradeId -> 1073802
[30m2026-08-27T14:37:11,168[m [32mINFO  [m[[1;34mhttp-nio-8080-exec-7[m] [36mValidateCountedFractionServiceImpl[m - Start method validateMaximumLimitFractionsV1
[30m2026-08-27T14:37:11,168[m [32mINFO  [m[[1;34mhttp-nio-8080-exec-7[m] [36mValidateCountedFractionServiceImpl[m - Start method validateQuantityFractionsV1, tradeId -> 1079009
[30m2026-08-27T14:37:11,168[m [32mINFO  [m[[1;34mhttp-nio-8080-exec-7[m] [36mValidateCountedFractionServiceImpl[m - Start method validateMaximumLimitFractionsV1
[30m2026-08-27T14:37:11,168[m [32mINFO  [m[[1;34mhttp-nio-8080-exec-7[m] [36mValidateCountedFractionServiceImpl[m - Start method validateQuantityFractionsV1, tradeId -> 1073803
[30m2026-08-27T14:37:11,168[m [32mINFO  [m[[1;34mhttp-nio-8080-exec-7[m] [36mValidateCountedFractionServiceImpl[m - Start method validateMaximumLimitFractionsV1
[30m2026-08-27T14:37:11,168[m [32mINFO  [m[[1;34mhttp-nio-8080-exec-7[m] [36mValidateCountedFractionServiceImpl[m - Start method validateQuantityFractionsV1, tradeId -> 1077189
[30m2026-08-27T14:37:11,168[m [32mINFO  [m[[1;34mhttp-nio-8080-exec-7[m] [36mValidateCountedFractionServiceImpl[m - Start method validateMaximumLimitFractionsV1
[30m2026-08-27T14:37:11,168[m [32mINFO  [m[[1;34mhttp-nio-8080-exec-7[m] [36mValidateCountedFractionServiceImpl[m - Start method validateQuantityFractionsV1, tradeId -> 1079010
[30m2026-08-27T14:37:11,168[m [32mINFO  [m[[1;34mhttp-nio-8080-exec-7[m] [36mValidateCountedFractionServiceImpl[m - Start method validateMaximumLimitFractionsV1
[30m2026-08-27T14:37:11,168[m [32mINFO  [m[[1;34mhttp-nio-8080-exec-7[m] [36mValidateCountedFractionServiceImpl[m - Start method validateQuantityFractionsV1, tradeId -> 1073804
[30m2026-08-27T14:37:11,168[m [32mINFO  [m[[1;34mhttp-nio-8080-exec-7[m] [36mValidateCountedFractionServiceImpl[m - Start method validateMaximumLimitFractionsV1
[30m2026-08-27T14:37:11,168[m [32mINFO  [m[[1;34mhttp-nio-8080-exec-7[m] [36mValidateCountedFractionServiceImpl[m - Start method validateQuantityFractionsV1, tradeId -> 1073805
[30m2026-08-27T14:37:11,168[m [32mINFO  [m[[1;34mhttp-nio-8080-exec-7[m] [36mValidateCountedFractionServiceImpl[m - Start method validateMaximumLimitFractionsV1
[30m2026-08-27T14:37:11,168[m [32mINFO  [m[[1;34mhttp-nio-8080-exec-7[m] [36mValidateCountedFractionServiceImpl[m - Start method validateQuantityFractionsV1, tradeId -> 1076643
[30m2026-08-27T14:37:11,168[m [32mINFO  [m[[1;34mhttp-nio-8080-exec-7[m] [36mValidateCountedFractionServiceImpl[m - Start method validateMaximumLimitFractionsV1
[30m2026-08-27T14:37:11,168[m [32mINFO  [m[[1;34mhttp-nio-8080-exec-7[m] [36mValidateCountedFractionServiceImpl[m - Start method validateQuantityFractionsV1, tradeId -> 1073806
[30m2026-08-27T14:37:11,168[m [32mINFO  [m[[1;34mhttp-nio-8080-exec-7[m] [36mValidateCountedFractionServiceImpl[m - Start method validateMaximumLimitFractionsV1
[30m2026-08-27T14:37:11,168[m [32mINFO  [m[[1;34mhttp-nio-8080-exec-7[m] [36mValidateCountedFractionServiceImpl[m - Start method validateQuantityFractionsV1, tradeId -> 1079011
[30m2026-08-27T14:37:11,169[m [32mINFO  [m[[1;34mhttp-nio-8080-exec-7[m] [36mValidateCountedFractionServiceImpl[m - Start method validateMaximumLimitFractionsV1
[30m2026-08-27T14:37:11,169[m [32mINFO  [m[[1;34mhttp-nio-8080-exec-7[m] [36mValidateCountedFractionServiceImpl[m - Start method validateQuantityFractionsV1, tradeId -> 1079012
[30m2026-08-27T14:37:11,169[m [32mINFO  [m[[1;34mhttp-nio-8080-exec-7[m] [36mValidateCountedFractionServiceImpl[m - Start method validateMaximumLimitFractionsV1
[30m2026-08-27T14:37:11,169[m [32mINFO  [m[[1;34mhttp-nio-8080-exec-7[m] [36mValidateCountedFractionServiceImpl[m - Start method validateQuantityFractionsV1, tradeId -> 1073807
[30m2026-08-27T14:37:11,169[m [32mINFO  [m[[1;34mhttp-nio-8080-exec-7[m] [36mValidateCountedFractionServiceImpl[m - Start method validateMaximumLimitFractionsV1
[30m2026-08-27T14:37:11,169[m [32mINFO  [m[[1;34mhttp-nio-8080-exec-7[m] [36mValidateCountedFractionServiceImpl[m - Start method validateQuantityFractionsV1, tradeId -> 1076644
[30m2026-08-27T14:37:11,169[m [32mINFO  [m[[1;34mhttp-nio-8080-exec-7[m] [36mValidateCountedFractionServiceImpl[m - Start method validateMaximumLimitFractionsV1
[30m2026-08-27T14:37:11,169[m [32mINFO  [m[[1;34mhttp-nio-8080-exec-7[m] [36mValidateCountedFractionServiceImpl[m - Start method validateQuantityFractionsV1, tradeId -> 1073808
[30m2026-08-27T14:37:11,169[m [32mINFO  [m[[1;34mhttp-nio-8080-exec-7[m] [36mValidateCountedFractionServiceImpl[m - Start method validateMaximumLimitFractionsV1
[30m2026-08-27T14:37:11,169[m [32mINFO  [m[[1;34mhttp-nio-8080-exec-7[m] [36mValidateCountedFractionServiceImpl[m - Start method validateQuantityFractionsV1, tradeId -> 1073809
[30m2026-08-27T14:37:11,169[m [32mINFO  [m[[1;34mhttp-nio-8080-exec-7[m] [36mValidateCountedFractionServiceImpl[m - Start method validateMaximumLimitFractionsV1
[30m2026-08-27T14:37:11,169[m [32mINFO  [m[[1;34mhttp-nio-8080-exec-7[m] [36mValidateCountedFractionServiceImpl[m - Start method validateQuantityFractionsV1, tradeId -> 1078211
[30m2026-08-27T14:37:11,169[m [32mINFO  [m[[1;34mhttp-nio-8080-exec-7[m] [36mValidateCountedFractionServiceImpl[m - Start method validateMaximumLimitFractionsV1
[30m2026-08-27T14:37:11,169[m [32mINFO  [m[[1;34mhttp-nio-8080-exec-7[m] [36mValidateCountedFractionServiceImpl[m - Start method validateQuantityFractionsV1, tradeId -> 1076645
[30m2026-08-27T14:37:11,169[m [32mINFO  [m[[1;34mhttp-nio-8080-exec-7[m] [36mValidateCountedFractionServiceImpl[m - Start method validateMaximumLimitFractionsV1
[30m2026-08-27T14:37:11,169[m [32mINFO  [m[[1;34mhttp-nio-8080-exec-7[m] [36mValidateCountedFractionServiceImpl[m - Start method validateQuantityFractionsV1, tradeId -> 1078212
[30m2026-08-27T14:37:11,169[m [32mINFO  [m[[1;34mhttp-nio-8080-exec-7[m] [36mValidateCountedFractionServiceImpl[m - Start method validateMaximumLimitFractionsV1
[30m2026-08-27T14:37:11,169[m [32mINFO  [m[[1;34mhttp-nio-8080-exec-7[m] [36mValidateCountedFractionServiceImpl[m - Start method validateQuantityFractionsV1, tradeId -> 1079013
[30m2026-08-27T14:37:11,169[m [32mINFO  [m[[1;34mhttp-nio-8080-exec-7[m] [36mValidateCountedFractionServiceImpl[m - Start method validateMaximumLimitFractionsV1
[30m2026-08-27T14:37:11,169[m [32mINFO  [m[[1;34mhttp-nio-8080-exec-7[m] [36mValidateCountedFractionServiceImpl[m - Start method validateQuantityFractionsV1, tradeId -> 1078213
[30m2026-08-27T14:37:11,169[m [32mINFO  [m[[1;34mhttp-nio-8080-exec-7[m] [36mValidateCountedFractionServiceImpl[m - Start method validateMaximumLimitFractionsV1
[30m2026-08-27T14:37:11,169[m [32mINFO  [m[[1;34mhttp-nio-8080-exec-7[m] [36mValidateCountedFractionServiceImpl[m - Start method validateQuantityFractionsV1, tradeId -> 1077190
[30m2026-08-27T14:37:11,169[m [32mINFO  [m[[1;34mhttp-nio-8080-exec-7[m] [36mValidateCountedFractionServiceImpl[m - Start method validateMaximumLimitFractionsV1
[30m2026-08-27T14:37:11,169[m [32mINFO  [m[[1;34mhttp-nio-8080-exec-7[m] [36mValidateCountedFractionServiceImpl[m - Start method validateQuantityFractionsV1, tradeId -> 1076646
[30m2026-08-27T14:37:11,169[m [32mINFO  [m[[1;34mhttp-nio-8080-exec-7[m] [36mValidateCountedFractionServiceImpl[m - Start method validateMaximumLimitFractionsV1
[30m2026-08-27T14:37:11,169[m [32mINFO  [m[[1;34mhttp-nio-8080-exec-7[m] [36mValidateCountedFractionServiceImpl[m - Start method validateQuantityFractionsV1, tradeId -> 1078214
[30m2026-08-27T14:37:11,169[m [32mINFO  [m[[1;34mhttp-nio-8080-exec-7[m] [36mValidateCountedFractionServiceImpl[m - Start method validateMaximumLimitFractionsV1
[30m2026-08-27T14:37:11,170[m [32mINFO  [m[[1;34mhttp-nio-8080-exec-7[m] [36mValidateCountedFractionServiceImpl[m - Start method validateQuantityFractionsV1, tradeId -> 1073810
[30m2026-08-27T14:37:11,170[m [32mINFO  [m[[1;34mhttp-nio-8080-exec-7[m] [36mValidateCountedFractionServiceImpl[m - Start method validateMaximumLimitFractionsV1
[30m2026-08-27T14:37:11,170[m [32mINFO  [m[[1;34mhttp-nio-8080-exec-7[m] [36mValidateCountedFractionServiceImpl[m - Start method validateQuantityFractionsV1, tradeId -> 1079014
[30m2026-08-27T14:37:11,170[m [32mINFO  [m[[1;34mhttp-nio-8080-exec-7[m] [36mValidateCountedFractionServiceImpl[m - Start method validateMaximumLimitFractionsV1
[30m2026-08-27T14:37:11,170[m [32mINFO  [m[[1;34mhttp-nio-8080-exec-7[m] [36mValidateCountedFractionServiceImpl[m - Start method validateQuantityFractionsV1, tradeId -> 1079015
[30m2026-08-27T14:37:11,170[m [32mINFO  [m[[1;34mhttp-nio-8080-exec-7[m] [36mValidateCountedFractionServiceImpl[m - Start method validateMaximumLimitFractionsV1
[30m2026-08-27T14:37:11,170[m [32mINFO  [m[[1;34mhttp-nio-8080-exec-7[m] [36mValidateCountedFractionServiceImpl[m - Start method validateQuantityFractionsV1, tradeId -> 1076647
[30m2026-08-27T14:37:11,170[m [32mINFO  [m[[1;34mhttp-nio-8080-exec-7[m] [36mValidateCountedFractionServiceImpl[m - Start method validateMaximumLimitFractionsV1
[30m2026-08-27T14:37:11,170[m [32mINFO  [m[[1;34mhttp-nio-8080-exec-7[m] [36mValidateCountedFractionServiceImpl[m - Start method validateQuantityFractionsV1, tradeId -> 1078215
[30m2026-08-27T14:37:11,170[m [32mINFO  [m[[1;34mhttp-nio-8080-exec-7[m] [36mValidateCountedFractionServiceImpl[m - Start method validateMaximumLimitFractionsV1
[30m2026-08-27T14:37:11,170[m [32mINFO  [m[[1;34mhttp-nio-8080-exec-7[m] [36mValidateCountedFractionServiceImpl[m - Start method validateQuantityFractionsV1, tradeId -> 1073811
[30m2026-08-27T14:37:11,170[m [32mINFO  [m[[1;34mhttp-nio-8080-exec-7[m] [36mValidateCountedFractionServiceImpl[m - Start method validateMaximumLimitFractionsV1
[30m2026-08-27T14:37:11,170[m [32mINFO  [m[[1;34mhttp-nio-8080-exec-7[m] [36mValidateCountedFractionServiceImpl[m - Start method validateQuantityFractionsV1, tradeId -> 1073812
[30m2026-08-27T14:37:11,170[m [32mINFO  [m[[1;34mhttp-nio-8080-exec-7[m] [36mValidateCountedFractionServiceImpl[m - Start method validateMaximumLimitFractionsV1
[30m2026-08-27T14:37:11,170[m [32mINFO  [m[[1;34mhttp-nio-8080-exec-7[m] [36mValidateCountedFractionServiceImpl[m - Start method validateQuantityFractionsV1, tradeId -> 1077191
[30m2026-08-27T14:37:11,170[m [32mINFO  [m[[1;34mhttp-nio-8080-exec-7[m] [36mValidateCountedFractionServiceImpl[m - Start method validateMaximumLimitFractionsV1
[30m2026-08-27T14:37:11,170[m [32mINFO  [m[[1;34mhttp-nio-8080-exec-7[m] [36mValidateCountedFractionServiceImpl[m - Start method validateQuantityFractionsV1, tradeId -> 1073813
[30m2026-08-27T14:37:11,170[m [32mINFO  [m[[1;34mhttp-nio-8080-exec-7[m] [36mValidateCountedFractionServiceImpl[m - Start method validateMaximumLimitFractionsV1
[30m2026-08-27T14:37:11,170[m [32mINFO  [m[[1;34mhttp-nio-8080-exec-7[m] [36mValidateCountedFractionServiceImpl[m - Start method validateQuantityFractionsV1, tradeId -> 1078216
[30m2026-08-27T14:37:11,170[m [32mINFO  [m[[1;34mhttp-nio-8080-exec-7[m] [36mValidateCountedFractionServiceImpl[m - Start method validateMaximumLimitFractionsV1
[30m2026-08-27T14:37:11,170[m [32mINFO  [m[[1;34mhttp-nio-8080-exec-7[m] [36mValidateCountedFractionServiceImpl[m - Start method validateQuantityFractionsV1, tradeId -> 1077192
[30m2026-08-27T14:37:11,170[m [32mINFO  [m[[1;34mhttp-nio-8080-exec-7[m] [36mValidateCountedFractionServiceImpl[m - Start method validateMaximumLimitFractionsV1
[30m2026-08-27T14:37:11,170[m [32mINFO  [m[[1;34mhttp-nio-8080-exec-7[m] [36mValidateCountedFractionServiceImpl[m - Start method validateQuantityFractionsV1, tradeId -> 1078217
[30m2026-08-27T14:37:11,170[m [32mINFO  [m[[1;34mhttp-nio-8080-exec-7[m] [36mValidateCountedFractionServiceImpl[m - Start method validateMaximumLimitFractionsV1
[30m2026-08-27T14:37:11,170[m [32mINFO  [m[[1;34mhttp-nio-8080-exec-7[m] [36mFractionationCountedServiceImpl[m - PERF_ASSIGNMENT_VALIDATION_BATCH batchId=72da48ea-4308-4e25-a1ef-f11e814a20cb inputCount=50 validCount=50 invalidCount=0 uniqueTrades=50 uniqueSides=1 uniqueParticipants=1 titleAccountResolutionRequests=50 titleAccountUniqueBusinessKeys=1 settlementLookupRequests=50 settlementUniqueTradeSides=50 settlementRepositoryCalls=1 settlementRowsLoaded=0 settlementPrefetchMs=2 cudLookupRequests=0 cudUniqueTradeSides=0 cudUniqueBusinessKeys=0 cudRepositoryCalls=0 cudRowsLoaded=0 cudPrefetchMs=0 tradePrefetchMs=351 sidePrefetchMs=0 participantPrefetchMs=13 accountResolutionMs=17 accountPrefetchMs=9 businessValidationMs=7 totalMs=403
[30m2026-08-27T14:37:11,171[m [32mINFO  [m[[1;34mhttp-nio-8080-exec-7[m] [36mRestClientUtils[m - Client [POST] http://operaciones-fracciones-contado-back-service/operations-fractionation-api/v1/fractionation/batch
[30m2026-08-27T14:37:12,904[m [32mINFO  [m[[1;34mhttp-nio-8080-exec-7[m] [36mFractionationCountedServiceImpl[m - PERF_ASSIGNMENT_BATCH service=cmd batchId=72da48ea-4308-4e25-a1ef-f11e814a20cb mode=RAW_VALIDATED configuredMaxBatchSize=80 receivedBatchSize=50 processedCount=50 successCount=50 failureCount=0 fractionationMs=1733 totalMs=1733
[30m2026-08-27T14:37:12,905[m [32mINFO  [m[[1;34mhttp-nio-8080-exec-7[m] [36mFractionationCountedServiceImpl[m - PERF_ASSIGNMENT_BATCH service=cmd batchId=72da48ea-4308-4e25-a1ef-f11e814a20cb mode=RAW configuredMaxBatchSize=80 receivedBatchSize=50 validCount=50 invalidCount=0 sentToFractionationCount=50 successCount=50 failureCount=0 totalMs=2138
[30m2026-08-27T14:37:12,907[m [32mINFO  [m[[1;34mhttp-nio-8080-exec-7[m] [36mGlobalFilter[m - Request [POST /operations-cmd-api/v1/fractionation/counted-operation/batch] completed in 2144 ms with status 200
[30m2026-08-27T14:37:12,931[m [32mINFO  [m[[1;34mhttp-nio-8080-exec-8[m] [36mGlobalFilter[m - ----------- Client User: operaciones-orquestador-ext-back ----------
[30m2026-08-27T14:37:13,227[m [32mINFO  [m[[1;34mhttp-nio-8080-exec-8[m] [36mValidateCountedFractionServiceImpl[m - Start method validateAccountFractionAssignmentV1, accountNumber -> 4021801, tradeId -> 1077193, sideId -> 1, originId -> 122, isLocalCorrection -> false
[30m2026-08-27T14:37:13,228[m [32mINFO  [m[[1;34mhttp-nio-8080-exec-8[m] [36mValidateCountedFractionServiceImpl[m - Searching participant account assignment for accountNumber -> 4021801, participantId -> 15, depositoryId -> 1
[30m2026-08-27T14:37:13,230[m [32mINFO  [m[[1;34mhttp-nio-8080-exec-8[m] [36mValidateCountedFractionServiceImpl[m - No participant account found for accountNumber -> 4021801
[30m2026-08-27T14:37:13,242[m [32mINFO  [m[[1;34mhttp-nio-8080-exec-8[m] [36mValidateCountedFractionServiceImpl[m - End method validateAccountFractionAssignmentV1, fractionAccountOutDto -> FractionAccountOutDto(participantAccount=null, investorAccount=InvestorAccountOutDto(id=57, investor=InvestorOutDto(id=167, code=CL00000001, firstName=Prueba Nombre 1, lastName=Prueba Nombre 2, companyName=TERCERO3509748, type=TypeOutDto(id=2, description=JURIDICO, category=PERSONA), status=StatusOutDto(id=515, description=ACTIVO, category=INVERSIONISTA, shortName=null), country=CountryOutDto(id=35, code=CL, name=CHILE, currency=CurrencyOutDto(id=30, code=CLP, name=PESO CHILENO), timeZone=UTC -3), documentNumber=8605303170, identificationType=IdentificationTypeOutDto(id=5, description=CEDULA DE CIUDADANÍA, code=CC), nationality=35, clearinghouseCode=null, gics=null, moneyLaunderingFlag=null, taxStatus=null), accountNumber=4021801, accountName=AMBIENTE 3  PRUEBA 3, status=StatusOutDto(id=570, description=ACTIVO, category=CUENTA_INVERSIONISTA, shortName=null), originType=TypeOutDto(id=120, description=TERCEROS, category=ORIGEN PUNTA), type=TypeOutDto(id=26, description=CUENTA DEPOSITO, category=CUENTA DEPOSITO), depository=DepositoryOutDto(id=1, description=DVL), participant=null, taxExemp=false), sourceQuoteType=TypeOutDto(id=120, description=TERCEROS, category=ORIGEN PUNTA), fiduciarySpecialist=false, jointAccount=false, masterAccount=false, custodian=null, milaDirectDepositor=null)
[30m2026-08-27T14:37:13,257[m [32mINFO  [m[[1;34mhttp-nio-8080-exec-8[m] [36mValidateCountedFractionServiceImpl[m - Start method validateQuantityFractionsV1, tradeId -> 1077193
[30m2026-08-27T14:37:13,257[m [32mINFO  [m[[1;34mhttp-nio-8080-exec-8[m] [36mValidateCountedFractionServiceImpl[m - Start method validateMaximumLimitFractionsV1
[30m2026-08-27T14:37:13,258[m [32mINFO  [m[[1;34mhttp-nio-8080-exec-8[m] [36mValidateCountedFractionServiceImpl[m - Start method validateQuantityFractionsV1, tradeId -> 1077194
[30m2026-08-27T14:37:13,258[m [32mINFO  [m[[1;34mhttp-nio-8080-exec-8[m] [36mValidateCountedFractionServiceImpl[m - Start method validateMaximumLimitFractionsV1
[30m2026-08-27T14:37:13,258[m [32mINFO  [m[[1;34mhttp-nio-8080-exec-8[m] [36mValidateCountedFractionServiceImpl[m - Start method validateQuantityFractionsV1, tradeId -> 1077195
[30m2026-08-27T14:37:13,258[m [32mINFO  [m[[1;34mhttp-nio-8080-exec-8[m] [36mValidateCountedFractionServiceImpl[m - Start method validateMaximumLimitFractionsV1
[30m2026-08-27T14:37:13,258[m [32mINFO  [m[[1;34mhttp-nio-8080-exec-8[m] [36mValidateCountedFractionServiceImpl[m - Start method validateQuantityFractionsV1, tradeId -> 1077196
[30m2026-08-27T14:37:13,258[m [32mINFO  [m[[1;34mhttp-nio-8080-exec-8[m] [36mValidateCountedFractionServiceImpl[m - Start method validateMaximumLimitFractionsV1
[30m2026-08-27T14:37:13,258[m [32mINFO  [m[[1;34mhttp-nio-8080-exec-8[m] [36mValidateCountedFractionServiceImpl[m - Start method validateQuantityFractionsV1, tradeId -> 1076648
[30m2026-08-27T14:37:13,258[m [32mINFO  [m[[1;34mhttp-nio-8080-exec-8[m] [36mValidateCountedFractionServiceImpl[m - Start method validateMaximumLimitFractionsV1
[30m2026-08-27T14:37:13,258[m [32mINFO  [m[[1;34mhttp-nio-8080-exec-8[m] [36mValidateCountedFractionServiceImpl[m - Start method validateQuantityFractionsV1, tradeId -> 1076649
[30m2026-08-27T14:37:13,258[m [32mINFO  [m[[1;34mhttp-nio-8080-exec-8[m] [36mValidateCountedFractionServiceImpl[m - Start method validateMaximumLimitFractionsV1
[30m2026-08-27T14:37:13,258[m [32mINFO  [m[[1;34mhttp-nio-8080-exec-8[m] [36mValidateCountedFractionServiceImpl[m - Start method validateQuantityFractionsV1, tradeId -> 1077197
[30m2026-08-27T14:37:13,258[m [32mINFO  [m[[1;34mhttp-nio-8080-exec-8[m] [36mValidateCountedFractionServiceImpl[m - Start method validateMaximumLimitFractionsV1
[30m2026-08-27T14:37:13,258[m [32mINFO  [m[[1;34mhttp-nio-8080-exec-8[m] [36mValidateCountedFractionServiceImpl[m - Start method validateQuantityFractionsV1, tradeId -> 1077198
[30m2026-08-27T14:37:13,258[m [32mINFO  [m[[1;34mhttp-nio-8080-exec-8[m] [36mValidateCountedFractionServiceImpl[m - Start method validateMaximumLimitFractionsV1
[30m2026-08-27T14:37:13,258[m [32mINFO  [m[[1;34mhttp-nio-8080-exec-8[m] [36mValidateCountedFractionServiceImpl[m - Start method validateQuantityFractionsV1, tradeId -> 1076650
[30m2026-08-27T14:37:13,258[m [32mINFO  [m[[1;34mhttp-nio-8080-exec-8[m] [36mValidateCountedFractionServiceImpl[m - Start method validateMaximumLimitFractionsV1
[30m2026-08-27T14:37:13,258[m [32mINFO  [m[[1;34mhttp-nio-8080-exec-8[m] [36mValidateCountedFractionServiceImpl[m - Start method validateQuantityFractionsV1, tradeId -> 1077199
[30m2026-08-27T14:37:13,258[m [32mINFO  [m[[1;34mhttp-nio-8080-exec-8[m] [36mValidateCountedFractionServiceImpl[m - Start method validateMaximumLimitFractionsV1
[30m2026-08-27T14:37:13,258[m [32mINFO  [m[[1;34mhttp-nio-8080-exec-8[m] [36mValidateCountedFractionServiceImpl[m - Start method validateQuantityFractionsV1, tradeId -> 1077201
[30m2026-08-27T14:37:13,258[m [32mINFO  [m[[1;34mhttp-nio-8080-exec-8[m] [36mValidateCountedFractionServiceImpl[m - Start method validateMaximumLimitFractionsV1
[30m2026-08-27T14:37:13,259[m [32mINFO  [m[[1;34mhttp-nio-8080-exec-8[m] [36mValidateCountedFractionServiceImpl[m - Start method validateQuantityFractionsV1, tradeId -> 1073815
[30m2026-08-27T14:37:13,259[m [32mINFO  [m[[1;34mhttp-nio-8080-exec-8[m] [36mValidateCountedFractionServiceImpl[m - Start method validateMaximumLimitFractionsV1
[30m2026-08-27T14:37:13,259[m [32mINFO  [m[[1;34mhttp-nio-8080-exec-8[m] [36mValidateCountedFractionServiceImpl[m - Start method validateQuantityFractionsV1, tradeId -> 1079018
[30m2026-08-27T14:37:13,259[m [32mINFO  [m[[1;34mhttp-nio-8080-exec-8[m] [36mValidateCountedFractionServiceImpl[m - Start method validateMaximumLimitFractionsV1
[30m2026-08-27T14:37:13,259[m [32mINFO  [m[[1;34mhttp-nio-8080-exec-8[m] [36mValidateCountedFractionServiceImpl[m - Start method validateQuantityFractionsV1, tradeId -> 1073816
[30m2026-08-27T14:37:13,259[m [32mINFO  [m[[1;34mhttp-nio-8080-exec-8[m] [36mValidateCountedFractionServiceImpl[m - Start method validateMaximumLimitFractionsV1
[30m2026-08-27T14:37:13,259[m [32mINFO  [m[[1;34mhttp-nio-8080-exec-8[m] [36mValidateCountedFractionServiceImpl[m - Start method validateQuantityFractionsV1, tradeId -> 1079019
[30m2026-08-27T14:37:13,259[m [32mINFO  [m[[1;34mhttp-nio-8080-exec-8[m] [36mValidateCountedFractionServiceImpl[m - Start method validateMaximumLimitFractionsV1
[30m2026-08-27T14:37:13,259[m [32mINFO  [m[[1;34mhttp-nio-8080-exec-8[m] [36mValidateCountedFractionServiceImpl[m - Start method validateQuantityFractionsV1, tradeId -> 1077202
[30m2026-08-27T14:37:13,259[m [32mINFO  [m[[1;34mhttp-nio-8080-exec-8[m] [36mValidateCountedFractionServiceImpl[m - Start method validateMaximumLimitFractionsV1
[30m2026-08-27T14:37:13,259[m [32mINFO  [m[[1;34mhttp-nio-8080-exec-8[m] [36mValidateCountedFractionServiceImpl[m - Start method validateQuantityFractionsV1, tradeId -> 1078220
[30m2026-08-27T14:37:13,259[m [32mINFO  [m[[1;34mhttp-nio-8080-exec-8[m] [36mValidateCountedFractionServiceImpl[m - Start method validateMaximumLimitFractionsV1
[30m2026-08-27T14:37:13,259[m [32mINFO  [m[[1;34mhttp-nio-8080-exec-8[m] [36mValidateCountedFractionServiceImpl[m - Start method validateQuantityFractionsV1, tradeId -> 1078221
[30m2026-08-27T14:37:13,259[m [32mINFO  [m[[1;34mhttp-nio-8080-exec-8[m] [36mValidateCountedFractionServiceImpl[m - Start method validateMaximumLimitFractionsV1
[30m2026-08-27T14:37:13,259[m [32mINFO  [m[[1;34mhttp-nio-8080-exec-8[m] [36mValidateCountedFractionServiceImpl[m - Start method validateQuantityFractionsV1, tradeId -> 1078222
[30m2026-08-27T14:37:13,259[m [32mINFO  [m[[1;34mhttp-nio-8080-exec-8[m] [36mValidateCountedFractionServiceImpl[m - Start method validateMaximumLimitFractionsV1
[30m2026-08-27T14:37:13,259[m [32mINFO  [m[[1;34mhttp-nio-8080-exec-8[m] [36mValidateCountedFractionServiceImpl[m - Start method validateQuantityFractionsV1, tradeId -> 1073817
[30m2026-08-27T14:37:13,259[m [32mINFO  [m[[1;34mhttp-nio-8080-exec-8[m] [36mValidateCountedFractionServiceImpl[m - Start method validateMaximumLimitFractionsV1
[30m2026-08-27T14:37:13,259[m [32mINFO  [m[[1;34mhttp-nio-8080-exec-8[m] [36mValidateCountedFractionServiceImpl[m - Start method validateQuantityFractionsV1, tradeId -> 1078223
[30m2026-08-27T14:37:13,259[m [32mINFO  [m[[1;34mhttp-nio-8080-exec-8[m] [36mValidateCountedFractionServiceImpl[m - Start method validateMaximumLimitFractionsV1
[30m2026-08-27T14:37:13,259[m [32mINFO  [m[[1;34mhttp-nio-8080-exec-8[m] [36mValidateCountedFractionServiceImpl[m - Start method validateQuantityFractionsV1, tradeId -> 1077203
[30m2026-08-27T14:37:13,259[m [32mINFO  [m[[1;34mhttp-nio-8080-exec-8[m] [36mValidateCountedFractionServiceImpl[m - Start method validateMaximumLimitFractionsV1
[30m2026-08-27T14:37:13,259[m [32mINFO  [m[[1;34mhttp-nio-8080-exec-8[m] [36mValidateCountedFractionServiceImpl[m - Start method validateQuantityFractionsV1, tradeId -> 1078224
[30m2026-08-27T14:37:13,259[m [32mINFO  [m[[1;34mhttp-nio-8080-exec-8[m] [36mValidateCountedFractionServiceImpl[m - Start method validateMaximumLimitFractionsV1
[30m2026-08-27T14:37:13,259[m [32mINFO  [m[[1;34mhttp-nio-8080-exec-8[m] [36mValidateCountedFractionServiceImpl[m - Start method validateQuantityFractionsV1, tradeId -> 1077204
[30m2026-08-27T14:37:13,260[m [32mINFO  [m[[1;34mhttp-nio-8080-exec-8[m] [36mValidateCountedFractionServiceImpl[m - Start method validateMaximumLimitFractionsV1
[30m2026-08-27T14:37:13,260[m [32mINFO  [m[[1;34mhttp-nio-8080-exec-8[m] [36mValidateCountedFractionServiceImpl[m - Start method validateQuantityFractionsV1, tradeId -> 1073818
[30m2026-08-27T14:37:13,260[m [32mINFO  [m[[1;34mhttp-nio-8080-exec-8[m] [36mValidateCountedFractionServiceImpl[m - Start method validateMaximumLimitFractionsV1
[30m2026-08-27T14:37:13,260[m [32mINFO  [m[[1;34mhttp-nio-8080-exec-8[m] [36mValidateCountedFractionServiceImpl[m - Start method validateQuantityFractionsV1, tradeId -> 1073819
[30m2026-08-27T14:37:13,260[m [32mINFO  [m[[1;34mhttp-nio-8080-exec-8[m] [36mValidateCountedFractionServiceImpl[m - Start method validateMaximumLimitFractionsV1
[30m2026-08-27T14:37:13,260[m [32mINFO  [m[[1;34mhttp-nio-8080-exec-8[m] [36mValidateCountedFractionServiceImpl[m - Start method validateQuantityFractionsV1, tradeId -> 1079020
[30m2026-08-27T14:37:13,260[m [32mINFO  [m[[1;34mhttp-nio-8080-exec-8[m] [36mValidateCountedFractionServiceImpl[m - Start method validateMaximumLimitFractionsV1
[30m2026-08-27T14:37:13,260[m [32mINFO  [m[[1;34mhttp-nio-8080-exec-8[m] [36mValidateCountedFractionServiceImpl[m - Start method validateQuantityFractionsV1, tradeId -> 1076653
[30m2026-08-27T14:37:13,260[m [32mINFO  [m[[1;34mhttp-nio-8080-exec-8[m] [36mValidateCountedFractionServiceImpl[m - Start method validateMaximumLimitFractionsV1
[30m2026-08-27T14:37:13,260[m [32mINFO  [m[[1;34mhttp-nio-8080-exec-8[m] [36mValidateCountedFractionServiceImpl[m - Start method validateQuantityFractionsV1, tradeId -> 1073820
[30m2026-08-27T14:37:13,260[m [32mINFO  [m[[1;34mhttp-nio-8080-exec-8[m] [36mValidateCountedFractionServiceImpl[m - Start method validateMaximumLimitFractionsV1
[30m2026-08-27T14:37:13,260[m [32mINFO  [m[[1;34mhttp-nio-8080-exec-8[m] [36mValidateCountedFractionServiceImpl[m - Start method validateQuantityFractionsV1, tradeId -> 1079021
[30m2026-08-27T14:37:13,260[m [32mINFO  [m[[1;34mhttp-nio-8080-exec-8[m] [36mValidateCountedFractionServiceImpl[m - Start method validateMaximumLimitFractionsV1
[30m2026-08-27T14:37:13,260[m [32mINFO  [m[[1;34mhttp-nio-8080-exec-8[m] [36mValidateCountedFractionServiceImpl[m - Start method validateQuantityFractionsV1, tradeId -> 1076654
[30m2026-08-27T14:37:13,260[m [32mINFO  [m[[1;34mhttp-nio-8080-exec-8[m] [36mValidateCountedFractionServiceImpl[m - Start method validateMaximumLimitFractionsV1
[30m2026-08-27T14:37:13,260[m [32mINFO  [m[[1;34mhttp-nio-8080-exec-8[m] [36mValidateCountedFractionServiceImpl[m - Start method validateQuantityFractionsV1, tradeId -> 1073821
[30m2026-08-27T14:37:13,260[m [32mINFO  [m[[1;34mhttp-nio-8080-exec-8[m] [36mValidateCountedFractionServiceImpl[m - Start method validateMaximumLimitFractionsV1
[30m2026-08-27T14:37:13,260[m [32mINFO  [m[[1;34mhttp-nio-8080-exec-8[m] [36mValidateCountedFractionServiceImpl[m - Start method validateQuantityFractionsV1, tradeId -> 1078225
[30m2026-08-27T14:37:13,260[m [32mINFO  [m[[1;34mhttp-nio-8080-exec-8[m] [36mValidateCountedFractionServiceImpl[m - Start method validateMaximumLimitFractionsV1
[30m2026-08-27T14:37:13,260[m [32mINFO  [m[[1;34mhttp-nio-8080-exec-8[m] [36mValidateCountedFractionServiceImpl[m - Start method validateQuantityFractionsV1, tradeId -> 1076655
[30m2026-08-27T14:37:13,260[m [32mINFO  [m[[1;34mhttp-nio-8080-exec-8[m] [36mValidateCountedFractionServiceImpl[m - Start method validateMaximumLimitFractionsV1
[30m2026-08-27T14:37:13,260[m [32mINFO  [m[[1;34mhttp-nio-8080-exec-8[m] [36mValidateCountedFractionServiceImpl[m - Start method validateQuantityFractionsV1, tradeId -> 1077205
[30m2026-08-27T14:37:13,260[m [32mINFO  [m[[1;34mhttp-nio-8080-exec-8[m] [36mValidateCountedFractionServiceImpl[m - Start method validateMaximumLimitFractionsV1
[30m2026-08-27T14:37:13,260[m [32mINFO  [m[[1;34mhttp-nio-8080-exec-8[m] [36mValidateCountedFractionServiceImpl[m - Start method validateQuantityFractionsV1, tradeId -> 1079022
[30m2026-08-27T14:37:13,260[m [32mINFO  [m[[1;34mhttp-nio-8080-exec-8[m] [36mValidateCountedFractionServiceImpl[m - Start method validateMaximumLimitFractionsV1
[30m2026-08-27T14:37:13,260[m [32mINFO  [m[[1;34mhttp-nio-8080-exec-8[m] [36mValidateCountedFractionServiceImpl[m - Start method validateQuantityFractionsV1, tradeId -> 1078226
[30m2026-08-27T14:37:13,260[m [32mINFO  [m[[1;34mhttp-nio-8080-exec-8[m] [36mValidateCountedFractionServiceImpl[m - Start method validateMaximumLimitFractionsV1
[30m2026-08-27T14:37:13,260[m [32mINFO  [m[[1;34mhttp-nio-8080-exec-8[m] [36mValidateCountedFractionServiceImpl[m - Start method validateQuantityFractionsV1, tradeId -> 1076656
[30m2026-08-27T14:37:13,260[m [32mINFO  [m[[1;34mhttp-nio-8080-exec-8[m] [36mValidateCountedFractionServiceImpl[m - Start method validateMaximumLimitFractionsV1
[30m2026-08-27T14:37:13,260[m [32mINFO  [m[[1;34mhttp-nio-8080-exec-8[m] [36mValidateCountedFractionServiceImpl[m - Start method validateQuantityFractionsV1, tradeId -> 1073822
[30m2026-08-27T14:37:13,260[m [32mINFO  [m[[1;34mhttp-nio-8080-exec-8[m] [36mValidateCountedFractionServiceImpl[m - Start method validateMaximumLimitFractionsV1
[30m2026-08-27T14:37:13,260[m [32mINFO  [m[[1;34mhttp-nio-8080-exec-8[m] [36mValidateCountedFractionServiceImpl[m - Start method validateQuantityFractionsV1, tradeId -> 1077206
[30m2026-08-27T14:37:13,260[m [32mINFO  [m[[1;34mhttp-nio-8080-exec-8[m] [36mValidateCountedFractionServiceImpl[m - Start method validateMaximumLimitFractionsV1
[30m2026-08-27T14:37:13,260[m [32mINFO  [m[[1;34mhttp-nio-8080-exec-8[m] [36mValidateCountedFractionServiceImpl[m - Start method validateQuantityFractionsV1, tradeId -> 1073823
[30m2026-08-27T14:37:13,260[m [32mINFO  [m[[1;34mhttp-nio-8080-exec-8[m] [36mValidateCountedFractionServiceImpl[m - Start method validateMaximumLimitFractionsV1
[30m2026-08-27T14:37:13,260[m [32mINFO  [m[[1;34mhttp-nio-8080-exec-8[m] [36mValidateCountedFractionServiceImpl[m - Start method validateQuantityFractionsV1, tradeId -> 1078227
[30m2026-08-27T14:37:13,260[m [32mINFO  [m[[1;34mhttp-nio-8080-exec-8[m] [36mValidateCountedFractionServiceImpl[m - Start method validateMaximumLimitFractionsV1
[30m2026-08-27T14:37:13,260[m [32mINFO  [m[[1;34mhttp-nio-8080-exec-8[m] [36mValidateCountedFractionServiceImpl[m - Start method validateQuantityFractionsV1, tradeId -> 1077207
[30m2026-08-27T14:37:13,260[m [32mINFO  [m[[1;34mhttp-nio-8080-exec-8[m] [36mValidateCountedFractionServiceImpl[m - Start method validateMaximumLimitFractionsV1
[30m2026-08-27T14:37:13,260[m [32mINFO  [m[[1;34mhttp-nio-8080-exec-8[m] [36mValidateCountedFractionServiceImpl[m - Start method validateQuantityFractionsV1, tradeId -> 1079023
[30m2026-08-27T14:37:13,261[m [32mINFO  [m[[1;34mhttp-nio-8080-exec-8[m] [36mValidateCountedFractionServiceImpl[m - Start method validateMaximumLimitFractionsV1
[30m2026-08-27T14:37:13,261[m [32mINFO  [m[[1;34mhttp-nio-8080-exec-8[m] [36mValidateCountedFractionServiceImpl[m - Start method validateQuantityFractionsV1, tradeId -> 1077208
[30m2026-08-27T14:37:13,261[m [32mINFO  [m[[1;34mhttp-nio-8080-exec-8[m] [36mValidateCountedFractionServiceImpl[m - Start method validateMaximumLimitFractionsV1
[30m2026-08-27T14:37:13,261[m [32mINFO  [m[[1;34mhttp-nio-8080-exec-8[m] [36mValidateCountedFractionServiceImpl[m - Start method validateQuantityFractionsV1, tradeId -> 1073824
[30m2026-08-27T14:37:13,261[m [32mINFO  [m[[1;34mhttp-nio-8080-exec-8[m] [36mValidateCountedFractionServiceImpl[m - Start method validateMaximumLimitFractionsV1
[30m2026-08-27T14:37:13,261[m [32mINFO  [m[[1;34mhttp-nio-8080-exec-8[m] [36mValidateCountedFractionServiceImpl[m - Start method validateQuantityFractionsV1, tradeId -> 1077209
[30m2026-08-27T14:37:13,261[m [32mINFO  [m[[1;34mhttp-nio-8080-exec-8[m] [36mValidateCountedFractionServiceImpl[m - Start method validateMaximumLimitFractionsV1
[30m2026-08-27T14:37:13,261[m [32mINFO  [m[[1;34mhttp-nio-8080-exec-8[m] [36mValidateCountedFractionServiceImpl[m - Start method validateQuantityFractionsV1, tradeId -> 1078228
[30m2026-08-27T14:37:13,261[m [32mINFO  [m[[1;34mhttp-nio-8080-exec-8[m] [36mValidateCountedFractionServiceImpl[m - Start method validateMaximumLimitFractionsV1
[30m2026-08-27T14:37:13,261[m [32mINFO  [m[[1;34mhttp-nio-8080-exec-8[m] [36mValidateCountedFractionServiceImpl[m - Start method validateQuantityFractionsV1, tradeId -> 1073825
[30m2026-08-27T14:37:13,261[m [32mINFO  [m[[1;34mhttp-nio-8080-exec-8[m] [36mValidateCountedFractionServiceImpl[m - Start method validateMaximumLimitFractionsV1
[30m2026-08-27T14:37:13,261[m [32mINFO  [m[[1;34mhttp-nio-8080-exec-8[m] [36mValidateCountedFractionServiceImpl[m - Start method validateQuantityFractionsV1, tradeId -> 1078229
[30m2026-08-27T14:37:13,261[m [32mINFO  [m[[1;34mhttp-nio-8080-exec-8[m] [36mValidateCountedFractionServiceImpl[m - Start method validateMaximumLimitFractionsV1
[30m2026-08-27T14:37:13,261[m [32mINFO  [m[[1;34mhttp-nio-8080-exec-8[m] [36mFractionationCountedServiceImpl[m - PERF_ASSIGNMENT_VALIDATION_BATCH batchId=90846b5d-1d69-48ad-9f8c-f6ef7b5c9493 inputCount=50 validCount=50 invalidCount=0 uniqueTrades=50 uniqueSides=1 uniqueParticipants=1 titleAccountResolutionRequests=50 titleAccountUniqueBusinessKeys=1 settlementLookupRequests=50 settlementUniqueTradeSides=50 settlementRepositoryCalls=1 settlementRowsLoaded=0 settlementPrefetchMs=2 cudLookupRequests=0 cudUniqueTradeSides=0 cudUniqueBusinessKeys=0 cudRepositoryCalls=0 cudRowsLoaded=0 cudPrefetchMs=0 tradePrefetchMs=282 sidePrefetchMs=0 participantPrefetchMs=11 accountResolutionMs=14 accountPrefetchMs=9 businessValidationMs=6 totalMs=327
[30m2026-08-27T14:37:13,261[m [32mINFO  [m[[1;34mhttp-nio-8080-exec-8[m] [36mRestClientUtils[m - Client [POST] http://operaciones-fracciones-contado-back-service/operations-fractionation-api/v1/fractionation/batch
[30m2026-08-27T14:37:15,052[m [32mINFO  [m[[1;34mhttp-nio-8080-exec-8[m] [36mFractionationCountedServiceImpl[m - PERF_ASSIGNMENT_BATCH service=cmd batchId=90846b5d-1d69-48ad-9f8c-f6ef7b5c9493 mode=RAW_VALIDATED configuredMaxBatchSize=80 receivedBatchSize=50 processedCount=50 successCount=50 failureCount=0 fractionationMs=1790 totalMs=1790
[30m2026-08-27T14:37:15,052[m [32mINFO  [m[[1;34mhttp-nio-8080-exec-8[m] [36mFractionationCountedServiceImpl[m - PERF_ASSIGNMENT_BATCH service=cmd batchId=90846b5d-1d69-48ad-9f8c-f6ef7b5c9493 mode=RAW configuredMaxBatchSize=80 receivedBatchSize=50 validCount=50 invalidCount=0 sentToFractionationCount=50 successCount=50 failureCount=0 totalMs=2118
[30m2026-08-27T14:37:15,053[m [32mINFO  [m[[1;34mhttp-nio-8080-exec-8[m] [36mGlobalFilter[m - Request [POST /operations-cmd-api/v1/fractionation/counted-operation/batch] completed in 2122 ms with status 200
[30m2026-08-27T14:37:15,077[m [32mINFO  [m[[1;34mhttp-nio-8080-exec-9[m] [36mGlobalFilter[m - ----------- Client User: operaciones-orquestador-ext-back ----------
[30m2026-08-27T14:37:15,472[m [32mINFO  [m[[1;34mhttp-nio-8080-exec-9[m] [36mValidateCountedFractionServiceImpl[m - Start method validateAccountFractionAssignmentV1, accountNumber -> 4021801, tradeId -> 1079024, sideId -> 1, originId -> 122, isLocalCorrection -> false
[30m2026-08-27T14:37:15,472[m [32mINFO  [m[[1;34mhttp-nio-8080-exec-9[m] [36mValidateCountedFractionServiceImpl[m - Searching participant account assignment for accountNumber -> 4021801, participantId -> 15, depositoryId -> 1
[30m2026-08-27T14:37:15,475[m [32mINFO  [m[[1;34mhttp-nio-8080-exec-9[m] [36mValidateCountedFractionServiceImpl[m - No participant account found for accountNumber -> 4021801
[30m2026-08-27T14:37:15,492[m [32mINFO  [m[[1;34mhttp-nio-8080-exec-9[m] [36mValidateCountedFractionServiceImpl[m - End method validateAccountFractionAssignmentV1, fractionAccountOutDto -> FractionAccountOutDto(participantAccount=null, investorAccount=InvestorAccountOutDto(id=57, investor=InvestorOutDto(id=167, code=CL00000001, firstName=Prueba Nombre 1, lastName=Prueba Nombre 2, companyName=TERCERO3509748, type=TypeOutDto(id=2, description=JURIDICO, category=PERSONA), status=StatusOutDto(id=515, description=ACTIVO, category=INVERSIONISTA, shortName=null), country=CountryOutDto(id=35, code=CL, name=CHILE, currency=CurrencyOutDto(id=30, code=CLP, name=PESO CHILENO), timeZone=UTC -3), documentNumber=8605303170, identificationType=IdentificationTypeOutDto(id=5, description=CEDULA DE CIUDADANÍA, code=CC), nationality=35, clearinghouseCode=null, gics=null, moneyLaunderingFlag=null, taxStatus=null), accountNumber=4021801, accountName=AMBIENTE 3  PRUEBA 3, status=StatusOutDto(id=570, description=ACTIVO, category=CUENTA_INVERSIONISTA, shortName=null), originType=TypeOutDto(id=120, description=TERCEROS, category=ORIGEN PUNTA), type=TypeOutDto(id=26, description=CUENTA DEPOSITO, category=CUENTA DEPOSITO), depository=DepositoryOutDto(id=1, description=DVL), participant=null, taxExemp=false), sourceQuoteType=TypeOutDto(id=120, description=TERCEROS, category=ORIGEN PUNTA), fiduciarySpecialist=false, jointAccount=false, masterAccount=false, custodian=null, milaDirectDepositor=null)
[30m2026-08-27T14:37:15,514[m [32mINFO  [m[[1;34mhttp-nio-8080-exec-9[m] [36mValidateCountedFractionServiceImpl[m - Start method validateQuantityFractionsV1, tradeId -> 1079024
[30m2026-08-27T14:37:15,514[m [32mINFO  [m[[1;34mhttp-nio-8080-exec-9[m] [36mValidateCountedFractionServiceImpl[m - Start method validateMaximumLimitFractionsV1
[30m2026-08-27T14:37:15,515[m [32mINFO  [m[[1;34mhttp-nio-8080-exec-9[m] [36mValidateCountedFractionServiceImpl[m - Start method validateQuantityFractionsV1, tradeId -> 1077210
[30m2026-08-27T14:37:15,515[m [32mINFO  [m[[1;34mhttp-nio-8080-exec-9[m] [36mValidateCountedFractionServiceImpl[m - Start method validateMaximumLimitFractionsV1
[30m2026-08-27T14:37:15,515[m [32mINFO  [m[[1;34mhttp-nio-8080-exec-9[m] [36mValidateCountedFractionServiceImpl[m - Start method validateQuantityFractionsV1, tradeId -> 1073826
[30m2026-08-27T14:37:15,515[m [32mINFO  [m[[1;34mhttp-nio-8080-exec-9[m] [36mValidateCountedFractionServiceImpl[m - Start method validateMaximumLimitFractionsV1
[30m2026-08-27T14:37:15,515[m [32mINFO  [m[[1;34mhttp-nio-8080-exec-9[m] [36mValidateCountedFractionServiceImpl[m - Start method validateQuantityFractionsV1, tradeId -> 1079025
[30m2026-08-27T14:37:15,516[m [32mINFO  [m[[1;34mhttp-nio-8080-exec-9[m] [36mValidateCountedFractionServiceImpl[m - Start method validateMaximumLimitFractionsV1
[30m2026-08-27T14:37:15,516[m [32mINFO  [m[[1;34mhttp-nio-8080-exec-9[m] [36mValidateCountedFractionServiceImpl[m - Start method validateQuantityFractionsV1, tradeId -> 1077211
[30m2026-08-27T14:37:15,516[m [32mINFO  [m[[1;34mhttp-nio-8080-exec-9[m] [36mValidateCountedFractionServiceImpl[m - Start method validateMaximumLimitFractionsV1
[30m2026-08-27T14:37:15,516[m [32mINFO  [m[[1;34mhttp-nio-8080-exec-9[m] [36mValidateCountedFractionServiceImpl[m - Start method validateQuantityFractionsV1, tradeId -> 1079026
[30m2026-08-27T14:37:15,516[m [32mINFO  [m[[1;34mhttp-nio-8080-exec-9[m] [36mValidateCountedFractionServiceImpl[m - Start method validateMaximumLimitFractionsV1
[30m2026-08-27T14:37:15,516[m [32mINFO  [m[[1;34mhttp-nio-8080-exec-9[m] [36mValidateCountedFractionServiceImpl[m - Start method validateQuantityFractionsV1, tradeId -> 1076657
[30m2026-08-27T14:37:15,516[m [32mINFO  [m[[1;34mhttp-nio-8080-exec-9[m] [36mValidateCountedFractionServiceImpl[m - Start method validateMaximumLimitFractionsV1
[30m2026-08-27T14:37:15,516[m [32mINFO  [m[[1;34mhttp-nio-8080-exec-9[m] [36mValidateCountedFractionServiceImpl[m - Start method validateQuantityFractionsV1, tradeId -> 1078230
[30m2026-08-27T14:37:15,516[m [32mINFO  [m[[1;34mhttp-nio-8080-exec-9[m] [36mValidateCountedFractionServiceImpl[m - Start method validateMaximumLimitFractionsV1
[30m2026-08-27T14:37:15,516[m [32mINFO  [m[[1;34mhttp-nio-8080-exec-9[m] [36mValidateCountedFractionServiceImpl[m - Start method validateQuantityFractionsV1, tradeId -> 1077212
[30m2026-08-27T14:37:15,516[m [32mINFO  [m[[1;34mhttp-nio-8080-exec-9[m] [36mValidateCountedFractionServiceImpl[m - Start method validateMaximumLimitFractionsV1
[30m2026-08-27T14:37:15,516[m [32mINFO  [m[[1;34mhttp-nio-8080-exec-9[m] [36mValidateCountedFractionServiceImpl[m - Start method validateQuantityFractionsV1, tradeId -> 1079027
[30m2026-08-27T14:37:15,516[m [32mINFO  [m[[1;34mhttp-nio-8080-exec-9[m] [36mValidateCountedFractionServiceImpl[m - Start method validateMaximumLimitFractionsV1
[30m2026-08-27T14:37:15,516[m [32mINFO  [m[[1;34mhttp-nio-8080-exec-9[m] [36mValidateCountedFractionServiceImpl[m - Start method validateQuantityFractionsV1, tradeId -> 1078231
[30m2026-08-27T14:37:15,516[m [32mINFO  [m[[1;34mhttp-nio-8080-exec-9[m] [36mValidateCountedFractionServiceImpl[m - Start method validateMaximumLimitFractionsV1
[30m2026-08-27T14:37:15,516[m [32mINFO  [m[[1;34mhttp-nio-8080-exec-9[m] [36mValidateCountedFractionServiceImpl[m - Start method validateQuantityFractionsV1, tradeId -> 1076658
[30m2026-08-27T14:37:15,516[m [32mINFO  [m[[1;34mhttp-nio-8080-exec-9[m] [36mValidateCountedFractionServiceImpl[m - Start method validateMaximumLimitFractionsV1
[30m2026-08-27T14:37:15,517[m [32mINFO  [m[[1;34mhttp-nio-8080-exec-9[m] [36mValidateCountedFractionServiceImpl[m - Start method validateQuantityFractionsV1, tradeId -> 1078232
[30m2026-08-27T14:37:15,517[m [32mINFO  [m[[1;34mhttp-nio-8080-exec-9[m] [36mValidateCountedFractionServiceImpl[m - Start method validateMaximumLimitFractionsV1
[30m2026-08-27T14:37:15,517[m [32mINFO  [m[[1;34mhttp-nio-8080-exec-9[m] [36mValidateCountedFractionServiceImpl[m - Start method validateQuantityFractionsV1, tradeId -> 1077213
[30m2026-08-27T14:37:15,517[m [32mINFO  [m[[1;34mhttp-nio-8080-exec-9[m] [36mValidateCountedFractionServiceImpl[m - Start method validateMaximumLimitFractionsV1
[30m2026-08-27T14:37:15,517[m [32mINFO  [m[[1;34mhttp-nio-8080-exec-9[m] [36mValidateCountedFractionServiceImpl[m - Start method validateQuantityFractionsV1, tradeId -> 1079028
[30m2026-08-27T14:37:15,517[m [32mINFO  [m[[1;34mhttp-nio-8080-exec-9[m] [36mValidateCountedFractionServiceImpl[m - Start method validateMaximumLimitFractionsV1
[30m2026-08-27T14:37:15,517[m [32mINFO  [m[[1;34mhttp-nio-8080-exec-9[m] [36mValidateCountedFractionServiceImpl[m - Start method validateQuantityFractionsV1, tradeId -> 1076659
[30m2026-08-27T14:37:15,517[m [32mINFO  [m[[1;34mhttp-nio-8080-exec-9[m] [36mValidateCountedFractionServiceImpl[m - Start method validateMaximumLimitFractionsV1
[30m2026-08-27T14:37:15,517[m [32mINFO  [m[[1;34mhttp-nio-8080-exec-9[m] [36mValidateCountedFractionServiceImpl[m - Start method validateQuantityFractionsV1, tradeId -> 1077214
[30m2026-08-27T14:37:15,517[m [32mINFO  [m[[1;34mhttp-nio-8080-exec-9[m] [36mValidateCountedFractionServiceImpl[m - Start method validateMaximumLimitFractionsV1
[30m2026-08-27T14:37:15,517[m [32mINFO  [m[[1;34mhttp-nio-8080-exec-9[m] [36mValidateCountedFractionServiceImpl[m - Start method validateQuantityFractionsV1, tradeId -> 1076660
[30m2026-08-27T14:37:15,517[m [32mINFO  [m[[1;34mhttp-nio-8080-exec-9[m] [36mValidateCountedFractionServiceImpl[m - Start method validateMaximumLimitFractionsV1
[30m2026-08-27T14:37:15,517[m [32mINFO  [m[[1;34mhttp-nio-8080-exec-9[m] [36mValidateCountedFractionServiceImpl[m - Start method validateQuantityFractionsV1, tradeId -> 1076661
[30m2026-08-27T14:37:15,517[m [32mINFO  [m[[1;34mhttp-nio-8080-exec-9[m] [36mValidateCountedFractionServiceImpl[m - Start method validateMaximumLimitFractionsV1
[30m2026-08-27T14:37:15,517[m [32mINFO  [m[[1;34mhttp-nio-8080-exec-9[m] [36mValidateCountedFractionServiceImpl[m - Start method validateQuantityFractionsV1, tradeId -> 1079029
[30m2026-08-27T14:37:15,517[m [32mINFO  [m[[1;34mhttp-nio-8080-exec-9[m] [36mValidateCountedFractionServiceImpl[m - Start method validateMaximumLimitFractionsV1
[30m2026-08-27T14:37:15,517[m [32mINFO  [m[[1;34mhttp-nio-8080-exec-9[m] [36mValidateCountedFractionServiceImpl[m - Start method validateQuantityFractionsV1, tradeId -> 1073827
[30m2026-08-27T14:37:15,517[m [32mINFO  [m[[1;34mhttp-nio-8080-exec-9[m] [36mValidateCountedFractionServiceImpl[m - Start method validateMaximumLimitFractionsV1
[30m2026-08-27T14:37:15,517[m [32mINFO  [m[[1;34mhttp-nio-8080-exec-9[m] [36mValidateCountedFractionServiceImpl[m - Start method validateQuantityFractionsV1, tradeId -> 1079030
[30m2026-08-27T14:37:15,517[m [32mINFO  [m[[1;34mhttp-nio-8080-exec-9[m] [36mValidateCountedFractionServiceImpl[m - Start method validateMaximumLimitFractionsV1
[30m2026-08-27T14:37:15,517[m [32mINFO  [m[[1;34mhttp-nio-8080-exec-9[m] [36mValidateCountedFractionServiceImpl[m - Start method validateQuantityFractionsV1, tradeId -> 1077215
[30m2026-08-27T14:37:15,517[m [32mINFO  [m[[1;34mhttp-nio-8080-exec-9[m] [36mValidateCountedFractionServiceImpl[m - Start method validateMaximumLimitFractionsV1
[30m2026-08-27T14:37:15,517[m [32mINFO  [m[[1;34mhttp-nio-8080-exec-9[m] [36mValidateCountedFractionServiceImpl[m - Start method validateQuantityFractionsV1, tradeId -> 1077216
[30m2026-08-27T14:37:15,517[m [32mINFO  [m[[1;34mhttp-nio-8080-exec-9[m] [36mValidateCountedFractionServiceImpl[m - Start method validateMaximumLimitFractionsV1
[30m2026-08-27T14:37:15,517[m [32mINFO  [m[[1;34mhttp-nio-8080-exec-9[m] [36mValidateCountedFractionServiceImpl[m - Start method validateQuantityFractionsV1, tradeId -> 1078233
[30m2026-08-27T14:37:15,517[m [32mINFO  [m[[1;34mhttp-nio-8080-exec-9[m] [36mValidateCountedFractionServiceImpl[m - Start method validateMaximumLimitFractionsV1
[30m2026-08-27T14:37:15,517[m [32mINFO  [m[[1;34mhttp-nio-8080-exec-9[m] [36mValidateCountedFractionServiceImpl[m - Start method validateQuantityFractionsV1, tradeId -> 1077217
[30m2026-08-27T14:37:15,517[m [32mINFO  [m[[1;34mhttp-nio-8080-exec-9[m] [36mValidateCountedFractionServiceImpl[m - Start method validateMaximumLimitFractionsV1
[30m2026-08-27T14:37:15,517[m [32mINFO  [m[[1;34mhttp-nio-8080-exec-9[m] [36mValidateCountedFractionServiceImpl[m - Start method validateQuantityFractionsV1, tradeId -> 1078234
[30m2026-08-27T14:37:15,517[m [32mINFO  [m[[1;34mhttp-nio-8080-exec-9[m] [36mValidateCountedFractionServiceImpl[m - Start method validateMaximumLimitFractionsV1
[30m2026-08-27T14:37:15,517[m [32mINFO  [m[[1;34mhttp-nio-8080-exec-9[m] [36mValidateCountedFractionServiceImpl[m - Start method validateQuantityFractionsV1, tradeId -> 1073830
[30m2026-08-27T14:37:15,517[m [32mINFO  [m[[1;34mhttp-nio-8080-exec-9[m] [36mValidateCountedFractionServiceImpl[m - Start method validateMaximumLimitFractionsV1
[30m2026-08-27T14:37:15,517[m [32mINFO  [m[[1;34mhttp-nio-8080-exec-9[m] [36mValidateCountedFractionServiceImpl[m - Start method validateQuantityFractionsV1, tradeId -> 1076667
[30m2026-08-27T14:37:15,517[m [32mINFO  [m[[1;34mhttp-nio-8080-exec-9[m] [36mValidateCountedFractionServiceImpl[m - Start method validateMaximumLimitFractionsV1
[30m2026-08-27T14:37:15,518[m [32mINFO  [m[[1;34mhttp-nio-8080-exec-9[m] [36mValidateCountedFractionServiceImpl[m - Start method validateQuantityFractionsV1, tradeId -> 1077222
[30m2026-08-27T14:37:15,518[m [32mINFO  [m[[1;34mhttp-nio-8080-exec-9[m] [36mValidateCountedFractionServiceImpl[m - Start method validateMaximumLimitFractionsV1
[30m2026-08-27T14:37:15,518[m [32mINFO  [m[[1;34mhttp-nio-8080-exec-9[m] [36mValidateCountedFractionServiceImpl[m - Start method validateQuantityFractionsV1, tradeId -> 1079035
[30m2026-08-27T14:37:15,518[m [32mINFO  [m[[1;34mhttp-nio-8080-exec-9[m] [36mValidateCountedFractionServiceImpl[m - Start method validateMaximumLimitFractionsV1
[30m2026-08-27T14:37:15,518[m [32mINFO  [m[[1;34mhttp-nio-8080-exec-9[m] [36mValidateCountedFractionServiceImpl[m - Start method validateQuantityFractionsV1, tradeId -> 1079036
[30m2026-08-27T14:37:15,518[m [32mINFO  [m[[1;34mhttp-nio-8080-exec-9[m] [36mValidateCountedFractionServiceImpl[m - Start method validateMaximumLimitFractionsV1
[30m2026-08-27T14:37:15,518[m [32mINFO  [m[[1;34mhttp-nio-8080-exec-9[m] [36mValidateCountedFractionServiceImpl[m - Start method validateQuantityFractionsV1, tradeId -> 1078241
[30m2026-08-27T14:37:15,518[m [32mINFO  [m[[1;34mhttp-nio-8080-exec-9[m] [36mValidateCountedFractionServiceImpl[m - Start method validateMaximumLimitFractionsV1
[30m2026-08-27T14:37:15,518[m [32mINFO  [m[[1;34mhttp-nio-8080-exec-9[m] [36mValidateCountedFractionServiceImpl[m - Start method validateQuantityFractionsV1, tradeId -> 1078242
[30m2026-08-27T14:37:15,518[m [32mINFO  [m[[1;34mhttp-nio-8080-exec-9[m] [36mValidateCountedFractionServiceImpl[m - Start method validateMaximumLimitFractionsV1
[30m2026-08-27T14:37:15,518[m [32mINFO  [m[[1;34mhttp-nio-8080-exec-9[m] [36mValidateCountedFractionServiceImpl[m - Start method validateQuantityFractionsV1, tradeId -> 1073831
[30m2026-08-27T14:37:15,518[m [32mINFO  [m[[1;34mhttp-nio-8080-exec-9[m] [36mValidateCountedFractionServiceImpl[m - Start method validateMaximumLimitFractionsV1
[30m2026-08-27T14:37:15,518[m [32mINFO  [m[[1;34mhttp-nio-8080-exec-9[m] [36mValidateCountedFractionServiceImpl[m - Start method validateQuantityFractionsV1, tradeId -> 1078243
[30m2026-08-27T14:37:15,518[m [32mINFO  [m[[1;34mhttp-nio-8080-exec-9[m] [36mValidateCountedFractionServiceImpl[m - Start method validateMaximumLimitFractionsV1
[30m2026-08-27T14:37:15,518[m [32mINFO  [m[[1;34mhttp-nio-8080-exec-9[m] [36mValidateCountedFractionServiceImpl[m - Start method validateQuantityFractionsV1, tradeId -> 1076668
[30m2026-08-27T14:37:15,518[m [32mINFO  [m[[1;34mhttp-nio-8080-exec-9[m] [36mValidateCountedFractionServiceImpl[m - Start method validateMaximumLimitFractionsV1
[30m2026-08-27T14:37:15,519[m [32mINFO  [m[[1;34mhttp-nio-8080-exec-9[m] [36mValidateCountedFractionServiceImpl[m - Start method validateQuantityFractionsV1, tradeId -> 1078244
[30m2026-08-27T14:37:15,519[m [32mINFO  [m[[1;34mhttp-nio-8080-exec-9[m] [36mValidateCountedFractionServiceImpl[m - Start method validateMaximumLimitFractionsV1
[30m2026-08-27T14:37:15,520[m [32mINFO  [m[[1;34mhttp-nio-8080-exec-9[m] [36mValidateCountedFractionServiceImpl[m - Start method validateQuantityFractionsV1, tradeId -> 1076669
[30m2026-08-27T14:37:15,520[m [32mINFO  [m[[1;34mhttp-nio-8080-exec-9[m] [36mValidateCountedFractionServiceImpl[m - Start method validateMaximumLimitFractionsV1
[30m2026-08-27T14:37:15,520[m [32mINFO  [m[[1;34mhttp-nio-8080-exec-9[m] [36mValidateCountedFractionServiceImpl[m - Start method validateQuantityFractionsV1, tradeId -> 1073832
[30m2026-08-27T14:37:15,520[m [32mINFO  [m[[1;34mhttp-nio-8080-exec-9[m] [36mValidateCountedFractionServiceImpl[m - Start method validateMaximumLimitFractionsV1
[30m2026-08-27T14:37:15,520[m [32mINFO  [m[[1;34mhttp-nio-8080-exec-9[m] [36mValidateCountedFractionServiceImpl[m - Start method validateQuantityFractionsV1, tradeId -> 1073833
[30m2026-08-27T14:37:15,520[m [32mINFO  [m[[1;34mhttp-nio-8080-exec-9[m] [36mValidateCountedFractionServiceImpl[m - Start method validateMaximumLimitFractionsV1
[30m2026-08-27T14:37:15,520[m [32mINFO  [m[[1;34mhttp-nio-8080-exec-9[m] [36mValidateCountedFractionServiceImpl[m - Start method validateQuantityFractionsV1, tradeId -> 1079037
[30m2026-08-27T14:37:15,520[m [32mINFO  [m[[1;34mhttp-nio-8080-exec-9[m] [36mValidateCountedFractionServiceImpl[m - Start method validateMaximumLimitFractionsV1
[30m2026-08-27T14:37:15,520[m [32mINFO  [m[[1;34mhttp-nio-8080-exec-9[m] [36mValidateCountedFractionServiceImpl[m - Start method validateQuantityFractionsV1, tradeId -> 1077223
[30m2026-08-27T14:37:15,521[m [32mINFO  [m[[1;34mhttp-nio-8080-exec-9[m] [36mValidateCountedFractionServiceImpl[m - Start method validateMaximumLimitFractionsV1
[30m2026-08-27T14:37:15,521[m [32mINFO  [m[[1;34mhttp-nio-8080-exec-9[m] [36mValidateCountedFractionServiceImpl[m - Start method validateQuantityFractionsV1, tradeId -> 1078245
[30m2026-08-27T14:37:15,521[m [32mINFO  [m[[1;34mhttp-nio-8080-exec-9[m] [36mValidateCountedFractionServiceImpl[m - Start method validateMaximumLimitFractionsV1
[30m2026-08-27T14:37:15,522[m [32mINFO  [m[[1;34mhttp-nio-8080-exec-9[m] [36mValidateCountedFractionServiceImpl[m - Start method validateQuantityFractionsV1, tradeId -> 1078246
[30m2026-08-27T14:37:15,522[m [32mINFO  [m[[1;34mhttp-nio-8080-exec-9[m] [36mValidateCountedFractionServiceImpl[m - Start method validateMaximumLimitFractionsV1
[30m2026-08-27T14:37:15,522[m [32mINFO  [m[[1;34mhttp-nio-8080-exec-9[m] [36mValidateCountedFractionServiceImpl[m - Start method validateQuantityFractionsV1, tradeId -> 1073834
[30m2026-08-27T14:37:15,522[m [32mINFO  [m[[1;34mhttp-nio-8080-exec-9[m] [36mValidateCountedFractionServiceImpl[m - Start method validateMaximumLimitFractionsV1
[30m2026-08-27T14:37:15,522[m [32mINFO  [m[[1;34mhttp-nio-8080-exec-9[m] [36mValidateCountedFractionServiceImpl[m - Start method validateQuantityFractionsV1, tradeId -> 1079038
[30m2026-08-27T14:37:15,522[m [32mINFO  [m[[1;34mhttp-nio-8080-exec-9[m] [36mValidateCountedFractionServiceImpl[m - Start method validateMaximumLimitFractionsV1
[30m2026-08-27T14:37:15,522[m [32mINFO  [m[[1;34mhttp-nio-8080-exec-9[m] [36mValidateCountedFractionServiceImpl[m - Start method validateQuantityFractionsV1, tradeId -> 1073835
[30m2026-08-27T14:37:15,522[m [32mINFO  [m[[1;34mhttp-nio-8080-exec-9[m] [36mValidateCountedFractionServiceImpl[m - Start method validateMaximumLimitFractionsV1
[30m2026-08-27T14:37:15,522[m [32mINFO  [m[[1;34mhttp-nio-8080-exec-9[m] [36mValidateCountedFractionServiceImpl[m - Start method validateQuantityFractionsV1, tradeId -> 1078247
[30m2026-08-27T14:37:15,522[m [32mINFO  [m[[1;34mhttp-nio-8080-exec-9[m] [36mValidateCountedFractionServiceImpl[m - Start method validateMaximumLimitFractionsV1
[30m2026-08-27T14:37:15,522[m [32mINFO  [m[[1;34mhttp-nio-8080-exec-9[m] [36mValidateCountedFractionServiceImpl[m - Start method validateQuantityFractionsV1, tradeId -> 1078252
[30m2026-08-27T14:37:15,522[m [32mINFO  [m[[1;34mhttp-nio-8080-exec-9[m] [36mValidateCountedFractionServiceImpl[m - Start method validateMaximumLimitFractionsV1
[30m2026-08-27T14:37:15,522[m [32mINFO  [m[[1;34mhttp-nio-8080-exec-9[m] [36mFractionationCountedServiceImpl[m - PERF_ASSIGNMENT_VALIDATION_BATCH batchId=8821d04a-7163-485b-b98e-c8356e6864c5 inputCount=50 validCount=50 invalidCount=0 uniqueTrades=50 uniqueSides=1 uniqueParticipants=1 titleAccountResolutionRequests=50 titleAccountUniqueBusinessKeys=1 settlementLookupRequests=50 settlementUniqueTradeSides=50 settlementRepositoryCalls=1 settlementRowsLoaded=0 settlementPrefetchMs=4 cudLookupRequests=0 cudUniqueTradeSides=0 cudUniqueBusinessKeys=0 cudRepositoryCalls=0 cudRowsLoaded=0 cudPrefetchMs=0 tradePrefetchMs=376 sidePrefetchMs=0 participantPrefetchMs=12 accountResolutionMs=20 accountPrefetchMs=13 businessValidationMs=11 totalMs=439
[30m2026-08-27T14:37:15,523[m [32mINFO  [m[[1;34mhttp-nio-8080-exec-9[m] [36mRestClientUtils[m - Client [POST] http://operaciones-fracciones-contado-back-service/operations-fractionation-api/v1/fractionation/batch
[30m2026-08-27T14:37:17,264[m [32mINFO  [m[[1;34mhttp-nio-8080-exec-9[m] [36mFractionationCountedServiceImpl[m - PERF_ASSIGNMENT_BATCH service=cmd batchId=8821d04a-7163-485b-b98e-c8356e6864c5 mode=RAW_VALIDATED configuredMaxBatchSize=80 receivedBatchSize=50 processedCount=50 successCount=50 failureCount=0 fractionationMs=1741 totalMs=1741
[30m2026-08-27T14:37:17,264[m [32mINFO  [m[[1;34mhttp-nio-8080-exec-9[m] [36mFractionationCountedServiceImpl[m - PERF_ASSIGNMENT_BATCH service=cmd batchId=8821d04a-7163-485b-b98e-c8356e6864c5 mode=RAW configuredMaxBatchSize=80 receivedBatchSize=50 validCount=50 invalidCount=0 sentToFractionationCount=50 successCount=50 failureCount=0 totalMs=2181
[30m2026-08-27T14:37:17,266[m [32mINFO  [m[[1;34mhttp-nio-8080-exec-9[m] [36mGlobalFilter[m - Request [POST /operations-cmd-api/v1/fractionation/counted-operation/batch] completed in 2189 ms with status 200
[30m2026-08-27T14:37:17,292[m [32mINFO  [m[[1;34mhttp-nio-8080-exec-10[m] [36mGlobalFilter[m - ----------- Client User: operaciones-orquestador-ext-back ----------
[30m2026-08-27T14:37:17,635[m [32mINFO  [m[[1;34mhttp-nio-8080-exec-10[m] [36mValidateCountedFractionServiceImpl[m - Start method validateAccountFractionAssignmentV1, accountNumber -> 4021801, tradeId -> 1078253, sideId -> 1, originId -> 122, isLocalCorrection -> false
[30m2026-08-27T14:37:17,636[m [32mINFO  [m[[1;34mhttp-nio-8080-exec-10[m] [36mValidateCountedFractionServiceImpl[m - Searching participant account assignment for accountNumber -> 4021801, participantId -> 15, depositoryId -> 1
[30m2026-08-27T14:37:17,638[m [32mINFO  [m[[1;34mhttp-nio-8080-exec-10[m] [36mValidateCountedFractionServiceImpl[m - No participant account found for accountNumber -> 4021801
[30m2026-08-27T14:37:17,652[m [32mINFO  [m[[1;34mhttp-nio-8080-exec-10[m] [36mValidateCountedFractionServiceImpl[m - End method validateAccountFractionAssignmentV1, fractionAccountOutDto -> FractionAccountOutDto(participantAccount=null, investorAccount=InvestorAccountOutDto(id=57, investor=InvestorOutDto(id=167, code=CL00000001, firstName=Prueba Nombre 1, lastName=Prueba Nombre 2, companyName=TERCERO3509748, type=TypeOutDto(id=2, description=JURIDICO, category=PERSONA), status=StatusOutDto(id=515, description=ACTIVO, category=INVERSIONISTA, shortName=null), country=CountryOutDto(id=35, code=CL, name=CHILE, currency=CurrencyOutDto(id=30, code=CLP, name=PESO CHILENO), timeZone=UTC -3), documentNumber=8605303170, identificationType=IdentificationTypeOutDto(id=5, description=CEDULA DE CIUDADANÍA, code=CC), nationality=35, clearinghouseCode=null, gics=null, moneyLaunderingFlag=null, taxStatus=null), accountNumber=4021801, accountName=AMBIENTE 3  PRUEBA 3, status=StatusOutDto(id=570, description=ACTIVO, category=CUENTA_INVERSIONISTA, shortName=null), originType=TypeOutDto(id=120, description=TERCEROS, category=ORIGEN PUNTA), type=TypeOutDto(id=26, description=CUENTA DEPOSITO, category=CUENTA DEPOSITO), depository=DepositoryOutDto(id=1, description=DVL), participant=null, taxExemp=false), sourceQuoteType=TypeOutDto(id=120, description=TERCEROS, category=ORIGEN PUNTA), fiduciarySpecialist=false, jointAccount=false, masterAccount=false, custodian=null, milaDirectDepositor=null)
[30m2026-08-27T14:37:17,678[m [32mINFO  [m[[1;34mhttp-nio-8080-exec-10[m] [36mValidateCountedFractionServiceImpl[m - Start method validateQuantityFractionsV1, tradeId -> 1078253
[30m2026-08-27T14:37:17,678[m [32mINFO  [m[[1;34mhttp-nio-8080-exec-10[m] [36mValidateCountedFractionServiceImpl[m - Start method validateMaximumLimitFractionsV1
[30m2026-08-27T14:37:17,678[m [32mINFO  [m[[1;34mhttp-nio-8080-exec-10[m] [36mValidateCountedFractionServiceImpl[m - Start method validateQuantityFractionsV1, tradeId -> 1076675
[30m2026-08-27T14:37:17,678[m [32mINFO  [m[[1;34mhttp-nio-8080-exec-10[m] [36mValidateCountedFractionServiceImpl[m - Start method validateMaximumLimitFractionsV1
[30m2026-08-27T14:37:17,678[m [32mINFO  [m[[1;34mhttp-nio-8080-exec-10[m] [36mValidateCountedFractionServiceImpl[m - Start method validateQuantityFractionsV1, tradeId -> 1073843
[30m2026-08-27T14:37:17,678[m [32mINFO  [m[[1;34mhttp-nio-8080-exec-10[m] [36mValidateCountedFractionServiceImpl[m - Start method validateMaximumLimitFractionsV1
[30m2026-08-27T14:37:17,678[m [32mINFO  [m[[1;34mhttp-nio-8080-exec-10[m] [36mValidateCountedFractionServiceImpl[m - Start method validateQuantityFractionsV1, tradeId -> 1077225
[30m2026-08-27T14:37:17,678[m [32mINFO  [m[[1;34mhttp-nio-8080-exec-10[m] [36mValidateCountedFractionServiceImpl[m - Start method validateMaximumLimitFractionsV1
[30m2026-08-27T14:37:17,678[m [32mINFO  [m[[1;34mhttp-nio-8080-exec-10[m] [36mValidateCountedFractionServiceImpl[m - Start method validateQuantityFractionsV1, tradeId -> 1079045
[30m2026-08-27T14:37:17,679[m [32mINFO  [m[[1;34mhttp-nio-8080-exec-10[m] [36mValidateCountedFractionServiceImpl[m - Start method validateMaximumLimitFractionsV1
[30m2026-08-27T14:37:17,679[m [32mINFO  [m[[1;34mhttp-nio-8080-exec-10[m] [36mValidateCountedFractionServiceImpl[m - Start method validateQuantityFractionsV1, tradeId -> 1076676
[30m2026-08-27T14:37:17,679[m [32mINFO  [m[[1;34mhttp-nio-8080-exec-10[m] [36mValidateCountedFractionServiceImpl[m - Start method validateMaximumLimitFractionsV1
[30m2026-08-27T14:37:17,679[m [32mINFO  [m[[1;34mhttp-nio-8080-exec-10[m] [36mValidateCountedFractionServiceImpl[m - Start method validateQuantityFractionsV1, tradeId -> 1073844
[30m2026-08-27T14:37:17,679[m [32mINFO  [m[[1;34mhttp-nio-8080-exec-10[m] [36mValidateCountedFractionServiceImpl[m - Start method validateMaximumLimitFractionsV1
[30m2026-08-27T14:37:17,679[m [32mINFO  [m[[1;34mhttp-nio-8080-exec-10[m] [36mValidateCountedFractionServiceImpl[m - Start method validateQuantityFractionsV1, tradeId -> 1073845
[30m2026-08-27T14:37:17,679[m [32mINFO  [m[[1;34mhttp-nio-8080-exec-10[m] [36mValidateCountedFractionServiceImpl[m - Start method validateMaximumLimitFractionsV1
[30m2026-08-27T14:37:17,679[m [32mINFO  [m[[1;34mhttp-nio-8080-exec-10[m] [36mValidateCountedFractionServiceImpl[m - Start method validateQuantityFractionsV1, tradeId -> 1076677
[30m2026-08-27T14:37:17,679[m [32mINFO  [m[[1;34mhttp-nio-8080-exec-10[m] [36mValidateCountedFractionServiceImpl[m - Start method validateMaximumLimitFractionsV1
[30m2026-08-27T14:37:17,679[m [32mINFO  [m[[1;34mhttp-nio-8080-exec-10[m] [36mValidateCountedFractionServiceImpl[m - Start method validateQuantityFractionsV1, tradeId -> 1073846
[30m2026-08-27T14:37:17,679[m [32mINFO  [m[[1;34mhttp-nio-8080-exec-10[m] [36mValidateCountedFractionServiceImpl[m - Start method validateMaximumLimitFractionsV1
[30m2026-08-27T14:37:17,679[m [32mINFO  [m[[1;34mhttp-nio-8080-exec-10[m] [36mValidateCountedFractionServiceImpl[m - Start method validateQuantityFractionsV1, tradeId -> 1077226
[30m2026-08-27T14:37:17,679[m [32mINFO  [m[[1;34mhttp-nio-8080-exec-10[m] [36mValidateCountedFractionServiceImpl[m - Start method validateMaximumLimitFractionsV1
[30m2026-08-27T14:37:17,679[m [32mINFO  [m[[1;34mhttp-nio-8080-exec-10[m] [36mValidateCountedFractionServiceImpl[m - Start method validateQuantityFractionsV1, tradeId -> 1077227
[30m2026-08-27T14:37:17,679[m [32mINFO  [m[[1;34mhttp-nio-8080-exec-10[m] [36mValidateCountedFractionServiceImpl[m - Start method validateMaximumLimitFractionsV1
[30m2026-08-27T14:37:17,679[m [32mINFO  [m[[1;34mhttp-nio-8080-exec-10[m] [36mValidateCountedFractionServiceImpl[m - Start method validateQuantityFractionsV1, tradeId -> 1076678
[30m2026-08-27T14:37:17,679[m [32mINFO  [m[[1;34mhttp-nio-8080-exec-10[m] [36mValidateCountedFractionServiceImpl[m - Start method validateMaximumLimitFractionsV1
[30m2026-08-27T14:37:17,679[m [32mINFO  [m[[1;34mhttp-nio-8080-exec-10[m] [36mValidateCountedFractionServiceImpl[m - Start method validateQuantityFractionsV1, tradeId -> 1076679
[30m2026-08-27T14:37:17,679[m [32mINFO  [m[[1;34mhttp-nio-8080-exec-10[m] [36mValidateCountedFractionServiceImpl[m - Start method validateMaximumLimitFractionsV1
[30m2026-08-27T14:37:17,679[m [32mINFO  [m[[1;34mhttp-nio-8080-exec-10[m] [36mValidateCountedFractionServiceImpl[m - Start method validateQuantityFractionsV1, tradeId -> 1079046
[30m2026-08-27T14:37:17,679[m [32mINFO  [m[[1;34mhttp-nio-8080-exec-10[m] [36mValidateCountedFractionServiceImpl[m - Start method validateMaximumLimitFractionsV1
[30m2026-08-27T14:37:17,680[m [32mINFO  [m[[1;34mhttp-nio-8080-exec-10[m] [36mValidateCountedFractionServiceImpl[m - Start method validateQuantityFractionsV1, tradeId -> 1073847
[30m2026-08-27T14:37:17,680[m [32mINFO  [m[[1;34mhttp-nio-8080-exec-10[m] [36mValidateCountedFractionServiceImpl[m - Start method validateMaximumLimitFractionsV1
[30m2026-08-27T14:37:17,680[m [32mINFO  [m[[1;34mhttp-nio-8080-exec-10[m] [36mValidateCountedFractionServiceImpl[m - Start method validateQuantityFractionsV1, tradeId -> 1073848
[30m2026-08-27T14:37:17,680[m [32mINFO  [m[[1;34mhttp-nio-8080-exec-10[m] [36mValidateCountedFractionServiceImpl[m - Start method validateMaximumLimitFractionsV1
[30m2026-08-27T14:37:17,680[m [32mINFO  [m[[1;34mhttp-nio-8080-exec-10[m] [36mValidateCountedFractionServiceImpl[m - Start method validateQuantityFractionsV1, tradeId -> 1073849
[30m2026-08-27T14:37:17,680[m [32mINFO  [m[[1;34mhttp-nio-8080-exec-10[m] [36mValidateCountedFractionServiceImpl[m - Start method validateMaximumLimitFractionsV1
[30m2026-08-27T14:37:17,680[m [32mINFO  [m[[1;34mhttp-nio-8080-exec-10[m] [36mValidateCountedFractionServiceImpl[m - Start method validateQuantityFractionsV1, tradeId -> 1077228
[30m2026-08-27T14:37:17,680[m [32mINFO  [m[[1;34mhttp-nio-8080-exec-10[m] [36mValidateCountedFractionServiceImpl[m - Start method validateMaximumLimitFractionsV1
[30m2026-08-27T14:37:17,680[m [32mINFO  [m[[1;34mhttp-nio-8080-exec-10[m] [36mValidateCountedFractionServiceImpl[m - Start method validateQuantityFractionsV1, tradeId -> 1077229
[30m2026-08-27T14:37:17,680[m [32mINFO  [m[[1;34mhttp-nio-8080-exec-10[m] [36mValidateCountedFractionServiceImpl[m - Start method validateMaximumLimitFractionsV1
[30m2026-08-27T14:37:17,680[m [32mINFO  [m[[1;34mhttp-nio-8080-exec-10[m] [36mValidateCountedFractionServiceImpl[m - Start method validateQuantityFractionsV1, tradeId -> 1076680
[30m2026-08-27T14:37:17,680[m [32mINFO  [m[[1;34mhttp-nio-8080-exec-10[m] [36mValidateCountedFractionServiceImpl[m - Start method validateMaximumLimitFractionsV1
[30m2026-08-27T14:37:17,680[m [32mINFO  [m[[1;34mhttp-nio-8080-exec-10[m] [36mValidateCountedFractionServiceImpl[m - Start method validateQuantityFractionsV1, tradeId -> 1077234
[30m2026-08-27T14:37:17,680[m [32mINFO  [m[[1;34mhttp-nio-8080-exec-10[m] [36mValidateCountedFractionServiceImpl[m - Start method validateMaximumLimitFractionsV1
[30m2026-08-27T14:37:17,680[m [32mINFO  [m[[1;34mhttp-nio-8080-exec-10[m] [36mValidateCountedFractionServiceImpl[m - Start method validateQuantityFractionsV1, tradeId -> 1077235
[30m2026-08-27T14:37:17,680[m [32mINFO  [m[[1;34mhttp-nio-8080-exec-10[m] [36mValidateCountedFractionServiceImpl[m - Start method validateMaximumLimitFractionsV1
[30m2026-08-27T14:37:17,680[m [32mINFO  [m[[1;34mhttp-nio-8080-exec-10[m] [36mValidateCountedFractionServiceImpl[m - Start method validateQuantityFractionsV1, tradeId -> 1078262
[30m2026-08-27T14:37:17,680[m [32mINFO  [m[[1;34mhttp-nio-8080-exec-10[m] [36mValidateCountedFractionServiceImpl[m - Start method validateMaximumLimitFractionsV1
[30m2026-08-27T14:37:17,680[m [32mINFO  [m[[1;34mhttp-nio-8080-exec-10[m] [36mValidateCountedFractionServiceImpl[m - Start method validateQuantityFractionsV1, tradeId -> 1077236
[30m2026-08-27T14:37:17,680[m [32mINFO  [m[[1;34mhttp-nio-8080-exec-10[m] [36mValidateCountedFractionServiceImpl[m - Start method validateMaximumLimitFractionsV1
[30m2026-08-27T14:37:17,680[m [32mINFO  [m[[1;34mhttp-nio-8080-exec-10[m] [36mValidateCountedFractionServiceImpl[m - Start method validateQuantityFractionsV1, tradeId -> 1077237
[30m2026-08-27T14:37:17,680[m [32mINFO  [m[[1;34mhttp-nio-8080-exec-10[m] [36mValidateCountedFractionServiceImpl[m - Start method validateMaximumLimitFractionsV1
[30m2026-08-27T14:37:17,680[m [32mINFO  [m[[1;34mhttp-nio-8080-exec-10[m] [36mValidateCountedFractionServiceImpl[m - Start method validateQuantityFractionsV1, tradeId -> 1078263
[30m2026-08-27T14:37:17,680[m [32mINFO  [m[[1;34mhttp-nio-8080-exec-10[m] [36mValidateCountedFractionServiceImpl[m - Start method validateMaximumLimitFractionsV1
[30m2026-08-27T14:37:17,680[m [32mINFO  [m[[1;34mhttp-nio-8080-exec-10[m] [36mValidateCountedFractionServiceImpl[m - Start method validateQuantityFractionsV1, tradeId -> 1079050
[30m2026-08-27T14:37:17,680[m [32mINFO  [m[[1;34mhttp-nio-8080-exec-10[m] [36mValidateCountedFractionServiceImpl[m - Start method validateMaximumLimitFractionsV1
[30m2026-08-27T14:37:17,680[m [32mINFO  [m[[1;34mhttp-nio-8080-exec-10[m] [36mValidateCountedFractionServiceImpl[m - Start method validateQuantityFractionsV1, tradeId -> 1076684
[30m2026-08-27T14:37:17,680[m [32mINFO  [m[[1;34mhttp-nio-8080-exec-10[m] [36mValidateCountedFractionServiceImpl[m - Start method validateMaximumLimitFractionsV1
[30m2026-08-27T14:37:17,680[m [32mINFO  [m[[1;34mhttp-nio-8080-exec-10[m] [36mValidateCountedFractionServiceImpl[m - Start method validateQuantityFractionsV1, tradeId -> 1078264
[30m2026-08-27T14:37:17,680[m [32mINFO  [m[[1;34mhttp-nio-8080-exec-10[m] [36mValidateCountedFractionServiceImpl[m - Start method validateMaximumLimitFractionsV1
[30m2026-08-27T14:37:17,681[m [32mINFO  [m[[1;34mhttp-nio-8080-exec-10[m] [36mValidateCountedFractionServiceImpl[m - Start method validateQuantityFractionsV1, tradeId -> 1076685
[30m2026-08-27T14:37:17,681[m [32mINFO  [m[[1;34mhttp-nio-8080-exec-10[m] [36mValidateCountedFractionServiceImpl[m - Start method validateMaximumLimitFractionsV1
[30m2026-08-27T14:37:17,681[m [32mINFO  [m[[1;34mhttp-nio-8080-exec-10[m] [36mValidateCountedFractionServiceImpl[m - Start method validateQuantityFractionsV1, tradeId -> 1078265
[30m2026-08-27T14:37:17,681[m [32mINFO  [m[[1;34mhttp-nio-8080-exec-10[m] [36mValidateCountedFractionServiceImpl[m - Start method validateMaximumLimitFractionsV1
[30m2026-08-27T14:37:17,681[m [32mINFO  [m[[1;34mhttp-nio-8080-exec-10[m] [36mValidateCountedFractionServiceImpl[m - Start method validateQuantityFractionsV1, tradeId -> 1079051
[30m2026-08-27T14:37:17,681[m [32mINFO  [m[[1;34mhttp-nio-8080-exec-10[m] [36mValidateCountedFractionServiceImpl[m - Start method validateMaximumLimitFractionsV1
[30m2026-08-27T14:37:17,681[m [32mINFO  [m[[1;34mhttp-nio-8080-exec-10[m] [36mValidateCountedFractionServiceImpl[m - Start method validateQuantityFractionsV1, tradeId -> 1079052
[30m2026-08-27T14:37:17,681[m [32mINFO  [m[[1;34mhttp-nio-8080-exec-10[m] [36mValidateCountedFractionServiceImpl[m - Start method validateMaximumLimitFractionsV1
[30m2026-08-27T14:37:17,681[m [32mINFO  [m[[1;34mhttp-nio-8080-exec-10[m] [36mValidateCountedFractionServiceImpl[m - Start method validateQuantityFractionsV1, tradeId -> 1079053
[30m2026-08-27T14:37:17,681[m [32mINFO  [m[[1;34mhttp-nio-8080-exec-10[m] [36mValidateCountedFractionServiceImpl[m - Start method validateMaximumLimitFractionsV1
[30m2026-08-27T14:37:17,681[m [32mINFO  [m[[1;34mhttp-nio-8080-exec-10[m] [36mValidateCountedFractionServiceImpl[m - Start method validateQuantityFractionsV1, tradeId -> 1076686
[30m2026-08-27T14:37:17,681[m [32mINFO  [m[[1;34mhttp-nio-8080-exec-10[m] [36mValidateCountedFractionServiceImpl[m - Start method validateMaximumLimitFractionsV1
[30m2026-08-27T14:37:17,681[m [32mINFO  [m[[1;34mhttp-nio-8080-exec-10[m] [36mValidateCountedFractionServiceImpl[m - Start method validateQuantityFractionsV1, tradeId -> 1079054
[30m2026-08-27T14:37:17,681[m [32mINFO  [m[[1;34mhttp-nio-8080-exec-10[m] [36mValidateCountedFractionServiceImpl[m - Start method validateMaximumLimitFractionsV1
[30m2026-08-27T14:37:17,681[m [32mINFO  [m[[1;34mhttp-nio-8080-exec-10[m] [36mValidateCountedFractionServiceImpl[m - Start method validateQuantityFractionsV1, tradeId -> 1079055
[30m2026-08-27T14:37:17,681[m [32mINFO  [m[[1;34mhttp-nio-8080-exec-10[m] [36mValidateCountedFractionServiceImpl[m - Start method validateMaximumLimitFractionsV1
[30m2026-08-27T14:37:17,681[m [32mINFO  [m[[1;34mhttp-nio-8080-exec-10[m] [36mValidateCountedFractionServiceImpl[m - Start method validateQuantityFractionsV1, tradeId -> 1079056
[30m2026-08-27T14:37:17,681[m [32mINFO  [m[[1;34mhttp-nio-8080-exec-10[m] [36mValidateCountedFractionServiceImpl[m - Start method validateMaximumLimitFractionsV1
[30m2026-08-27T14:37:17,681[m [32mINFO  [m[[1;34mhttp-nio-8080-exec-10[m] [36mValidateCountedFractionServiceImpl[m - Start method validateQuantityFractionsV1, tradeId -> 1073854
[30m2026-08-27T14:37:17,681[m [32mINFO  [m[[1;34mhttp-nio-8080-exec-10[m] [36mValidateCountedFractionServiceImpl[m - Start method validateMaximumLimitFractionsV1
[30m2026-08-27T14:37:17,681[m [32mINFO  [m[[1;34mhttp-nio-8080-exec-10[m] [36mValidateCountedFractionServiceImpl[m - Start method validateQuantityFractionsV1, tradeId -> 1078266
[30m2026-08-27T14:37:17,681[m [32mINFO  [m[[1;34mhttp-nio-8080-exec-10[m] [36mValidateCountedFractionServiceImpl[m - Start method validateMaximumLimitFractionsV1
[30m2026-08-27T14:37:17,681[m [32mINFO  [m[[1;34mhttp-nio-8080-exec-10[m] [36mValidateCountedFractionServiceImpl[m - Start method validateQuantityFractionsV1, tradeId -> 1078267
[30m2026-08-27T14:37:17,681[m [32mINFO  [m[[1;34mhttp-nio-8080-exec-10[m] [36mValidateCountedFractionServiceImpl[m - Start method validateMaximumLimitFractionsV1
[30m2026-08-27T14:37:17,681[m [32mINFO  [m[[1;34mhttp-nio-8080-exec-10[m] [36mValidateCountedFractionServiceImpl[m - Start method validateQuantityFractionsV1, tradeId -> 1077238
[30m2026-08-27T14:37:17,681[m [32mINFO  [m[[1;34mhttp-nio-8080-exec-10[m] [36mValidateCountedFractionServiceImpl[m - Start method validateMaximumLimitFractionsV1
[30m2026-08-27T14:37:17,682[m [32mINFO  [m[[1;34mhttp-nio-8080-exec-10[m] [36mValidateCountedFractionServiceImpl[m - Start method validateQuantityFractionsV1, tradeId -> 1073855
[30m2026-08-27T14:37:17,682[m [32mINFO  [m[[1;34mhttp-nio-8080-exec-10[m] [36mValidateCountedFractionServiceImpl[m - Start method validateMaximumLimitFractionsV1
[30m2026-08-27T14:37:17,682[m [32mINFO  [m[[1;34mhttp-nio-8080-exec-10[m] [36mValidateCountedFractionServiceImpl[m - Start method validateQuantityFractionsV1, tradeId -> 1079057
[30m2026-08-27T14:37:17,682[m [32mINFO  [m[[1;34mhttp-nio-8080-exec-10[m] [36mValidateCountedFractionServiceImpl[m - Start method validateMaximumLimitFractionsV1
[30m2026-08-27T14:37:17,682[m [32mINFO  [m[[1;34mhttp-nio-8080-exec-10[m] [36mValidateCountedFractionServiceImpl[m - Start method validateQuantityFractionsV1, tradeId -> 1076687
[30m2026-08-27T14:37:17,682[m [32mINFO  [m[[1;34mhttp-nio-8080-exec-10[m] [36mValidateCountedFractionServiceImpl[m - Start method validateMaximumLimitFractionsV1
[30m2026-08-27T14:37:17,682[m [32mINFO  [m[[1;34mhttp-nio-8080-exec-10[m] [36mValidateCountedFractionServiceImpl[m - Start method validateQuantityFractionsV1, tradeId -> 1076688
[30m2026-08-27T14:37:17,682[m [32mINFO  [m[[1;34mhttp-nio-8080-exec-10[m] [36mValidateCountedFractionServiceImpl[m - Start method validateMaximumLimitFractionsV1
[30m2026-08-27T14:37:17,682[m [32mINFO  [m[[1;34mhttp-nio-8080-exec-10[m] [36mValidateCountedFractionServiceImpl[m - Start method validateQuantityFractionsV1, tradeId -> 1078268
[30m2026-08-27T14:37:17,682[m [32mINFO  [m[[1;34mhttp-nio-8080-exec-10[m] [36mValidateCountedFractionServiceImpl[m - Start method validateMaximumLimitFractionsV1
[30m2026-08-27T14:37:17,682[m [32mINFO  [m[[1;34mhttp-nio-8080-exec-10[m] [36mValidateCountedFractionServiceImpl[m - Start method validateQuantityFractionsV1, tradeId -> 1079058
[30m2026-08-27T14:37:17,682[m [32mINFO  [m[[1;34mhttp-nio-8080-exec-10[m] [36mValidateCountedFractionServiceImpl[m - Start method validateMaximumLimitFractionsV1
[30m2026-08-27T14:37:17,682[m [32mINFO  [m[[1;34mhttp-nio-8080-exec-10[m] [36mValidateCountedFractionServiceImpl[m - Start method validateQuantityFractionsV1, tradeId -> 1073856
[30m2026-08-27T14:37:17,682[m [32mINFO  [m[[1;34mhttp-nio-8080-exec-10[m] [36mValidateCountedFractionServiceImpl[m - Start method validateMaximumLimitFractionsV1
[30m2026-08-27T14:37:17,682[m [32mINFO  [m[[1;34mhttp-nio-8080-exec-10[m] [36mFractionationCountedServiceImpl[m - PERF_ASSIGNMENT_VALIDATION_BATCH batchId=28601a71-852d-4eb3-84ec-8fa0d44d292c inputCount=50 validCount=50 invalidCount=0 uniqueTrades=50 uniqueSides=1 uniqueParticipants=1 titleAccountResolutionRequests=50 titleAccountUniqueBusinessKeys=1 settlementLookupRequests=50 settlementUniqueTradeSides=50 settlementRepositoryCalls=1 settlementRowsLoaded=0 settlementPrefetchMs=3 cudLookupRequests=0 cudUniqueTradeSides=0 cudUniqueBusinessKeys=0 cudRepositoryCalls=0 cudRowsLoaded=0 cudPrefetchMs=0 tradePrefetchMs=328 sidePrefetchMs=0 participantPrefetchMs=11 accountResolutionMs=17 accountPrefetchMs=18 businessValidationMs=7 totalMs=387
[30m2026-08-27T14:37:17,682[m [32mINFO  [m[[1;34mhttp-nio-8080-exec-10[m] [36mRestClientUtils[m - Client [POST] http://operaciones-fracciones-contado-back-service/operations-fractionation-api/v1/fractionation/batch
[30m2026-08-27T14:37:19,396[m [32mINFO  [m[[1;34mhttp-nio-8080-exec-10[m] [36mFractionationCountedServiceImpl[m - PERF_ASSIGNMENT_BATCH service=cmd batchId=28601a71-852d-4eb3-84ec-8fa0d44d292c mode=RAW_VALIDATED configuredMaxBatchSize=80 receivedBatchSize=50 processedCount=50 successCount=50 failureCount=0 fractionationMs=1713 totalMs=1713
[30m2026-08-27T14:37:19,396[m [32mINFO  [m[[1;34mhttp-nio-8080-exec-10[m] [36mFractionationCountedServiceImpl[m - PERF_ASSIGNMENT_BATCH service=cmd batchId=28601a71-852d-4eb3-84ec-8fa0d44d292c mode=RAW configuredMaxBatchSize=80 receivedBatchSize=50 validCount=50 invalidCount=0 sentToFractionationCount=50 successCount=50 failureCount=0 totalMs=2102
[30m2026-08-27T14:37:19,398[m [32mINFO  [m[[1;34mhttp-nio-8080-exec-10[m] [36mGlobalFilter[m - Request [POST /operations-cmd-api/v1/fractionation/counted-operation/batch] completed in 2106 ms with status 200
[30m2026-08-27T14:37:19,421[m [32mINFO  [m[[1;34mhttp-nio-8080-exec-1[m] [36mGlobalFilter[m - ----------- Client User: operaciones-orquestador-ext-back ----------
[30m2026-08-27T14:37:19,780[m [32mINFO  [m[[1;34mhttp-nio-8080-exec-1[m] [36mValidateCountedFractionServiceImpl[m - Start method validateAccountFractionAssignmentV1, accountNumber -> 4021801, tradeId -> 1079059, sideId -> 1, originId -> 122, isLocalCorrection -> false
[30m2026-08-27T14:37:19,780[m [32mINFO  [m[[1;34mhttp-nio-8080-exec-1[m] [36mValidateCountedFractionServiceImpl[m - Searching participant account assignment for accountNumber -> 4021801, participantId -> 15, depositoryId -> 1
[30m2026-08-27T14:37:19,785[m [32mINFO  [m[[1;34mhttp-nio-8080-exec-1[m] [36mValidateCountedFractionServiceImpl[m - No participant account found for accountNumber -> 4021801
[30m2026-08-27T14:37:19,805[m [32mINFO  [m[[1;34mhttp-nio-8080-exec-1[m] [36mValidateCountedFractionServiceImpl[m - End method validateAccountFractionAssignmentV1, fractionAccountOutDto -> FractionAccountOutDto(participantAccount=null, investorAccount=InvestorAccountOutDto(id=57, investor=InvestorOutDto(id=167, code=CL00000001, firstName=Prueba Nombre 1, lastName=Prueba Nombre 2, companyName=TERCERO3509748, type=TypeOutDto(id=2, description=JURIDICO, category=PERSONA), status=StatusOutDto(id=515, description=ACTIVO, category=INVERSIONISTA, shortName=null), country=CountryOutDto(id=35, code=CL, name=CHILE, currency=CurrencyOutDto(id=30, code=CLP, name=PESO CHILENO), timeZone=UTC -3), documentNumber=8605303170, identificationType=IdentificationTypeOutDto(id=5, description=CEDULA DE CIUDADANÍA, code=CC), nationality=35, clearinghouseCode=null, gics=null, moneyLaunderingFlag=null, taxStatus=null), accountNumber=4021801, accountName=AMBIENTE 3  PRUEBA 3, status=StatusOutDto(id=570, description=ACTIVO, category=CUENTA_INVERSIONISTA, shortName=null), originType=TypeOutDto(id=120, description=TERCEROS, category=ORIGEN PUNTA), type=TypeOutDto(id=26, description=CUENTA DEPOSITO, category=CUENTA DEPOSITO), depository=DepositoryOutDto(id=1, description=DVL), participant=null, taxExemp=false), sourceQuoteType=TypeOutDto(id=120, description=TERCEROS, category=ORIGEN PUNTA), fiduciarySpecialist=false, jointAccount=false, masterAccount=false, custodian=null, milaDirectDepositor=null)
[30m2026-08-27T14:37:19,825[m [32mINFO  [m[[1;34mhttp-nio-8080-exec-1[m] [36mValidateCountedFractionServiceImpl[m - Start method validateQuantityFractionsV1, tradeId -> 1079059
[30m2026-08-27T14:37:19,825[m [32mINFO  [m[[1;34mhttp-nio-8080-exec-1[m] [36mValidateCountedFractionServiceImpl[m - Start method validateMaximumLimitFractionsV1
[30m2026-08-27T14:37:19,826[m [32mINFO  [m[[1;34mhttp-nio-8080-exec-1[m] [36mValidateCountedFractionServiceImpl[m - Start method validateQuantityFractionsV1, tradeId -> 1076689
[30m2026-08-27T14:37:19,826[m [32mINFO  [m[[1;34mhttp-nio-8080-exec-1[m] [36mValidateCountedFractionServiceImpl[m - Start method validateMaximumLimitFractionsV1
[30m2026-08-27T14:37:19,826[m [32mINFO  [m[[1;34mhttp-nio-8080-exec-1[m] [36mValidateCountedFractionServiceImpl[m - Start method validateQuantityFractionsV1, tradeId -> 1077239
[30m2026-08-27T14:37:19,826[m [32mINFO  [m[[1;34mhttp-nio-8080-exec-1[m] [36mValidateCountedFractionServiceImpl[m - Start method validateMaximumLimitFractionsV1
[30m2026-08-27T14:37:19,826[m [32mINFO  [m[[1;34mhttp-nio-8080-exec-1[m] [36mValidateCountedFractionServiceImpl[m - Start method validateQuantityFractionsV1, tradeId -> 1079060
[30m2026-08-27T14:37:19,826[m [32mINFO  [m[[1;34mhttp-nio-8080-exec-1[m] [36mValidateCountedFractionServiceImpl[m - Start method validateMaximumLimitFractionsV1
[30m2026-08-27T14:37:19,827[m [32mINFO  [m[[1;34mhttp-nio-8080-exec-1[m] [36mValidateCountedFractionServiceImpl[m - Start method validateQuantityFractionsV1, tradeId -> 1079061
[30m2026-08-27T14:37:19,827[m [32mINFO  [m[[1;34mhttp-nio-8080-exec-1[m] [36mValidateCountedFractionServiceImpl[m - Start method validateMaximumLimitFractionsV1
[30m2026-08-27T14:37:19,827[m [32mINFO  [m[[1;34mhttp-nio-8080-exec-1[m] [36mValidateCountedFractionServiceImpl[m - Start method validateQuantityFractionsV1, tradeId -> 1078269
[30m2026-08-27T14:37:19,827[m [32mINFO  [m[[1;34mhttp-nio-8080-exec-1[m] [36mValidateCountedFractionServiceImpl[m - Start method validateMaximumLimitFractionsV1
[30m2026-08-27T14:37:19,827[m [32mINFO  [m[[1;34mhttp-nio-8080-exec-1[m] [36mValidateCountedFractionServiceImpl[m - Start method validateQuantityFractionsV1, tradeId -> 1079062
[30m2026-08-27T14:37:19,827[m [32mINFO  [m[[1;34mhttp-nio-8080-exec-1[m] [36mValidateCountedFractionServiceImpl[m - Start method validateMaximumLimitFractionsV1
[30m2026-08-27T14:37:19,827[m [32mINFO  [m[[1;34mhttp-nio-8080-exec-1[m] [36mValidateCountedFractionServiceImpl[m - Start method validateQuantityFractionsV1, tradeId -> 1076690
[30m2026-08-27T14:37:19,827[m [32mINFO  [m[[1;34mhttp-nio-8080-exec-1[m] [36mValidateCountedFractionServiceImpl[m - Start method validateMaximumLimitFractionsV1
[30m2026-08-27T14:37:19,827[m [32mINFO  [m[[1;34mhttp-nio-8080-exec-1[m] [36mValidateCountedFractionServiceImpl[m - Start method validateQuantityFractionsV1, tradeId -> 1078270
[30m2026-08-27T14:37:19,827[m [32mINFO  [m[[1;34mhttp-nio-8080-exec-1[m] [36mValidateCountedFractionServiceImpl[m - Start method validateMaximumLimitFractionsV1
[30m2026-08-27T14:37:19,827[m [32mINFO  [m[[1;34mhttp-nio-8080-exec-1[m] [36mValidateCountedFractionServiceImpl[m - Start method validateQuantityFractionsV1, tradeId -> 1073857
[30m2026-08-27T14:37:19,827[m [32mINFO  [m[[1;34mhttp-nio-8080-exec-1[m] [36mValidateCountedFractionServiceImpl[m - Start method validateMaximumLimitFractionsV1
[30m2026-08-27T14:37:19,827[m [32mINFO  [m[[1;34mhttp-nio-8080-exec-1[m] [36mValidateCountedFractionServiceImpl[m - Start method validateQuantityFractionsV1, tradeId -> 1076691
[30m2026-08-27T14:37:19,827[m [32mINFO  [m[[1;34mhttp-nio-8080-exec-1[m] [36mValidateCountedFractionServiceImpl[m - Start method validateMaximumLimitFractionsV1
[30m2026-08-27T14:37:19,827[m [32mINFO  [m[[1;34mhttp-nio-8080-exec-1[m] [36mValidateCountedFractionServiceImpl[m - Start method validateQuantityFractionsV1, tradeId -> 1078271
[30m2026-08-27T14:37:19,827[m [32mINFO  [m[[1;34mhttp-nio-8080-exec-1[m] [36mValidateCountedFractionServiceImpl[m - Start method validateMaximumLimitFractionsV1
[30m2026-08-27T14:37:19,827[m [32mINFO  [m[[1;34mhttp-nio-8080-exec-1[m] [36mValidateCountedFractionServiceImpl[m - Start method validateQuantityFractionsV1, tradeId -> 1076692
[30m2026-08-27T14:37:19,827[m [32mINFO  [m[[1;34mhttp-nio-8080-exec-1[m] [36mValidateCountedFractionServiceImpl[m - Start method validateMaximumLimitFractionsV1
[30m2026-08-27T14:37:19,828[m [32mINFO  [m[[1;34mhttp-nio-8080-exec-1[m] [36mValidateCountedFractionServiceImpl[m - Start method validateQuantityFractionsV1, tradeId -> 1078272
[30m2026-08-27T14:37:19,828[m [32mINFO  [m[[1;34mhttp-nio-8080-exec-1[m] [36mValidateCountedFractionServiceImpl[m - Start method validateMaximumLimitFractionsV1
[30m2026-08-27T14:37:19,828[m [32mINFO  [m[[1;34mhttp-nio-8080-exec-1[m] [36mValidateCountedFractionServiceImpl[m - Start method validateQuantityFractionsV1, tradeId -> 1079063
[30m2026-08-27T14:37:19,828[m [32mINFO  [m[[1;34mhttp-nio-8080-exec-1[m] [36mValidateCountedFractionServiceImpl[m - Start method validateMaximumLimitFractionsV1
[30m2026-08-27T14:37:19,828[m [32mINFO  [m[[1;34mhttp-nio-8080-exec-1[m] [36mValidateCountedFractionServiceImpl[m - Start method validateQuantityFractionsV1, tradeId -> 1073858
[30m2026-08-27T14:37:19,828[m [32mINFO  [m[[1;34mhttp-nio-8080-exec-1[m] [36mValidateCountedFractionServiceImpl[m - Start method validateMaximumLimitFractionsV1
[30m2026-08-27T14:37:19,828[m [32mINFO  [m[[1;34mhttp-nio-8080-exec-1[m] [36mValidateCountedFractionServiceImpl[m - Start method validateQuantityFractionsV1, tradeId -> 1077243
[30m2026-08-27T14:37:19,828[m [32mINFO  [m[[1;34mhttp-nio-8080-exec-1[m] [36mValidateCountedFractionServiceImpl[m - Start method validateMaximumLimitFractionsV1
[30m2026-08-27T14:37:19,828[m [32mINFO  [m[[1;34mhttp-nio-8080-exec-1[m] [36mValidateCountedFractionServiceImpl[m - Start method validateQuantityFractionsV1, tradeId -> 1079070
[30m2026-08-27T14:37:19,828[m [32mINFO  [m[[1;34mhttp-nio-8080-exec-1[m] [36mValidateCountedFractionServiceImpl[m - Start method validateMaximumLimitFractionsV1
[30m2026-08-27T14:37:19,828[m [32mINFO  [m[[1;34mhttp-nio-8080-exec-1[m] [36mValidateCountedFractionServiceImpl[m - Start method validateQuantityFractionsV1, tradeId -> 1079071
[30m2026-08-27T14:37:19,828[m [32mINFO  [m[[1;34mhttp-nio-8080-exec-1[m] [36mValidateCountedFractionServiceImpl[m - Start method validateMaximumLimitFractionsV1
[30m2026-08-27T14:37:19,828[m [32mINFO  [m[[1;34mhttp-nio-8080-exec-1[m] [36mValidateCountedFractionServiceImpl[m - Start method validateQuantityFractionsV1, tradeId -> 1073862
[30m2026-08-27T14:37:19,828[m [32mINFO  [m[[1;34mhttp-nio-8080-exec-1[m] [36mValidateCountedFractionServiceImpl[m - Start method validateMaximumLimitFractionsV1
[30m2026-08-27T14:37:19,828[m [32mINFO  [m[[1;34mhttp-nio-8080-exec-1[m] [36mValidateCountedFractionServiceImpl[m - Start method validateQuantityFractionsV1, tradeId -> 1073863
[30m2026-08-27T14:37:19,828[m [32mINFO  [m[[1;34mhttp-nio-8080-exec-1[m] [36mValidateCountedFractionServiceImpl[m - Start method validateMaximumLimitFractionsV1
[30m2026-08-27T14:37:19,828[m [32mINFO  [m[[1;34mhttp-nio-8080-exec-1[m] [36mValidateCountedFractionServiceImpl[m - Start method validateQuantityFractionsV1, tradeId -> 1079072
[30m2026-08-27T14:37:19,828[m [32mINFO  [m[[1;34mhttp-nio-8080-exec-1[m] [36mValidateCountedFractionServiceImpl[m - Start method validateMaximumLimitFractionsV1
[30m2026-08-27T14:37:19,828[m [32mINFO  [m[[1;34mhttp-nio-8080-exec-1[m] [36mValidateCountedFractionServiceImpl[m - Start method validateQuantityFractionsV1, tradeId -> 1078277
[30m2026-08-27T14:37:19,828[m [32mINFO  [m[[1;34mhttp-nio-8080-exec-1[m] [36mValidateCountedFractionServiceImpl[m - Start method validateMaximumLimitFractionsV1
[30m2026-08-27T14:37:19,828[m [32mINFO  [m[[1;34mhttp-nio-8080-exec-1[m] [36mValidateCountedFractionServiceImpl[m - Start method validateQuantityFractionsV1, tradeId -> 1073864
[30m2026-08-27T14:37:19,828[m [32mINFO  [m[[1;34mhttp-nio-8080-exec-1[m] [36mValidateCountedFractionServiceImpl[m - Start method validateMaximumLimitFractionsV1
[30m2026-08-27T14:37:19,828[m [32mINFO  [m[[1;34mhttp-nio-8080-exec-1[m] [36mValidateCountedFractionServiceImpl[m - Start method validateQuantityFractionsV1, tradeId -> 1079073
[30m2026-08-27T14:37:19,829[m [32mINFO  [m[[1;34mhttp-nio-8080-exec-1[m] [36mValidateCountedFractionServiceImpl[m - Start method validateMaximumLimitFractionsV1
[30m2026-08-27T14:37:19,829[m [32mINFO  [m[[1;34mhttp-nio-8080-exec-1[m] [36mValidateCountedFractionServiceImpl[m - Start method validateQuantityFractionsV1, tradeId -> 1078278
[30m2026-08-27T14:37:19,829[m [32mINFO  [m[[1;34mhttp-nio-8080-exec-1[m] [36mValidateCountedFractionServiceImpl[m - Start method validateMaximumLimitFractionsV1
[30m2026-08-27T14:37:19,829[m [32mINFO  [m[[1;34mhttp-nio-8080-exec-1[m] [36mValidateCountedFractionServiceImpl[m - Start method validateQuantityFractionsV1, tradeId -> 1073865
[30m2026-08-27T14:37:19,829[m [32mINFO  [m[[1;34mhttp-nio-8080-exec-1[m] [36mValidateCountedFractionServiceImpl[m - Start method validateMaximumLimitFractionsV1
[30m2026-08-27T14:37:19,829[m [32mINFO  [m[[1;34mhttp-nio-8080-exec-1[m] [36mValidateCountedFractionServiceImpl[m - Start method validateQuantityFractionsV1, tradeId -> 1079074
[30m2026-08-27T14:37:19,829[m [32mINFO  [m[[1;34mhttp-nio-8080-exec-1[m] [36mValidateCountedFractionServiceImpl[m - Start method validateMaximumLimitFractionsV1
[30m2026-08-27T14:37:19,829[m [32mINFO  [m[[1;34mhttp-nio-8080-exec-1[m] [36mValidateCountedFractionServiceImpl[m - Start method validateQuantityFractionsV1, tradeId -> 1076699
[30m2026-08-27T14:37:19,829[m [32mINFO  [m[[1;34mhttp-nio-8080-exec-1[m] [36mValidateCountedFractionServiceImpl[m - Start method validateMaximumLimitFractionsV1
[30m2026-08-27T14:37:19,829[m [32mINFO  [m[[1;34mhttp-nio-8080-exec-1[m] [36mValidateCountedFractionServiceImpl[m - Start method validateQuantityFractionsV1, tradeId -> 1079075
[30m2026-08-27T14:37:19,829[m [32mINFO  [m[[1;34mhttp-nio-8080-exec-1[m] [36mValidateCountedFractionServiceImpl[m - Start method validateMaximumLimitFractionsV1
[30m2026-08-27T14:37:19,829[m [32mINFO  [m[[1;34mhttp-nio-8080-exec-1[m] [36mValidateCountedFractionServiceImpl[m - Start method validateQuantityFractionsV1, tradeId -> 1078279
[30m2026-08-27T14:37:19,829[m [32mINFO  [m[[1;34mhttp-nio-8080-exec-1[m] [36mValidateCountedFractionServiceImpl[m - Start method validateMaximumLimitFractionsV1
[30m2026-08-27T14:37:19,829[m [32mINFO  [m[[1;34mhttp-nio-8080-exec-1[m] [36mValidateCountedFractionServiceImpl[m - Start method validateQuantityFractionsV1, tradeId -> 1078280
[30m2026-08-27T14:37:19,829[m [32mINFO  [m[[1;34mhttp-nio-8080-exec-1[m] [36mValidateCountedFractionServiceImpl[m - Start method validateMaximumLimitFractionsV1
[30m2026-08-27T14:37:19,829[m [32mINFO  [m[[1;34mhttp-nio-8080-exec-1[m] [36mValidateCountedFractionServiceImpl[m - Start method validateQuantityFractionsV1, tradeId -> 1073866
[30m2026-08-27T14:37:19,829[m [32mINFO  [m[[1;34mhttp-nio-8080-exec-1[m] [36mValidateCountedFractionServiceImpl[m - Start method validateMaximumLimitFractionsV1
[30m2026-08-27T14:37:19,829[m [32mINFO  [m[[1;34mhttp-nio-8080-exec-1[m] [36mValidateCountedFractionServiceImpl[m - Start method validateQuantityFractionsV1, tradeId -> 1079076
[30m2026-08-27T14:37:19,830[m [32mINFO  [m[[1;34mhttp-nio-8080-exec-1[m] [36mValidateCountedFractionServiceImpl[m - Start method validateMaximumLimitFractionsV1
[30m2026-08-27T14:37:19,830[m [32mINFO  [m[[1;34mhttp-nio-8080-exec-1[m] [36mValidateCountedFractionServiceImpl[m - Start method validateQuantityFractionsV1, tradeId -> 1079079
[30m2026-08-27T14:37:19,830[m [32mINFO  [m[[1;34mhttp-nio-8080-exec-1[m] [36mValidateCountedFractionServiceImpl[m - Start method validateMaximumLimitFractionsV1
[30m2026-08-27T14:37:19,830[m [32mINFO  [m[[1;34mhttp-nio-8080-exec-1[m] [36mValidateCountedFractionServiceImpl[m - Start method validateQuantityFractionsV1, tradeId -> 1077244
[30m2026-08-27T14:37:19,830[m [32mINFO  [m[[1;34mhttp-nio-8080-exec-1[m] [36mValidateCountedFractionServiceImpl[m - Start method validateMaximumLimitFractionsV1
[30m2026-08-27T14:37:19,830[m [32mINFO  [m[[1;34mhttp-nio-8080-exec-1[m] [36mValidateCountedFractionServiceImpl[m - Start method validateQuantityFractionsV1, tradeId -> 1076701
[30m2026-08-27T14:37:19,830[m [32mINFO  [m[[1;34mhttp-nio-8080-exec-1[m] [36mValidateCountedFractionServiceImpl[m - Start method validateMaximumLimitFractionsV1
[30m2026-08-27T14:37:19,830[m [32mINFO  [m[[1;34mhttp-nio-8080-exec-1[m] [36mValidateCountedFractionServiceImpl[m - Start method validateQuantityFractionsV1, tradeId -> 1078282
[30m2026-08-27T14:37:19,830[m [32mINFO  [m[[1;34mhttp-nio-8080-exec-1[m] [36mValidateCountedFractionServiceImpl[m - Start method validateMaximumLimitFractionsV1
[30m2026-08-27T14:37:19,830[m [32mINFO  [m[[1;34mhttp-nio-8080-exec-1[m] [36mValidateCountedFractionServiceImpl[m - Start method validateQuantityFractionsV1, tradeId -> 1077245
[30m2026-08-27T14:37:19,830[m [32mINFO  [m[[1;34mhttp-nio-8080-exec-1[m] [36mValidateCountedFractionServiceImpl[m - Start method validateMaximumLimitFractionsV1
[30m2026-08-27T14:37:19,830[m [32mINFO  [m[[1;34mhttp-nio-8080-exec-1[m] [36mValidateCountedFractionServiceImpl[m - Start method validateQuantityFractionsV1, tradeId -> 1078283
[30m2026-08-27T14:37:19,831[m [32mINFO  [m[[1;34mhttp-nio-8080-exec-1[m] [36mValidateCountedFractionServiceImpl[m - Start method validateMaximumLimitFractionsV1
[30m2026-08-27T14:37:19,831[m [32mINFO  [m[[1;34mhttp-nio-8080-exec-1[m] [36mValidateCountedFractionServiceImpl[m - Start method validateQuantityFractionsV1, tradeId -> 1076702
[30m2026-08-27T14:37:19,831[m [32mINFO  [m[[1;34mhttp-nio-8080-exec-1[m] [36mValidateCountedFractionServiceImpl[m - Start method validateMaximumLimitFractionsV1
[30m2026-08-27T14:37:19,831[m [32mINFO  [m[[1;34mhttp-nio-8080-exec-1[m] [36mValidateCountedFractionServiceImpl[m - Start method validateQuantityFractionsV1, tradeId -> 1073867
[30m2026-08-27T14:37:19,831[m [32mINFO  [m[[1;34mhttp-nio-8080-exec-1[m] [36mValidateCountedFractionServiceImpl[m - Start method validateMaximumLimitFractionsV1
[30m2026-08-27T14:37:19,831[m [32mINFO  [m[[1;34mhttp-nio-8080-exec-1[m] [36mValidateCountedFractionServiceImpl[m - Start method validateQuantityFractionsV1, tradeId -> 1079080
[30m2026-08-27T14:37:19,831[m [32mINFO  [m[[1;34mhttp-nio-8080-exec-1[m] [36mValidateCountedFractionServiceImpl[m - Start method validateMaximumLimitFractionsV1
[30m2026-08-27T14:37:19,831[m [32mINFO  [m[[1;34mhttp-nio-8080-exec-1[m] [36mValidateCountedFractionServiceImpl[m - Start method validateQuantityFractionsV1, tradeId -> 1073889
[30m2026-08-27T14:37:19,831[m [32mINFO  [m[[1;34mhttp-nio-8080-exec-1[m] [36mValidateCountedFractionServiceImpl[m - Start method validateMaximumLimitFractionsV1
[30m2026-08-27T14:37:19,831[m [32mINFO  [m[[1;34mhttp-nio-8080-exec-1[m] [36mValidateCountedFractionServiceImpl[m - Start method validateQuantityFractionsV1, tradeId -> 1073890
[30m2026-08-27T14:37:19,831[m [32mINFO  [m[[1;34mhttp-nio-8080-exec-1[m] [36mValidateCountedFractionServiceImpl[m - Start method validateMaximumLimitFractionsV1
[30m2026-08-27T14:37:19,831[m [32mINFO  [m[[1;34mhttp-nio-8080-exec-1[m] [36mValidateCountedFractionServiceImpl[m - Start method validateQuantityFractionsV1, tradeId -> 1073869
[30m2026-08-27T14:37:19,832[m [32mINFO  [m[[1;34mhttp-nio-8080-exec-1[m] [36mValidateCountedFractionServiceImpl[m - Start method validateMaximumLimitFractionsV1
[30m2026-08-27T14:37:19,832[m [32mINFO  [m[[1;34mhttp-nio-8080-exec-1[m] [36mValidateCountedFractionServiceImpl[m - Start method validateQuantityFractionsV1, tradeId -> 1077246
[30m2026-08-27T14:37:19,832[m [32mINFO  [m[[1;34mhttp-nio-8080-exec-1[m] [36mValidateCountedFractionServiceImpl[m - Start method validateMaximumLimitFractionsV1
[30m2026-08-27T14:37:19,832[m [32mINFO  [m[[1;34mhttp-nio-8080-exec-1[m] [36mValidateCountedFractionServiceImpl[m - Start method validateQuantityFractionsV1, tradeId -> 1073880
[30m2026-08-27T14:37:19,832[m [32mINFO  [m[[1;34mhttp-nio-8080-exec-1[m] [36mValidateCountedFractionServiceImpl[m - Start method validateMaximumLimitFractionsV1
[30m2026-08-27T14:37:19,832[m [32mINFO  [m[[1;34mhttp-nio-8080-exec-1[m] [36mValidateCountedFractionServiceImpl[m - Start method validateQuantityFractionsV1, tradeId -> 1077262
[30m2026-08-27T14:37:19,832[m [32mINFO  [m[[1;34mhttp-nio-8080-exec-1[m] [36mValidateCountedFractionServiceImpl[m - Start method validateMaximumLimitFractionsV1
[30m2026-08-27T14:37:19,832[m [32mINFO  [m[[1;34mhttp-nio-8080-exec-1[m] [36mValidateCountedFractionServiceImpl[m - Start method validateQuantityFractionsV1, tradeId -> 1073881
[30m2026-08-27T14:37:19,832[m [32mINFO  [m[[1;34mhttp-nio-8080-exec-1[m] [36mValidateCountedFractionServiceImpl[m - Start method validateMaximumLimitFractionsV1
[30m2026-08-27T14:37:19,832[m [32mINFO  [m[[1;34mhttp-nio-8080-exec-1[m] [36mFractionationCountedServiceImpl[m - PERF_ASSIGNMENT_VALIDATION_BATCH batchId=dc222cb1-12f1-444e-a8ac-9cc9cb833a08 inputCount=50 validCount=50 invalidCount=0 uniqueTrades=50 uniqueSides=1 uniqueParticipants=1 titleAccountResolutionRequests=50 titleAccountUniqueBusinessKeys=1 settlementLookupRequests=50 settlementUniqueTradeSides=50 settlementRepositoryCalls=1 settlementRowsLoaded=0 settlementPrefetchMs=3 cudLookupRequests=0 cudUniqueTradeSides=0 cudUniqueBusinessKeys=0 cudRepositoryCalls=0 cudRowsLoaded=0 cudPrefetchMs=0 tradePrefetchMs=337 sidePrefetchMs=0 participantPrefetchMs=17 accountResolutionMs=25 accountPrefetchMs=12 businessValidationMs=9 totalMs=407
[30m2026-08-27T14:37:19,832[m [32mINFO  [m[[1;34mhttp-nio-8080-exec-1[m] [36mRestClientUtils[m - Client [POST] http://operaciones-fracciones-contado-back-service/operations-fractionation-api/v1/fractionation/batch
[30m2026-08-27T14:37:21,602[m [32mINFO  [m[[1;34mhttp-nio-8080-exec-1[m] [36mFractionationCountedServiceImpl[m - PERF_ASSIGNMENT_BATCH service=cmd batchId=dc222cb1-12f1-444e-a8ac-9cc9cb833a08 mode=RAW_VALIDATED configuredMaxBatchSize=80 receivedBatchSize=50 processedCount=50 successCount=50 failureCount=0 fractionationMs=1769 totalMs=1769
[30m2026-08-27T14:37:21,602[m [32mINFO  [m[[1;34mhttp-nio-8080-exec-1[m] [36mFractionationCountedServiceImpl[m - PERF_ASSIGNMENT_BATCH service=cmd batchId=dc222cb1-12f1-444e-a8ac-9cc9cb833a08 mode=RAW configuredMaxBatchSize=80 receivedBatchSize=50 validCount=50 invalidCount=0 sentToFractionationCount=50 successCount=50 failureCount=0 totalMs=2177
[30m2026-08-27T14:37:21,604[m [32mINFO  [m[[1;34mhttp-nio-8080-exec-1[m] [36mGlobalFilter[m - Request [POST /operations-cmd-api/v1/fractionation/counted-operation/batch] completed in 2183 ms with status 200
[30m2026-08-27T14:37:21,626[m [32mINFO  [m[[1;34mhttp-nio-8080-exec-2[m] [36mGlobalFilter[m - ----------- Client User: operaciones-orquestador-ext-back ----------
[30m2026-08-27T14:37:21,944[m [32mINFO  [m[[1;34mhttp-nio-8080-exec-2[m] [36mValidateCountedFractionServiceImpl[m - Start method validateAccountFractionAssignmentV1, accountNumber -> 4021801, tradeId -> 1073882, sideId -> 1, originId -> 122, isLocalCorrection -> false
[30m2026-08-27T14:37:21,944[m [32mINFO  [m[[1;34mhttp-nio-8080-exec-2[m] [36mValidateCountedFractionServiceImpl[m - Searching participant account assignment for accountNumber -> 4021801, participantId -> 15, depositoryId -> 1
[30m2026-08-27T14:37:21,947[m [32mINFO  [m[[1;34mhttp-nio-8080-exec-2[m] [36mValidateCountedFractionServiceImpl[m - No participant account found for accountNumber -> 4021801
[30m2026-08-27T14:37:21,959[m [32mINFO  [m[[1;34mhttp-nio-8080-exec-2[m] [36mValidateCountedFractionServiceImpl[m - End method validateAccountFractionAssignmentV1, fractionAccountOutDto -> FractionAccountOutDto(participantAccount=null, investorAccount=InvestorAccountOutDto(id=57, investor=InvestorOutDto(id=167, code=CL00000001, firstName=Prueba Nombre 1, lastName=Prueba Nombre 2, companyName=TERCERO3509748, type=TypeOutDto(id=2, description=JURIDICO, category=PERSONA), status=StatusOutDto(id=515, description=ACTIVO, category=INVERSIONISTA, shortName=null), country=CountryOutDto(id=35, code=CL, name=CHILE, currency=CurrencyOutDto(id=30, code=CLP, name=PESO CHILENO), timeZone=UTC -3), documentNumber=8605303170, identificationType=IdentificationTypeOutDto(id=5, description=CEDULA DE CIUDADANÍA, code=CC), nationality=35, clearinghouseCode=null, gics=null, moneyLaunderingFlag=null, taxStatus=null), accountNumber=4021801, accountName=AMBIENTE 3  PRUEBA 3, status=StatusOutDto(id=570, description=ACTIVO, category=CUENTA_INVERSIONISTA, shortName=null), originType=TypeOutDto(id=120, description=TERCEROS, category=ORIGEN PUNTA), type=TypeOutDto(id=26, description=CUENTA DEPOSITO, category=CUENTA DEPOSITO), depository=DepositoryOutDto(id=1, description=DVL), participant=null, taxExemp=false), sourceQuoteType=TypeOutDto(id=120, description=TERCEROS, category=ORIGEN PUNTA), fiduciarySpecialist=false, jointAccount=false, masterAccount=false, custodian=null, milaDirectDepositor=null)
[30m2026-08-27T14:37:21,975[m [32mINFO  [m[[1;34mhttp-nio-8080-exec-2[m] [36mValidateCountedFractionServiceImpl[m - Start method validateQuantityFractionsV1, tradeId -> 1073882
[30m2026-08-27T14:37:21,976[m [32mINFO  [m[[1;34mhttp-nio-8080-exec-2[m] [36mValidateCountedFractionServiceImpl[m - Start method validateMaximumLimitFractionsV1
[30m2026-08-27T14:37:21,976[m [32mINFO  [m[[1;34mhttp-nio-8080-exec-2[m] [36mValidateCountedFractionServiceImpl[m - Start method validateQuantityFractionsV1, tradeId -> 1077263
[30m2026-08-27T14:37:21,976[m [32mINFO  [m[[1;34mhttp-nio-8080-exec-2[m] [36mValidateCountedFractionServiceImpl[m - Start method validateMaximumLimitFractionsV1
[30m2026-08-27T14:37:21,976[m [32mINFO  [m[[1;34mhttp-nio-8080-exec-2[m] [36mValidateCountedFractionServiceImpl[m - Start method validateQuantityFractionsV1, tradeId -> 1073883
[30m2026-08-27T14:37:21,976[m [32mINFO  [m[[1;34mhttp-nio-8080-exec-2[m] [36mValidateCountedFractionServiceImpl[m - Start method validateMaximumLimitFractionsV1
[30m2026-08-27T14:37:21,976[m [32mINFO  [m[[1;34mhttp-nio-8080-exec-2[m] [36mValidateCountedFractionServiceImpl[m - Start method validateQuantityFractionsV1, tradeId -> 1073908
[30m2026-08-27T14:37:21,976[m [32mINFO  [m[[1;34mhttp-nio-8080-exec-2[m] [36mValidateCountedFractionServiceImpl[m - Start method validateMaximumLimitFractionsV1
[30m2026-08-27T14:37:21,976[m [32mINFO  [m[[1;34mhttp-nio-8080-exec-2[m] [36mValidateCountedFractionServiceImpl[m - Start method validateQuantityFractionsV1, tradeId -> 1079098
[30m2026-08-27T14:37:21,976[m [32mINFO  [m[[1;34mhttp-nio-8080-exec-2[m] [36mValidateCountedFractionServiceImpl[m - Start method validateMaximumLimitFractionsV1
[30m2026-08-27T14:37:21,976[m [32mINFO  [m[[1;34mhttp-nio-8080-exec-2[m] [36mValidateCountedFractionServiceImpl[m - Start method validateQuantityFractionsV1, tradeId -> 1078292
[30m2026-08-27T14:37:21,976[m [32mINFO  [m[[1;34mhttp-nio-8080-exec-2[m] [36mValidateCountedFractionServiceImpl[m - Start method validateMaximumLimitFractionsV1
[30m2026-08-27T14:37:21,976[m [32mINFO  [m[[1;34mhttp-nio-8080-exec-2[m] [36mValidateCountedFractionServiceImpl[m - Start method validateQuantityFractionsV1, tradeId -> 1078293
[30m2026-08-27T14:37:21,976[m [32mINFO  [m[[1;34mhttp-nio-8080-exec-2[m] [36mValidateCountedFractionServiceImpl[m - Start method validateMaximumLimitFractionsV1
[30m2026-08-27T14:37:21,976[m [32mINFO  [m[[1;34mhttp-nio-8080-exec-2[m] [36mValidateCountedFractionServiceImpl[m - Start method validateQuantityFractionsV1, tradeId -> 1073909
[30m2026-08-27T14:37:21,976[m [32mINFO  [m[[1;34mhttp-nio-8080-exec-2[m] [36mValidateCountedFractionServiceImpl[m - Start method validateMaximumLimitFractionsV1
[30m2026-08-27T14:37:21,976[m [32mINFO  [m[[1;34mhttp-nio-8080-exec-2[m] [36mValidateCountedFractionServiceImpl[m - Start method validateQuantityFractionsV1, tradeId -> 1073884
[30m2026-08-27T14:37:21,976[m [32mINFO  [m[[1;34mhttp-nio-8080-exec-2[m] [36mValidateCountedFractionServiceImpl[m - Start method validateMaximumLimitFractionsV1
[30m2026-08-27T14:37:21,976[m [32mINFO  [m[[1;34mhttp-nio-8080-exec-2[m] [36mValidateCountedFractionServiceImpl[m - Start method validateQuantityFractionsV1, tradeId -> 1073910
[30m2026-08-27T14:37:21,976[m [32mINFO  [m[[1;34mhttp-nio-8080-exec-2[m] [36mValidateCountedFractionServiceImpl[m - Start method validateMaximumLimitFractionsV1
[30m2026-08-27T14:37:21,976[m [32mINFO  [m[[1;34mhttp-nio-8080-exec-2[m] [36mValidateCountedFractionServiceImpl[m - Start method validateQuantityFractionsV1, tradeId -> 1078294
[30m2026-08-27T14:37:21,977[m [32mINFO  [m[[1;34mhttp-nio-8080-exec-2[m] [36mValidateCountedFractionServiceImpl[m - Start method validateMaximumLimitFractionsV1
[30m2026-08-27T14:37:21,977[m [32mINFO  [m[[1;34mhttp-nio-8080-exec-2[m] [36mValidateCountedFractionServiceImpl[m - Start method validateQuantityFractionsV1, tradeId -> 1073911
[30m2026-08-27T14:37:21,977[m [32mINFO  [m[[1;34mhttp-nio-8080-exec-2[m] [36mValidateCountedFractionServiceImpl[m - Start method validateMaximumLimitFractionsV1
[30m2026-08-27T14:37:21,977[m [32mINFO  [m[[1;34mhttp-nio-8080-exec-2[m] [36mValidateCountedFractionServiceImpl[m - Start method validateQuantityFractionsV1, tradeId -> 1077264
[30m2026-08-27T14:37:21,977[m [32mINFO  [m[[1;34mhttp-nio-8080-exec-2[m] [36mValidateCountedFractionServiceImpl[m - Start method validateMaximumLimitFractionsV1
[30m2026-08-27T14:37:21,977[m [32mINFO  [m[[1;34mhttp-nio-8080-exec-2[m] [36mValidateCountedFractionServiceImpl[m - Start method validateQuantityFractionsV1, tradeId -> 1077265
[30m2026-08-27T14:37:21,977[m [32mINFO  [m[[1;34mhttp-nio-8080-exec-2[m] [36mValidateCountedFractionServiceImpl[m - Start method validateMaximumLimitFractionsV1
[30m2026-08-27T14:37:21,977[m [32mINFO  [m[[1;34mhttp-nio-8080-exec-2[m] [36mValidateCountedFractionServiceImpl[m - Start method validateQuantityFractionsV1, tradeId -> 1078295
[30m2026-08-27T14:37:21,977[m [32mINFO  [m[[1;34mhttp-nio-8080-exec-2[m] [36mValidateCountedFractionServiceImpl[m - Start method validateMaximumLimitFractionsV1
[30m2026-08-27T14:37:21,977[m [32mINFO  [m[[1;34mhttp-nio-8080-exec-2[m] [36mValidateCountedFractionServiceImpl[m - Start method validateQuantityFractionsV1, tradeId -> 1078296
[30m2026-08-27T14:37:21,977[m [32mINFO  [m[[1;34mhttp-nio-8080-exec-2[m] [36mValidateCountedFractionServiceImpl[m - Start method validateMaximumLimitFractionsV1
[30m2026-08-27T14:37:21,977[m [32mINFO  [m[[1;34mhttp-nio-8080-exec-2[m] [36mValidateCountedFractionServiceImpl[m - Start method validateQuantityFractionsV1, tradeId -> 1080002
[30m2026-08-27T14:37:21,977[m [32mINFO  [m[[1;34mhttp-nio-8080-exec-2[m] [36mValidateCountedFractionServiceImpl[m - Start method validateMaximumLimitFractionsV1
[30m2026-08-27T14:37:21,977[m [32mINFO  [m[[1;34mhttp-nio-8080-exec-2[m] [36mValidateCountedFractionServiceImpl[m - Start method validateQuantityFractionsV1, tradeId -> 1076703
[30m2026-08-27T14:37:21,977[m [32mINFO  [m[[1;34mhttp-nio-8080-exec-2[m] [36mValidateCountedFractionServiceImpl[m - Start method validateMaximumLimitFractionsV1
[30m2026-08-27T14:37:21,977[m [32mINFO  [m[[1;34mhttp-nio-8080-exec-2[m] [36mValidateCountedFractionServiceImpl[m - Start method validateQuantityFractionsV1, tradeId -> 1077271
[30m2026-08-27T14:37:21,977[m [32mINFO  [m[[1;34mhttp-nio-8080-exec-2[m] [36mValidateCountedFractionServiceImpl[m - Start method validateMaximumLimitFractionsV1
[30m2026-08-27T14:37:21,977[m [32mINFO  [m[[1;34mhttp-nio-8080-exec-2[m] [36mValidateCountedFractionServiceImpl[m - Start method validateQuantityFractionsV1, tradeId -> 1078299
[30m2026-08-27T14:37:21,977[m [32mINFO  [m[[1;34mhttp-nio-8080-exec-2[m] [36mValidateCountedFractionServiceImpl[m - Start method validateMaximumLimitFractionsV1
[30m2026-08-27T14:37:21,977[m [32mINFO  [m[[1;34mhttp-nio-8080-exec-2[m] [36mValidateCountedFractionServiceImpl[m - Start method validateQuantityFractionsV1, tradeId -> 1080003
[30m2026-08-27T14:37:21,977[m [32mINFO  [m[[1;34mhttp-nio-8080-exec-2[m] [36mValidateCountedFractionServiceImpl[m - Start method validateMaximumLimitFractionsV1
[30m2026-08-27T14:37:21,978[m [32mINFO  [m[[1;34mhttp-nio-8080-exec-2[m] [36mValidateCountedFractionServiceImpl[m - Start method validateQuantityFractionsV1, tradeId -> 1078300
[30m2026-08-27T14:37:21,978[m [32mINFO  [m[[1;34mhttp-nio-8080-exec-2[m] [36mValidateCountedFractionServiceImpl[m - Start method validateMaximumLimitFractionsV1
[30m2026-08-27T14:37:21,978[m [32mINFO  [m[[1;34mhttp-nio-8080-exec-2[m] [36mValidateCountedFractionServiceImpl[m - Start method validateQuantityFractionsV1, tradeId -> 1078301
[30m2026-08-27T14:37:21,978[m [32mINFO  [m[[1;34mhttp-nio-8080-exec-2[m] [36mValidateCountedFractionServiceImpl[m - Start method validateMaximumLimitFractionsV1
[30m2026-08-27T14:37:21,978[m [32mINFO  [m[[1;34mhttp-nio-8080-exec-2[m] [36mValidateCountedFractionServiceImpl[m - Start method validateQuantityFractionsV1, tradeId -> 1078302
[30m2026-08-27T14:37:21,978[m [32mINFO  [m[[1;34mhttp-nio-8080-exec-2[m] [36mValidateCountedFractionServiceImpl[m - Start method validateMaximumLimitFractionsV1
[30m2026-08-27T14:37:21,978[m [32mINFO  [m[[1;34mhttp-nio-8080-exec-2[m] [36mValidateCountedFractionServiceImpl[m - Start method validateQuantityFractionsV1, tradeId -> 1078303
[30m2026-08-27T14:37:21,978[m [32mINFO  [m[[1;34mhttp-nio-8080-exec-2[m] [36mValidateCountedFractionServiceImpl[m - Start method validateMaximumLimitFractionsV1
[30m2026-08-27T14:37:21,978[m [32mINFO  [m[[1;34mhttp-nio-8080-exec-2[m] [36mValidateCountedFractionServiceImpl[m - Start method validateQuantityFractionsV1, tradeId -> 1076704
[30m2026-08-27T14:37:21,978[m [32mINFO  [m[[1;34mhttp-nio-8080-exec-2[m] [36mValidateCountedFractionServiceImpl[m - Start method validateMaximumLimitFractionsV1
[30m2026-08-27T14:37:21,978[m [32mINFO  [m[[1;34mhttp-nio-8080-exec-2[m] [36mValidateCountedFractionServiceImpl[m - Start method validateQuantityFractionsV1, tradeId -> 1080004
[30m2026-08-27T14:37:21,978[m [32mINFO  [m[[1;34mhttp-nio-8080-exec-2[m] [36mValidateCountedFractionServiceImpl[m - Start method validateMaximumLimitFractionsV1
[30m2026-08-27T14:37:21,978[m [32mINFO  [m[[1;34mhttp-nio-8080-exec-2[m] [36mValidateCountedFractionServiceImpl[m - Start method validateQuantityFractionsV1, tradeId -> 1080005
[30m2026-08-27T14:37:21,978[m [32mINFO  [m[[1;34mhttp-nio-8080-exec-2[m] [36mValidateCountedFractionServiceImpl[m - Start method validateMaximumLimitFractionsV1
[30m2026-08-27T14:37:21,978[m [32mINFO  [m[[1;34mhttp-nio-8080-exec-2[m] [36mValidateCountedFractionServiceImpl[m - Start method validateQuantityFractionsV1, tradeId -> 1076705
[30m2026-08-27T14:37:21,978[m [32mINFO  [m[[1;34mhttp-nio-8080-exec-2[m] [36mValidateCountedFractionServiceImpl[m - Start method validateMaximumLimitFractionsV1
[30m2026-08-27T14:37:21,978[m [32mINFO  [m[[1;34mhttp-nio-8080-exec-2[m] [36mValidateCountedFractionServiceImpl[m - Start method validateQuantityFractionsV1, tradeId -> 1080006
[30m2026-08-27T14:37:21,978[m [32mINFO  [m[[1;34mhttp-nio-8080-exec-2[m] [36mValidateCountedFractionServiceImpl[m - Start method validateMaximumLimitFractionsV1
[30m2026-08-27T14:37:21,978[m [32mINFO  [m[[1;34mhttp-nio-8080-exec-2[m] [36mValidateCountedFractionServiceImpl[m - Start method validateQuantityFractionsV1, tradeId -> 1076706
[30m2026-08-27T14:37:21,978[m [32mINFO  [m[[1;34mhttp-nio-8080-exec-2[m] [36mValidateCountedFractionServiceImpl[m - Start method validateMaximumLimitFractionsV1
[30m2026-08-27T14:37:21,978[m [32mINFO  [m[[1;34mhttp-nio-8080-exec-2[m] [36mValidateCountedFractionServiceImpl[m - Start method validateQuantityFractionsV1, tradeId -> 1078304
[30m2026-08-27T14:37:21,978[m [32mINFO  [m[[1;34mhttp-nio-8080-exec-2[m] [36mValidateCountedFractionServiceImpl[m - Start method validateMaximumLimitFractionsV1
[30m2026-08-27T14:37:21,978[m [32mINFO  [m[[1;34mhttp-nio-8080-exec-2[m] [36mValidateCountedFractionServiceImpl[m - Start method validateQuantityFractionsV1, tradeId -> 1077272
[30m2026-08-27T14:37:21,978[m [32mINFO  [m[[1;34mhttp-nio-8080-exec-2[m] [36mValidateCountedFractionServiceImpl[m - Start method validateMaximumLimitFractionsV1
[30m2026-08-27T14:37:21,978[m [32mINFO  [m[[1;34mhttp-nio-8080-exec-2[m] [36mValidateCountedFractionServiceImpl[m - Start method validateQuantityFractionsV1, tradeId -> 1077273
[30m2026-08-27T14:37:21,979[m [32mINFO  [m[[1;34mhttp-nio-8080-exec-2[m] [36mValidateCountedFractionServiceImpl[m - Start method validateMaximumLimitFractionsV1
[30m2026-08-27T14:37:21,979[m [32mINFO  [m[[1;34mhttp-nio-8080-exec-2[m] [36mValidateCountedFractionServiceImpl[m - Start method validateQuantityFractionsV1, tradeId -> 1080007
[30m2026-08-27T14:37:21,979[m [32mINFO  [m[[1;34mhttp-nio-8080-exec-2[m] [36mValidateCountedFractionServiceImpl[m - Start method validateMaximumLimitFractionsV1
[30m2026-08-27T14:37:21,979[m [32mINFO  [m[[1;34mhttp-nio-8080-exec-2[m] [36mValidateCountedFractionServiceImpl[m - Start method validateQuantityFractionsV1, tradeId -> 1080008
[30m2026-08-27T14:37:21,979[m [32mINFO  [m[[1;34mhttp-nio-8080-exec-2[m] [36mValidateCountedFractionServiceImpl[m - Start method validateMaximumLimitFractionsV1
[30m2026-08-27T14:37:21,979[m [32mINFO  [m[[1;34mhttp-nio-8080-exec-2[m] [36mValidateCountedFractionServiceImpl[m - Start method validateQuantityFractionsV1, tradeId -> 1080009
[30m2026-08-27T14:37:21,979[m [32mINFO  [m[[1;34mhttp-nio-8080-exec-2[m] [36mValidateCountedFractionServiceImpl[m - Start method validateMaximumLimitFractionsV1
[30m2026-08-27T14:37:21,979[m [32mINFO  [m[[1;34mhttp-nio-8080-exec-2[m] [36mValidateCountedFractionServiceImpl[m - Start method validateQuantityFractionsV1, tradeId -> 1080025
[30m2026-08-27T14:37:21,979[m [32mINFO  [m[[1;34mhttp-nio-8080-exec-2[m] [36mValidateCountedFractionServiceImpl[m - Start method validateMaximumLimitFractionsV1
[30m2026-08-27T14:37:21,979[m [32mINFO  [m[[1;34mhttp-nio-8080-exec-2[m] [36mValidateCountedFractionServiceImpl[m - Start method validateQuantityFractionsV1, tradeId -> 1077279
[30m2026-08-27T14:37:21,979[m [32mINFO  [m[[1;34mhttp-nio-8080-exec-2[m] [36mValidateCountedFractionServiceImpl[m - Start method validateMaximumLimitFractionsV1
[30m2026-08-27T14:37:21,979[m [32mINFO  [m[[1;34mhttp-nio-8080-exec-2[m] [36mValidateCountedFractionServiceImpl[m - Start method validateQuantityFractionsV1, tradeId -> 1080026
[30m2026-08-27T14:37:21,979[m [32mINFO  [m[[1;34mhttp-nio-8080-exec-2[m] [36mValidateCountedFractionServiceImpl[m - Start method validateMaximumLimitFractionsV1
[30m2026-08-27T14:37:21,979[m [32mINFO  [m[[1;34mhttp-nio-8080-exec-2[m] [36mValidateCountedFractionServiceImpl[m - Start method validateQuantityFractionsV1, tradeId -> 1078312
[30m2026-08-27T14:37:21,979[m [32mINFO  [m[[1;34mhttp-nio-8080-exec-2[m] [36mValidateCountedFractionServiceImpl[m - Start method validateMaximumLimitFractionsV1
[30m2026-08-27T14:37:21,979[m [32mINFO  [m[[1;34mhttp-nio-8080-exec-2[m] [36mValidateCountedFractionServiceImpl[m - Start method validateQuantityFractionsV1, tradeId -> 1077280
[30m2026-08-27T14:37:21,979[m [32mINFO  [m[[1;34mhttp-nio-8080-exec-2[m] [36mValidateCountedFractionServiceImpl[m - Start method validateMaximumLimitFractionsV1
[30m2026-08-27T14:37:21,979[m [32mINFO  [m[[1;34mhttp-nio-8080-exec-2[m] [36mValidateCountedFractionServiceImpl[m - Start method validateQuantityFractionsV1, tradeId -> 1080027
[30m2026-08-27T14:37:21,979[m [32mINFO  [m[[1;34mhttp-nio-8080-exec-2[m] [36mValidateCountedFractionServiceImpl[m - Start method validateMaximumLimitFractionsV1
[30m2026-08-27T14:37:21,979[m [32mINFO  [m[[1;34mhttp-nio-8080-exec-2[m] [36mValidateCountedFractionServiceImpl[m - Start method validateQuantityFractionsV1, tradeId -> 1080028
[30m2026-08-27T14:37:21,979[m [32mINFO  [m[[1;34mhttp-nio-8080-exec-2[m] [36mValidateCountedFractionServiceImpl[m - Start method validateMaximumLimitFractionsV1
[30m2026-08-27T14:37:21,979[m [32mINFO  [m[[1;34mhttp-nio-8080-exec-2[m] [36mValidateCountedFractionServiceImpl[m - Start method validateQuantityFractionsV1, tradeId -> 1076715
[30m2026-08-27T14:37:21,979[m [32mINFO  [m[[1;34mhttp-nio-8080-exec-2[m] [36mValidateCountedFractionServiceImpl[m - Start method validateMaximumLimitFractionsV1
[30m2026-08-27T14:37:21,979[m [32mINFO  [m[[1;34mhttp-nio-8080-exec-2[m] [36mValidateCountedFractionServiceImpl[m - Start method validateQuantityFractionsV1, tradeId -> 1077281
[30m2026-08-27T14:37:21,979[m [32mINFO  [m[[1;34mhttp-nio-8080-exec-2[m] [36mValidateCountedFractionServiceImpl[m - Start method validateMaximumLimitFractionsV1
[30m2026-08-27T14:37:21,979[m [32mINFO  [m[[1;34mhttp-nio-8080-exec-2[m] [36mValidateCountedFractionServiceImpl[m - Start method validateQuantityFractionsV1, tradeId -> 1076716
[30m2026-08-27T14:37:21,979[m [32mINFO  [m[[1;34mhttp-nio-8080-exec-2[m] [36mValidateCountedFractionServiceImpl[m - Start method validateMaximumLimitFractionsV1
[30m2026-08-27T14:37:21,979[m [32mINFO  [m[[1;34mhttp-nio-8080-exec-2[m] [36mValidateCountedFractionServiceImpl[m - Start method validateQuantityFractionsV1, tradeId -> 1078313
[30m2026-08-27T14:37:21,979[m [32mINFO  [m[[1;34mhttp-nio-8080-exec-2[m] [36mValidateCountedFractionServiceImpl[m - Start method validateMaximumLimitFractionsV1
[30m2026-08-27T14:37:21,980[m [32mINFO  [m[[1;34mhttp-nio-8080-exec-2[m] [36mValidateCountedFractionServiceImpl[m - Start method validateQuantityFractionsV1, tradeId -> 1076717
[30m2026-08-27T14:37:21,980[m [32mINFO  [m[[1;34mhttp-nio-8080-exec-2[m] [36mValidateCountedFractionServiceImpl[m - Start method validateMaximumLimitFractionsV1
[30m2026-08-27T14:37:21,980[m [32mINFO  [m[[1;34mhttp-nio-8080-exec-2[m] [36mValidateCountedFractionServiceImpl[m - Start method validateQuantityFractionsV1, tradeId -> 1077282
[30m2026-08-27T14:37:21,980[m [32mINFO  [m[[1;34mhttp-nio-8080-exec-2[m] [36mValidateCountedFractionServiceImpl[m - Start method validateMaximumLimitFractionsV1
[30m2026-08-27T14:37:21,980[m [32mINFO  [m[[1;34mhttp-nio-8080-exec-2[m] [36mFractionationCountedServiceImpl[m - PERF_ASSIGNMENT_VALIDATION_BATCH batchId=22e31c4f-7307-407d-9120-26bbb3670825 inputCount=50 validCount=50 invalidCount=0 uniqueTrades=50 uniqueSides=1 uniqueParticipants=1 titleAccountResolutionRequests=50 titleAccountUniqueBusinessKeys=1 settlementLookupRequests=50 settlementUniqueTradeSides=50 settlementRepositoryCalls=1 settlementRowsLoaded=0 settlementPrefetchMs=3 cudLookupRequests=0 cudUniqueTradeSides=0 cudUniqueBusinessKeys=0 cudRepositoryCalls=0 cudRowsLoaded=0 cudPrefetchMs=0 tradePrefetchMs=303 sidePrefetchMs=0 participantPrefetchMs=11 accountResolutionMs=15 accountPrefetchMs=10 businessValidationMs=7 totalMs=351
[30m2026-08-27T14:37:21,980[m [32mINFO  [m[[1;34mhttp-nio-8080-exec-2[m] [36mRestClientUtils[m - Client [POST] http://operaciones-fracciones-contado-back-service/operations-fractionation-api/v1/fractionation/batch
[30m2026-08-27T14:37:23,812[m [32mINFO  [m[[1;34mhttp-nio-8080-exec-2[m] [36mFractionationCountedServiceImpl[m - PERF_ASSIGNMENT_BATCH service=cmd batchId=22e31c4f-7307-407d-9120-26bbb3670825 mode=RAW_VALIDATED configuredMaxBatchSize=80 receivedBatchSize=50 processedCount=50 successCount=50 failureCount=0 fractionationMs=1832 totalMs=1832
[30m2026-08-27T14:37:23,812[m [32mINFO  [m[[1;34mhttp-nio-8080-exec-2[m] [36mFractionationCountedServiceImpl[m - PERF_ASSIGNMENT_BATCH service=cmd batchId=22e31c4f-7307-407d-9120-26bbb3670825 mode=RAW configuredMaxBatchSize=80 receivedBatchSize=50 validCount=50 invalidCount=0 sentToFractionationCount=50 successCount=50 failureCount=0 totalMs=2183
[30m2026-08-27T14:37:23,814[m [32mINFO  [m[[1;34mhttp-nio-8080-exec-2[m] [36mGlobalFilter[m - Request [POST /operations-cmd-api/v1/fractionation/counted-operation/batch] completed in 2188 ms with status 200
[30m2026-08-27T14:37:23,847[m [32mINFO  [m[[1;34mhttp-nio-8080-exec-3[m] [36mGlobalFilter[m - ----------- Client User: operaciones-orquestador-ext-back ----------
[30m2026-08-27T14:37:24,092[m [32mINFO  [m[[1;34mhttp-nio-8080-exec-3[m] [36mValidateCountedFractionServiceImpl[m - Start method validateAccountFractionAssignmentV1, accountNumber -> 4021801, tradeId -> 1080029, sideId -> 1, originId -> 122, isLocalCorrection -> false
[30m2026-08-27T14:37:24,093[m [32mINFO  [m[[1;34mhttp-nio-8080-exec-3[m] [36mValidateCountedFractionServiceImpl[m - Searching participant account assignment for accountNumber -> 4021801, participantId -> 15, depositoryId -> 1
[30m2026-08-27T14:37:24,095[m [32mINFO  [m[[1;34mhttp-nio-8080-exec-3[m] [36mValidateCountedFractionServiceImpl[m - No participant account found for accountNumber -> 4021801
[30m2026-08-27T14:37:24,121[m [32mINFO  [m[[1;34mhttp-nio-8080-exec-3[m] [36mValidateCountedFractionServiceImpl[m - End method validateAccountFractionAssignmentV1, fractionAccountOutDto -> FractionAccountOutDto(participantAccount=null, investorAccount=InvestorAccountOutDto(id=57, investor=InvestorOutDto(id=167, code=CL00000001, firstName=Prueba Nombre 1, lastName=Prueba Nombre 2, companyName=TERCERO3509748, type=TypeOutDto(id=2, description=JURIDICO, category=PERSONA), status=StatusOutDto(id=515, description=ACTIVO, category=INVERSIONISTA, shortName=null), country=CountryOutDto(id=35, code=CL, name=CHILE, currency=CurrencyOutDto(id=30, code=CLP, name=PESO CHILENO), timeZone=UTC -3), documentNumber=8605303170, identificationType=IdentificationTypeOutDto(id=5, description=CEDULA DE CIUDADANÍA, code=CC), nationality=35, clearinghouseCode=null, gics=null, moneyLaunderingFlag=null, taxStatus=null), accountNumber=4021801, accountName=AMBIENTE 3  PRUEBA 3, status=StatusOutDto(id=570, description=ACTIVO, category=CUENTA_INVERSIONISTA, shortName=null), originType=TypeOutDto(id=120, description=TERCEROS, category=ORIGEN PUNTA), type=TypeOutDto(id=26, description=CUENTA DEPOSITO, category=CUENTA DEPOSITO), depository=DepositoryOutDto(id=1, description=DVL), participant=null, taxExemp=false), sourceQuoteType=TypeOutDto(id=120, description=TERCEROS, category=ORIGEN PUNTA), fiduciarySpecialist=false, jointAccount=false, masterAccount=false, custodian=null, milaDirectDepositor=null)
[30m2026-08-27T14:37:24,150[m [32mINFO  [m[[1;34mhttp-nio-8080-exec-3[m] [36mValidateCountedFractionServiceImpl[m - Start method validateQuantityFractionsV1, tradeId -> 1080029
[30m2026-08-27T14:37:24,151[m [32mINFO  [m[[1;34mhttp-nio-8080-exec-3[m] [36mValidateCountedFractionServiceImpl[m - Start method validateMaximumLimitFractionsV1
[30m2026-08-27T14:37:24,151[m [32mINFO  [m[[1;34mhttp-nio-8080-exec-3[m] [36mValidateCountedFractionServiceImpl[m - Start method validateQuantityFractionsV1, tradeId -> 1073923
[30m2026-08-27T14:37:24,151[m [32mINFO  [m[[1;34mhttp-nio-8080-exec-3[m] [36mValidateCountedFractionServiceImpl[m - Start method validateMaximumLimitFractionsV1
[30m2026-08-27T14:37:24,151[m [32mINFO  [m[[1;34mhttp-nio-8080-exec-3[m] [36mValidateCountedFractionServiceImpl[m - Start method validateQuantityFractionsV1, tradeId -> 1078314
[30m2026-08-27T14:37:24,151[m [32mINFO  [m[[1;34mhttp-nio-8080-exec-3[m] [36mValidateCountedFractionServiceImpl[m - Start method validateMaximumLimitFractionsV1
[30m2026-08-27T14:37:24,152[m [32mINFO  [m[[1;34mhttp-nio-8080-exec-3[m] [36mValidateCountedFractionServiceImpl[m - Start method validateQuantityFractionsV1, tradeId -> 1073924
[30m2026-08-27T14:37:24,152[m [32mINFO  [m[[1;34mhttp-nio-8080-exec-3[m] [36mValidateCountedFractionServiceImpl[m - Start method validateMaximumLimitFractionsV1
[30m2026-08-27T14:37:24,152[m [32mINFO  [m[[1;34mhttp-nio-8080-exec-3[m] [36mValidateCountedFractionServiceImpl[m - Start method validateQuantityFractionsV1, tradeId -> 1077283
[30m2026-08-27T14:37:24,152[m [32mINFO  [m[[1;34mhttp-nio-8080-exec-3[m] [36mValidateCountedFractionServiceImpl[m - Start method validateMaximumLimitFractionsV1
[30m2026-08-27T14:37:24,152[m [32mINFO  [m[[1;34mhttp-nio-8080-exec-3[m] [36mValidateCountedFractionServiceImpl[m - Start method validateQuantityFractionsV1, tradeId -> 1073925
[30m2026-08-27T14:37:24,152[m [32mINFO  [m[[1;34mhttp-nio-8080-exec-3[m] [36mValidateCountedFractionServiceImpl[m - Start method validateMaximumLimitFractionsV1
[30m2026-08-27T14:37:24,152[m [32mINFO  [m[[1;34mhttp-nio-8080-exec-3[m] [36mValidateCountedFractionServiceImpl[m - Start method validateQuantityFractionsV1, tradeId -> 1077284
[30m2026-08-27T14:37:24,152[m [32mINFO  [m[[1;34mhttp-nio-8080-exec-3[m] [36mValidateCountedFractionServiceImpl[m - Start method validateMaximumLimitFractionsV1
[30m2026-08-27T14:37:24,152[m [32mINFO  [m[[1;34mhttp-nio-8080-exec-3[m] [36mValidateCountedFractionServiceImpl[m - Start method validateQuantityFractionsV1, tradeId -> 1073926
[30m2026-08-27T14:37:24,152[m [32mINFO  [m[[1;34mhttp-nio-8080-exec-3[m] [36mValidateCountedFractionServiceImpl[m - Start method validateMaximumLimitFractionsV1
[30m2026-08-27T14:37:24,152[m [32mINFO  [m[[1;34mhttp-nio-8080-exec-3[m] [36mValidateCountedFractionServiceImpl[m - Start method validateQuantityFractionsV1, tradeId -> 1080030
[30m2026-08-27T14:37:24,152[m [32mINFO  [m[[1;34mhttp-nio-8080-exec-3[m] [36mValidateCountedFractionServiceImpl[m - Start method validateMaximumLimitFractionsV1
[30m2026-08-27T14:37:24,153[m [32mINFO  [m[[1;34mhttp-nio-8080-exec-3[m] [36mValidateCountedFractionServiceImpl[m - Start method validateQuantityFractionsV1, tradeId -> 1078315
[30m2026-08-27T14:37:24,153[m [32mINFO  [m[[1;34mhttp-nio-8080-exec-3[m] [36mValidateCountedFractionServiceImpl[m - Start method validateMaximumLimitFractionsV1
[30m2026-08-27T14:37:24,153[m [32mINFO  [m[[1;34mhttp-nio-8080-exec-3[m] [36mValidateCountedFractionServiceImpl[m - Start method validateQuantityFractionsV1, tradeId -> 1080031
[30m2026-08-27T14:37:24,153[m [32mINFO  [m[[1;34mhttp-nio-8080-exec-3[m] [36mValidateCountedFractionServiceImpl[m - Start method validateMaximumLimitFractionsV1
[30m2026-08-27T14:37:24,153[m [32mINFO  [m[[1;34mhttp-nio-8080-exec-3[m] [36mValidateCountedFractionServiceImpl[m - Start method validateQuantityFractionsV1, tradeId -> 1078316
[30m2026-08-27T14:37:24,153[m [32mINFO  [m[[1;34mhttp-nio-8080-exec-3[m] [36mValidateCountedFractionServiceImpl[m - Start method validateMaximumLimitFractionsV1
[30m2026-08-27T14:37:24,153[m [32mINFO  [m[[1;34mhttp-nio-8080-exec-3[m] [36mValidateCountedFractionServiceImpl[m - Start method validateQuantityFractionsV1, tradeId -> 1074311
[30m2026-08-27T14:37:24,153[m [32mINFO  [m[[1;34mhttp-nio-8080-exec-3[m] [36mValidateCountedFractionServiceImpl[m - Start method validateMaximumLimitFractionsV1
[30m2026-08-27T14:37:24,153[m [32mINFO  [m[[1;34mhttp-nio-8080-exec-3[m] [36mValidateCountedFractionServiceImpl[m - Start method validateQuantityFractionsV1, tradeId -> 1072804
[30m2026-08-27T14:37:24,153[m [32mINFO  [m[[1;34mhttp-nio-8080-exec-3[m] [36mValidateCountedFractionServiceImpl[m - Start method validateMaximumLimitFractionsV1
[30m2026-08-27T14:37:24,153[m [32mINFO  [m[[1;34mhttp-nio-8080-exec-3[m] [36mValidateCountedFractionServiceImpl[m - Start method validateQuantityFractionsV1, tradeId -> 1068200
[30m2026-08-27T14:37:24,153[m [32mINFO  [m[[1;34mhttp-nio-8080-exec-3[m] [36mValidateCountedFractionServiceImpl[m - Start method validateMaximumLimitFractionsV1
[30m2026-08-27T14:37:24,153[m [32mINFO  [m[[1;34mhttp-nio-8080-exec-3[m] [36mValidateCountedFractionServiceImpl[m - Start method validateQuantityFractionsV1, tradeId -> 1075099
[30m2026-08-27T14:37:24,153[m [32mINFO  [m[[1;34mhttp-nio-8080-exec-3[m] [36mValidateCountedFractionServiceImpl[m - Start method validateMaximumLimitFractionsV1
[30m2026-08-27T14:37:24,153[m [32mINFO  [m[[1;34mhttp-nio-8080-exec-3[m] [36mValidateCountedFractionServiceImpl[m - Start method validateQuantityFractionsV1, tradeId -> 1072809
[30m2026-08-27T14:37:24,153[m [32mINFO  [m[[1;34mhttp-nio-8080-exec-3[m] [36mValidateCountedFractionServiceImpl[m - Start method validateMaximumLimitFractionsV1
[30m2026-08-27T14:37:24,153[m [32mINFO  [m[[1;34mhttp-nio-8080-exec-3[m] [36mValidateCountedFractionServiceImpl[m - Start method validateQuantityFractionsV1, tradeId -> 1068203
[30m2026-08-27T14:37:24,153[m [32mINFO  [m[[1;34mhttp-nio-8080-exec-3[m] [36mValidateCountedFractionServiceImpl[m - Start method validateMaximumLimitFractionsV1
[30m2026-08-27T14:37:24,153[m [32mINFO  [m[[1;34mhttp-nio-8080-exec-3[m] [36mValidateCountedFractionServiceImpl[m - Start method validateQuantityFractionsV1, tradeId -> 1075100
[30m2026-08-27T14:37:24,153[m [32mINFO  [m[[1;34mhttp-nio-8080-exec-3[m] [36mValidateCountedFractionServiceImpl[m - Start method validateMaximumLimitFractionsV1
[30m2026-08-27T14:37:24,154[m [32mINFO  [m[[1;34mhttp-nio-8080-exec-3[m] [36mValidateCountedFractionServiceImpl[m - Start method validateQuantityFractionsV1, tradeId -> 1072810
[30m2026-08-27T14:37:24,154[m [32mINFO  [m[[1;34mhttp-nio-8080-exec-3[m] [36mValidateCountedFractionServiceImpl[m - Start method validateMaximumLimitFractionsV1
[30m2026-08-27T14:37:24,154[m [32mINFO  [m[[1;34mhttp-nio-8080-exec-3[m] [36mValidateCountedFractionServiceImpl[m - Start method validateQuantityFractionsV1, tradeId -> 1072811
[30m2026-08-27T14:37:24,154[m [32mINFO  [m[[1;34mhttp-nio-8080-exec-3[m] [36mValidateCountedFractionServiceImpl[m - Start method validateMaximumLimitFractionsV1
[30m2026-08-27T14:37:24,154[m [32mINFO  [m[[1;34mhttp-nio-8080-exec-3[m] [36mValidateCountedFractionServiceImpl[m - Start method validateQuantityFractionsV1, tradeId -> 1074320
[30m2026-08-27T14:37:24,154[m [32mINFO  [m[[1;34mhttp-nio-8080-exec-3[m] [36mValidateCountedFractionServiceImpl[m - Start method validateMaximumLimitFractionsV1
[30m2026-08-27T14:37:24,154[m [32mINFO  [m[[1;34mhttp-nio-8080-exec-3[m] [36mValidateCountedFractionServiceImpl[m - Start method validateQuantityFractionsV1, tradeId -> 1073196
[30m2026-08-27T14:37:24,154[m [32mINFO  [m[[1;34mhttp-nio-8080-exec-3[m] [36mValidateCountedFractionServiceImpl[m - Start method validateMaximumLimitFractionsV1
[30m2026-08-27T14:37:24,155[m [32mINFO  [m[[1;34mhttp-nio-8080-exec-3[m] [36mValidateCountedFractionServiceImpl[m - Start method validateQuantityFractionsV1, tradeId -> 1073197
[30m2026-08-27T14:37:24,155[m [32mINFO  [m[[1;34mhttp-nio-8080-exec-3[m] [36mValidateCountedFractionServiceImpl[m - Start method validateMaximumLimitFractionsV1
[30m2026-08-27T14:37:24,155[m [32mINFO  [m[[1;34mhttp-nio-8080-exec-3[m] [36mValidateCountedFractionServiceImpl[m - Start method validateQuantityFractionsV1, tradeId -> 1074321
[30m2026-08-27T14:37:24,155[m [32mINFO  [m[[1;34mhttp-nio-8080-exec-3[m] [36mValidateCountedFractionServiceImpl[m - Start method validateMaximumLimitFractionsV1
[30m2026-08-27T14:37:24,155[m [32mINFO  [m[[1;34mhttp-nio-8080-exec-3[m] [36mValidateCountedFractionServiceImpl[m - Start method validateQuantityFractionsV1, tradeId -> 1075101
[30m2026-08-27T14:37:24,155[m [32mINFO  [m[[1;34mhttp-nio-8080-exec-3[m] [36mValidateCountedFractionServiceImpl[m - Start method validateMaximumLimitFractionsV1
[30m2026-08-27T14:37:24,155[m [32mINFO  [m[[1;34mhttp-nio-8080-exec-3[m] [36mValidateCountedFractionServiceImpl[m - Start method validateQuantityFractionsV1, tradeId -> 1073198
[30m2026-08-27T14:37:24,155[m [32mINFO  [m[[1;34mhttp-nio-8080-exec-3[m] [36mValidateCountedFractionServiceImpl[m - Start method validateMaximumLimitFractionsV1
[30m2026-08-27T14:37:24,155[m [32mINFO  [m[[1;34mhttp-nio-8080-exec-3[m] [36mValidateCountedFractionServiceImpl[m - Start method validateQuantityFractionsV1, tradeId -> 1068204
[30m2026-08-27T14:37:24,156[m [32mINFO  [m[[1;34mhttp-nio-8080-exec-3[m] [36mValidateCountedFractionServiceImpl[m - Start method validateMaximumLimitFractionsV1
[30m2026-08-27T14:37:24,156[m [32mINFO  [m[[1;34mhttp-nio-8080-exec-3[m] [36mValidateCountedFractionServiceImpl[m - Start method validateQuantityFractionsV1, tradeId -> 1072812
[30m2026-08-27T14:37:24,156[m [32mINFO  [m[[1;34mhttp-nio-8080-exec-3[m] [36mValidateCountedFractionServiceImpl[m - Start method validateMaximumLimitFractionsV1
[30m2026-08-27T14:37:24,156[m [32mINFO  [m[[1;34mhttp-nio-8080-exec-3[m] [36mValidateCountedFractionServiceImpl[m - Start method validateQuantityFractionsV1, tradeId -> 1068205
[30m2026-08-27T14:37:24,156[m [32mINFO  [m[[1;34mhttp-nio-8080-exec-3[m] [36mValidateCountedFractionServiceImpl[m - Start method validateMaximumLimitFractionsV1
[30m2026-08-27T14:37:24,156[m [32mINFO  [m[[1;34mhttp-nio-8080-exec-3[m] [36mValidateCountedFractionServiceImpl[m - Start method validateQuantityFractionsV1, tradeId -> 1073199
[30m2026-08-27T14:37:24,157[m [32mINFO  [m[[1;34mhttp-nio-8080-exec-3[m] [36mValidateCountedFractionServiceImpl[m - Start method validateMaximumLimitFractionsV1
[30m2026-08-27T14:37:24,157[m [32mINFO  [m[[1;34mhttp-nio-8080-exec-3[m] [36mValidateCountedFractionServiceImpl[m - Start method validateQuantityFractionsV1, tradeId -> 1073200
[30m2026-08-27T14:37:24,157[m [32mINFO  [m[[1;34mhttp-nio-8080-exec-3[m] [36mValidateCountedFractionServiceImpl[m - Start method validateMaximumLimitFractionsV1
[30m2026-08-27T14:37:24,157[m [32mINFO  [m[[1;34mhttp-nio-8080-exec-3[m] [36mValidateCountedFractionServiceImpl[m - Start method validateQuantityFractionsV1, tradeId -> 1073201
[30m2026-08-27T14:37:24,157[m [32mINFO  [m[[1;34mhttp-nio-8080-exec-3[m] [36mValidateCountedFractionServiceImpl[m - Start method validateMaximumLimitFractionsV1
[30m2026-08-27T14:37:24,157[m [32mINFO  [m[[1;34mhttp-nio-8080-exec-3[m] [36mValidateCountedFractionServiceImpl[m - Start method validateQuantityFractionsV1, tradeId -> 1072813
[30m2026-08-27T14:37:24,157[m [32mINFO  [m[[1;34mhttp-nio-8080-exec-3[m] [36mValidateCountedFractionServiceImpl[m - Start method validateMaximumLimitFractionsV1
[30m2026-08-27T14:37:24,158[m [32mINFO  [m[[1;34mhttp-nio-8080-exec-3[m] [36mValidateCountedFractionServiceImpl[m - Start method validateQuantityFractionsV1, tradeId -> 1072814
[30m2026-08-27T14:37:24,158[m [32mINFO  [m[[1;34mhttp-nio-8080-exec-3[m] [36mValidateCountedFractionServiceImpl[m - Start method validateMaximumLimitFractionsV1
[30m2026-08-27T14:37:24,158[m [32mINFO  [m[[1;34mhttp-nio-8080-exec-3[m] [36mValidateCountedFractionServiceImpl[m - Start method validateQuantityFractionsV1, tradeId -> 1074322
[30m2026-08-27T14:37:24,158[m [32mINFO  [m[[1;34mhttp-nio-8080-exec-3[m] [36mValidateCountedFractionServiceImpl[m - Start method validateMaximumLimitFractionsV1
[30m2026-08-27T14:37:24,158[m [32mINFO  [m[[1;34mhttp-nio-8080-exec-3[m] [36mValidateCountedFractionServiceImpl[m - Start method validateQuantityFractionsV1, tradeId -> 1072815
[30m2026-08-27T14:37:24,158[m [32mINFO  [m[[1;34mhttp-nio-8080-exec-3[m] [36mValidateCountedFractionServiceImpl[m - Start method validateMaximumLimitFractionsV1
[30m2026-08-27T14:37:24,158[m [32mINFO  [m[[1;34mhttp-nio-8080-exec-3[m] [36mValidateCountedFractionServiceImpl[m - Start method validateQuantityFractionsV1, tradeId -> 1068206
[30m2026-08-27T14:37:24,158[m [32mINFO  [m[[1;34mhttp-nio-8080-exec-3[m] [36mValidateCountedFractionServiceImpl[m - Start method validateMaximumLimitFractionsV1
[30m2026-08-27T14:37:24,158[m [32mINFO  [m[[1;34mhttp-nio-8080-exec-3[m] [36mValidateCountedFractionServiceImpl[m - Start method validateQuantityFractionsV1, tradeId -> 1073202
[30m2026-08-27T14:37:24,158[m [32mINFO  [m[[1;34mhttp-nio-8080-exec-3[m] [36mValidateCountedFractionServiceImpl[m - Start method validateMaximumLimitFractionsV1
[30m2026-08-27T14:37:24,158[m [32mINFO  [m[[1;34mhttp-nio-8080-exec-3[m] [36mValidateCountedFractionServiceImpl[m - Start method validateQuantityFractionsV1, tradeId -> 1074323
[30m2026-08-27T14:37:24,158[m [32mINFO  [m[[1;34mhttp-nio-8080-exec-3[m] [36mValidateCountedFractionServiceImpl[m - Start method validateMaximumLimitFractionsV1
[30m2026-08-27T14:37:24,158[m [32mINFO  [m[[1;34mhttp-nio-8080-exec-3[m] [36mValidateCountedFractionServiceImpl[m - Start method validateQuantityFractionsV1, tradeId -> 1075102
[30m2026-08-27T14:37:24,158[m [32mINFO  [m[[1;34mhttp-nio-8080-exec-3[m] [36mValidateCountedFractionServiceImpl[m - Start method validateMaximumLimitFractionsV1
[30m2026-08-27T14:37:24,158[m [32mINFO  [m[[1;34mhttp-nio-8080-exec-3[m] [36mValidateCountedFractionServiceImpl[m - Start method validateQuantityFractionsV1, tradeId -> 1068207
[30m2026-08-27T14:37:24,158[m [32mINFO  [m[[1;34mhttp-nio-8080-exec-3[m] [36mValidateCountedFractionServiceImpl[m - Start method validateMaximumLimitFractionsV1
[30m2026-08-27T14:37:24,158[m [32mINFO  [m[[1;34mhttp-nio-8080-exec-3[m] [36mValidateCountedFractionServiceImpl[m - Start method validateQuantityFractionsV1, tradeId -> 1075103
[30m2026-08-27T14:37:24,158[m [32mINFO  [m[[1;34mhttp-nio-8080-exec-3[m] [36mValidateCountedFractionServiceImpl[m - Start method validateMaximumLimitFractionsV1
[30m2026-08-27T14:37:24,158[m [32mINFO  [m[[1;34mhttp-nio-8080-exec-3[m] [36mValidateCountedFractionServiceImpl[m - Start method validateQuantityFractionsV1, tradeId -> 1072816
[30m2026-08-27T14:37:24,158[m [32mINFO  [m[[1;34mhttp-nio-8080-exec-3[m] [36mValidateCountedFractionServiceImpl[m - Start method validateMaximumLimitFractionsV1
[30m2026-08-27T14:37:24,158[m [32mINFO  [m[[1;34mhttp-nio-8080-exec-3[m] [36mValidateCountedFractionServiceImpl[m - Start method validateQuantityFractionsV1, tradeId -> 1072817
[30m2026-08-27T14:37:24,158[m [32mINFO  [m[[1;34mhttp-nio-8080-exec-3[m] [36mValidateCountedFractionServiceImpl[m - Start method validateMaximumLimitFractionsV1
[30m2026-08-27T14:37:24,158[m [32mINFO  [m[[1;34mhttp-nio-8080-exec-3[m] [36mValidateCountedFractionServiceImpl[m - Start method validateQuantityFractionsV1, tradeId -> 1075104
[30m2026-08-27T14:37:24,158[m [32mINFO  [m[[1;34mhttp-nio-8080-exec-3[m] [36mValidateCountedFractionServiceImpl[m - Start method validateMaximumLimitFractionsV1
[30m2026-08-27T14:37:24,158[m [32mINFO  [m[[1;34mhttp-nio-8080-exec-3[m] [36mValidateCountedFractionServiceImpl[m - Start method validateQuantityFractionsV1, tradeId -> 1073203
[30m2026-08-27T14:37:24,159[m [32mINFO  [m[[1;34mhttp-nio-8080-exec-3[m] [36mValidateCountedFractionServiceImpl[m - Start method validateMaximumLimitFractionsV1
[30m2026-08-27T14:37:24,159[m [32mINFO  [m[[1;34mhttp-nio-8080-exec-3[m] [36mValidateCountedFractionServiceImpl[m - Start method validateQuantityFractionsV1, tradeId -> 1073204
[30m2026-08-27T14:37:24,159[m [32mINFO  [m[[1;34mhttp-nio-8080-exec-3[m] [36mValidateCountedFractionServiceImpl[m - Start method validateMaximumLimitFractionsV1
[30m2026-08-27T14:37:24,159[m [32mINFO  [m[[1;34mhttp-nio-8080-exec-3[m] [36mValidateCountedFractionServiceImpl[m - Start method validateQuantityFractionsV1, tradeId -> 1068208
[30m2026-08-27T14:37:24,159[m [32mINFO  [m[[1;34mhttp-nio-8080-exec-3[m] [36mValidateCountedFractionServiceImpl[m - Start method validateMaximumLimitFractionsV1
[30m2026-08-27T14:37:24,159[m [32mINFO  [m[[1;34mhttp-nio-8080-exec-3[m] [36mValidateCountedFractionServiceImpl[m - Start method validateQuantityFractionsV1, tradeId -> 1075105
[30m2026-08-27T14:37:24,159[m [32mINFO  [m[[1;34mhttp-nio-8080-exec-3[m] [36mValidateCountedFractionServiceImpl[m - Start method validateMaximumLimitFractionsV1
[30m2026-08-27T14:37:24,159[m [32mINFO  [m[[1;34mhttp-nio-8080-exec-3[m] [36mFractionationCountedServiceImpl[m - PERF_ASSIGNMENT_VALIDATION_BATCH batchId=4935f21a-1232-409b-9f3b-0928cc18852d inputCount=50 validCount=50 invalidCount=0 uniqueTrades=50 uniqueSides=1 uniqueParticipants=1 titleAccountResolutionRequests=50 titleAccountUniqueBusinessKeys=1 settlementLookupRequests=50 settlementUniqueTradeSides=50 settlementRepositoryCalls=1 settlementRowsLoaded=0 settlementPrefetchMs=7 cudLookupRequests=0 cudUniqueTradeSides=0 cudUniqueBusinessKeys=0 cudRepositoryCalls=0 cudRowsLoaded=0 cudPrefetchMs=0 tradePrefetchMs=222 sidePrefetchMs=0 participantPrefetchMs=19 accountResolutionMs=31 accountPrefetchMs=15 businessValidationMs=12 totalMs=308
[30m2026-08-27T14:37:24,159[m [32mINFO  [m[[1;34mhttp-nio-8080-exec-3[m] [36mRestClientUtils[m - Client [POST] http://operaciones-fracciones-contado-back-service/operations-fractionation-api/v1/fractionation/batch
[30m2026-08-27T14:37:25,877[m [32mINFO  [m[[1;34mhttp-nio-8080-exec-3[m] [36mFractionationCountedServiceImpl[m - PERF_ASSIGNMENT_BATCH service=cmd batchId=4935f21a-1232-409b-9f3b-0928cc18852d mode=RAW_VALIDATED configuredMaxBatchSize=80 receivedBatchSize=50 processedCount=50 successCount=50 failureCount=0 fractionationMs=1718 totalMs=1718
[30m2026-08-27T14:37:25,877[m [32mINFO  [m[[1;34mhttp-nio-8080-exec-3[m] [36mFractionationCountedServiceImpl[m - PERF_ASSIGNMENT_BATCH service=cmd batchId=4935f21a-1232-409b-9f3b-0928cc18852d mode=RAW configuredMaxBatchSize=80 receivedBatchSize=50 validCount=50 invalidCount=0 sentToFractionationCount=50 successCount=50 failureCount=0 totalMs=2027
[30m2026-08-27T14:37:25,879[m [32mINFO  [m[[1;34mhttp-nio-8080-exec-3[m] [36mGlobalFilter[m - Request [POST /operations-cmd-api/v1/fractionation/counted-operation/batch] completed in 2032 ms with status 200
[30m2026-08-27T14:37:25,905[m [32mINFO  [m[[1;34mhttp-nio-8080-exec-4[m] [36mGlobalFilter[m - ----------- Client User: operaciones-orquestador-ext-back ----------
[30m2026-08-27T14:37:26,074[m [32mINFO  [m[[1;34mhttp-nio-8080-exec-4[m] [36mValidateCountedFractionServiceImpl[m - Start method validateAccountFractionAssignmentV1, accountNumber -> 4021801, tradeId -> 1068209, sideId -> 1, originId -> 122, isLocalCorrection -> false
[30m2026-08-27T14:37:26,075[m [32mINFO  [m[[1;34mhttp-nio-8080-exec-4[m] [36mValidateCountedFractionServiceImpl[m - Searching participant account assignment for accountNumber -> 4021801, participantId -> 15, depositoryId -> 1
[30m2026-08-27T14:37:26,077[m [32mINFO  [m[[1;34mhttp-nio-8080-exec-4[m] [36mValidateCountedFractionServiceImpl[m - No participant account found for accountNumber -> 4021801
[30m2026-08-27T14:37:26,088[m [32mINFO  [m[[1;34mhttp-nio-8080-exec-4[m] [36mValidateCountedFractionServiceImpl[m - End method validateAccountFractionAssignmentV1, fractionAccountOutDto -> FractionAccountOutDto(participantAccount=null, investorAccount=InvestorAccountOutDto(id=57, investor=InvestorOutDto(id=167, code=CL00000001, firstName=Prueba Nombre 1, lastName=Prueba Nombre 2, companyName=TERCERO3509748, type=TypeOutDto(id=2, description=JURIDICO, category=PERSONA), status=StatusOutDto(id=515, description=ACTIVO, category=INVERSIONISTA, shortName=null), country=CountryOutDto(id=35, code=CL, name=CHILE, currency=CurrencyOutDto(id=30, code=CLP, name=PESO CHILENO), timeZone=UTC -3), documentNumber=8605303170, identificationType=IdentificationTypeOutDto(id=5, description=CEDULA DE CIUDADANÍA, code=CC), nationality=35, clearinghouseCode=null, gics=null, moneyLaunderingFlag=null, taxStatus=null), accountNumber=4021801, accountName=AMBIENTE 3  PRUEBA 3, status=StatusOutDto(id=570, description=ACTIVO, category=CUENTA_INVERSIONISTA, shortName=null), originType=TypeOutDto(id=120, description=TERCEROS, category=ORIGEN PUNTA), type=TypeOutDto(id=26, description=CUENTA DEPOSITO, category=CUENTA DEPOSITO), depository=DepositoryOutDto(id=1, description=DVL), participant=null, taxExemp=false), sourceQuoteType=TypeOutDto(id=120, description=TERCEROS, category=ORIGEN PUNTA), fiduciarySpecialist=false, jointAccount=false, masterAccount=false, custodian=null, milaDirectDepositor=null)
[30m2026-08-27T14:37:26,103[m [32mINFO  [m[[1;34mhttp-nio-8080-exec-4[m] [36mValidateCountedFractionServiceImpl[m - Start method validateQuantityFractionsV1, tradeId -> 1068209
[30m2026-08-27T14:37:26,104[m [32mINFO  [m[[1;34mhttp-nio-8080-exec-4[m] [36mValidateCountedFractionServiceImpl[m - Start method validateMaximumLimitFractionsV1
[30m2026-08-27T14:37:26,104[m [32mINFO  [m[[1;34mhttp-nio-8080-exec-4[m] [36mValidateCountedFractionServiceImpl[m - Start method validateQuantityFractionsV1, tradeId -> 1068210
[30m2026-08-27T14:37:26,104[m [32mINFO  [m[[1;34mhttp-nio-8080-exec-4[m] [36mValidateCountedFractionServiceImpl[m - Start method validateMaximumLimitFractionsV1
[30m2026-08-27T14:37:26,104[m [32mINFO  [m[[1;34mhttp-nio-8080-exec-4[m] [36mValidateCountedFractionServiceImpl[m - Start method validateQuantityFractionsV1, tradeId -> 1075106
[30m2026-08-27T14:37:26,104[m [32mINFO  [m[[1;34mhttp-nio-8080-exec-4[m] [36mValidateCountedFractionServiceImpl[m - Start method validateMaximumLimitFractionsV1
[30m2026-08-27T14:37:26,104[m [32mINFO  [m[[1;34mhttp-nio-8080-exec-4[m] [36mValidateCountedFractionServiceImpl[m - Start method validateQuantityFractionsV1, tradeId -> 1074324
[30m2026-08-27T14:37:26,104[m [32mINFO  [m[[1;34mhttp-nio-8080-exec-4[m] [36mValidateCountedFractionServiceImpl[m - Start method validateMaximumLimitFractionsV1
[30m2026-08-27T14:37:26,104[m [32mINFO  [m[[1;34mhttp-nio-8080-exec-4[m] [36mValidateCountedFractionServiceImpl[m - Start method validateQuantityFractionsV1, tradeId -> 1072818
[30m2026-08-27T14:37:26,104[m [32mINFO  [m[[1;34mhttp-nio-8080-exec-4[m] [36mValidateCountedFractionServiceImpl[m - Start method validateMaximumLimitFractionsV1
[30m2026-08-27T14:37:26,104[m [32mINFO  [m[[1;34mhttp-nio-8080-exec-4[m] [36mValidateCountedFractionServiceImpl[m - Start method validateQuantityFractionsV1, tradeId -> 1074325
[30m2026-08-27T14:37:26,104[m [32mINFO  [m[[1;34mhttp-nio-8080-exec-4[m] [36mValidateCountedFractionServiceImpl[m - Start method validateMaximumLimitFractionsV1
[30m2026-08-27T14:37:26,104[m [32mINFO  [m[[1;34mhttp-nio-8080-exec-4[m] [36mValidateCountedFractionServiceImpl[m - Start method validateQuantityFractionsV1, tradeId -> 1072819
[30m2026-08-27T14:37:26,104[m [32mINFO  [m[[1;34mhttp-nio-8080-exec-4[m] [36mValidateCountedFractionServiceImpl[m - Start method validateMaximumLimitFractionsV1
[30m2026-08-27T14:37:26,104[m [32mINFO  [m[[1;34mhttp-nio-8080-exec-4[m] [36mValidateCountedFractionServiceImpl[m - Start method validateQuantityFractionsV1, tradeId -> 1068213
[30m2026-08-27T14:37:26,104[m [32mINFO  [m[[1;34mhttp-nio-8080-exec-4[m] [36mValidateCountedFractionServiceImpl[m - Start method validateMaximumLimitFractionsV1
[30m2026-08-27T14:37:26,104[m [32mINFO  [m[[1;34mhttp-nio-8080-exec-4[m] [36mValidateCountedFractionServiceImpl[m - Start method validateQuantityFractionsV1, tradeId -> 1068214
[30m2026-08-27T14:37:26,104[m [32mINFO  [m[[1;34mhttp-nio-8080-exec-4[m] [36mValidateCountedFractionServiceImpl[m - Start method validateMaximumLimitFractionsV1
[30m2026-08-27T14:37:26,104[m [32mINFO  [m[[1;34mhttp-nio-8080-exec-4[m] [36mValidateCountedFractionServiceImpl[m - Start method validateQuantityFractionsV1, tradeId -> 1074333
[30m2026-08-27T14:37:26,104[m [32mINFO  [m[[1;34mhttp-nio-8080-exec-4[m] [36mValidateCountedFractionServiceImpl[m - Start method validateMaximumLimitFractionsV1
[30m2026-08-27T14:37:26,104[m [32mINFO  [m[[1;34mhttp-nio-8080-exec-4[m] [36mValidateCountedFractionServiceImpl[m - Start method validateQuantityFractionsV1, tradeId -> 1074334
[30m2026-08-27T14:37:26,104[m [32mINFO  [m[[1;34mhttp-nio-8080-exec-4[m] [36mValidateCountedFractionServiceImpl[m - Start method validateMaximumLimitFractionsV1
[30m2026-08-27T14:37:26,104[m [32mINFO  [m[[1;34mhttp-nio-8080-exec-4[m] [36mValidateCountedFractionServiceImpl[m - Start method validateQuantityFractionsV1, tradeId -> 1073207
[30m2026-08-27T14:37:26,104[m [32mINFO  [m[[1;34mhttp-nio-8080-exec-4[m] [36mValidateCountedFractionServiceImpl[m - Start method validateMaximumLimitFractionsV1
[30m2026-08-27T14:37:26,104[m [32mINFO  [m[[1;34mhttp-nio-8080-exec-4[m] [36mValidateCountedFractionServiceImpl[m - Start method validateQuantityFractionsV1, tradeId -> 1075110
[30m2026-08-27T14:37:26,105[m [32mINFO  [m[[1;34mhttp-nio-8080-exec-4[m] [36mValidateCountedFractionServiceImpl[m - Start method validateMaximumLimitFractionsV1
[30m2026-08-27T14:37:26,105[m [32mINFO  [m[[1;34mhttp-nio-8080-exec-4[m] [36mValidateCountedFractionServiceImpl[m - Start method validateQuantityFractionsV1, tradeId -> 1068215
[30m2026-08-27T14:37:26,105[m [32mINFO  [m[[1;34mhttp-nio-8080-exec-4[m] [36mValidateCountedFractionServiceImpl[m - Start method validateMaximumLimitFractionsV1
[30m2026-08-27T14:37:26,105[m [32mINFO  [m[[1;34mhttp-nio-8080-exec-4[m] [36mValidateCountedFractionServiceImpl[m - Start method validateQuantityFractionsV1, tradeId -> 1074335
[30m2026-08-27T14:37:26,105[m [32mINFO  [m[[1;34mhttp-nio-8080-exec-4[m] [36mValidateCountedFractionServiceImpl[m - Start method validateMaximumLimitFractionsV1
[30m2026-08-27T14:37:26,105[m [32mINFO  [m[[1;34mhttp-nio-8080-exec-4[m] [36mValidateCountedFractionServiceImpl[m - Start method validateQuantityFractionsV1, tradeId -> 1072826
[30m2026-08-27T14:37:26,105[m [32mINFO  [m[[1;34mhttp-nio-8080-exec-4[m] [36mValidateCountedFractionServiceImpl[m - Start method validateMaximumLimitFractionsV1
[30m2026-08-27T14:37:26,105[m [32mINFO  [m[[1;34mhttp-nio-8080-exec-4[m] [36mValidateCountedFractionServiceImpl[m - Start method validateQuantityFractionsV1, tradeId -> 1075111
[30m2026-08-27T14:37:26,105[m [32mINFO  [m[[1;34mhttp-nio-8080-exec-4[m] [36mValidateCountedFractionServiceImpl[m - Start method validateMaximumLimitFractionsV1
[30m2026-08-27T14:37:26,105[m [32mINFO  [m[[1;34mhttp-nio-8080-exec-4[m] [36mValidateCountedFractionServiceImpl[m - Start method validateQuantityFractionsV1, tradeId -> 1074336
[30m2026-08-27T14:37:26,105[m [32mINFO  [m[[1;34mhttp-nio-8080-exec-4[m] [36mValidateCountedFractionServiceImpl[m - Start method validateMaximumLimitFractionsV1
[30m2026-08-27T14:37:26,105[m [32mINFO  [m[[1;34mhttp-nio-8080-exec-4[m] [36mValidateCountedFractionServiceImpl[m - Start method validateQuantityFractionsV1, tradeId -> 1072827
[30m2026-08-27T14:37:26,105[m [32mINFO  [m[[1;34mhttp-nio-8080-exec-4[m] [36mValidateCountedFractionServiceImpl[m - Start method validateMaximumLimitFractionsV1
[30m2026-08-27T14:37:26,105[m [32mINFO  [m[[1;34mhttp-nio-8080-exec-4[m] [36mValidateCountedFractionServiceImpl[m - Start method validateQuantityFractionsV1, tradeId -> 1068216
[30m2026-08-27T14:37:26,105[m [32mINFO  [m[[1;34mhttp-nio-8080-exec-4[m] [36mValidateCountedFractionServiceImpl[m - Start method validateMaximumLimitFractionsV1
[30m2026-08-27T14:37:26,105[m [32mINFO  [m[[1;34mhttp-nio-8080-exec-4[m] [36mValidateCountedFractionServiceImpl[m - Start method validateQuantityFractionsV1, tradeId -> 1068217
[30m2026-08-27T14:37:26,105[m [32mINFO  [m[[1;34mhttp-nio-8080-exec-4[m] [36mValidateCountedFractionServiceImpl[m - Start method validateMaximumLimitFractionsV1
[30m2026-08-27T14:37:26,106[m [32mINFO  [m[[1;34mhttp-nio-8080-exec-4[m] [36mValidateCountedFractionServiceImpl[m - Start method validateQuantityFractionsV1, tradeId -> 1068218
[30m2026-08-27T14:37:26,106[m [32mINFO  [m[[1;34mhttp-nio-8080-exec-4[m] [36mValidateCountedFractionServiceImpl[m - Start method validateMaximumLimitFractionsV1
[30m2026-08-27T14:37:26,106[m [32mINFO  [m[[1;34mhttp-nio-8080-exec-4[m] [36mValidateCountedFractionServiceImpl[m - Start method validateQuantityFractionsV1, tradeId -> 1074337
[30m2026-08-27T14:37:26,106[m [32mINFO  [m[[1;34mhttp-nio-8080-exec-4[m] [36mValidateCountedFractionServiceImpl[m - Start method validateMaximumLimitFractionsV1
[30m2026-08-27T14:37:26,106[m [32mINFO  [m[[1;34mhttp-nio-8080-exec-4[m] [36mValidateCountedFractionServiceImpl[m - Start method validateQuantityFractionsV1, tradeId -> 1072828
[30m2026-08-27T14:37:26,106[m [32mINFO  [m[[1;34mhttp-nio-8080-exec-4[m] [36mValidateCountedFractionServiceImpl[m - Start method validateMaximumLimitFractionsV1
[30m2026-08-27T14:37:26,106[m [32mINFO  [m[[1;34mhttp-nio-8080-exec-4[m] [36mValidateCountedFractionServiceImpl[m - Start method validateQuantityFractionsV1, tradeId -> 1072829
[30m2026-08-27T14:37:26,106[m [32mINFO  [m[[1;34mhttp-nio-8080-exec-4[m] [36mValidateCountedFractionServiceImpl[m - Start method validateMaximumLimitFractionsV1
[30m2026-08-27T14:37:26,106[m [32mINFO  [m[[1;34mhttp-nio-8080-exec-4[m] [36mValidateCountedFractionServiceImpl[m - Start method validateQuantityFractionsV1, tradeId -> 1072830
[30m2026-08-27T14:37:26,106[m [32mINFO  [m[[1;34mhttp-nio-8080-exec-4[m] [36mValidateCountedFractionServiceImpl[m - Start method validateMaximumLimitFractionsV1
[30m2026-08-27T14:37:26,106[m [32mINFO  [m[[1;34mhttp-nio-8080-exec-4[m] [36mValidateCountedFractionServiceImpl[m - Start method validateQuantityFractionsV1, tradeId -> 1074338
[30m2026-08-27T14:37:26,106[m [32mINFO  [m[[1;34mhttp-nio-8080-exec-4[m] [36mValidateCountedFractionServiceImpl[m - Start method validateMaximumLimitFractionsV1
[30m2026-08-27T14:37:26,106[m [32mINFO  [m[[1;34mhttp-nio-8080-exec-4[m] [36mValidateCountedFractionServiceImpl[m - Start method validateQuantityFractionsV1, tradeId -> 1068219
[30m2026-08-27T14:37:26,107[m [32mINFO  [m[[1;34mhttp-nio-8080-exec-4[m] [36mValidateCountedFractionServiceImpl[m - Start method validateMaximumLimitFractionsV1
[30m2026-08-27T14:37:26,107[m [32mINFO  [m[[1;34mhttp-nio-8080-exec-4[m] [36mValidateCountedFractionServiceImpl[m - Start method validateQuantityFractionsV1, tradeId -> 1075112
[30m2026-08-27T14:37:26,107[m [32mINFO  [m[[1;34mhttp-nio-8080-exec-4[m] [36mValidateCountedFractionServiceImpl[m - Start method validateMaximumLimitFractionsV1
[30m2026-08-27T14:37:26,107[m [32mINFO  [m[[1;34mhttp-nio-8080-exec-4[m] [36mValidateCountedFractionServiceImpl[m - Start method validateQuantityFractionsV1, tradeId -> 1068220
[30m2026-08-27T14:37:26,107[m [32mINFO  [m[[1;34mhttp-nio-8080-exec-4[m] [36mValidateCountedFractionServiceImpl[m - Start method validateMaximumLimitFractionsV1
[30m2026-08-27T14:37:26,107[m [32mINFO  [m[[1;34mhttp-nio-8080-exec-4[m] [36mValidateCountedFractionServiceImpl[m - Start method validateQuantityFractionsV1, tradeId -> 1073208
[30m2026-08-27T14:37:26,107[m [32mINFO  [m[[1;34mhttp-nio-8080-exec-4[m] [36mValidateCountedFractionServiceImpl[m - Start method validateMaximumLimitFractionsV1
[30m2026-08-27T14:37:26,107[m [32mINFO  [m[[1;34mhttp-nio-8080-exec-4[m] [36mValidateCountedFractionServiceImpl[m - Start method validateQuantityFractionsV1, tradeId -> 1072831
[30m2026-08-27T14:37:26,107[m [32mINFO  [m[[1;34mhttp-nio-8080-exec-4[m] [36mValidateCountedFractionServiceImpl[m - Start method validateMaximumLimitFractionsV1
[30m2026-08-27T14:37:26,107[m [32mINFO  [m[[1;34mhttp-nio-8080-exec-4[m] [36mValidateCountedFractionServiceImpl[m - Start method validateQuantityFractionsV1, tradeId -> 1074339
[30m2026-08-27T14:37:26,107[m [32mINFO  [m[[1;34mhttp-nio-8080-exec-4[m] [36mValidateCountedFractionServiceImpl[m - Start method validateMaximumLimitFractionsV1
[30m2026-08-27T14:37:26,107[m [32mINFO  [m[[1;34mhttp-nio-8080-exec-4[m] [36mValidateCountedFractionServiceImpl[m - Start method validateQuantityFractionsV1, tradeId -> 1075113
[30m2026-08-27T14:37:26,107[m [32mINFO  [m[[1;34mhttp-nio-8080-exec-4[m] [36mValidateCountedFractionServiceImpl[m - Start method validateMaximumLimitFractionsV1
[30m2026-08-27T14:37:26,107[m [32mINFO  [m[[1;34mhttp-nio-8080-exec-4[m] [36mValidateCountedFractionServiceImpl[m - Start method validateQuantityFractionsV1, tradeId -> 1073209
[30m2026-08-27T14:37:26,107[m [32mINFO  [m[[1;34mhttp-nio-8080-exec-4[m] [36mValidateCountedFractionServiceImpl[m - Start method validateMaximumLimitFractionsV1
[30m2026-08-27T14:37:26,107[m [32mINFO  [m[[1;34mhttp-nio-8080-exec-4[m] [36mValidateCountedFractionServiceImpl[m - Start method validateQuantityFractionsV1, tradeId -> 1075114
[30m2026-08-27T14:37:26,107[m [32mINFO  [m[[1;34mhttp-nio-8080-exec-4[m] [36mValidateCountedFractionServiceImpl[m - Start method validateMaximumLimitFractionsV1
[30m2026-08-27T14:37:26,107[m [32mINFO  [m[[1;34mhttp-nio-8080-exec-4[m] [36mValidateCountedFractionServiceImpl[m - Start method validateQuantityFractionsV1, tradeId -> 1075115
[30m2026-08-27T14:37:26,107[m [32mINFO  [m[[1;34mhttp-nio-8080-exec-4[m] [36mValidateCountedFractionServiceImpl[m - Start method validateMaximumLimitFractionsV1
[30m2026-08-27T14:37:26,107[m [32mINFO  [m[[1;34mhttp-nio-8080-exec-4[m] [36mValidateCountedFractionServiceImpl[m - Start method validateQuantityFractionsV1, tradeId -> 1068221
[30m2026-08-27T14:37:26,107[m [32mINFO  [m[[1;34mhttp-nio-8080-exec-4[m] [36mValidateCountedFractionServiceImpl[m - Start method validateMaximumLimitFractionsV1
[30m2026-08-27T14:37:26,107[m [32mINFO  [m[[1;34mhttp-nio-8080-exec-4[m] [36mValidateCountedFractionServiceImpl[m - Start method validateQuantityFractionsV1, tradeId -> 1068222
[30m2026-08-27T14:37:26,107[m [32mINFO  [m[[1;34mhttp-nio-8080-exec-4[m] [36mValidateCountedFractionServiceImpl[m - Start method validateMaximumLimitFractionsV1
[30m2026-08-27T14:37:26,107[m [32mINFO  [m[[1;34mhttp-nio-8080-exec-4[m] [36mValidateCountedFractionServiceImpl[m - Start method validateQuantityFractionsV1, tradeId -> 1075116
[30m2026-08-27T14:37:26,107[m [32mINFO  [m[[1;34mhttp-nio-8080-exec-4[m] [36mValidateCountedFractionServiceImpl[m - Start method validateMaximumLimitFractionsV1
[30m2026-08-27T14:37:26,107[m [32mINFO  [m[[1;34mhttp-nio-8080-exec-4[m] [36mValidateCountedFractionServiceImpl[m - Start method validateQuantityFractionsV1, tradeId -> 1073210
[30m2026-08-27T14:37:26,107[m [32mINFO  [m[[1;34mhttp-nio-8080-exec-4[m] [36mValidateCountedFractionServiceImpl[m - Start method validateMaximumLimitFractionsV1
[30m2026-08-27T14:37:26,107[m [32mINFO  [m[[1;34mhttp-nio-8080-exec-4[m] [36mValidateCountedFractionServiceImpl[m - Start method validateQuantityFractionsV1, tradeId -> 1073211
[30m2026-08-27T14:37:26,107[m [32mINFO  [m[[1;34mhttp-nio-8080-exec-4[m] [36mValidateCountedFractionServiceImpl[m - Start method validateMaximumLimitFractionsV1
[30m2026-08-27T14:37:26,108[m [32mINFO  [m[[1;34mhttp-nio-8080-exec-4[m] [36mValidateCountedFractionServiceImpl[m - Start method validateQuantityFractionsV1, tradeId -> 1073212
[30m2026-08-27T14:37:26,108[m [32mINFO  [m[[1;34mhttp-nio-8080-exec-4[m] [36mValidateCountedFractionServiceImpl[m - Start method validateMaximumLimitFractionsV1
[30m2026-08-27T14:37:26,108[m [32mINFO  [m[[1;34mhttp-nio-8080-exec-4[m] [36mValidateCountedFractionServiceImpl[m - Start method validateQuantityFractionsV1, tradeId -> 1075117
[30m2026-08-27T14:37:26,108[m [32mINFO  [m[[1;34mhttp-nio-8080-exec-4[m] [36mValidateCountedFractionServiceImpl[m - Start method validateMaximumLimitFractionsV1
[30m2026-08-27T14:37:26,108[m [32mINFO  [m[[1;34mhttp-nio-8080-exec-4[m] [36mValidateCountedFractionServiceImpl[m - Start method validateQuantityFractionsV1, tradeId -> 1073213
[30m2026-08-27T14:37:26,108[m [32mINFO  [m[[1;34mhttp-nio-8080-exec-4[m] [36mValidateCountedFractionServiceImpl[m - Start method validateMaximumLimitFractionsV1
[30m2026-08-27T14:37:26,108[m [32mINFO  [m[[1;34mhttp-nio-8080-exec-4[m] [36mValidateCountedFractionServiceImpl[m - Start method validateQuantityFractionsV1, tradeId -> 1068223
[30m2026-08-27T14:37:26,108[m [32mINFO  [m[[1;34mhttp-nio-8080-exec-4[m] [36mValidateCountedFractionServiceImpl[m - Start method validateMaximumLimitFractionsV1
[30m2026-08-27T14:37:26,108[m [32mINFO  [m[[1;34mhttp-nio-8080-exec-4[m] [36mValidateCountedFractionServiceImpl[m - Start method validateQuantityFractionsV1, tradeId -> 1074340
[30m2026-08-27T14:37:26,108[m [32mINFO  [m[[1;34mhttp-nio-8080-exec-4[m] [36mValidateCountedFractionServiceImpl[m - Start method validateMaximumLimitFractionsV1
[30m2026-08-27T14:37:26,108[m [32mINFO  [m[[1;34mhttp-nio-8080-exec-4[m] [36mValidateCountedFractionServiceImpl[m - Start method validateQuantityFractionsV1, tradeId -> 1075118
[30m2026-08-27T14:37:26,108[m [32mINFO  [m[[1;34mhttp-nio-8080-exec-4[m] [36mValidateCountedFractionServiceImpl[m - Start method validateMaximumLimitFractionsV1
[30m2026-08-27T14:37:26,108[m [32mINFO  [m[[1;34mhttp-nio-8080-exec-4[m] [36mValidateCountedFractionServiceImpl[m - Start method validateQuantityFractionsV1, tradeId -> 1075119
[30m2026-08-27T14:37:26,108[m [32mINFO  [m[[1;34mhttp-nio-8080-exec-4[m] [36mValidateCountedFractionServiceImpl[m - Start method validateMaximumLimitFractionsV1
[30m2026-08-27T14:37:26,108[m [32mINFO  [m[[1;34mhttp-nio-8080-exec-4[m] [36mValidateCountedFractionServiceImpl[m - Start method validateQuantityFractionsV1, tradeId -> 1073214
[30m2026-08-27T14:37:26,109[m [32mINFO  [m[[1;34mhttp-nio-8080-exec-4[m] [36mValidateCountedFractionServiceImpl[m - Start method validateMaximumLimitFractionsV1
[30m2026-08-27T14:37:26,109[m [32mINFO  [m[[1;34mhttp-nio-8080-exec-4[m] [36mFractionationCountedServiceImpl[m - PERF_ASSIGNMENT_VALIDATION_BATCH batchId=1292dd73-0d86-45f3-86c8-e105cd77cb0c inputCount=50 validCount=50 invalidCount=0 uniqueTrades=50 uniqueSides=1 uniqueParticipants=1 titleAccountResolutionRequests=50 titleAccountUniqueBusinessKeys=1 settlementLookupRequests=50 settlementUniqueTradeSides=50 settlementRepositoryCalls=1 settlementRowsLoaded=0 settlementPrefetchMs=2 cudLookupRequests=0 cudUniqueTradeSides=0 cudUniqueBusinessKeys=0 cudRepositoryCalls=0 cudRowsLoaded=0 cudPrefetchMs=0 tradePrefetchMs=155 sidePrefetchMs=0 participantPrefetchMs=11 accountResolutionMs=13 accountPrefetchMs=9 businessValidationMs=7 totalMs=201
[30m2026-08-27T14:37:26,109[m [32mINFO  [m[[1;34mhttp-nio-8080-exec-4[m] [36mRestClientUtils[m - Client [POST] http://operaciones-fracciones-contado-back-service/operations-fractionation-api/v1/fractionation/batch
[30m2026-08-27T14:37:27,841[m [32mINFO  [m[[1;34mhttp-nio-8080-exec-4[m] [36mFractionationCountedServiceImpl[m - PERF_ASSIGNMENT_BATCH service=cmd batchId=1292dd73-0d86-45f3-86c8-e105cd77cb0c mode=RAW_VALIDATED configuredMaxBatchSize=80 receivedBatchSize=50 processedCount=50 successCount=50 failureCount=0 fractionationMs=1732 totalMs=1732
[30m2026-08-27T14:37:27,841[m [32mINFO  [m[[1;34mhttp-nio-8080-exec-4[m] [36mFractionationCountedServiceImpl[m - PERF_ASSIGNMENT_BATCH service=cmd batchId=1292dd73-0d86-45f3-86c8-e105cd77cb0c mode=RAW configuredMaxBatchSize=80 receivedBatchSize=50 validCount=50 invalidCount=0 sentToFractionationCount=50 successCount=50 failureCount=0 totalMs=1934
[30m2026-08-27T14:37:27,843[m [32mINFO  [m[[1;34mhttp-nio-8080-exec-4[m] [36mGlobalFilter[m - Request [POST /operations-cmd-api/v1/fractionation/counted-operation/batch] completed in 1938 ms with status 200
[30m2026-08-27T14:37:27,865[m [32mINFO  [m[[1;34mhttp-nio-8080-exec-5[m] [36mGlobalFilter[m - ----------- Client User: operaciones-orquestador-ext-back ----------
[30m2026-08-27T14:37:28,018[m [32mINFO  [m[[1;34mhttp-nio-8080-exec-5[m] [36mValidateCountedFractionServiceImpl[m - Start method validateAccountFractionAssignmentV1, accountNumber -> 4021801, tradeId -> 1074341, sideId -> 1, originId -> 122, isLocalCorrection -> false
[30m2026-08-27T14:37:28,019[m [32mINFO  [m[[1;34mhttp-nio-8080-exec-5[m] [36mValidateCountedFractionServiceImpl[m - Searching participant account assignment for accountNumber -> 4021801, participantId -> 15, depositoryId -> 1
[30m2026-08-27T14:37:28,021[m [32mINFO  [m[[1;34mhttp-nio-8080-exec-5[m] [36mValidateCountedFractionServiceImpl[m - No participant account found for accountNumber -> 4021801
[30m2026-08-27T14:37:28,033[m [32mINFO  [m[[1;34mhttp-nio-8080-exec-5[m] [36mValidateCountedFractionServiceImpl[m - End method validateAccountFractionAssignmentV1, fractionAccountOutDto -> FractionAccountOutDto(participantAccount=null, investorAccount=InvestorAccountOutDto(id=57, investor=InvestorOutDto(id=167, code=CL00000001, firstName=Prueba Nombre 1, lastName=Prueba Nombre 2, companyName=TERCERO3509748, type=TypeOutDto(id=2, description=JURIDICO, category=PERSONA), status=StatusOutDto(id=515, description=ACTIVO, category=INVERSIONISTA, shortName=null), country=CountryOutDto(id=35, code=CL, name=CHILE, currency=CurrencyOutDto(id=30, code=CLP, name=PESO CHILENO), timeZone=UTC -3), documentNumber=8605303170, identificationType=IdentificationTypeOutDto(id=5, description=CEDULA DE CIUDADANÍA, code=CC), nationality=35, clearinghouseCode=null, gics=null, moneyLaunderingFlag=null, taxStatus=null), accountNumber=4021801, accountName=AMBIENTE 3  PRUEBA 3, status=StatusOutDto(id=570, description=ACTIVO, category=CUENTA_INVERSIONISTA, shortName=null), originType=TypeOutDto(id=120, description=TERCEROS, category=ORIGEN PUNTA), type=TypeOutDto(id=26, description=CUENTA DEPOSITO, category=CUENTA DEPOSITO), depository=DepositoryOutDto(id=1, description=DVL), participant=null, taxExemp=false), sourceQuoteType=TypeOutDto(id=120, description=TERCEROS, category=ORIGEN PUNTA), fiduciarySpecialist=false, jointAccount=false, masterAccount=false, custodian=null, milaDirectDepositor=null)
[30m2026-08-27T14:37:28,051[m [32mINFO  [m[[1;34mhttp-nio-8080-exec-5[m] [36mValidateCountedFractionServiceImpl[m - Start method validateQuantityFractionsV1, tradeId -> 1074341
[30m2026-08-27T14:37:28,051[m [32mINFO  [m[[1;34mhttp-nio-8080-exec-5[m] [36mValidateCountedFractionServiceImpl[m - Start method validateMaximumLimitFractionsV1
[30m2026-08-27T14:37:28,051[m [32mINFO  [m[[1;34mhttp-nio-8080-exec-5[m] [36mValidateCountedFractionServiceImpl[m - Start method validateQuantityFractionsV1, tradeId -> 1073215
[30m2026-08-27T14:37:28,051[m [32mINFO  [m[[1;34mhttp-nio-8080-exec-5[m] [36mValidateCountedFractionServiceImpl[m - Start method validateMaximumLimitFractionsV1
[30m2026-08-27T14:37:28,051[m [32mINFO  [m[[1;34mhttp-nio-8080-exec-5[m] [36mValidateCountedFractionServiceImpl[m - Start method validateQuantityFractionsV1, tradeId -> 1072832
[30m2026-08-27T14:37:28,051[m [32mINFO  [m[[1;34mhttp-nio-8080-exec-5[m] [36mValidateCountedFractionServiceImpl[m - Start method validateMaximumLimitFractionsV1
[30m2026-08-27T14:37:28,051[m [32mINFO  [m[[1;34mhttp-nio-8080-exec-5[m] [36mValidateCountedFractionServiceImpl[m - Start method validateQuantityFractionsV1, tradeId -> 1074342
[30m2026-08-27T14:37:28,051[m [32mINFO  [m[[1;34mhttp-nio-8080-exec-5[m] [36mValidateCountedFractionServiceImpl[m - Start method validateMaximumLimitFractionsV1
[30m2026-08-27T14:37:28,051[m [32mINFO  [m[[1;34mhttp-nio-8080-exec-5[m] [36mValidateCountedFractionServiceImpl[m - Start method validateQuantityFractionsV1, tradeId -> 1074343
[30m2026-08-27T14:37:28,051[m [32mINFO  [m[[1;34mhttp-nio-8080-exec-5[m] [36mValidateCountedFractionServiceImpl[m - Start method validateMaximumLimitFractionsV1
[30m2026-08-27T14:37:28,051[m [32mINFO  [m[[1;34mhttp-nio-8080-exec-5[m] [36mValidateCountedFractionServiceImpl[m - Start method validateQuantityFractionsV1, tradeId -> 1074344
[30m2026-08-27T14:37:28,051[m [32mINFO  [m[[1;34mhttp-nio-8080-exec-5[m] [36mValidateCountedFractionServiceImpl[m - Start method validateMaximumLimitFractionsV1
[30m2026-08-27T14:37:28,052[m [32mINFO  [m[[1;34mhttp-nio-8080-exec-5[m] [36mValidateCountedFractionServiceImpl[m - Start method validateQuantityFractionsV1, tradeId -> 1075120
[30m2026-08-27T14:37:28,052[m [32mINFO  [m[[1;34mhttp-nio-8080-exec-5[m] [36mValidateCountedFractionServiceImpl[m - Start method validateMaximumLimitFractionsV1
[30m2026-08-27T14:37:28,052[m [32mINFO  [m[[1;34mhttp-nio-8080-exec-5[m] [36mValidateCountedFractionServiceImpl[m - Start method validateQuantityFractionsV1, tradeId -> 1074345
[30m2026-08-27T14:37:28,052[m [32mINFO  [m[[1;34mhttp-nio-8080-exec-5[m] [36mValidateCountedFractionServiceImpl[m - Start method validateMaximumLimitFractionsV1
[30m2026-08-27T14:37:28,052[m [32mINFO  [m[[1;34mhttp-nio-8080-exec-5[m] [36mValidateCountedFractionServiceImpl[m - Start method validateQuantityFractionsV1, tradeId -> 1072833
[30m2026-08-27T14:37:28,052[m [32mINFO  [m[[1;34mhttp-nio-8080-exec-5[m] [36mValidateCountedFractionServiceImpl[m - Start method validateMaximumLimitFractionsV1
[30m2026-08-27T14:37:28,052[m [32mINFO  [m[[1;34mhttp-nio-8080-exec-5[m] [36mValidateCountedFractionServiceImpl[m - Start method validateQuantityFractionsV1, tradeId -> 1075121
[30m2026-08-27T14:37:28,052[m [32mINFO  [m[[1;34mhttp-nio-8080-exec-5[m] [36mValidateCountedFractionServiceImpl[m - Start method validateMaximumLimitFractionsV1
[30m2026-08-27T14:37:28,052[m [32mINFO  [m[[1;34mhttp-nio-8080-exec-5[m] [36mValidateCountedFractionServiceImpl[m - Start method validateQuantityFractionsV1, tradeId -> 1073216
[30m2026-08-27T14:37:28,052[m [32mINFO  [m[[1;34mhttp-nio-8080-exec-5[m] [36mValidateCountedFractionServiceImpl[m - Start method validateMaximumLimitFractionsV1
[30m2026-08-27T14:37:28,052[m [32mINFO  [m[[1;34mhttp-nio-8080-exec-5[m] [36mValidateCountedFractionServiceImpl[m - Start method validateQuantityFractionsV1, tradeId -> 1072834
[30m2026-08-27T14:37:28,052[m [32mINFO  [m[[1;34mhttp-nio-8080-exec-5[m] [36mValidateCountedFractionServiceImpl[m - Start method validateMaximumLimitFractionsV1
[30m2026-08-27T14:37:28,052[m [32mINFO  [m[[1;34mhttp-nio-8080-exec-5[m] [36mValidateCountedFractionServiceImpl[m - Start method validateQuantityFractionsV1, tradeId -> 1075122
[30m2026-08-27T14:37:28,052[m [32mINFO  [m[[1;34mhttp-nio-8080-exec-5[m] [36mValidateCountedFractionServiceImpl[m - Start method validateMaximumLimitFractionsV1
[30m2026-08-27T14:37:28,052[m [32mINFO  [m[[1;34mhttp-nio-8080-exec-5[m] [36mValidateCountedFractionServiceImpl[m - Start method validateQuantityFractionsV1, tradeId -> 1068224
[30m2026-08-27T14:37:28,052[m [32mINFO  [m[[1;34mhttp-nio-8080-exec-5[m] [36mValidateCountedFractionServiceImpl[m - Start method validateMaximumLimitFractionsV1
[30m2026-08-27T14:37:28,052[m [32mINFO  [m[[1;34mhttp-nio-8080-exec-5[m] [36mValidateCountedFractionServiceImpl[m - Start method validateQuantityFractionsV1, tradeId -> 1072835
[30m2026-08-27T14:37:28,052[m [32mINFO  [m[[1;34mhttp-nio-8080-exec-5[m] [36mValidateCountedFractionServiceImpl[m - Start method validateMaximumLimitFractionsV1
[30m2026-08-27T14:37:28,052[m [32mINFO  [m[[1;34mhttp-nio-8080-exec-5[m] [36mValidateCountedFractionServiceImpl[m - Start method validateQuantityFractionsV1, tradeId -> 1074346
[30m2026-08-27T14:37:28,052[m [32mINFO  [m[[1;34mhttp-nio-8080-exec-5[m] [36mValidateCountedFractionServiceImpl[m - Start method validateMaximumLimitFractionsV1
[30m2026-08-27T14:37:28,052[m [32mINFO  [m[[1;34mhttp-nio-8080-exec-5[m] [36mValidateCountedFractionServiceImpl[m - Start method validateQuantityFractionsV1, tradeId -> 1072836
[30m2026-08-27T14:37:28,052[m [32mINFO  [m[[1;34mhttp-nio-8080-exec-5[m] [36mValidateCountedFractionServiceImpl[m - Start method validateMaximumLimitFractionsV1
[30m2026-08-27T14:37:28,052[m [32mINFO  [m[[1;34mhttp-nio-8080-exec-5[m] [36mValidateCountedFractionServiceImpl[m - Start method validateQuantityFractionsV1, tradeId -> 1074347
[30m2026-08-27T14:37:28,052[m [32mINFO  [m[[1;34mhttp-nio-8080-exec-5[m] [36mValidateCountedFractionServiceImpl[m - Start method validateMaximumLimitFractionsV1
[30m2026-08-27T14:37:28,052[m [32mINFO  [m[[1;34mhttp-nio-8080-exec-5[m] [36mValidateCountedFractionServiceImpl[m - Start method validateQuantityFractionsV1, tradeId -> 1075123
[30m2026-08-27T14:37:28,052[m [32mINFO  [m[[1;34mhttp-nio-8080-exec-5[m] [36mValidateCountedFractionServiceImpl[m - Start method validateMaximumLimitFractionsV1
[30m2026-08-27T14:37:28,052[m [32mINFO  [m[[1;34mhttp-nio-8080-exec-5[m] [36mValidateCountedFractionServiceImpl[m - Start method validateQuantityFractionsV1, tradeId -> 1072837
[30m2026-08-27T14:37:28,052[m [32mINFO  [m[[1;34mhttp-nio-8080-exec-5[m] [36mValidateCountedFractionServiceImpl[m - Start method validateMaximumLimitFractionsV1
[30m2026-08-27T14:37:28,052[m [32mINFO  [m[[1;34mhttp-nio-8080-exec-5[m] [36mValidateCountedFractionServiceImpl[m - Start method validateQuantityFractionsV1, tradeId -> 1074348
[30m2026-08-27T14:37:28,052[m [32mINFO  [m[[1;34mhttp-nio-8080-exec-5[m] [36mValidateCountedFractionServiceImpl[m - Start method validateMaximumLimitFractionsV1
[30m2026-08-27T14:37:28,052[m [32mINFO  [m[[1;34mhttp-nio-8080-exec-5[m] [36mValidateCountedFractionServiceImpl[m - Start method validateQuantityFractionsV1, tradeId -> 1068225
[30m2026-08-27T14:37:28,052[m [32mINFO  [m[[1;34mhttp-nio-8080-exec-5[m] [36mValidateCountedFractionServiceImpl[m - Start method validateMaximumLimitFractionsV1
[30m2026-08-27T14:37:28,052[m [32mINFO  [m[[1;34mhttp-nio-8080-exec-5[m] [36mValidateCountedFractionServiceImpl[m - Start method validateQuantityFractionsV1, tradeId -> 1072853
[30m2026-08-27T14:37:28,052[m [32mINFO  [m[[1;34mhttp-nio-8080-exec-5[m] [36mValidateCountedFractionServiceImpl[m - Start method validateMaximumLimitFractionsV1
[30m2026-08-27T14:37:28,052[m [32mINFO  [m[[1;34mhttp-nio-8080-exec-5[m] [36mValidateCountedFractionServiceImpl[m - Start method validateQuantityFractionsV1, tradeId -> 1068242
[30m2026-08-27T14:37:28,052[m [32mINFO  [m[[1;34mhttp-nio-8080-exec-5[m] [36mValidateCountedFractionServiceImpl[m - Start method validateMaximumLimitFractionsV1
[30m2026-08-27T14:37:28,052[m [32mINFO  [m[[1;34mhttp-nio-8080-exec-5[m] [36mValidateCountedFractionServiceImpl[m - Start method validateQuantityFractionsV1, tradeId -> 1074360
[30m2026-08-27T14:37:28,052[m [32mINFO  [m[[1;34mhttp-nio-8080-exec-5[m] [36mValidateCountedFractionServiceImpl[m - Start method validateMaximumLimitFractionsV1
[30m2026-08-27T14:37:28,052[m [32mINFO  [m[[1;34mhttp-nio-8080-exec-5[m] [36mValidateCountedFractionServiceImpl[m - Start method validateQuantityFractionsV1, tradeId -> 1074361
[30m2026-08-27T14:37:28,053[m [32mINFO  [m[[1;34mhttp-nio-8080-exec-5[m] [36mValidateCountedFractionServiceImpl[m - Start method validateMaximumLimitFractionsV1
[30m2026-08-27T14:37:28,053[m [32mINFO  [m[[1;34mhttp-nio-8080-exec-5[m] [36mValidateCountedFractionServiceImpl[m - Start method validateQuantityFractionsV1, tradeId -> 1073228
[30m2026-08-27T14:37:28,053[m [32mINFO  [m[[1;34mhttp-nio-8080-exec-5[m] [36mValidateCountedFractionServiceImpl[m - Start method validateMaximumLimitFractionsV1
[30m2026-08-27T14:37:28,053[m [32mINFO  [m[[1;34mhttp-nio-8080-exec-5[m] [36mValidateCountedFractionServiceImpl[m - Start method validateQuantityFractionsV1, tradeId -> 1068243
[30m2026-08-27T14:37:28,053[m [32mINFO  [m[[1;34mhttp-nio-8080-exec-5[m] [36mValidateCountedFractionServiceImpl[m - Start method validateMaximumLimitFractionsV1
[30m2026-08-27T14:37:28,053[m [32mINFO  [m[[1;34mhttp-nio-8080-exec-5[m] [36mValidateCountedFractionServiceImpl[m - Start method validateQuantityFractionsV1, tradeId -> 1073229
[30m2026-08-27T14:37:28,053[m [32mINFO  [m[[1;34mhttp-nio-8080-exec-5[m] [36mValidateCountedFractionServiceImpl[m - Start method validateMaximumLimitFractionsV1
[30m2026-08-27T14:37:28,053[m [32mINFO  [m[[1;34mhttp-nio-8080-exec-5[m] [36mValidateCountedFractionServiceImpl[m - Start method validateQuantityFractionsV1, tradeId -> 1075134
[30m2026-08-27T14:37:28,053[m [32mINFO  [m[[1;34mhttp-nio-8080-exec-5[m] [36mValidateCountedFractionServiceImpl[m - Start method validateMaximumLimitFractionsV1
[30m2026-08-27T14:37:28,053[m [32mINFO  [m[[1;34mhttp-nio-8080-exec-5[m] [36mValidateCountedFractionServiceImpl[m - Start method validateQuantityFractionsV1, tradeId -> 1073230
[30m2026-08-27T14:37:28,053[m [32mINFO  [m[[1;34mhttp-nio-8080-exec-5[m] [36mValidateCountedFractionServiceImpl[m - Start method validateMaximumLimitFractionsV1
[30m2026-08-27T14:37:28,053[m [32mINFO  [m[[1;34mhttp-nio-8080-exec-5[m] [36mValidateCountedFractionServiceImpl[m - Start method validateQuantityFractionsV1, tradeId -> 1074362
[30m2026-08-27T14:37:28,053[m [32mINFO  [m[[1;34mhttp-nio-8080-exec-5[m] [36mValidateCountedFractionServiceImpl[m - Start method validateMaximumLimitFractionsV1
[30m2026-08-27T14:37:28,053[m [32mINFO  [m[[1;34mhttp-nio-8080-exec-5[m] [36mValidateCountedFractionServiceImpl[m - Start method validateQuantityFractionsV1, tradeId -> 1068244
[30m2026-08-27T14:37:28,053[m [32mINFO  [m[[1;34mhttp-nio-8080-exec-5[m] [36mValidateCountedFractionServiceImpl[m - Start method validateMaximumLimitFractionsV1
[30m2026-08-27T14:37:28,053[m [32mINFO  [m[[1;34mhttp-nio-8080-exec-5[m] [36mValidateCountedFractionServiceImpl[m - Start method validateQuantityFractionsV1, tradeId -> 1075135
[30m2026-08-27T14:37:28,053[m [32mINFO  [m[[1;34mhttp-nio-8080-exec-5[m] [36mValidateCountedFractionServiceImpl[m - Start method validateMaximumLimitFractionsV1
[30m2026-08-27T14:37:28,053[m [32mINFO  [m[[1;34mhttp-nio-8080-exec-5[m] [36mValidateCountedFractionServiceImpl[m - Start method validateQuantityFractionsV1, tradeId -> 1068245
[30m2026-08-27T14:37:28,053[m [32mINFO  [m[[1;34mhttp-nio-8080-exec-5[m] [36mValidateCountedFractionServiceImpl[m - Start method validateMaximumLimitFractionsV1
[30m2026-08-27T14:37:28,053[m [32mINFO  [m[[1;34mhttp-nio-8080-exec-5[m] [36mValidateCountedFractionServiceImpl[m - Start method validateQuantityFractionsV1, tradeId -> 1074363
[30m2026-08-27T14:37:28,053[m [32mINFO  [m[[1;34mhttp-nio-8080-exec-5[m] [36mValidateCountedFractionServiceImpl[m - Start method validateMaximumLimitFractionsV1
[30m2026-08-27T14:37:28,053[m [32mINFO  [m[[1;34mhttp-nio-8080-exec-5[m] [36mValidateCountedFractionServiceImpl[m - Start method validateQuantityFractionsV1, tradeId -> 1075136
[30m2026-08-27T14:37:28,053[m [32mINFO  [m[[1;34mhttp-nio-8080-exec-5[m] [36mValidateCountedFractionServiceImpl[m - Start method validateMaximumLimitFractionsV1
[30m2026-08-27T14:37:28,053[m [32mINFO  [m[[1;34mhttp-nio-8080-exec-5[m] [36mValidateCountedFractionServiceImpl[m - Start method validateQuantityFractionsV1, tradeId -> 1074364
[30m2026-08-27T14:37:28,053[m [32mINFO  [m[[1;34mhttp-nio-8080-exec-5[m] [36mValidateCountedFractionServiceImpl[m - Start method validateMaximumLimitFractionsV1
[30m2026-08-27T14:37:28,053[m [32mINFO  [m[[1;34mhttp-nio-8080-exec-5[m] [36mValidateCountedFractionServiceImpl[m - Start method validateQuantityFractionsV1, tradeId -> 1073231
[30m2026-08-27T14:37:28,053[m [32mINFO  [m[[1;34mhttp-nio-8080-exec-5[m] [36mValidateCountedFractionServiceImpl[m - Start method validateMaximumLimitFractionsV1
[30m2026-08-27T14:37:28,053[m [32mINFO  [m[[1;34mhttp-nio-8080-exec-5[m] [36mValidateCountedFractionServiceImpl[m - Start method validateQuantityFractionsV1, tradeId -> 1075137
[30m2026-08-27T14:37:28,053[m [32mINFO  [m[[1;34mhttp-nio-8080-exec-5[m] [36mValidateCountedFractionServiceImpl[m - Start method validateMaximumLimitFractionsV1
[30m2026-08-27T14:37:28,053[m [32mINFO  [m[[1;34mhttp-nio-8080-exec-5[m] [36mValidateCountedFractionServiceImpl[m - Start method validateQuantityFractionsV1, tradeId -> 1074365
[30m2026-08-27T14:37:28,054[m [32mINFO  [m[[1;34mhttp-nio-8080-exec-5[m] [36mValidateCountedFractionServiceImpl[m - Start method validateMaximumLimitFractionsV1
[30m2026-08-27T14:37:28,054[m [32mINFO  [m[[1;34mhttp-nio-8080-exec-5[m] [36mValidateCountedFractionServiceImpl[m - Start method validateQuantityFractionsV1, tradeId -> 1072854
[30m2026-08-27T14:37:28,054[m [32mINFO  [m[[1;34mhttp-nio-8080-exec-5[m] [36mValidateCountedFractionServiceImpl[m - Start method validateMaximumLimitFractionsV1
[30m2026-08-27T14:37:28,054[m [32mINFO  [m[[1;34mhttp-nio-8080-exec-5[m] [36mValidateCountedFractionServiceImpl[m - Start method validateQuantityFractionsV1, tradeId -> 1074366
[30m2026-08-27T14:37:28,054[m [32mINFO  [m[[1;34mhttp-nio-8080-exec-5[m] [36mValidateCountedFractionServiceImpl[m - Start method validateMaximumLimitFractionsV1
[30m2026-08-27T14:37:28,054[m [32mINFO  [m[[1;34mhttp-nio-8080-exec-5[m] [36mValidateCountedFractionServiceImpl[m - Start method validateQuantityFractionsV1, tradeId -> 1072855
[30m2026-08-27T14:37:28,054[m [32mINFO  [m[[1;34mhttp-nio-8080-exec-5[m] [36mValidateCountedFractionServiceImpl[m - Start method validateMaximumLimitFractionsV1
[30m2026-08-27T14:37:28,054[m [32mINFO  [m[[1;34mhttp-nio-8080-exec-5[m] [36mValidateCountedFractionServiceImpl[m - Start method validateQuantityFractionsV1, tradeId -> 1073239
[30m2026-08-27T14:37:28,054[m [32mINFO  [m[[1;34mhttp-nio-8080-exec-5[m] [36mValidateCountedFractionServiceImpl[m - Start method validateMaximumLimitFractionsV1
[30m2026-08-27T14:37:28,054[m [32mINFO  [m[[1;34mhttp-nio-8080-exec-5[m] [36mValidateCountedFractionServiceImpl[m - Start method validateQuantityFractionsV1, tradeId -> 1072859
[30m2026-08-27T14:37:28,054[m [32mINFO  [m[[1;34mhttp-nio-8080-exec-5[m] [36mValidateCountedFractionServiceImpl[m - Start method validateMaximumLimitFractionsV1
[30m2026-08-27T14:37:28,054[m [32mINFO  [m[[1;34mhttp-nio-8080-exec-5[m] [36mValidateCountedFractionServiceImpl[m - Start method validateQuantityFractionsV1, tradeId -> 1068248
[30m2026-08-27T14:37:28,054[m [32mINFO  [m[[1;34mhttp-nio-8080-exec-5[m] [36mValidateCountedFractionServiceImpl[m - Start method validateMaximumLimitFractionsV1
[30m2026-08-27T14:37:28,054[m [32mINFO  [m[[1;34mhttp-nio-8080-exec-5[m] [36mValidateCountedFractionServiceImpl[m - Start method validateQuantityFractionsV1, tradeId -> 1075143
[30m2026-08-27T14:37:28,054[m [32mINFO  [m[[1;34mhttp-nio-8080-exec-5[m] [36mValidateCountedFractionServiceImpl[m - Start method validateMaximumLimitFractionsV1
[30m2026-08-27T14:37:28,054[m [32mINFO  [m[[1;34mhttp-nio-8080-exec-5[m] [36mValidateCountedFractionServiceImpl[m - Start method validateQuantityFractionsV1, tradeId -> 1074370
[30m2026-08-27T14:37:28,054[m [32mINFO  [m[[1;34mhttp-nio-8080-exec-5[m] [36mValidateCountedFractionServiceImpl[m - Start method validateMaximumLimitFractionsV1
[30m2026-08-27T14:37:28,054[m [32mINFO  [m[[1;34mhttp-nio-8080-exec-5[m] [36mValidateCountedFractionServiceImpl[m - Start method validateQuantityFractionsV1, tradeId -> 1073240
[30m2026-08-27T14:37:28,054[m [32mINFO  [m[[1;34mhttp-nio-8080-exec-5[m] [36mValidateCountedFractionServiceImpl[m - Start method validateMaximumLimitFractionsV1
[30m2026-08-27T14:37:28,054[m [32mINFO  [m[[1;34mhttp-nio-8080-exec-5[m] [36mFractionationCountedServiceImpl[m - PERF_ASSIGNMENT_VALIDATION_BATCH batchId=c44c0bf7-caf7-4255-94f9-494459b04be4 inputCount=50 validCount=50 invalidCount=0 uniqueTrades=50 uniqueSides=1 uniqueParticipants=1 titleAccountResolutionRequests=50 titleAccountUniqueBusinessKeys=1 settlementLookupRequests=50 settlementUniqueTradeSides=50 settlementRepositoryCalls=1 settlementRowsLoaded=0 settlementPrefetchMs=3 cudLookupRequests=0 cudUniqueTradeSides=0 cudUniqueBusinessKeys=0 cudRepositoryCalls=0 cudRowsLoaded=0 cudPrefetchMs=0 tradePrefetchMs=136 sidePrefetchMs=0 participantPrefetchMs=11 accountResolutionMs=15 accountPrefetchMs=10 businessValidationMs=6 totalMs=184
[30m2026-08-27T14:37:28,055[m [32mINFO  [m[[1;34mhttp-nio-8080-exec-5[m] [36mRestClientUtils[m - Client [POST] http://operaciones-fracciones-contado-back-service/operations-fractionation-api/v1/fractionation/batch
[30m2026-08-27T14:37:29,932[m [32mINFO  [m[[1;34mhttp-nio-8080-exec-5[m] [36mFractionationCountedServiceImpl[m - PERF_ASSIGNMENT_BATCH service=cmd batchId=c44c0bf7-caf7-4255-94f9-494459b04be4 mode=RAW_VALIDATED configuredMaxBatchSize=80 receivedBatchSize=50 processedCount=50 successCount=50 failureCount=0 fractionationMs=1878 totalMs=1878
[30m2026-08-27T14:37:29,933[m [32mINFO  [m[[1;34mhttp-nio-8080-exec-5[m] [36mFractionationCountedServiceImpl[m - PERF_ASSIGNMENT_BATCH service=cmd batchId=c44c0bf7-caf7-4255-94f9-494459b04be4 mode=RAW configuredMaxBatchSize=80 receivedBatchSize=50 validCount=50 invalidCount=0 sentToFractionationCount=50 successCount=50 failureCount=0 totalMs=2062
[30m2026-08-27T14:37:29,934[m [32mINFO  [m[[1;34mhttp-nio-8080-exec-5[m] [36mGlobalFilter[m - Request [POST /operations-cmd-api/v1/fractionation/counted-operation/batch] completed in 2069 ms with status 200
[30m2026-08-27T14:37:29,959[m [32mINFO  [m[[1;34mhttp-nio-8080-exec-6[m] [36mGlobalFilter[m - ----------- Client User: operaciones-orquestador-ext-back ----------
[30m2026-08-27T14:37:30,138[m [32mINFO  [m[[1;34mhttp-nio-8080-exec-6[m] [36mValidateCountedFractionServiceImpl[m - Start method validateAccountFractionAssignmentV1, accountNumber -> 4021801, tradeId -> 1074371, sideId -> 1, originId -> 122, isLocalCorrection -> false
[30m2026-08-27T14:37:30,138[m [32mINFO  [m[[1;34mhttp-nio-8080-exec-6[m] [36mValidateCountedFractionServiceImpl[m - Searching participant account assignment for accountNumber -> 4021801, participantId -> 15, depositoryId -> 1
[30m2026-08-27T14:37:30,141[m [32mINFO  [m[[1;34mhttp-nio-8080-exec-6[m] [36mValidateCountedFractionServiceImpl[m - No participant account found for accountNumber -> 4021801
[30m2026-08-27T14:37:30,158[m [32mINFO  [m[[1;34mhttp-nio-8080-exec-6[m] [36mValidateCountedFractionServiceImpl[m - End method validateAccountFractionAssignmentV1, fractionAccountOutDto -> FractionAccountOutDto(participantAccount=null, investorAccount=InvestorAccountOutDto(id=57, investor=InvestorOutDto(id=167, code=CL00000001, firstName=Prueba Nombre 1, lastName=Prueba Nombre 2, companyName=TERCERO3509748, type=TypeOutDto(id=2, description=JURIDICO, category=PERSONA), status=StatusOutDto(id=515, description=ACTIVO, category=INVERSIONISTA, shortName=null), country=CountryOutDto(id=35, code=CL, name=CHILE, currency=CurrencyOutDto(id=30, code=CLP, name=PESO CHILENO), timeZone=UTC -3), documentNumber=8605303170, identificationType=IdentificationTypeOutDto(id=5, description=CEDULA DE CIUDADANÍA, code=CC), nationality=35, clearinghouseCode=null, gics=null, moneyLaunderingFlag=null, taxStatus=null), accountNumber=4021801, accountName=AMBIENTE 3  PRUEBA 3, status=StatusOutDto(id=570, description=ACTIVO, category=CUENTA_INVERSIONISTA, shortName=null), originType=TypeOutDto(id=120, description=TERCEROS, category=ORIGEN PUNTA), type=TypeOutDto(id=26, description=CUENTA DEPOSITO, category=CUENTA DEPOSITO), depository=DepositoryOutDto(id=1, description=DVL), participant=null, taxExemp=false), sourceQuoteType=TypeOutDto(id=120, description=TERCEROS, category=ORIGEN PUNTA), fiduciarySpecialist=false, jointAccount=false, masterAccount=false, custodian=null, milaDirectDepositor=null)
[30m2026-08-27T14:37:30,177[m [32mINFO  [m[[1;34mhttp-nio-8080-exec-6[m] [36mValidateCountedFractionServiceImpl[m - Start method validateQuantityFractionsV1, tradeId -> 1074371
[30m2026-08-27T14:37:30,177[m [32mINFO  [m[[1;34mhttp-nio-8080-exec-6[m] [36mValidateCountedFractionServiceImpl[m - Start method validateMaximumLimitFractionsV1
[30m2026-08-27T14:37:30,178[m [32mINFO  [m[[1;34mhttp-nio-8080-exec-6[m] [36mValidateCountedFractionServiceImpl[m - Start method validateQuantityFractionsV1, tradeId -> 1074372
[30m2026-08-27T14:37:30,178[m [32mINFO  [m[[1;34mhttp-nio-8080-exec-6[m] [36mValidateCountedFractionServiceImpl[m - Start method validateMaximumLimitFractionsV1
[30m2026-08-27T14:37:30,178[m [32mINFO  [m[[1;34mhttp-nio-8080-exec-6[m] [36mValidateCountedFractionServiceImpl[m - Start method validateQuantityFractionsV1, tradeId -> 1075144
[30m2026-08-27T14:37:30,178[m [32mINFO  [m[[1;34mhttp-nio-8080-exec-6[m] [36mValidateCountedFractionServiceImpl[m - Start method validateMaximumLimitFractionsV1
[30m2026-08-27T14:37:30,178[m [32mINFO  [m[[1;34mhttp-nio-8080-exec-6[m] [36mValidateCountedFractionServiceImpl[m - Start method validateQuantityFractionsV1, tradeId -> 1068249
[30m2026-08-27T14:37:30,178[m [32mINFO  [m[[1;34mhttp-nio-8080-exec-6[m] [36mValidateCountedFractionServiceImpl[m - Start method validateMaximumLimitFractionsV1
[30m2026-08-27T14:37:30,178[m [32mINFO  [m[[1;34mhttp-nio-8080-exec-6[m] [36mValidateCountedFractionServiceImpl[m - Start method validateQuantityFractionsV1, tradeId -> 1068250
[30m2026-08-27T14:37:30,178[m [32mINFO  [m[[1;34mhttp-nio-8080-exec-6[m] [36mValidateCountedFractionServiceImpl[m - Start method validateMaximumLimitFractionsV1
[30m2026-08-27T14:37:30,178[m [32mINFO  [m[[1;34mhttp-nio-8080-exec-6[m] [36mValidateCountedFractionServiceImpl[m - Start method validateQuantityFractionsV1, tradeId -> 1075145
[30m2026-08-27T14:37:30,178[m [32mINFO  [m[[1;34mhttp-nio-8080-exec-6[m] [36mValidateCountedFractionServiceImpl[m - Start method validateMaximumLimitFractionsV1
[30m2026-08-27T14:37:30,178[m [32mINFO  [m[[1;34mhttp-nio-8080-exec-6[m] [36mValidateCountedFractionServiceImpl[m - Start method validateQuantityFractionsV1, tradeId -> 1073241
[30m2026-08-27T14:37:30,178[m [32mINFO  [m[[1;34mhttp-nio-8080-exec-6[m] [36mValidateCountedFractionServiceImpl[m - Start method validateMaximumLimitFractionsV1
[30m2026-08-27T14:37:30,178[m [32mINFO  [m[[1;34mhttp-nio-8080-exec-6[m] [36mValidateCountedFractionServiceImpl[m - Start method validateQuantityFractionsV1, tradeId -> 1073242
[30m2026-08-27T14:37:30,178[m [32mINFO  [m[[1;34mhttp-nio-8080-exec-6[m] [36mValidateCountedFractionServiceImpl[m - Start method validateMaximumLimitFractionsV1
[30m2026-08-27T14:37:30,178[m [32mINFO  [m[[1;34mhttp-nio-8080-exec-6[m] [36mValidateCountedFractionServiceImpl[m - Start method validateQuantityFractionsV1, tradeId -> 1073243
[30m2026-08-27T14:37:30,179[m [32mINFO  [m[[1;34mhttp-nio-8080-exec-6[m] [36mValidateCountedFractionServiceImpl[m - Start method validateMaximumLimitFractionsV1
[30m2026-08-27T14:37:30,179[m [32mINFO  [m[[1;34mhttp-nio-8080-exec-6[m] [36mValidateCountedFractionServiceImpl[m - Start method validateQuantityFractionsV1, tradeId -> 1073244
[30m2026-08-27T14:37:30,179[m [32mINFO  [m[[1;34mhttp-nio-8080-exec-6[m] [36mValidateCountedFractionServiceImpl[m - Start method validateMaximumLimitFractionsV1
[30m2026-08-27T14:37:30,179[m [32mINFO  [m[[1;34mhttp-nio-8080-exec-6[m] [36mValidateCountedFractionServiceImpl[m - Start method validateQuantityFractionsV1, tradeId -> 1074373
[30m2026-08-27T14:37:30,179[m [32mINFO  [m[[1;34mhttp-nio-8080-exec-6[m] [36mValidateCountedFractionServiceImpl[m - Start method validateMaximumLimitFractionsV1
[30m2026-08-27T14:37:30,180[m [32mINFO  [m[[1;34mhttp-nio-8080-exec-6[m] [36mValidateCountedFractionServiceImpl[m - Start method validateQuantityFractionsV1, tradeId -> 1075146
[30m2026-08-27T14:37:30,180[m [32mINFO  [m[[1;34mhttp-nio-8080-exec-6[m] [36mValidateCountedFractionServiceImpl[m - Start method validateMaximumLimitFractionsV1
[30m2026-08-27T14:37:30,180[m [32mINFO  [m[[1;34mhttp-nio-8080-exec-6[m] [36mValidateCountedFractionServiceImpl[m - Start method validateQuantityFractionsV1, tradeId -> 1072860
[30m2026-08-27T14:37:30,180[m [32mINFO  [m[[1;34mhttp-nio-8080-exec-6[m] [36mValidateCountedFractionServiceImpl[m - Start method validateMaximumLimitFractionsV1
[30m2026-08-27T14:37:30,180[m [32mINFO  [m[[1;34mhttp-nio-8080-exec-6[m] [36mValidateCountedFractionServiceImpl[m - Start method validateQuantityFractionsV1, tradeId -> 1068251
[30m2026-08-27T14:37:30,180[m [32mINFO  [m[[1;34mhttp-nio-8080-exec-6[m] [36mValidateCountedFractionServiceImpl[m - Start method validateMaximumLimitFractionsV1
[30m2026-08-27T14:37:30,180[m [32mINFO  [m[[1;34mhttp-nio-8080-exec-6[m] [36mValidateCountedFractionServiceImpl[m - Start method validateQuantityFractionsV1, tradeId -> 1068257
[30m2026-08-27T14:37:30,180[m [32mINFO  [m[[1;34mhttp-nio-8080-exec-6[m] [36mValidateCountedFractionServiceImpl[m - Start method validateMaximumLimitFractionsV1
[30m2026-08-27T14:37:30,180[m [32mINFO  [m[[1;34mhttp-nio-8080-exec-6[m] [36mValidateCountedFractionServiceImpl[m - Start method validateQuantityFractionsV1, tradeId -> 1072864
[30m2026-08-27T14:37:30,180[m [32mINFO  [m[[1;34mhttp-nio-8080-exec-6[m] [36mValidateCountedFractionServiceImpl[m - Start method validateMaximumLimitFractionsV1
[30m2026-08-27T14:37:30,180[m [32mINFO  [m[[1;34mhttp-nio-8080-exec-6[m] [36mValidateCountedFractionServiceImpl[m - Start method validateQuantityFractionsV1, tradeId -> 1072865
[30m2026-08-27T14:37:30,180[m [32mINFO  [m[[1;34mhttp-nio-8080-exec-6[m] [36mValidateCountedFractionServiceImpl[m - Start method validateMaximumLimitFractionsV1
[30m2026-08-27T14:37:30,180[m [32mINFO  [m[[1;34mhttp-nio-8080-exec-6[m] [36mValidateCountedFractionServiceImpl[m - Start method validateQuantityFractionsV1, tradeId -> 1072866
[30m2026-08-27T14:37:30,180[m [32mINFO  [m[[1;34mhttp-nio-8080-exec-6[m] [36mValidateCountedFractionServiceImpl[m - Start method validateMaximumLimitFractionsV1
[30m2026-08-27T14:37:30,180[m [32mINFO  [m[[1;34mhttp-nio-8080-exec-6[m] [36mValidateCountedFractionServiceImpl[m - Start method validateQuantityFractionsV1, tradeId -> 1072867
[30m2026-08-27T14:37:30,180[m [32mINFO  [m[[1;34mhttp-nio-8080-exec-6[m] [36mValidateCountedFractionServiceImpl[m - Start method validateMaximumLimitFractionsV1
[30m2026-08-27T14:37:30,180[m [32mINFO  [m[[1;34mhttp-nio-8080-exec-6[m] [36mValidateCountedFractionServiceImpl[m - Start method validateQuantityFractionsV1, tradeId -> 1068258
[30m2026-08-27T14:37:30,180[m [32mINFO  [m[[1;34mhttp-nio-8080-exec-6[m] [36mValidateCountedFractionServiceImpl[m - Start method validateMaximumLimitFractionsV1
[30m2026-08-27T14:37:30,180[m [32mINFO  [m[[1;34mhttp-nio-8080-exec-6[m] [36mValidateCountedFractionServiceImpl[m - Start method validateQuantityFractionsV1, tradeId -> 1075153
[30m2026-08-27T14:37:30,181[m [32mINFO  [m[[1;34mhttp-nio-8080-exec-6[m] [36mValidateCountedFractionServiceImpl[m - Start method validateMaximumLimitFractionsV1
[30m2026-08-27T14:37:30,181[m [32mINFO  [m[[1;34mhttp-nio-8080-exec-6[m] [36mValidateCountedFractionServiceImpl[m - Start method validateQuantityFractionsV1, tradeId -> 1073250
[30m2026-08-27T14:37:30,181[m [32mINFO  [m[[1;34mhttp-nio-8080-exec-6[m] [36mValidateCountedFractionServiceImpl[m - Start method validateMaximumLimitFractionsV1
[30m2026-08-27T14:37:30,181[m [32mINFO  [m[[1;34mhttp-nio-8080-exec-6[m] [36mValidateCountedFractionServiceImpl[m - Start method validateQuantityFractionsV1, tradeId -> 1068259
[30m2026-08-27T14:37:30,181[m [32mINFO  [m[[1;34mhttp-nio-8080-exec-6[m] [36mValidateCountedFractionServiceImpl[m - Start method validateMaximumLimitFractionsV1
[30m2026-08-27T14:37:30,181[m [32mINFO  [m[[1;34mhttp-nio-8080-exec-6[m] [36mValidateCountedFractionServiceImpl[m - Start method validateQuantityFractionsV1, tradeId -> 1073251
[30m2026-08-27T14:37:30,181[m [32mINFO  [m[[1;34mhttp-nio-8080-exec-6[m] [36mValidateCountedFractionServiceImpl[m - Start method validateMaximumLimitFractionsV1
[30m2026-08-27T14:37:30,181[m [32mINFO  [m[[1;34mhttp-nio-8080-exec-6[m] [36mValidateCountedFractionServiceImpl[m - Start method validateQuantityFractionsV1, tradeId -> 1074376
[30m2026-08-27T14:37:30,181[m [32mINFO  [m[[1;34mhttp-nio-8080-exec-6[m] [36mValidateCountedFractionServiceImpl[m - Start method validateMaximumLimitFractionsV1
[30m2026-08-27T14:37:30,181[m [32mINFO  [m[[1;34mhttp-nio-8080-exec-6[m] [36mValidateCountedFractionServiceImpl[m - Start method validateQuantityFractionsV1, tradeId -> 1075154
[30m2026-08-27T14:37:30,181[m [32mINFO  [m[[1;34mhttp-nio-8080-exec-6[m] [36mValidateCountedFractionServiceImpl[m - Start method validateMaximumLimitFractionsV1
[30m2026-08-27T14:37:30,181[m [32mINFO  [m[[1;34mhttp-nio-8080-exec-6[m] [36mValidateCountedFractionServiceImpl[m - Start method validateQuantityFractionsV1, tradeId -> 1075155
[30m2026-08-27T14:37:30,181[m [32mINFO  [m[[1;34mhttp-nio-8080-exec-6[m] [36mValidateCountedFractionServiceImpl[m - Start method validateMaximumLimitFractionsV1
[30m2026-08-27T14:37:30,181[m [32mINFO  [m[[1;34mhttp-nio-8080-exec-6[m] [36mValidateCountedFractionServiceImpl[m - Start method validateQuantityFractionsV1, tradeId -> 1068260
[30m2026-08-27T14:37:30,181[m [32mINFO  [m[[1;34mhttp-nio-8080-exec-6[m] [36mValidateCountedFractionServiceImpl[m - Start method validateMaximumLimitFractionsV1
[30m2026-08-27T14:37:30,181[m [32mINFO  [m[[1;34mhttp-nio-8080-exec-6[m] [36mValidateCountedFractionServiceImpl[m - Start method validateQuantityFractionsV1, tradeId -> 1072868
[30m2026-08-27T14:37:30,181[m [32mINFO  [m[[1;34mhttp-nio-8080-exec-6[m] [36mValidateCountedFractionServiceImpl[m - Start method validateMaximumLimitFractionsV1
[30m2026-08-27T14:37:30,181[m [32mINFO  [m[[1;34mhttp-nio-8080-exec-6[m] [36mValidateCountedFractionServiceImpl[m - Start method validateQuantityFractionsV1, tradeId -> 1072869
[30m2026-08-27T14:37:30,181[m [32mINFO  [m[[1;34mhttp-nio-8080-exec-6[m] [36mValidateCountedFractionServiceImpl[m - Start method validateMaximumLimitFractionsV1
[30m2026-08-27T14:37:30,181[m [32mINFO  [m[[1;34mhttp-nio-8080-exec-6[m] [36mValidateCountedFractionServiceImpl[m - Start method validateQuantityFractionsV1, tradeId -> 1072870
[30m2026-08-27T14:37:30,181[m [32mINFO  [m[[1;34mhttp-nio-8080-exec-6[m] [36mValidateCountedFractionServiceImpl[m - Start method validateMaximumLimitFractionsV1
[30m2026-08-27T14:37:30,181[m [32mINFO  [m[[1;34mhttp-nio-8080-exec-6[m] [36mValidateCountedFractionServiceImpl[m - Start method validateQuantityFractionsV1, tradeId -> 1074377
[30m2026-08-27T14:37:30,182[m [32mINFO  [m[[1;34mhttp-nio-8080-exec-6[m] [36mValidateCountedFractionServiceImpl[m - Start method validateMaximumLimitFractionsV1
[30m2026-08-27T14:37:30,182[m [32mINFO  [m[[1;34mhttp-nio-8080-exec-6[m] [36mValidateCountedFractionServiceImpl[m - Start method validateQuantityFractionsV1, tradeId -> 1073252
[30m2026-08-27T14:37:30,182[m [32mINFO  [m[[1;34mhttp-nio-8080-exec-6[m] [36mValidateCountedFractionServiceImpl[m - Start method validateMaximumLimitFractionsV1
[30m2026-08-27T14:37:30,182[m [32mINFO  [m[[1;34mhttp-nio-8080-exec-6[m] [36mValidateCountedFractionServiceImpl[m - Start method validateQuantityFractionsV1, tradeId -> 1073253
[30m2026-08-27T14:37:30,182[m [32mINFO  [m[[1;34mhttp-nio-8080-exec-6[m] [36mValidateCountedFractionServiceImpl[m - Start method validateMaximumLimitFractionsV1
[30m2026-08-27T14:37:30,182[m [32mINFO  [m[[1;34mhttp-nio-8080-exec-6[m] [36mValidateCountedFractionServiceImpl[m - Start method validateQuantityFractionsV1, tradeId -> 1075156
[30m2026-08-27T14:37:30,182[m [32mINFO  [m[[1;34mhttp-nio-8080-exec-6[m] [36mValidateCountedFractionServiceImpl[m - Start method validateMaximumLimitFractionsV1
[30m2026-08-27T14:37:30,182[m [32mINFO  [m[[1;34mhttp-nio-8080-exec-6[m] [36mValidateCountedFractionServiceImpl[m - Start method validateQuantityFractionsV1, tradeId -> 1073254
[30m2026-08-27T14:37:30,182[m [32mINFO  [m[[1;34mhttp-nio-8080-exec-6[m] [36mValidateCountedFractionServiceImpl[m - Start method validateMaximumLimitFractionsV1
[30m2026-08-27T14:37:30,182[m [32mINFO  [m[[1;34mhttp-nio-8080-exec-6[m] [36mValidateCountedFractionServiceImpl[m - Start method validateQuantityFractionsV1, tradeId -> 1074381
[30m2026-08-27T14:37:30,182[m [32mINFO  [m[[1;34mhttp-nio-8080-exec-6[m] [36mValidateCountedFractionServiceImpl[m - Start method validateMaximumLimitFractionsV1
[30m2026-08-27T14:37:30,182[m [32mINFO  [m[[1;34mhttp-nio-8080-exec-6[m] [36mValidateCountedFractionServiceImpl[m - Start method validateQuantityFractionsV1, tradeId -> 1068269
[30m2026-08-27T14:37:30,182[m [32mINFO  [m[[1;34mhttp-nio-8080-exec-6[m] [36mValidateCountedFractionServiceImpl[m - Start method validateMaximumLimitFractionsV1
[30m2026-08-27T14:37:30,182[m [32mINFO  [m[[1;34mhttp-nio-8080-exec-6[m] [36mValidateCountedFractionServiceImpl[m - Start method validateQuantityFractionsV1, tradeId -> 1072873
[30m2026-08-27T14:37:30,182[m [32mINFO  [m[[1;34mhttp-nio-8080-exec-6[m] [36mValidateCountedFractionServiceImpl[m - Start method validateMaximumLimitFractionsV1
[30m2026-08-27T14:37:30,182[m [32mINFO  [m[[1;34mhttp-nio-8080-exec-6[m] [36mValidateCountedFractionServiceImpl[m - Start method validateQuantityFractionsV1, tradeId -> 1068270
[30m2026-08-27T14:37:30,182[m [32mINFO  [m[[1;34mhttp-nio-8080-exec-6[m] [36mValidateCountedFractionServiceImpl[m - Start method validateMaximumLimitFractionsV1
[30m2026-08-27T14:37:30,182[m [32mINFO  [m[[1;34mhttp-nio-8080-exec-6[m] [36mValidateCountedFractionServiceImpl[m - Start method validateQuantityFractionsV1, tradeId -> 1072874
[30m2026-08-27T14:37:30,183[m [32mINFO  [m[[1;34mhttp-nio-8080-exec-6[m] [36mValidateCountedFractionServiceImpl[m - Start method validateMaximumLimitFractionsV1
[30m2026-08-27T14:37:30,183[m [32mINFO  [m[[1;34mhttp-nio-8080-exec-6[m] [36mValidateCountedFractionServiceImpl[m - Start method validateQuantityFractionsV1, tradeId -> 1074382
[30m2026-08-27T14:37:30,183[m [32mINFO  [m[[1;34mhttp-nio-8080-exec-6[m] [36mValidateCountedFractionServiceImpl[m - Start method validateMaximumLimitFractionsV1
[30m2026-08-27T14:37:30,183[m [32mINFO  [m[[1;34mhttp-nio-8080-exec-6[m] [36mValidateCountedFractionServiceImpl[m - Start method validateQuantityFractionsV1, tradeId -> 1068271
[30m2026-08-27T14:37:30,183[m [32mINFO  [m[[1;34mhttp-nio-8080-exec-6[m] [36mValidateCountedFractionServiceImpl[m - Start method validateMaximumLimitFractionsV1
[30m2026-08-27T14:37:30,183[m [32mINFO  [m[[1;34mhttp-nio-8080-exec-6[m] [36mValidateCountedFractionServiceImpl[m - Start method validateQuantityFractionsV1, tradeId -> 1068272
[30m2026-08-27T14:37:30,183[m [32mINFO  [m[[1;34mhttp-nio-8080-exec-6[m] [36mValidateCountedFractionServiceImpl[m - Start method validateMaximumLimitFractionsV1
[30m2026-08-27T14:37:30,183[m [32mINFO  [m[[1;34mhttp-nio-8080-exec-6[m] [36mValidateCountedFractionServiceImpl[m - Start method validateQuantityFractionsV1, tradeId -> 1075165
[30m2026-08-27T14:37:30,183[m [32mINFO  [m[[1;34mhttp-nio-8080-exec-6[m] [36mValidateCountedFractionServiceImpl[m - Start method validateMaximumLimitFractionsV1
[30m2026-08-27T14:37:30,183[m [32mINFO  [m[[1;34mhttp-nio-8080-exec-6[m] [36mValidateCountedFractionServiceImpl[m - Start method validateQuantityFractionsV1, tradeId -> 1073257
[30m2026-08-27T14:37:30,183[m [32mINFO  [m[[1;34mhttp-nio-8080-exec-6[m] [36mValidateCountedFractionServiceImpl[m - Start method validateMaximumLimitFractionsV1
[30m2026-08-27T14:37:30,183[m [32mINFO  [m[[1;34mhttp-nio-8080-exec-6[m] [36mValidateCountedFractionServiceImpl[m - Start method validateQuantityFractionsV1, tradeId -> 1075168
[30m2026-08-27T14:37:30,183[m [32mINFO  [m[[1;34mhttp-nio-8080-exec-6[m] [36mValidateCountedFractionServiceImpl[m - Start method validateMaximumLimitFractionsV1
[30m2026-08-27T14:37:30,183[m [32mINFO  [m[[1;34mhttp-nio-8080-exec-6[m] [36mValidateCountedFractionServiceImpl[m - Start method validateQuantityFractionsV1, tradeId -> 1075169
[30m2026-08-27T14:37:30,183[m [32mINFO  [m[[1;34mhttp-nio-8080-exec-6[m] [36mValidateCountedFractionServiceImpl[m - Start method validateMaximumLimitFractionsV1
[30m2026-08-27T14:37:30,183[m [32mINFO  [m[[1;34mhttp-nio-8080-exec-6[m] [36mValidateCountedFractionServiceImpl[m - Start method validateQuantityFractionsV1, tradeId -> 1068277
[30m2026-08-27T14:37:30,183[m [32mINFO  [m[[1;34mhttp-nio-8080-exec-6[m] [36mValidateCountedFractionServiceImpl[m - Start method validateMaximumLimitFractionsV1
[30m2026-08-27T14:37:30,183[m [32mINFO  [m[[1;34mhttp-nio-8080-exec-6[m] [36mValidateCountedFractionServiceImpl[m - Start method validateQuantityFractionsV1, tradeId -> 1073260
[30m2026-08-27T14:37:30,183[m [32mINFO  [m[[1;34mhttp-nio-8080-exec-6[m] [36mValidateCountedFractionServiceImpl[m - Start method validateMaximumLimitFractionsV1
[30m2026-08-27T14:37:30,183[m [32mINFO  [m[[1;34mhttp-nio-8080-exec-6[m] [36mFractionationCountedServiceImpl[m - PERF_ASSIGNMENT_VALIDATION_BATCH batchId=73e2df3d-322a-490b-9351-d41817dfe0fd inputCount=50 validCount=50 invalidCount=0 uniqueTrades=50 uniqueSides=1 uniqueParticipants=1 titleAccountResolutionRequests=50 titleAccountUniqueBusinessKeys=1 settlementLookupRequests=50 settlementUniqueTradeSides=50 settlementRepositoryCalls=1 settlementRowsLoaded=0 settlementPrefetchMs=3 cudLookupRequests=0 cudUniqueTradeSides=0 cudUniqueBusinessKeys=0 cudRepositoryCalls=0 cudRowsLoaded=0 cudPrefetchMs=0 tradePrefetchMs=164 sidePrefetchMs=0 participantPrefetchMs=12 accountResolutionMs=21 accountPrefetchMs=11 businessValidationMs=8 totalMs=222
[30m2026-08-27T14:37:30,183[m [32mINFO  [m[[1;34mhttp-nio-8080-exec-6[m] [36mRestClientUtils[m - Client [POST] http://operaciones-fracciones-contado-back-service/operations-fractionation-api/v1/fractionation/batch
[30m2026-08-27T14:37:31,989[m [32mINFO  [m[[1;34mhttp-nio-8080-exec-6[m] [36mFractionationCountedServiceImpl[m - PERF_ASSIGNMENT_BATCH service=cmd batchId=73e2df3d-322a-490b-9351-d41817dfe0fd mode=RAW_VALIDATED configuredMaxBatchSize=80 receivedBatchSize=50 processedCount=50 successCount=50 failureCount=0 fractionationMs=1805 totalMs=1805
[30m2026-08-27T14:37:31,989[m [32mINFO  [m[[1;34mhttp-nio-8080-exec-6[m] [36mFractionationCountedServiceImpl[m - PERF_ASSIGNMENT_BATCH service=cmd batchId=73e2df3d-322a-490b-9351-d41817dfe0fd mode=RAW configuredMaxBatchSize=80 receivedBatchSize=50 validCount=50 invalidCount=0 sentToFractionationCount=50 successCount=50 failureCount=0 totalMs=2028
[30m2026-08-27T14:37:31,990[m [32mINFO  [m[[1;34mhttp-nio-8080-exec-6[m] [36mGlobalFilter[m - Request [POST /operations-cmd-api/v1/fractionation/counted-operation/batch] completed in 2032 ms with status 200
[30m2026-08-27T14:37:32,022[m [32mINFO  [m[[1;34mhttp-nio-8080-exec-8[m] [36mGlobalFilter[m - ----------- Client User: operaciones-orquestador-ext-back ----------
[30m2026-08-27T14:37:32,190[m [32mINFO  [m[[1;34mhttp-nio-8080-exec-8[m] [36mValidateCountedFractionServiceImpl[m - Start method validateAccountFractionAssignmentV1, accountNumber -> 4021801, tradeId -> 1074383, sideId -> 1, originId -> 122, isLocalCorrection -> false
[30m2026-08-27T14:37:32,190[m [32mINFO  [m[[1;34mhttp-nio-8080-exec-8[m] [36mValidateCountedFractionServiceImpl[m - Searching participant account assignment for accountNumber -> 4021801, participantId -> 15, depositoryId -> 1
[30m2026-08-27T14:37:32,192[m [32mINFO  [m[[1;34mhttp-nio-8080-exec-8[m] [36mValidateCountedFractionServiceImpl[m - No participant account found for accountNumber -> 4021801
[30m2026-08-27T14:37:32,207[m [32mINFO  [m[[1;34mhttp-nio-8080-exec-8[m] [36mValidateCountedFractionServiceImpl[m - End method validateAccountFractionAssignmentV1, fractionAccountOutDto -> FractionAccountOutDto(participantAccount=null, investorAccount=InvestorAccountOutDto(id=57, investor=InvestorOutDto(id=167, code=CL00000001, firstName=Prueba Nombre 1, lastName=Prueba Nombre 2, companyName=TERCERO3509748, type=TypeOutDto(id=2, description=JURIDICO, category=PERSONA), status=StatusOutDto(id=515, description=ACTIVO, category=INVERSIONISTA, shortName=null), country=CountryOutDto(id=35, code=CL, name=CHILE, currency=CurrencyOutDto(id=30, code=CLP, name=PESO CHILENO), timeZone=UTC -3), documentNumber=8605303170, identificationType=IdentificationTypeOutDto(id=5, description=CEDULA DE CIUDADANÍA, code=CC), nationality=35, clearinghouseCode=null, gics=null, moneyLaunderingFlag=null, taxStatus=null), accountNumber=4021801, accountName=AMBIENTE 3  PRUEBA 3, status=StatusOutDto(id=570, description=ACTIVO, category=CUENTA_INVERSIONISTA, shortName=null), originType=TypeOutDto(id=120, description=TERCEROS, category=ORIGEN PUNTA), type=TypeOutDto(id=26, description=CUENTA DEPOSITO, category=CUENTA DEPOSITO), depository=DepositoryOutDto(id=1, description=DVL), participant=null, taxExemp=false), sourceQuoteType=TypeOutDto(id=120, description=TERCEROS, category=ORIGEN PUNTA), fiduciarySpecialist=false, jointAccount=false, masterAccount=false, custodian=null, milaDirectDepositor=null)
[30m2026-08-27T14:37:32,225[m [32mINFO  [m[[1;34mhttp-nio-8080-exec-8[m] [36mValidateCountedFractionServiceImpl[m - Start method validateQuantityFractionsV1, tradeId -> 1074383
[30m2026-08-27T14:37:32,225[m [32mINFO  [m[[1;34mhttp-nio-8080-exec-8[m] [36mValidateCountedFractionServiceImpl[m - Start method validateMaximumLimitFractionsV1
[30m2026-08-27T14:37:32,225[m [32mINFO  [m[[1;34mhttp-nio-8080-exec-8[m] [36mValidateCountedFractionServiceImpl[m - Start method validateQuantityFractionsV1, tradeId -> 1075172
[30m2026-08-27T14:37:32,225[m [32mINFO  [m[[1;34mhttp-nio-8080-exec-8[m] [36mValidateCountedFractionServiceImpl[m - Start method validateMaximumLimitFractionsV1
[30m2026-08-27T14:37:32,225[m [32mINFO  [m[[1;34mhttp-nio-8080-exec-8[m] [36mValidateCountedFractionServiceImpl[m - Start method validateQuantityFractionsV1, tradeId -> 1068279
[30m2026-08-27T14:37:32,225[m [32mINFO  [m[[1;34mhttp-nio-8080-exec-8[m] [36mValidateCountedFractionServiceImpl[m - Start method validateMaximumLimitFractionsV1
[30m2026-08-27T14:37:32,226[m [32mINFO  [m[[1;34mhttp-nio-8080-exec-8[m] [36mValidateCountedFractionServiceImpl[m - Start method validateQuantityFractionsV1, tradeId -> 1068280
[30m2026-08-27T14:37:32,226[m [32mINFO  [m[[1;34mhttp-nio-8080-exec-8[m] [36mValidateCountedFractionServiceImpl[m - Start method validateMaximumLimitFractionsV1
[30m2026-08-27T14:37:32,226[m [32mINFO  [m[[1;34mhttp-nio-8080-exec-8[m] [36mValidateCountedFractionServiceImpl[m - Start method validateQuantityFractionsV1, tradeId -> 1068281
[30m2026-08-27T14:37:32,226[m [32mINFO  [m[[1;34mhttp-nio-8080-exec-8[m] [36mValidateCountedFractionServiceImpl[m - Start method validateMaximumLimitFractionsV1
[30m2026-08-27T14:37:32,226[m [32mINFO  [m[[1;34mhttp-nio-8080-exec-8[m] [36mValidateCountedFractionServiceImpl[m - Start method validateQuantityFractionsV1, tradeId -> 1073263
[30m2026-08-27T14:37:32,226[m [32mINFO  [m[[1;34mhttp-nio-8080-exec-8[m] [36mValidateCountedFractionServiceImpl[m - Start method validateMaximumLimitFractionsV1
[30m2026-08-27T14:37:32,226[m [32mINFO  [m[[1;34mhttp-nio-8080-exec-8[m] [36mValidateCountedFractionServiceImpl[m - Start method validateQuantityFractionsV1, tradeId -> 1074389
[30m2026-08-27T14:37:32,226[m [32mINFO  [m[[1;34mhttp-nio-8080-exec-8[m] [36mValidateCountedFractionServiceImpl[m - Start method validateMaximumLimitFractionsV1
[30m2026-08-27T14:37:32,226[m [32mINFO  [m[[1;34mhttp-nio-8080-exec-8[m] [36mValidateCountedFractionServiceImpl[m - Start method validateQuantityFractionsV1, tradeId -> 1072880
[30m2026-08-27T14:37:32,226[m [32mINFO  [m[[1;34mhttp-nio-8080-exec-8[m] [36mValidateCountedFractionServiceImpl[m - Start method validateMaximumLimitFractionsV1
[30m2026-08-27T14:37:32,226[m [32mINFO  [m[[1;34mhttp-nio-8080-exec-8[m] [36mValidateCountedFractionServiceImpl[m - Start method validateQuantityFractionsV1, tradeId -> 1068285
[30m2026-08-27T14:37:32,226[m [32mINFO  [m[[1;34mhttp-nio-8080-exec-8[m] [36mValidateCountedFractionServiceImpl[m - Start method validateMaximumLimitFractionsV1
[30m2026-08-27T14:37:32,226[m [32mINFO  [m[[1;34mhttp-nio-8080-exec-8[m] [36mValidateCountedFractionServiceImpl[m - Start method validateQuantityFractionsV1, tradeId -> 1068286
[30m2026-08-27T14:37:32,226[m [32mINFO  [m[[1;34mhttp-nio-8080-exec-8[m] [36mValidateCountedFractionServiceImpl[m - Start method validateMaximumLimitFractionsV1
[30m2026-08-27T14:37:32,226[m [32mINFO  [m[[1;34mhttp-nio-8080-exec-8[m] [36mValidateCountedFractionServiceImpl[m - Start method validateQuantityFractionsV1, tradeId -> 1068287
[30m2026-08-27T14:37:32,226[m [32mINFO  [m[[1;34mhttp-nio-8080-exec-8[m] [36mValidateCountedFractionServiceImpl[m - Start method validateMaximumLimitFractionsV1
[30m2026-08-27T14:37:32,227[m [32mINFO  [m[[1;34mhttp-nio-8080-exec-8[m] [36mValidateCountedFractionServiceImpl[m - Start method validateQuantityFractionsV1, tradeId -> 1073266
[30m2026-08-27T14:37:32,227[m [32mINFO  [m[[1;34mhttp-nio-8080-exec-8[m] [36mValidateCountedFractionServiceImpl[m - Start method validateMaximumLimitFractionsV1
[30m2026-08-27T14:37:32,227[m [32mINFO  [m[[1;34mhttp-nio-8080-exec-8[m] [36mValidateCountedFractionServiceImpl[m - Start method validateQuantityFractionsV1, tradeId -> 1075181
[30m2026-08-27T14:37:32,227[m [32mINFO  [m[[1;34mhttp-nio-8080-exec-8[m] [36mValidateCountedFractionServiceImpl[m - Start method validateMaximumLimitFractionsV1
[30m2026-08-27T14:37:32,227[m [32mINFO  [m[[1;34mhttp-nio-8080-exec-8[m] [36mValidateCountedFractionServiceImpl[m - Start method validateQuantityFractionsV1, tradeId -> 1072883
[30m2026-08-27T14:37:32,227[m [32mINFO  [m[[1;34mhttp-nio-8080-exec-8[m] [36mValidateCountedFractionServiceImpl[m - Start method validateMaximumLimitFractionsV1
[30m2026-08-27T14:37:32,227[m [32mINFO  [m[[1;34mhttp-nio-8080-exec-8[m] [36mValidateCountedFractionServiceImpl[m - Start method validateQuantityFractionsV1, tradeId -> 1073269
[30m2026-08-27T14:37:32,227[m [32mINFO  [m[[1;34mhttp-nio-8080-exec-8[m] [36mValidateCountedFractionServiceImpl[m - Start method validateMaximumLimitFractionsV1
[30m2026-08-27T14:37:32,227[m [32mINFO  [m[[1;34mhttp-nio-8080-exec-8[m] [36mValidateCountedFractionServiceImpl[m - Start method validateQuantityFractionsV1, tradeId -> 1073272
[30m2026-08-27T14:37:32,227[m [32mINFO  [m[[1;34mhttp-nio-8080-exec-8[m] [36mValidateCountedFractionServiceImpl[m - Start method validateMaximumLimitFractionsV1
[30m2026-08-27T14:37:32,227[m [32mINFO  [m[[1;34mhttp-nio-8080-exec-8[m] [36mValidateCountedFractionServiceImpl[m - Start method validateQuantityFractionsV1, tradeId -> 1075182
[30m2026-08-27T14:37:32,227[m [32mINFO  [m[[1;34mhttp-nio-8080-exec-8[m] [36mValidateCountedFractionServiceImpl[m - Start method validateMaximumLimitFractionsV1
[30m2026-08-27T14:37:32,227[m [32mINFO  [m[[1;34mhttp-nio-8080-exec-8[m] [36mValidateCountedFractionServiceImpl[m - Start method validateQuantityFractionsV1, tradeId -> 1075183
[30m2026-08-27T14:37:32,227[m [32mINFO  [m[[1;34mhttp-nio-8080-exec-8[m] [36mValidateCountedFractionServiceImpl[m - Start method validateMaximumLimitFractionsV1
[30m2026-08-27T14:37:32,227[m [32mINFO  [m[[1;34mhttp-nio-8080-exec-8[m] [36mValidateCountedFractionServiceImpl[m - Start method validateQuantityFractionsV1, tradeId -> 1074394
[30m2026-08-27T14:37:32,227[m [32mINFO  [m[[1;34mhttp-nio-8080-exec-8[m] [36mValidateCountedFractionServiceImpl[m - Start method validateMaximumLimitFractionsV1
[30m2026-08-27T14:37:32,227[m [32mINFO  [m[[1;34mhttp-nio-8080-exec-8[m] [36mValidateCountedFractionServiceImpl[m - Start method validateQuantityFractionsV1, tradeId -> 1072887
[30m2026-08-27T14:37:32,227[m [32mINFO  [m[[1;34mhttp-nio-8080-exec-8[m] [36mValidateCountedFractionServiceImpl[m - Start method validateMaximumLimitFractionsV1
[30m2026-08-27T14:37:32,227[m [32mINFO  [m[[1;34mhttp-nio-8080-exec-8[m] [36mValidateCountedFractionServiceImpl[m - Start method validateQuantityFractionsV1, tradeId -> 1074395
[30m2026-08-27T14:37:32,227[m [32mINFO  [m[[1;34mhttp-nio-8080-exec-8[m] [36mValidateCountedFractionServiceImpl[m - Start method validateMaximumLimitFractionsV1
[30m2026-08-27T14:37:32,227[m [32mINFO  [m[[1;34mhttp-nio-8080-exec-8[m] [36mValidateCountedFractionServiceImpl[m - Start method validateQuantityFractionsV1, tradeId -> 1074396
[30m2026-08-27T14:37:32,227[m [32mINFO  [m[[1;34mhttp-nio-8080-exec-8[m] [36mValidateCountedFractionServiceImpl[m - Start method validateMaximumLimitFractionsV1
[30m2026-08-27T14:37:32,227[m [32mINFO  [m[[1;34mhttp-nio-8080-exec-8[m] [36mValidateCountedFractionServiceImpl[m - Start method validateQuantityFractionsV1, tradeId -> 1075184
[30m2026-08-27T14:37:32,227[m [32mINFO  [m[[1;34mhttp-nio-8080-exec-8[m] [36mValidateCountedFractionServiceImpl[m - Start method validateMaximumLimitFractionsV1
[30m2026-08-27T14:37:32,228[m [32mINFO  [m[[1;34mhttp-nio-8080-exec-8[m] [36mValidateCountedFractionServiceImpl[m - Start method validateQuantityFractionsV1, tradeId -> 1073275
[30m2026-08-27T14:37:32,228[m [32mINFO  [m[[1;34mhttp-nio-8080-exec-8[m] [36mValidateCountedFractionServiceImpl[m - Start method validateMaximumLimitFractionsV1
[30m2026-08-27T14:37:32,228[m [32mINFO  [m[[1;34mhttp-nio-8080-exec-8[m] [36mValidateCountedFractionServiceImpl[m - Start method validateQuantityFractionsV1, tradeId -> 1072888
[30m2026-08-27T14:37:32,228[m [32mINFO  [m[[1;34mhttp-nio-8080-exec-8[m] [36mValidateCountedFractionServiceImpl[m - Start method validateMaximumLimitFractionsV1
[30m2026-08-27T14:37:32,228[m [32mINFO  [m[[1;34mhttp-nio-8080-exec-8[m] [36mValidateCountedFractionServiceImpl[m - Start method validateQuantityFractionsV1, tradeId -> 1074400
[30m2026-08-27T14:37:32,228[m [32mINFO  [m[[1;34mhttp-nio-8080-exec-8[m] [36mValidateCountedFractionServiceImpl[m - Start method validateMaximumLimitFractionsV1
[30m2026-08-27T14:37:32,228[m [32mINFO  [m[[1;34mhttp-nio-8080-exec-8[m] [36mValidateCountedFractionServiceImpl[m - Start method validateQuantityFractionsV1, tradeId -> 1075185
[30m2026-08-27T14:37:32,228[m [32mINFO  [m[[1;34mhttp-nio-8080-exec-8[m] [36mValidateCountedFractionServiceImpl[m - Start method validateMaximumLimitFractionsV1
[30m2026-08-27T14:37:32,228[m [32mINFO  [m[[1;34mhttp-nio-8080-exec-8[m] [36mValidateCountedFractionServiceImpl[m - Start method validateQuantityFractionsV1, tradeId -> 1072889
[30m2026-08-27T14:37:32,228[m [32mINFO  [m[[1;34mhttp-nio-8080-exec-8[m] [36mValidateCountedFractionServiceImpl[m - Start method validateMaximumLimitFractionsV1
[30m2026-08-27T14:37:32,228[m [32mINFO  [m[[1;34mhttp-nio-8080-exec-8[m] [36mValidateCountedFractionServiceImpl[m - Start method validateQuantityFractionsV1, tradeId -> 1068294
[30m2026-08-27T14:37:32,228[m [32mINFO  [m[[1;34mhttp-nio-8080-exec-8[m] [36mValidateCountedFractionServiceImpl[m - Start method validateMaximumLimitFractionsV1
[30m2026-08-27T14:37:32,228[m [32mINFO  [m[[1;34mhttp-nio-8080-exec-8[m] [36mValidateCountedFractionServiceImpl[m - Start method validateQuantityFractionsV1, tradeId -> 1074401
[30m2026-08-27T14:37:32,228[m [32mINFO  [m[[1;34mhttp-nio-8080-exec-8[m] [36mValidateCountedFractionServiceImpl[m - Start method validateMaximumLimitFractionsV1
[30m2026-08-27T14:37:32,228[m [32mINFO  [m[[1;34mhttp-nio-8080-exec-8[m] [36mValidateCountedFractionServiceImpl[m - Start method validateQuantityFractionsV1, tradeId -> 1068295
[30m2026-08-27T14:37:32,228[m [32mINFO  [m[[1;34mhttp-nio-8080-exec-8[m] [36mValidateCountedFractionServiceImpl[m - Start method validateMaximumLimitFractionsV1
[30m2026-08-27T14:37:32,228[m [32mINFO  [m[[1;34mhttp-nio-8080-exec-8[m] [36mValidateCountedFractionServiceImpl[m - Start method validateQuantityFractionsV1, tradeId -> 1072890
[30m2026-08-27T14:37:32,228[m [32mINFO  [m[[1;34mhttp-nio-8080-exec-8[m] [36mValidateCountedFractionServiceImpl[m - Start method validateMaximumLimitFractionsV1
[30m2026-08-27T14:37:32,228[m [32mINFO  [m[[1;34mhttp-nio-8080-exec-8[m] [36mValidateCountedFractionServiceImpl[m - Start method validateQuantityFractionsV1, tradeId -> 1074402
[30m2026-08-27T14:37:32,228[m [32mINFO  [m[[1;34mhttp-nio-8080-exec-8[m] [36mValidateCountedFractionServiceImpl[m - Start method validateMaximumLimitFractionsV1
[30m2026-08-27T14:37:32,228[m [32mINFO  [m[[1;34mhttp-nio-8080-exec-8[m] [36mValidateCountedFractionServiceImpl[m - Start method validateQuantityFractionsV1, tradeId -> 1072891
[30m2026-08-27T14:37:32,228[m [32mINFO  [m[[1;34mhttp-nio-8080-exec-8[m] [36mValidateCountedFractionServiceImpl[m - Start method validateMaximumLimitFractionsV1
[30m2026-08-27T14:37:32,228[m [32mINFO  [m[[1;34mhttp-nio-8080-exec-8[m] [36mValidateCountedFractionServiceImpl[m - Start method validateQuantityFractionsV1, tradeId -> 1072892
[30m2026-08-27T14:37:32,228[m [32mINFO  [m[[1;34mhttp-nio-8080-exec-8[m] [36mValidateCountedFractionServiceImpl[m - Start method validateMaximumLimitFractionsV1
[30m2026-08-27T14:37:32,228[m [32mINFO  [m[[1;34mhttp-nio-8080-exec-8[m] [36mValidateCountedFractionServiceImpl[m - Start method validateQuantityFractionsV1, tradeId -> 1075186
[30m2026-08-27T14:37:32,228[m [32mINFO  [m[[1;34mhttp-nio-8080-exec-8[m] [36mValidateCountedFractionServiceImpl[m - Start method validateMaximumLimitFractionsV1
[30m2026-08-27T14:37:32,229[m [32mINFO  [m[[1;34mhttp-nio-8080-exec-8[m] [36mValidateCountedFractionServiceImpl[m - Start method validateQuantityFractionsV1, tradeId -> 1075187
[30m2026-08-27T14:37:32,229[m [32mINFO  [m[[1;34mhttp-nio-8080-exec-8[m] [36mValidateCountedFractionServiceImpl[m - Start method validateMaximumLimitFractionsV1
[30m2026-08-27T14:37:32,229[m [32mINFO  [m[[1;34mhttp-nio-8080-exec-8[m] [36mValidateCountedFractionServiceImpl[m - Start method validateQuantityFractionsV1, tradeId -> 1074403
[30m2026-08-27T14:37:32,229[m [32mINFO  [m[[1;34mhttp-nio-8080-exec-8[m] [36mValidateCountedFractionServiceImpl[m - Start method validateMaximumLimitFractionsV1
[30m2026-08-27T14:37:32,229[m [32mINFO  [m[[1;34mhttp-nio-8080-exec-8[m] [36mValidateCountedFractionServiceImpl[m - Start method validateQuantityFractionsV1, tradeId -> 1074404
[30m2026-08-27T14:37:32,229[m [32mINFO  [m[[1;34mhttp-nio-8080-exec-8[m] [36mValidateCountedFractionServiceImpl[m - Start method validateMaximumLimitFractionsV1
[30m2026-08-27T14:37:32,229[m [32mINFO  [m[[1;34mhttp-nio-8080-exec-8[m] [36mValidateCountedFractionServiceImpl[m - Start method validateQuantityFractionsV1, tradeId -> 1068296
[30m2026-08-27T14:37:32,229[m [32mINFO  [m[[1;34mhttp-nio-8080-exec-8[m] [36mValidateCountedFractionServiceImpl[m - Start method validateMaximumLimitFractionsV1
[30m2026-08-27T14:37:32,229[m [32mINFO  [m[[1;34mhttp-nio-8080-exec-8[m] [36mValidateCountedFractionServiceImpl[m - Start method validateQuantityFractionsV1, tradeId -> 1072893
[30m2026-08-27T14:37:32,229[m [32mINFO  [m[[1;34mhttp-nio-8080-exec-8[m] [36mValidateCountedFractionServiceImpl[m - Start method validateMaximumLimitFractionsV1
[30m2026-08-27T14:37:32,229[m [32mINFO  [m[[1;34mhttp-nio-8080-exec-8[m] [36mValidateCountedFractionServiceImpl[m - Start method validateQuantityFractionsV1, tradeId -> 1072894
[30m2026-08-27T14:37:32,229[m [32mINFO  [m[[1;34mhttp-nio-8080-exec-8[m] [36mValidateCountedFractionServiceImpl[m - Start method validateMaximumLimitFractionsV1
[30m2026-08-27T14:37:32,229[m [32mINFO  [m[[1;34mhttp-nio-8080-exec-8[m] [36mValidateCountedFractionServiceImpl[m - Start method validateQuantityFractionsV1, tradeId -> 1075188
[30m2026-08-27T14:37:32,229[m [32mINFO  [m[[1;34mhttp-nio-8080-exec-8[m] [36mValidateCountedFractionServiceImpl[m - Start method validateMaximumLimitFractionsV1
[30m2026-08-27T14:37:32,229[m [32mINFO  [m[[1;34mhttp-nio-8080-exec-8[m] [36mValidateCountedFractionServiceImpl[m - Start method validateQuantityFractionsV1, tradeId -> 1072895
[30m2026-08-27T14:37:32,230[m [32mINFO  [m[[1;34mhttp-nio-8080-exec-8[m] [36mValidateCountedFractionServiceImpl[m - Start method validateMaximumLimitFractionsV1
[30m2026-08-27T14:37:32,230[m [32mINFO  [m[[1;34mhttp-nio-8080-exec-8[m] [36mValidateCountedFractionServiceImpl[m - Start method validateQuantityFractionsV1, tradeId -> 1075189
[30m2026-08-27T14:37:32,230[m [32mINFO  [m[[1;34mhttp-nio-8080-exec-8[m] [36mValidateCountedFractionServiceImpl[m - Start method validateMaximumLimitFractionsV1
[30m2026-08-27T14:37:32,230[m [32mINFO  [m[[1;34mhttp-nio-8080-exec-8[m] [36mValidateCountedFractionServiceImpl[m - Start method validateQuantityFractionsV1, tradeId -> 1075190
[30m2026-08-27T14:37:32,230[m [32mINFO  [m[[1;34mhttp-nio-8080-exec-8[m] [36mValidateCountedFractionServiceImpl[m - Start method validateMaximumLimitFractionsV1
[30m2026-08-27T14:37:32,230[m [32mINFO  [m[[1;34mhttp-nio-8080-exec-8[m] [36mValidateCountedFractionServiceImpl[m - Start method validateQuantityFractionsV1, tradeId -> 1074405
[30m2026-08-27T14:37:32,230[m [32mINFO  [m[[1;34mhttp-nio-8080-exec-8[m] [36mValidateCountedFractionServiceImpl[m - Start method validateMaximumLimitFractionsV1
[30m2026-08-27T14:37:32,230[m [32mINFO  [m[[1;34mhttp-nio-8080-exec-8[m] [36mValidateCountedFractionServiceImpl[m - Start method validateQuantityFractionsV1, tradeId -> 1068297
[30m2026-08-27T14:37:32,230[m [32mINFO  [m[[1;34mhttp-nio-8080-exec-8[m] [36mValidateCountedFractionServiceImpl[m - Start method validateMaximumLimitFractionsV1
[30m2026-08-27T14:37:32,230[m [32mINFO  [m[[1;34mhttp-nio-8080-exec-8[m] [36mValidateCountedFractionServiceImpl[m - Start method validateQuantityFractionsV1, tradeId -> 1068298
[30m2026-08-27T14:37:32,230[m [32mINFO  [m[[1;34mhttp-nio-8080-exec-8[m] [36mValidateCountedFractionServiceImpl[m - Start method validateMaximumLimitFractionsV1
[30m2026-08-27T14:37:32,230[m [32mINFO  [m[[1;34mhttp-nio-8080-exec-8[m] [36mValidateCountedFractionServiceImpl[m - Start method validateQuantityFractionsV1, tradeId -> 1074406
[30m2026-08-27T14:37:32,230[m [32mINFO  [m[[1;34mhttp-nio-8080-exec-8[m] [36mValidateCountedFractionServiceImpl[m - Start method validateMaximumLimitFractionsV1
[30m2026-08-27T14:37:32,230[m [32mINFO  [m[[1;34mhttp-nio-8080-exec-8[m] [36mFractionationCountedServiceImpl[m - PERF_ASSIGNMENT_VALIDATION_BATCH batchId=73d7565c-ef05-497d-88c1-cbe01779344b inputCount=50 validCount=50 invalidCount=0 uniqueTrades=50 uniqueSides=1 uniqueParticipants=1 titleAccountResolutionRequests=50 titleAccountUniqueBusinessKeys=1 settlementLookupRequests=50 settlementUniqueTradeSides=50 settlementRepositoryCalls=1 settlementRowsLoaded=0 settlementPrefetchMs=3 cudLookupRequests=0 cudUniqueTradeSides=0 cudUniqueBusinessKeys=0 cudRepositoryCalls=0 cudRowsLoaded=0 cudPrefetchMs=0 tradePrefetchMs=152 sidePrefetchMs=0 participantPrefetchMs=13 accountResolutionMs=17 accountPrefetchMs=11 businessValidationMs=8 totalMs=206
[30m2026-08-27T14:37:32,231[m [32mINFO  [m[[1;34mhttp-nio-8080-exec-8[m] [36mRestClientUtils[m - Client [POST] http://operaciones-fracciones-contado-back-service/operations-fractionation-api/v1/fractionation/batch
[30m2026-08-27T14:37:33,977[m [32mINFO  [m[[1;34mhttp-nio-8080-exec-8[m] [36mFractionationCountedServiceImpl[m - PERF_ASSIGNMENT_BATCH service=cmd batchId=73d7565c-ef05-497d-88c1-cbe01779344b mode=RAW_VALIDATED configuredMaxBatchSize=80 receivedBatchSize=50 processedCount=50 successCount=50 failureCount=0 fractionationMs=1746 totalMs=1746
[30m2026-08-27T14:37:33,977[m [32mINFO  [m[[1;34mhttp-nio-8080-exec-8[m] [36mFractionationCountedServiceImpl[m - PERF_ASSIGNMENT_BATCH service=cmd batchId=73d7565c-ef05-497d-88c1-cbe01779344b mode=RAW configuredMaxBatchSize=80 receivedBatchSize=50 validCount=50 invalidCount=0 sentToFractionationCount=50 successCount=50 failureCount=0 totalMs=1953
[30m2026-08-27T14:37:33,979[m [32mINFO  [m[[1;34mhttp-nio-8080-exec-8[m] [36mGlobalFilter[m - Request [POST /operations-cmd-api/v1/fractionation/counted-operation/batch] completed in 1957 ms with status 200
[30m2026-08-27T14:37:34,008[m [32mINFO  [m[[1;34mhttp-nio-8080-exec-9[m] [36mGlobalFilter[m - ----------- Client User: operaciones-orquestador-ext-back ----------
[30m2026-08-27T14:37:34,193[m [32mINFO  [m[[1;34mhttp-nio-8080-exec-9[m] [36mValidateCountedFractionServiceImpl[m - Start method validateAccountFractionAssignmentV1, accountNumber -> 4021801, tradeId -> 1073279, sideId -> 1, originId -> 122, isLocalCorrection -> false
[30m2026-08-27T14:37:34,194[m [32mINFO  [m[[1;34mhttp-nio-8080-exec-9[m] [36mValidateCountedFractionServiceImpl[m - Searching participant account assignment for accountNumber -> 4021801, participantId -> 15, depositoryId -> 1
[30m2026-08-27T14:37:34,197[m [32mINFO  [m[[1;34mhttp-nio-8080-exec-9[m] [36mValidateCountedFractionServiceImpl[m - No participant account found for accountNumber -> 4021801
[30m2026-08-27T14:37:34,212[m [32mINFO  [m[[1;34mhttp-nio-8080-exec-9[m] [36mValidateCountedFractionServiceImpl[m - End method validateAccountFractionAssignmentV1, fractionAccountOutDto -> FractionAccountOutDto(participantAccount=null, investorAccount=InvestorAccountOutDto(id=57, investor=InvestorOutDto(id=167, code=CL00000001, firstName=Prueba Nombre 1, lastName=Prueba Nombre 2, companyName=TERCERO3509748, type=TypeOutDto(id=2, description=JURIDICO, category=PERSONA), status=StatusOutDto(id=515, description=ACTIVO, category=INVERSIONISTA, shortName=null), country=CountryOutDto(id=35, code=CL, name=CHILE, currency=CurrencyOutDto(id=30, code=CLP, name=PESO CHILENO), timeZone=UTC -3), documentNumber=8605303170, identificationType=IdentificationTypeOutDto(id=5, description=CEDULA DE CIUDADANÍA, code=CC), nationality=35, clearinghouseCode=null, gics=null, moneyLaunderingFlag=null, taxStatus=null), accountNumber=4021801, accountName=AMBIENTE 3  PRUEBA 3, status=StatusOutDto(id=570, description=ACTIVO, category=CUENTA_INVERSIONISTA, shortName=null), originType=TypeOutDto(id=120, description=TERCEROS, category=ORIGEN PUNTA), type=TypeOutDto(id=26, description=CUENTA DEPOSITO, category=CUENTA DEPOSITO), depository=DepositoryOutDto(id=1, description=DVL), participant=null, taxExemp=false), sourceQuoteType=TypeOutDto(id=120, description=TERCEROS, category=ORIGEN PUNTA), fiduciarySpecialist=false, jointAccount=false, masterAccount=false, custodian=null, milaDirectDepositor=null)
[30m2026-08-27T14:37:34,229[m [32mINFO  [m[[1;34mhttp-nio-8080-exec-9[m] [36mValidateCountedFractionServiceImpl[m - Start method validateQuantityFractionsV1, tradeId -> 1073279
[30m2026-08-27T14:37:34,229[m [32mINFO  [m[[1;34mhttp-nio-8080-exec-9[m] [36mValidateCountedFractionServiceImpl[m - Start method validateMaximumLimitFractionsV1
[30m2026-08-27T14:37:34,229[m [32mINFO  [m[[1;34mhttp-nio-8080-exec-9[m] [36mValidateCountedFractionServiceImpl[m - Start method validateQuantityFractionsV1, tradeId -> 1072897
[30m2026-08-27T14:37:34,230[m [32mINFO  [m[[1;34mhttp-nio-8080-exec-9[m] [36mValidateCountedFractionServiceImpl[m - Start method validateMaximumLimitFractionsV1
[30m2026-08-27T14:37:34,230[m [32mINFO  [m[[1;34mhttp-nio-8080-exec-9[m] [36mValidateCountedFractionServiceImpl[m - Start method validateQuantityFractionsV1, tradeId -> 1075193
[30m2026-08-27T14:37:34,230[m [32mINFO  [m[[1;34mhttp-nio-8080-exec-9[m] [36mValidateCountedFractionServiceImpl[m - Start method validateMaximumLimitFractionsV1
[30m2026-08-27T14:37:34,230[m [32mINFO  [m[[1;34mhttp-nio-8080-exec-9[m] [36mValidateCountedFractionServiceImpl[m - Start method validateQuantityFractionsV1, tradeId -> 1068300
[30m2026-08-27T14:37:34,230[m [32mINFO  [m[[1;34mhttp-nio-8080-exec-9[m] [36mValidateCountedFractionServiceImpl[m - Start method validateMaximumLimitFractionsV1
[30m2026-08-27T14:37:34,230[m [32mINFO  [m[[1;34mhttp-nio-8080-exec-9[m] [36mValidateCountedFractionServiceImpl[m - Start method validateQuantityFractionsV1, tradeId -> 1075194
[30m2026-08-27T14:37:34,230[m [32mINFO  [m[[1;34mhttp-nio-8080-exec-9[m] [36mValidateCountedFractionServiceImpl[m - Start method validateMaximumLimitFractionsV1
[30m2026-08-27T14:37:34,230[m [32mINFO  [m[[1;34mhttp-nio-8080-exec-9[m] [36mValidateCountedFractionServiceImpl[m - Start method validateQuantityFractionsV1, tradeId -> 1073282
[30m2026-08-27T14:37:34,230[m [32mINFO  [m[[1;34mhttp-nio-8080-exec-9[m] [36mValidateCountedFractionServiceImpl[m - Start method validateMaximumLimitFractionsV1
[30m2026-08-27T14:37:34,230[m [32mINFO  [m[[1;34mhttp-nio-8080-exec-9[m] [36mValidateCountedFractionServiceImpl[m - Start method validateQuantityFractionsV1, tradeId -> 1072900
[30m2026-08-27T14:37:34,230[m [32mINFO  [m[[1;34mhttp-nio-8080-exec-9[m] [36mValidateCountedFractionServiceImpl[m - Start method validateMaximumLimitFractionsV1
[30m2026-08-27T14:37:34,230[m [32mINFO  [m[[1;34mhttp-nio-8080-exec-9[m] [36mValidateCountedFractionServiceImpl[m - Start method validateQuantityFractionsV1, tradeId -> 1075196
[30m2026-08-27T14:37:34,230[m [32mINFO  [m[[1;34mhttp-nio-8080-exec-9[m] [36mValidateCountedFractionServiceImpl[m - Start method validateMaximumLimitFractionsV1
[30m2026-08-27T14:37:34,230[m [32mINFO  [m[[1;34mhttp-nio-8080-exec-9[m] [36mValidateCountedFractionServiceImpl[m - Start method validateQuantityFractionsV1, tradeId -> 1072901
[30m2026-08-27T14:37:34,230[m [32mINFO  [m[[1;34mhttp-nio-8080-exec-9[m] [36mValidateCountedFractionServiceImpl[m - Start method validateMaximumLimitFractionsV1
[30m2026-08-27T14:37:34,230[m [32mINFO  [m[[1;34mhttp-nio-8080-exec-9[m] [36mValidateCountedFractionServiceImpl[m - Start method validateQuantityFractionsV1, tradeId -> 1075197
[30m2026-08-27T14:37:34,230[m [32mINFO  [m[[1;34mhttp-nio-8080-exec-9[m] [36mValidateCountedFractionServiceImpl[m - Start method validateMaximumLimitFractionsV1
[30m2026-08-27T14:37:34,231[m [32mINFO  [m[[1;34mhttp-nio-8080-exec-9[m] [36mValidateCountedFractionServiceImpl[m - Start method validateQuantityFractionsV1, tradeId -> 1068302
[30m2026-08-27T14:37:34,231[m [32mINFO  [m[[1;34mhttp-nio-8080-exec-9[m] [36mValidateCountedFractionServiceImpl[m - Start method validateMaximumLimitFractionsV1
[30m2026-08-27T14:37:34,231[m [32mINFO  [m[[1;34mhttp-nio-8080-exec-9[m] [36mValidateCountedFractionServiceImpl[m - Start method validateQuantityFractionsV1, tradeId -> 1068303
[30m2026-08-27T14:37:34,231[m [32mINFO  [m[[1;34mhttp-nio-8080-exec-9[m] [36mValidateCountedFractionServiceImpl[m - Start method validateMaximumLimitFractionsV1
[30m2026-08-27T14:37:34,231[m [32mINFO  [m[[1;34mhttp-nio-8080-exec-9[m] [36mValidateCountedFractionServiceImpl[m - Start method validateQuantityFractionsV1, tradeId -> 1073285
[30m2026-08-27T14:37:34,231[m [32mINFO  [m[[1;34mhttp-nio-8080-exec-9[m] [36mValidateCountedFractionServiceImpl[m - Start method validateMaximumLimitFractionsV1
[30m2026-08-27T14:37:34,231[m [32mINFO  [m[[1;34mhttp-nio-8080-exec-9[m] [36mValidateCountedFractionServiceImpl[m - Start method validateQuantityFractionsV1, tradeId -> 1073288
[30m2026-08-27T14:37:34,231[m [32mINFO  [m[[1;34mhttp-nio-8080-exec-9[m] [36mValidateCountedFractionServiceImpl[m - Start method validateMaximumLimitFractionsV1
[30m2026-08-27T14:37:34,231[m [32mINFO  [m[[1;34mhttp-nio-8080-exec-9[m] [36mValidateCountedFractionServiceImpl[m - Start method validateQuantityFractionsV1, tradeId -> 1074414
[30m2026-08-27T14:37:34,231[m [32mINFO  [m[[1;34mhttp-nio-8080-exec-9[m] [36mValidateCountedFractionServiceImpl[m - Start method validateMaximumLimitFractionsV1
[30m2026-08-27T14:37:34,231[m [32mINFO  [m[[1;34mhttp-nio-8080-exec-9[m] [36mValidateCountedFractionServiceImpl[m - Start method validateQuantityFractionsV1, tradeId -> 1074415
[30m2026-08-27T14:37:34,231[m [32mINFO  [m[[1;34mhttp-nio-8080-exec-9[m] [36mValidateCountedFractionServiceImpl[m - Start method validateMaximumLimitFractionsV1
[30m2026-08-27T14:37:34,231[m [32mINFO  [m[[1;34mhttp-nio-8080-exec-9[m] [36mValidateCountedFractionServiceImpl[m - Start method validateQuantityFractionsV1, tradeId -> 1074416
[30m2026-08-27T14:37:34,231[m [32mINFO  [m[[1;34mhttp-nio-8080-exec-9[m] [36mValidateCountedFractionServiceImpl[m - Start method validateMaximumLimitFractionsV1
[30m2026-08-27T14:37:34,231[m [32mINFO  [m[[1;34mhttp-nio-8080-exec-9[m] [36mValidateCountedFractionServiceImpl[m - Start method validateQuantityFractionsV1, tradeId -> 1075200
[30m2026-08-27T14:37:34,231[m [32mINFO  [m[[1;34mhttp-nio-8080-exec-9[m] [36mValidateCountedFractionServiceImpl[m - Start method validateMaximumLimitFractionsV1
[30m2026-08-27T14:37:34,231[m [32mINFO  [m[[1;34mhttp-nio-8080-exec-9[m] [36mValidateCountedFractionServiceImpl[m - Start method validateQuantityFractionsV1, tradeId -> 1074417
[30m2026-08-27T14:37:34,231[m [32mINFO  [m[[1;34mhttp-nio-8080-exec-9[m] [36mValidateCountedFractionServiceImpl[m - Start method validateMaximumLimitFractionsV1
[30m2026-08-27T14:37:34,231[m [32mINFO  [m[[1;34mhttp-nio-8080-exec-9[m] [36mValidateCountedFractionServiceImpl[m - Start method validateQuantityFractionsV1, tradeId -> 1068306
[30m2026-08-27T14:37:34,231[m [32mINFO  [m[[1;34mhttp-nio-8080-exec-9[m] [36mValidateCountedFractionServiceImpl[m - Start method validateMaximumLimitFractionsV1
[30m2026-08-27T14:37:34,231[m [32mINFO  [m[[1;34mhttp-nio-8080-exec-9[m] [36mValidateCountedFractionServiceImpl[m - Start method validateQuantityFractionsV1, tradeId -> 1075201
[30m2026-08-27T14:37:34,231[m [32mINFO  [m[[1;34mhttp-nio-8080-exec-9[m] [36mValidateCountedFractionServiceImpl[m - Start method validateMaximumLimitFractionsV1
[30m2026-08-27T14:37:34,231[m [32mINFO  [m[[1;34mhttp-nio-8080-exec-9[m] [36mValidateCountedFractionServiceImpl[m - Start method validateQuantityFractionsV1, tradeId -> 1073291
[30m2026-08-27T14:37:34,231[m [32mINFO  [m[[1;34mhttp-nio-8080-exec-9[m] [36mValidateCountedFractionServiceImpl[m - Start method validateMaximumLimitFractionsV1
[30m2026-08-27T14:37:34,231[m [32mINFO  [m[[1;34mhttp-nio-8080-exec-9[m] [36mValidateCountedFractionServiceImpl[m - Start method validateQuantityFractionsV1, tradeId -> 1068308
[30m2026-08-27T14:37:34,231[m [32mINFO  [m[[1;34mhttp-nio-8080-exec-9[m] [36mValidateCountedFractionServiceImpl[m - Start method validateMaximumLimitFractionsV1
[30m2026-08-27T14:37:34,231[m [32mINFO  [m[[1;34mhttp-nio-8080-exec-9[m] [36mValidateCountedFractionServiceImpl[m - Start method validateQuantityFractionsV1, tradeId -> 1072911
[30m2026-08-27T14:37:34,231[m [32mINFO  [m[[1;34mhttp-nio-8080-exec-9[m] [36mValidateCountedFractionServiceImpl[m - Start method validateMaximumLimitFractionsV1
[30m2026-08-27T14:37:34,231[m [32mINFO  [m[[1;34mhttp-nio-8080-exec-9[m] [36mValidateCountedFractionServiceImpl[m - Start method validateQuantityFractionsV1, tradeId -> 1073294
[30m2026-08-27T14:37:34,232[m [32mINFO  [m[[1;34mhttp-nio-8080-exec-9[m] [36mValidateCountedFractionServiceImpl[m - Start method validateMaximumLimitFractionsV1
[30m2026-08-27T14:37:34,232[m [32mINFO  [m[[1;34mhttp-nio-8080-exec-9[m] [36mValidateCountedFractionServiceImpl[m - Start method validateQuantityFractionsV1, tradeId -> 1072915
[30m2026-08-27T14:37:34,232[m [32mINFO  [m[[1;34mhttp-nio-8080-exec-9[m] [36mValidateCountedFractionServiceImpl[m - Start method validateMaximumLimitFractionsV1
[30m2026-08-27T14:37:34,232[m [32mINFO  [m[[1;34mhttp-nio-8080-exec-9[m] [36mValidateCountedFractionServiceImpl[m - Start method validateQuantityFractionsV1, tradeId -> 1072916
[30m2026-08-27T14:37:34,232[m [32mINFO  [m[[1;34mhttp-nio-8080-exec-9[m] [36mValidateCountedFractionServiceImpl[m - Start method validateMaximumLimitFractionsV1
[30m2026-08-27T14:37:34,232[m [32mINFO  [m[[1;34mhttp-nio-8080-exec-9[m] [36mValidateCountedFractionServiceImpl[m - Start method validateQuantityFractionsV1, tradeId -> 1073297
[30m2026-08-27T14:37:34,232[m [32mINFO  [m[[1;34mhttp-nio-8080-exec-9[m] [36mValidateCountedFractionServiceImpl[m - Start method validateMaximumLimitFractionsV1
[30m2026-08-27T14:37:34,232[m [32mINFO  [m[[1;34mhttp-nio-8080-exec-9[m] [36mValidateCountedFractionServiceImpl[m - Start method validateQuantityFractionsV1, tradeId -> 1072917
[30m2026-08-27T14:37:34,232[m [32mINFO  [m[[1;34mhttp-nio-8080-exec-9[m] [36mValidateCountedFractionServiceImpl[m - Start method validateMaximumLimitFractionsV1
[30m2026-08-27T14:37:34,232[m [32mINFO  [m[[1;34mhttp-nio-8080-exec-9[m] [36mValidateCountedFractionServiceImpl[m - Start method validateQuantityFractionsV1, tradeId -> 1073300
[30m2026-08-27T14:37:34,232[m [32mINFO  [m[[1;34mhttp-nio-8080-exec-9[m] [36mValidateCountedFractionServiceImpl[m - Start method validateMaximumLimitFractionsV1
[30m2026-08-27T14:37:34,232[m [32mINFO  [m[[1;34mhttp-nio-8080-exec-9[m] [36mValidateCountedFractionServiceImpl[m - Start method validateQuantityFractionsV1, tradeId -> 1072918
[30m2026-08-27T14:37:34,232[m [32mINFO  [m[[1;34mhttp-nio-8080-exec-9[m] [36mValidateCountedFractionServiceImpl[m - Start method validateMaximumLimitFractionsV1
[30m2026-08-27T14:37:34,232[m [32mINFO  [m[[1;34mhttp-nio-8080-exec-9[m] [36mValidateCountedFractionServiceImpl[m - Start method validateQuantityFractionsV1, tradeId -> 1072919
[30m2026-08-27T14:37:34,232[m [32mINFO  [m[[1;34mhttp-nio-8080-exec-9[m] [36mValidateCountedFractionServiceImpl[m - Start method validateMaximumLimitFractionsV1
[30m2026-08-27T14:37:34,233[m [32mINFO  [m[[1;34mhttp-nio-8080-exec-9[m] [36mValidateCountedFractionServiceImpl[m - Start method validateQuantityFractionsV1, tradeId -> 1073303
[30m2026-08-27T14:37:34,233[m [32mINFO  [m[[1;34mhttp-nio-8080-exec-9[m] [36mValidateCountedFractionServiceImpl[m - Start method validateMaximumLimitFractionsV1
[30m2026-08-27T14:37:34,233[m [32mINFO  [m[[1;34mhttp-nio-8080-exec-9[m] [36mValidateCountedFractionServiceImpl[m - Start method validateQuantityFractionsV1, tradeId -> 1074427
[30m2026-08-27T14:37:34,233[m [32mINFO  [m[[1;34mhttp-nio-8080-exec-9[m] [36mValidateCountedFractionServiceImpl[m - Start method validateMaximumLimitFractionsV1
[30m2026-08-27T14:37:34,233[m [32mINFO  [m[[1;34mhttp-nio-8080-exec-9[m] [36mValidateCountedFractionServiceImpl[m - Start method validateQuantityFractionsV1, tradeId -> 1073306
[30m2026-08-27T14:37:34,233[m [32mINFO  [m[[1;34mhttp-nio-8080-exec-9[m] [36mValidateCountedFractionServiceImpl[m - Start method validateMaximumLimitFractionsV1
[30m2026-08-27T14:37:34,233[m [32mINFO  [m[[1;34mhttp-nio-8080-exec-9[m] [36mValidateCountedFractionServiceImpl[m - Start method validateQuantityFractionsV1, tradeId -> 1072921
[30m2026-08-27T14:37:34,233[m [32mINFO  [m[[1;34mhttp-nio-8080-exec-9[m] [36mValidateCountedFractionServiceImpl[m - Start method validateMaximumLimitFractionsV1
[30m2026-08-27T14:37:34,233[m [32mINFO  [m[[1;34mhttp-nio-8080-exec-9[m] [36mValidateCountedFractionServiceImpl[m - Start method validateQuantityFractionsV1, tradeId -> 1075214
[30m2026-08-27T14:37:34,233[m [32mINFO  [m[[1;34mhttp-nio-8080-exec-9[m] [36mValidateCountedFractionServiceImpl[m - Start method validateMaximumLimitFractionsV1
[30m2026-08-27T14:37:34,233[m [32mINFO  [m[[1;34mhttp-nio-8080-exec-9[m] [36mValidateCountedFractionServiceImpl[m - Start method validateQuantityFractionsV1, tradeId -> 1075215
[30m2026-08-27T14:37:34,233[m [32mINFO  [m[[1;34mhttp-nio-8080-exec-9[m] [36mValidateCountedFractionServiceImpl[m - Start method validateMaximumLimitFractionsV1
[30m2026-08-27T14:37:34,233[m [32mINFO  [m[[1;34mhttp-nio-8080-exec-9[m] [36mValidateCountedFractionServiceImpl[m - Start method validateQuantityFractionsV1, tradeId -> 1068317
[30m2026-08-27T14:37:34,233[m [32mINFO  [m[[1;34mhttp-nio-8080-exec-9[m] [36mValidateCountedFractionServiceImpl[m - Start method validateMaximumLimitFractionsV1
[30m2026-08-27T14:37:34,233[m [32mINFO  [m[[1;34mhttp-nio-8080-exec-9[m] [36mValidateCountedFractionServiceImpl[m - Start method validateQuantityFractionsV1, tradeId -> 1075216
[30m2026-08-27T14:37:34,233[m [32mINFO  [m[[1;34mhttp-nio-8080-exec-9[m] [36mValidateCountedFractionServiceImpl[m - Start method validateMaximumLimitFractionsV1
[30m2026-08-27T14:37:34,233[m [32mINFO  [m[[1;34mhttp-nio-8080-exec-9[m] [36mValidateCountedFractionServiceImpl[m - Start method validateQuantityFractionsV1, tradeId -> 1074428
[30m2026-08-27T14:37:34,233[m [32mINFO  [m[[1;34mhttp-nio-8080-exec-9[m] [36mValidateCountedFractionServiceImpl[m - Start method validateMaximumLimitFractionsV1
[30m2026-08-27T14:37:34,233[m [32mINFO  [m[[1;34mhttp-nio-8080-exec-9[m] [36mValidateCountedFractionServiceImpl[m - Start method validateQuantityFractionsV1, tradeId -> 1075217
[30m2026-08-27T14:37:34,233[m [32mINFO  [m[[1;34mhttp-nio-8080-exec-9[m] [36mValidateCountedFractionServiceImpl[m - Start method validateMaximumLimitFractionsV1
[30m2026-08-27T14:37:34,233[m [32mINFO  [m[[1;34mhttp-nio-8080-exec-9[m] [36mValidateCountedFractionServiceImpl[m - Start method validateQuantityFractionsV1, tradeId -> 1068318
[30m2026-08-27T14:37:34,233[m [32mINFO  [m[[1;34mhttp-nio-8080-exec-9[m] [36mValidateCountedFractionServiceImpl[m - Start method validateMaximumLimitFractionsV1
[30m2026-08-27T14:37:34,233[m [32mINFO  [m[[1;34mhttp-nio-8080-exec-9[m] [36mValidateCountedFractionServiceImpl[m - Start method validateQuantityFractionsV1, tradeId -> 1074429
[30m2026-08-27T14:37:34,233[m [32mINFO  [m[[1;34mhttp-nio-8080-exec-9[m] [36mValidateCountedFractionServiceImpl[m - Start method validateMaximumLimitFractionsV1
[30m2026-08-27T14:37:34,233[m [32mINFO  [m[[1;34mhttp-nio-8080-exec-9[m] [36mValidateCountedFractionServiceImpl[m - Start method validateQuantityFractionsV1, tradeId -> 1075218
[30m2026-08-27T14:37:34,234[m [32mINFO  [m[[1;34mhttp-nio-8080-exec-9[m] [36mValidateCountedFractionServiceImpl[m - Start method validateMaximumLimitFractionsV1
[30m2026-08-27T14:37:34,234[m [32mINFO  [m[[1;34mhttp-nio-8080-exec-9[m] [36mValidateCountedFractionServiceImpl[m - Start method validateQuantityFractionsV1, tradeId -> 1074430
[30m2026-08-27T14:37:34,234[m [32mINFO  [m[[1;34mhttp-nio-8080-exec-9[m] [36mValidateCountedFractionServiceImpl[m - Start method validateMaximumLimitFractionsV1
[30m2026-08-27T14:37:34,234[m [32mINFO  [m[[1;34mhttp-nio-8080-exec-9[m] [36mValidateCountedFractionServiceImpl[m - Start method validateQuantityFractionsV1, tradeId -> 1068319
[30m2026-08-27T14:37:34,234[m [32mINFO  [m[[1;34mhttp-nio-8080-exec-9[m] [36mValidateCountedFractionServiceImpl[m - Start method validateMaximumLimitFractionsV1
[30m2026-08-27T14:37:34,234[m [32mINFO  [m[[1;34mhttp-nio-8080-exec-9[m] [36mValidateCountedFractionServiceImpl[m - Start method validateQuantityFractionsV1, tradeId -> 1068320
[30m2026-08-27T14:37:34,234[m [32mINFO  [m[[1;34mhttp-nio-8080-exec-9[m] [36mValidateCountedFractionServiceImpl[m - Start method validateMaximumLimitFractionsV1
[30m2026-08-27T14:37:34,234[m [32mINFO  [m[[1;34mhttp-nio-8080-exec-9[m] [36mValidateCountedFractionServiceImpl[m - Start method validateQuantityFractionsV1, tradeId -> 1073309
[30m2026-08-27T14:37:34,234[m [32mINFO  [m[[1;34mhttp-nio-8080-exec-9[m] [36mValidateCountedFractionServiceImpl[m - Start method validateMaximumLimitFractionsV1
[30m2026-08-27T14:37:34,234[m [32mINFO  [m[[1;34mhttp-nio-8080-exec-9[m] [36mValidateCountedFractionServiceImpl[m - Start method validateQuantityFractionsV1, tradeId -> 1073312
[30m2026-08-27T14:37:34,234[m [32mINFO  [m[[1;34mhttp-nio-8080-exec-9[m] [36mValidateCountedFractionServiceImpl[m - Start method validateMaximumLimitFractionsV1
[30m2026-08-27T14:37:34,234[m [32mINFO  [m[[1;34mhttp-nio-8080-exec-9[m] [36mFractionationCountedServiceImpl[m - PERF_ASSIGNMENT_VALIDATION_BATCH batchId=aa31e80c-ff6f-4e5a-acc6-32f202e475f2 inputCount=50 validCount=50 invalidCount=0 uniqueTrades=50 uniqueSides=1 uniqueParticipants=1 titleAccountResolutionRequests=50 titleAccountUniqueBusinessKeys=1 settlementLookupRequests=50 settlementUniqueTradeSides=50 settlementRepositoryCalls=1 settlementRowsLoaded=0 settlementPrefetchMs=3 cudLookupRequests=0 cudUniqueTradeSides=0 cudUniqueBusinessKeys=0 cudRepositoryCalls=0 cudRowsLoaded=0 cudPrefetchMs=0 tradePrefetchMs=169 sidePrefetchMs=0 participantPrefetchMs=11 accountResolutionMs=19 accountPrefetchMs=10 businessValidationMs=8 totalMs=222
[30m2026-08-27T14:37:34,235[m [32mINFO  [m[[1;34mhttp-nio-8080-exec-9[m] [36mRestClientUtils[m - Client [POST] http://operaciones-fracciones-contado-back-service/operations-fractionation-api/v1/fractionation/batch
[30m2026-08-27T14:37:35,957[m [32mINFO  [m[[1;34mhttp-nio-8080-exec-9[m] [36mFractionationCountedServiceImpl[m - PERF_ASSIGNMENT_BATCH service=cmd batchId=aa31e80c-ff6f-4e5a-acc6-32f202e475f2 mode=RAW_VALIDATED configuredMaxBatchSize=80 receivedBatchSize=50 processedCount=50 successCount=50 failureCount=0 fractionationMs=1722 totalMs=1722
[30m2026-08-27T14:37:35,957[m [32mINFO  [m[[1;34mhttp-nio-8080-exec-9[m] [36mFractionationCountedServiceImpl[m - PERF_ASSIGNMENT_BATCH service=cmd batchId=aa31e80c-ff6f-4e5a-acc6-32f202e475f2 mode=RAW configuredMaxBatchSize=80 receivedBatchSize=50 validCount=50 invalidCount=0 sentToFractionationCount=50 successCount=50 failureCount=0 totalMs=1945
[30m2026-08-27T14:37:35,959[m [32mINFO  [m[[1;34mhttp-nio-8080-exec-9[m] [36mGlobalFilter[m - Request [POST /operations-cmd-api/v1/fractionation/counted-operation/batch] completed in 1951 ms with status 200
[30m2026-08-27T14:37:35,982[m [32mINFO  [m[[1;34mhttp-nio-8080-exec-10[m] [36mGlobalFilter[m - ----------- Client User: operaciones-orquestador-ext-back ----------
[30m2026-08-27T14:37:36,153[m [32mINFO  [m[[1;34mhttp-nio-8080-exec-10[m] [36mValidateCountedFractionServiceImpl[m - Start method validateAccountFractionAssignmentV1, accountNumber -> 4021801, tradeId -> 1074435, sideId -> 1, originId -> 122, isLocalCorrection -> false
[30m2026-08-27T14:37:36,153[m [32mINFO  [m[[1;34mhttp-nio-8080-exec-10[m] [36mValidateCountedFractionServiceImpl[m - Searching participant account assignment for accountNumber -> 4021801, participantId -> 15, depositoryId -> 1
[30m2026-08-27T14:37:36,155[m [32mINFO  [m[[1;34mhttp-nio-8080-exec-10[m] [36mValidateCountedFractionServiceImpl[m - No participant account found for accountNumber -> 4021801
[30m2026-08-27T14:37:36,169[m [32mINFO  [m[[1;34mhttp-nio-8080-exec-10[m] [36mValidateCountedFractionServiceImpl[m - End method validateAccountFractionAssignmentV1, fractionAccountOutDto -> FractionAccountOutDto(participantAccount=null, investorAccount=InvestorAccountOutDto(id=57, investor=InvestorOutDto(id=167, code=CL00000001, firstName=Prueba Nombre 1, lastName=Prueba Nombre 2, companyName=TERCERO3509748, type=TypeOutDto(id=2, description=JURIDICO, category=PERSONA), status=StatusOutDto(id=515, description=ACTIVO, category=INVERSIONISTA, shortName=null), country=CountryOutDto(id=35, code=CL, name=CHILE, currency=CurrencyOutDto(id=30, code=CLP, name=PESO CHILENO), timeZone=UTC -3), documentNumber=8605303170, identificationType=IdentificationTypeOutDto(id=5, description=CEDULA DE CIUDADANÍA, code=CC), nationality=35, clearinghouseCode=null, gics=null, moneyLaunderingFlag=null, taxStatus=null), accountNumber=4021801, accountName=AMBIENTE 3  PRUEBA 3, status=StatusOutDto(id=570, description=ACTIVO, category=CUENTA_INVERSIONISTA, shortName=null), originType=TypeOutDto(id=120, description=TERCEROS, category=ORIGEN PUNTA), type=TypeOutDto(id=26, description=CUENTA DEPOSITO, category=CUENTA DEPOSITO), depository=DepositoryOutDto(id=1, description=DVL), participant=null, taxExemp=false), sourceQuoteType=TypeOutDto(id=120, description=TERCEROS, category=ORIGEN PUNTA), fiduciarySpecialist=false, jointAccount=false, masterAccount=false, custodian=null, milaDirectDepositor=null)
[30m2026-08-27T14:37:36,185[m [32mINFO  [m[[1;34mhttp-nio-8080-exec-10[m] [36mValidateCountedFractionServiceImpl[m - Start method validateQuantityFractionsV1, tradeId -> 1074435
[30m2026-08-27T14:37:36,185[m [32mINFO  [m[[1;34mhttp-nio-8080-exec-10[m] [36mValidateCountedFractionServiceImpl[m - Start method validateMaximumLimitFractionsV1
[30m2026-08-27T14:37:36,185[m [32mINFO  [m[[1;34mhttp-nio-8080-exec-10[m] [36mValidateCountedFractionServiceImpl[m - Start method validateQuantityFractionsV1, tradeId -> 1073315
[30m2026-08-27T14:37:36,185[m [32mINFO  [m[[1;34mhttp-nio-8080-exec-10[m] [36mValidateCountedFractionServiceImpl[m - Start method validateMaximumLimitFractionsV1
[30m2026-08-27T14:37:36,185[m [32mINFO  [m[[1;34mhttp-nio-8080-exec-10[m] [36mValidateCountedFractionServiceImpl[m - Start method validateQuantityFractionsV1, tradeId -> 1073318
[30m2026-08-27T14:37:36,185[m [32mINFO  [m[[1;34mhttp-nio-8080-exec-10[m] [36mValidateCountedFractionServiceImpl[m - Start method validateMaximumLimitFractionsV1
[30m2026-08-27T14:37:36,185[m [32mINFO  [m[[1;34mhttp-nio-8080-exec-10[m] [36mValidateCountedFractionServiceImpl[m - Start method validateQuantityFractionsV1, tradeId -> 1074438
[30m2026-08-27T14:37:36,186[m [32mINFO  [m[[1;34mhttp-nio-8080-exec-10[m] [36mValidateCountedFractionServiceImpl[m - Start method validateMaximumLimitFractionsV1
[30m2026-08-27T14:37:36,186[m [32mINFO  [m[[1;34mhttp-nio-8080-exec-10[m] [36mValidateCountedFractionServiceImpl[m - Start method validateQuantityFractionsV1, tradeId -> 1073322
[30m2026-08-27T14:37:36,186[m [32mINFO  [m[[1;34mhttp-nio-8080-exec-10[m] [36mValidateCountedFractionServiceImpl[m - Start method validateMaximumLimitFractionsV1
[30m2026-08-27T14:37:36,186[m [32mINFO  [m[[1;34mhttp-nio-8080-exec-10[m] [36mValidateCountedFractionServiceImpl[m - Start method validateQuantityFractionsV1, tradeId -> 1074439
[30m2026-08-27T14:37:36,186[m [32mINFO  [m[[1;34mhttp-nio-8080-exec-10[m] [36mValidateCountedFractionServiceImpl[m - Start method validateMaximumLimitFractionsV1
[30m2026-08-27T14:37:36,186[m [32mINFO  [m[[1;34mhttp-nio-8080-exec-10[m] [36mValidateCountedFractionServiceImpl[m - Start method validateQuantityFractionsV1, tradeId -> 1075229
[30m2026-08-27T14:37:36,186[m [32mINFO  [m[[1;34mhttp-nio-8080-exec-10[m] [36mValidateCountedFractionServiceImpl[m - Start method validateMaximumLimitFractionsV1
[30m2026-08-27T14:37:36,186[m [32mINFO  [m[[1;34mhttp-nio-8080-exec-10[m] [36mValidateCountedFractionServiceImpl[m - Start method validateQuantityFractionsV1, tradeId -> 1068327
[30m2026-08-27T14:37:36,186[m [32mINFO  [m[[1;34mhttp-nio-8080-exec-10[m] [36mValidateCountedFractionServiceImpl[m - Start method validateMaximumLimitFractionsV1
[30m2026-08-27T14:37:36,186[m [32mINFO  [m[[1;34mhttp-nio-8080-exec-10[m] [36mValidateCountedFractionServiceImpl[m - Start method validateQuantityFractionsV1, tradeId -> 1075230
[30m2026-08-27T14:37:36,186[m [32mINFO  [m[[1;34mhttp-nio-8080-exec-10[m] [36mValidateCountedFractionServiceImpl[m - Start method validateMaximumLimitFractionsV1
[30m2026-08-27T14:37:36,186[m [32mINFO  [m[[1;34mhttp-nio-8080-exec-10[m] [36mValidateCountedFractionServiceImpl[m - Start method validateQuantityFractionsV1, tradeId -> 1075231
[30m2026-08-27T14:37:36,186[m [32mINFO  [m[[1;34mhttp-nio-8080-exec-10[m] [36mValidateCountedFractionServiceImpl[m - Start method validateMaximumLimitFractionsV1
[30m2026-08-27T14:37:36,186[m [32mINFO  [m[[1;34mhttp-nio-8080-exec-10[m] [36mValidateCountedFractionServiceImpl[m - Start method validateQuantityFractionsV1, tradeId -> 1068328
[30m2026-08-27T14:37:36,186[m [32mINFO  [m[[1;34mhttp-nio-8080-exec-10[m] [36mValidateCountedFractionServiceImpl[m - Start method validateMaximumLimitFractionsV1
[30m2026-08-27T14:37:36,186[m [32mINFO  [m[[1;34mhttp-nio-8080-exec-10[m] [36mValidateCountedFractionServiceImpl[m - Start method validateQuantityFractionsV1, tradeId -> 1075232
[30m2026-08-27T14:37:36,186[m [32mINFO  [m[[1;34mhttp-nio-8080-exec-10[m] [36mValidateCountedFractionServiceImpl[m - Start method validateMaximumLimitFractionsV1
[30m2026-08-27T14:37:36,186[m [32mINFO  [m[[1;34mhttp-nio-8080-exec-10[m] [36mValidateCountedFractionServiceImpl[m - Start method validateQuantityFractionsV1, tradeId -> 1072929
[30m2026-08-27T14:37:36,186[m [32mINFO  [m[[1;34mhttp-nio-8080-exec-10[m] [36mValidateCountedFractionServiceImpl[m - Start method validateMaximumLimitFractionsV1
[30m2026-08-27T14:37:36,186[m [32mINFO  [m[[1;34mhttp-nio-8080-exec-10[m] [36mValidateCountedFractionServiceImpl[m - Start method validateQuantityFractionsV1, tradeId -> 1068329
[30m2026-08-27T14:37:36,187[m [32mINFO  [m[[1;34mhttp-nio-8080-exec-10[m] [36mValidateCountedFractionServiceImpl[m - Start method validateMaximumLimitFractionsV1
[30m2026-08-27T14:37:36,187[m [32mINFO  [m[[1;34mhttp-nio-8080-exec-10[m] [36mValidateCountedFractionServiceImpl[m - Start method validateQuantityFractionsV1, tradeId -> 1068330
[30m2026-08-27T14:37:36,187[m [32mINFO  [m[[1;34mhttp-nio-8080-exec-10[m] [36mValidateCountedFractionServiceImpl[m - Start method validateMaximumLimitFractionsV1
[30m2026-08-27T14:37:36,187[m [32mINFO  [m[[1;34mhttp-nio-8080-exec-10[m] [36mValidateCountedFractionServiceImpl[m - Start method validateQuantityFractionsV1, tradeId -> 1073325
[30m2026-08-27T14:37:36,187[m [32mINFO  [m[[1;34mhttp-nio-8080-exec-10[m] [36mValidateCountedFractionServiceImpl[m - Start method validateMaximumLimitFractionsV1
[30m2026-08-27T14:37:36,187[m [32mINFO  [m[[1;34mhttp-nio-8080-exec-10[m] [36mValidateCountedFractionServiceImpl[m - Start method validateQuantityFractionsV1, tradeId -> 1073328
[30m2026-08-27T14:37:36,187[m [32mINFO  [m[[1;34mhttp-nio-8080-exec-10[m] [36mValidateCountedFractionServiceImpl[m - Start method validateMaximumLimitFractionsV1
[30m2026-08-27T14:37:36,187[m [32mINFO  [m[[1;34mhttp-nio-8080-exec-10[m] [36mValidateCountedFractionServiceImpl[m - Start method validateQuantityFractionsV1, tradeId -> 1073331
[30m2026-08-27T14:37:36,187[m [32mINFO  [m[[1;34mhttp-nio-8080-exec-10[m] [36mValidateCountedFractionServiceImpl[m - Start method validateMaximumLimitFractionsV1
[30m2026-08-27T14:37:36,187[m [32mINFO  [m[[1;34mhttp-nio-8080-exec-10[m] [36mValidateCountedFractionServiceImpl[m - Start method validateQuantityFractionsV1, tradeId -> 1072933
[30m2026-08-27T14:37:36,187[m [32mINFO  [m[[1;34mhttp-nio-8080-exec-10[m] [36mValidateCountedFractionServiceImpl[m - Start method validateMaximumLimitFractionsV1
[30m2026-08-27T14:37:36,187[m [32mINFO  [m[[1;34mhttp-nio-8080-exec-10[m] [36mValidateCountedFractionServiceImpl[m - Start method validateQuantityFractionsV1, tradeId -> 1075233
[30m2026-08-27T14:37:36,187[m [32mINFO  [m[[1;34mhttp-nio-8080-exec-10[m] [36mValidateCountedFractionServiceImpl[m - Start method validateMaximumLimitFractionsV1
[30m2026-08-27T14:37:36,187[m [32mINFO  [m[[1;34mhttp-nio-8080-exec-10[m] [36mValidateCountedFractionServiceImpl[m - Start method validateQuantityFractionsV1, tradeId -> 1072934
[30m2026-08-27T14:37:36,187[m [32mINFO  [m[[1;34mhttp-nio-8080-exec-10[m] [36mValidateCountedFractionServiceImpl[m - Start method validateMaximumLimitFractionsV1
[30m2026-08-27T14:37:36,187[m [32mINFO  [m[[1;34mhttp-nio-8080-exec-10[m] [36mValidateCountedFractionServiceImpl[m - Start method validateQuantityFractionsV1, tradeId -> 1068337
[30m2026-08-27T14:37:36,188[m [32mINFO  [m[[1;34mhttp-nio-8080-exec-10[m] [36mValidateCountedFractionServiceImpl[m - Start method validateMaximumLimitFractionsV1
[30m2026-08-27T14:37:36,188[m [32mINFO  [m[[1;34mhttp-nio-8080-exec-10[m] [36mValidateCountedFractionServiceImpl[m - Start method validateQuantityFractionsV1, tradeId -> 1072937
[30m2026-08-27T14:37:36,188[m [32mINFO  [m[[1;34mhttp-nio-8080-exec-10[m] [36mValidateCountedFractionServiceImpl[m - Start method validateMaximumLimitFractionsV1
[30m2026-08-27T14:37:36,188[m [32mINFO  [m[[1;34mhttp-nio-8080-exec-10[m] [36mValidateCountedFractionServiceImpl[m - Start method validateQuantityFractionsV1, tradeId -> 1073335
[30m2026-08-27T14:37:36,188[m [32mINFO  [m[[1;34mhttp-nio-8080-exec-10[m] [36mValidateCountedFractionServiceImpl[m - Start method validateMaximumLimitFractionsV1
[30m2026-08-27T14:37:36,188[m [32mINFO  [m[[1;34mhttp-nio-8080-exec-10[m] [36mValidateCountedFractionServiceImpl[m - Start method validateQuantityFractionsV1, tradeId -> 1073337
[30m2026-08-27T14:37:36,188[m [32mINFO  [m[[1;34mhttp-nio-8080-exec-10[m] [36mValidateCountedFractionServiceImpl[m - Start method validateMaximumLimitFractionsV1
[30m2026-08-27T14:37:36,188[m [32mINFO  [m[[1;34mhttp-nio-8080-exec-10[m] [36mValidateCountedFractionServiceImpl[m - Start method validateQuantityFractionsV1, tradeId -> 1072938
[30m2026-08-27T14:37:36,188[m [32mINFO  [m[[1;34mhttp-nio-8080-exec-10[m] [36mValidateCountedFractionServiceImpl[m - Start method validateMaximumLimitFractionsV1
[30m2026-08-27T14:37:36,188[m [32mINFO  [m[[1;34mhttp-nio-8080-exec-10[m] [36mValidateCountedFractionServiceImpl[m - Start method validateQuantityFractionsV1, tradeId -> 1074444
[30m2026-08-27T14:37:36,188[m [32mINFO  [m[[1;34mhttp-nio-8080-exec-10[m] [36mValidateCountedFractionServiceImpl[m - Start method validateMaximumLimitFractionsV1
[30m2026-08-27T14:37:36,188[m [32mINFO  [m[[1;34mhttp-nio-8080-exec-10[m] [36mValidateCountedFractionServiceImpl[m - Start method validateQuantityFractionsV1, tradeId -> 1074445
[30m2026-08-27T14:37:36,188[m [32mINFO  [m[[1;34mhttp-nio-8080-exec-10[m] [36mValidateCountedFractionServiceImpl[m - Start method validateMaximumLimitFractionsV1
[30m2026-08-27T14:37:36,188[m [32mINFO  [m[[1;34mhttp-nio-8080-exec-10[m] [36mValidateCountedFractionServiceImpl[m - Start method validateQuantityFractionsV1, tradeId -> 1072939
[30m2026-08-27T14:37:36,188[m [32mINFO  [m[[1;34mhttp-nio-8080-exec-10[m] [36mValidateCountedFractionServiceImpl[m - Start method validateMaximumLimitFractionsV1
[30m2026-08-27T14:37:36,188[m [32mINFO  [m[[1;34mhttp-nio-8080-exec-10[m] [36mValidateCountedFractionServiceImpl[m - Start method validateQuantityFractionsV1, tradeId -> 1075236
[30m2026-08-27T14:37:36,188[m [32mINFO  [m[[1;34mhttp-nio-8080-exec-10[m] [36mValidateCountedFractionServiceImpl[m - Start method validateMaximumLimitFractionsV1
[30m2026-08-27T14:37:36,188[m [32mINFO  [m[[1;34mhttp-nio-8080-exec-10[m] [36mValidateCountedFractionServiceImpl[m - Start method validateQuantityFractionsV1, tradeId -> 1072940
[30m2026-08-27T14:37:36,188[m [32mINFO  [m[[1;34mhttp-nio-8080-exec-10[m] [36mValidateCountedFractionServiceImpl[m - Start method validateMaximumLimitFractionsV1
[30m2026-08-27T14:37:36,188[m [32mINFO  [m[[1;34mhttp-nio-8080-exec-10[m] [36mValidateCountedFractionServiceImpl[m - Start method validateQuantityFractionsV1, tradeId -> 1068340
[30m2026-08-27T14:37:36,188[m [32mINFO  [m[[1;34mhttp-nio-8080-exec-10[m] [36mValidateCountedFractionServiceImpl[m - Start method validateMaximumLimitFractionsV1
[30m2026-08-27T14:37:36,188[m [32mINFO  [m[[1;34mhttp-nio-8080-exec-10[m] [36mValidateCountedFractionServiceImpl[m - Start method validateQuantityFractionsV1, tradeId -> 1075237
[30m2026-08-27T14:37:36,188[m [32mINFO  [m[[1;34mhttp-nio-8080-exec-10[m] [36mValidateCountedFractionServiceImpl[m - Start method validateMaximumLimitFractionsV1
[30m2026-08-27T14:37:36,188[m [32mINFO  [m[[1;34mhttp-nio-8080-exec-10[m] [36mValidateCountedFractionServiceImpl[m - Start method validateQuantityFractionsV1, tradeId -> 1072941
[30m2026-08-27T14:37:36,188[m [32mINFO  [m[[1;34mhttp-nio-8080-exec-10[m] [36mValidateCountedFractionServiceImpl[m - Start method validateMaximumLimitFractionsV1
[30m2026-08-27T14:37:36,188[m [32mINFO  [m[[1;34mhttp-nio-8080-exec-10[m] [36mValidateCountedFractionServiceImpl[m - Start method validateQuantityFractionsV1, tradeId -> 1072942
[30m2026-08-27T14:37:36,188[m [32mINFO  [m[[1;34mhttp-nio-8080-exec-10[m] [36mValidateCountedFractionServiceImpl[m - Start method validateMaximumLimitFractionsV1
[30m2026-08-27T14:37:36,188[m [32mINFO  [m[[1;34mhttp-nio-8080-exec-10[m] [36mValidateCountedFractionServiceImpl[m - Start method validateQuantityFractionsV1, tradeId -> 1074446
[30m2026-08-27T14:37:36,189[m [32mINFO  [m[[1;34mhttp-nio-8080-exec-10[m] [36mValidateCountedFractionServiceImpl[m - Start method validateMaximumLimitFractionsV1
[30m2026-08-27T14:37:36,189[m [32mINFO  [m[[1;34mhttp-nio-8080-exec-10[m] [36mValidateCountedFractionServiceImpl[m - Start method validateQuantityFractionsV1, tradeId -> 1074447
[30m2026-08-27T14:37:36,189[m [32mINFO  [m[[1;34mhttp-nio-8080-exec-10[m] [36mValidateCountedFractionServiceImpl[m - Start method validateMaximumLimitFractionsV1
[30m2026-08-27T14:37:36,189[m [32mINFO  [m[[1;34mhttp-nio-8080-exec-10[m] [36mValidateCountedFractionServiceImpl[m - Start method validateQuantityFractionsV1, tradeId -> 1074448
[30m2026-08-27T14:37:36,189[m [32mINFO  [m[[1;34mhttp-nio-8080-exec-10[m] [36mValidateCountedFractionServiceImpl[m - Start method validateMaximumLimitFractionsV1
[30m2026-08-27T14:37:36,189[m [32mINFO  [m[[1;34mhttp-nio-8080-exec-10[m] [36mValidateCountedFractionServiceImpl[m - Start method validateQuantityFractionsV1, tradeId -> 1073341
[30m2026-08-27T14:37:36,189[m [32mINFO  [m[[1;34mhttp-nio-8080-exec-10[m] [36mValidateCountedFractionServiceImpl[m - Start method validateMaximumLimitFractionsV1
[30m2026-08-27T14:37:36,189[m [32mINFO  [m[[1;34mhttp-nio-8080-exec-10[m] [36mValidateCountedFractionServiceImpl[m - Start method validateQuantityFractionsV1, tradeId -> 1072944
[30m2026-08-27T14:37:36,189[m [32mINFO  [m[[1;34mhttp-nio-8080-exec-10[m] [36mValidateCountedFractionServiceImpl[m - Start method validateMaximumLimitFractionsV1
[30m2026-08-27T14:37:36,189[m [32mINFO  [m[[1;34mhttp-nio-8080-exec-10[m] [36mValidateCountedFractionServiceImpl[m - Start method validateQuantityFractionsV1, tradeId -> 1073344
[30m2026-08-27T14:37:36,189[m [32mINFO  [m[[1;34mhttp-nio-8080-exec-10[m] [36mValidateCountedFractionServiceImpl[m - Start method validateMaximumLimitFractionsV1
[30m2026-08-27T14:37:36,189[m [32mINFO  [m[[1;34mhttp-nio-8080-exec-10[m] [36mValidateCountedFractionServiceImpl[m - Start method validateQuantityFractionsV1, tradeId -> 1074452
[30m2026-08-27T14:37:36,189[m [32mINFO  [m[[1;34mhttp-nio-8080-exec-10[m] [36mValidateCountedFractionServiceImpl[m - Start method validateMaximumLimitFractionsV1
[30m2026-08-27T14:37:36,189[m [32mINFO  [m[[1;34mhttp-nio-8080-exec-10[m] [36mValidateCountedFractionServiceImpl[m - Start method validateQuantityFractionsV1, tradeId -> 1073347
[30m2026-08-27T14:37:36,189[m [32mINFO  [m[[1;34mhttp-nio-8080-exec-10[m] [36mValidateCountedFractionServiceImpl[m - Start method validateMaximumLimitFractionsV1
[30m2026-08-27T14:37:36,189[m [32mINFO  [m[[1;34mhttp-nio-8080-exec-10[m] [36mValidateCountedFractionServiceImpl[m - Start method validateQuantityFractionsV1, tradeId -> 1074453
[30m2026-08-27T14:37:36,189[m [32mINFO  [m[[1;34mhttp-nio-8080-exec-10[m] [36mValidateCountedFractionServiceImpl[m - Start method validateMaximumLimitFractionsV1
[30m2026-08-27T14:37:36,189[m [32mINFO  [m[[1;34mhttp-nio-8080-exec-10[m] [36mValidateCountedFractionServiceImpl[m - Start method validateQuantityFractionsV1, tradeId -> 1072950
[30m2026-08-27T14:37:36,189[m [32mINFO  [m[[1;34mhttp-nio-8080-exec-10[m] [36mValidateCountedFractionServiceImpl[m - Start method validateMaximumLimitFractionsV1
[30m2026-08-27T14:37:36,189[m [32mINFO  [m[[1;34mhttp-nio-8080-exec-10[m] [36mValidateCountedFractionServiceImpl[m - Start method validateQuantityFractionsV1, tradeId -> 1072951
[30m2026-08-27T14:37:36,189[m [32mINFO  [m[[1;34mhttp-nio-8080-exec-10[m] [36mValidateCountedFractionServiceImpl[m - Start method validateMaximumLimitFractionsV1
[30m2026-08-27T14:37:36,189[m [32mINFO  [m[[1;34mhttp-nio-8080-exec-10[m] [36mValidateCountedFractionServiceImpl[m - Start method validateQuantityFractionsV1, tradeId -> 1072952
[30m2026-08-27T14:37:36,189[m [32mINFO  [m[[1;34mhttp-nio-8080-exec-10[m] [36mValidateCountedFractionServiceImpl[m - Start method validateMaximumLimitFractionsV1
[30m2026-08-27T14:37:36,189[m [32mINFO  [m[[1;34mhttp-nio-8080-exec-10[m] [36mValidateCountedFractionServiceImpl[m - Start method validateQuantityFractionsV1, tradeId -> 1073350
[30m2026-08-27T14:37:36,190[m [32mINFO  [m[[1;34mhttp-nio-8080-exec-10[m] [36mValidateCountedFractionServiceImpl[m - Start method validateMaximumLimitFractionsV1
[30m2026-08-27T14:37:36,190[m [32mINFO  [m[[1;34mhttp-nio-8080-exec-10[m] [36mValidateCountedFractionServiceImpl[m - Start method validateQuantityFractionsV1, tradeId -> 1075253
[30m2026-08-27T14:37:36,190[m [32mINFO  [m[[1;34mhttp-nio-8080-exec-10[m] [36mValidateCountedFractionServiceImpl[m - Start method validateMaximumLimitFractionsV1
[30m2026-08-27T14:37:36,190[m [32mINFO  [m[[1;34mhttp-nio-8080-exec-10[m] [36mValidateCountedFractionServiceImpl[m - Start method validateQuantityFractionsV1, tradeId -> 1074458
[30m2026-08-27T14:37:36,190[m [32mINFO  [m[[1;34mhttp-nio-8080-exec-10[m] [36mValidateCountedFractionServiceImpl[m - Start method validateMaximumLimitFractionsV1
[30m2026-08-27T14:37:36,190[m [32mINFO  [m[[1;34mhttp-nio-8080-exec-10[m] [36mFractionationCountedServiceImpl[m - PERF_ASSIGNMENT_VALIDATION_BATCH batchId=94cfaa94-9878-4653-a840-8e6f2334d523 inputCount=50 validCount=50 invalidCount=0 uniqueTrades=50 uniqueSides=1 uniqueParticipants=1 titleAccountResolutionRequests=50 titleAccountUniqueBusinessKeys=1 settlementLookupRequests=50 settlementUniqueTradeSides=50 settlementRepositoryCalls=1 settlementRowsLoaded=0 settlementPrefetchMs=2 cudLookupRequests=0 cudUniqueTradeSides=0 cudUniqueBusinessKeys=0 cudRepositoryCalls=0 cudRowsLoaded=0 cudPrefetchMs=0 tradePrefetchMs=154 sidePrefetchMs=0 participantPrefetchMs=14 accountResolutionMs=16 accountPrefetchMs=9 businessValidationMs=8 totalMs=205
[30m2026-08-27T14:37:36,191[m [32mINFO  [m[[1;34mhttp-nio-8080-exec-10[m] [36mRestClientUtils[m - Client [POST] http://operaciones-fracciones-contado-back-service/operations-fractionation-api/v1/fractionation/batch
[30m2026-08-27T14:37:37,930[m [32mINFO  [m[[1;34mhttp-nio-8080-exec-10[m] [36mFractionationCountedServiceImpl[m - PERF_ASSIGNMENT_BATCH service=cmd batchId=94cfaa94-9878-4653-a840-8e6f2334d523 mode=RAW_VALIDATED configuredMaxBatchSize=80 receivedBatchSize=50 processedCount=50 successCount=50 failureCount=0 fractionationMs=1739 totalMs=1739
[30m2026-08-27T14:37:37,930[m [32mINFO  [m[[1;34mhttp-nio-8080-exec-10[m] [36mFractionationCountedServiceImpl[m - PERF_ASSIGNMENT_BATCH service=cmd batchId=94cfaa94-9878-4653-a840-8e6f2334d523 mode=RAW configuredMaxBatchSize=80 receivedBatchSize=50 validCount=50 invalidCount=0 sentToFractionationCount=50 successCount=50 failureCount=0 totalMs=1945
[30m2026-08-27T14:37:37,932[m [32mINFO  [m[[1;34mhttp-nio-8080-exec-10[m] [36mGlobalFilter[m - Request [POST /operations-cmd-api/v1/fractionation/counted-operation/batch] completed in 1950 ms with status 200
[30m2026-08-27T14:37:37,953[m [32mINFO  [m[[1;34mhttp-nio-8080-exec-1[m] [36mGlobalFilter[m - ----------- Client User: operaciones-orquestador-ext-back ----------
[30m2026-08-27T14:37:38,126[m [32mINFO  [m[[1;34mhttp-nio-8080-exec-1[m] [36mValidateCountedFractionServiceImpl[m - Start method validateAccountFractionAssignmentV1, accountNumber -> 4021801, tradeId -> 1075254, sideId -> 1, originId -> 122, isLocalCorrection -> false
[30m2026-08-27T14:37:38,126[m [32mINFO  [m[[1;34mhttp-nio-8080-exec-1[m] [36mValidateCountedFractionServiceImpl[m - Searching participant account assignment for accountNumber -> 4021801, participantId -> 15, depositoryId -> 1
[30m2026-08-27T14:37:38,128[m [32mINFO  [m[[1;34mhttp-nio-8080-exec-1[m] [36mValidateCountedFractionServiceImpl[m - No participant account found for accountNumber -> 4021801
[30m2026-08-27T14:37:38,142[m [32mINFO  [m[[1;34mhttp-nio-8080-exec-1[m] [36mValidateCountedFractionServiceImpl[m - End method validateAccountFractionAssignmentV1, fractionAccountOutDto -> FractionAccountOutDto(participantAccount=null, investorAccount=InvestorAccountOutDto(id=57, investor=InvestorOutDto(id=167, code=CL00000001, firstName=Prueba Nombre 1, lastName=Prueba Nombre 2, companyName=TERCERO3509748, type=TypeOutDto(id=2, description=JURIDICO, category=PERSONA), status=StatusOutDto(id=515, description=ACTIVO, category=INVERSIONISTA, shortName=null), country=CountryOutDto(id=35, code=CL, name=CHILE, currency=CurrencyOutDto(id=30, code=CLP, name=PESO CHILENO), timeZone=UTC -3), documentNumber=8605303170, identificationType=IdentificationTypeOutDto(id=5, description=CEDULA DE CIUDADANÍA, code=CC), nationality=35, clearinghouseCode=null, gics=null, moneyLaunderingFlag=null, taxStatus=null), accountNumber=4021801, accountName=AMBIENTE 3  PRUEBA 3, status=StatusOutDto(id=570, description=ACTIVO, category=CUENTA_INVERSIONISTA, shortName=null), originType=TypeOutDto(id=120, description=TERCEROS, category=ORIGEN PUNTA), type=TypeOutDto(id=26, description=CUENTA DEPOSITO, category=CUENTA DEPOSITO), depository=DepositoryOutDto(id=1, description=DVL), participant=null, taxExemp=false), sourceQuoteType=TypeOutDto(id=120, description=TERCEROS, category=ORIGEN PUNTA), fiduciarySpecialist=false, jointAccount=false, masterAccount=false, custodian=null, milaDirectDepositor=null)
[30m2026-08-27T14:37:38,159[m [32mINFO  [m[[1;34mhttp-nio-8080-exec-1[m] [36mValidateCountedFractionServiceImpl[m - Start method validateQuantityFractionsV1, tradeId -> 1075254
[30m2026-08-27T14:37:38,160[m [32mINFO  [m[[1;34mhttp-nio-8080-exec-1[m] [36mValidateCountedFractionServiceImpl[m - Start method validateMaximumLimitFractionsV1
[30m2026-08-27T14:37:38,160[m [32mINFO  [m[[1;34mhttp-nio-8080-exec-1[m] [36mValidateCountedFractionServiceImpl[m - Start method validateQuantityFractionsV1, tradeId -> 1074459
[30m2026-08-27T14:37:38,160[m [32mINFO  [m[[1;34mhttp-nio-8080-exec-1[m] [36mValidateCountedFractionServiceImpl[m - Start method validateMaximumLimitFractionsV1
[30m2026-08-27T14:37:38,160[m [32mINFO  [m[[1;34mhttp-nio-8080-exec-1[m] [36mValidateCountedFractionServiceImpl[m - Start method validateQuantityFractionsV1, tradeId -> 1075255
[30m2026-08-27T14:37:38,160[m [32mINFO  [m[[1;34mhttp-nio-8080-exec-1[m] [36mValidateCountedFractionServiceImpl[m - Start method validateMaximumLimitFractionsV1
[30m2026-08-27T14:37:38,160[m [32mINFO  [m[[1;34mhttp-nio-8080-exec-1[m] [36mValidateCountedFractionServiceImpl[m - Start method validateQuantityFractionsV1, tradeId -> 1068345
[30m2026-08-27T14:37:38,160[m [32mINFO  [m[[1;34mhttp-nio-8080-exec-1[m] [36mValidateCountedFractionServiceImpl[m - Start method validateMaximumLimitFractionsV1
[30m2026-08-27T14:37:38,160[m [32mINFO  [m[[1;34mhttp-nio-8080-exec-1[m] [36mValidateCountedFractionServiceImpl[m - Start method validateQuantityFractionsV1, tradeId -> 1072958
[30m2026-08-27T14:37:38,160[m [32mINFO  [m[[1;34mhttp-nio-8080-exec-1[m] [36mValidateCountedFractionServiceImpl[m - Start method validateMaximumLimitFractionsV1
[30m2026-08-27T14:37:38,160[m [32mINFO  [m[[1;34mhttp-nio-8080-exec-1[m] [36mValidateCountedFractionServiceImpl[m - Start method validateQuantityFractionsV1, tradeId -> 1073353
[30m2026-08-27T14:37:38,160[m [32mINFO  [m[[1;34mhttp-nio-8080-exec-1[m] [36mValidateCountedFractionServiceImpl[m - Start method validateMaximumLimitFractionsV1
[30m2026-08-27T14:37:38,160[m [32mINFO  [m[[1;34mhttp-nio-8080-exec-1[m] [36mValidateCountedFractionServiceImpl[m - Start method validateQuantityFractionsV1, tradeId -> 1074463
[30m2026-08-27T14:37:38,160[m [32mINFO  [m[[1;34mhttp-nio-8080-exec-1[m] [36mValidateCountedFractionServiceImpl[m - Start method validateMaximumLimitFractionsV1
[30m2026-08-27T14:37:38,160[m [32mINFO  [m[[1;34mhttp-nio-8080-exec-1[m] [36mValidateCountedFractionServiceImpl[m - Start method validateQuantityFractionsV1, tradeId -> 1075264
[30m2026-08-27T14:37:38,160[m [32mINFO  [m[[1;34mhttp-nio-8080-exec-1[m] [36mValidateCountedFractionServiceImpl[m - Start method validateMaximumLimitFractionsV1
[30m2026-08-27T14:37:38,160[m [32mINFO  [m[[1;34mhttp-nio-8080-exec-1[m] [36mValidateCountedFractionServiceImpl[m - Start method validateQuantityFractionsV1, tradeId -> 1075265
[30m2026-08-27T14:37:38,160[m [32mINFO  [m[[1;34mhttp-nio-8080-exec-1[m] [36mValidateCountedFractionServiceImpl[m - Start method validateMaximumLimitFractionsV1
[30m2026-08-27T14:37:38,160[m [32mINFO  [m[[1;34mhttp-nio-8080-exec-1[m] [36mValidateCountedFractionServiceImpl[m - Start method validateQuantityFractionsV1, tradeId -> 1073356
[30m2026-08-27T14:37:38,160[m [32mINFO  [m[[1;34mhttp-nio-8080-exec-1[m] [36mValidateCountedFractionServiceImpl[m - Start method validateMaximumLimitFractionsV1
[30m2026-08-27T14:37:38,160[m [32mINFO  [m[[1;34mhttp-nio-8080-exec-1[m] [36mValidateCountedFractionServiceImpl[m - Start method validateQuantityFractionsV1, tradeId -> 1075267
[30m2026-08-27T14:37:38,160[m [32mINFO  [m[[1;34mhttp-nio-8080-exec-1[m] [36mValidateCountedFractionServiceImpl[m - Start method validateMaximumLimitFractionsV1
[30m2026-08-27T14:37:38,161[m [32mINFO  [m[[1;34mhttp-nio-8080-exec-1[m] [36mValidateCountedFractionServiceImpl[m - Start method validateQuantityFractionsV1, tradeId -> 1075268
[30m2026-08-27T14:37:38,161[m [32mINFO  [m[[1;34mhttp-nio-8080-exec-1[m] [36mValidateCountedFractionServiceImpl[m - Start method validateMaximumLimitFractionsV1
[30m2026-08-27T14:37:38,161[m [32mINFO  [m[[1;34mhttp-nio-8080-exec-1[m] [36mValidateCountedFractionServiceImpl[m - Start method validateQuantityFractionsV1, tradeId -> 1074465
[30m2026-08-27T14:37:38,161[m [32mINFO  [m[[1;34mhttp-nio-8080-exec-1[m] [36mValidateCountedFractionServiceImpl[m - Start method validateMaximumLimitFractionsV1
[30m2026-08-27T14:37:38,161[m [32mINFO  [m[[1;34mhttp-nio-8080-exec-1[m] [36mValidateCountedFractionServiceImpl[m - Start method validateQuantityFractionsV1, tradeId -> 1072965
[30m2026-08-27T14:37:38,161[m [32mINFO  [m[[1;34mhttp-nio-8080-exec-1[m] [36mValidateCountedFractionServiceImpl[m - Start method validateMaximumLimitFractionsV1
[30m2026-08-27T14:37:38,161[m [32mINFO  [m[[1;34mhttp-nio-8080-exec-1[m] [36mValidateCountedFractionServiceImpl[m - Start method validateQuantityFractionsV1, tradeId -> 1068352
[30m2026-08-27T14:37:38,161[m [32mINFO  [m[[1;34mhttp-nio-8080-exec-1[m] [36mValidateCountedFractionServiceImpl[m - Start method validateMaximumLimitFractionsV1
[30m2026-08-27T14:37:38,161[m [32mINFO  [m[[1;34mhttp-nio-8080-exec-1[m] [36mValidateCountedFractionServiceImpl[m - Start method validateQuantityFractionsV1, tradeId -> 1074466
[30m2026-08-27T14:37:38,161[m [32mINFO  [m[[1;34mhttp-nio-8080-exec-1[m] [36mValidateCountedFractionServiceImpl[m - Start method validateMaximumLimitFractionsV1
[30m2026-08-27T14:37:38,161[m [32mINFO  [m[[1;34mhttp-nio-8080-exec-1[m] [36mValidateCountedFractionServiceImpl[m - Start method validateQuantityFractionsV1, tradeId -> 1068353
[30m2026-08-27T14:37:38,161[m [32mINFO  [m[[1;34mhttp-nio-8080-exec-1[m] [36mValidateCountedFractionServiceImpl[m - Start method validateMaximumLimitFractionsV1
[30m2026-08-27T14:37:38,161[m [32mINFO  [m[[1;34mhttp-nio-8080-exec-1[m] [36mValidateCountedFractionServiceImpl[m - Start method validateQuantityFractionsV1, tradeId -> 1072966
[30m2026-08-27T14:37:38,161[m [32mINFO  [m[[1;34mhttp-nio-8080-exec-1[m] [36mValidateCountedFractionServiceImpl[m - Start method validateMaximumLimitFractionsV1
[30m2026-08-27T14:37:38,161[m [32mINFO  [m[[1;34mhttp-nio-8080-exec-1[m] [36mValidateCountedFractionServiceImpl[m - Start method validateQuantityFractionsV1, tradeId -> 1073359
[30m2026-08-27T14:37:38,161[m [32mINFO  [m[[1;34mhttp-nio-8080-exec-1[m] [36mValidateCountedFractionServiceImpl[m - Start method validateMaximumLimitFractionsV1
[30m2026-08-27T14:37:38,161[m [32mINFO  [m[[1;34mhttp-nio-8080-exec-1[m] [36mValidateCountedFractionServiceImpl[m - Start method validateQuantityFractionsV1, tradeId -> 1074469
[30m2026-08-27T14:37:38,161[m [32mINFO  [m[[1;34mhttp-nio-8080-exec-1[m] [36mValidateCountedFractionServiceImpl[m - Start method validateMaximumLimitFractionsV1
[30m2026-08-27T14:37:38,161[m [32mINFO  [m[[1;34mhttp-nio-8080-exec-1[m] [36mValidateCountedFractionServiceImpl[m - Start method validateQuantityFractionsV1, tradeId -> 1074470
[30m2026-08-27T14:37:38,161[m [32mINFO  [m[[1;34mhttp-nio-8080-exec-1[m] [36mValidateCountedFractionServiceImpl[m - Start method validateMaximumLimitFractionsV1
[30m2026-08-27T14:37:38,161[m [32mINFO  [m[[1;34mhttp-nio-8080-exec-1[m] [36mValidateCountedFractionServiceImpl[m - Start method validateQuantityFractionsV1, tradeId -> 1073362
[30m2026-08-27T14:37:38,162[m [32mINFO  [m[[1;34mhttp-nio-8080-exec-1[m] [36mValidateCountedFractionServiceImpl[m - Start method validateMaximumLimitFractionsV1
[30m2026-08-27T14:37:38,162[m [32mINFO  [m[[1;34mhttp-nio-8080-exec-1[m] [36mValidateCountedFractionServiceImpl[m - Start method validateQuantityFractionsV1, tradeId -> 1072970
[30m2026-08-27T14:37:38,162[m [32mINFO  [m[[1;34mhttp-nio-8080-exec-1[m] [36mValidateCountedFractionServiceImpl[m - Start method validateMaximumLimitFractionsV1
[30m2026-08-27T14:37:38,162[m [32mINFO  [m[[1;34mhttp-nio-8080-exec-1[m] [36mValidateCountedFractionServiceImpl[m - Start method validateQuantityFractionsV1, tradeId -> 1075273
[30m2026-08-27T14:37:38,162[m [32mINFO  [m[[1;34mhttp-nio-8080-exec-1[m] [36mValidateCountedFractionServiceImpl[m - Start method validateMaximumLimitFractionsV1
[30m2026-08-27T14:37:38,162[m [32mINFO  [m[[1;34mhttp-nio-8080-exec-1[m] [36mValidateCountedFractionServiceImpl[m - Start method validateQuantityFractionsV1, tradeId -> 1072971
[30m2026-08-27T14:37:38,162[m [32mINFO  [m[[1;34mhttp-nio-8080-exec-1[m] [36mValidateCountedFractionServiceImpl[m - Start method validateMaximumLimitFractionsV1
[30m2026-08-27T14:37:38,162[m [32mINFO  [m[[1;34mhttp-nio-8080-exec-1[m] [36mValidateCountedFractionServiceImpl[m - Start method validateQuantityFractionsV1, tradeId -> 1074472
[30m2026-08-27T14:37:38,162[m [32mINFO  [m[[1;34mhttp-nio-8080-exec-1[m] [36mValidateCountedFractionServiceImpl[m - Start method validateMaximumLimitFractionsV1
[30m2026-08-27T14:37:38,162[m [32mINFO  [m[[1;34mhttp-nio-8080-exec-1[m] [36mValidateCountedFractionServiceImpl[m - Start method validateQuantityFractionsV1, tradeId -> 1072972
[30m2026-08-27T14:37:38,162[m [32mINFO  [m[[1;34mhttp-nio-8080-exec-1[m] [36mValidateCountedFractionServiceImpl[m - Start method validateMaximumLimitFractionsV1
[30m2026-08-27T14:37:38,162[m [32mINFO  [m[[1;34mhttp-nio-8080-exec-1[m] [36mValidateCountedFractionServiceImpl[m - Start method validateQuantityFractionsV1, tradeId -> 1072973
[30m2026-08-27T14:37:38,162[m [32mINFO  [m[[1;34mhttp-nio-8080-exec-1[m] [36mValidateCountedFractionServiceImpl[m - Start method validateMaximumLimitFractionsV1
[30m2026-08-27T14:37:38,162[m [32mINFO  [m[[1;34mhttp-nio-8080-exec-1[m] [36mValidateCountedFractionServiceImpl[m - Start method validateQuantityFractionsV1, tradeId -> 1074473
[30m2026-08-27T14:37:38,162[m [32mINFO  [m[[1;34mhttp-nio-8080-exec-1[m] [36mValidateCountedFractionServiceImpl[m - Start method validateMaximumLimitFractionsV1
[30m2026-08-27T14:37:38,162[m [32mINFO  [m[[1;34mhttp-nio-8080-exec-1[m] [36mValidateCountedFractionServiceImpl[m - Start method validateQuantityFractionsV1, tradeId -> 1075274
[30m2026-08-27T14:37:38,162[m [32mINFO  [m[[1;34mhttp-nio-8080-exec-1[m] [36mValidateCountedFractionServiceImpl[m - Start method validateMaximumLimitFractionsV1
[30m2026-08-27T14:37:38,162[m [32mINFO  [m[[1;34mhttp-nio-8080-exec-1[m] [36mValidateCountedFractionServiceImpl[m - Start method validateQuantityFractionsV1, tradeId -> 1072974
[30m2026-08-27T14:37:38,162[m [32mINFO  [m[[1;34mhttp-nio-8080-exec-1[m] [36mValidateCountedFractionServiceImpl[m - Start method validateMaximumLimitFractionsV1
[30m2026-08-27T14:37:38,162[m [32mINFO  [m[[1;34mhttp-nio-8080-exec-1[m] [36mValidateCountedFractionServiceImpl[m - Start method validateQuantityFractionsV1, tradeId -> 1073365
[30m2026-08-27T14:37:38,162[m [32mINFO  [m[[1;34mhttp-nio-8080-exec-1[m] [36mValidateCountedFractionServiceImpl[m - Start method validateMaximumLimitFractionsV1
[30m2026-08-27T14:37:38,162[m [32mINFO  [m[[1;34mhttp-nio-8080-exec-1[m] [36mValidateCountedFractionServiceImpl[m - Start method validateQuantityFractionsV1, tradeId -> 1075276
[30m2026-08-27T14:37:38,162[m [32mINFO  [m[[1;34mhttp-nio-8080-exec-1[m] [36mValidateCountedFractionServiceImpl[m - Start method validateMaximumLimitFractionsV1
[30m2026-08-27T14:37:38,163[m [32mINFO  [m[[1;34mhttp-nio-8080-exec-1[m] [36mValidateCountedFractionServiceImpl[m - Start method validateQuantityFractionsV1, tradeId -> 1072977
[30m2026-08-27T14:37:38,163[m [32mINFO  [m[[1;34mhttp-nio-8080-exec-1[m] [36mValidateCountedFractionServiceImpl[m - Start method validateMaximumLimitFractionsV1
[30m2026-08-27T14:37:38,163[m [32mINFO  [m[[1;34mhttp-nio-8080-exec-1[m] [36mValidateCountedFractionServiceImpl[m - Start method validateQuantityFractionsV1, tradeId -> 1074477
[30m2026-08-27T14:37:38,163[m [32mINFO  [m[[1;34mhttp-nio-8080-exec-1[m] [36mValidateCountedFractionServiceImpl[m - Start method validateMaximumLimitFractionsV1
[30m2026-08-27T14:37:38,163[m [32mINFO  [m[[1;34mhttp-nio-8080-exec-1[m] [36mValidateCountedFractionServiceImpl[m - Start method validateQuantityFractionsV1, tradeId -> 1073369
[30m2026-08-27T14:37:38,163[m [32mINFO  [m[[1;34mhttp-nio-8080-exec-1[m] [36mValidateCountedFractionServiceImpl[m - Start method validateMaximumLimitFractionsV1
[30m2026-08-27T14:37:38,163[m [32mINFO  [m[[1;34mhttp-nio-8080-exec-1[m] [36mValidateCountedFractionServiceImpl[m - Start method validateQuantityFractionsV1, tradeId -> 1072979
[30m2026-08-27T14:37:38,163[m [32mINFO  [m[[1;34mhttp-nio-8080-exec-1[m] [36mValidateCountedFractionServiceImpl[m - Start method validateMaximumLimitFractionsV1
[30m2026-08-27T14:37:38,163[m [32mINFO  [m[[1;34mhttp-nio-8080-exec-1[m] [36mValidateCountedFractionServiceImpl[m - Start method validateQuantityFractionsV1, tradeId -> 1075279
[30m2026-08-27T14:37:38,163[m [32mINFO  [m[[1;34mhttp-nio-8080-exec-1[m] [36mValidateCountedFractionServiceImpl[m - Start method validateMaximumLimitFractionsV1
[30m2026-08-27T14:37:38,163[m [32mINFO  [m[[1;34mhttp-nio-8080-exec-1[m] [36mValidateCountedFractionServiceImpl[m - Start method validateQuantityFractionsV1, tradeId -> 1073372
[30m2026-08-27T14:37:38,163[m [32mINFO  [m[[1;34mhttp-nio-8080-exec-1[m] [36mValidateCountedFractionServiceImpl[m - Start method validateMaximumLimitFractionsV1
[30m2026-08-27T14:37:38,163[m [32mINFO  [m[[1;34mhttp-nio-8080-exec-1[m] [36mValidateCountedFractionServiceImpl[m - Start method validateQuantityFractionsV1, tradeId -> 1075281
[30m2026-08-27T14:37:38,163[m [32mINFO  [m[[1;34mhttp-nio-8080-exec-1[m] [36mValidateCountedFractionServiceImpl[m - Start method validateMaximumLimitFractionsV1
[30m2026-08-27T14:37:38,163[m [32mINFO  [m[[1;34mhttp-nio-8080-exec-1[m] [36mValidateCountedFractionServiceImpl[m - Start method validateQuantityFractionsV1, tradeId -> 1074484
[30m2026-08-27T14:37:38,163[m [32mINFO  [m[[1;34mhttp-nio-8080-exec-1[m] [36mValidateCountedFractionServiceImpl[m - Start method validateMaximumLimitFractionsV1
[30m2026-08-27T14:37:38,163[m [32mINFO  [m[[1;34mhttp-nio-8080-exec-1[m] [36mValidateCountedFractionServiceImpl[m - Start method validateQuantityFractionsV1, tradeId -> 1075282
[30m2026-08-27T14:37:38,163[m [32mINFO  [m[[1;34mhttp-nio-8080-exec-1[m] [36mValidateCountedFractionServiceImpl[m - Start method validateMaximumLimitFractionsV1
[30m2026-08-27T14:37:38,163[m [32mINFO  [m[[1;34mhttp-nio-8080-exec-1[m] [36mValidateCountedFractionServiceImpl[m - Start method validateQuantityFractionsV1, tradeId -> 1074485
[30m2026-08-27T14:37:38,163[m [32mINFO  [m[[1;34mhttp-nio-8080-exec-1[m] [36mValidateCountedFractionServiceImpl[m - Start method validateMaximumLimitFractionsV1
[30m2026-08-27T14:37:38,163[m [32mINFO  [m[[1;34mhttp-nio-8080-exec-1[m] [36mValidateCountedFractionServiceImpl[m - Start method validateQuantityFractionsV1, tradeId -> 1072982
[30m2026-08-27T14:37:38,163[m [32mINFO  [m[[1;34mhttp-nio-8080-exec-1[m] [36mValidateCountedFractionServiceImpl[m - Start method validateMaximumLimitFractionsV1
[30m2026-08-27T14:37:38,163[m [32mINFO  [m[[1;34mhttp-nio-8080-exec-1[m] [36mValidateCountedFractionServiceImpl[m - Start method validateQuantityFractionsV1, tradeId -> 1073375
[30m2026-08-27T14:37:38,163[m [32mINFO  [m[[1;34mhttp-nio-8080-exec-1[m] [36mValidateCountedFractionServiceImpl[m - Start method validateMaximumLimitFractionsV1
[30m2026-08-27T14:37:38,163[m [32mINFO  [m[[1;34mhttp-nio-8080-exec-1[m] [36mValidateCountedFractionServiceImpl[m - Start method validateQuantityFractionsV1, tradeId -> 1074487
[30m2026-08-27T14:37:38,163[m [32mINFO  [m[[1;34mhttp-nio-8080-exec-1[m] [36mValidateCountedFractionServiceImpl[m - Start method validateMaximumLimitFractionsV1
[30m2026-08-27T14:37:38,163[m [32mINFO  [m[[1;34mhttp-nio-8080-exec-1[m] [36mValidateCountedFractionServiceImpl[m - Start method validateQuantityFractionsV1, tradeId -> 1072983
[30m2026-08-27T14:37:38,163[m [32mINFO  [m[[1;34mhttp-nio-8080-exec-1[m] [36mValidateCountedFractionServiceImpl[m - Start method validateMaximumLimitFractionsV1
[30m2026-08-27T14:37:38,163[m [32mINFO  [m[[1;34mhttp-nio-8080-exec-1[m] [36mValidateCountedFractionServiceImpl[m - Start method validateQuantityFractionsV1, tradeId -> 1075283
[30m2026-08-27T14:37:38,163[m [32mINFO  [m[[1;34mhttp-nio-8080-exec-1[m] [36mValidateCountedFractionServiceImpl[m - Start method validateMaximumLimitFractionsV1
[30m2026-08-27T14:37:38,163[m [32mINFO  [m[[1;34mhttp-nio-8080-exec-1[m] [36mValidateCountedFractionServiceImpl[m - Start method validateQuantityFractionsV1, tradeId -> 1072984
[30m2026-08-27T14:37:38,164[m [32mINFO  [m[[1;34mhttp-nio-8080-exec-1[m] [36mValidateCountedFractionServiceImpl[m - Start method validateMaximumLimitFractionsV1
[30m2026-08-27T14:37:38,164[m [32mINFO  [m[[1;34mhttp-nio-8080-exec-1[m] [36mValidateCountedFractionServiceImpl[m - Start method validateQuantityFractionsV1, tradeId -> 1068365
[30m2026-08-27T14:37:38,164[m [32mINFO  [m[[1;34mhttp-nio-8080-exec-1[m] [36mValidateCountedFractionServiceImpl[m - Start method validateMaximumLimitFractionsV1
[30m2026-08-27T14:37:38,164[m [32mINFO  [m[[1;34mhttp-nio-8080-exec-1[m] [36mFractionationCountedServiceImpl[m - PERF_ASSIGNMENT_VALIDATION_BATCH batchId=ed2f701f-61f1-4b7b-8422-51e28321006a inputCount=50 validCount=50 invalidCount=0 uniqueTrades=50 uniqueSides=1 uniqueParticipants=1 titleAccountResolutionRequests=50 titleAccountUniqueBusinessKeys=1 settlementLookupRequests=50 settlementUniqueTradeSides=50 settlementRepositoryCalls=1 settlementRowsLoaded=0 settlementPrefetchMs=3 cudLookupRequests=0 cudUniqueTradeSides=0 cudUniqueBusinessKeys=0 cudRepositoryCalls=0 cudRowsLoaded=0 cudPrefetchMs=0 tradePrefetchMs=158 sidePrefetchMs=0 participantPrefetchMs=12 accountResolutionMs=16 accountPrefetchMs=10 businessValidationMs=7 totalMs=208
[30m2026-08-27T14:37:38,164[m [32mINFO  [m[[1;34mhttp-nio-8080-exec-1[m] [36mRestClientUtils[m - Client [POST] http://operaciones-fracciones-contado-back-service/operations-fractionation-api/v1/fractionation/batch
[30m2026-08-27T14:37:40,018[m [32mINFO  [m[[1;34mhttp-nio-8080-exec-1[m] [36mFractionationCountedServiceImpl[m - PERF_ASSIGNMENT_BATCH service=cmd batchId=ed2f701f-61f1-4b7b-8422-51e28321006a mode=RAW_VALIDATED configuredMaxBatchSize=80 receivedBatchSize=50 processedCount=50 successCount=50 failureCount=0 fractionationMs=1854 totalMs=1854
[30m2026-08-27T14:37:40,019[m [32mINFO  [m[[1;34mhttp-nio-8080-exec-1[m] [36mFractionationCountedServiceImpl[m - PERF_ASSIGNMENT_BATCH service=cmd batchId=ed2f701f-61f1-4b7b-8422-51e28321006a mode=RAW configuredMaxBatchSize=80 receivedBatchSize=50 validCount=50 invalidCount=0 sentToFractionationCount=50 successCount=50 failureCount=0 totalMs=2063
[30m2026-08-27T14:37:40,020[m [32mINFO  [m[[1;34mhttp-nio-8080-exec-1[m] [36mGlobalFilter[m - Request [POST /operations-cmd-api/v1/fractionation/counted-operation/batch] completed in 2067 ms with status 200
[30m2026-08-27T14:37:40,052[m [32mINFO  [m[[1;34mhttp-nio-8080-exec-2[m] [36mGlobalFilter[m - ----------- Client User: operaciones-orquestador-ext-back ----------
[30m2026-08-27T14:37:40,233[m [32mINFO  [m[[1;34mhttp-nio-8080-exec-2[m] [36mValidateCountedFractionServiceImpl[m - Start method validateAccountFractionAssignmentV1, accountNumber -> 4021801, tradeId -> 1074488, sideId -> 1, originId -> 122, isLocalCorrection -> false
[30m2026-08-27T14:37:40,233[m [32mINFO  [m[[1;34mhttp-nio-8080-exec-2[m] [36mValidateCountedFractionServiceImpl[m - Searching participant account assignment for accountNumber -> 4021801, participantId -> 15, depositoryId -> 1
[30m2026-08-27T14:37:40,235[m [32mINFO  [m[[1;34mhttp-nio-8080-exec-2[m] [36mValidateCountedFractionServiceImpl[m - No participant account found for accountNumber -> 4021801
[30m2026-08-27T14:37:40,248[m [32mINFO  [m[[1;34mhttp-nio-8080-exec-2[m] [36mValidateCountedFractionServiceImpl[m - End method validateAccountFractionAssignmentV1, fractionAccountOutDto -> FractionAccountOutDto(participantAccount=null, investorAccount=InvestorAccountOutDto(id=57, investor=InvestorOutDto(id=167, code=CL00000001, firstName=Prueba Nombre 1, lastName=Prueba Nombre 2, companyName=TERCERO3509748, type=TypeOutDto(id=2, description=JURIDICO, category=PERSONA), status=StatusOutDto(id=515, description=ACTIVO, category=INVERSIONISTA, shortName=null), country=CountryOutDto(id=35, code=CL, name=CHILE, currency=CurrencyOutDto(id=30, code=CLP, name=PESO CHILENO), timeZone=UTC -3), documentNumber=8605303170, identificationType=IdentificationTypeOutDto(id=5, description=CEDULA DE CIUDADANÍA, code=CC), nationality=35, clearinghouseCode=null, gics=null, moneyLaunderingFlag=null, taxStatus=null), accountNumber=4021801, accountName=AMBIENTE 3  PRUEBA 3, status=StatusOutDto(id=570, description=ACTIVO, category=CUENTA_INVERSIONISTA, shortName=null), originType=TypeOutDto(id=120, description=TERCEROS, category=ORIGEN PUNTA), type=TypeOutDto(id=26, description=CUENTA DEPOSITO, category=CUENTA DEPOSITO), depository=DepositoryOutDto(id=1, description=DVL), participant=null, taxExemp=false), sourceQuoteType=TypeOutDto(id=120, description=TERCEROS, category=ORIGEN PUNTA), fiduciarySpecialist=false, jointAccount=false, masterAccount=false, custodian=null, milaDirectDepositor=null)
[30m2026-08-27T14:37:40,265[m [32mINFO  [m[[1;34mhttp-nio-8080-exec-2[m] [36mValidateCountedFractionServiceImpl[m - Start method validateQuantityFractionsV1, tradeId -> 1074488
[30m2026-08-27T14:37:40,265[m [32mINFO  [m[[1;34mhttp-nio-8080-exec-2[m] [36mValidateCountedFractionServiceImpl[m - Start method validateMaximumLimitFractionsV1
[30m2026-08-27T14:37:40,265[m [32mINFO  [m[[1;34mhttp-nio-8080-exec-2[m] [36mValidateCountedFractionServiceImpl[m - Start method validateQuantityFractionsV1, tradeId -> 1075284
[30m2026-08-27T14:37:40,265[m [32mINFO  [m[[1;34mhttp-nio-8080-exec-2[m] [36mValidateCountedFractionServiceImpl[m - Start method validateMaximumLimitFractionsV1
[30m2026-08-27T14:37:40,265[m [32mINFO  [m[[1;34mhttp-nio-8080-exec-2[m] [36mValidateCountedFractionServiceImpl[m - Start method validateQuantityFractionsV1, tradeId -> 1073378
[30m2026-08-27T14:37:40,265[m [32mINFO  [m[[1;34mhttp-nio-8080-exec-2[m] [36mValidateCountedFractionServiceImpl[m - Start method validateMaximumLimitFractionsV1
[30m2026-08-27T14:37:40,265[m [32mINFO  [m[[1;34mhttp-nio-8080-exec-2[m] [36mValidateCountedFractionServiceImpl[m - Start method validateQuantityFractionsV1, tradeId -> 1073381
[30m2026-08-27T14:37:40,265[m [32mINFO  [m[[1;34mhttp-nio-8080-exec-2[m] [36mValidateCountedFractionServiceImpl[m - Start method validateMaximumLimitFractionsV1
[30m2026-08-27T14:37:40,265[m [32mINFO  [m[[1;34mhttp-nio-8080-exec-2[m] [36mValidateCountedFractionServiceImpl[m - Start method validateQuantityFractionsV1, tradeId -> 1073384
[30m2026-08-27T14:37:40,265[m [32mINFO  [m[[1;34mhttp-nio-8080-exec-2[m] [36mValidateCountedFractionServiceImpl[m - Start method validateMaximumLimitFractionsV1
[30m2026-08-27T14:37:40,266[m [32mINFO  [m[[1;34mhttp-nio-8080-exec-2[m] [36mValidateCountedFractionServiceImpl[m - Start method validateQuantityFractionsV1, tradeId -> 1074494
[30m2026-08-27T14:37:40,266[m [32mINFO  [m[[1;34mhttp-nio-8080-exec-2[m] [36mValidateCountedFractionServiceImpl[m - Start method validateMaximumLimitFractionsV1
[30m2026-08-27T14:37:40,266[m [32mINFO  [m[[1;34mhttp-nio-8080-exec-2[m] [36mValidateCountedFractionServiceImpl[m - Start method validateQuantityFractionsV1, tradeId -> 1068373
[30m2026-08-27T14:37:40,266[m [32mINFO  [m[[1;34mhttp-nio-8080-exec-2[m] [36mValidateCountedFractionServiceImpl[m - Start method validateMaximumLimitFractionsV1
[30m2026-08-27T14:37:40,266[m [32mINFO  [m[[1;34mhttp-nio-8080-exec-2[m] [36mValidateCountedFractionServiceImpl[m - Start method validateQuantityFractionsV1, tradeId -> 1072993
[30m2026-08-27T14:37:40,266[m [32mINFO  [m[[1;34mhttp-nio-8080-exec-2[m] [36mValidateCountedFractionServiceImpl[m - Start method validateMaximumLimitFractionsV1
[30m2026-08-27T14:37:40,266[m [32mINFO  [m[[1;34mhttp-nio-8080-exec-2[m] [36mValidateCountedFractionServiceImpl[m - Start method validateQuantityFractionsV1, tradeId -> 1072994
[30m2026-08-27T14:37:40,266[m [32mINFO  [m[[1;34mhttp-nio-8080-exec-2[m] [36mValidateCountedFractionServiceImpl[m - Start method validateMaximumLimitFractionsV1
[30m2026-08-27T14:37:40,266[m [32mINFO  [m[[1;34mhttp-nio-8080-exec-2[m] [36mValidateCountedFractionServiceImpl[m - Start method validateQuantityFractionsV1, tradeId -> 1072995
[30m2026-08-27T14:37:40,266[m [32mINFO  [m[[1;34mhttp-nio-8080-exec-2[m] [36mValidateCountedFractionServiceImpl[m - Start method validateMaximumLimitFractionsV1
[30m2026-08-27T14:37:40,266[m [32mINFO  [m[[1;34mhttp-nio-8080-exec-2[m] [36mValidateCountedFractionServiceImpl[m - Start method validateQuantityFractionsV1, tradeId -> 1075294
[30m2026-08-27T14:37:40,266[m [32mINFO  [m[[1;34mhttp-nio-8080-exec-2[m] [36mValidateCountedFractionServiceImpl[m - Start method validateMaximumLimitFractionsV1
[30m2026-08-27T14:37:40,266[m [32mINFO  [m[[1;34mhttp-nio-8080-exec-2[m] [36mValidateCountedFractionServiceImpl[m - Start method validateQuantityFractionsV1, tradeId -> 1072996
[30m2026-08-27T14:37:40,266[m [32mINFO  [m[[1;34mhttp-nio-8080-exec-2[m] [36mValidateCountedFractionServiceImpl[m - Start method validateMaximumLimitFractionsV1
[30m2026-08-27T14:37:40,266[m [32mINFO  [m[[1;34mhttp-nio-8080-exec-2[m] [36mValidateCountedFractionServiceImpl[m - Start method validateQuantityFractionsV1, tradeId -> 1073387
[30m2026-08-27T14:37:40,266[m [32mINFO  [m[[1;34mhttp-nio-8080-exec-2[m] [36mValidateCountedFractionServiceImpl[m - Start method validateMaximumLimitFractionsV1
[30m2026-08-27T14:37:40,266[m [32mINFO  [m[[1;34mhttp-nio-8080-exec-2[m] [36mValidateCountedFractionServiceImpl[m - Start method validateQuantityFractionsV1, tradeId -> 1073390
[30m2026-08-27T14:37:40,266[m [32mINFO  [m[[1;34mhttp-nio-8080-exec-2[m] [36mValidateCountedFractionServiceImpl[m - Start method validateMaximumLimitFractionsV1
[30m2026-08-27T14:37:40,266[m [32mINFO  [m[[1;34mhttp-nio-8080-exec-2[m] [36mValidateCountedFractionServiceImpl[m - Start method validateQuantityFractionsV1, tradeId -> 1074496
[30m2026-08-27T14:37:40,266[m [32mINFO  [m[[1;34mhttp-nio-8080-exec-2[m] [36mValidateCountedFractionServiceImpl[m - Start method validateMaximumLimitFractionsV1
[30m2026-08-27T14:37:40,266[m [32mINFO  [m[[1;34mhttp-nio-8080-exec-2[m] [36mValidateCountedFractionServiceImpl[m - Start method validateQuantityFractionsV1, tradeId -> 1068375
[30m2026-08-27T14:37:40,266[m [32mINFO  [m[[1;34mhttp-nio-8080-exec-2[m] [36mValidateCountedFractionServiceImpl[m - Start method validateMaximumLimitFractionsV1
[30m2026-08-27T14:37:40,266[m [32mINFO  [m[[1;34mhttp-nio-8080-exec-2[m] [36mValidateCountedFractionServiceImpl[m - Start method validateQuantityFractionsV1, tradeId -> 1072998
[30m2026-08-27T14:37:40,267[m [32mINFO  [m[[1;34mhttp-nio-8080-exec-2[m] [36mValidateCountedFractionServiceImpl[m - Start method validateMaximumLimitFractionsV1
[30m2026-08-27T14:37:40,267[m [32mINFO  [m[[1;34mhttp-nio-8080-exec-2[m] [36mValidateCountedFractionServiceImpl[m - Start method validateQuantityFractionsV1, tradeId -> 1068376
[30m2026-08-27T14:37:40,267[m [32mINFO  [m[[1;34mhttp-nio-8080-exec-2[m] [36mValidateCountedFractionServiceImpl[m - Start method validateMaximumLimitFractionsV1
[30m2026-08-27T14:37:40,267[m [32mINFO  [m[[1;34mhttp-nio-8080-exec-2[m] [36mValidateCountedFractionServiceImpl[m - Start method validateQuantityFractionsV1, tradeId -> 1072999
[30m2026-08-27T14:37:40,267[m [32mINFO  [m[[1;34mhttp-nio-8080-exec-2[m] [36mValidateCountedFractionServiceImpl[m - Start method validateMaximumLimitFractionsV1
[30m2026-08-27T14:37:40,267[m [32mINFO  [m[[1;34mhttp-nio-8080-exec-2[m] [36mValidateCountedFractionServiceImpl[m - Start method validateQuantityFractionsV1, tradeId -> 1073393
[30m2026-08-27T14:37:40,267[m [32mINFO  [m[[1;34mhttp-nio-8080-exec-2[m] [36mValidateCountedFractionServiceImpl[m - Start method validateMaximumLimitFractionsV1
[30m2026-08-27T14:37:40,267[m [32mINFO  [m[[1;34mhttp-nio-8080-exec-2[m] [36mValidateCountedFractionServiceImpl[m - Start method validateQuantityFractionsV1, tradeId -> 1068381
[30m2026-08-27T14:37:40,267[m [32mINFO  [m[[1;34mhttp-nio-8080-exec-2[m] [36mValidateCountedFractionServiceImpl[m - Start method validateMaximumLimitFractionsV1
[30m2026-08-27T14:37:40,267[m [32mINFO  [m[[1;34mhttp-nio-8080-exec-2[m] [36mValidateCountedFractionServiceImpl[m - Start method validateQuantityFractionsV1, tradeId -> 1073396
[30m2026-08-27T14:37:40,267[m [32mINFO  [m[[1;34mhttp-nio-8080-exec-2[m] [36mValidateCountedFractionServiceImpl[m - Start method validateMaximumLimitFractionsV1
[30m2026-08-27T14:37:40,267[m [32mINFO  [m[[1;34mhttp-nio-8080-exec-2[m] [36mValidateCountedFractionServiceImpl[m - Start method validateQuantityFractionsV1, tradeId -> 1073399
[30m2026-08-27T14:37:40,267[m [32mINFO  [m[[1;34mhttp-nio-8080-exec-2[m] [36mValidateCountedFractionServiceImpl[m - Start method validateMaximumLimitFractionsV1
[30m2026-08-27T14:37:40,267[m [32mINFO  [m[[1;34mhttp-nio-8080-exec-2[m] [36mValidateCountedFractionServiceImpl[m - Start method validateQuantityFractionsV1, tradeId -> 1073402
[30m2026-08-27T14:37:40,267[m [32mINFO  [m[[1;34mhttp-nio-8080-exec-2[m] [36mValidateCountedFractionServiceImpl[m - Start method validateMaximumLimitFractionsV1
[30m2026-08-27T14:37:40,267[m [32mINFO  [m[[1;34mhttp-nio-8080-exec-2[m] [36mValidateCountedFractionServiceImpl[m - Start method validateQuantityFractionsV1, tradeId -> 1076010
[30m2026-08-27T14:37:40,267[m [32mINFO  [m[[1;34mhttp-nio-8080-exec-2[m] [36mValidateCountedFractionServiceImpl[m - Start method validateMaximumLimitFractionsV1
[30m2026-08-27T14:37:40,267[m [32mINFO  [m[[1;34mhttp-nio-8080-exec-2[m] [36mValidateCountedFractionServiceImpl[m - Start method validateQuantityFractionsV1, tradeId -> 1074504
[30m2026-08-27T14:37:40,267[m [32mINFO  [m[[1;34mhttp-nio-8080-exec-2[m] [36mValidateCountedFractionServiceImpl[m - Start method validateMaximumLimitFractionsV1
[30m2026-08-27T14:37:40,267[m [32mINFO  [m[[1;34mhttp-nio-8080-exec-2[m] [36mValidateCountedFractionServiceImpl[m - Start method validateQuantityFractionsV1, tradeId -> 1075307
[30m2026-08-27T14:37:40,268[m [32mINFO  [m[[1;34mhttp-nio-8080-exec-2[m] [36mValidateCountedFractionServiceImpl[m - Start method validateMaximumLimitFractionsV1
[30m2026-08-27T14:37:40,268[m [32mINFO  [m[[1;34mhttp-nio-8080-exec-2[m] [36mValidateCountedFractionServiceImpl[m - Start method validateQuantityFractionsV1, tradeId -> 1076011
[30m2026-08-27T14:37:40,268[m [32mINFO  [m[[1;34mhttp-nio-8080-exec-2[m] [36mValidateCountedFractionServiceImpl[m - Start method validateMaximumLimitFractionsV1
[30m2026-08-27T14:37:40,268[m [32mINFO  [m[[1;34mhttp-nio-8080-exec-2[m] [36mValidateCountedFractionServiceImpl[m - Start method validateQuantityFractionsV1, tradeId -> 1068390
[30m2026-08-27T14:37:40,268[m [32mINFO  [m[[1;34mhttp-nio-8080-exec-2[m] [36mValidateCountedFractionServiceImpl[m - Start method validateMaximumLimitFractionsV1
[30m2026-08-27T14:37:40,268[m [32mINFO  [m[[1;34mhttp-nio-8080-exec-2[m] [36mValidateCountedFractionServiceImpl[m - Start method validateQuantityFractionsV1, tradeId -> 1074508
[30m2026-08-27T14:37:40,268[m [32mINFO  [m[[1;34mhttp-nio-8080-exec-2[m] [36mValidateCountedFractionServiceImpl[m - Start method validateMaximumLimitFractionsV1
[30m2026-08-27T14:37:40,268[m [32mINFO  [m[[1;34mhttp-nio-8080-exec-2[m] [36mValidateCountedFractionServiceImpl[m - Start method validateQuantityFractionsV1, tradeId -> 1073406
[30m2026-08-27T14:37:40,268[m [32mINFO  [m[[1;34mhttp-nio-8080-exec-2[m] [36mValidateCountedFractionServiceImpl[m - Start method validateMaximumLimitFractionsV1
[30m2026-08-27T14:37:40,268[m [32mINFO  [m[[1;34mhttp-nio-8080-exec-2[m] [36mValidateCountedFractionServiceImpl[m - Start method validateQuantityFractionsV1, tradeId -> 1075313
[30m2026-08-27T14:37:40,268[m [32mINFO  [m[[1;34mhttp-nio-8080-exec-2[m] [36mValidateCountedFractionServiceImpl[m - Start method validateMaximumLimitFractionsV1
[30m2026-08-27T14:37:40,268[m [32mINFO  [m[[1;34mhttp-nio-8080-exec-2[m] [36mValidateCountedFractionServiceImpl[m - Start method validateQuantityFractionsV1, tradeId -> 1068393
[30m2026-08-27T14:37:40,269[m [32mINFO  [m[[1;34mhttp-nio-8080-exec-2[m] [36mValidateCountedFractionServiceImpl[m - Start method validateMaximumLimitFractionsV1
[30m2026-08-27T14:37:40,269[m [32mINFO  [m[[1;34mhttp-nio-8080-exec-2[m] [36mValidateCountedFractionServiceImpl[m - Start method validateQuantityFractionsV1, tradeId -> 1068394
[30m2026-08-27T14:37:40,269[m [32mINFO  [m[[1;34mhttp-nio-8080-exec-2[m] [36mValidateCountedFractionServiceImpl[m - Start method validateMaximumLimitFractionsV1
[30m2026-08-27T14:37:40,269[m [32mINFO  [m[[1;34mhttp-nio-8080-exec-2[m] [36mValidateCountedFractionServiceImpl[m - Start method validateQuantityFractionsV1, tradeId -> 1076015
[30m2026-08-27T14:37:40,269[m [32mINFO  [m[[1;34mhttp-nio-8080-exec-2[m] [36mValidateCountedFractionServiceImpl[m - Start method validateMaximumLimitFractionsV1
[30m2026-08-27T14:37:40,269[m [32mINFO  [m[[1;34mhttp-nio-8080-exec-2[m] [36mValidateCountedFractionServiceImpl[m - Start method validateQuantityFractionsV1, tradeId -> 1068395
[30m2026-08-27T14:37:40,269[m [32mINFO  [m[[1;34mhttp-nio-8080-exec-2[m] [36mValidateCountedFractionServiceImpl[m - Start method validateMaximumLimitFractionsV1
[30m2026-08-27T14:37:40,269[m [32mINFO  [m[[1;34mhttp-nio-8080-exec-2[m] [36mValidateCountedFractionServiceImpl[m - Start method validateQuantityFractionsV1, tradeId -> 1068396
[30m2026-08-27T14:37:40,269[m [32mINFO  [m[[1;34mhttp-nio-8080-exec-2[m] [36mValidateCountedFractionServiceImpl[m - Start method validateMaximumLimitFractionsV1
[30m2026-08-27T14:37:40,269[m [32mINFO  [m[[1;34mhttp-nio-8080-exec-2[m] [36mValidateCountedFractionServiceImpl[m - Start method validateQuantityFractionsV1, tradeId -> 1076016
[30m2026-08-27T14:37:40,269[m [32mINFO  [m[[1;34mhttp-nio-8080-exec-2[m] [36mValidateCountedFractionServiceImpl[m - Start method validateMaximumLimitFractionsV1
[30m2026-08-27T14:37:40,269[m [32mINFO  [m[[1;34mhttp-nio-8080-exec-2[m] [36mValidateCountedFractionServiceImpl[m - Start method validateQuantityFractionsV1, tradeId -> 1076017
[30m2026-08-27T14:37:40,269[m [32mINFO  [m[[1;34mhttp-nio-8080-exec-2[m] [36mValidateCountedFractionServiceImpl[m - Start method validateMaximumLimitFractionsV1
[30m2026-08-27T14:37:40,269[m [32mINFO  [m[[1;34mhttp-nio-8080-exec-2[m] [36mValidateCountedFractionServiceImpl[m - Start method validateQuantityFractionsV1, tradeId -> 1075314
[30m2026-08-27T14:37:40,270[m [32mINFO  [m[[1;34mhttp-nio-8080-exec-2[m] [36mValidateCountedFractionServiceImpl[m - Start method validateMaximumLimitFractionsV1
[30m2026-08-27T14:37:40,270[m [32mINFO  [m[[1;34mhttp-nio-8080-exec-2[m] [36mValidateCountedFractionServiceImpl[m - Start method validateQuantityFractionsV1, tradeId -> 1068397
[30m2026-08-27T14:37:40,270[m [32mINFO  [m[[1;34mhttp-nio-8080-exec-2[m] [36mValidateCountedFractionServiceImpl[m - Start method validateMaximumLimitFractionsV1
[30m2026-08-27T14:37:40,270[m [32mINFO  [m[[1;34mhttp-nio-8080-exec-2[m] [36mValidateCountedFractionServiceImpl[m - Start method validateQuantityFractionsV1, tradeId -> 1076018
[30m2026-08-27T14:37:40,270[m [32mINFO  [m[[1;34mhttp-nio-8080-exec-2[m] [36mValidateCountedFractionServiceImpl[m - Start method validateMaximumLimitFractionsV1
[30m2026-08-27T14:37:40,270[m [32mINFO  [m[[1;34mhttp-nio-8080-exec-2[m] [36mValidateCountedFractionServiceImpl[m - Start method validateQuantityFractionsV1, tradeId -> 1073409
[30m2026-08-27T14:37:40,270[m [32mINFO  [m[[1;34mhttp-nio-8080-exec-2[m] [36mValidateCountedFractionServiceImpl[m - Start method validateMaximumLimitFractionsV1
[30m2026-08-27T14:37:40,270[m [32mINFO  [m[[1;34mhttp-nio-8080-exec-2[m] [36mValidateCountedFractionServiceImpl[m - Start method validateQuantityFractionsV1, tradeId -> 1075315
[30m2026-08-27T14:37:40,270[m [32mINFO  [m[[1;34mhttp-nio-8080-exec-2[m] [36mValidateCountedFractionServiceImpl[m - Start method validateMaximumLimitFractionsV1
[30m2026-08-27T14:37:40,270[m [32mINFO  [m[[1;34mhttp-nio-8080-exec-2[m] [36mValidateCountedFractionServiceImpl[m - Start method validateQuantityFractionsV1, tradeId -> 1076020
[30m2026-08-27T14:37:40,270[m [32mINFO  [m[[1;34mhttp-nio-8080-exec-2[m] [36mValidateCountedFractionServiceImpl[m - Start method validateMaximumLimitFractionsV1
[30m2026-08-27T14:37:40,270[m [32mINFO  [m[[1;34mhttp-nio-8080-exec-2[m] [36mValidateCountedFractionServiceImpl[m - Start method validateQuantityFractionsV1, tradeId -> 1073413
[30m2026-08-27T14:37:40,270[m [32mINFO  [m[[1;34mhttp-nio-8080-exec-2[m] [36mValidateCountedFractionServiceImpl[m - Start method validateMaximumLimitFractionsV1
[30m2026-08-27T14:37:40,270[m [32mINFO  [m[[1;34mhttp-nio-8080-exec-2[m] [36mValidateCountedFractionServiceImpl[m - Start method validateQuantityFractionsV1, tradeId -> 1068398
[30m2026-08-27T14:37:40,270[m [32mINFO  [m[[1;34mhttp-nio-8080-exec-2[m] [36mValidateCountedFractionServiceImpl[m - Start method validateMaximumLimitFractionsV1
[30m2026-08-27T14:37:40,270[m [32mINFO  [m[[1;34mhttp-nio-8080-exec-2[m] [36mValidateCountedFractionServiceImpl[m - Start method validateQuantityFractionsV1, tradeId -> 1074512
[30m2026-08-27T14:37:40,270[m [32mINFO  [m[[1;34mhttp-nio-8080-exec-2[m] [36mValidateCountedFractionServiceImpl[m - Start method validateMaximumLimitFractionsV1
[30m2026-08-27T14:37:40,270[m [32mINFO  [m[[1;34mhttp-nio-8080-exec-2[m] [36mValidateCountedFractionServiceImpl[m - Start method validateQuantityFractionsV1, tradeId -> 1073417
[30m2026-08-27T14:37:40,270[m [32mINFO  [m[[1;34mhttp-nio-8080-exec-2[m] [36mValidateCountedFractionServiceImpl[m - Start method validateMaximumLimitFractionsV1
[30m2026-08-27T14:37:40,270[m [32mINFO  [m[[1;34mhttp-nio-8080-exec-2[m] [36mValidateCountedFractionServiceImpl[m - Start method validateQuantityFractionsV1, tradeId -> 1073420
[30m2026-08-27T14:37:40,270[m [32mINFO  [m[[1;34mhttp-nio-8080-exec-2[m] [36mValidateCountedFractionServiceImpl[m - Start method validateMaximumLimitFractionsV1
[30m2026-08-27T14:37:40,270[m [32mINFO  [m[[1;34mhttp-nio-8080-exec-2[m] [36mFractionationCountedServiceImpl[m - PERF_ASSIGNMENT_VALIDATION_BATCH batchId=39c6a398-1eb8-4f25-85e6-207e211f930e inputCount=50 validCount=50 invalidCount=0 uniqueTrades=50 uniqueSides=1 uniqueParticipants=1 titleAccountResolutionRequests=50 titleAccountUniqueBusinessKeys=1 settlementLookupRequests=50 settlementUniqueTradeSides=50 settlementRepositoryCalls=1 settlementRowsLoaded=0 settlementPrefetchMs=3 cudLookupRequests=0 cudUniqueTradeSides=0 cudUniqueBusinessKeys=0 cudRepositoryCalls=0 cudRowsLoaded=0 cudPrefetchMs=0 tradePrefetchMs=164 sidePrefetchMs=0 participantPrefetchMs=13 accountResolutionMs=16 accountPrefetchMs=9 businessValidationMs=8 totalMs=216
[30m2026-08-27T14:37:40,271[m [32mINFO  [m[[1;34mhttp-nio-8080-exec-2[m] [36mRestClientUtils[m - Client [POST] http://operaciones-fracciones-contado-back-service/operations-fractionation-api/v1/fractionation/batch
[30m2026-08-27T14:37:42,263[m [32mINFO  [m[[1;34mhttp-nio-8080-exec-2[m] [36mFractionationCountedServiceImpl[m - PERF_ASSIGNMENT_BATCH service=cmd batchId=39c6a398-1eb8-4f25-85e6-207e211f930e mode=RAW_VALIDATED configuredMaxBatchSize=80 receivedBatchSize=50 processedCount=50 successCount=50 failureCount=0 fractionationMs=1992 totalMs=1992
[30m2026-08-27T14:37:42,263[m [32mINFO  [m[[1;34mhttp-nio-8080-exec-2[m] [36mFractionationCountedServiceImpl[m - PERF_ASSIGNMENT_BATCH service=cmd batchId=39c6a398-1eb8-4f25-85e6-207e211f930e mode=RAW configuredMaxBatchSize=80 receivedBatchSize=50 validCount=50 invalidCount=0 sentToFractionationCount=50 successCount=50 failureCount=0 totalMs=2208
[30m2026-08-27T14:37:42,265[m [32mINFO  [m[[1;34mhttp-nio-8080-exec-2[m] [36mGlobalFilter[m - Request [POST /operations-cmd-api/v1/fractionation/counted-operation/batch] completed in 2213 ms with status 200
[30m2026-08-27T14:37:42,295[m [32mINFO  [m[[1;34mhttp-nio-8080-exec-3[m] [36mGlobalFilter[m - ----------- Client User: operaciones-orquestador-ext-back ----------
[30m2026-08-27T14:37:42,473[m [32mINFO  [m[[1;34mhttp-nio-8080-exec-3[m] [36mValidateCountedFractionServiceImpl[m - Start method validateAccountFractionAssignmentV1, accountNumber -> 4021801, tradeId -> 1074518, sideId -> 1, originId -> 122, isLocalCorrection -> false
[30m2026-08-27T14:37:42,474[m [32mINFO  [m[[1;34mhttp-nio-8080-exec-3[m] [36mValidateCountedFractionServiceImpl[m - Searching participant account assignment for accountNumber -> 4021801, participantId -> 15, depositoryId -> 1
[30m2026-08-27T14:37:42,476[m [32mINFO  [m[[1;34mhttp-nio-8080-exec-3[m] [36mValidateCountedFractionServiceImpl[m - No participant account found for accountNumber -> 4021801
[30m2026-08-27T14:37:42,489[m [32mINFO  [m[[1;34mhttp-nio-8080-exec-3[m] [36mValidateCountedFractionServiceImpl[m - End method validateAccountFractionAssignmentV1, fractionAccountOutDto -> FractionAccountOutDto(participantAccount=null, investorAccount=InvestorAccountOutDto(id=57, investor=InvestorOutDto(id=167, code=CL00000001, firstName=Prueba Nombre 1, lastName=Prueba Nombre 2, companyName=TERCERO3509748, type=TypeOutDto(id=2, description=JURIDICO, category=PERSONA), status=StatusOutDto(id=515, description=ACTIVO, category=INVERSIONISTA, shortName=null), country=CountryOutDto(id=35, code=CL, name=CHILE, currency=CurrencyOutDto(id=30, code=CLP, name=PESO CHILENO), timeZone=UTC -3), documentNumber=8605303170, identificationType=IdentificationTypeOutDto(id=5, description=CEDULA DE CIUDADANÍA, code=CC), nationality=35, clearinghouseCode=null, gics=null, moneyLaunderingFlag=null, taxStatus=null), accountNumber=4021801, accountName=AMBIENTE 3  PRUEBA 3, status=StatusOutDto(id=570, description=ACTIVO, category=CUENTA_INVERSIONISTA, shortName=null), originType=TypeOutDto(id=120, description=TERCEROS, category=ORIGEN PUNTA), type=TypeOutDto(id=26, description=CUENTA DEPOSITO, category=CUENTA DEPOSITO), depository=DepositoryOutDto(id=1, description=DVL), participant=null, taxExemp=false), sourceQuoteType=TypeOutDto(id=120, description=TERCEROS, category=ORIGEN PUNTA), fiduciarySpecialist=false, jointAccount=false, masterAccount=false, custodian=null, milaDirectDepositor=null)
[30m2026-08-27T14:37:42,508[m [32mINFO  [m[[1;34mhttp-nio-8080-exec-3[m] [36mValidateCountedFractionServiceImpl[m - Start method validateQuantityFractionsV1, tradeId -> 1074518
[30m2026-08-27T14:37:42,509[m [32mINFO  [m[[1;34mhttp-nio-8080-exec-3[m] [36mValidateCountedFractionServiceImpl[m - Start method validateMaximumLimitFractionsV1
[30m2026-08-27T14:37:42,509[m [32mINFO  [m[[1;34mhttp-nio-8080-exec-3[m] [36mValidateCountedFractionServiceImpl[m - Start method validateQuantityFractionsV1, tradeId -> 1076025
[30m2026-08-27T14:37:42,509[m [32mINFO  [m[[1;34mhttp-nio-8080-exec-3[m] [36mValidateCountedFractionServiceImpl[m - Start method validateMaximumLimitFractionsV1
[30m2026-08-27T14:37:42,509[m [32mINFO  [m[[1;34mhttp-nio-8080-exec-3[m] [36mValidateCountedFractionServiceImpl[m - Start method validateQuantityFractionsV1, tradeId -> 1075324
[30m2026-08-27T14:37:42,509[m [32mINFO  [m[[1;34mhttp-nio-8080-exec-3[m] [36mValidateCountedFractionServiceImpl[m - Start method validateMaximumLimitFractionsV1
[30m2026-08-27T14:37:42,509[m [32mINFO  [m[[1;34mhttp-nio-8080-exec-3[m] [36mValidateCountedFractionServiceImpl[m - Start method validateQuantityFractionsV1, tradeId -> 1068404
[30m2026-08-27T14:37:42,509[m [32mINFO  [m[[1;34mhttp-nio-8080-exec-3[m] [36mValidateCountedFractionServiceImpl[m - Start method validateMaximumLimitFractionsV1
[30m2026-08-27T14:37:42,509[m [32mINFO  [m[[1;34mhttp-nio-8080-exec-3[m] [36mValidateCountedFractionServiceImpl[m - Start method validateQuantityFractionsV1, tradeId -> 1073423
[30m2026-08-27T14:37:42,509[m [32mINFO  [m[[1;34mhttp-nio-8080-exec-3[m] [36mValidateCountedFractionServiceImpl[m - Start method validateMaximumLimitFractionsV1
[30m2026-08-27T14:37:42,509[m [32mINFO  [m[[1;34mhttp-nio-8080-exec-3[m] [36mValidateCountedFractionServiceImpl[m - Start method validateQuantityFractionsV1, tradeId -> 1068409
[30m2026-08-27T14:37:42,509[m [32mINFO  [m[[1;34mhttp-nio-8080-exec-3[m] [36mValidateCountedFractionServiceImpl[m - Start method validateMaximumLimitFractionsV1
[30m2026-08-27T14:37:42,509[m [32mINFO  [m[[1;34mhttp-nio-8080-exec-3[m] [36mValidateCountedFractionServiceImpl[m - Start method validateQuantityFractionsV1, tradeId -> 1075327
[30m2026-08-27T14:37:42,509[m [32mINFO  [m[[1;34mhttp-nio-8080-exec-3[m] [36mValidateCountedFractionServiceImpl[m - Start method validateMaximumLimitFractionsV1
[30m2026-08-27T14:37:42,509[m [32mINFO  [m[[1;34mhttp-nio-8080-exec-3[m] [36mValidateCountedFractionServiceImpl[m - Start method validateQuantityFractionsV1, tradeId -> 1073426
[30m2026-08-27T14:37:42,509[m [32mINFO  [m[[1;34mhttp-nio-8080-exec-3[m] [36mValidateCountedFractionServiceImpl[m - Start method validateMaximumLimitFractionsV1
[30m2026-08-27T14:37:42,509[m [32mINFO  [m[[1;34mhttp-nio-8080-exec-3[m] [36mValidateCountedFractionServiceImpl[m - Start method validateQuantityFractionsV1, tradeId -> 1076030
[30m2026-08-27T14:37:42,509[m [32mINFO  [m[[1;34mhttp-nio-8080-exec-3[m] [36mValidateCountedFractionServiceImpl[m - Start method validateMaximumLimitFractionsV1
[30m2026-08-27T14:37:42,509[m [32mINFO  [m[[1;34mhttp-nio-8080-exec-3[m] [36mValidateCountedFractionServiceImpl[m - Start method validateQuantityFractionsV1, tradeId -> 1076031
[30m2026-08-27T14:37:42,509[m [32mINFO  [m[[1;34mhttp-nio-8080-exec-3[m] [36mValidateCountedFractionServiceImpl[m - Start method validateMaximumLimitFractionsV1
[30m2026-08-27T14:37:42,510[m [32mINFO  [m[[1;34mhttp-nio-8080-exec-3[m] [36mValidateCountedFractionServiceImpl[m - Start method validateQuantityFractionsV1, tradeId -> 1074521
[30m2026-08-27T14:37:42,510[m [32mINFO  [m[[1;34mhttp-nio-8080-exec-3[m] [36mValidateCountedFractionServiceImpl[m - Start method validateMaximumLimitFractionsV1
[30m2026-08-27T14:37:42,510[m [32mINFO  [m[[1;34mhttp-nio-8080-exec-3[m] [36mValidateCountedFractionServiceImpl[m - Start method validateQuantityFractionsV1, tradeId -> 1076032
[30m2026-08-27T14:37:42,510[m [32mINFO  [m[[1;34mhttp-nio-8080-exec-3[m] [36mValidateCountedFractionServiceImpl[m - Start method validateMaximumLimitFractionsV1
[30m2026-08-27T14:37:42,510[m [32mINFO  [m[[1;34mhttp-nio-8080-exec-3[m] [36mValidateCountedFractionServiceImpl[m - Start method validateQuantityFractionsV1, tradeId -> 1073429
[30m2026-08-27T14:37:42,510[m [32mINFO  [m[[1;34mhttp-nio-8080-exec-3[m] [36mValidateCountedFractionServiceImpl[m - Start method validateMaximumLimitFractionsV1
[30m2026-08-27T14:37:42,510[m [32mINFO  [m[[1;34mhttp-nio-8080-exec-3[m] [36mValidateCountedFractionServiceImpl[m - Start method validateQuantityFractionsV1, tradeId -> 1076033
[30m2026-08-27T14:37:42,510[m [32mINFO  [m[[1;34mhttp-nio-8080-exec-3[m] [36mValidateCountedFractionServiceImpl[m - Start method validateMaximumLimitFractionsV1
[30m2026-08-27T14:37:42,510[m [32mINFO  [m[[1;34mhttp-nio-8080-exec-3[m] [36mValidateCountedFractionServiceImpl[m - Start method validateQuantityFractionsV1, tradeId -> 1076034
[30m2026-08-27T14:37:42,510[m [32mINFO  [m[[1;34mhttp-nio-8080-exec-3[m] [36mValidateCountedFractionServiceImpl[m - Start method validateMaximumLimitFractionsV1
[30m2026-08-27T14:37:42,510[m [32mINFO  [m[[1;34mhttp-nio-8080-exec-3[m] [36mValidateCountedFractionServiceImpl[m - Start method validateQuantityFractionsV1, tradeId -> 1075331
[30m2026-08-27T14:37:42,510[m [32mINFO  [m[[1;34mhttp-nio-8080-exec-3[m] [36mValidateCountedFractionServiceImpl[m - Start method validateMaximumLimitFractionsV1
[30m2026-08-27T14:37:42,510[m [32mINFO  [m[[1;34mhttp-nio-8080-exec-3[m] [36mValidateCountedFractionServiceImpl[m - Start method validateQuantityFractionsV1, tradeId -> 1074522
[30m2026-08-27T14:37:42,511[m [32mINFO  [m[[1;34mhttp-nio-8080-exec-3[m] [36mValidateCountedFractionServiceImpl[m - Start method validateMaximumLimitFractionsV1
[30m2026-08-27T14:37:42,511[m [32mINFO  [m[[1;34mhttp-nio-8080-exec-3[m] [36mValidateCountedFractionServiceImpl[m - Start method validateQuantityFractionsV1, tradeId -> 1068410
[30m2026-08-27T14:37:42,511[m [32mINFO  [m[[1;34mhttp-nio-8080-exec-3[m] [36mValidateCountedFractionServiceImpl[m - Start method validateMaximumLimitFractionsV1
[30m2026-08-27T14:37:42,511[m [32mINFO  [m[[1;34mhttp-nio-8080-exec-3[m] [36mValidateCountedFractionServiceImpl[m - Start method validateQuantityFractionsV1, tradeId -> 1076035
[30m2026-08-27T14:37:42,511[m [32mINFO  [m[[1;34mhttp-nio-8080-exec-3[m] [36mValidateCountedFractionServiceImpl[m - Start method validateMaximumLimitFractionsV1
[30m2026-08-27T14:37:42,511[m [32mINFO  [m[[1;34mhttp-nio-8080-exec-3[m] [36mValidateCountedFractionServiceImpl[m - Start method validateQuantityFractionsV1, tradeId -> 1073432
[30m2026-08-27T14:37:42,511[m [32mINFO  [m[[1;34mhttp-nio-8080-exec-3[m] [36mValidateCountedFractionServiceImpl[m - Start method validateMaximumLimitFractionsV1
[30m2026-08-27T14:37:42,511[m [32mINFO  [m[[1;34mhttp-nio-8080-exec-3[m] [36mValidateCountedFractionServiceImpl[m - Start method validateQuantityFractionsV1, tradeId -> 1074524
[30m2026-08-27T14:37:42,511[m [32mINFO  [m[[1;34mhttp-nio-8080-exec-3[m] [36mValidateCountedFractionServiceImpl[m - Start method validateMaximumLimitFractionsV1
[30m2026-08-27T14:37:42,511[m [32mINFO  [m[[1;34mhttp-nio-8080-exec-3[m] [36mValidateCountedFractionServiceImpl[m - Start method validateQuantityFractionsV1, tradeId -> 1076037
[30m2026-08-27T14:37:42,511[m [32mINFO  [m[[1;34mhttp-nio-8080-exec-3[m] [36mValidateCountedFractionServiceImpl[m - Start method validateMaximumLimitFractionsV1
[30m2026-08-27T14:37:42,511[m [32mINFO  [m[[1;34mhttp-nio-8080-exec-3[m] [36mValidateCountedFractionServiceImpl[m - Start method validateQuantityFractionsV1, tradeId -> 1073435
[30m2026-08-27T14:37:42,511[m [32mINFO  [m[[1;34mhttp-nio-8080-exec-3[m] [36mValidateCountedFractionServiceImpl[m - Start method validateMaximumLimitFractionsV1
[30m2026-08-27T14:37:42,511[m [32mINFO  [m[[1;34mhttp-nio-8080-exec-3[m] [36mValidateCountedFractionServiceImpl[m - Start method validateQuantityFractionsV1, tradeId -> 1068413
[30m2026-08-27T14:37:42,511[m [32mINFO  [m[[1;34mhttp-nio-8080-exec-3[m] [36mValidateCountedFractionServiceImpl[m - Start method validateMaximumLimitFractionsV1
[30m2026-08-27T14:37:42,511[m [32mINFO  [m[[1;34mhttp-nio-8080-exec-3[m] [36mValidateCountedFractionServiceImpl[m - Start method validateQuantityFractionsV1, tradeId -> 1068414
[30m2026-08-27T14:37:42,511[m [32mINFO  [m[[1;34mhttp-nio-8080-exec-3[m] [36mValidateCountedFractionServiceImpl[m - Start method validateMaximumLimitFractionsV1
[30m2026-08-27T14:37:42,511[m [32mINFO  [m[[1;34mhttp-nio-8080-exec-3[m] [36mValidateCountedFractionServiceImpl[m - Start method validateQuantityFractionsV1, tradeId -> 1074526
[30m2026-08-27T14:37:42,511[m [32mINFO  [m[[1;34mhttp-nio-8080-exec-3[m] [36mValidateCountedFractionServiceImpl[m - Start method validateMaximumLimitFractionsV1
[30m2026-08-27T14:37:42,511[m [32mINFO  [m[[1;34mhttp-nio-8080-exec-3[m] [36mValidateCountedFractionServiceImpl[m - Start method validateQuantityFractionsV1, tradeId -> 1073438
[30m2026-08-27T14:37:42,511[m [32mINFO  [m[[1;34mhttp-nio-8080-exec-3[m] [36mValidateCountedFractionServiceImpl[m - Start method validateMaximumLimitFractionsV1
[30m2026-08-27T14:37:42,511[m [32mINFO  [m[[1;34mhttp-nio-8080-exec-3[m] [36mValidateCountedFractionServiceImpl[m - Start method validateQuantityFractionsV1, tradeId -> 1075335
[30m2026-08-27T14:37:42,511[m [32mINFO  [m[[1;34mhttp-nio-8080-exec-3[m] [36mValidateCountedFractionServiceImpl[m - Start method validateMaximumLimitFractionsV1
[30m2026-08-27T14:37:42,512[m [32mINFO  [m[[1;34mhttp-nio-8080-exec-3[m] [36mValidateCountedFractionServiceImpl[m - Start method validateQuantityFractionsV1, tradeId -> 1074530
[30m2026-08-27T14:37:42,512[m [32mINFO  [m[[1;34mhttp-nio-8080-exec-3[m] [36mValidateCountedFractionServiceImpl[m - Start method validateMaximumLimitFractionsV1
[30m2026-08-27T14:37:42,512[m [32mINFO  [m[[1;34mhttp-nio-8080-exec-3[m] [36mValidateCountedFractionServiceImpl[m - Start method validateQuantityFractionsV1, tradeId -> 1073441
[30m2026-08-27T14:37:42,512[m [32mINFO  [m[[1;34mhttp-nio-8080-exec-3[m] [36mValidateCountedFractionServiceImpl[m - Start method validateMaximumLimitFractionsV1
[30m2026-08-27T14:37:42,512[m [32mINFO  [m[[1;34mhttp-nio-8080-exec-3[m] [36mValidateCountedFractionServiceImpl[m - Start method validateQuantityFractionsV1, tradeId -> 1073444
[30m2026-08-27T14:37:42,512[m [32mINFO  [m[[1;34mhttp-nio-8080-exec-3[m] [36mValidateCountedFractionServiceImpl[m - Start method validateMaximumLimitFractionsV1
[30m2026-08-27T14:37:42,512[m [32mINFO  [m[[1;34mhttp-nio-8080-exec-3[m] [36mValidateCountedFractionServiceImpl[m - Start method validateQuantityFractionsV1, tradeId -> 1068418
[30m2026-08-27T14:37:42,512[m [32mINFO  [m[[1;34mhttp-nio-8080-exec-3[m] [36mValidateCountedFractionServiceImpl[m - Start method validateMaximumLimitFractionsV1
[30m2026-08-27T14:37:42,512[m [32mINFO  [m[[1;34mhttp-nio-8080-exec-3[m] [36mValidateCountedFractionServiceImpl[m - Start method validateQuantityFractionsV1, tradeId -> 1076048
[30m2026-08-27T14:37:42,512[m [32mINFO  [m[[1;34mhttp-nio-8080-exec-3[m] [36mValidateCountedFractionServiceImpl[m - Start method validateMaximumLimitFractionsV1
[30m2026-08-27T14:37:42,513[m [32mINFO  [m[[1;34mhttp-nio-8080-exec-3[m] [36mValidateCountedFractionServiceImpl[m - Start method validateQuantityFractionsV1, tradeId -> 1068419
[30m2026-08-27T14:37:42,513[m [32mINFO  [m[[1;34mhttp-nio-8080-exec-3[m] [36mValidateCountedFractionServiceImpl[m - Start method validateMaximumLimitFractionsV1
[30m2026-08-27T14:37:42,513[m [32mINFO  [m[[1;34mhttp-nio-8080-exec-3[m] [36mValidateCountedFractionServiceImpl[m - Start method validateQuantityFractionsV1, tradeId -> 1073447
[30m2026-08-27T14:37:42,513[m [32mINFO  [m[[1;34mhttp-nio-8080-exec-3[m] [36mValidateCountedFractionServiceImpl[m - Start method validateMaximumLimitFractionsV1
[30m2026-08-27T14:37:42,513[m [32mINFO  [m[[1;34mhttp-nio-8080-exec-3[m] [36mValidateCountedFractionServiceImpl[m - Start method validateQuantityFractionsV1, tradeId -> 1074534
[30m2026-08-27T14:37:42,513[m [32mINFO  [m[[1;34mhttp-nio-8080-exec-3[m] [36mValidateCountedFractionServiceImpl[m - Start method validateMaximumLimitFractionsV1
[30m2026-08-27T14:37:42,513[m [32mINFO  [m[[1;34mhttp-nio-8080-exec-3[m] [36mValidateCountedFractionServiceImpl[m - Start method validateQuantityFractionsV1, tradeId -> 1068420
[30m2026-08-27T14:37:42,513[m [32mINFO  [m[[1;34mhttp-nio-8080-exec-3[m] [36mValidateCountedFractionServiceImpl[m - Start method validateMaximumLimitFractionsV1
[30m2026-08-27T14:37:42,513[m [32mINFO  [m[[1;34mhttp-nio-8080-exec-3[m] [36mValidateCountedFractionServiceImpl[m - Start method validateQuantityFractionsV1, tradeId -> 1076050
[30m2026-08-27T14:37:42,513[m [32mINFO  [m[[1;34mhttp-nio-8080-exec-3[m] [36mValidateCountedFractionServiceImpl[m - Start method validateMaximumLimitFractionsV1
[30m2026-08-27T14:37:42,513[m [32mINFO  [m[[1;34mhttp-nio-8080-exec-3[m] [36mValidateCountedFractionServiceImpl[m - Start method validateQuantityFractionsV1, tradeId -> 1068421
[30m2026-08-27T14:37:42,513[m [32mINFO  [m[[1;34mhttp-nio-8080-exec-3[m] [36mValidateCountedFractionServiceImpl[m - Start method validateMaximumLimitFractionsV1
[30m2026-08-27T14:37:42,513[m [32mINFO  [m[[1;34mhttp-nio-8080-exec-3[m] [36mValidateCountedFractionServiceImpl[m - Start method validateQuantityFractionsV1, tradeId -> 1068422
[30m2026-08-27T14:37:42,513[m [32mINFO  [m[[1;34mhttp-nio-8080-exec-3[m] [36mValidateCountedFractionServiceImpl[m - Start method validateMaximumLimitFractionsV1
[30m2026-08-27T14:37:42,513[m [32mINFO  [m[[1;34mhttp-nio-8080-exec-3[m] [36mValidateCountedFractionServiceImpl[m - Start method validateQuantityFractionsV1, tradeId -> 1068423
[30m2026-08-27T14:37:42,513[m [32mINFO  [m[[1;34mhttp-nio-8080-exec-3[m] [36mValidateCountedFractionServiceImpl[m - Start method validateMaximumLimitFractionsV1
[30m2026-08-27T14:37:42,513[m [32mINFO  [m[[1;34mhttp-nio-8080-exec-3[m] [36mValidateCountedFractionServiceImpl[m - Start method validateQuantityFractionsV1, tradeId -> 1075336
[30m2026-08-27T14:37:42,513[m [32mINFO  [m[[1;34mhttp-nio-8080-exec-3[m] [36mValidateCountedFractionServiceImpl[m - Start method validateMaximumLimitFractionsV1
[30m2026-08-27T14:37:42,513[m [32mINFO  [m[[1;34mhttp-nio-8080-exec-3[m] [36mValidateCountedFractionServiceImpl[m - Start method validateQuantityFractionsV1, tradeId -> 1068424
[30m2026-08-27T14:37:42,513[m [32mINFO  [m[[1;34mhttp-nio-8080-exec-3[m] [36mValidateCountedFractionServiceImpl[m - Start method validateMaximumLimitFractionsV1
[30m2026-08-27T14:37:42,513[m [32mINFO  [m[[1;34mhttp-nio-8080-exec-3[m] [36mValidateCountedFractionServiceImpl[m - Start method validateQuantityFractionsV1, tradeId -> 1075337
[30m2026-08-27T14:37:42,513[m [32mINFO  [m[[1;34mhttp-nio-8080-exec-3[m] [36mValidateCountedFractionServiceImpl[m - Start method validateMaximumLimitFractionsV1
[30m2026-08-27T14:37:42,513[m [32mINFO  [m[[1;34mhttp-nio-8080-exec-3[m] [36mValidateCountedFractionServiceImpl[m - Start method validateQuantityFractionsV1, tradeId -> 1068425
[30m2026-08-27T14:37:42,513[m [32mINFO  [m[[1;34mhttp-nio-8080-exec-3[m] [36mValidateCountedFractionServiceImpl[m - Start method validateMaximumLimitFractionsV1
[30m2026-08-27T14:37:42,513[m [32mINFO  [m[[1;34mhttp-nio-8080-exec-3[m] [36mValidateCountedFractionServiceImpl[m - Start method validateQuantityFractionsV1, tradeId -> 1076051
[30m2026-08-27T14:37:42,513[m [32mINFO  [m[[1;34mhttp-nio-8080-exec-3[m] [36mValidateCountedFractionServiceImpl[m - Start method validateMaximumLimitFractionsV1
[30m2026-08-27T14:37:42,513[m [32mINFO  [m[[1;34mhttp-nio-8080-exec-3[m] [36mValidateCountedFractionServiceImpl[m - Start method validateQuantityFractionsV1, tradeId -> 1074535
[30m2026-08-27T14:37:42,514[m [32mINFO  [m[[1;34mhttp-nio-8080-exec-3[m] [36mValidateCountedFractionServiceImpl[m - Start method validateMaximumLimitFractionsV1
[30m2026-08-27T14:37:42,514[m [32mINFO  [m[[1;34mhttp-nio-8080-exec-3[m] [36mValidateCountedFractionServiceImpl[m - Start method validateQuantityFractionsV1, tradeId -> 1076052
[30m2026-08-27T14:37:42,514[m [32mINFO  [m[[1;34mhttp-nio-8080-exec-3[m] [36mValidateCountedFractionServiceImpl[m - Start method validateMaximumLimitFractionsV1
[30m2026-08-27T14:37:42,514[m [32mINFO  [m[[1;34mhttp-nio-8080-exec-3[m] [36mValidateCountedFractionServiceImpl[m - Start method validateQuantityFractionsV1, tradeId -> 1068426
[30m2026-08-27T14:37:42,514[m [32mINFO  [m[[1;34mhttp-nio-8080-exec-3[m] [36mValidateCountedFractionServiceImpl[m - Start method validateMaximumLimitFractionsV1
[30m2026-08-27T14:37:42,514[m [32mINFO  [m[[1;34mhttp-nio-8080-exec-3[m] [36mValidateCountedFractionServiceImpl[m - Start method validateQuantityFractionsV1, tradeId -> 1074536
[30m2026-08-27T14:37:42,514[m [32mINFO  [m[[1;34mhttp-nio-8080-exec-3[m] [36mValidateCountedFractionServiceImpl[m - Start method validateMaximumLimitFractionsV1
[30m2026-08-27T14:37:42,514[m [32mINFO  [m[[1;34mhttp-nio-8080-exec-3[m] [36mFractionationCountedServiceImpl[m - PERF_ASSIGNMENT_VALIDATION_BATCH batchId=11232c03-fc66-40f7-a726-41306982f2e4 inputCount=50 validCount=50 invalidCount=0 uniqueTrades=50 uniqueSides=1 uniqueParticipants=1 titleAccountResolutionRequests=50 titleAccountUniqueBusinessKeys=1 settlementLookupRequests=50 settlementUniqueTradeSides=50 settlementRepositoryCalls=1 settlementRowsLoaded=0 settlementPrefetchMs=4 cudLookupRequests=0 cudUniqueTradeSides=0 cudUniqueBusinessKeys=0 cudRepositoryCalls=0 cudRowsLoaded=0 cudPrefetchMs=0 tradePrefetchMs=163 sidePrefetchMs=0 participantPrefetchMs=12 accountResolutionMs=16 accountPrefetchMs=11 businessValidationMs=8 totalMs=216
[30m2026-08-27T14:37:42,514[m [32mINFO  [m[[1;34mhttp-nio-8080-exec-3[m] [36mRestClientUtils[m - Client [POST] http://operaciones-fracciones-contado-back-service/operations-fractionation-api/v1/fractionation/batch
[30m2026-08-27T14:37:44,409[m [32mINFO  [m[[1;34mhttp-nio-8080-exec-3[m] [36mFractionationCountedServiceImpl[m - PERF_ASSIGNMENT_BATCH service=cmd batchId=11232c03-fc66-40f7-a726-41306982f2e4 mode=RAW_VALIDATED configuredMaxBatchSize=80 receivedBatchSize=50 processedCount=50 successCount=50 failureCount=0 fractionationMs=1895 totalMs=1895
[30m2026-08-27T14:37:44,409[m [32mINFO  [m[[1;34mhttp-nio-8080-exec-3[m] [36mFractionationCountedServiceImpl[m - PERF_ASSIGNMENT_BATCH service=cmd batchId=11232c03-fc66-40f7-a726-41306982f2e4 mode=RAW configuredMaxBatchSize=80 receivedBatchSize=50 validCount=50 invalidCount=0 sentToFractionationCount=50 successCount=50 failureCount=0 totalMs=2112
[30m2026-08-27T14:37:44,411[m [32mINFO  [m[[1;34mhttp-nio-8080-exec-3[m] [36mGlobalFilter[m - Request [POST /operations-cmd-api/v1/fractionation/counted-operation/batch] completed in 2116 ms with status 200
[30m2026-08-27T14:37:44,437[m [32mINFO  [m[[1;34mhttp-nio-8080-exec-4[m] [36mGlobalFilter[m - ----------- Client User: operaciones-orquestador-ext-back ----------
[30m2026-08-27T14:37:44,612[m [32mINFO  [m[[1;34mhttp-nio-8080-exec-4[m] [36mValidateCountedFractionServiceImpl[m - Start method validateAccountFractionAssignmentV1, accountNumber -> 4021801, tradeId -> 1073450, sideId -> 1, originId -> 122, isLocalCorrection -> false
[30m2026-08-27T14:37:44,612[m [32mINFO  [m[[1;34mhttp-nio-8080-exec-4[m] [36mValidateCountedFractionServiceImpl[m - Searching participant account assignment for accountNumber -> 4021801, participantId -> 15, depositoryId -> 1
[30m2026-08-27T14:37:44,614[m [32mINFO  [m[[1;34mhttp-nio-8080-exec-4[m] [36mValidateCountedFractionServiceImpl[m - No participant account found for accountNumber -> 4021801
[30m2026-08-27T14:37:44,627[m [32mINFO  [m[[1;34mhttp-nio-8080-exec-4[m] [36mValidateCountedFractionServiceImpl[m - End method validateAccountFractionAssignmentV1, fractionAccountOutDto -> FractionAccountOutDto(participantAccount=null, investorAccount=InvestorAccountOutDto(id=57, investor=InvestorOutDto(id=167, code=CL00000001, firstName=Prueba Nombre 1, lastName=Prueba Nombre 2, companyName=TERCERO3509748, type=TypeOutDto(id=2, description=JURIDICO, category=PERSONA), status=StatusOutDto(id=515, description=ACTIVO, category=INVERSIONISTA, shortName=null), country=CountryOutDto(id=35, code=CL, name=CHILE, currency=CurrencyOutDto(id=30, code=CLP, name=PESO CHILENO), timeZone=UTC -3), documentNumber=8605303170, identificationType=IdentificationTypeOutDto(id=5, description=CEDULA DE CIUDADANÍA, code=CC), nationality=35, clearinghouseCode=null, gics=null, moneyLaunderingFlag=null, taxStatus=null), accountNumber=4021801, accountName=AMBIENTE 3  PRUEBA 3, status=StatusOutDto(id=570, description=ACTIVO, category=CUENTA_INVERSIONISTA, shortName=null), originType=TypeOutDto(id=120, description=TERCEROS, category=ORIGEN PUNTA), type=TypeOutDto(id=26, description=CUENTA DEPOSITO, category=CUENTA DEPOSITO), depository=DepositoryOutDto(id=1, description=DVL), participant=null, taxExemp=false), sourceQuoteType=TypeOutDto(id=120, description=TERCEROS, category=ORIGEN PUNTA), fiduciarySpecialist=false, jointAccount=false, masterAccount=false, custodian=null, milaDirectDepositor=null)
[30m2026-08-27T14:37:44,645[m [32mINFO  [m[[1;34mhttp-nio-8080-exec-4[m] [36mValidateCountedFractionServiceImpl[m - Start method validateQuantityFractionsV1, tradeId -> 1073450
[30m2026-08-27T14:37:44,645[m [32mINFO  [m[[1;34mhttp-nio-8080-exec-4[m] [36mValidateCountedFractionServiceImpl[m - Start method validateMaximumLimitFractionsV1
[30m2026-08-27T14:37:44,645[m [32mINFO  [m[[1;34mhttp-nio-8080-exec-4[m] [36mValidateCountedFractionServiceImpl[m - Start method validateQuantityFractionsV1, tradeId -> 1074537
[30m2026-08-27T14:37:44,645[m [32mINFO  [m[[1;34mhttp-nio-8080-exec-4[m] [36mValidateCountedFractionServiceImpl[m - Start method validateMaximumLimitFractionsV1
[30m2026-08-27T14:37:44,645[m [32mINFO  [m[[1;34mhttp-nio-8080-exec-4[m] [36mValidateCountedFractionServiceImpl[m - Start method validateQuantityFractionsV1, tradeId -> 1075338
[30m2026-08-27T14:37:44,645[m [32mINFO  [m[[1;34mhttp-nio-8080-exec-4[m] [36mValidateCountedFractionServiceImpl[m - Start method validateMaximumLimitFractionsV1
[30m2026-08-27T14:37:44,645[m [32mINFO  [m[[1;34mhttp-nio-8080-exec-4[m] [36mValidateCountedFractionServiceImpl[m - Start method validateQuantityFractionsV1, tradeId -> 1075339
[30m2026-08-27T14:37:44,645[m [32mINFO  [m[[1;34mhttp-nio-8080-exec-4[m] [36mValidateCountedFractionServiceImpl[m - Start method validateMaximumLimitFractionsV1
[30m2026-08-27T14:37:44,645[m [32mINFO  [m[[1;34mhttp-nio-8080-exec-4[m] [36mValidateCountedFractionServiceImpl[m - Start method validateQuantityFractionsV1, tradeId -> 1068428
[30m2026-08-27T14:37:44,645[m [32mINFO  [m[[1;34mhttp-nio-8080-exec-4[m] [36mValidateCountedFractionServiceImpl[m - Start method validateMaximumLimitFractionsV1
[30m2026-08-27T14:37:44,646[m [32mINFO  [m[[1;34mhttp-nio-8080-exec-4[m] [36mValidateCountedFractionServiceImpl[m - Start method validateQuantityFractionsV1, tradeId -> 1076053
[30m2026-08-27T14:37:44,646[m [32mINFO  [m[[1;34mhttp-nio-8080-exec-4[m] [36mValidateCountedFractionServiceImpl[m - Start method validateMaximumLimitFractionsV1
[30m2026-08-27T14:37:44,646[m [32mINFO  [m[[1;34mhttp-nio-8080-exec-4[m] [36mValidateCountedFractionServiceImpl[m - Start method validateQuantityFractionsV1, tradeId -> 1075340
[30m2026-08-27T14:37:44,646[m [32mINFO  [m[[1;34mhttp-nio-8080-exec-4[m] [36mValidateCountedFractionServiceImpl[m - Start method validateMaximumLimitFractionsV1
[30m2026-08-27T14:37:44,646[m [32mINFO  [m[[1;34mhttp-nio-8080-exec-4[m] [36mValidateCountedFractionServiceImpl[m - Start method validateQuantityFractionsV1, tradeId -> 1074538
[30m2026-08-27T14:37:44,646[m [32mINFO  [m[[1;34mhttp-nio-8080-exec-4[m] [36mValidateCountedFractionServiceImpl[m - Start method validateMaximumLimitFractionsV1
[30m2026-08-27T14:37:44,646[m [32mINFO  [m[[1;34mhttp-nio-8080-exec-4[m] [36mValidateCountedFractionServiceImpl[m - Start method validateQuantityFractionsV1, tradeId -> 1068429
[30m2026-08-27T14:37:44,646[m [32mINFO  [m[[1;34mhttp-nio-8080-exec-4[m] [36mValidateCountedFractionServiceImpl[m - Start method validateMaximumLimitFractionsV1
[30m2026-08-27T14:37:44,646[m [32mINFO  [m[[1;34mhttp-nio-8080-exec-4[m] [36mValidateCountedFractionServiceImpl[m - Start method validateQuantityFractionsV1, tradeId -> 1068430
[30m2026-08-27T14:37:44,646[m [32mINFO  [m[[1;34mhttp-nio-8080-exec-4[m] [36mValidateCountedFractionServiceImpl[m - Start method validateMaximumLimitFractionsV1
[30m2026-08-27T14:37:44,646[m [32mINFO  [m[[1;34mhttp-nio-8080-exec-4[m] [36mValidateCountedFractionServiceImpl[m - Start method validateQuantityFractionsV1, tradeId -> 1068431
[30m2026-08-27T14:37:44,646[m [32mINFO  [m[[1;34mhttp-nio-8080-exec-4[m] [36mValidateCountedFractionServiceImpl[m - Start method validateMaximumLimitFractionsV1
[30m2026-08-27T14:37:44,646[m [32mINFO  [m[[1;34mhttp-nio-8080-exec-4[m] [36mValidateCountedFractionServiceImpl[m - Start method validateQuantityFractionsV1, tradeId -> 1073453
[30m2026-08-27T14:37:44,646[m [32mINFO  [m[[1;34mhttp-nio-8080-exec-4[m] [36mValidateCountedFractionServiceImpl[m - Start method validateMaximumLimitFractionsV1
[30m2026-08-27T14:37:44,646[m [32mINFO  [m[[1;34mhttp-nio-8080-exec-4[m] [36mValidateCountedFractionServiceImpl[m - Start method validateQuantityFractionsV1, tradeId -> 1073456
[30m2026-08-27T14:37:44,646[m [32mINFO  [m[[1;34mhttp-nio-8080-exec-4[m] [36mValidateCountedFractionServiceImpl[m - Start method validateMaximumLimitFractionsV1
[30m2026-08-27T14:37:44,646[m [32mINFO  [m[[1;34mhttp-nio-8080-exec-4[m] [36mValidateCountedFractionServiceImpl[m - Start method validateQuantityFractionsV1, tradeId -> 1068432
[30m2026-08-27T14:37:44,647[m [32mINFO  [m[[1;34mhttp-nio-8080-exec-4[m] [36mValidateCountedFractionServiceImpl[m - Start method validateMaximumLimitFractionsV1
[30m2026-08-27T14:37:44,647[m [32mINFO  [m[[1;34mhttp-nio-8080-exec-4[m] [36mValidateCountedFractionServiceImpl[m - Start method validateQuantityFractionsV1, tradeId -> 1075341
[30m2026-08-27T14:37:44,647[m [32mINFO  [m[[1;34mhttp-nio-8080-exec-4[m] [36mValidateCountedFractionServiceImpl[m - Start method validateMaximumLimitFractionsV1
[30m2026-08-27T14:37:44,647[m [32mINFO  [m[[1;34mhttp-nio-8080-exec-4[m] [36mValidateCountedFractionServiceImpl[m - Start method validateQuantityFractionsV1, tradeId -> 1068434
[30m2026-08-27T14:37:44,647[m [32mINFO  [m[[1;34mhttp-nio-8080-exec-4[m] [36mValidateCountedFractionServiceImpl[m - Start method validateMaximumLimitFractionsV1
[30m2026-08-27T14:37:44,647[m [32mINFO  [m[[1;34mhttp-nio-8080-exec-4[m] [36mValidateCountedFractionServiceImpl[m - Start method validateQuantityFractionsV1, tradeId -> 1068435
[30m2026-08-27T14:37:44,647[m [32mINFO  [m[[1;34mhttp-nio-8080-exec-4[m] [36mValidateCountedFractionServiceImpl[m - Start method validateMaximumLimitFractionsV1
[30m2026-08-27T14:37:44,647[m [32mINFO  [m[[1;34mhttp-nio-8080-exec-4[m] [36mValidateCountedFractionServiceImpl[m - Start method validateQuantityFractionsV1, tradeId -> 1073460
[30m2026-08-27T14:37:44,647[m [32mINFO  [m[[1;34mhttp-nio-8080-exec-4[m] [36mValidateCountedFractionServiceImpl[m - Start method validateMaximumLimitFractionsV1
[30m2026-08-27T14:37:44,647[m [32mINFO  [m[[1;34mhttp-nio-8080-exec-4[m] [36mValidateCountedFractionServiceImpl[m - Start method validateQuantityFractionsV1, tradeId -> 1073463
[30m2026-08-27T14:37:44,647[m [32mINFO  [m[[1;34mhttp-nio-8080-exec-4[m] [36mValidateCountedFractionServiceImpl[m - Start method validateMaximumLimitFractionsV1
[30m2026-08-27T14:37:44,647[m [32mINFO  [m[[1;34mhttp-nio-8080-exec-4[m] [36mValidateCountedFractionServiceImpl[m - Start method validateQuantityFractionsV1, tradeId -> 1075344
[30m2026-08-27T14:37:44,647[m [32mINFO  [m[[1;34mhttp-nio-8080-exec-4[m] [36mValidateCountedFractionServiceImpl[m - Start method validateMaximumLimitFractionsV1
[30m2026-08-27T14:37:44,647[m [32mINFO  [m[[1;34mhttp-nio-8080-exec-4[m] [36mValidateCountedFractionServiceImpl[m - Start method validateQuantityFractionsV1, tradeId -> 1068438
[30m2026-08-27T14:37:44,647[m [32mINFO  [m[[1;34mhttp-nio-8080-exec-4[m] [36mValidateCountedFractionServiceImpl[m - Start method validateMaximumLimitFractionsV1
[30m2026-08-27T14:37:44,647[m [32mINFO  [m[[1;34mhttp-nio-8080-exec-4[m] [36mValidateCountedFractionServiceImpl[m - Start method validateQuantityFractionsV1, tradeId -> 1075350
[30m2026-08-27T14:37:44,647[m [32mINFO  [m[[1;34mhttp-nio-8080-exec-4[m] [36mValidateCountedFractionServiceImpl[m - Start method validateMaximumLimitFractionsV1
[30m2026-08-27T14:37:44,647[m [32mINFO  [m[[1;34mhttp-nio-8080-exec-4[m] [36mValidateCountedFractionServiceImpl[m - Start method validateQuantityFractionsV1, tradeId -> 1075351
[30m2026-08-27T14:37:44,647[m [32mINFO  [m[[1;34mhttp-nio-8080-exec-4[m] [36mValidateCountedFractionServiceImpl[m - Start method validateMaximumLimitFractionsV1
[30m2026-08-27T14:37:44,647[m [32mINFO  [m[[1;34mhttp-nio-8080-exec-4[m] [36mValidateCountedFractionServiceImpl[m - Start method validateQuantityFractionsV1, tradeId -> 1074547
[30m2026-08-27T14:37:44,647[m [32mINFO  [m[[1;34mhttp-nio-8080-exec-4[m] [36mValidateCountedFractionServiceImpl[m - Start method validateMaximumLimitFractionsV1
[30m2026-08-27T14:37:44,647[m [32mINFO  [m[[1;34mhttp-nio-8080-exec-4[m] [36mValidateCountedFractionServiceImpl[m - Start method validateQuantityFractionsV1, tradeId -> 1075352
[30m2026-08-27T14:37:44,647[m [32mINFO  [m[[1;34mhttp-nio-8080-exec-4[m] [36mValidateCountedFractionServiceImpl[m - Start method validateMaximumLimitFractionsV1
[30m2026-08-27T14:37:44,647[m [32mINFO  [m[[1;34mhttp-nio-8080-exec-4[m] [36mValidateCountedFractionServiceImpl[m - Start method validateQuantityFractionsV1, tradeId -> 1076060
[30m2026-08-27T14:37:44,647[m [32mINFO  [m[[1;34mhttp-nio-8080-exec-4[m] [36mValidateCountedFractionServiceImpl[m - Start method validateMaximumLimitFractionsV1
[30m2026-08-27T14:37:44,647[m [32mINFO  [m[[1;34mhttp-nio-8080-exec-4[m] [36mValidateCountedFractionServiceImpl[m - Start method validateQuantityFractionsV1, tradeId -> 1076061
[30m2026-08-27T14:37:44,647[m [32mINFO  [m[[1;34mhttp-nio-8080-exec-4[m] [36mValidateCountedFractionServiceImpl[m - Start method validateMaximumLimitFractionsV1
[30m2026-08-27T14:37:44,648[m [32mINFO  [m[[1;34mhttp-nio-8080-exec-4[m] [36mValidateCountedFractionServiceImpl[m - Start method validateQuantityFractionsV1, tradeId -> 1074548
[30m2026-08-27T14:37:44,648[m [32mINFO  [m[[1;34mhttp-nio-8080-exec-4[m] [36mValidateCountedFractionServiceImpl[m - Start method validateMaximumLimitFractionsV1
[30m2026-08-27T14:37:44,648[m [32mINFO  [m[[1;34mhttp-nio-8080-exec-4[m] [36mValidateCountedFractionServiceImpl[m - Start method validateQuantityFractionsV1, tradeId -> 1075353
[30m2026-08-27T14:37:44,648[m [32mINFO  [m[[1;34mhttp-nio-8080-exec-4[m] [36mValidateCountedFractionServiceImpl[m - Start method validateMaximumLimitFractionsV1
[30m2026-08-27T14:37:44,648[m [32mINFO  [m[[1;34mhttp-nio-8080-exec-4[m] [36mValidateCountedFractionServiceImpl[m - Start method validateQuantityFractionsV1, tradeId -> 1075354
[30m2026-08-27T14:37:44,648[m [32mINFO  [m[[1;34mhttp-nio-8080-exec-4[m] [36mValidateCountedFractionServiceImpl[m - Start method validateMaximumLimitFractionsV1
[30m2026-08-27T14:37:44,648[m [32mINFO  [m[[1;34mhttp-nio-8080-exec-4[m] [36mValidateCountedFractionServiceImpl[m - Start method validateQuantityFractionsV1, tradeId -> 1073466
[30m2026-08-27T14:37:44,648[m [32mINFO  [m[[1;34mhttp-nio-8080-exec-4[m] [36mValidateCountedFractionServiceImpl[m - Start method validateMaximumLimitFractionsV1
[30m2026-08-27T14:37:44,648[m [32mINFO  [m[[1;34mhttp-nio-8080-exec-4[m] [36mValidateCountedFractionServiceImpl[m - Start method validateQuantityFractionsV1, tradeId -> 1074549
[30m2026-08-27T14:37:44,648[m [32mINFO  [m[[1;34mhttp-nio-8080-exec-4[m] [36mValidateCountedFractionServiceImpl[m - Start method validateMaximumLimitFractionsV1
[30m2026-08-27T14:37:44,648[m [32mINFO  [m[[1;34mhttp-nio-8080-exec-4[m] [36mValidateCountedFractionServiceImpl[m - Start method validateQuantityFractionsV1, tradeId -> 1076064
[30m2026-08-27T14:37:44,648[m [32mINFO  [m[[1;34mhttp-nio-8080-exec-4[m] [36mValidateCountedFractionServiceImpl[m - Start method validateMaximumLimitFractionsV1
[30m2026-08-27T14:37:44,648[m [32mINFO  [m[[1;34mhttp-nio-8080-exec-4[m] [36mValidateCountedFractionServiceImpl[m - Start method validateQuantityFractionsV1, tradeId -> 1075355
[30m2026-08-27T14:37:44,648[m [32mINFO  [m[[1;34mhttp-nio-8080-exec-4[m] [36mValidateCountedFractionServiceImpl[m - Start method validateMaximumLimitFractionsV1
[30m2026-08-27T14:37:44,648[m [32mINFO  [m[[1;34mhttp-nio-8080-exec-4[m] [36mValidateCountedFractionServiceImpl[m - Start method validateQuantityFractionsV1, tradeId -> 1075356
[30m2026-08-27T14:37:44,648[m [32mINFO  [m[[1;34mhttp-nio-8080-exec-4[m] [36mValidateCountedFractionServiceImpl[m - Start method validateMaximumLimitFractionsV1
[30m2026-08-27T14:37:44,648[m [32mINFO  [m[[1;34mhttp-nio-8080-exec-4[m] [36mValidateCountedFractionServiceImpl[m - Start method validateQuantityFractionsV1, tradeId -> 1068443
[30m2026-08-27T14:37:44,648[m [32mINFO  [m[[1;34mhttp-nio-8080-exec-4[m] [36mValidateCountedFractionServiceImpl[m - Start method validateMaximumLimitFractionsV1
[30m2026-08-27T14:37:44,648[m [32mINFO  [m[[1;34mhttp-nio-8080-exec-4[m] [36mValidateCountedFractionServiceImpl[m - Start method validateQuantityFractionsV1, tradeId -> 1075357
[30m2026-08-27T14:37:44,648[m [32mINFO  [m[[1;34mhttp-nio-8080-exec-4[m] [36mValidateCountedFractionServiceImpl[m - Start method validateMaximumLimitFractionsV1
[30m2026-08-27T14:37:44,648[m [32mINFO  [m[[1;34mhttp-nio-8080-exec-4[m] [36mValidateCountedFractionServiceImpl[m - Start method validateQuantityFractionsV1, tradeId -> 1068444
[30m2026-08-27T14:37:44,648[m [32mINFO  [m[[1;34mhttp-nio-8080-exec-4[m] [36mValidateCountedFractionServiceImpl[m - Start method validateMaximumLimitFractionsV1
[30m2026-08-27T14:37:44,648[m [32mINFO  [m[[1;34mhttp-nio-8080-exec-4[m] [36mValidateCountedFractionServiceImpl[m - Start method validateQuantityFractionsV1, tradeId -> 1074550
[30m2026-08-27T14:37:44,648[m [32mINFO  [m[[1;34mhttp-nio-8080-exec-4[m] [36mValidateCountedFractionServiceImpl[m - Start method validateMaximumLimitFractionsV1
[30m2026-08-27T14:37:44,648[m [32mINFO  [m[[1;34mhttp-nio-8080-exec-4[m] [36mValidateCountedFractionServiceImpl[m - Start method validateQuantityFractionsV1, tradeId -> 1074551
[30m2026-08-27T14:37:44,648[m [32mINFO  [m[[1;34mhttp-nio-8080-exec-4[m] [36mValidateCountedFractionServiceImpl[m - Start method validateMaximumLimitFractionsV1
[30m2026-08-27T14:37:44,648[m [32mINFO  [m[[1;34mhttp-nio-8080-exec-4[m] [36mValidateCountedFractionServiceImpl[m - Start method validateQuantityFractionsV1, tradeId -> 1076065
[30m2026-08-27T14:37:44,648[m [32mINFO  [m[[1;34mhttp-nio-8080-exec-4[m] [36mValidateCountedFractionServiceImpl[m - Start method validateMaximumLimitFractionsV1
[30m2026-08-27T14:37:44,648[m [32mINFO  [m[[1;34mhttp-nio-8080-exec-4[m] [36mValidateCountedFractionServiceImpl[m - Start method validateQuantityFractionsV1, tradeId -> 1075358
[30m2026-08-27T14:37:44,649[m [32mINFO  [m[[1;34mhttp-nio-8080-exec-4[m] [36mValidateCountedFractionServiceImpl[m - Start method validateMaximumLimitFractionsV1
[30m2026-08-27T14:37:44,649[m [32mINFO  [m[[1;34mhttp-nio-8080-exec-4[m] [36mValidateCountedFractionServiceImpl[m - Start method validateQuantityFractionsV1, tradeId -> 1075359
[30m2026-08-27T14:37:44,649[m [32mINFO  [m[[1;34mhttp-nio-8080-exec-4[m] [36mValidateCountedFractionServiceImpl[m - Start method validateMaximumLimitFractionsV1
[30m2026-08-27T14:37:44,649[m [32mINFO  [m[[1;34mhttp-nio-8080-exec-4[m] [36mValidateCountedFractionServiceImpl[m - Start method validateQuantityFractionsV1, tradeId -> 1068445
[30m2026-08-27T14:37:44,649[m [32mINFO  [m[[1;34mhttp-nio-8080-exec-4[m] [36mValidateCountedFractionServiceImpl[m - Start method validateMaximumLimitFractionsV1
[30m2026-08-27T14:37:44,649[m [32mINFO  [m[[1;34mhttp-nio-8080-exec-4[m] [36mValidateCountedFractionServiceImpl[m - Start method validateQuantityFractionsV1, tradeId -> 1074552
[30m2026-08-27T14:37:44,649[m [32mINFO  [m[[1;34mhttp-nio-8080-exec-4[m] [36mValidateCountedFractionServiceImpl[m - Start method validateMaximumLimitFractionsV1
[30m2026-08-27T14:37:44,649[m [32mINFO  [m[[1;34mhttp-nio-8080-exec-4[m] [36mValidateCountedFractionServiceImpl[m - Start method validateQuantityFractionsV1, tradeId -> 1076066
[30m2026-08-27T14:37:44,649[m [32mINFO  [m[[1;34mhttp-nio-8080-exec-4[m] [36mValidateCountedFractionServiceImpl[m - Start method validateMaximumLimitFractionsV1
[30m2026-08-27T14:37:44,649[m [32mINFO  [m[[1;34mhttp-nio-8080-exec-4[m] [36mValidateCountedFractionServiceImpl[m - Start method validateQuantityFractionsV1, tradeId -> 1068446
[30m2026-08-27T14:37:44,649[m [32mINFO  [m[[1;34mhttp-nio-8080-exec-4[m] [36mValidateCountedFractionServiceImpl[m - Start method validateMaximumLimitFractionsV1
[30m2026-08-27T14:37:44,649[m [32mINFO  [m[[1;34mhttp-nio-8080-exec-4[m] [36mValidateCountedFractionServiceImpl[m - Start method validateQuantityFractionsV1, tradeId -> 1068447
[30m2026-08-27T14:37:44,649[m [32mINFO  [m[[1;34mhttp-nio-8080-exec-4[m] [36mValidateCountedFractionServiceImpl[m - Start method validateMaximumLimitFractionsV1
[30m2026-08-27T14:37:44,649[m [32mINFO  [m[[1;34mhttp-nio-8080-exec-4[m] [36mValidateCountedFractionServiceImpl[m - Start method validateQuantityFractionsV1, tradeId -> 1068448
[30m2026-08-27T14:37:44,649[m [32mINFO  [m[[1;34mhttp-nio-8080-exec-4[m] [36mValidateCountedFractionServiceImpl[m - Start method validateMaximumLimitFractionsV1
[30m2026-08-27T14:37:44,649[m [32mINFO  [m[[1;34mhttp-nio-8080-exec-4[m] [36mValidateCountedFractionServiceImpl[m - Start method validateQuantityFractionsV1, tradeId -> 1075360
[30m2026-08-27T14:37:44,649[m [32mINFO  [m[[1;34mhttp-nio-8080-exec-4[m] [36mValidateCountedFractionServiceImpl[m - Start method validateMaximumLimitFractionsV1
[30m2026-08-27T14:37:44,649[m [32mINFO  [m[[1;34mhttp-nio-8080-exec-4[m] [36mFractionationCountedServiceImpl[m - PERF_ASSIGNMENT_VALIDATION_BATCH batchId=f1cf19b2-cc4f-4cf0-b0ec-3067579aa690 inputCount=50 validCount=50 invalidCount=0 uniqueTrades=50 uniqueSides=1 uniqueParticipants=1 titleAccountResolutionRequests=50 titleAccountUniqueBusinessKeys=1 settlementLookupRequests=50 settlementUniqueTradeSides=50 settlementRepositoryCalls=1 settlementRowsLoaded=0 settlementPrefetchMs=3 cudLookupRequests=0 cudUniqueTradeSides=0 cudUniqueBusinessKeys=0 cudRepositoryCalls=0 cudRowsLoaded=0 cudPrefetchMs=0 tradePrefetchMs=158 sidePrefetchMs=0 participantPrefetchMs=13 accountResolutionMs=15 accountPrefetchMs=10 businessValidationMs=7 totalMs=209
[30m2026-08-27T14:37:44,649[m [32mINFO  [m[[1;34mhttp-nio-8080-exec-4[m] [36mRestClientUtils[m - Client [POST] http://operaciones-fracciones-contado-back-service/operations-fractionation-api/v1/fractionation/batch
[30m2026-08-27T14:37:46,468[m [32mINFO  [m[[1;34mhttp-nio-8080-exec-4[m] [36mFractionationCountedServiceImpl[m - PERF_ASSIGNMENT_BATCH service=cmd batchId=f1cf19b2-cc4f-4cf0-b0ec-3067579aa690 mode=RAW_VALIDATED configuredMaxBatchSize=80 receivedBatchSize=50 processedCount=50 successCount=50 failureCount=0 fractionationMs=1818 totalMs=1818
[30m2026-08-27T14:37:46,468[m [32mINFO  [m[[1;34mhttp-nio-8080-exec-4[m] [36mFractionationCountedServiceImpl[m - PERF_ASSIGNMENT_BATCH service=cmd batchId=f1cf19b2-cc4f-4cf0-b0ec-3067579aa690 mode=RAW configuredMaxBatchSize=80 receivedBatchSize=50 validCount=50 invalidCount=0 sentToFractionationCount=50 successCount=50 failureCount=0 totalMs=2028
[30m2026-08-27T14:37:46,470[m [32mINFO  [m[[1;34mhttp-nio-8080-exec-4[m] [36mGlobalFilter[m - Request [POST /operations-cmd-api/v1/fractionation/counted-operation/batch] completed in 2033 ms with status 200
[30m2026-08-27T14:37:46,497[m [32mINFO  [m[[1;34mhttp-nio-8080-exec-5[m] [36mGlobalFilter[m - ----------- Client User: operaciones-orquestador-ext-back ----------
[30m2026-08-27T14:37:46,663[m [32mINFO  [m[[1;34mhttp-nio-8080-exec-5[m] [36mValidateCountedFractionServiceImpl[m - Start method validateAccountFractionAssignmentV1, accountNumber -> 4021801, tradeId -> 1075361, sideId -> 1, originId -> 122, isLocalCorrection -> false
[30m2026-08-27T14:37:46,663[m [32mINFO  [m[[1;34mhttp-nio-8080-exec-5[m] [36mValidateCountedFractionServiceImpl[m - Searching participant account assignment for accountNumber -> 4021801, participantId -> 15, depositoryId -> 1
[30m2026-08-27T14:37:46,665[m [32mINFO  [m[[1;34mhttp-nio-8080-exec-5[m] [36mValidateCountedFractionServiceImpl[m - No participant account found for accountNumber -> 4021801
[30m2026-08-27T14:37:46,677[m [32mINFO  [m[[1;34mhttp-nio-8080-exec-5[m] [36mValidateCountedFractionServiceImpl[m - End method validateAccountFractionAssignmentV1, fractionAccountOutDto -> FractionAccountOutDto(participantAccount=null, investorAccount=InvestorAccountOutDto(id=57, investor=InvestorOutDto(id=167, code=CL00000001, firstName=Prueba Nombre 1, lastName=Prueba Nombre 2, companyName=TERCERO3509748, type=TypeOutDto(id=2, description=JURIDICO, category=PERSONA), status=StatusOutDto(id=515, description=ACTIVO, category=INVERSIONISTA, shortName=null), country=CountryOutDto(id=35, code=CL, name=CHILE, currency=CurrencyOutDto(id=30, code=CLP, name=PESO CHILENO), timeZone=UTC -3), documentNumber=8605303170, identificationType=IdentificationTypeOutDto(id=5, description=CEDULA DE CIUDADANÍA, code=CC), nationality=35, clearinghouseCode=null, gics=null, moneyLaunderingFlag=null, taxStatus=null), accountNumber=4021801, accountName=AMBIENTE 3  PRUEBA 3, status=StatusOutDto(id=570, description=ACTIVO, category=CUENTA_INVERSIONISTA, shortName=null), originType=TypeOutDto(id=120, description=TERCEROS, category=ORIGEN PUNTA), type=TypeOutDto(id=26, description=CUENTA DEPOSITO, category=CUENTA DEPOSITO), depository=DepositoryOutDto(id=1, description=DVL), participant=null, taxExemp=false), sourceQuoteType=TypeOutDto(id=120, description=TERCEROS, category=ORIGEN PUNTA), fiduciarySpecialist=false, jointAccount=false, masterAccount=false, custodian=null, milaDirectDepositor=null)
[30m2026-08-27T14:37:46,696[m [32mINFO  [m[[1;34mhttp-nio-8080-exec-5[m] [36mValidateCountedFractionServiceImpl[m - Start method validateQuantityFractionsV1, tradeId -> 1075361
[30m2026-08-27T14:37:46,696[m [32mINFO  [m[[1;34mhttp-nio-8080-exec-5[m] [36mValidateCountedFractionServiceImpl[m - Start method validateMaximumLimitFractionsV1
[30m2026-08-27T14:37:46,697[m [32mINFO  [m[[1;34mhttp-nio-8080-exec-5[m] [36mValidateCountedFractionServiceImpl[m - Start method validateQuantityFractionsV1, tradeId -> 1076067
[30m2026-08-27T14:37:46,697[m [32mINFO  [m[[1;34mhttp-nio-8080-exec-5[m] [36mValidateCountedFractionServiceImpl[m - Start method validateMaximumLimitFractionsV1
[30m2026-08-27T14:37:46,697[m [32mINFO  [m[[1;34mhttp-nio-8080-exec-5[m] [36mValidateCountedFractionServiceImpl[m - Start method validateQuantityFractionsV1, tradeId -> 1076068
[30m2026-08-27T14:37:46,697[m [32mINFO  [m[[1;34mhttp-nio-8080-exec-5[m] [36mValidateCountedFractionServiceImpl[m - Start method validateMaximumLimitFractionsV1
[30m2026-08-27T14:37:46,697[m [32mINFO  [m[[1;34mhttp-nio-8080-exec-5[m] [36mValidateCountedFractionServiceImpl[m - Start method validateQuantityFractionsV1, tradeId -> 1076069
[30m2026-08-27T14:37:46,697[m [32mINFO  [m[[1;34mhttp-nio-8080-exec-5[m] [36mValidateCountedFractionServiceImpl[m - Start method validateMaximumLimitFractionsV1
[30m2026-08-27T14:37:46,697[m [32mINFO  [m[[1;34mhttp-nio-8080-exec-5[m] [36mValidateCountedFractionServiceImpl[m - Start method validateQuantityFractionsV1, tradeId -> 1068449
[30m2026-08-27T14:37:46,697[m [32mINFO  [m[[1;34mhttp-nio-8080-exec-5[m] [36mValidateCountedFractionServiceImpl[m - Start method validateMaximumLimitFractionsV1
[30m2026-08-27T14:37:46,697[m [32mINFO  [m[[1;34mhttp-nio-8080-exec-5[m] [36mValidateCountedFractionServiceImpl[m - Start method validateQuantityFractionsV1, tradeId -> 1076070
[30m2026-08-27T14:37:46,697[m [32mINFO  [m[[1;34mhttp-nio-8080-exec-5[m] [36mValidateCountedFractionServiceImpl[m - Start method validateMaximumLimitFractionsV1
[30m2026-08-27T14:37:46,697[m [32mINFO  [m[[1;34mhttp-nio-8080-exec-5[m] [36mValidateCountedFractionServiceImpl[m - Start method validateQuantityFractionsV1, tradeId -> 1073470
[30m2026-08-27T14:37:46,697[m [32mINFO  [m[[1;34mhttp-nio-8080-exec-5[m] [36mValidateCountedFractionServiceImpl[m - Start method validateMaximumLimitFractionsV1
[30m2026-08-27T14:37:46,697[m [32mINFO  [m[[1;34mhttp-nio-8080-exec-5[m] [36mValidateCountedFractionServiceImpl[m - Start method validateQuantityFractionsV1, tradeId -> 1073473
[30m2026-08-27T14:37:46,697[m [32mINFO  [m[[1;34mhttp-nio-8080-exec-5[m] [36mValidateCountedFractionServiceImpl[m - Start method validateMaximumLimitFractionsV1
[30m2026-08-27T14:37:46,697[m [32mINFO  [m[[1;34mhttp-nio-8080-exec-5[m] [36mValidateCountedFractionServiceImpl[m - Start method validateQuantityFractionsV1, tradeId -> 1076073
[30m2026-08-27T14:37:46,697[m [32mINFO  [m[[1;34mhttp-nio-8080-exec-5[m] [36mValidateCountedFractionServiceImpl[m - Start method validateMaximumLimitFractionsV1
[30m2026-08-27T14:37:46,697[m [32mINFO  [m[[1;34mhttp-nio-8080-exec-5[m] [36mValidateCountedFractionServiceImpl[m - Start method validateQuantityFractionsV1, tradeId -> 1073476
[30m2026-08-27T14:37:46,697[m [32mINFO  [m[[1;34mhttp-nio-8080-exec-5[m] [36mValidateCountedFractionServiceImpl[m - Start method validateMaximumLimitFractionsV1
[30m2026-08-27T14:37:46,697[m [32mINFO  [m[[1;34mhttp-nio-8080-exec-5[m] [36mValidateCountedFractionServiceImpl[m - Start method validateQuantityFractionsV1, tradeId -> 1075362
[30m2026-08-27T14:37:46,697[m [32mINFO  [m[[1;34mhttp-nio-8080-exec-5[m] [36mValidateCountedFractionServiceImpl[m - Start method validateMaximumLimitFractionsV1
[30m2026-08-27T14:37:46,697[m [32mINFO  [m[[1;34mhttp-nio-8080-exec-5[m] [36mValidateCountedFractionServiceImpl[m - Start method validateQuantityFractionsV1, tradeId -> 1075363
[30m2026-08-27T14:37:46,697[m [32mINFO  [m[[1;34mhttp-nio-8080-exec-5[m] [36mValidateCountedFractionServiceImpl[m - Start method validateMaximumLimitFractionsV1
[30m2026-08-27T14:37:46,697[m [32mINFO  [m[[1;34mhttp-nio-8080-exec-5[m] [36mValidateCountedFractionServiceImpl[m - Start method validateQuantityFractionsV1, tradeId -> 1073479
[30m2026-08-27T14:37:46,697[m [32mINFO  [m[[1;34mhttp-nio-8080-exec-5[m] [36mValidateCountedFractionServiceImpl[m - Start method validateMaximumLimitFractionsV1
[30m2026-08-27T14:37:46,697[m [32mINFO  [m[[1;34mhttp-nio-8080-exec-5[m] [36mValidateCountedFractionServiceImpl[m - Start method validateQuantityFractionsV1, tradeId -> 1075367
[30m2026-08-27T14:37:46,697[m [32mINFO  [m[[1;34mhttp-nio-8080-exec-5[m] [36mValidateCountedFractionServiceImpl[m - Start method validateMaximumLimitFractionsV1
[30m2026-08-27T14:37:46,697[m [32mINFO  [m[[1;34mhttp-nio-8080-exec-5[m] [36mValidateCountedFractionServiceImpl[m - Start method validateQuantityFractionsV1, tradeId -> 1075368
[30m2026-08-27T14:37:46,697[m [32mINFO  [m[[1;34mhttp-nio-8080-exec-5[m] [36mValidateCountedFractionServiceImpl[m - Start method validateMaximumLimitFractionsV1
[30m2026-08-27T14:37:46,698[m [32mINFO  [m[[1;34mhttp-nio-8080-exec-5[m] [36mValidateCountedFractionServiceImpl[m - Start method validateQuantityFractionsV1, tradeId -> 1074559
[30m2026-08-27T14:37:46,698[m [32mINFO  [m[[1;34mhttp-nio-8080-exec-5[m] [36mValidateCountedFractionServiceImpl[m - Start method validateMaximumLimitFractionsV1
[30m2026-08-27T14:37:46,698[m [32mINFO  [m[[1;34mhttp-nio-8080-exec-5[m] [36mValidateCountedFractionServiceImpl[m - Start method validateQuantityFractionsV1, tradeId -> 1075369
[30m2026-08-27T14:37:46,698[m [32mINFO  [m[[1;34mhttp-nio-8080-exec-5[m] [36mValidateCountedFractionServiceImpl[m - Start method validateMaximumLimitFractionsV1
[30m2026-08-27T14:37:46,698[m [32mINFO  [m[[1;34mhttp-nio-8080-exec-5[m] [36mValidateCountedFractionServiceImpl[m - Start method validateQuantityFractionsV1, tradeId -> 1073482
[30m2026-08-27T14:37:46,698[m [32mINFO  [m[[1;34mhttp-nio-8080-exec-5[m] [36mValidateCountedFractionServiceImpl[m - Start method validateMaximumLimitFractionsV1
[30m2026-08-27T14:37:46,698[m [32mINFO  [m[[1;34mhttp-nio-8080-exec-5[m] [36mValidateCountedFractionServiceImpl[m - Start method validateQuantityFractionsV1, tradeId -> 1074566
[30m2026-08-27T14:37:46,698[m [32mINFO  [m[[1;34mhttp-nio-8080-exec-5[m] [36mValidateCountedFractionServiceImpl[m - Start method validateMaximumLimitFractionsV1
[30m2026-08-27T14:37:46,698[m [32mINFO  [m[[1;34mhttp-nio-8080-exec-5[m] [36mValidateCountedFractionServiceImpl[m - Start method validateQuantityFractionsV1, tradeId -> 1076077
[30m2026-08-27T14:37:46,698[m [32mINFO  [m[[1;34mhttp-nio-8080-exec-5[m] [36mValidateCountedFractionServiceImpl[m - Start method validateMaximumLimitFractionsV1
[30m2026-08-27T14:37:46,698[m [32mINFO  [m[[1;34mhttp-nio-8080-exec-5[m] [36mValidateCountedFractionServiceImpl[m - Start method validateQuantityFractionsV1, tradeId -> 1075371
[30m2026-08-27T14:37:46,698[m [32mINFO  [m[[1;34mhttp-nio-8080-exec-5[m] [36mValidateCountedFractionServiceImpl[m - Start method validateMaximumLimitFractionsV1
[30m2026-08-27T14:37:46,698[m [32mINFO  [m[[1;34mhttp-nio-8080-exec-5[m] [36mValidateCountedFractionServiceImpl[m - Start method validateQuantityFractionsV1, tradeId -> 1073485
[30m2026-08-27T14:37:46,698[m [32mINFO  [m[[1;34mhttp-nio-8080-exec-5[m] [36mValidateCountedFractionServiceImpl[m - Start method validateMaximumLimitFractionsV1
[30m2026-08-27T14:37:46,698[m [32mINFO  [m[[1;34mhttp-nio-8080-exec-5[m] [36mValidateCountedFractionServiceImpl[m - Start method validateQuantityFractionsV1, tradeId -> 1076078
[30m2026-08-27T14:37:46,698[m [32mINFO  [m[[1;34mhttp-nio-8080-exec-5[m] [36mValidateCountedFractionServiceImpl[m - Start method validateMaximumLimitFractionsV1
[30m2026-08-27T14:37:46,698[m [32mINFO  [m[[1;34mhttp-nio-8080-exec-5[m] [36mValidateCountedFractionServiceImpl[m - Start method validateQuantityFractionsV1, tradeId -> 1068457
[30m2026-08-27T14:37:46,699[m [32mINFO  [m[[1;34mhttp-nio-8080-exec-5[m] [36mValidateCountedFractionServiceImpl[m - Start method validateMaximumLimitFractionsV1
[30m2026-08-27T14:37:46,699[m [32mINFO  [m[[1;34mhttp-nio-8080-exec-5[m] [36mValidateCountedFractionServiceImpl[m - Start method validateQuantityFractionsV1, tradeId -> 1074568
[30m2026-08-27T14:37:46,699[m [32mINFO  [m[[1;34mhttp-nio-8080-exec-5[m] [36mValidateCountedFractionServiceImpl[m - Start method validateMaximumLimitFractionsV1
[30m2026-08-27T14:37:46,699[m [32mINFO  [m[[1;34mhttp-nio-8080-exec-5[m] [36mValidateCountedFractionServiceImpl[m - Start method validateQuantityFractionsV1, tradeId -> 1073488
[30m2026-08-27T14:37:46,699[m [32mINFO  [m[[1;34mhttp-nio-8080-exec-5[m] [36mValidateCountedFractionServiceImpl[m - Start method validateMaximumLimitFractionsV1
[30m2026-08-27T14:37:46,699[m [32mINFO  [m[[1;34mhttp-nio-8080-exec-5[m] [36mValidateCountedFractionServiceImpl[m - Start method validateQuantityFractionsV1, tradeId -> 1074570
[30m2026-08-27T14:37:46,699[m [32mINFO  [m[[1;34mhttp-nio-8080-exec-5[m] [36mValidateCountedFractionServiceImpl[m - Start method validateMaximumLimitFractionsV1
[30m2026-08-27T14:37:46,699[m [32mINFO  [m[[1;34mhttp-nio-8080-exec-5[m] [36mValidateCountedFractionServiceImpl[m - Start method validateQuantityFractionsV1, tradeId -> 1075374
[30m2026-08-27T14:37:46,699[m [32mINFO  [m[[1;34mhttp-nio-8080-exec-5[m] [36mValidateCountedFractionServiceImpl[m - Start method validateMaximumLimitFractionsV1
[30m2026-08-27T14:37:46,699[m [32mINFO  [m[[1;34mhttp-nio-8080-exec-5[m] [36mValidateCountedFractionServiceImpl[m - Start method validateQuantityFractionsV1, tradeId -> 1076080
[30m2026-08-27T14:37:46,699[m [32mINFO  [m[[1;34mhttp-nio-8080-exec-5[m] [36mValidateCountedFractionServiceImpl[m - Start method validateMaximumLimitFractionsV1
[30m2026-08-27T14:37:46,699[m [32mINFO  [m[[1;34mhttp-nio-8080-exec-5[m] [36mValidateCountedFractionServiceImpl[m - Start method validateQuantityFractionsV1, tradeId -> 1076081
[30m2026-08-27T14:37:46,699[m [32mINFO  [m[[1;34mhttp-nio-8080-exec-5[m] [36mValidateCountedFractionServiceImpl[m - Start method validateMaximumLimitFractionsV1
[30m2026-08-27T14:37:46,699[m [32mINFO  [m[[1;34mhttp-nio-8080-exec-5[m] [36mValidateCountedFractionServiceImpl[m - Start method validateQuantityFractionsV1, tradeId -> 1076082
[30m2026-08-27T14:37:46,699[m [32mINFO  [m[[1;34mhttp-nio-8080-exec-5[m] [36mValidateCountedFractionServiceImpl[m - Start method validateMaximumLimitFractionsV1
[30m2026-08-27T14:37:46,699[m [32mINFO  [m[[1;34mhttp-nio-8080-exec-5[m] [36mValidateCountedFractionServiceImpl[m - Start method validateQuantityFractionsV1, tradeId -> 1074571
[30m2026-08-27T14:37:46,699[m [32mINFO  [m[[1;34mhttp-nio-8080-exec-5[m] [36mValidateCountedFractionServiceImpl[m - Start method validateMaximumLimitFractionsV1
[30m2026-08-27T14:37:46,699[m [32mINFO  [m[[1;34mhttp-nio-8080-exec-5[m] [36mValidateCountedFractionServiceImpl[m - Start method validateQuantityFractionsV1, tradeId -> 1076083
[30m2026-08-27T14:37:46,699[m [32mINFO  [m[[1;34mhttp-nio-8080-exec-5[m] [36mValidateCountedFractionServiceImpl[m - Start method validateMaximumLimitFractionsV1
[30m2026-08-27T14:37:46,699[m [32mINFO  [m[[1;34mhttp-nio-8080-exec-5[m] [36mValidateCountedFractionServiceImpl[m - Start method validateQuantityFractionsV1, tradeId -> 1074572
[30m2026-08-27T14:37:46,699[m [32mINFO  [m[[1;34mhttp-nio-8080-exec-5[m] [36mValidateCountedFractionServiceImpl[m - Start method validateMaximumLimitFractionsV1
[30m2026-08-27T14:37:46,699[m [32mINFO  [m[[1;34mhttp-nio-8080-exec-5[m] [36mValidateCountedFractionServiceImpl[m - Start method validateQuantityFractionsV1, tradeId -> 1074573
[30m2026-08-27T14:37:46,699[m [32mINFO  [m[[1;34mhttp-nio-8080-exec-5[m] [36mValidateCountedFractionServiceImpl[m - Start method validateMaximumLimitFractionsV1
[30m2026-08-27T14:37:46,699[m [32mINFO  [m[[1;34mhttp-nio-8080-exec-5[m] [36mValidateCountedFractionServiceImpl[m - Start method validateQuantityFractionsV1, tradeId -> 1068460
[30m2026-08-27T14:37:46,699[m [32mINFO  [m[[1;34mhttp-nio-8080-exec-5[m] [36mValidateCountedFractionServiceImpl[m - Start method validateMaximumLimitFractionsV1
[30m2026-08-27T14:37:46,700[m [32mINFO  [m[[1;34mhttp-nio-8080-exec-5[m] [36mValidateCountedFractionServiceImpl[m - Start method validateQuantityFractionsV1, tradeId -> 1076084
[30m2026-08-27T14:37:46,700[m [32mINFO  [m[[1;34mhttp-nio-8080-exec-5[m] [36mValidateCountedFractionServiceImpl[m - Start method validateMaximumLimitFractionsV1
[30m2026-08-27T14:37:46,700[m [32mINFO  [m[[1;34mhttp-nio-8080-exec-5[m] [36mValidateCountedFractionServiceImpl[m - Start method validateQuantityFractionsV1, tradeId -> 1074574
[30m2026-08-27T14:37:46,700[m [32mINFO  [m[[1;34mhttp-nio-8080-exec-5[m] [36mValidateCountedFractionServiceImpl[m - Start method validateMaximumLimitFractionsV1
[30m2026-08-27T14:37:46,700[m [32mINFO  [m[[1;34mhttp-nio-8080-exec-5[m] [36mValidateCountedFractionServiceImpl[m - Start method validateQuantityFractionsV1, tradeId -> 1073491
[30m2026-08-27T14:37:46,700[m [32mINFO  [m[[1;34mhttp-nio-8080-exec-5[m] [36mValidateCountedFractionServiceImpl[m - Start method validateMaximumLimitFractionsV1
[30m2026-08-27T14:37:46,700[m [32mINFO  [m[[1;34mhttp-nio-8080-exec-5[m] [36mValidateCountedFractionServiceImpl[m - Start method validateQuantityFractionsV1, tradeId -> 1068464
[30m2026-08-27T14:37:46,700[m [32mINFO  [m[[1;34mhttp-nio-8080-exec-5[m] [36mValidateCountedFractionServiceImpl[m - Start method validateMaximumLimitFractionsV1
[30m2026-08-27T14:37:46,700[m [32mINFO  [m[[1;34mhttp-nio-8080-exec-5[m] [36mValidateCountedFractionServiceImpl[m - Start method validateQuantityFractionsV1, tradeId -> 1074579
[30m2026-08-27T14:37:46,700[m [32mINFO  [m[[1;34mhttp-nio-8080-exec-5[m] [36mValidateCountedFractionServiceImpl[m - Start method validateMaximumLimitFractionsV1
[30m2026-08-27T14:37:46,700[m [32mINFO  [m[[1;34mhttp-nio-8080-exec-5[m] [36mValidateCountedFractionServiceImpl[m - Start method validateQuantityFractionsV1, tradeId -> 1068465
[30m2026-08-27T14:37:46,700[m [32mINFO  [m[[1;34mhttp-nio-8080-exec-5[m] [36mValidateCountedFractionServiceImpl[m - Start method validateMaximumLimitFractionsV1
[30m2026-08-27T14:37:46,700[m [32mINFO  [m[[1;34mhttp-nio-8080-exec-5[m] [36mValidateCountedFractionServiceImpl[m - Start method validateQuantityFractionsV1, tradeId -> 1073494
[30m2026-08-27T14:37:46,700[m [32mINFO  [m[[1;34mhttp-nio-8080-exec-5[m] [36mValidateCountedFractionServiceImpl[m - Start method validateMaximumLimitFractionsV1
[30m2026-08-27T14:37:46,700[m [32mINFO  [m[[1;34mhttp-nio-8080-exec-5[m] [36mValidateCountedFractionServiceImpl[m - Start method validateQuantityFractionsV1, tradeId -> 1074582
[30m2026-08-27T14:37:46,700[m [32mINFO  [m[[1;34mhttp-nio-8080-exec-5[m] [36mValidateCountedFractionServiceImpl[m - Start method validateMaximumLimitFractionsV1
[30m2026-08-27T14:37:46,700[m [32mINFO  [m[[1;34mhttp-nio-8080-exec-5[m] [36mValidateCountedFractionServiceImpl[m - Start method validateQuantityFractionsV1, tradeId -> 1074583
[30m2026-08-27T14:37:46,700[m [32mINFO  [m[[1;34mhttp-nio-8080-exec-5[m] [36mValidateCountedFractionServiceImpl[m - Start method validateMaximumLimitFractionsV1
[30m2026-08-27T14:37:46,701[m [32mINFO  [m[[1;34mhttp-nio-8080-exec-5[m] [36mValidateCountedFractionServiceImpl[m - Start method validateQuantityFractionsV1, tradeId -> 1075380
[30m2026-08-27T14:37:46,701[m [32mINFO  [m[[1;34mhttp-nio-8080-exec-5[m] [36mValidateCountedFractionServiceImpl[m - Start method validateMaximumLimitFractionsV1
[30m2026-08-27T14:37:46,701[m [32mINFO  [m[[1;34mhttp-nio-8080-exec-5[m] [36mValidateCountedFractionServiceImpl[m - Start method validateQuantityFractionsV1, tradeId -> 1073497
[30m2026-08-27T14:37:46,701[m [32mINFO  [m[[1;34mhttp-nio-8080-exec-5[m] [36mValidateCountedFractionServiceImpl[m - Start method validateMaximumLimitFractionsV1
[30m2026-08-27T14:37:46,701[m [32mINFO  [m[[1;34mhttp-nio-8080-exec-5[m] [36mValidateCountedFractionServiceImpl[m - Start method validateQuantityFractionsV1, tradeId -> 1076093
[30m2026-08-27T14:37:46,701[m [32mINFO  [m[[1;34mhttp-nio-8080-exec-5[m] [36mValidateCountedFractionServiceImpl[m - Start method validateMaximumLimitFractionsV1
[30m2026-08-27T14:37:46,701[m [32mINFO  [m[[1;34mhttp-nio-8080-exec-5[m] [36mValidateCountedFractionServiceImpl[m - Start method validateQuantityFractionsV1, tradeId -> 1068470
[30m2026-08-27T14:37:46,701[m [32mINFO  [m[[1;34mhttp-nio-8080-exec-5[m] [36mValidateCountedFractionServiceImpl[m - Start method validateMaximumLimitFractionsV1
[30m2026-08-27T14:37:46,701[m [32mINFO  [m[[1;34mhttp-nio-8080-exec-5[m] [36mValidateCountedFractionServiceImpl[m - Start method validateQuantityFractionsV1, tradeId -> 1075382
[30m2026-08-27T14:37:46,701[m [32mINFO  [m[[1;34mhttp-nio-8080-exec-5[m] [36mValidateCountedFractionServiceImpl[m - Start method validateMaximumLimitFractionsV1
[30m2026-08-27T14:37:46,701[m [32mINFO  [m[[1;34mhttp-nio-8080-exec-5[m] [36mFractionationCountedServiceImpl[m - PERF_ASSIGNMENT_VALIDATION_BATCH batchId=7639cb86-8a74-4e65-b94d-16da0db36626 inputCount=50 validCount=50 invalidCount=0 uniqueTrades=50 uniqueSides=1 uniqueParticipants=1 titleAccountResolutionRequests=50 titleAccountUniqueBusinessKeys=1 settlementLookupRequests=50 settlementUniqueTradeSides=50 settlementRepositoryCalls=1 settlementRowsLoaded=0 settlementPrefetchMs=4 cudLookupRequests=0 cudUniqueTradeSides=0 cudUniqueBusinessKeys=0 cudRepositoryCalls=0 cudRowsLoaded=0 cudPrefetchMs=0 tradePrefetchMs=152 sidePrefetchMs=0 participantPrefetchMs=11 accountResolutionMs=15 accountPrefetchMs=10 businessValidationMs=7 totalMs=202
[30m2026-08-27T14:37:46,701[m [32mINFO  [m[[1;34mhttp-nio-8080-exec-5[m] [36mRestClientUtils[m - Client [POST] http://operaciones-fracciones-contado-back-service/operations-fractionation-api/v1/fractionation/batch
[30m2026-08-27T14:37:48,524[m [32mINFO  [m[[1;34mhttp-nio-8080-exec-5[m] [36mFractionationCountedServiceImpl[m - PERF_ASSIGNMENT_BATCH service=cmd batchId=7639cb86-8a74-4e65-b94d-16da0db36626 mode=RAW_VALIDATED configuredMaxBatchSize=80 receivedBatchSize=50 processedCount=50 successCount=50 failureCount=0 fractionationMs=1823 totalMs=1823
[30m2026-08-27T14:37:48,525[m [32mINFO  [m[[1;34mhttp-nio-8080-exec-5[m] [36mFractionationCountedServiceImpl[m - PERF_ASSIGNMENT_BATCH service=cmd batchId=7639cb86-8a74-4e65-b94d-16da0db36626 mode=RAW configuredMaxBatchSize=80 receivedBatchSize=50 validCount=50 invalidCount=0 sentToFractionationCount=50 successCount=50 failureCount=0 totalMs=2025
[30m2026-08-27T14:37:48,529[m [32mINFO  [m[[1;34mhttp-nio-8080-exec-5[m] [36mGlobalFilter[m - Request [POST /operations-cmd-api/v1/fractionation/counted-operation/batch] completed in 2032 ms with status 200
[30m2026-08-27T14:37:48,560[m [32mINFO  [m[[1;34mhttp-nio-8080-exec-6[m] [36mGlobalFilter[m - ----------- Client User: operaciones-orquestador-ext-back ----------
[30m2026-08-27T14:37:48,767[m [32mINFO  [m[[1;34mhttp-nio-8080-exec-6[m] [36mValidateCountedFractionServiceImpl[m - Start method validateAccountFractionAssignmentV1, accountNumber -> 4021801, tradeId -> 1076094, sideId -> 1, originId -> 122, isLocalCorrection -> false
[30m2026-08-27T14:37:48,768[m [32mINFO  [m[[1;34mhttp-nio-8080-exec-6[m] [36mValidateCountedFractionServiceImpl[m - Searching participant account assignment for accountNumber -> 4021801, participantId -> 15, depositoryId -> 1
[30m2026-08-27T14:37:48,777[m [32mINFO  [m[[1;34mhttp-nio-8080-exec-6[m] [36mValidateCountedFractionServiceImpl[m - No participant account found for accountNumber -> 4021801
[30m2026-08-27T14:37:48,796[m [32mINFO  [m[[1;34mhttp-nio-8080-exec-6[m] [36mValidateCountedFractionServiceImpl[m - End method validateAccountFractionAssignmentV1, fractionAccountOutDto -> FractionAccountOutDto(participantAccount=null, investorAccount=InvestorAccountOutDto(id=57, investor=InvestorOutDto(id=167, code=CL00000001, firstName=Prueba Nombre 1, lastName=Prueba Nombre 2, companyName=TERCERO3509748, type=TypeOutDto(id=2, description=JURIDICO, category=PERSONA), status=StatusOutDto(id=515, description=ACTIVO, category=INVERSIONISTA, shortName=null), country=CountryOutDto(id=35, code=CL, name=CHILE, currency=CurrencyOutDto(id=30, code=CLP, name=PESO CHILENO), timeZone=UTC -3), documentNumber=8605303170, identificationType=IdentificationTypeOutDto(id=5, description=CEDULA DE CIUDADANÍA, code=CC), nationality=35, clearinghouseCode=null, gics=null, moneyLaunderingFlag=null, taxStatus=null), accountNumber=4021801, accountName=AMBIENTE 3  PRUEBA 3, status=StatusOutDto(id=570, description=ACTIVO, category=CUENTA_INVERSIONISTA, shortName=null), originType=TypeOutDto(id=120, description=TERCEROS, category=ORIGEN PUNTA), type=TypeOutDto(id=26, description=CUENTA DEPOSITO, category=CUENTA DEPOSITO), depository=DepositoryOutDto(id=1, description=DVL), participant=null, taxExemp=false), sourceQuoteType=TypeOutDto(id=120, description=TERCEROS, category=ORIGEN PUNTA), fiduciarySpecialist=false, jointAccount=false, masterAccount=false, custodian=null, milaDirectDepositor=null)
[30m2026-08-27T14:37:48,818[m [32mINFO  [m[[1;34mhttp-nio-8080-exec-6[m] [36mValidateCountedFractionServiceImpl[m - Start method validateQuantityFractionsV1, tradeId -> 1076094
[30m2026-08-27T14:37:48,818[m [32mINFO  [m[[1;34mhttp-nio-8080-exec-6[m] [36mValidateCountedFractionServiceImpl[m - Start method validateMaximumLimitFractionsV1
[30m2026-08-27T14:37:48,818[m [32mINFO  [m[[1;34mhttp-nio-8080-exec-6[m] [36mValidateCountedFractionServiceImpl[m - Start method validateQuantityFractionsV1, tradeId -> 1076095
[30m2026-08-27T14:37:48,818[m [32mINFO  [m[[1;34mhttp-nio-8080-exec-6[m] [36mValidateCountedFractionServiceImpl[m - Start method validateMaximumLimitFractionsV1
[30m2026-08-27T14:37:48,818[m [32mINFO  [m[[1;34mhttp-nio-8080-exec-6[m] [36mValidateCountedFractionServiceImpl[m - Start method validateQuantityFractionsV1, tradeId -> 1073500
[30m2026-08-27T14:37:48,818[m [32mINFO  [m[[1;34mhttp-nio-8080-exec-6[m] [36mValidateCountedFractionServiceImpl[m - Start method validateMaximumLimitFractionsV1
[30m2026-08-27T14:37:48,818[m [32mINFO  [m[[1;34mhttp-nio-8080-exec-6[m] [36mValidateCountedFractionServiceImpl[m - Start method validateQuantityFractionsV1, tradeId -> 1068473
[30m2026-08-27T14:37:48,818[m [32mINFO  [m[[1;34mhttp-nio-8080-exec-6[m] [36mValidateCountedFractionServiceImpl[m - Start method validateMaximumLimitFractionsV1
[30m2026-08-27T14:37:48,818[m [32mINFO  [m[[1;34mhttp-nio-8080-exec-6[m] [36mValidateCountedFractionServiceImpl[m - Start method validateQuantityFractionsV1, tradeId -> 1075384
[30m2026-08-27T14:37:48,818[m [32mINFO  [m[[1;34mhttp-nio-8080-exec-6[m] [36mValidateCountedFractionServiceImpl[m - Start method validateMaximumLimitFractionsV1
[30m2026-08-27T14:37:48,818[m [32mINFO  [m[[1;34mhttp-nio-8080-exec-6[m] [36mValidateCountedFractionServiceImpl[m - Start method validateQuantityFractionsV1, tradeId -> 1074590
[30m2026-08-27T14:37:48,818[m [32mINFO  [m[[1;34mhttp-nio-8080-exec-6[m] [36mValidateCountedFractionServiceImpl[m - Start method validateMaximumLimitFractionsV1
[30m2026-08-27T14:37:48,819[m [32mINFO  [m[[1;34mhttp-nio-8080-exec-6[m] [36mValidateCountedFractionServiceImpl[m - Start method validateQuantityFractionsV1, tradeId -> 1068474
[30m2026-08-27T14:37:48,819[m [32mINFO  [m[[1;34mhttp-nio-8080-exec-6[m] [36mValidateCountedFractionServiceImpl[m - Start method validateMaximumLimitFractionsV1
[30m2026-08-27T14:37:48,819[m [32mINFO  [m[[1;34mhttp-nio-8080-exec-6[m] [36mValidateCountedFractionServiceImpl[m - Start method validateQuantityFractionsV1, tradeId -> 1068475
[30m2026-08-27T14:37:48,819[m [32mINFO  [m[[1;34mhttp-nio-8080-exec-6[m] [36mValidateCountedFractionServiceImpl[m - Start method validateMaximumLimitFractionsV1
[30m2026-08-27T14:37:48,819[m [32mINFO  [m[[1;34mhttp-nio-8080-exec-6[m] [36mValidateCountedFractionServiceImpl[m - Start method validateQuantityFractionsV1, tradeId -> 1076098
[30m2026-08-27T14:37:48,819[m [32mINFO  [m[[1;34mhttp-nio-8080-exec-6[m] [36mValidateCountedFractionServiceImpl[m - Start method validateMaximumLimitFractionsV1
[30m2026-08-27T14:37:48,819[m [32mINFO  [m[[1;34mhttp-nio-8080-exec-6[m] [36mValidateCountedFractionServiceImpl[m - Start method validateQuantityFractionsV1, tradeId -> 1076099
[30m2026-08-27T14:37:48,819[m [32mINFO  [m[[1;34mhttp-nio-8080-exec-6[m] [36mValidateCountedFractionServiceImpl[m - Start method validateMaximumLimitFractionsV1
[30m2026-08-27T14:37:48,819[m [32mINFO  [m[[1;34mhttp-nio-8080-exec-6[m] [36mValidateCountedFractionServiceImpl[m - Start method validateQuantityFractionsV1, tradeId -> 1075385
[30m2026-08-27T14:37:48,819[m [32mINFO  [m[[1;34mhttp-nio-8080-exec-6[m] [36mValidateCountedFractionServiceImpl[m - Start method validateMaximumLimitFractionsV1
[30m2026-08-27T14:37:48,819[m [32mINFO  [m[[1;34mhttp-nio-8080-exec-6[m] [36mValidateCountedFractionServiceImpl[m - Start method validateQuantityFractionsV1, tradeId -> 1073503
[30m2026-08-27T14:37:48,819[m [32mINFO  [m[[1;34mhttp-nio-8080-exec-6[m] [36mValidateCountedFractionServiceImpl[m - Start method validateMaximumLimitFractionsV1
[30m2026-08-27T14:37:48,819[m [32mINFO  [m[[1;34mhttp-nio-8080-exec-6[m] [36mValidateCountedFractionServiceImpl[m - Start method validateQuantityFractionsV1, tradeId -> 1073505
[30m2026-08-27T14:37:48,819[m [32mINFO  [m[[1;34mhttp-nio-8080-exec-6[m] [36mValidateCountedFractionServiceImpl[m - Start method validateMaximumLimitFractionsV1
[30m2026-08-27T14:37:48,819[m [32mINFO  [m[[1;34mhttp-nio-8080-exec-6[m] [36mValidateCountedFractionServiceImpl[m - Start method validateQuantityFractionsV1, tradeId -> 1068477
[30m2026-08-27T14:37:48,819[m [32mINFO  [m[[1;34mhttp-nio-8080-exec-6[m] [36mValidateCountedFractionServiceImpl[m - Start method validateMaximumLimitFractionsV1
[30m2026-08-27T14:37:48,819[m [32mINFO  [m[[1;34mhttp-nio-8080-exec-6[m] [36mValidateCountedFractionServiceImpl[m - Start method validateQuantityFractionsV1, tradeId -> 1075387
[30m2026-08-27T14:37:48,819[m [32mINFO  [m[[1;34mhttp-nio-8080-exec-6[m] [36mValidateCountedFractionServiceImpl[m - Start method validateMaximumLimitFractionsV1
[30m2026-08-27T14:37:48,820[m [32mINFO  [m[[1;34mhttp-nio-8080-exec-6[m] [36mValidateCountedFractionServiceImpl[m - Start method validateQuantityFractionsV1, tradeId -> 1075388
[30m2026-08-27T14:37:48,820[m [32mINFO  [m[[1;34mhttp-nio-8080-exec-6[m] [36mValidateCountedFractionServiceImpl[m - Start method validateMaximumLimitFractionsV1
[30m2026-08-27T14:37:48,820[m [32mINFO  [m[[1;34mhttp-nio-8080-exec-6[m] [36mValidateCountedFractionServiceImpl[m - Start method validateQuantityFractionsV1, tradeId -> 1076101
[30m2026-08-27T14:37:48,820[m [32mINFO  [m[[1;34mhttp-nio-8080-exec-6[m] [36mValidateCountedFractionServiceImpl[m - Start method validateMaximumLimitFractionsV1
[30m2026-08-27T14:37:48,820[m [32mINFO  [m[[1;34mhttp-nio-8080-exec-6[m] [36mValidateCountedFractionServiceImpl[m - Start method validateQuantityFractionsV1, tradeId -> 1074593
[30m2026-08-27T14:37:48,820[m [32mINFO  [m[[1;34mhttp-nio-8080-exec-6[m] [36mValidateCountedFractionServiceImpl[m - Start method validateMaximumLimitFractionsV1
[30m2026-08-27T14:37:48,820[m [32mINFO  [m[[1;34mhttp-nio-8080-exec-6[m] [36mValidateCountedFractionServiceImpl[m - Start method validateQuantityFractionsV1, tradeId -> 1073506
[30m2026-08-27T14:37:48,820[m [32mINFO  [m[[1;34mhttp-nio-8080-exec-6[m] [36mValidateCountedFractionServiceImpl[m - Start method validateMaximumLimitFractionsV1
[30m2026-08-27T14:37:48,820[m [32mINFO  [m[[1;34mhttp-nio-8080-exec-6[m] [36mValidateCountedFractionServiceImpl[m - Start method validateQuantityFractionsV1, tradeId -> 1075389
[30m2026-08-27T14:37:48,820[m [32mINFO  [m[[1;34mhttp-nio-8080-exec-6[m] [36mValidateCountedFractionServiceImpl[m - Start method validateMaximumLimitFractionsV1
[30m2026-08-27T14:37:48,820[m [32mINFO  [m[[1;34mhttp-nio-8080-exec-6[m] [36mValidateCountedFractionServiceImpl[m - Start method validateQuantityFractionsV1, tradeId -> 1068479
[30m2026-08-27T14:37:48,820[m [32mINFO  [m[[1;34mhttp-nio-8080-exec-6[m] [36mValidateCountedFractionServiceImpl[m - Start method validateMaximumLimitFractionsV1
[30m2026-08-27T14:37:48,820[m [32mINFO  [m[[1;34mhttp-nio-8080-exec-6[m] [36mValidateCountedFractionServiceImpl[m - Start method validateQuantityFractionsV1, tradeId -> 1074594
[30m2026-08-27T14:37:48,820[m [32mINFO  [m[[1;34mhttp-nio-8080-exec-6[m] [36mValidateCountedFractionServiceImpl[m - Start method validateMaximumLimitFractionsV1
[30m2026-08-27T14:37:48,820[m [32mINFO  [m[[1;34mhttp-nio-8080-exec-6[m] [36mValidateCountedFractionServiceImpl[m - Start method validateQuantityFractionsV1, tradeId -> 1074595
[30m2026-08-27T14:37:48,820[m [32mINFO  [m[[1;34mhttp-nio-8080-exec-6[m] [36mValidateCountedFractionServiceImpl[m - Start method validateMaximumLimitFractionsV1
[30m2026-08-27T14:37:48,821[m [32mINFO  [m[[1;34mhttp-nio-8080-exec-6[m] [36mValidateCountedFractionServiceImpl[m - Start method validateQuantityFractionsV1, tradeId -> 1075390
[30m2026-08-27T14:37:48,821[m [32mINFO  [m[[1;34mhttp-nio-8080-exec-6[m] [36mValidateCountedFractionServiceImpl[m - Start method validateMaximumLimitFractionsV1
[30m2026-08-27T14:37:48,821[m [32mINFO  [m[[1;34mhttp-nio-8080-exec-6[m] [36mValidateCountedFractionServiceImpl[m - Start method validateQuantityFractionsV1, tradeId -> 1075391
[30m2026-08-27T14:37:48,821[m [32mINFO  [m[[1;34mhttp-nio-8080-exec-6[m] [36mValidateCountedFractionServiceImpl[m - Start method validateMaximumLimitFractionsV1
[30m2026-08-27T14:37:48,821[m [32mINFO  [m[[1;34mhttp-nio-8080-exec-6[m] [36mValidateCountedFractionServiceImpl[m - Start method validateQuantityFractionsV1, tradeId -> 1074596
[30m2026-08-27T14:37:48,821[m [32mINFO  [m[[1;34mhttp-nio-8080-exec-6[m] [36mValidateCountedFractionServiceImpl[m - Start method validateMaximumLimitFractionsV1
[30m2026-08-27T14:37:48,821[m [32mINFO  [m[[1;34mhttp-nio-8080-exec-6[m] [36mValidateCountedFractionServiceImpl[m - Start method validateQuantityFractionsV1, tradeId -> 1073507
[30m2026-08-27T14:37:48,821[m [32mINFO  [m[[1;34mhttp-nio-8080-exec-6[m] [36mValidateCountedFractionServiceImpl[m - Start method validateMaximumLimitFractionsV1
[30m2026-08-27T14:37:48,821[m [32mINFO  [m[[1;34mhttp-nio-8080-exec-6[m] [36mValidateCountedFractionServiceImpl[m - Start method validateQuantityFractionsV1, tradeId -> 1074597
[30m2026-08-27T14:37:48,821[m [32mINFO  [m[[1;34mhttp-nio-8080-exec-6[m] [36mValidateCountedFractionServiceImpl[m - Start method validateMaximumLimitFractionsV1
[30m2026-08-27T14:37:48,821[m [32mINFO  [m[[1;34mhttp-nio-8080-exec-6[m] [36mValidateCountedFractionServiceImpl[m - Start method validateQuantityFractionsV1, tradeId -> 1073508
[30m2026-08-27T14:37:48,821[m [32mINFO  [m[[1;34mhttp-nio-8080-exec-6[m] [36mValidateCountedFractionServiceImpl[m - Start method validateMaximumLimitFractionsV1
[30m2026-08-27T14:37:48,821[m [32mINFO  [m[[1;34mhttp-nio-8080-exec-6[m] [36mValidateCountedFractionServiceImpl[m - Start method validateQuantityFractionsV1, tradeId -> 1073509
[30m2026-08-27T14:37:48,821[m [32mINFO  [m[[1;34mhttp-nio-8080-exec-6[m] [36mValidateCountedFractionServiceImpl[m - Start method validateMaximumLimitFractionsV1
[30m2026-08-27T14:37:48,821[m [32mINFO  [m[[1;34mhttp-nio-8080-exec-6[m] [36mValidateCountedFractionServiceImpl[m - Start method validateQuantityFractionsV1, tradeId -> 1076104
[30m2026-08-27T14:37:48,821[m [32mINFO  [m[[1;34mhttp-nio-8080-exec-6[m] [36mValidateCountedFractionServiceImpl[m - Start method validateMaximumLimitFractionsV1
[30m2026-08-27T14:37:48,822[m [32mINFO  [m[[1;34mhttp-nio-8080-exec-6[m] [36mValidateCountedFractionServiceImpl[m - Start method validateQuantityFractionsV1, tradeId -> 1074598
[30m2026-08-27T14:37:48,822[m [32mINFO  [m[[1;34mhttp-nio-8080-exec-6[m] [36mValidateCountedFractionServiceImpl[m - Start method validateMaximumLimitFractionsV1
[30m2026-08-27T14:37:48,822[m [32mINFO  [m[[1;34mhttp-nio-8080-exec-6[m] [36mValidateCountedFractionServiceImpl[m - Start method validateQuantityFractionsV1, tradeId -> 1075393
[30m2026-08-27T14:37:48,822[m [32mINFO  [m[[1;34mhttp-nio-8080-exec-6[m] [36mValidateCountedFractionServiceImpl[m - Start method validateMaximumLimitFractionsV1
[30m2026-08-27T14:37:48,822[m [32mINFO  [m[[1;34mhttp-nio-8080-exec-6[m] [36mValidateCountedFractionServiceImpl[m - Start method validateQuantityFractionsV1, tradeId -> 1068480
[30m2026-08-27T14:37:48,822[m [32mINFO  [m[[1;34mhttp-nio-8080-exec-6[m] [36mValidateCountedFractionServiceImpl[m - Start method validateMaximumLimitFractionsV1
[30m2026-08-27T14:37:48,822[m [32mINFO  [m[[1;34mhttp-nio-8080-exec-6[m] [36mValidateCountedFractionServiceImpl[m - Start method validateQuantityFractionsV1, tradeId -> 1075394
[30m2026-08-27T14:37:48,822[m [32mINFO  [m[[1;34mhttp-nio-8080-exec-6[m] [36mValidateCountedFractionServiceImpl[m - Start method validateMaximumLimitFractionsV1
[30m2026-08-27T14:37:48,822[m [32mINFO  [m[[1;34mhttp-nio-8080-exec-6[m] [36mValidateCountedFractionServiceImpl[m - Start method validateQuantityFractionsV1, tradeId -> 1076107
[30m2026-08-27T14:37:48,822[m [32mINFO  [m[[1;34mhttp-nio-8080-exec-6[m] [36mValidateCountedFractionServiceImpl[m - Start method validateMaximumLimitFractionsV1
[30m2026-08-27T14:37:48,822[m [32mINFO  [m[[1;34mhttp-nio-8080-exec-6[m] [36mValidateCountedFractionServiceImpl[m - Start method validateQuantityFractionsV1, tradeId -> 1075398
[30m2026-08-27T14:37:48,822[m [32mINFO  [m[[1;34mhttp-nio-8080-exec-6[m] [36mValidateCountedFractionServiceImpl[m - Start method validateMaximumLimitFractionsV1
[30m2026-08-27T14:37:48,822[m [32mINFO  [m[[1;34mhttp-nio-8080-exec-6[m] [36mValidateCountedFractionServiceImpl[m - Start method validateQuantityFractionsV1, tradeId -> 1076110
[30m2026-08-27T14:37:48,822[m [32mINFO  [m[[1;34mhttp-nio-8080-exec-6[m] [36mValidateCountedFractionServiceImpl[m - Start method validateMaximumLimitFractionsV1
[30m2026-08-27T14:37:48,822[m [32mINFO  [m[[1;34mhttp-nio-8080-exec-6[m] [36mValidateCountedFractionServiceImpl[m - Start method validateQuantityFractionsV1, tradeId -> 1068483
[30m2026-08-27T14:37:48,822[m [32mINFO  [m[[1;34mhttp-nio-8080-exec-6[m] [36mValidateCountedFractionServiceImpl[m - Start method validateMaximumLimitFractionsV1
[30m2026-08-27T14:37:48,822[m [32mINFO  [m[[1;34mhttp-nio-8080-exec-6[m] [36mValidateCountedFractionServiceImpl[m - Start method validateQuantityFractionsV1, tradeId -> 1074599
[30m2026-08-27T14:37:48,822[m [32mINFO  [m[[1;34mhttp-nio-8080-exec-6[m] [36mValidateCountedFractionServiceImpl[m - Start method validateMaximumLimitFractionsV1
[30m2026-08-27T14:37:48,822[m [32mINFO  [m[[1;34mhttp-nio-8080-exec-6[m] [36mValidateCountedFractionServiceImpl[m - Start method validateQuantityFractionsV1, tradeId -> 1075400
[30m2026-08-27T14:37:48,822[m [32mINFO  [m[[1;34mhttp-nio-8080-exec-6[m] [36mValidateCountedFractionServiceImpl[m - Start method validateMaximumLimitFractionsV1
[30m2026-08-27T14:37:48,822[m [32mINFO  [m[[1;34mhttp-nio-8080-exec-6[m] [36mValidateCountedFractionServiceImpl[m - Start method validateQuantityFractionsV1, tradeId -> 1074601
[30m2026-08-27T14:37:48,823[m [32mINFO  [m[[1;34mhttp-nio-8080-exec-6[m] [36mValidateCountedFractionServiceImpl[m - Start method validateMaximumLimitFractionsV1
[30m2026-08-27T14:37:48,823[m [32mINFO  [m[[1;34mhttp-nio-8080-exec-6[m] [36mValidateCountedFractionServiceImpl[m - Start method validateQuantityFractionsV1, tradeId -> 1074602
[30m2026-08-27T14:37:48,823[m [32mINFO  [m[[1;34mhttp-nio-8080-exec-6[m] [36mValidateCountedFractionServiceImpl[m - Start method validateMaximumLimitFractionsV1
[30m2026-08-27T14:37:48,823[m [32mINFO  [m[[1;34mhttp-nio-8080-exec-6[m] [36mValidateCountedFractionServiceImpl[m - Start method validateQuantityFractionsV1, tradeId -> 1073513
[30m2026-08-27T14:37:48,823[m [32mINFO  [m[[1;34mhttp-nio-8080-exec-6[m] [36mValidateCountedFractionServiceImpl[m - Start method validateMaximumLimitFractionsV1
[30m2026-08-27T14:37:48,823[m [32mINFO  [m[[1;34mhttp-nio-8080-exec-6[m] [36mValidateCountedFractionServiceImpl[m - Start method validateQuantityFractionsV1, tradeId -> 1076114
[30m2026-08-27T14:37:48,823[m [32mINFO  [m[[1;34mhttp-nio-8080-exec-6[m] [36mValidateCountedFractionServiceImpl[m - Start method validateMaximumLimitFractionsV1
[30m2026-08-27T14:37:48,823[m [32mINFO  [m[[1;34mhttp-nio-8080-exec-6[m] [36mValidateCountedFractionServiceImpl[m - Start method validateQuantityFractionsV1, tradeId -> 1073518
[30m2026-08-27T14:37:48,823[m [32mINFO  [m[[1;34mhttp-nio-8080-exec-6[m] [36mValidateCountedFractionServiceImpl[m - Start method validateMaximumLimitFractionsV1
[30m2026-08-27T14:37:48,823[m [32mINFO  [m[[1;34mhttp-nio-8080-exec-6[m] [36mValidateCountedFractionServiceImpl[m - Start method validateQuantityFractionsV1, tradeId -> 1075402
[30m2026-08-27T14:37:48,823[m [32mINFO  [m[[1;34mhttp-nio-8080-exec-6[m] [36mValidateCountedFractionServiceImpl[m - Start method validateMaximumLimitFractionsV1
[30m2026-08-27T14:37:48,823[m [32mINFO  [m[[1;34mhttp-nio-8080-exec-6[m] [36mValidateCountedFractionServiceImpl[m - Start method validateQuantityFractionsV1, tradeId -> 1075403
[30m2026-08-27T14:37:48,823[m [32mINFO  [m[[1;34mhttp-nio-8080-exec-6[m] [36mValidateCountedFractionServiceImpl[m - Start method validateMaximumLimitFractionsV1
[30m2026-08-27T14:37:48,824[m [32mINFO  [m[[1;34mhttp-nio-8080-exec-6[m] [36mValidateCountedFractionServiceImpl[m - Start method validateQuantityFractionsV1, tradeId -> 1075404
[30m2026-08-27T14:37:48,824[m [32mINFO  [m[[1;34mhttp-nio-8080-exec-6[m] [36mValidateCountedFractionServiceImpl[m - Start method validateMaximumLimitFractionsV1
[30m2026-08-27T14:37:48,824[m [32mINFO  [m[[1;34mhttp-nio-8080-exec-6[m] [36mValidateCountedFractionServiceImpl[m - Start method validateQuantityFractionsV1, tradeId -> 1073519
[30m2026-08-27T14:37:48,824[m [32mINFO  [m[[1;34mhttp-nio-8080-exec-6[m] [36mValidateCountedFractionServiceImpl[m - Start method validateMaximumLimitFractionsV1
[30m2026-08-27T14:37:48,824[m [32mINFO  [m[[1;34mhttp-nio-8080-exec-6[m] [36mFractionationCountedServiceImpl[m - PERF_ASSIGNMENT_VALIDATION_BATCH batchId=ff476c59-6f22-4455-a371-278b51c6a249 inputCount=50 validCount=50 invalidCount=0 uniqueTrades=50 uniqueSides=1 uniqueParticipants=1 titleAccountResolutionRequests=50 titleAccountUniqueBusinessKeys=1 settlementLookupRequests=50 settlementUniqueTradeSides=50 settlementRepositoryCalls=1 settlementRowsLoaded=0 settlementPrefetchMs=3 cudLookupRequests=0 cudUniqueTradeSides=0 cudUniqueBusinessKeys=0 cudRepositoryCalls=0 cudRowsLoaded=0 cudPrefetchMs=0 tradePrefetchMs=188 sidePrefetchMs=0 participantPrefetchMs=16 accountResolutionMs=28 accountPrefetchMs=13 businessValidationMs=10 totalMs=260
[30m2026-08-27T14:37:48,824[m [32mINFO  [m[[1;34mhttp-nio-8080-exec-6[m] [36mRestClientUtils[m - Client [POST] http://operaciones-fracciones-contado-back-service/operations-fractionation-api/v1/fractionation/batch
[30m2026-08-27T14:37:50,560[m [32mINFO  [m[[1;34mhttp-nio-8080-exec-6[m] [36mFractionationCountedServiceImpl[m - PERF_ASSIGNMENT_BATCH service=cmd batchId=ff476c59-6f22-4455-a371-278b51c6a249 mode=RAW_VALIDATED configuredMaxBatchSize=80 receivedBatchSize=50 processedCount=50 successCount=50 failureCount=0 fractionationMs=1736 totalMs=1736
[30m2026-08-27T14:37:50,560[m [32mINFO  [m[[1;34mhttp-nio-8080-exec-6[m] [36mFractionationCountedServiceImpl[m - PERF_ASSIGNMENT_BATCH service=cmd batchId=ff476c59-6f22-4455-a371-278b51c6a249 mode=RAW configuredMaxBatchSize=80 receivedBatchSize=50 validCount=50 invalidCount=0 sentToFractionationCount=50 successCount=50 failureCount=0 totalMs=1997
[30m2026-08-27T14:37:50,562[m [32mINFO  [m[[1;34mhttp-nio-8080-exec-6[m] [36mGlobalFilter[m - Request [POST /operations-cmd-api/v1/fractionation/counted-operation/batch] completed in 2002 ms with status 200
[30m2026-08-27T14:37:50,597[m [32mINFO  [m[[1;34mhttp-nio-8080-exec-7[m] [36mGlobalFilter[m - ----------- Client User: operaciones-orquestador-ext-back ----------
[30m2026-08-27T14:37:50,788[m [32mINFO  [m[[1;34mhttp-nio-8080-exec-7[m] [36mValidateCountedFractionServiceImpl[m - Start method validateAccountFractionAssignmentV1, accountNumber -> 4021801, tradeId -> 1074611, sideId -> 1, originId -> 122, isLocalCorrection -> false
[30m2026-08-27T14:37:50,789[m [32mINFO  [m[[1;34mhttp-nio-8080-exec-7[m] [36mValidateCountedFractionServiceImpl[m - Searching participant account assignment for accountNumber -> 4021801, participantId -> 15, depositoryId -> 1
[30m2026-08-27T14:37:50,791[m [32mINFO  [m[[1;34mhttp-nio-8080-exec-7[m] [36mValidateCountedFractionServiceImpl[m - No participant account found for accountNumber -> 4021801
[30m2026-08-27T14:37:50,808[m [32mINFO  [m[[1;34mhttp-nio-8080-exec-7[m] [36mValidateCountedFractionServiceImpl[m - End method validateAccountFractionAssignmentV1, fractionAccountOutDto -> FractionAccountOutDto(participantAccount=null, investorAccount=InvestorAccountOutDto(id=57, investor=InvestorOutDto(id=167, code=CL00000001, firstName=Prueba Nombre 1, lastName=Prueba Nombre 2, companyName=TERCERO3509748, type=TypeOutDto(id=2, description=JURIDICO, category=PERSONA), status=StatusOutDto(id=515, description=ACTIVO, category=INVERSIONISTA, shortName=null), country=CountryOutDto(id=35, code=CL, name=CHILE, currency=CurrencyOutDto(id=30, code=CLP, name=PESO CHILENO), timeZone=UTC -3), documentNumber=8605303170, identificationType=IdentificationTypeOutDto(id=5, description=CEDULA DE CIUDADANÍA, code=CC), nationality=35, clearinghouseCode=null, gics=null, moneyLaunderingFlag=null, taxStatus=null), accountNumber=4021801, accountName=AMBIENTE 3  PRUEBA 3, status=StatusOutDto(id=570, description=ACTIVO, category=CUENTA_INVERSIONISTA, shortName=null), originType=TypeOutDto(id=120, description=TERCEROS, category=ORIGEN PUNTA), type=TypeOutDto(id=26, description=CUENTA DEPOSITO, category=CUENTA DEPOSITO), depository=DepositoryOutDto(id=1, description=DVL), participant=null, taxExemp=false), sourceQuoteType=TypeOutDto(id=120, description=TERCEROS, category=ORIGEN PUNTA), fiduciarySpecialist=false, jointAccount=false, masterAccount=false, custodian=null, milaDirectDepositor=null)
[30m2026-08-27T14:37:50,826[m [32mINFO  [m[[1;34mhttp-nio-8080-exec-7[m] [36mValidateCountedFractionServiceImpl[m - Start method validateQuantityFractionsV1, tradeId -> 1074611
[30m2026-08-27T14:37:50,826[m [32mINFO  [m[[1;34mhttp-nio-8080-exec-7[m] [36mValidateCountedFractionServiceImpl[m - Start method validateMaximumLimitFractionsV1
[30m2026-08-27T14:37:50,826[m [32mINFO  [m[[1;34mhttp-nio-8080-exec-7[m] [36mValidateCountedFractionServiceImpl[m - Start method validateQuantityFractionsV1, tradeId -> 1074612
[30m2026-08-27T14:37:50,826[m [32mINFO  [m[[1;34mhttp-nio-8080-exec-7[m] [36mValidateCountedFractionServiceImpl[m - Start method validateMaximumLimitFractionsV1
[30m2026-08-27T14:37:50,826[m [32mINFO  [m[[1;34mhttp-nio-8080-exec-7[m] [36mValidateCountedFractionServiceImpl[m - Start method validateQuantityFractionsV1, tradeId -> 1073520
[30m2026-08-27T14:37:50,826[m [32mINFO  [m[[1;34mhttp-nio-8080-exec-7[m] [36mValidateCountedFractionServiceImpl[m - Start method validateMaximumLimitFractionsV1
[30m2026-08-27T14:37:50,826[m [32mINFO  [m[[1;34mhttp-nio-8080-exec-7[m] [36mValidateCountedFractionServiceImpl[m - Start method validateQuantityFractionsV1, tradeId -> 1068487
[30m2026-08-27T14:37:50,826[m [32mINFO  [m[[1;34mhttp-nio-8080-exec-7[m] [36mValidateCountedFractionServiceImpl[m - Start method validateMaximumLimitFractionsV1
[30m2026-08-27T14:37:50,826[m [32mINFO  [m[[1;34mhttp-nio-8080-exec-7[m] [36mValidateCountedFractionServiceImpl[m - Start method validateQuantityFractionsV1, tradeId -> 1068488
[30m2026-08-27T14:37:50,827[m [32mINFO  [m[[1;34mhttp-nio-8080-exec-7[m] [36mValidateCountedFractionServiceImpl[m - Start method validateMaximumLimitFractionsV1
[30m2026-08-27T14:37:50,827[m [32mINFO  [m[[1;34mhttp-nio-8080-exec-7[m] [36mValidateCountedFractionServiceImpl[m - Start method validateQuantityFractionsV1, tradeId -> 1073521
[30m2026-08-27T14:37:50,827[m [32mINFO  [m[[1;34mhttp-nio-8080-exec-7[m] [36mValidateCountedFractionServiceImpl[m - Start method validateMaximumLimitFractionsV1
[30m2026-08-27T14:37:50,827[m [32mINFO  [m[[1;34mhttp-nio-8080-exec-7[m] [36mValidateCountedFractionServiceImpl[m - Start method validateQuantityFractionsV1, tradeId -> 1076117
[30m2026-08-27T14:37:50,827[m [32mINFO  [m[[1;34mhttp-nio-8080-exec-7[m] [36mValidateCountedFractionServiceImpl[m - Start method validateMaximumLimitFractionsV1
[30m2026-08-27T14:37:50,827[m [32mINFO  [m[[1;34mhttp-nio-8080-exec-7[m] [36mValidateCountedFractionServiceImpl[m - Start method validateQuantityFractionsV1, tradeId -> 1075408
[30m2026-08-27T14:37:50,827[m [32mINFO  [m[[1;34mhttp-nio-8080-exec-7[m] [36mValidateCountedFractionServiceImpl[m - Start method validateMaximumLimitFractionsV1
[30m2026-08-27T14:37:50,827[m [32mINFO  [m[[1;34mhttp-nio-8080-exec-7[m] [36mValidateCountedFractionServiceImpl[m - Start method validateQuantityFractionsV1, tradeId -> 1068489
[30m2026-08-27T14:37:50,827[m [32mINFO  [m[[1;34mhttp-nio-8080-exec-7[m] [36mValidateCountedFractionServiceImpl[m - Start method validateMaximumLimitFractionsV1
[30m2026-08-27T14:37:50,827[m [32mINFO  [m[[1;34mhttp-nio-8080-exec-7[m] [36mValidateCountedFractionServiceImpl[m - Start method validateQuantityFractionsV1, tradeId -> 1073522
[30m2026-08-27T14:37:50,827[m [32mINFO  [m[[1;34mhttp-nio-8080-exec-7[m] [36mValidateCountedFractionServiceImpl[m - Start method validateMaximumLimitFractionsV1
[30m2026-08-27T14:37:50,827[m [32mINFO  [m[[1;34mhttp-nio-8080-exec-7[m] [36mValidateCountedFractionServiceImpl[m - Start method validateQuantityFractionsV1, tradeId -> 1073523
[30m2026-08-27T14:37:50,827[m [32mINFO  [m[[1;34mhttp-nio-8080-exec-7[m] [36mValidateCountedFractionServiceImpl[m - Start method validateMaximumLimitFractionsV1
[30m2026-08-27T14:37:50,827[m [32mINFO  [m[[1;34mhttp-nio-8080-exec-7[m] [36mValidateCountedFractionServiceImpl[m - Start method validateQuantityFractionsV1, tradeId -> 1073524
[30m2026-08-27T14:37:50,827[m [32mINFO  [m[[1;34mhttp-nio-8080-exec-7[m] [36mValidateCountedFractionServiceImpl[m - Start method validateMaximumLimitFractionsV1
[30m2026-08-27T14:37:50,827[m [32mINFO  [m[[1;34mhttp-nio-8080-exec-7[m] [36mValidateCountedFractionServiceImpl[m - Start method validateQuantityFractionsV1, tradeId -> 1073525
[30m2026-08-27T14:37:50,827[m [32mINFO  [m[[1;34mhttp-nio-8080-exec-7[m] [36mValidateCountedFractionServiceImpl[m - Start method validateMaximumLimitFractionsV1
[30m2026-08-27T14:37:50,827[m [32mINFO  [m[[1;34mhttp-nio-8080-exec-7[m] [36mValidateCountedFractionServiceImpl[m - Start method validateQuantityFractionsV1, tradeId -> 1068490
[30m2026-08-27T14:37:50,827[m [32mINFO  [m[[1;34mhttp-nio-8080-exec-7[m] [36mValidateCountedFractionServiceImpl[m - Start method validateMaximumLimitFractionsV1
[30m2026-08-27T14:37:50,827[m [32mINFO  [m[[1;34mhttp-nio-8080-exec-7[m] [36mValidateCountedFractionServiceImpl[m - Start method validateQuantityFractionsV1, tradeId -> 1076120
[30m2026-08-27T14:37:50,827[m [32mINFO  [m[[1;34mhttp-nio-8080-exec-7[m] [36mValidateCountedFractionServiceImpl[m - Start method validateMaximumLimitFractionsV1
[30m2026-08-27T14:37:50,827[m [32mINFO  [m[[1;34mhttp-nio-8080-exec-7[m] [36mValidateCountedFractionServiceImpl[m - Start method validateQuantityFractionsV1, tradeId -> 1075412
[30m2026-08-27T14:37:50,827[m [32mINFO  [m[[1;34mhttp-nio-8080-exec-7[m] [36mValidateCountedFractionServiceImpl[m - Start method validateMaximumLimitFractionsV1
[30m2026-08-27T14:37:50,827[m [32mINFO  [m[[1;34mhttp-nio-8080-exec-7[m] [36mValidateCountedFractionServiceImpl[m - Start method validateQuantityFractionsV1, tradeId -> 1076123
[30m2026-08-27T14:37:50,827[m [32mINFO  [m[[1;34mhttp-nio-8080-exec-7[m] [36mValidateCountedFractionServiceImpl[m - Start method validateMaximumLimitFractionsV1
[30m2026-08-27T14:37:50,828[m [32mINFO  [m[[1;34mhttp-nio-8080-exec-7[m] [36mValidateCountedFractionServiceImpl[m - Start method validateQuantityFractionsV1, tradeId -> 1074616
[30m2026-08-27T14:37:50,828[m [32mINFO  [m[[1;34mhttp-nio-8080-exec-7[m] [36mValidateCountedFractionServiceImpl[m - Start method validateMaximumLimitFractionsV1
[30m2026-08-27T14:37:50,828[m [32mINFO  [m[[1;34mhttp-nio-8080-exec-7[m] [36mValidateCountedFractionServiceImpl[m - Start method validateQuantityFractionsV1, tradeId -> 1075413
[30m2026-08-27T14:37:50,828[m [32mINFO  [m[[1;34mhttp-nio-8080-exec-7[m] [36mValidateCountedFractionServiceImpl[m - Start method validateMaximumLimitFractionsV1
[30m2026-08-27T14:37:50,828[m [32mINFO  [m[[1;34mhttp-nio-8080-exec-7[m] [36mValidateCountedFractionServiceImpl[m - Start method validateQuantityFractionsV1, tradeId -> 1073528
[30m2026-08-27T14:37:50,828[m [32mINFO  [m[[1;34mhttp-nio-8080-exec-7[m] [36mValidateCountedFractionServiceImpl[m - Start method validateMaximumLimitFractionsV1
[30m2026-08-27T14:37:50,828[m [32mINFO  [m[[1;34mhttp-nio-8080-exec-7[m] [36mValidateCountedFractionServiceImpl[m - Start method validateQuantityFractionsV1, tradeId -> 1075414
[30m2026-08-27T14:37:50,828[m [32mINFO  [m[[1;34mhttp-nio-8080-exec-7[m] [36mValidateCountedFractionServiceImpl[m - Start method validateMaximumLimitFractionsV1
[30m2026-08-27T14:37:50,828[m [32mINFO  [m[[1;34mhttp-nio-8080-exec-7[m] [36mValidateCountedFractionServiceImpl[m - Start method validateQuantityFractionsV1, tradeId -> 1075415
[30m2026-08-27T14:37:50,828[m [32mINFO  [m[[1;34mhttp-nio-8080-exec-7[m] [36mValidateCountedFractionServiceImpl[m - Start method validateMaximumLimitFractionsV1
[30m2026-08-27T14:37:50,828[m [32mINFO  [m[[1;34mhttp-nio-8080-exec-7[m] [36mValidateCountedFractionServiceImpl[m - Start method validateQuantityFractionsV1, tradeId -> 1074617
[30m2026-08-27T14:37:50,828[m [32mINFO  [m[[1;34mhttp-nio-8080-exec-7[m] [36mValidateCountedFractionServiceImpl[m - Start method validateMaximumLimitFractionsV1
[30m2026-08-27T14:37:50,828[m [32mINFO  [m[[1;34mhttp-nio-8080-exec-7[m] [36mValidateCountedFractionServiceImpl[m - Start method validateQuantityFractionsV1, tradeId -> 1074618
[30m2026-08-27T14:37:50,828[m [32mINFO  [m[[1;34mhttp-nio-8080-exec-7[m] [36mValidateCountedFractionServiceImpl[m - Start method validateMaximumLimitFractionsV1
[30m2026-08-27T14:37:50,828[m [32mINFO  [m[[1;34mhttp-nio-8080-exec-7[m] [36mValidateCountedFractionServiceImpl[m - Start method validateQuantityFractionsV1, tradeId -> 1075416
[30m2026-08-27T14:37:50,828[m [32mINFO  [m[[1;34mhttp-nio-8080-exec-7[m] [36mValidateCountedFractionServiceImpl[m - Start method validateMaximumLimitFractionsV1
[30m2026-08-27T14:37:50,828[m [32mINFO  [m[[1;34mhttp-nio-8080-exec-7[m] [36mValidateCountedFractionServiceImpl[m - Start method validateQuantityFractionsV1, tradeId -> 1076126
[30m2026-08-27T14:37:50,828[m [32mINFO  [m[[1;34mhttp-nio-8080-exec-7[m] [36mValidateCountedFractionServiceImpl[m - Start method validateMaximumLimitFractionsV1
[30m2026-08-27T14:37:50,828[m [32mINFO  [m[[1;34mhttp-nio-8080-exec-7[m] [36mValidateCountedFractionServiceImpl[m - Start method validateQuantityFractionsV1, tradeId -> 1068497
[30m2026-08-27T14:37:50,828[m [32mINFO  [m[[1;34mhttp-nio-8080-exec-7[m] [36mValidateCountedFractionServiceImpl[m - Start method validateMaximumLimitFractionsV1
[30m2026-08-27T14:37:50,828[m [32mINFO  [m[[1;34mhttp-nio-8080-exec-7[m] [36mValidateCountedFractionServiceImpl[m - Start method validateQuantityFractionsV1, tradeId -> 1074619
[30m2026-08-27T14:37:50,828[m [32mINFO  [m[[1;34mhttp-nio-8080-exec-7[m] [36mValidateCountedFractionServiceImpl[m - Start method validateMaximumLimitFractionsV1
[30m2026-08-27T14:37:50,828[m [32mINFO  [m[[1;34mhttp-nio-8080-exec-7[m] [36mValidateCountedFractionServiceImpl[m - Start method validateQuantityFractionsV1, tradeId -> 1075418
[30m2026-08-27T14:37:50,828[m [32mINFO  [m[[1;34mhttp-nio-8080-exec-7[m] [36mValidateCountedFractionServiceImpl[m - Start method validateMaximumLimitFractionsV1
[30m2026-08-27T14:37:50,828[m [32mINFO  [m[[1;34mhttp-nio-8080-exec-7[m] [36mValidateCountedFractionServiceImpl[m - Start method validateQuantityFractionsV1, tradeId -> 1068498
[30m2026-08-27T14:37:50,828[m [32mINFO  [m[[1;34mhttp-nio-8080-exec-7[m] [36mValidateCountedFractionServiceImpl[m - Start method validateMaximumLimitFractionsV1
[30m2026-08-27T14:37:50,828[m [32mINFO  [m[[1;34mhttp-nio-8080-exec-7[m] [36mValidateCountedFractionServiceImpl[m - Start method validateQuantityFractionsV1, tradeId -> 1074620
[30m2026-08-27T14:37:50,828[m [32mINFO  [m[[1;34mhttp-nio-8080-exec-7[m] [36mValidateCountedFractionServiceImpl[m - Start method validateMaximumLimitFractionsV1
[30m2026-08-27T14:37:50,828[m [32mINFO  [m[[1;34mhttp-nio-8080-exec-7[m] [36mValidateCountedFractionServiceImpl[m - Start method validateQuantityFractionsV1, tradeId -> 1073530
[30m2026-08-27T14:37:50,828[m [32mINFO  [m[[1;34mhttp-nio-8080-exec-7[m] [36mValidateCountedFractionServiceImpl[m - Start method validateMaximumLimitFractionsV1
[30m2026-08-27T14:37:50,828[m [32mINFO  [m[[1;34mhttp-nio-8080-exec-7[m] [36mValidateCountedFractionServiceImpl[m - Start method validateQuantityFractionsV1, tradeId -> 1076129
[30m2026-08-27T14:37:50,829[m [32mINFO  [m[[1;34mhttp-nio-8080-exec-7[m] [36mValidateCountedFractionServiceImpl[m - Start method validateMaximumLimitFractionsV1
[30m2026-08-27T14:37:50,829[m [32mINFO  [m[[1;34mhttp-nio-8080-exec-7[m] [36mValidateCountedFractionServiceImpl[m - Start method validateQuantityFractionsV1, tradeId -> 1075421
[30m2026-08-27T14:37:50,829[m [32mINFO  [m[[1;34mhttp-nio-8080-exec-7[m] [36mValidateCountedFractionServiceImpl[m - Start method validateMaximumLimitFractionsV1
[30m2026-08-27T14:37:50,829[m [32mINFO  [m[[1;34mhttp-nio-8080-exec-7[m] [36mValidateCountedFractionServiceImpl[m - Start method validateQuantityFractionsV1, tradeId -> 1076132
[30m2026-08-27T14:37:50,829[m [32mINFO  [m[[1;34mhttp-nio-8080-exec-7[m] [36mValidateCountedFractionServiceImpl[m - Start method validateMaximumLimitFractionsV1
[30m2026-08-27T14:37:50,829[m [32mINFO  [m[[1;34mhttp-nio-8080-exec-7[m] [36mValidateCountedFractionServiceImpl[m - Start method validateQuantityFractionsV1, tradeId -> 1068501
[30m2026-08-27T14:37:50,829[m [32mINFO  [m[[1;34mhttp-nio-8080-exec-7[m] [36mValidateCountedFractionServiceImpl[m - Start method validateMaximumLimitFractionsV1
[30m2026-08-27T14:37:50,829[m [32mINFO  [m[[1;34mhttp-nio-8080-exec-7[m] [36mValidateCountedFractionServiceImpl[m - Start method validateQuantityFractionsV1, tradeId -> 1068502
[30m2026-08-27T14:37:50,829[m [32mINFO  [m[[1;34mhttp-nio-8080-exec-7[m] [36mValidateCountedFractionServiceImpl[m - Start method validateMaximumLimitFractionsV1
[30m2026-08-27T14:37:50,829[m [32mINFO  [m[[1;34mhttp-nio-8080-exec-7[m] [36mValidateCountedFractionServiceImpl[m - Start method validateQuantityFractionsV1, tradeId -> 1076135
[30m2026-08-27T14:37:50,829[m [32mINFO  [m[[1;34mhttp-nio-8080-exec-7[m] [36mValidateCountedFractionServiceImpl[m - Start method validateMaximumLimitFractionsV1
[30m2026-08-27T14:37:50,829[m [32mINFO  [m[[1;34mhttp-nio-8080-exec-7[m] [36mValidateCountedFractionServiceImpl[m - Start method validateQuantityFractionsV1, tradeId -> 1075424
[30m2026-08-27T14:37:50,829[m [32mINFO  [m[[1;34mhttp-nio-8080-exec-7[m] [36mValidateCountedFractionServiceImpl[m - Start method validateMaximumLimitFractionsV1
[30m2026-08-27T14:37:50,829[m [32mINFO  [m[[1;34mhttp-nio-8080-exec-7[m] [36mValidateCountedFractionServiceImpl[m - Start method validateQuantityFractionsV1, tradeId -> 1068508
[30m2026-08-27T14:37:50,829[m [32mINFO  [m[[1;34mhttp-nio-8080-exec-7[m] [36mValidateCountedFractionServiceImpl[m - Start method validateMaximumLimitFractionsV1
[30m2026-08-27T14:37:50,829[m [32mINFO  [m[[1;34mhttp-nio-8080-exec-7[m] [36mValidateCountedFractionServiceImpl[m - Start method validateQuantityFractionsV1, tradeId -> 1076138
[30m2026-08-27T14:37:50,830[m [32mINFO  [m[[1;34mhttp-nio-8080-exec-7[m] [36mValidateCountedFractionServiceImpl[m - Start method validateMaximumLimitFractionsV1
[30m2026-08-27T14:37:50,830[m [32mINFO  [m[[1;34mhttp-nio-8080-exec-7[m] [36mValidateCountedFractionServiceImpl[m - Start method validateQuantityFractionsV1, tradeId -> 1073537
[30m2026-08-27T14:37:50,830[m [32mINFO  [m[[1;34mhttp-nio-8080-exec-7[m] [36mValidateCountedFractionServiceImpl[m - Start method validateMaximumLimitFractionsV1
[30m2026-08-27T14:37:50,830[m [32mINFO  [m[[1;34mhttp-nio-8080-exec-7[m] [36mValidateCountedFractionServiceImpl[m - Start method validateQuantityFractionsV1, tradeId -> 1074626
[30m2026-08-27T14:37:50,830[m [32mINFO  [m[[1;34mhttp-nio-8080-exec-7[m] [36mValidateCountedFractionServiceImpl[m - Start method validateMaximumLimitFractionsV1
[30m2026-08-27T14:37:50,830[m [32mINFO  [m[[1;34mhttp-nio-8080-exec-7[m] [36mValidateCountedFractionServiceImpl[m - Start method validateQuantityFractionsV1, tradeId -> 1074627
[30m2026-08-27T14:37:50,830[m [32mINFO  [m[[1;34mhttp-nio-8080-exec-7[m] [36mValidateCountedFractionServiceImpl[m - Start method validateMaximumLimitFractionsV1
[30m2026-08-27T14:37:50,830[m [32mINFO  [m[[1;34mhttp-nio-8080-exec-7[m] [36mValidateCountedFractionServiceImpl[m - Start method validateQuantityFractionsV1, tradeId -> 1076141
[30m2026-08-27T14:37:50,830[m [32mINFO  [m[[1;34mhttp-nio-8080-exec-7[m] [36mValidateCountedFractionServiceImpl[m - Start method validateMaximumLimitFractionsV1
[30m2026-08-27T14:37:50,830[m [32mINFO  [m[[1;34mhttp-nio-8080-exec-7[m] [36mValidateCountedFractionServiceImpl[m - Start method validateQuantityFractionsV1, tradeId -> 1075427
[30m2026-08-27T14:37:50,830[m [32mINFO  [m[[1;34mhttp-nio-8080-exec-7[m] [36mValidateCountedFractionServiceImpl[m - Start method validateMaximumLimitFractionsV1
[30m2026-08-27T14:37:50,830[m [32mINFO  [m[[1;34mhttp-nio-8080-exec-7[m] [36mValidateCountedFractionServiceImpl[m - Start method validateQuantityFractionsV1, tradeId -> 1068509
[30m2026-08-27T14:37:50,830[m [32mINFO  [m[[1;34mhttp-nio-8080-exec-7[m] [36mValidateCountedFractionServiceImpl[m - Start method validateMaximumLimitFractionsV1
[30m2026-08-27T14:37:50,830[m [32mINFO  [m[[1;34mhttp-nio-8080-exec-7[m] [36mValidateCountedFractionServiceImpl[m - Start method validateQuantityFractionsV1, tradeId -> 1073539
[30m2026-08-27T14:37:50,830[m [32mINFO  [m[[1;34mhttp-nio-8080-exec-7[m] [36mValidateCountedFractionServiceImpl[m - Start method validateMaximumLimitFractionsV1
[30m2026-08-27T14:37:50,830[m [32mINFO  [m[[1;34mhttp-nio-8080-exec-7[m] [36mValidateCountedFractionServiceImpl[m - Start method validateQuantityFractionsV1, tradeId -> 1075428
[30m2026-08-27T14:37:50,830[m [32mINFO  [m[[1;34mhttp-nio-8080-exec-7[m] [36mValidateCountedFractionServiceImpl[m - Start method validateMaximumLimitFractionsV1
[30m2026-08-27T14:37:50,830[m [32mINFO  [m[[1;34mhttp-nio-8080-exec-7[m] [36mValidateCountedFractionServiceImpl[m - Start method validateQuantityFractionsV1, tradeId -> 1076144
[30m2026-08-27T14:37:50,830[m [32mINFO  [m[[1;34mhttp-nio-8080-exec-7[m] [36mValidateCountedFractionServiceImpl[m - Start method validateMaximumLimitFractionsV1
[30m2026-08-27T14:37:50,830[m [32mINFO  [m[[1;34mhttp-nio-8080-exec-7[m] [36mFractionationCountedServiceImpl[m - PERF_ASSIGNMENT_VALIDATION_BATCH batchId=7c133327-04e3-438c-addc-d294b17f2e4e inputCount=50 validCount=50 invalidCount=0 uniqueTrades=50 uniqueSides=1 uniqueParticipants=1 titleAccountResolutionRequests=50 titleAccountUniqueBusinessKeys=1 settlementLookupRequests=50 settlementUniqueTradeSides=50 settlementRepositoryCalls=1 settlementRowsLoaded=0 settlementPrefetchMs=3 cudLookupRequests=0 cudUniqueTradeSides=0 cudUniqueBusinessKeys=0 cudRepositoryCalls=0 cudRowsLoaded=0 cudPrefetchMs=0 tradePrefetchMs=172 sidePrefetchMs=0 participantPrefetchMs=14 accountResolutionMs=20 accountPrefetchMs=10 businessValidationMs=7 totalMs=229
[30m2026-08-27T14:37:50,831[m [32mINFO  [m[[1;34mhttp-nio-8080-exec-7[m] [36mRestClientUtils[m - Client [POST] http://operaciones-fracciones-contado-back-service/operations-fractionation-api/v1/fractionation/batch
[30m2026-08-27T14:37:52,674[m [32mINFO  [m[[1;34mhttp-nio-8080-exec-7[m] [36mFractionationCountedServiceImpl[m - PERF_ASSIGNMENT_BATCH service=cmd batchId=7c133327-04e3-438c-addc-d294b17f2e4e mode=RAW_VALIDATED configuredMaxBatchSize=80 receivedBatchSize=50 processedCount=50 successCount=50 failureCount=0 fractionationMs=1843 totalMs=1843
[30m2026-08-27T14:37:52,674[m [32mINFO  [m[[1;34mhttp-nio-8080-exec-7[m] [36mFractionationCountedServiceImpl[m - PERF_ASSIGNMENT_BATCH service=cmd batchId=7c133327-04e3-438c-addc-d294b17f2e4e mode=RAW configuredMaxBatchSize=80 receivedBatchSize=50 validCount=50 invalidCount=0 sentToFractionationCount=50 successCount=50 failureCount=0 totalMs=2072
[30m2026-08-27T14:37:52,675[m [32mINFO  [m[[1;34mhttp-nio-8080-exec-7[m] [36mGlobalFilter[m - Request [POST /operations-cmd-api/v1/fractionation/counted-operation/batch] completed in 2078 ms with status 200
[30m2026-08-27T14:37:52,701[m [32mINFO  [m[[1;34mhttp-nio-8080-exec-8[m] [36mGlobalFilter[m - ----------- Client User: operaciones-orquestador-ext-back ----------
[30m2026-08-27T14:37:52,885[m [32mINFO  [m[[1;34mhttp-nio-8080-exec-8[m] [36mValidateCountedFractionServiceImpl[m - Start method validateAccountFractionAssignmentV1, accountNumber -> 4021801, tradeId -> 1074629, sideId -> 1, originId -> 122, isLocalCorrection -> false
[30m2026-08-27T14:37:52,885[m [32mINFO  [m[[1;34mhttp-nio-8080-exec-8[m] [36mValidateCountedFractionServiceImpl[m - Searching participant account assignment for accountNumber -> 4021801, participantId -> 15, depositoryId -> 1
[30m2026-08-27T14:37:52,888[m [32mINFO  [m[[1;34mhttp-nio-8080-exec-8[m] [36mValidateCountedFractionServiceImpl[m - No participant account found for accountNumber -> 4021801
[30m2026-08-27T14:37:52,900[m [32mINFO  [m[[1;34mhttp-nio-8080-exec-8[m] [36mValidateCountedFractionServiceImpl[m - End method validateAccountFractionAssignmentV1, fractionAccountOutDto -> FractionAccountOutDto(participantAccount=null, investorAccount=InvestorAccountOutDto(id=57, investor=InvestorOutDto(id=167, code=CL00000001, firstName=Prueba Nombre 1, lastName=Prueba Nombre 2, companyName=TERCERO3509748, type=TypeOutDto(id=2, description=JURIDICO, category=PERSONA), status=StatusOutDto(id=515, description=ACTIVO, category=INVERSIONISTA, shortName=null), country=CountryOutDto(id=35, code=CL, name=CHILE, currency=CurrencyOutDto(id=30, code=CLP, name=PESO CHILENO), timeZone=UTC -3), documentNumber=8605303170, identificationType=IdentificationTypeOutDto(id=5, description=CEDULA DE CIUDADANÍA, code=CC), nationality=35, clearinghouseCode=null, gics=null, moneyLaunderingFlag=null, taxStatus=null), accountNumber=4021801, accountName=AMBIENTE 3  PRUEBA 3, status=StatusOutDto(id=570, description=ACTIVO, category=CUENTA_INVERSIONISTA, shortName=null), originType=TypeOutDto(id=120, description=TERCEROS, category=ORIGEN PUNTA), type=TypeOutDto(id=26, description=CUENTA DEPOSITO, category=CUENTA DEPOSITO), depository=DepositoryOutDto(id=1, description=DVL), participant=null, taxExemp=false), sourceQuoteType=TypeOutDto(id=120, description=TERCEROS, category=ORIGEN PUNTA), fiduciarySpecialist=false, jointAccount=false, masterAccount=false, custodian=null, milaDirectDepositor=null)
[30m2026-08-27T14:37:52,917[m [32mINFO  [m[[1;34mhttp-nio-8080-exec-8[m] [36mValidateCountedFractionServiceImpl[m - Start method validateQuantityFractionsV1, tradeId -> 1074629
[30m2026-08-27T14:37:52,917[m [32mINFO  [m[[1;34mhttp-nio-8080-exec-8[m] [36mValidateCountedFractionServiceImpl[m - Start method validateMaximumLimitFractionsV1
[30m2026-08-27T14:37:52,917[m [32mINFO  [m[[1;34mhttp-nio-8080-exec-8[m] [36mValidateCountedFractionServiceImpl[m - Start method validateQuantityFractionsV1, tradeId -> 1076147
[30m2026-08-27T14:37:52,918[m [32mINFO  [m[[1;34mhttp-nio-8080-exec-8[m] [36mValidateCountedFractionServiceImpl[m - Start method validateMaximumLimitFractionsV1
[30m2026-08-27T14:37:52,918[m [32mINFO  [m[[1;34mhttp-nio-8080-exec-8[m] [36mValidateCountedFractionServiceImpl[m - Start method validateQuantityFractionsV1, tradeId -> 1076149
[30m2026-08-27T14:37:52,918[m [32mINFO  [m[[1;34mhttp-nio-8080-exec-8[m] [36mValidateCountedFractionServiceImpl[m - Start method validateMaximumLimitFractionsV1
[30m2026-08-27T14:37:52,918[m [32mINFO  [m[[1;34mhttp-nio-8080-exec-8[m] [36mValidateCountedFractionServiceImpl[m - Start method validateQuantityFractionsV1, tradeId -> 1074638
[30m2026-08-27T14:37:52,918[m [32mINFO  [m[[1;34mhttp-nio-8080-exec-8[m] [36mValidateCountedFractionServiceImpl[m - Start method validateMaximumLimitFractionsV1
[30m2026-08-27T14:37:52,918[m [32mINFO  [m[[1;34mhttp-nio-8080-exec-8[m] [36mValidateCountedFractionServiceImpl[m - Start method validateQuantityFractionsV1, tradeId -> 1068521
[30m2026-08-27T14:37:52,918[m [32mINFO  [m[[1;34mhttp-nio-8080-exec-8[m] [36mValidateCountedFractionServiceImpl[m - Start method validateMaximumLimitFractionsV1
[30m2026-08-27T14:37:52,918[m [32mINFO  [m[[1;34mhttp-nio-8080-exec-8[m] [36mValidateCountedFractionServiceImpl[m - Start method validateQuantityFractionsV1, tradeId -> 1076151
[30m2026-08-27T14:37:52,918[m [32mINFO  [m[[1;34mhttp-nio-8080-exec-8[m] [36mValidateCountedFractionServiceImpl[m - Start method validateMaximumLimitFractionsV1
[30m2026-08-27T14:37:52,918[m [32mINFO  [m[[1;34mhttp-nio-8080-exec-8[m] [36mValidateCountedFractionServiceImpl[m - Start method validateQuantityFractionsV1, tradeId -> 1068522
[30m2026-08-27T14:37:52,918[m [32mINFO  [m[[1;34mhttp-nio-8080-exec-8[m] [36mValidateCountedFractionServiceImpl[m - Start method validateMaximumLimitFractionsV1
[30m2026-08-27T14:37:52,918[m [32mINFO  [m[[1;34mhttp-nio-8080-exec-8[m] [36mValidateCountedFractionServiceImpl[m - Start method validateQuantityFractionsV1, tradeId -> 1073548
[30m2026-08-27T14:37:52,918[m [32mINFO  [m[[1;34mhttp-nio-8080-exec-8[m] [36mValidateCountedFractionServiceImpl[m - Start method validateMaximumLimitFractionsV1
[30m2026-08-27T14:37:52,918[m [32mINFO  [m[[1;34mhttp-nio-8080-exec-8[m] [36mValidateCountedFractionServiceImpl[m - Start method validateQuantityFractionsV1, tradeId -> 1074639
[30m2026-08-27T14:37:52,919[m [32mINFO  [m[[1;34mhttp-nio-8080-exec-8[m] [36mValidateCountedFractionServiceImpl[m - Start method validateMaximumLimitFractionsV1
[30m2026-08-27T14:37:52,919[m [32mINFO  [m[[1;34mhttp-nio-8080-exec-8[m] [36mValidateCountedFractionServiceImpl[m - Start method validateQuantityFractionsV1, tradeId -> 1075437
[30m2026-08-27T14:37:52,919[m [32mINFO  [m[[1;34mhttp-nio-8080-exec-8[m] [36mValidateCountedFractionServiceImpl[m - Start method validateMaximumLimitFractionsV1
[30m2026-08-27T14:37:52,919[m [32mINFO  [m[[1;34mhttp-nio-8080-exec-8[m] [36mValidateCountedFractionServiceImpl[m - Start method validateQuantityFractionsV1, tradeId -> 1074640
[30m2026-08-27T14:37:52,919[m [32mINFO  [m[[1;34mhttp-nio-8080-exec-8[m] [36mValidateCountedFractionServiceImpl[m - Start method validateMaximumLimitFractionsV1
[30m2026-08-27T14:37:52,919[m [32mINFO  [m[[1;34mhttp-nio-8080-exec-8[m] [36mValidateCountedFractionServiceImpl[m - Start method validateQuantityFractionsV1, tradeId -> 1074641
[30m2026-08-27T14:37:52,919[m [32mINFO  [m[[1;34mhttp-nio-8080-exec-8[m] [36mValidateCountedFractionServiceImpl[m - Start method validateMaximumLimitFractionsV1
[30m2026-08-27T14:37:52,919[m [32mINFO  [m[[1;34mhttp-nio-8080-exec-8[m] [36mValidateCountedFractionServiceImpl[m - Start method validateQuantityFractionsV1, tradeId -> 1075438
[30m2026-08-27T14:37:52,919[m [32mINFO  [m[[1;34mhttp-nio-8080-exec-8[m] [36mValidateCountedFractionServiceImpl[m - Start method validateMaximumLimitFractionsV1
[30m2026-08-27T14:37:52,919[m [32mINFO  [m[[1;34mhttp-nio-8080-exec-8[m] [36mValidateCountedFractionServiceImpl[m - Start method validateQuantityFractionsV1, tradeId -> 1074642
[30m2026-08-27T14:37:52,919[m [32mINFO  [m[[1;34mhttp-nio-8080-exec-8[m] [36mValidateCountedFractionServiceImpl[m - Start method validateMaximumLimitFractionsV1
[30m2026-08-27T14:37:52,919[m [32mINFO  [m[[1;34mhttp-nio-8080-exec-8[m] [36mValidateCountedFractionServiceImpl[m - Start method validateQuantityFractionsV1, tradeId -> 1075439
[30m2026-08-27T14:37:52,919[m [32mINFO  [m[[1;34mhttp-nio-8080-exec-8[m] [36mValidateCountedFractionServiceImpl[m - Start method validateMaximumLimitFractionsV1
[30m2026-08-27T14:37:52,919[m [32mINFO  [m[[1;34mhttp-nio-8080-exec-8[m] [36mValidateCountedFractionServiceImpl[m - Start method validateQuantityFractionsV1, tradeId -> 1075440
[30m2026-08-27T14:37:52,919[m [32mINFO  [m[[1;34mhttp-nio-8080-exec-8[m] [36mValidateCountedFractionServiceImpl[m - Start method validateMaximumLimitFractionsV1
[30m2026-08-27T14:37:52,919[m [32mINFO  [m[[1;34mhttp-nio-8080-exec-8[m] [36mValidateCountedFractionServiceImpl[m - Start method validateQuantityFractionsV1, tradeId -> 1073549
[30m2026-08-27T14:37:52,919[m [32mINFO  [m[[1;34mhttp-nio-8080-exec-8[m] [36mValidateCountedFractionServiceImpl[m - Start method validateMaximumLimitFractionsV1
[30m2026-08-27T14:37:52,919[m [32mINFO  [m[[1;34mhttp-nio-8080-exec-8[m] [36mValidateCountedFractionServiceImpl[m - Start method validateQuantityFractionsV1, tradeId -> 1074643
[30m2026-08-27T14:37:52,919[m [32mINFO  [m[[1;34mhttp-nio-8080-exec-8[m] [36mValidateCountedFractionServiceImpl[m - Start method validateMaximumLimitFractionsV1
[30m2026-08-27T14:37:52,919[m [32mINFO  [m[[1;34mhttp-nio-8080-exec-8[m] [36mValidateCountedFractionServiceImpl[m - Start method validateQuantityFractionsV1, tradeId -> 1068523
[30m2026-08-27T14:37:52,919[m [32mINFO  [m[[1;34mhttp-nio-8080-exec-8[m] [36mValidateCountedFractionServiceImpl[m - Start method validateMaximumLimitFractionsV1
[30m2026-08-27T14:37:52,919[m [32mINFO  [m[[1;34mhttp-nio-8080-exec-8[m] [36mValidateCountedFractionServiceImpl[m - Start method validateQuantityFractionsV1, tradeId -> 1075441
[30m2026-08-27T14:37:52,919[m [32mINFO  [m[[1;34mhttp-nio-8080-exec-8[m] [36mValidateCountedFractionServiceImpl[m - Start method validateMaximumLimitFractionsV1
[30m2026-08-27T14:37:52,919[m [32mINFO  [m[[1;34mhttp-nio-8080-exec-8[m] [36mValidateCountedFractionServiceImpl[m - Start method validateQuantityFractionsV1, tradeId -> 1068524
[30m2026-08-27T14:37:52,919[m [32mINFO  [m[[1;34mhttp-nio-8080-exec-8[m] [36mValidateCountedFractionServiceImpl[m - Start method validateMaximumLimitFractionsV1
[30m2026-08-27T14:37:52,919[m [32mINFO  [m[[1;34mhttp-nio-8080-exec-8[m] [36mValidateCountedFractionServiceImpl[m - Start method validateQuantityFractionsV1, tradeId -> 1076153
[30m2026-08-27T14:37:52,920[m [32mINFO  [m[[1;34mhttp-nio-8080-exec-8[m] [36mValidateCountedFractionServiceImpl[m - Start method validateMaximumLimitFractionsV1
[30m2026-08-27T14:37:52,920[m [32mINFO  [m[[1;34mhttp-nio-8080-exec-8[m] [36mValidateCountedFractionServiceImpl[m - Start method validateQuantityFractionsV1, tradeId -> 1075442
[30m2026-08-27T14:37:52,920[m [32mINFO  [m[[1;34mhttp-nio-8080-exec-8[m] [36mValidateCountedFractionServiceImpl[m - Start method validateMaximumLimitFractionsV1
[30m2026-08-27T14:37:52,920[m [32mINFO  [m[[1;34mhttp-nio-8080-exec-8[m] [36mValidateCountedFractionServiceImpl[m - Start method validateQuantityFractionsV1, tradeId -> 1075443
[30m2026-08-27T14:37:52,920[m [32mINFO  [m[[1;34mhttp-nio-8080-exec-8[m] [36mValidateCountedFractionServiceImpl[m - Start method validateMaximumLimitFractionsV1
[30m2026-08-27T14:37:52,920[m [32mINFO  [m[[1;34mhttp-nio-8080-exec-8[m] [36mValidateCountedFractionServiceImpl[m - Start method validateQuantityFractionsV1, tradeId -> 1073550
[30m2026-08-27T14:37:52,920[m [32mINFO  [m[[1;34mhttp-nio-8080-exec-8[m] [36mValidateCountedFractionServiceImpl[m - Start method validateMaximumLimitFractionsV1
[30m2026-08-27T14:37:52,920[m [32mINFO  [m[[1;34mhttp-nio-8080-exec-8[m] [36mValidateCountedFractionServiceImpl[m - Start method validateQuantityFractionsV1, tradeId -> 1073551
[30m2026-08-27T14:37:52,920[m [32mINFO  [m[[1;34mhttp-nio-8080-exec-8[m] [36mValidateCountedFractionServiceImpl[m - Start method validateMaximumLimitFractionsV1
[30m2026-08-27T14:37:52,920[m [32mINFO  [m[[1;34mhttp-nio-8080-exec-8[m] [36mValidateCountedFractionServiceImpl[m - Start method validateQuantityFractionsV1, tradeId -> 1075444
[30m2026-08-27T14:37:52,920[m [32mINFO  [m[[1;34mhttp-nio-8080-exec-8[m] [36mValidateCountedFractionServiceImpl[m - Start method validateMaximumLimitFractionsV1
[30m2026-08-27T14:37:52,920[m [32mINFO  [m[[1;34mhttp-nio-8080-exec-8[m] [36mValidateCountedFractionServiceImpl[m - Start method validateQuantityFractionsV1, tradeId -> 1073552
[30m2026-08-27T14:37:52,920[m [32mINFO  [m[[1;34mhttp-nio-8080-exec-8[m] [36mValidateCountedFractionServiceImpl[m - Start method validateMaximumLimitFractionsV1
[30m2026-08-27T14:37:52,920[m [32mINFO  [m[[1;34mhttp-nio-8080-exec-8[m] [36mValidateCountedFractionServiceImpl[m - Start method validateQuantityFractionsV1, tradeId -> 1075445
[30m2026-08-27T14:37:52,920[m [32mINFO  [m[[1;34mhttp-nio-8080-exec-8[m] [36mValidateCountedFractionServiceImpl[m - Start method validateMaximumLimitFractionsV1
[30m2026-08-27T14:37:52,920[m [32mINFO  [m[[1;34mhttp-nio-8080-exec-8[m] [36mValidateCountedFractionServiceImpl[m - Start method validateQuantityFractionsV1, tradeId -> 1074644
[30m2026-08-27T14:37:52,920[m [32mINFO  [m[[1;34mhttp-nio-8080-exec-8[m] [36mValidateCountedFractionServiceImpl[m - Start method validateMaximumLimitFractionsV1
[30m2026-08-27T14:37:52,920[m [32mINFO  [m[[1;34mhttp-nio-8080-exec-8[m] [36mValidateCountedFractionServiceImpl[m - Start method validateQuantityFractionsV1, tradeId -> 1076156
[30m2026-08-27T14:37:52,920[m [32mINFO  [m[[1;34mhttp-nio-8080-exec-8[m] [36mValidateCountedFractionServiceImpl[m - Start method validateMaximumLimitFractionsV1
[30m2026-08-27T14:37:52,920[m [32mINFO  [m[[1;34mhttp-nio-8080-exec-8[m] [36mValidateCountedFractionServiceImpl[m - Start method validateQuantityFractionsV1, tradeId -> 1068525
[30m2026-08-27T14:37:52,920[m [32mINFO  [m[[1;34mhttp-nio-8080-exec-8[m] [36mValidateCountedFractionServiceImpl[m - Start method validateMaximumLimitFractionsV1
[30m2026-08-27T14:37:52,920[m [32mINFO  [m[[1;34mhttp-nio-8080-exec-8[m] [36mValidateCountedFractionServiceImpl[m - Start method validateQuantityFractionsV1, tradeId -> 1068526
[30m2026-08-27T14:37:52,920[m [32mINFO  [m[[1;34mhttp-nio-8080-exec-8[m] [36mValidateCountedFractionServiceImpl[m - Start method validateMaximumLimitFractionsV1
[30m2026-08-27T14:37:52,920[m [32mINFO  [m[[1;34mhttp-nio-8080-exec-8[m] [36mValidateCountedFractionServiceImpl[m - Start method validateQuantityFractionsV1, tradeId -> 1076159
[30m2026-08-27T14:37:52,920[m [32mINFO  [m[[1;34mhttp-nio-8080-exec-8[m] [36mValidateCountedFractionServiceImpl[m - Start method validateMaximumLimitFractionsV1
[30m2026-08-27T14:37:52,921[m [32mINFO  [m[[1;34mhttp-nio-8080-exec-8[m] [36mValidateCountedFractionServiceImpl[m - Start method validateQuantityFractionsV1, tradeId -> 1076162
[30m2026-08-27T14:37:52,921[m [32mINFO  [m[[1;34mhttp-nio-8080-exec-8[m] [36mValidateCountedFractionServiceImpl[m - Start method validateMaximumLimitFractionsV1
[30m2026-08-27T14:37:52,921[m [32mINFO  [m[[1;34mhttp-nio-8080-exec-8[m] [36mValidateCountedFractionServiceImpl[m - Start method validateQuantityFractionsV1, tradeId -> 1068531
[30m2026-08-27T14:37:52,921[m [32mINFO  [m[[1;34mhttp-nio-8080-exec-8[m] [36mValidateCountedFractionServiceImpl[m - Start method validateMaximumLimitFractionsV1
[30m2026-08-27T14:37:52,921[m [32mINFO  [m[[1;34mhttp-nio-8080-exec-8[m] [36mValidateCountedFractionServiceImpl[m - Start method validateQuantityFractionsV1, tradeId -> 1076165
[30m2026-08-27T14:37:52,921[m [32mINFO  [m[[1;34mhttp-nio-8080-exec-8[m] [36mValidateCountedFractionServiceImpl[m - Start method validateMaximumLimitFractionsV1
[30m2026-08-27T14:37:52,921[m [32mINFO  [m[[1;34mhttp-nio-8080-exec-8[m] [36mValidateCountedFractionServiceImpl[m - Start method validateQuantityFractionsV1, tradeId -> 1068532
[30m2026-08-27T14:37:52,921[m [32mINFO  [m[[1;34mhttp-nio-8080-exec-8[m] [36mValidateCountedFractionServiceImpl[m - Start method validateMaximumLimitFractionsV1
[30m2026-08-27T14:37:52,921[m [32mINFO  [m[[1;34mhttp-nio-8080-exec-8[m] [36mValidateCountedFractionServiceImpl[m - Start method validateQuantityFractionsV1, tradeId -> 1068533
[30m2026-08-27T14:37:52,921[m [32mINFO  [m[[1;34mhttp-nio-8080-exec-8[m] [36mValidateCountedFractionServiceImpl[m - Start method validateMaximumLimitFractionsV1
[30m2026-08-27T14:37:52,921[m [32mINFO  [m[[1;34mhttp-nio-8080-exec-8[m] [36mValidateCountedFractionServiceImpl[m - Start method validateQuantityFractionsV1, tradeId -> 1068534
[30m2026-08-27T14:37:52,921[m [32mINFO  [m[[1;34mhttp-nio-8080-exec-8[m] [36mValidateCountedFractionServiceImpl[m - Start method validateMaximumLimitFractionsV1
[30m2026-08-27T14:37:52,921[m [32mINFO  [m[[1;34mhttp-nio-8080-exec-8[m] [36mValidateCountedFractionServiceImpl[m - Start method validateQuantityFractionsV1, tradeId -> 1074649
[30m2026-08-27T14:37:52,921[m [32mINFO  [m[[1;34mhttp-nio-8080-exec-8[m] [36mValidateCountedFractionServiceImpl[m - Start method validateMaximumLimitFractionsV1
[30m2026-08-27T14:37:52,921[m [32mINFO  [m[[1;34mhttp-nio-8080-exec-8[m] [36mValidateCountedFractionServiceImpl[m - Start method validateQuantityFractionsV1, tradeId -> 1076168
[30m2026-08-27T14:37:52,921[m [32mINFO  [m[[1;34mhttp-nio-8080-exec-8[m] [36mValidateCountedFractionServiceImpl[m - Start method validateMaximumLimitFractionsV1
[30m2026-08-27T14:37:52,921[m [32mINFO  [m[[1;34mhttp-nio-8080-exec-8[m] [36mValidateCountedFractionServiceImpl[m - Start method validateQuantityFractionsV1, tradeId -> 1076171
[30m2026-08-27T14:37:52,921[m [32mINFO  [m[[1;34mhttp-nio-8080-exec-8[m] [36mValidateCountedFractionServiceImpl[m - Start method validateMaximumLimitFractionsV1
[30m2026-08-27T14:37:52,921[m [32mINFO  [m[[1;34mhttp-nio-8080-exec-8[m] [36mValidateCountedFractionServiceImpl[m - Start method validateQuantityFractionsV1, tradeId -> 1074656
[30m2026-08-27T14:37:52,921[m [32mINFO  [m[[1;34mhttp-nio-8080-exec-8[m] [36mValidateCountedFractionServiceImpl[m - Start method validateMaximumLimitFractionsV1
[30m2026-08-27T14:37:52,921[m [32mINFO  [m[[1;34mhttp-nio-8080-exec-8[m] [36mValidateCountedFractionServiceImpl[m - Start method validateQuantityFractionsV1, tradeId -> 1073559
[30m2026-08-27T14:37:52,921[m [32mINFO  [m[[1;34mhttp-nio-8080-exec-8[m] [36mValidateCountedFractionServiceImpl[m - Start method validateMaximumLimitFractionsV1
[30m2026-08-27T14:37:52,921[m [32mINFO  [m[[1;34mhttp-nio-8080-exec-8[m] [36mValidateCountedFractionServiceImpl[m - Start method validateQuantityFractionsV1, tradeId -> 1073560
[30m2026-08-27T14:37:52,921[m [32mINFO  [m[[1;34mhttp-nio-8080-exec-8[m] [36mValidateCountedFractionServiceImpl[m - Start method validateMaximumLimitFractionsV1
[30m2026-08-27T14:37:52,921[m [32mINFO  [m[[1;34mhttp-nio-8080-exec-8[m] [36mValidateCountedFractionServiceImpl[m - Start method validateQuantityFractionsV1, tradeId -> 1074657
[30m2026-08-27T14:37:52,922[m [32mINFO  [m[[1;34mhttp-nio-8080-exec-8[m] [36mValidateCountedFractionServiceImpl[m - Start method validateMaximumLimitFractionsV1
[30m2026-08-27T14:37:52,922[m [32mINFO  [m[[1;34mhttp-nio-8080-exec-8[m] [36mValidateCountedFractionServiceImpl[m - Start method validateQuantityFractionsV1, tradeId -> 1068535
[30m2026-08-27T14:37:52,922[m [32mINFO  [m[[1;34mhttp-nio-8080-exec-8[m] [36mValidateCountedFractionServiceImpl[m - Start method validateMaximumLimitFractionsV1
[30m2026-08-27T14:37:52,922[m [32mINFO  [m[[1;34mhttp-nio-8080-exec-8[m] [36mValidateCountedFractionServiceImpl[m - Start method validateQuantityFractionsV1, tradeId -> 1068536
[30m2026-08-27T14:37:52,922[m [32mINFO  [m[[1;34mhttp-nio-8080-exec-8[m] [36mValidateCountedFractionServiceImpl[m - Start method validateMaximumLimitFractionsV1
[30m2026-08-27T14:37:52,922[m [32mINFO  [m[[1;34mhttp-nio-8080-exec-8[m] [36mValidateCountedFractionServiceImpl[m - Start method validateQuantityFractionsV1, tradeId -> 1073561
[30m2026-08-27T14:37:52,922[m [32mINFO  [m[[1;34mhttp-nio-8080-exec-8[m] [36mValidateCountedFractionServiceImpl[m - Start method validateMaximumLimitFractionsV1
[30m2026-08-27T14:37:52,922[m [32mINFO  [m[[1;34mhttp-nio-8080-exec-8[m] [36mFractionationCountedServiceImpl[m - PERF_ASSIGNMENT_VALIDATION_BATCH batchId=c60586e6-7d99-49cf-8067-c5fcf4e03bd2 inputCount=50 validCount=50 invalidCount=0 uniqueTrades=50 uniqueSides=1 uniqueParticipants=1 titleAccountResolutionRequests=50 titleAccountUniqueBusinessKeys=1 settlementLookupRequests=50 settlementUniqueTradeSides=50 settlementRepositoryCalls=1 settlementRowsLoaded=0 settlementPrefetchMs=3 cudLookupRequests=0 cudUniqueTradeSides=0 cudUniqueBusinessKeys=0 cudRepositoryCalls=0 cudRowsLoaded=0 cudPrefetchMs=0 tradePrefetchMs=166 sidePrefetchMs=0 participantPrefetchMs=12 accountResolutionMs=15 accountPrefetchMs=10 businessValidationMs=7 totalMs=215
[30m2026-08-27T14:37:52,922[m [32mINFO  [m[[1;34mhttp-nio-8080-exec-8[m] [36mRestClientUtils[m - Client [POST] http://operaciones-fracciones-contado-back-service/operations-fractionation-api/v1/fractionation/batch
[30m2026-08-27T14:37:54,779[m [32mINFO  [m[[1;34mhttp-nio-8080-exec-8[m] [36mFractionationCountedServiceImpl[m - PERF_ASSIGNMENT_BATCH service=cmd batchId=c60586e6-7d99-49cf-8067-c5fcf4e03bd2 mode=RAW_VALIDATED configuredMaxBatchSize=80 receivedBatchSize=50 processedCount=50 successCount=50 failureCount=0 fractionationMs=1856 totalMs=1856
[30m2026-08-27T14:37:54,779[m [32mINFO  [m[[1;34mhttp-nio-8080-exec-8[m] [36mFractionationCountedServiceImpl[m - PERF_ASSIGNMENT_BATCH service=cmd batchId=c60586e6-7d99-49cf-8067-c5fcf4e03bd2 mode=RAW configuredMaxBatchSize=80 receivedBatchSize=50 validCount=50 invalidCount=0 sentToFractionationCount=50 successCount=50 failureCount=0 totalMs=2073
[30m2026-08-27T14:37:54,781[m [32mINFO  [m[[1;34mhttp-nio-8080-exec-8[m] [36mGlobalFilter[m - Request [POST /operations-cmd-api/v1/fractionation/counted-operation/batch] completed in 2080 ms with status 200
[30m2026-08-27T14:37:54,805[m [32mINFO  [m[[1;34mhttp-nio-8080-exec-9[m] [36mGlobalFilter[m - ----------- Client User: operaciones-orquestador-ext-back ----------
[30m2026-08-27T14:37:54,979[m [32mINFO  [m[[1;34mhttp-nio-8080-exec-9[m] [36mValidateCountedFractionServiceImpl[m - Start method validateAccountFractionAssignmentV1, accountNumber -> 4021801, tradeId -> 1068537, sideId -> 1, originId -> 122, isLocalCorrection -> false
[30m2026-08-27T14:37:54,979[m [32mINFO  [m[[1;34mhttp-nio-8080-exec-9[m] [36mValidateCountedFractionServiceImpl[m - Searching participant account assignment for accountNumber -> 4021801, participantId -> 15, depositoryId -> 1
[30m2026-08-27T14:37:54,981[m [32mINFO  [m[[1;34mhttp-nio-8080-exec-9[m] [36mValidateCountedFractionServiceImpl[m - No participant account found for accountNumber -> 4021801
[30m2026-08-27T14:37:54,992[m [32mINFO  [m[[1;34mhttp-nio-8080-exec-9[m] [36mValidateCountedFractionServiceImpl[m - End method validateAccountFractionAssignmentV1, fractionAccountOutDto -> FractionAccountOutDto(participantAccount=null, investorAccount=InvestorAccountOutDto(id=57, investor=InvestorOutDto(id=167, code=CL00000001, firstName=Prueba Nombre 1, lastName=Prueba Nombre 2, companyName=TERCERO3509748, type=TypeOutDto(id=2, description=JURIDICO, category=PERSONA), status=StatusOutDto(id=515, description=ACTIVO, category=INVERSIONISTA, shortName=null), country=CountryOutDto(id=35, code=CL, name=CHILE, currency=CurrencyOutDto(id=30, code=CLP, name=PESO CHILENO), timeZone=UTC -3), documentNumber=8605303170, identificationType=IdentificationTypeOutDto(id=5, description=CEDULA DE CIUDADANÍA, code=CC), nationality=35, clearinghouseCode=null, gics=null, moneyLaunderingFlag=null, taxStatus=null), accountNumber=4021801, accountName=AMBIENTE 3  PRUEBA 3, status=StatusOutDto(id=570, description=ACTIVO, category=CUENTA_INVERSIONISTA, shortName=null), originType=TypeOutDto(id=120, description=TERCEROS, category=ORIGEN PUNTA), type=TypeOutDto(id=26, description=CUENTA DEPOSITO, category=CUENTA DEPOSITO), depository=DepositoryOutDto(id=1, description=DVL), participant=null, taxExemp=false), sourceQuoteType=TypeOutDto(id=120, description=TERCEROS, category=ORIGEN PUNTA), fiduciarySpecialist=false, jointAccount=false, masterAccount=false, custodian=null, milaDirectDepositor=null)
[30m2026-08-27T14:37:55,010[m [32mINFO  [m[[1;34mhttp-nio-8080-exec-9[m] [36mValidateCountedFractionServiceImpl[m - Start method validateQuantityFractionsV1, tradeId -> 1068537
[30m2026-08-27T14:37:55,010[m [32mINFO  [m[[1;34mhttp-nio-8080-exec-9[m] [36mValidateCountedFractionServiceImpl[m - Start method validateMaximumLimitFractionsV1
[30m2026-08-27T14:37:55,011[m [32mINFO  [m[[1;34mhttp-nio-8080-exec-9[m] [36mValidateCountedFractionServiceImpl[m - Start method validateQuantityFractionsV1, tradeId -> 1076174
[30m2026-08-27T14:37:55,011[m [32mINFO  [m[[1;34mhttp-nio-8080-exec-9[m] [36mValidateCountedFractionServiceImpl[m - Start method validateMaximumLimitFractionsV1
[30m2026-08-27T14:37:55,011[m [32mINFO  [m[[1;34mhttp-nio-8080-exec-9[m] [36mValidateCountedFractionServiceImpl[m - Start method validateQuantityFractionsV1, tradeId -> 1076177
[30m2026-08-27T14:37:55,011[m [32mINFO  [m[[1;34mhttp-nio-8080-exec-9[m] [36mValidateCountedFractionServiceImpl[m - Start method validateMaximumLimitFractionsV1
[30m2026-08-27T14:37:55,011[m [32mINFO  [m[[1;34mhttp-nio-8080-exec-9[m] [36mValidateCountedFractionServiceImpl[m - Start method validateQuantityFractionsV1, tradeId -> 1075453
[30m2026-08-27T14:37:55,011[m [32mINFO  [m[[1;34mhttp-nio-8080-exec-9[m] [36mValidateCountedFractionServiceImpl[m - Start method validateMaximumLimitFractionsV1
[30m2026-08-27T14:37:55,011[m [32mINFO  [m[[1;34mhttp-nio-8080-exec-9[m] [36mValidateCountedFractionServiceImpl[m - Start method validateQuantityFractionsV1, tradeId -> 1068539
[30m2026-08-27T14:37:55,011[m [32mINFO  [m[[1;34mhttp-nio-8080-exec-9[m] [36mValidateCountedFractionServiceImpl[m - Start method validateMaximumLimitFractionsV1
[30m2026-08-27T14:37:55,011[m [32mINFO  [m[[1;34mhttp-nio-8080-exec-9[m] [36mValidateCountedFractionServiceImpl[m - Start method validateQuantityFractionsV1, tradeId -> 1073564
[30m2026-08-27T14:37:55,011[m [32mINFO  [m[[1;34mhttp-nio-8080-exec-9[m] [36mValidateCountedFractionServiceImpl[m - Start method validateMaximumLimitFractionsV1
[30m2026-08-27T14:37:55,011[m [32mINFO  [m[[1;34mhttp-nio-8080-exec-9[m] [36mValidateCountedFractionServiceImpl[m - Start method validateQuantityFractionsV1, tradeId -> 1075454
[30m2026-08-27T14:37:55,011[m [32mINFO  [m[[1;34mhttp-nio-8080-exec-9[m] [36mValidateCountedFractionServiceImpl[m - Start method validateMaximumLimitFractionsV1
[30m2026-08-27T14:37:55,011[m [32mINFO  [m[[1;34mhttp-nio-8080-exec-9[m] [36mValidateCountedFractionServiceImpl[m - Start method validateQuantityFractionsV1, tradeId -> 1073565
[30m2026-08-27T14:37:55,011[m [32mINFO  [m[[1;34mhttp-nio-8080-exec-9[m] [36mValidateCountedFractionServiceImpl[m - Start method validateMaximumLimitFractionsV1
[30m2026-08-27T14:37:55,011[m [32mINFO  [m[[1;34mhttp-nio-8080-exec-9[m] [36mValidateCountedFractionServiceImpl[m - Start method validateQuantityFractionsV1, tradeId -> 1073566
[30m2026-08-27T14:37:55,011[m [32mINFO  [m[[1;34mhttp-nio-8080-exec-9[m] [36mValidateCountedFractionServiceImpl[m - Start method validateMaximumLimitFractionsV1
[30m2026-08-27T14:37:55,011[m [32mINFO  [m[[1;34mhttp-nio-8080-exec-9[m] [36mValidateCountedFractionServiceImpl[m - Start method validateQuantityFractionsV1, tradeId -> 1075455
[30m2026-08-27T14:37:55,011[m [32mINFO  [m[[1;34mhttp-nio-8080-exec-9[m] [36mValidateCountedFractionServiceImpl[m - Start method validateMaximumLimitFractionsV1
[30m2026-08-27T14:37:55,011[m [32mINFO  [m[[1;34mhttp-nio-8080-exec-9[m] [36mValidateCountedFractionServiceImpl[m - Start method validateQuantityFractionsV1, tradeId -> 1076180
[30m2026-08-27T14:37:55,011[m [32mINFO  [m[[1;34mhttp-nio-8080-exec-9[m] [36mValidateCountedFractionServiceImpl[m - Start method validateMaximumLimitFractionsV1
[30m2026-08-27T14:37:55,011[m [32mINFO  [m[[1;34mhttp-nio-8080-exec-9[m] [36mValidateCountedFractionServiceImpl[m - Start method validateQuantityFractionsV1, tradeId -> 1074662
[30m2026-08-27T14:37:55,011[m [32mINFO  [m[[1;34mhttp-nio-8080-exec-9[m] [36mValidateCountedFractionServiceImpl[m - Start method validateMaximumLimitFractionsV1
[30m2026-08-27T14:37:55,011[m [32mINFO  [m[[1;34mhttp-nio-8080-exec-9[m] [36mValidateCountedFractionServiceImpl[m - Start method validateQuantityFractionsV1, tradeId -> 1073567
[30m2026-08-27T14:37:55,011[m [32mINFO  [m[[1;34mhttp-nio-8080-exec-9[m] [36mValidateCountedFractionServiceImpl[m - Start method validateMaximumLimitFractionsV1
[30m2026-08-27T14:37:55,011[m [32mINFO  [m[[1;34mhttp-nio-8080-exec-9[m] [36mValidateCountedFractionServiceImpl[m - Start method validateQuantityFractionsV1, tradeId -> 1068543
[30m2026-08-27T14:37:55,012[m [32mINFO  [m[[1;34mhttp-nio-8080-exec-9[m] [36mValidateCountedFractionServiceImpl[m - Start method validateMaximumLimitFractionsV1
[30m2026-08-27T14:37:55,012[m [32mINFO  [m[[1;34mhttp-nio-8080-exec-9[m] [36mValidateCountedFractionServiceImpl[m - Start method validateQuantityFractionsV1, tradeId -> 1076183
[30m2026-08-27T14:37:55,012[m [32mINFO  [m[[1;34mhttp-nio-8080-exec-9[m] [36mValidateCountedFractionServiceImpl[m - Start method validateMaximumLimitFractionsV1
[30m2026-08-27T14:37:55,012[m [32mINFO  [m[[1;34mhttp-nio-8080-exec-9[m] [36mValidateCountedFractionServiceImpl[m - Start method validateQuantityFractionsV1, tradeId -> 1075463
[30m2026-08-27T14:37:55,012[m [32mINFO  [m[[1;34mhttp-nio-8080-exec-9[m] [36mValidateCountedFractionServiceImpl[m - Start method validateMaximumLimitFractionsV1
[30m2026-08-27T14:37:55,012[m [32mINFO  [m[[1;34mhttp-nio-8080-exec-9[m] [36mValidateCountedFractionServiceImpl[m - Start method validateQuantityFractionsV1, tradeId -> 1075464
[30m2026-08-27T14:37:55,012[m [32mINFO  [m[[1;34mhttp-nio-8080-exec-9[m] [36mValidateCountedFractionServiceImpl[m - Start method validateMaximumLimitFractionsV1
[30m2026-08-27T14:37:55,012[m [32mINFO  [m[[1;34mhttp-nio-8080-exec-9[m] [36mValidateCountedFractionServiceImpl[m - Start method validateQuantityFractionsV1, tradeId -> 1076186
[30m2026-08-27T14:37:55,012[m [32mINFO  [m[[1;34mhttp-nio-8080-exec-9[m] [36mValidateCountedFractionServiceImpl[m - Start method validateMaximumLimitFractionsV1
[30m2026-08-27T14:37:55,012[m [32mINFO  [m[[1;34mhttp-nio-8080-exec-9[m] [36mValidateCountedFractionServiceImpl[m - Start method validateQuantityFractionsV1, tradeId -> 1073577
[30m2026-08-27T14:37:55,012[m [32mINFO  [m[[1;34mhttp-nio-8080-exec-9[m] [36mValidateCountedFractionServiceImpl[m - Start method validateMaximumLimitFractionsV1
[30m2026-08-27T14:37:55,012[m [32mINFO  [m[[1;34mhttp-nio-8080-exec-9[m] [36mValidateCountedFractionServiceImpl[m - Start method validateQuantityFractionsV1, tradeId -> 1075468
[30m2026-08-27T14:37:55,012[m [32mINFO  [m[[1;34mhttp-nio-8080-exec-9[m] [36mValidateCountedFractionServiceImpl[m - Start method validateMaximumLimitFractionsV1
[30m2026-08-27T14:37:55,013[m [32mINFO  [m[[1;34mhttp-nio-8080-exec-9[m] [36mValidateCountedFractionServiceImpl[m - Start method validateQuantityFractionsV1, tradeId -> 1073578
[30m2026-08-27T14:37:55,013[m [32mINFO  [m[[1;34mhttp-nio-8080-exec-9[m] [36mValidateCountedFractionServiceImpl[m - Start method validateMaximumLimitFractionsV1
[30m2026-08-27T14:37:55,013[m [32mINFO  [m[[1;34mhttp-nio-8080-exec-9[m] [36mValidateCountedFractionServiceImpl[m - Start method validateQuantityFractionsV1, tradeId -> 1075469
[30m2026-08-27T14:37:55,013[m [32mINFO  [m[[1;34mhttp-nio-8080-exec-9[m] [36mValidateCountedFractionServiceImpl[m - Start method validateMaximumLimitFractionsV1
[30m2026-08-27T14:37:55,013[m [32mINFO  [m[[1;34mhttp-nio-8080-exec-9[m] [36mValidateCountedFractionServiceImpl[m - Start method validateQuantityFractionsV1, tradeId -> 1074667
[30m2026-08-27T14:37:55,013[m [32mINFO  [m[[1;34mhttp-nio-8080-exec-9[m] [36mValidateCountedFractionServiceImpl[m - Start method validateMaximumLimitFractionsV1
[30m2026-08-27T14:37:55,013[m [32mINFO  [m[[1;34mhttp-nio-8080-exec-9[m] [36mValidateCountedFractionServiceImpl[m - Start method validateQuantityFractionsV1, tradeId -> 1073579
[30m2026-08-27T14:37:55,013[m [32mINFO  [m[[1;34mhttp-nio-8080-exec-9[m] [36mValidateCountedFractionServiceImpl[m - Start method validateMaximumLimitFractionsV1
[30m2026-08-27T14:37:55,013[m [32mINFO  [m[[1;34mhttp-nio-8080-exec-9[m] [36mValidateCountedFractionServiceImpl[m - Start method validateQuantityFractionsV1, tradeId -> 1075470
[30m2026-08-27T14:37:55,013[m [32mINFO  [m[[1;34mhttp-nio-8080-exec-9[m] [36mValidateCountedFractionServiceImpl[m - Start method validateMaximumLimitFractionsV1
[30m2026-08-27T14:37:55,013[m [32mINFO  [m[[1;34mhttp-nio-8080-exec-9[m] [36mValidateCountedFractionServiceImpl[m - Start method validateQuantityFractionsV1, tradeId -> 1074668
[30m2026-08-27T14:37:55,013[m [32mINFO  [m[[1;34mhttp-nio-8080-exec-9[m] [36mValidateCountedFractionServiceImpl[m - Start method validateMaximumLimitFractionsV1
[30m2026-08-27T14:37:55,013[m [32mINFO  [m[[1;34mhttp-nio-8080-exec-9[m] [36mValidateCountedFractionServiceImpl[m - Start method validateQuantityFractionsV1, tradeId -> 1076189
[30m2026-08-27T14:37:55,013[m [32mINFO  [m[[1;34mhttp-nio-8080-exec-9[m] [36mValidateCountedFractionServiceImpl[m - Start method validateMaximumLimitFractionsV1
[30m2026-08-27T14:37:55,013[m [32mINFO  [m[[1;34mhttp-nio-8080-exec-9[m] [36mValidateCountedFractionServiceImpl[m - Start method validateQuantityFractionsV1, tradeId -> 1076192
[30m2026-08-27T14:37:55,014[m [32mINFO  [m[[1;34mhttp-nio-8080-exec-9[m] [36mValidateCountedFractionServiceImpl[m - Start method validateMaximumLimitFractionsV1
[30m2026-08-27T14:37:55,014[m [32mINFO  [m[[1;34mhttp-nio-8080-exec-9[m] [36mValidateCountedFractionServiceImpl[m - Start method validateQuantityFractionsV1, tradeId -> 1068553
[30m2026-08-27T14:37:55,014[m [32mINFO  [m[[1;34mhttp-nio-8080-exec-9[m] [36mValidateCountedFractionServiceImpl[m - Start method validateMaximumLimitFractionsV1
[30m2026-08-27T14:37:55,014[m [32mINFO  [m[[1;34mhttp-nio-8080-exec-9[m] [36mValidateCountedFractionServiceImpl[m - Start method validateQuantityFractionsV1, tradeId -> 1074673
[30m2026-08-27T14:37:55,014[m [32mINFO  [m[[1;34mhttp-nio-8080-exec-9[m] [36mValidateCountedFractionServiceImpl[m - Start method validateMaximumLimitFractionsV1
[30m2026-08-27T14:37:55,014[m [32mINFO  [m[[1;34mhttp-nio-8080-exec-9[m] [36mValidateCountedFractionServiceImpl[m - Start method validateQuantityFractionsV1, tradeId -> 1075472
[30m2026-08-27T14:37:55,014[m [32mINFO  [m[[1;34mhttp-nio-8080-exec-9[m] [36mValidateCountedFractionServiceImpl[m - Start method validateMaximumLimitFractionsV1
[30m2026-08-27T14:37:55,014[m [32mINFO  [m[[1;34mhttp-nio-8080-exec-9[m] [36mValidateCountedFractionServiceImpl[m - Start method validateQuantityFractionsV1, tradeId -> 1075473
[30m2026-08-27T14:37:55,014[m [32mINFO  [m[[1;34mhttp-nio-8080-exec-9[m] [36mValidateCountedFractionServiceImpl[m - Start method validateMaximumLimitFractionsV1
[30m2026-08-27T14:37:55,014[m [32mINFO  [m[[1;34mhttp-nio-8080-exec-9[m] [36mValidateCountedFractionServiceImpl[m - Start method validateQuantityFractionsV1, tradeId -> 1075474
[30m2026-08-27T14:37:55,014[m [32mINFO  [m[[1;34mhttp-nio-8080-exec-9[m] [36mValidateCountedFractionServiceImpl[m - Start method validateMaximumLimitFractionsV1
[30m2026-08-27T14:37:55,014[m [32mINFO  [m[[1;34mhttp-nio-8080-exec-9[m] [36mValidateCountedFractionServiceImpl[m - Start method validateQuantityFractionsV1, tradeId -> 1073583
[30m2026-08-27T14:37:55,014[m [32mINFO  [m[[1;34mhttp-nio-8080-exec-9[m] [36mValidateCountedFractionServiceImpl[m - Start method validateMaximumLimitFractionsV1
[30m2026-08-27T14:37:55,014[m [32mINFO  [m[[1;34mhttp-nio-8080-exec-9[m] [36mValidateCountedFractionServiceImpl[m - Start method validateQuantityFractionsV1, tradeId -> 1074674
[30m2026-08-27T14:37:55,014[m [32mINFO  [m[[1;34mhttp-nio-8080-exec-9[m] [36mValidateCountedFractionServiceImpl[m - Start method validateMaximumLimitFractionsV1
[30m2026-08-27T14:37:55,014[m [32mINFO  [m[[1;34mhttp-nio-8080-exec-9[m] [36mValidateCountedFractionServiceImpl[m - Start method validateQuantityFractionsV1, tradeId -> 1068554
[30m2026-08-27T14:37:55,014[m [32mINFO  [m[[1;34mhttp-nio-8080-exec-9[m] [36mValidateCountedFractionServiceImpl[m - Start method validateMaximumLimitFractionsV1
[30m2026-08-27T14:37:55,015[m [32mINFO  [m[[1;34mhttp-nio-8080-exec-9[m] [36mValidateCountedFractionServiceImpl[m - Start method validateQuantityFractionsV1, tradeId -> 1076195
[30m2026-08-27T14:37:55,015[m [32mINFO  [m[[1;34mhttp-nio-8080-exec-9[m] [36mValidateCountedFractionServiceImpl[m - Start method validateMaximumLimitFractionsV1
[30m2026-08-27T14:37:55,015[m [32mINFO  [m[[1;34mhttp-nio-8080-exec-9[m] [36mValidateCountedFractionServiceImpl[m - Start method validateQuantityFractionsV1, tradeId -> 1068556
[30m2026-08-27T14:37:55,015[m [32mINFO  [m[[1;34mhttp-nio-8080-exec-9[m] [36mValidateCountedFractionServiceImpl[m - Start method validateMaximumLimitFractionsV1
[30m2026-08-27T14:37:55,015[m [32mINFO  [m[[1;34mhttp-nio-8080-exec-9[m] [36mValidateCountedFractionServiceImpl[m - Start method validateQuantityFractionsV1, tradeId -> 1073587
[30m2026-08-27T14:37:55,015[m [32mINFO  [m[[1;34mhttp-nio-8080-exec-9[m] [36mValidateCountedFractionServiceImpl[m - Start method validateMaximumLimitFractionsV1
[30m2026-08-27T14:37:55,015[m [32mINFO  [m[[1;34mhttp-nio-8080-exec-9[m] [36mValidateCountedFractionServiceImpl[m - Start method validateQuantityFractionsV1, tradeId -> 1068557
[30m2026-08-27T14:37:55,015[m [32mINFO  [m[[1;34mhttp-nio-8080-exec-9[m] [36mValidateCountedFractionServiceImpl[m - Start method validateMaximumLimitFractionsV1
[30m2026-08-27T14:37:55,015[m [32mINFO  [m[[1;34mhttp-nio-8080-exec-9[m] [36mValidateCountedFractionServiceImpl[m - Start method validateQuantityFractionsV1, tradeId -> 1075476
[30m2026-08-27T14:37:55,015[m [32mINFO  [m[[1;34mhttp-nio-8080-exec-9[m] [36mValidateCountedFractionServiceImpl[m - Start method validateMaximumLimitFractionsV1
[30m2026-08-27T14:37:55,015[m [32mINFO  [m[[1;34mhttp-nio-8080-exec-9[m] [36mValidateCountedFractionServiceImpl[m - Start method validateQuantityFractionsV1, tradeId -> 1076197
[30m2026-08-27T14:37:55,015[m [32mINFO  [m[[1;34mhttp-nio-8080-exec-9[m] [36mValidateCountedFractionServiceImpl[m - Start method validateMaximumLimitFractionsV1
[30m2026-08-27T14:37:55,015[m [32mINFO  [m[[1;34mhttp-nio-8080-exec-9[m] [36mValidateCountedFractionServiceImpl[m - Start method validateQuantityFractionsV1, tradeId -> 1076200
[30m2026-08-27T14:37:55,015[m [32mINFO  [m[[1;34mhttp-nio-8080-exec-9[m] [36mValidateCountedFractionServiceImpl[m - Start method validateMaximumLimitFractionsV1
[30m2026-08-27T14:37:55,015[m [32mINFO  [m[[1;34mhttp-nio-8080-exec-9[m] [36mValidateCountedFractionServiceImpl[m - Start method validateQuantityFractionsV1, tradeId -> 1076202
[30m2026-08-27T14:37:55,015[m [32mINFO  [m[[1;34mhttp-nio-8080-exec-9[m] [36mValidateCountedFractionServiceImpl[m - Start method validateMaximumLimitFractionsV1
[30m2026-08-27T14:37:55,015[m [32mINFO  [m[[1;34mhttp-nio-8080-exec-9[m] [36mValidateCountedFractionServiceImpl[m - Start method validateQuantityFractionsV1, tradeId -> 1074692
[30m2026-08-27T14:37:55,015[m [32mINFO  [m[[1;34mhttp-nio-8080-exec-9[m] [36mValidateCountedFractionServiceImpl[m - Start method validateMaximumLimitFractionsV1
[30m2026-08-27T14:37:55,015[m [32mINFO  [m[[1;34mhttp-nio-8080-exec-9[m] [36mValidateCountedFractionServiceImpl[m - Start method validateQuantityFractionsV1, tradeId -> 1073603
[30m2026-08-27T14:37:55,015[m [32mINFO  [m[[1;34mhttp-nio-8080-exec-9[m] [36mValidateCountedFractionServiceImpl[m - Start method validateMaximumLimitFractionsV1
[30m2026-08-27T14:37:55,015[m [32mINFO  [m[[1;34mhttp-nio-8080-exec-9[m] [36mValidateCountedFractionServiceImpl[m - Start method validateQuantityFractionsV1, tradeId -> 1074693
[30m2026-08-27T14:37:55,015[m [32mINFO  [m[[1;34mhttp-nio-8080-exec-9[m] [36mValidateCountedFractionServiceImpl[m - Start method validateMaximumLimitFractionsV1
[30m2026-08-27T14:37:55,015[m [32mINFO  [m[[1;34mhttp-nio-8080-exec-9[m] [36mValidateCountedFractionServiceImpl[m - Start method validateQuantityFractionsV1, tradeId -> 1074694
[30m2026-08-27T14:37:55,015[m [32mINFO  [m[[1;34mhttp-nio-8080-exec-9[m] [36mValidateCountedFractionServiceImpl[m - Start method validateMaximumLimitFractionsV1
[30m2026-08-27T14:37:55,015[m [32mINFO  [m[[1;34mhttp-nio-8080-exec-9[m] [36mValidateCountedFractionServiceImpl[m - Start method validateQuantityFractionsV1, tradeId -> 1074695
[30m2026-08-27T14:37:55,015[m [32mINFO  [m[[1;34mhttp-nio-8080-exec-9[m] [36mValidateCountedFractionServiceImpl[m - Start method validateMaximumLimitFractionsV1
[30m2026-08-27T14:37:55,015[m [32mINFO  [m[[1;34mhttp-nio-8080-exec-9[m] [36mValidateCountedFractionServiceImpl[m - Start method validateQuantityFractionsV1, tradeId -> 1073604
[30m2026-08-27T14:37:55,015[m [32mINFO  [m[[1;34mhttp-nio-8080-exec-9[m] [36mValidateCountedFractionServiceImpl[m - Start method validateMaximumLimitFractionsV1
[30m2026-08-27T14:37:55,015[m [32mINFO  [m[[1;34mhttp-nio-8080-exec-9[m] [36mFractionationCountedServiceImpl[m - PERF_ASSIGNMENT_VALIDATION_BATCH batchId=a9c8deff-e7e7-46a7-9380-ba250aca64de inputCount=50 validCount=50 invalidCount=0 uniqueTrades=50 uniqueSides=1 uniqueParticipants=1 titleAccountResolutionRequests=50 titleAccountUniqueBusinessKeys=1 settlementLookupRequests=50 settlementUniqueTradeSides=50 settlementRepositoryCalls=1 settlementRowsLoaded=0 settlementPrefetchMs=3 cudLookupRequests=0 cudUniqueTradeSides=0 cudUniqueBusinessKeys=0 cudRepositoryCalls=0 cudRowsLoaded=0 cudPrefetchMs=0 tradePrefetchMs=156 sidePrefetchMs=0 participantPrefetchMs=13 accountResolutionMs=13 accountPrefetchMs=10 businessValidationMs=8 totalMs=206
[30m2026-08-27T14:37:55,016[m [32mINFO  [m[[1;34mhttp-nio-8080-exec-9[m] [36mRestClientUtils[m - Client [POST] http://operaciones-fracciones-contado-back-service/operations-fractionation-api/v1/fractionation/batch
[30m2026-08-27T14:37:56,877[m [32mINFO  [m[[1;34mhttp-nio-8080-exec-9[m] [36mFractionationCountedServiceImpl[m - PERF_ASSIGNMENT_BATCH service=cmd batchId=a9c8deff-e7e7-46a7-9380-ba250aca64de mode=RAW_VALIDATED configuredMaxBatchSize=80 receivedBatchSize=50 processedCount=50 successCount=50 failureCount=0 fractionationMs=1861 totalMs=1861
[30m2026-08-27T14:37:56,877[m [32mINFO  [m[[1;34mhttp-nio-8080-exec-9[m] [36mFractionationCountedServiceImpl[m - PERF_ASSIGNMENT_BATCH service=cmd batchId=a9c8deff-e7e7-46a7-9380-ba250aca64de mode=RAW configuredMaxBatchSize=80 receivedBatchSize=50 validCount=50 invalidCount=0 sentToFractionationCount=50 successCount=50 failureCount=0 totalMs=2068
[30m2026-08-27T14:37:56,879[m [32mINFO  [m[[1;34mhttp-nio-8080-exec-9[m] [36mGlobalFilter[m - Request [POST /operations-cmd-api/v1/fractionation/counted-operation/batch] completed in 2074 ms with status 200
[30m2026-08-27T14:37:56,903[m [32mINFO  [m[[1;34mhttp-nio-8080-exec-10[m] [36mGlobalFilter[m - ----------- Client User: operaciones-orquestador-ext-back ----------
[30m2026-08-27T14:37:57,102[m [32mINFO  [m[[1;34mhttp-nio-8080-exec-10[m] [36mValidateCountedFractionServiceImpl[m - Start method validateAccountFractionAssignmentV1, accountNumber -> 4021801, tradeId -> 1075486, sideId -> 1, originId -> 122, isLocalCorrection -> false
[30m2026-08-27T14:37:57,103[m [32mINFO  [m[[1;34mhttp-nio-8080-exec-10[m] [36mValidateCountedFractionServiceImpl[m - Searching participant account assignment for accountNumber -> 4021801, participantId -> 15, depositoryId -> 1
[30m2026-08-27T14:37:57,105[m [32mINFO  [m[[1;34mhttp-nio-8080-exec-10[m] [36mValidateCountedFractionServiceImpl[m - No participant account found for accountNumber -> 4021801
[30m2026-08-27T14:37:57,122[m [32mINFO  [m[[1;34mhttp-nio-8080-exec-10[m] [36mValidateCountedFractionServiceImpl[m - End method validateAccountFractionAssignmentV1, fractionAccountOutDto -> FractionAccountOutDto(participantAccount=null, investorAccount=InvestorAccountOutDto(id=57, investor=InvestorOutDto(id=167, code=CL00000001, firstName=Prueba Nombre 1, lastName=Prueba Nombre 2, companyName=TERCERO3509748, type=TypeOutDto(id=2, description=JURIDICO, category=PERSONA), status=StatusOutDto(id=515, description=ACTIVO, category=INVERSIONISTA, shortName=null), country=CountryOutDto(id=35, code=CL, name=CHILE, currency=CurrencyOutDto(id=30, code=CLP, name=PESO CHILENO), timeZone=UTC -3), documentNumber=8605303170, identificationType=IdentificationTypeOutDto(id=5, description=CEDULA DE CIUDADANÍA, code=CC), nationality=35, clearinghouseCode=null, gics=null, moneyLaunderingFlag=null, taxStatus=null), accountNumber=4021801, accountName=AMBIENTE 3  PRUEBA 3, status=StatusOutDto(id=570, description=ACTIVO, category=CUENTA_INVERSIONISTA, shortName=null), originType=TypeOutDto(id=120, description=TERCEROS, category=ORIGEN PUNTA), type=TypeOutDto(id=26, description=CUENTA DEPOSITO, category=CUENTA DEPOSITO), depository=DepositoryOutDto(id=1, description=DVL), participant=null, taxExemp=false), sourceQuoteType=TypeOutDto(id=120, description=TERCEROS, category=ORIGEN PUNTA), fiduciarySpecialist=false, jointAccount=false, masterAccount=false, custodian=null, milaDirectDepositor=null)
[30m2026-08-27T14:37:57,140[m [32mINFO  [m[[1;34mhttp-nio-8080-exec-10[m] [36mValidateCountedFractionServiceImpl[m - Start method validateQuantityFractionsV1, tradeId -> 1075486
[30m2026-08-27T14:37:57,140[m [32mINFO  [m[[1;34mhttp-nio-8080-exec-10[m] [36mValidateCountedFractionServiceImpl[m - Start method validateMaximumLimitFractionsV1
[30m2026-08-27T14:37:57,140[m [32mINFO  [m[[1;34mhttp-nio-8080-exec-10[m] [36mValidateCountedFractionServiceImpl[m - Start method validateQuantityFractionsV1, tradeId -> 1076205
[30m2026-08-27T14:37:57,141[m [32mINFO  [m[[1;34mhttp-nio-8080-exec-10[m] [36mValidateCountedFractionServiceImpl[m - Start method validateMaximumLimitFractionsV1
[30m2026-08-27T14:37:57,141[m [32mINFO  [m[[1;34mhttp-nio-8080-exec-10[m] [36mValidateCountedFractionServiceImpl[m - Start method validateQuantityFractionsV1, tradeId -> 1075488
[30m2026-08-27T14:37:57,141[m [32mINFO  [m[[1;34mhttp-nio-8080-exec-10[m] [36mValidateCountedFractionServiceImpl[m - Start method validateMaximumLimitFractionsV1
[30m2026-08-27T14:37:57,141[m [32mINFO  [m[[1;34mhttp-nio-8080-exec-10[m] [36mValidateCountedFractionServiceImpl[m - Start method validateQuantityFractionsV1, tradeId -> 1073607
[30m2026-08-27T14:37:57,141[m [32mINFO  [m[[1;34mhttp-nio-8080-exec-10[m] [36mValidateCountedFractionServiceImpl[m - Start method validateMaximumLimitFractionsV1
[30m2026-08-27T14:37:57,141[m [32mINFO  [m[[1;34mhttp-nio-8080-exec-10[m] [36mValidateCountedFractionServiceImpl[m - Start method validateQuantityFractionsV1, tradeId -> 1076208
[30m2026-08-27T14:37:57,141[m [32mINFO  [m[[1;34mhttp-nio-8080-exec-10[m] [36mValidateCountedFractionServiceImpl[m - Start method validateMaximumLimitFractionsV1
[30m2026-08-27T14:37:57,141[m [32mINFO  [m[[1;34mhttp-nio-8080-exec-10[m] [36mValidateCountedFractionServiceImpl[m - Start method validateQuantityFractionsV1, tradeId -> 1075490
[30m2026-08-27T14:37:57,141[m [32mINFO  [m[[1;34mhttp-nio-8080-exec-10[m] [36mValidateCountedFractionServiceImpl[m - Start method validateMaximumLimitFractionsV1
[30m2026-08-27T14:37:57,141[m [32mINFO  [m[[1;34mhttp-nio-8080-exec-10[m] [36mValidateCountedFractionServiceImpl[m - Start method validateQuantityFractionsV1, tradeId -> 1076211
[30m2026-08-27T14:37:57,141[m [32mINFO  [m[[1;34mhttp-nio-8080-exec-10[m] [36mValidateCountedFractionServiceImpl[m - Start method validateMaximumLimitFractionsV1
[30m2026-08-27T14:37:57,141[m [32mINFO  [m[[1;34mhttp-nio-8080-exec-10[m] [36mValidateCountedFractionServiceImpl[m - Start method validateQuantityFractionsV1, tradeId -> 1074700
[30m2026-08-27T14:37:57,141[m [32mINFO  [m[[1;34mhttp-nio-8080-exec-10[m] [36mValidateCountedFractionServiceImpl[m - Start method validateMaximumLimitFractionsV1
[30m2026-08-27T14:37:57,142[m [32mINFO  [m[[1;34mhttp-nio-8080-exec-10[m] [36mValidateCountedFractionServiceImpl[m - Start method validateQuantityFractionsV1, tradeId -> 1073612
[30m2026-08-27T14:37:57,142[m [32mINFO  [m[[1;34mhttp-nio-8080-exec-10[m] [36mValidateCountedFractionServiceImpl[m - Start method validateMaximumLimitFractionsV1
[30m2026-08-27T14:37:57,142[m [32mINFO  [m[[1;34mhttp-nio-8080-exec-10[m] [36mValidateCountedFractionServiceImpl[m - Start method validateQuantityFractionsV1, tradeId -> 1076214
[30m2026-08-27T14:37:57,142[m [32mINFO  [m[[1;34mhttp-nio-8080-exec-10[m] [36mValidateCountedFractionServiceImpl[m - Start method validateMaximumLimitFractionsV1
[30m2026-08-27T14:37:57,142[m [32mINFO  [m[[1;34mhttp-nio-8080-exec-10[m] [36mValidateCountedFractionServiceImpl[m - Start method validateQuantityFractionsV1, tradeId -> 1075492
[30m2026-08-27T14:37:57,142[m [32mINFO  [m[[1;34mhttp-nio-8080-exec-10[m] [36mValidateCountedFractionServiceImpl[m - Start method validateMaximumLimitFractionsV1
[30m2026-08-27T14:37:57,142[m [32mINFO  [m[[1;34mhttp-nio-8080-exec-10[m] [36mValidateCountedFractionServiceImpl[m - Start method validateQuantityFractionsV1, tradeId -> 1074702
[30m2026-08-27T14:37:57,142[m [32mINFO  [m[[1;34mhttp-nio-8080-exec-10[m] [36mValidateCountedFractionServiceImpl[m - Start method validateMaximumLimitFractionsV1
[30m2026-08-27T14:37:57,142[m [32mINFO  [m[[1;34mhttp-nio-8080-exec-10[m] [36mValidateCountedFractionServiceImpl[m - Start method validateQuantityFractionsV1, tradeId -> 1075493
[30m2026-08-27T14:37:57,142[m [32mINFO  [m[[1;34mhttp-nio-8080-exec-10[m] [36mValidateCountedFractionServiceImpl[m - Start method validateMaximumLimitFractionsV1
[30m2026-08-27T14:37:57,142[m [32mINFO  [m[[1;34mhttp-nio-8080-exec-10[m] [36mValidateCountedFractionServiceImpl[m - Start method validateQuantityFractionsV1, tradeId -> 1068579
[30m2026-08-27T14:37:57,142[m [32mINFO  [m[[1;34mhttp-nio-8080-exec-10[m] [36mValidateCountedFractionServiceImpl[m - Start method validateMaximumLimitFractionsV1
[30m2026-08-27T14:37:57,145[m [32mINFO  [m[[1;34mhttp-nio-8080-exec-10[m] [36mValidateCountedFractionServiceImpl[m - Start method validateQuantityFractionsV1, tradeId -> 1075494
[30m2026-08-27T14:37:57,145[m [32mINFO  [m[[1;34mhttp-nio-8080-exec-10[m] [36mValidateCountedFractionServiceImpl[m - Start method validateMaximumLimitFractionsV1
[30m2026-08-27T14:37:57,145[m [32mINFO  [m[[1;34mhttp-nio-8080-exec-10[m] [36mValidateCountedFractionServiceImpl[m - Start method validateQuantityFractionsV1, tradeId -> 1073617
[30m2026-08-27T14:37:57,145[m [32mINFO  [m[[1;34mhttp-nio-8080-exec-10[m] [36mValidateCountedFractionServiceImpl[m - Start method validateMaximumLimitFractionsV1
[30m2026-08-27T14:37:57,145[m [32mINFO  [m[[1;34mhttp-nio-8080-exec-10[m] [36mValidateCountedFractionServiceImpl[m - Start method validateQuantityFractionsV1, tradeId -> 1076217
[30m2026-08-27T14:37:57,145[m [32mINFO  [m[[1;34mhttp-nio-8080-exec-10[m] [36mValidateCountedFractionServiceImpl[m - Start method validateMaximumLimitFractionsV1
[30m2026-08-27T14:37:57,145[m [32mINFO  [m[[1;34mhttp-nio-8080-exec-10[m] [36mValidateCountedFractionServiceImpl[m - Start method validateQuantityFractionsV1, tradeId -> 1073621
[30m2026-08-27T14:37:57,146[m [32mINFO  [m[[1;34mhttp-nio-8080-exec-10[m] [36mValidateCountedFractionServiceImpl[m - Start method validateMaximumLimitFractionsV1
[30m2026-08-27T14:37:57,146[m [32mINFO  [m[[1;34mhttp-nio-8080-exec-10[m] [36mValidateCountedFractionServiceImpl[m - Start method validateQuantityFractionsV1, tradeId -> 1074705
[30m2026-08-27T14:37:57,146[m [32mINFO  [m[[1;34mhttp-nio-8080-exec-10[m] [36mValidateCountedFractionServiceImpl[m - Start method validateMaximumLimitFractionsV1
[30m2026-08-27T14:37:57,146[m [32mINFO  [m[[1;34mhttp-nio-8080-exec-10[m] [36mValidateCountedFractionServiceImpl[m - Start method validateQuantityFractionsV1, tradeId -> 1068582
[30m2026-08-27T14:37:57,146[m [32mINFO  [m[[1;34mhttp-nio-8080-exec-10[m] [36mValidateCountedFractionServiceImpl[m - Start method validateMaximumLimitFractionsV1
[30m2026-08-27T14:37:57,146[m [32mINFO  [m[[1;34mhttp-nio-8080-exec-10[m] [36mValidateCountedFractionServiceImpl[m - Start method validateQuantityFractionsV1, tradeId -> 1076220
[30m2026-08-27T14:37:57,146[m [32mINFO  [m[[1;34mhttp-nio-8080-exec-10[m] [36mValidateCountedFractionServiceImpl[m - Start method validateMaximumLimitFractionsV1
[30m2026-08-27T14:37:57,146[m [32mINFO  [m[[1;34mhttp-nio-8080-exec-10[m] [36mValidateCountedFractionServiceImpl[m - Start method validateQuantityFractionsV1, tradeId -> 1076223
[30m2026-08-27T14:37:57,146[m [32mINFO  [m[[1;34mhttp-nio-8080-exec-10[m] [36mValidateCountedFractionServiceImpl[m - Start method validateMaximumLimitFractionsV1
[30m2026-08-27T14:37:57,146[m [32mINFO  [m[[1;34mhttp-nio-8080-exec-10[m] [36mValidateCountedFractionServiceImpl[m - Start method validateQuantityFractionsV1, tradeId -> 1068586
[30m2026-08-27T14:37:57,146[m [32mINFO  [m[[1;34mhttp-nio-8080-exec-10[m] [36mValidateCountedFractionServiceImpl[m - Start method validateMaximumLimitFractionsV1
[30m2026-08-27T14:37:57,146[m [32mINFO  [m[[1;34mhttp-nio-8080-exec-10[m] [36mValidateCountedFractionServiceImpl[m - Start method validateQuantityFractionsV1, tradeId -> 1076226
[30m2026-08-27T14:37:57,146[m [32mINFO  [m[[1;34mhttp-nio-8080-exec-10[m] [36mValidateCountedFractionServiceImpl[m - Start method validateMaximumLimitFractionsV1
[30m2026-08-27T14:37:57,146[m [32mINFO  [m[[1;34mhttp-nio-8080-exec-10[m] [36mValidateCountedFractionServiceImpl[m - Start method validateQuantityFractionsV1, tradeId -> 1068588
[30m2026-08-27T14:37:57,147[m [32mINFO  [m[[1;34mhttp-nio-8080-exec-10[m] [36mValidateCountedFractionServiceImpl[m - Start method validateMaximumLimitFractionsV1
[30m2026-08-27T14:37:57,147[m [32mINFO  [m[[1;34mhttp-nio-8080-exec-10[m] [36mValidateCountedFractionServiceImpl[m - Start method validateQuantityFractionsV1, tradeId -> 1075502
[30m2026-08-27T14:37:57,147[m [32mINFO  [m[[1;34mhttp-nio-8080-exec-10[m] [36mValidateCountedFractionServiceImpl[m - Start method validateMaximumLimitFractionsV1
[30m2026-08-27T14:37:57,147[m [32mINFO  [m[[1;34mhttp-nio-8080-exec-10[m] [36mValidateCountedFractionServiceImpl[m - Start method validateQuantityFractionsV1, tradeId -> 1068589
[30m2026-08-27T14:37:57,147[m [32mINFO  [m[[1;34mhttp-nio-8080-exec-10[m] [36mValidateCountedFractionServiceImpl[m - Start method validateMaximumLimitFractionsV1
[30m2026-08-27T14:37:57,147[m [32mINFO  [m[[1;34mhttp-nio-8080-exec-10[m] [36mValidateCountedFractionServiceImpl[m - Start method validateQuantityFractionsV1, tradeId -> 1073629
[30m2026-08-27T14:37:57,147[m [32mINFO  [m[[1;34mhttp-nio-8080-exec-10[m] [36mValidateCountedFractionServiceImpl[m - Start method validateMaximumLimitFractionsV1
[30m2026-08-27T14:37:57,147[m [32mINFO  [m[[1;34mhttp-nio-8080-exec-10[m] [36mValidateCountedFractionServiceImpl[m - Start method validateQuantityFractionsV1, tradeId -> 1068590
[30m2026-08-27T14:37:57,147[m [32mINFO  [m[[1;34mhttp-nio-8080-exec-10[m] [36mValidateCountedFractionServiceImpl[m - Start method validateMaximumLimitFractionsV1
[30m2026-08-27T14:37:57,147[m [32mINFO  [m[[1;34mhttp-nio-8080-exec-10[m] [36mValidateCountedFractionServiceImpl[m - Start method validateQuantityFractionsV1, tradeId -> 1074711
[30m2026-08-27T14:37:57,147[m [32mINFO  [m[[1;34mhttp-nio-8080-exec-10[m] [36mValidateCountedFractionServiceImpl[m - Start method validateMaximumLimitFractionsV1
[30m2026-08-27T14:37:57,147[m [32mINFO  [m[[1;34mhttp-nio-8080-exec-10[m] [36mValidateCountedFractionServiceImpl[m - Start method validateQuantityFractionsV1, tradeId -> 1068591
[30m2026-08-27T14:37:57,147[m [32mINFO  [m[[1;34mhttp-nio-8080-exec-10[m] [36mValidateCountedFractionServiceImpl[m - Start method validateMaximumLimitFractionsV1
[30m2026-08-27T14:37:57,147[m [32mINFO  [m[[1;34mhttp-nio-8080-exec-10[m] [36mValidateCountedFractionServiceImpl[m - Start method validateQuantityFractionsV1, tradeId -> 1075503
[30m2026-08-27T14:37:57,147[m [32mINFO  [m[[1;34mhttp-nio-8080-exec-10[m] [36mValidateCountedFractionServiceImpl[m - Start method validateMaximumLimitFractionsV1
[30m2026-08-27T14:37:57,147[m [32mINFO  [m[[1;34mhttp-nio-8080-exec-10[m] [36mValidateCountedFractionServiceImpl[m - Start method validateQuantityFractionsV1, tradeId -> 1073630
[30m2026-08-27T14:37:57,147[m [32mINFO  [m[[1;34mhttp-nio-8080-exec-10[m] [36mValidateCountedFractionServiceImpl[m - Start method validateMaximumLimitFractionsV1
[30m2026-08-27T14:37:57,147[m [32mINFO  [m[[1;34mhttp-nio-8080-exec-10[m] [36mValidateCountedFractionServiceImpl[m - Start method validateQuantityFractionsV1, tradeId -> 1076229
[30m2026-08-27T14:37:57,147[m [32mINFO  [m[[1;34mhttp-nio-8080-exec-10[m] [36mValidateCountedFractionServiceImpl[m - Start method validateMaximumLimitFractionsV1
[30m2026-08-27T14:37:57,147[m [32mINFO  [m[[1;34mhttp-nio-8080-exec-10[m] [36mValidateCountedFractionServiceImpl[m - Start method validateQuantityFractionsV1, tradeId -> 1076232
[30m2026-08-27T14:37:57,147[m [32mINFO  [m[[1;34mhttp-nio-8080-exec-10[m] [36mValidateCountedFractionServiceImpl[m - Start method validateMaximumLimitFractionsV1
[30m2026-08-27T14:37:57,147[m [32mINFO  [m[[1;34mhttp-nio-8080-exec-10[m] [36mValidateCountedFractionServiceImpl[m - Start method validateQuantityFractionsV1, tradeId -> 1076235
[30m2026-08-27T14:37:57,147[m [32mINFO  [m[[1;34mhttp-nio-8080-exec-10[m] [36mValidateCountedFractionServiceImpl[m - Start method validateMaximumLimitFractionsV1
[30m2026-08-27T14:37:57,147[m [32mINFO  [m[[1;34mhttp-nio-8080-exec-10[m] [36mValidateCountedFractionServiceImpl[m - Start method validateQuantityFractionsV1, tradeId -> 1075510
[30m2026-08-27T14:37:57,147[m [32mINFO  [m[[1;34mhttp-nio-8080-exec-10[m] [36mValidateCountedFractionServiceImpl[m - Start method validateMaximumLimitFractionsV1
[30m2026-08-27T14:37:57,148[m [32mINFO  [m[[1;34mhttp-nio-8080-exec-10[m] [36mValidateCountedFractionServiceImpl[m - Start method validateQuantityFractionsV1, tradeId -> 1074718
[30m2026-08-27T14:37:57,148[m [32mINFO  [m[[1;34mhttp-nio-8080-exec-10[m] [36mValidateCountedFractionServiceImpl[m - Start method validateMaximumLimitFractionsV1
[30m2026-08-27T14:37:57,148[m [32mINFO  [m[[1;34mhttp-nio-8080-exec-10[m] [36mValidateCountedFractionServiceImpl[m - Start method validateQuantityFractionsV1, tradeId -> 1074719
[30m2026-08-27T14:37:57,148[m [32mINFO  [m[[1;34mhttp-nio-8080-exec-10[m] [36mValidateCountedFractionServiceImpl[m - Start method validateMaximumLimitFractionsV1
[30m2026-08-27T14:37:57,148[m [32mINFO  [m[[1;34mhttp-nio-8080-exec-10[m] [36mValidateCountedFractionServiceImpl[m - Start method validateQuantityFractionsV1, tradeId -> 1075511
[30m2026-08-27T14:37:57,148[m [32mINFO  [m[[1;34mhttp-nio-8080-exec-10[m] [36mValidateCountedFractionServiceImpl[m - Start method validateMaximumLimitFractionsV1
[30m2026-08-27T14:37:57,148[m [32mINFO  [m[[1;34mhttp-nio-8080-exec-10[m] [36mValidateCountedFractionServiceImpl[m - Start method validateQuantityFractionsV1, tradeId -> 1073640
[30m2026-08-27T14:37:57,148[m [32mINFO  [m[[1;34mhttp-nio-8080-exec-10[m] [36mValidateCountedFractionServiceImpl[m - Start method validateMaximumLimitFractionsV1
[30m2026-08-27T14:37:57,148[m [32mINFO  [m[[1;34mhttp-nio-8080-exec-10[m] [36mValidateCountedFractionServiceImpl[m - Start method validateQuantityFractionsV1, tradeId -> 1073641
[30m2026-08-27T14:37:57,148[m [32mINFO  [m[[1;34mhttp-nio-8080-exec-10[m] [36mValidateCountedFractionServiceImpl[m - Start method validateMaximumLimitFractionsV1
[30m2026-08-27T14:37:57,148[m [32mINFO  [m[[1;34mhttp-nio-8080-exec-10[m] [36mValidateCountedFractionServiceImpl[m - Start method validateQuantityFractionsV1, tradeId -> 1068597
[30m2026-08-27T14:37:57,148[m [32mINFO  [m[[1;34mhttp-nio-8080-exec-10[m] [36mValidateCountedFractionServiceImpl[m - Start method validateMaximumLimitFractionsV1
[30m2026-08-27T14:37:57,148[m [32mINFO  [m[[1;34mhttp-nio-8080-exec-10[m] [36mValidateCountedFractionServiceImpl[m - Start method validateQuantityFractionsV1, tradeId -> 1075512
[30m2026-08-27T14:37:57,148[m [32mINFO  [m[[1;34mhttp-nio-8080-exec-10[m] [36mValidateCountedFractionServiceImpl[m - Start method validateMaximumLimitFractionsV1
[30m2026-08-27T14:37:57,148[m [32mINFO  [m[[1;34mhttp-nio-8080-exec-10[m] [36mValidateCountedFractionServiceImpl[m - Start method validateQuantityFractionsV1, tradeId -> 1068598
[30m2026-08-27T14:37:57,148[m [32mINFO  [m[[1;34mhttp-nio-8080-exec-10[m] [36mValidateCountedFractionServiceImpl[m - Start method validateMaximumLimitFractionsV1
[30m2026-08-27T14:37:57,148[m [32mINFO  [m[[1;34mhttp-nio-8080-exec-10[m] [36mValidateCountedFractionServiceImpl[m - Start method validateQuantityFractionsV1, tradeId -> 1076236
[30m2026-08-27T14:37:57,148[m [32mINFO  [m[[1;34mhttp-nio-8080-exec-10[m] [36mValidateCountedFractionServiceImpl[m - Start method validateMaximumLimitFractionsV1
[30m2026-08-27T14:37:57,149[m [32mINFO  [m[[1;34mhttp-nio-8080-exec-10[m] [36mValidateCountedFractionServiceImpl[m - Start method validateQuantityFractionsV1, tradeId -> 1076240
[30m2026-08-27T14:37:57,149[m [32mINFO  [m[[1;34mhttp-nio-8080-exec-10[m] [36mValidateCountedFractionServiceImpl[m - Start method validateMaximumLimitFractionsV1
[30m2026-08-27T14:37:57,149[m [32mINFO  [m[[1;34mhttp-nio-8080-exec-10[m] [36mValidateCountedFractionServiceImpl[m - Start method validateQuantityFractionsV1, tradeId -> 1075519
[30m2026-08-27T14:37:57,149[m [32mINFO  [m[[1;34mhttp-nio-8080-exec-10[m] [36mValidateCountedFractionServiceImpl[m - Start method validateMaximumLimitFractionsV1
[30m2026-08-27T14:37:57,149[m [32mINFO  [m[[1;34mhttp-nio-8080-exec-10[m] [36mValidateCountedFractionServiceImpl[m - Start method validateQuantityFractionsV1, tradeId -> 1068604
[30m2026-08-27T14:37:57,149[m [32mINFO  [m[[1;34mhttp-nio-8080-exec-10[m] [36mValidateCountedFractionServiceImpl[m - Start method validateMaximumLimitFractionsV1
[30m2026-08-27T14:37:57,149[m [32mINFO  [m[[1;34mhttp-nio-8080-exec-10[m] [36mValidateCountedFractionServiceImpl[m - Start method validateQuantityFractionsV1, tradeId -> 1075520
[30m2026-08-27T14:37:57,149[m [32mINFO  [m[[1;34mhttp-nio-8080-exec-10[m] [36mValidateCountedFractionServiceImpl[m - Start method validateMaximumLimitFractionsV1
[30m2026-08-27T14:37:57,149[m [32mINFO  [m[[1;34mhttp-nio-8080-exec-10[m] [36mFractionationCountedServiceImpl[m - PERF_ASSIGNMENT_VALIDATION_BATCH batchId=c268c887-3fee-42fb-854f-e24e14c10f06 inputCount=50 validCount=50 invalidCount=0 uniqueTrades=50 uniqueSides=1 uniqueParticipants=1 titleAccountResolutionRequests=50 titleAccountUniqueBusinessKeys=1 settlementLookupRequests=50 settlementUniqueTradeSides=50 settlementRepositoryCalls=1 settlementRowsLoaded=0 settlementPrefetchMs=3 cudLookupRequests=0 cudUniqueTradeSides=0 cudUniqueBusinessKeys=0 cudRepositoryCalls=0 cudRowsLoaded=0 cudPrefetchMs=0 tradePrefetchMs=177 sidePrefetchMs=0 participantPrefetchMs=15 accountResolutionMs=19 accountPrefetchMs=11 businessValidationMs=11 totalMs=239
[30m2026-08-27T14:37:57,149[m [32mINFO  [m[[1;34mhttp-nio-8080-exec-10[m] [36mRestClientUtils[m - Client [POST] http://operaciones-fracciones-contado-back-service/operations-fractionation-api/v1/fractionation/batch
[30m2026-08-27T14:37:58,889[m [32mINFO  [m[[1;34mhttp-nio-8080-exec-10[m] [36mFractionationCountedServiceImpl[m - PERF_ASSIGNMENT_BATCH service=cmd batchId=c268c887-3fee-42fb-854f-e24e14c10f06 mode=RAW_VALIDATED configuredMaxBatchSize=80 receivedBatchSize=50 processedCount=50 successCount=50 failureCount=0 fractionationMs=1740 totalMs=1740
[30m2026-08-27T14:37:58,890[m [32mINFO  [m[[1;34mhttp-nio-8080-exec-10[m] [36mFractionationCountedServiceImpl[m - PERF_ASSIGNMENT_BATCH service=cmd batchId=c268c887-3fee-42fb-854f-e24e14c10f06 mode=RAW configuredMaxBatchSize=80 receivedBatchSize=50 validCount=50 invalidCount=0 sentToFractionationCount=50 successCount=50 failureCount=0 totalMs=1980
[30m2026-08-27T14:37:58,891[m [32mINFO  [m[[1;34mhttp-nio-8080-exec-10[m] [36mGlobalFilter[m - Request [POST /operations-cmd-api/v1/fractionation/counted-operation/batch] completed in 1988 ms with status 200
[30m2026-08-27T14:37:58,920[m [32mINFO  [m[[1;34mhttp-nio-8080-exec-1[m] [36mGlobalFilter[m - ----------- Client User: operaciones-orquestador-ext-back ----------
[30m2026-08-27T14:37:59,096[m [32mINFO  [m[[1;34mhttp-nio-8080-exec-1[m] [36mValidateCountedFractionServiceImpl[m - Start method validateAccountFractionAssignmentV1, accountNumber -> 4021801, tradeId -> 1068605, sideId -> 1, originId -> 122, isLocalCorrection -> false
[30m2026-08-27T14:37:59,097[m [32mINFO  [m[[1;34mhttp-nio-8080-exec-1[m] [36mValidateCountedFractionServiceImpl[m - Searching participant account assignment for accountNumber -> 4021801, participantId -> 15, depositoryId -> 1
[30m2026-08-27T14:37:59,099[m [32mINFO  [m[[1;34mhttp-nio-8080-exec-1[m] [36mValidateCountedFractionServiceImpl[m - No participant account found for accountNumber -> 4021801
[30m2026-08-27T14:37:59,114[m [32mINFO  [m[[1;34mhttp-nio-8080-exec-1[m] [36mValidateCountedFractionServiceImpl[m - End method validateAccountFractionAssignmentV1, fractionAccountOutDto -> FractionAccountOutDto(participantAccount=null, investorAccount=InvestorAccountOutDto(id=57, investor=InvestorOutDto(id=167, code=CL00000001, firstName=Prueba Nombre 1, lastName=Prueba Nombre 2, companyName=TERCERO3509748, type=TypeOutDto(id=2, description=JURIDICO, category=PERSONA), status=StatusOutDto(id=515, description=ACTIVO, category=INVERSIONISTA, shortName=null), country=CountryOutDto(id=35, code=CL, name=CHILE, currency=CurrencyOutDto(id=30, code=CLP, name=PESO CHILENO), timeZone=UTC -3), documentNumber=8605303170, identificationType=IdentificationTypeOutDto(id=5, description=CEDULA DE CIUDADANÍA, code=CC), nationality=35, clearinghouseCode=null, gics=null, moneyLaunderingFlag=null, taxStatus=null), accountNumber=4021801, accountName=AMBIENTE 3  PRUEBA 3, status=StatusOutDto(id=570, description=ACTIVO, category=CUENTA_INVERSIONISTA, shortName=null), originType=TypeOutDto(id=120, description=TERCEROS, category=ORIGEN PUNTA), type=TypeOutDto(id=26, description=CUENTA DEPOSITO, category=CUENTA DEPOSITO), depository=DepositoryOutDto(id=1, description=DVL), participant=null, taxExemp=false), sourceQuoteType=TypeOutDto(id=120, description=TERCEROS, category=ORIGEN PUNTA), fiduciarySpecialist=false, jointAccount=false, masterAccount=false, custodian=null, milaDirectDepositor=null)
[30m2026-08-27T14:37:59,132[m [32mINFO  [m[[1;34mhttp-nio-8080-exec-1[m] [36mValidateCountedFractionServiceImpl[m - Start method validateQuantityFractionsV1, tradeId -> 1068605
[30m2026-08-27T14:37:59,132[m [32mINFO  [m[[1;34mhttp-nio-8080-exec-1[m] [36mValidateCountedFractionServiceImpl[m - Start method validateMaximumLimitFractionsV1
[30m2026-08-27T14:37:59,132[m [32mINFO  [m[[1;34mhttp-nio-8080-exec-1[m] [36mValidateCountedFractionServiceImpl[m - Start method validateQuantityFractionsV1, tradeId -> 1074731
[30m2026-08-27T14:37:59,132[m [32mINFO  [m[[1;34mhttp-nio-8080-exec-1[m] [36mValidateCountedFractionServiceImpl[m - Start method validateMaximumLimitFractionsV1
[30m2026-08-27T14:37:59,132[m [32mINFO  [m[[1;34mhttp-nio-8080-exec-1[m] [36mValidateCountedFractionServiceImpl[m - Start method validateQuantityFractionsV1, tradeId -> 1074732
[30m2026-08-27T14:37:59,132[m [32mINFO  [m[[1;34mhttp-nio-8080-exec-1[m] [36mValidateCountedFractionServiceImpl[m - Start method validateMaximumLimitFractionsV1
[30m2026-08-27T14:37:59,132[m [32mINFO  [m[[1;34mhttp-nio-8080-exec-1[m] [36mValidateCountedFractionServiceImpl[m - Start method validateQuantityFractionsV1, tradeId -> 1073648
[30m2026-08-27T14:37:59,132[m [32mINFO  [m[[1;34mhttp-nio-8080-exec-1[m] [36mValidateCountedFractionServiceImpl[m - Start method validateMaximumLimitFractionsV1
[30m2026-08-27T14:37:59,132[m [32mINFO  [m[[1;34mhttp-nio-8080-exec-1[m] [36mValidateCountedFractionServiceImpl[m - Start method validateQuantityFractionsV1, tradeId -> 1068606
[30m2026-08-27T14:37:59,132[m [32mINFO  [m[[1;34mhttp-nio-8080-exec-1[m] [36mValidateCountedFractionServiceImpl[m - Start method validateMaximumLimitFractionsV1
[30m2026-08-27T14:37:59,132[m [32mINFO  [m[[1;34mhttp-nio-8080-exec-1[m] [36mValidateCountedFractionServiceImpl[m - Start method validateQuantityFractionsV1, tradeId -> 1074733
[30m2026-08-27T14:37:59,132[m [32mINFO  [m[[1;34mhttp-nio-8080-exec-1[m] [36mValidateCountedFractionServiceImpl[m - Start method validateMaximumLimitFractionsV1
[30m2026-08-27T14:37:59,132[m [32mINFO  [m[[1;34mhttp-nio-8080-exec-1[m] [36mValidateCountedFractionServiceImpl[m - Start method validateQuantityFractionsV1, tradeId -> 1076243
[30m2026-08-27T14:37:59,132[m [32mINFO  [m[[1;34mhttp-nio-8080-exec-1[m] [36mValidateCountedFractionServiceImpl[m - Start method validateMaximumLimitFractionsV1
[30m2026-08-27T14:37:59,132[m [32mINFO  [m[[1;34mhttp-nio-8080-exec-1[m] [36mValidateCountedFractionServiceImpl[m - Start method validateQuantityFractionsV1, tradeId -> 1073652
[30m2026-08-27T14:37:59,132[m [32mINFO  [m[[1;34mhttp-nio-8080-exec-1[m] [36mValidateCountedFractionServiceImpl[m - Start method validateMaximumLimitFractionsV1
[30m2026-08-27T14:37:59,133[m [32mINFO  [m[[1;34mhttp-nio-8080-exec-1[m] [36mValidateCountedFractionServiceImpl[m - Start method validateQuantityFractionsV1, tradeId -> 1073656
[30m2026-08-27T14:37:59,133[m [32mINFO  [m[[1;34mhttp-nio-8080-exec-1[m] [36mValidateCountedFractionServiceImpl[m - Start method validateMaximumLimitFractionsV1
[30m2026-08-27T14:37:59,133[m [32mINFO  [m[[1;34mhttp-nio-8080-exec-1[m] [36mValidateCountedFractionServiceImpl[m - Start method validateQuantityFractionsV1, tradeId -> 1068610
[30m2026-08-27T14:37:59,133[m [32mINFO  [m[[1;34mhttp-nio-8080-exec-1[m] [36mValidateCountedFractionServiceImpl[m - Start method validateMaximumLimitFractionsV1
[30m2026-08-27T14:37:59,133[m [32mINFO  [m[[1;34mhttp-nio-8080-exec-1[m] [36mValidateCountedFractionServiceImpl[m - Start method validateQuantityFractionsV1, tradeId -> 1076253
[30m2026-08-27T14:37:59,133[m [32mINFO  [m[[1;34mhttp-nio-8080-exec-1[m] [36mValidateCountedFractionServiceImpl[m - Start method validateMaximumLimitFractionsV1
[30m2026-08-27T14:37:59,133[m [32mINFO  [m[[1;34mhttp-nio-8080-exec-1[m] [36mValidateCountedFractionServiceImpl[m - Start method validateQuantityFractionsV1, tradeId -> 1074739
[30m2026-08-27T14:37:59,133[m [32mINFO  [m[[1;34mhttp-nio-8080-exec-1[m] [36mValidateCountedFractionServiceImpl[m - Start method validateMaximumLimitFractionsV1
[30m2026-08-27T14:37:59,133[m [32mINFO  [m[[1;34mhttp-nio-8080-exec-1[m] [36mValidateCountedFractionServiceImpl[m - Start method validateQuantityFractionsV1, tradeId -> 1076254
[30m2026-08-27T14:37:59,133[m [32mINFO  [m[[1;34mhttp-nio-8080-exec-1[m] [36mValidateCountedFractionServiceImpl[m - Start method validateMaximumLimitFractionsV1
[30m2026-08-27T14:37:59,133[m [32mINFO  [m[[1;34mhttp-nio-8080-exec-1[m] [36mValidateCountedFractionServiceImpl[m - Start method validateQuantityFractionsV1, tradeId -> 1074740
[30m2026-08-27T14:37:59,133[m [32mINFO  [m[[1;34mhttp-nio-8080-exec-1[m] [36mValidateCountedFractionServiceImpl[m - Start method validateMaximumLimitFractionsV1
[30m2026-08-27T14:37:59,133[m [32mINFO  [m[[1;34mhttp-nio-8080-exec-1[m] [36mValidateCountedFractionServiceImpl[m - Start method validateQuantityFractionsV1, tradeId -> 1076255
[30m2026-08-27T14:37:59,133[m [32mINFO  [m[[1;34mhttp-nio-8080-exec-1[m] [36mValidateCountedFractionServiceImpl[m - Start method validateMaximumLimitFractionsV1
[30m2026-08-27T14:37:59,133[m [32mINFO  [m[[1;34mhttp-nio-8080-exec-1[m] [36mValidateCountedFractionServiceImpl[m - Start method validateQuantityFractionsV1, tradeId -> 1076256
[30m2026-08-27T14:37:59,133[m [32mINFO  [m[[1;34mhttp-nio-8080-exec-1[m] [36mValidateCountedFractionServiceImpl[m - Start method validateMaximumLimitFractionsV1
[30m2026-08-27T14:37:59,133[m [32mINFO  [m[[1;34mhttp-nio-8080-exec-1[m] [36mValidateCountedFractionServiceImpl[m - Start method validateQuantityFractionsV1, tradeId -> 1075526
[30m2026-08-27T14:37:59,133[m [32mINFO  [m[[1;34mhttp-nio-8080-exec-1[m] [36mValidateCountedFractionServiceImpl[m - Start method validateMaximumLimitFractionsV1
[30m2026-08-27T14:37:59,133[m [32mINFO  [m[[1;34mhttp-nio-8080-exec-1[m] [36mValidateCountedFractionServiceImpl[m - Start method validateQuantityFractionsV1, tradeId -> 1075527
[30m2026-08-27T14:37:59,133[m [32mINFO  [m[[1;34mhttp-nio-8080-exec-1[m] [36mValidateCountedFractionServiceImpl[m - Start method validateMaximumLimitFractionsV1
[30m2026-08-27T14:37:59,133[m [32mINFO  [m[[1;34mhttp-nio-8080-exec-1[m] [36mValidateCountedFractionServiceImpl[m - Start method validateQuantityFractionsV1, tradeId -> 1075528
[30m2026-08-27T14:37:59,133[m [32mINFO  [m[[1;34mhttp-nio-8080-exec-1[m] [36mValidateCountedFractionServiceImpl[m - Start method validateMaximumLimitFractionsV1
[30m2026-08-27T14:37:59,133[m [32mINFO  [m[[1;34mhttp-nio-8080-exec-1[m] [36mValidateCountedFractionServiceImpl[m - Start method validateQuantityFractionsV1, tradeId -> 1076257
[30m2026-08-27T14:37:59,133[m [32mINFO  [m[[1;34mhttp-nio-8080-exec-1[m] [36mValidateCountedFractionServiceImpl[m - Start method validateMaximumLimitFractionsV1
[30m2026-08-27T14:37:59,133[m [32mINFO  [m[[1;34mhttp-nio-8080-exec-1[m] [36mValidateCountedFractionServiceImpl[m - Start method validateQuantityFractionsV1, tradeId -> 1068611
[30m2026-08-27T14:37:59,133[m [32mINFO  [m[[1;34mhttp-nio-8080-exec-1[m] [36mValidateCountedFractionServiceImpl[m - Start method validateMaximumLimitFractionsV1
[30m2026-08-27T14:37:59,133[m [32mINFO  [m[[1;34mhttp-nio-8080-exec-1[m] [36mValidateCountedFractionServiceImpl[m - Start method validateQuantityFractionsV1, tradeId -> 1068612
[30m2026-08-27T14:37:59,133[m [32mINFO  [m[[1;34mhttp-nio-8080-exec-1[m] [36mValidateCountedFractionServiceImpl[m - Start method validateMaximumLimitFractionsV1
[30m2026-08-27T14:37:59,134[m [32mINFO  [m[[1;34mhttp-nio-8080-exec-1[m] [36mValidateCountedFractionServiceImpl[m - Start method validateQuantityFractionsV1, tradeId -> 1073659
[30m2026-08-27T14:37:59,134[m [32mINFO  [m[[1;34mhttp-nio-8080-exec-1[m] [36mValidateCountedFractionServiceImpl[m - Start method validateMaximumLimitFractionsV1
[30m2026-08-27T14:37:59,134[m [32mINFO  [m[[1;34mhttp-nio-8080-exec-1[m] [36mValidateCountedFractionServiceImpl[m - Start method validateQuantityFractionsV1, tradeId -> 1068620
[30m2026-08-27T14:37:59,134[m [32mINFO  [m[[1;34mhttp-nio-8080-exec-1[m] [36mValidateCountedFractionServiceImpl[m - Start method validateMaximumLimitFractionsV1
[30m2026-08-27T14:37:59,134[m [32mINFO  [m[[1;34mhttp-nio-8080-exec-1[m] [36mValidateCountedFractionServiceImpl[m - Start method validateQuantityFractionsV1, tradeId -> 1073662
[30m2026-08-27T14:37:59,134[m [32mINFO  [m[[1;34mhttp-nio-8080-exec-1[m] [36mValidateCountedFractionServiceImpl[m - Start method validateMaximumLimitFractionsV1
[30m2026-08-27T14:37:59,134[m [32mINFO  [m[[1;34mhttp-nio-8080-exec-1[m] [36mValidateCountedFractionServiceImpl[m - Start method validateQuantityFractionsV1, tradeId -> 1076266
[30m2026-08-27T14:37:59,134[m [32mINFO  [m[[1;34mhttp-nio-8080-exec-1[m] [36mValidateCountedFractionServiceImpl[m - Start method validateMaximumLimitFractionsV1
[30m2026-08-27T14:37:59,134[m [32mINFO  [m[[1;34mhttp-nio-8080-exec-1[m] [36mValidateCountedFractionServiceImpl[m - Start method validateQuantityFractionsV1, tradeId -> 1076267
[30m2026-08-27T14:37:59,134[m [32mINFO  [m[[1;34mhttp-nio-8080-exec-1[m] [36mValidateCountedFractionServiceImpl[m - Start method validateMaximumLimitFractionsV1
[30m2026-08-27T14:37:59,134[m [32mINFO  [m[[1;34mhttp-nio-8080-exec-1[m] [36mValidateCountedFractionServiceImpl[m - Start method validateQuantityFractionsV1, tradeId -> 1076268
[30m2026-08-27T14:37:59,134[m [32mINFO  [m[[1;34mhttp-nio-8080-exec-1[m] [36mValidateCountedFractionServiceImpl[m - Start method validateMaximumLimitFractionsV1
[30m2026-08-27T14:37:59,134[m [32mINFO  [m[[1;34mhttp-nio-8080-exec-1[m] [36mValidateCountedFractionServiceImpl[m - Start method validateQuantityFractionsV1, tradeId -> 1068625
[30m2026-08-27T14:37:59,134[m [32mINFO  [m[[1;34mhttp-nio-8080-exec-1[m] [36mValidateCountedFractionServiceImpl[m - Start method validateMaximumLimitFractionsV1
[30m2026-08-27T14:37:59,134[m [32mINFO  [m[[1;34mhttp-nio-8080-exec-1[m] [36mValidateCountedFractionServiceImpl[m - Start method validateQuantityFractionsV1, tradeId -> 1075537
[30m2026-08-27T14:37:59,134[m [32mINFO  [m[[1;34mhttp-nio-8080-exec-1[m] [36mValidateCountedFractionServiceImpl[m - Start method validateMaximumLimitFractionsV1
[30m2026-08-27T14:37:59,134[m [32mINFO  [m[[1;34mhttp-nio-8080-exec-1[m] [36mValidateCountedFractionServiceImpl[m - Start method validateQuantityFractionsV1, tradeId -> 1073665
[30m2026-08-27T14:37:59,134[m [32mINFO  [m[[1;34mhttp-nio-8080-exec-1[m] [36mValidateCountedFractionServiceImpl[m - Start method validateMaximumLimitFractionsV1
[30m2026-08-27T14:37:59,134[m [32mINFO  [m[[1;34mhttp-nio-8080-exec-1[m] [36mValidateCountedFractionServiceImpl[m - Start method validateQuantityFractionsV1, tradeId -> 1074746
[30m2026-08-27T14:37:59,134[m [32mINFO  [m[[1;34mhttp-nio-8080-exec-1[m] [36mValidateCountedFractionServiceImpl[m - Start method validateMaximumLimitFractionsV1
[30m2026-08-27T14:37:59,134[m [32mINFO  [m[[1;34mhttp-nio-8080-exec-1[m] [36mValidateCountedFractionServiceImpl[m - Start method validateQuantityFractionsV1, tradeId -> 1073668
[30m2026-08-27T14:37:59,134[m [32mINFO  [m[[1;34mhttp-nio-8080-exec-1[m] [36mValidateCountedFractionServiceImpl[m - Start method validateMaximumLimitFractionsV1
[30m2026-08-27T14:37:59,134[m [32mINFO  [m[[1;34mhttp-nio-8080-exec-1[m] [36mValidateCountedFractionServiceImpl[m - Start method validateQuantityFractionsV1, tradeId -> 1076270
[30m2026-08-27T14:37:59,134[m [32mINFO  [m[[1;34mhttp-nio-8080-exec-1[m] [36mValidateCountedFractionServiceImpl[m - Start method validateMaximumLimitFractionsV1
[30m2026-08-27T14:37:59,134[m [32mINFO  [m[[1;34mhttp-nio-8080-exec-1[m] [36mValidateCountedFractionServiceImpl[m - Start method validateQuantityFractionsV1, tradeId -> 1073671
[30m2026-08-27T14:37:59,134[m [32mINFO  [m[[1;34mhttp-nio-8080-exec-1[m] [36mValidateCountedFractionServiceImpl[m - Start method validateMaximumLimitFractionsV1
[30m2026-08-27T14:37:59,135[m [32mINFO  [m[[1;34mhttp-nio-8080-exec-1[m] [36mValidateCountedFractionServiceImpl[m - Start method validateQuantityFractionsV1, tradeId -> 1068628
[30m2026-08-27T14:37:59,135[m [32mINFO  [m[[1;34mhttp-nio-8080-exec-1[m] [36mValidateCountedFractionServiceImpl[m - Start method validateMaximumLimitFractionsV1
[30m2026-08-27T14:37:59,135[m [32mINFO  [m[[1;34mhttp-nio-8080-exec-1[m] [36mValidateCountedFractionServiceImpl[m - Start method validateQuantityFractionsV1, tradeId -> 1076272
[30m2026-08-27T14:37:59,135[m [32mINFO  [m[[1;34mhttp-nio-8080-exec-1[m] [36mValidateCountedFractionServiceImpl[m - Start method validateMaximumLimitFractionsV1
[30m2026-08-27T14:37:59,135[m [32mINFO  [m[[1;34mhttp-nio-8080-exec-1[m] [36mValidateCountedFractionServiceImpl[m - Start method validateQuantityFractionsV1, tradeId -> 1073674
[30m2026-08-27T14:37:59,135[m [32mINFO  [m[[1;34mhttp-nio-8080-exec-1[m] [36mValidateCountedFractionServiceImpl[m - Start method validateMaximumLimitFractionsV1
[30m2026-08-27T14:37:59,135[m [32mINFO  [m[[1;34mhttp-nio-8080-exec-1[m] [36mValidateCountedFractionServiceImpl[m - Start method validateQuantityFractionsV1, tradeId -> 1074747
[30m2026-08-27T14:37:59,135[m [32mINFO  [m[[1;34mhttp-nio-8080-exec-1[m] [36mValidateCountedFractionServiceImpl[m - Start method validateMaximumLimitFractionsV1
[30m2026-08-27T14:37:59,135[m [32mINFO  [m[[1;34mhttp-nio-8080-exec-1[m] [36mValidateCountedFractionServiceImpl[m - Start method validateQuantityFractionsV1, tradeId -> 1068629
[30m2026-08-27T14:37:59,135[m [32mINFO  [m[[1;34mhttp-nio-8080-exec-1[m] [36mValidateCountedFractionServiceImpl[m - Start method validateMaximumLimitFractionsV1
[30m2026-08-27T14:37:59,135[m [32mINFO  [m[[1;34mhttp-nio-8080-exec-1[m] [36mValidateCountedFractionServiceImpl[m - Start method validateQuantityFractionsV1, tradeId -> 1076273
[30m2026-08-27T14:37:59,135[m [32mINFO  [m[[1;34mhttp-nio-8080-exec-1[m] [36mValidateCountedFractionServiceImpl[m - Start method validateMaximumLimitFractionsV1
[30m2026-08-27T14:37:59,135[m [32mINFO  [m[[1;34mhttp-nio-8080-exec-1[m] [36mValidateCountedFractionServiceImpl[m - Start method validateQuantityFractionsV1, tradeId -> 1073678
[30m2026-08-27T14:37:59,135[m [32mINFO  [m[[1;34mhttp-nio-8080-exec-1[m] [36mValidateCountedFractionServiceImpl[m - Start method validateMaximumLimitFractionsV1
[30m2026-08-27T14:37:59,135[m [32mINFO  [m[[1;34mhttp-nio-8080-exec-1[m] [36mValidateCountedFractionServiceImpl[m - Start method validateQuantityFractionsV1, tradeId -> 1068635
[30m2026-08-27T14:37:59,135[m [32mINFO  [m[[1;34mhttp-nio-8080-exec-1[m] [36mValidateCountedFractionServiceImpl[m - Start method validateMaximumLimitFractionsV1
[30m2026-08-27T14:37:59,135[m [32mINFO  [m[[1;34mhttp-nio-8080-exec-1[m] [36mValidateCountedFractionServiceImpl[m - Start method validateQuantityFractionsV1, tradeId -> 1068636
[30m2026-08-27T14:37:59,135[m [32mINFO  [m[[1;34mhttp-nio-8080-exec-1[m] [36mValidateCountedFractionServiceImpl[m - Start method validateMaximumLimitFractionsV1
[30m2026-08-27T14:37:59,135[m [32mINFO  [m[[1;34mhttp-nio-8080-exec-1[m] [36mValidateCountedFractionServiceImpl[m - Start method validateQuantityFractionsV1, tradeId -> 1075546
[30m2026-08-27T14:37:59,135[m [32mINFO  [m[[1;34mhttp-nio-8080-exec-1[m] [36mValidateCountedFractionServiceImpl[m - Start method validateMaximumLimitFractionsV1
[30m2026-08-27T14:37:59,135[m [32mINFO  [m[[1;34mhttp-nio-8080-exec-1[m] [36mValidateCountedFractionServiceImpl[m - Start method validateQuantityFractionsV1, tradeId -> 1076277
[30m2026-08-27T14:37:59,135[m [32mINFO  [m[[1;34mhttp-nio-8080-exec-1[m] [36mValidateCountedFractionServiceImpl[m - Start method validateMaximumLimitFractionsV1
[30m2026-08-27T14:37:59,135[m [32mINFO  [m[[1;34mhttp-nio-8080-exec-1[m] [36mValidateCountedFractionServiceImpl[m - Start method validateQuantityFractionsV1, tradeId -> 1075547
[30m2026-08-27T14:37:59,135[m [32mINFO  [m[[1;34mhttp-nio-8080-exec-1[m] [36mValidateCountedFractionServiceImpl[m - Start method validateMaximumLimitFractionsV1
[30m2026-08-27T14:37:59,135[m [32mINFO  [m[[1;34mhttp-nio-8080-exec-1[m] [36mValidateCountedFractionServiceImpl[m - Start method validateQuantityFractionsV1, tradeId -> 1068637
[30m2026-08-27T14:37:59,135[m [32mINFO  [m[[1;34mhttp-nio-8080-exec-1[m] [36mValidateCountedFractionServiceImpl[m - Start method validateMaximumLimitFractionsV1
[30m2026-08-27T14:37:59,135[m [32mINFO  [m[[1;34mhttp-nio-8080-exec-1[m] [36mValidateCountedFractionServiceImpl[m - Start method validateQuantityFractionsV1, tradeId -> 1068638
[30m2026-08-27T14:37:59,135[m [32mINFO  [m[[1;34mhttp-nio-8080-exec-1[m] [36mValidateCountedFractionServiceImpl[m - Start method validateMaximumLimitFractionsV1
[30m2026-08-27T14:37:59,135[m [32mINFO  [m[[1;34mhttp-nio-8080-exec-1[m] [36mValidateCountedFractionServiceImpl[m - Start method validateQuantityFractionsV1, tradeId -> 1076278
[30m2026-08-27T14:37:59,135[m [32mINFO  [m[[1;34mhttp-nio-8080-exec-1[m] [36mValidateCountedFractionServiceImpl[m - Start method validateMaximumLimitFractionsV1
[30m2026-08-27T14:37:59,135[m [32mINFO  [m[[1;34mhttp-nio-8080-exec-1[m] [36mFractionationCountedServiceImpl[m - PERF_ASSIGNMENT_VALIDATION_BATCH batchId=a055d432-5223-4c78-a9a2-98e44899e152 inputCount=50 validCount=50 invalidCount=0 uniqueTrades=50 uniqueSides=1 uniqueParticipants=1 titleAccountResolutionRequests=50 titleAccountUniqueBusinessKeys=1 settlementLookupRequests=50 settlementUniqueTradeSides=50 settlementRepositoryCalls=1 settlementRowsLoaded=0 settlementPrefetchMs=3 cudLookupRequests=0 cudUniqueTradeSides=0 cudUniqueBusinessKeys=0 cudRepositoryCalls=0 cudRowsLoaded=0 cudPrefetchMs=0 tradePrefetchMs=160 sidePrefetchMs=0 participantPrefetchMs=12 accountResolutionMs=18 accountPrefetchMs=10 businessValidationMs=6 totalMs=213
[30m2026-08-27T14:37:59,136[m [32mINFO  [m[[1;34mhttp-nio-8080-exec-1[m] [36mRestClientUtils[m - Client [POST] http://operaciones-fracciones-contado-back-service/operations-fractionation-api/v1/fractionation/batch
[30m2026-08-27T14:38:01,009[m [32mINFO  [m[[1;34mhttp-nio-8080-exec-1[m] [36mFractionationCountedServiceImpl[m - PERF_ASSIGNMENT_BATCH service=cmd batchId=a055d432-5223-4c78-a9a2-98e44899e152 mode=RAW_VALIDATED configuredMaxBatchSize=80 receivedBatchSize=50 processedCount=50 successCount=50 failureCount=0 fractionationMs=1873 totalMs=1873
[30m2026-08-27T14:38:01,010[m [32mINFO  [m[[1;34mhttp-nio-8080-exec-1[m] [36mFractionationCountedServiceImpl[m - PERF_ASSIGNMENT_BATCH service=cmd batchId=a055d432-5223-4c78-a9a2-98e44899e152 mode=RAW configuredMaxBatchSize=80 receivedBatchSize=50 validCount=50 invalidCount=0 sentToFractionationCount=50 successCount=50 failureCount=0 totalMs=2088
[30m2026-08-27T14:38:01,012[m [32mINFO  [m[[1;34mhttp-nio-8080-exec-1[m] [36mGlobalFilter[m - Request [POST /operations-cmd-api/v1/fractionation/counted-operation/batch] completed in 2092 ms with status 200
[30m2026-08-27T14:38:01,039[m [32mINFO  [m[[1;34mhttp-nio-8080-exec-2[m] [36mGlobalFilter[m - ----------- Client User: operaciones-orquestador-ext-back ----------
[30m2026-08-27T14:38:01,221[m [32mINFO  [m[[1;34mhttp-nio-8080-exec-2[m] [36mValidateCountedFractionServiceImpl[m - Start method validateAccountFractionAssignmentV1, accountNumber -> 4021801, tradeId -> 1076279, sideId -> 1, originId -> 122, isLocalCorrection -> false
[30m2026-08-27T14:38:01,221[m [32mINFO  [m[[1;34mhttp-nio-8080-exec-2[m] [36mValidateCountedFractionServiceImpl[m - Searching participant account assignment for accountNumber -> 4021801, participantId -> 15, depositoryId -> 1
[30m2026-08-27T14:38:01,223[m [32mINFO  [m[[1;34mhttp-nio-8080-exec-2[m] [36mValidateCountedFractionServiceImpl[m - No participant account found for accountNumber -> 4021801
[30m2026-08-27T14:38:01,235[m [32mINFO  [m[[1;34mhttp-nio-8080-exec-2[m] [36mValidateCountedFractionServiceImpl[m - End method validateAccountFractionAssignmentV1, fractionAccountOutDto -> FractionAccountOutDto(participantAccount=null, investorAccount=InvestorAccountOutDto(id=57, investor=InvestorOutDto(id=167, code=CL00000001, firstName=Prueba Nombre 1, lastName=Prueba Nombre 2, companyName=TERCERO3509748, type=TypeOutDto(id=2, description=JURIDICO, category=PERSONA), status=StatusOutDto(id=515, description=ACTIVO, category=INVERSIONISTA, shortName=null), country=CountryOutDto(id=35, code=CL, name=CHILE, currency=CurrencyOutDto(id=30, code=CLP, name=PESO CHILENO), timeZone=UTC -3), documentNumber=8605303170, identificationType=IdentificationTypeOutDto(id=5, description=CEDULA DE CIUDADANÍA, code=CC), nationality=35, clearinghouseCode=null, gics=null, moneyLaunderingFlag=null, taxStatus=null), accountNumber=4021801, accountName=AMBIENTE 3  PRUEBA 3, status=StatusOutDto(id=570, description=ACTIVO, category=CUENTA_INVERSIONISTA, shortName=null), originType=TypeOutDto(id=120, description=TERCEROS, category=ORIGEN PUNTA), type=TypeOutDto(id=26, description=CUENTA DEPOSITO, category=CUENTA DEPOSITO), depository=DepositoryOutDto(id=1, description=DVL), participant=null, taxExemp=false), sourceQuoteType=TypeOutDto(id=120, description=TERCEROS, category=ORIGEN PUNTA), fiduciarySpecialist=false, jointAccount=false, masterAccount=false, custodian=null, milaDirectDepositor=null)
[30m2026-08-27T14:38:01,251[m [32mINFO  [m[[1;34mhttp-nio-8080-exec-2[m] [36mValidateCountedFractionServiceImpl[m - Start method validateQuantityFractionsV1, tradeId -> 1076279
[30m2026-08-27T14:38:01,251[m [32mINFO  [m[[1;34mhttp-nio-8080-exec-2[m] [36mValidateCountedFractionServiceImpl[m - Start method validateMaximumLimitFractionsV1
[30m2026-08-27T14:38:01,251[m [32mINFO  [m[[1;34mhttp-nio-8080-exec-2[m] [36mValidateCountedFractionServiceImpl[m - Start method validateQuantityFractionsV1, tradeId -> 1068639
[30m2026-08-27T14:38:01,251[m [32mINFO  [m[[1;34mhttp-nio-8080-exec-2[m] [36mValidateCountedFractionServiceImpl[m - Start method validateMaximumLimitFractionsV1
[30m2026-08-27T14:38:01,251[m [32mINFO  [m[[1;34mhttp-nio-8080-exec-2[m] [36mValidateCountedFractionServiceImpl[m - Start method validateQuantityFractionsV1, tradeId -> 1074754
[30m2026-08-27T14:38:01,251[m [32mINFO  [m[[1;34mhttp-nio-8080-exec-2[m] [36mValidateCountedFractionServiceImpl[m - Start method validateMaximumLimitFractionsV1
[30m2026-08-27T14:38:01,251[m [32mINFO  [m[[1;34mhttp-nio-8080-exec-2[m] [36mValidateCountedFractionServiceImpl[m - Start method validateQuantityFractionsV1, tradeId -> 1076280
[30m2026-08-27T14:38:01,251[m [32mINFO  [m[[1;34mhttp-nio-8080-exec-2[m] [36mValidateCountedFractionServiceImpl[m - Start method validateMaximumLimitFractionsV1
[30m2026-08-27T14:38:01,252[m [32mINFO  [m[[1;34mhttp-nio-8080-exec-2[m] [36mValidateCountedFractionServiceImpl[m - Start method validateQuantityFractionsV1, tradeId -> 1073681
[30m2026-08-27T14:38:01,252[m [32mINFO  [m[[1;34mhttp-nio-8080-exec-2[m] [36mValidateCountedFractionServiceImpl[m - Start method validateMaximumLimitFractionsV1
[30m2026-08-27T14:38:01,252[m [32mINFO  [m[[1;34mhttp-nio-8080-exec-2[m] [36mValidateCountedFractionServiceImpl[m - Start method validateQuantityFractionsV1, tradeId -> 1074762
[30m2026-08-27T14:38:01,252[m [32mINFO  [m[[1;34mhttp-nio-8080-exec-2[m] [36mValidateCountedFractionServiceImpl[m - Start method validateMaximumLimitFractionsV1
[30m2026-08-27T14:38:01,252[m [32mINFO  [m[[1;34mhttp-nio-8080-exec-2[m] [36mValidateCountedFractionServiceImpl[m - Start method validateQuantityFractionsV1, tradeId -> 1076284
[30m2026-08-27T14:38:01,252[m [32mINFO  [m[[1;34mhttp-nio-8080-exec-2[m] [36mValidateCountedFractionServiceImpl[m - Start method validateMaximumLimitFractionsV1
[30m2026-08-27T14:38:01,252[m [32mINFO  [m[[1;34mhttp-nio-8080-exec-2[m] [36mValidateCountedFractionServiceImpl[m - Start method validateQuantityFractionsV1, tradeId -> 1068644
[30m2026-08-27T14:38:01,252[m [32mINFO  [m[[1;34mhttp-nio-8080-exec-2[m] [36mValidateCountedFractionServiceImpl[m - Start method validateMaximumLimitFractionsV1
[30m2026-08-27T14:38:01,252[m [32mINFO  [m[[1;34mhttp-nio-8080-exec-2[m] [36mValidateCountedFractionServiceImpl[m - Start method validateQuantityFractionsV1, tradeId -> 1075555
[30m2026-08-27T14:38:01,252[m [32mINFO  [m[[1;34mhttp-nio-8080-exec-2[m] [36mValidateCountedFractionServiceImpl[m - Start method validateMaximumLimitFractionsV1
[30m2026-08-27T14:38:01,252[m [32mINFO  [m[[1;34mhttp-nio-8080-exec-2[m] [36mValidateCountedFractionServiceImpl[m - Start method validateQuantityFractionsV1, tradeId -> 1074763
[30m2026-08-27T14:38:01,252[m [32mINFO  [m[[1;34mhttp-nio-8080-exec-2[m] [36mValidateCountedFractionServiceImpl[m - Start method validateMaximumLimitFractionsV1
[30m2026-08-27T14:38:01,252[m [32mINFO  [m[[1;34mhttp-nio-8080-exec-2[m] [36mValidateCountedFractionServiceImpl[m - Start method validateQuantityFractionsV1, tradeId -> 1073684
[30m2026-08-27T14:38:01,252[m [32mINFO  [m[[1;34mhttp-nio-8080-exec-2[m] [36mValidateCountedFractionServiceImpl[m - Start method validateMaximumLimitFractionsV1
[30m2026-08-27T14:38:01,252[m [32mINFO  [m[[1;34mhttp-nio-8080-exec-2[m] [36mValidateCountedFractionServiceImpl[m - Start method validateQuantityFractionsV1, tradeId -> 1076285
[30m2026-08-27T14:38:01,252[m [32mINFO  [m[[1;34mhttp-nio-8080-exec-2[m] [36mValidateCountedFractionServiceImpl[m - Start method validateMaximumLimitFractionsV1
[30m2026-08-27T14:38:01,252[m [32mINFO  [m[[1;34mhttp-nio-8080-exec-2[m] [36mValidateCountedFractionServiceImpl[m - Start method validateQuantityFractionsV1, tradeId -> 1073687
[30m2026-08-27T14:38:01,252[m [32mINFO  [m[[1;34mhttp-nio-8080-exec-2[m] [36mValidateCountedFractionServiceImpl[m - Start method validateMaximumLimitFractionsV1
[30m2026-08-27T14:38:01,252[m [32mINFO  [m[[1;34mhttp-nio-8080-exec-2[m] [36mValidateCountedFractionServiceImpl[m - Start method validateQuantityFractionsV1, tradeId -> 1074768
[30m2026-08-27T14:38:01,252[m [32mINFO  [m[[1;34mhttp-nio-8080-exec-2[m] [36mValidateCountedFractionServiceImpl[m - Start method validateMaximumLimitFractionsV1
[30m2026-08-27T14:38:01,252[m [32mINFO  [m[[1;34mhttp-nio-8080-exec-2[m] [36mValidateCountedFractionServiceImpl[m - Start method validateQuantityFractionsV1, tradeId -> 1075557
[30m2026-08-27T14:38:01,252[m [32mINFO  [m[[1;34mhttp-nio-8080-exec-2[m] [36mValidateCountedFractionServiceImpl[m - Start method validateMaximumLimitFractionsV1
[30m2026-08-27T14:38:01,252[m [32mINFO  [m[[1;34mhttp-nio-8080-exec-2[m] [36mValidateCountedFractionServiceImpl[m - Start method validateQuantityFractionsV1, tradeId -> 1075558
[30m2026-08-27T14:38:01,252[m [32mINFO  [m[[1;34mhttp-nio-8080-exec-2[m] [36mValidateCountedFractionServiceImpl[m - Start method validateMaximumLimitFractionsV1
[30m2026-08-27T14:38:01,252[m [32mINFO  [m[[1;34mhttp-nio-8080-exec-2[m] [36mValidateCountedFractionServiceImpl[m - Start method validateQuantityFractionsV1, tradeId -> 1074769
[30m2026-08-27T14:38:01,253[m [32mINFO  [m[[1;34mhttp-nio-8080-exec-2[m] [36mValidateCountedFractionServiceImpl[m - Start method validateMaximumLimitFractionsV1
[30m2026-08-27T14:38:01,253[m [32mINFO  [m[[1;34mhttp-nio-8080-exec-2[m] [36mValidateCountedFractionServiceImpl[m - Start method validateQuantityFractionsV1, tradeId -> 1075559
[30m2026-08-27T14:38:01,253[m [32mINFO  [m[[1;34mhttp-nio-8080-exec-2[m] [36mValidateCountedFractionServiceImpl[m - Start method validateMaximumLimitFractionsV1
[30m2026-08-27T14:38:01,253[m [32mINFO  [m[[1;34mhttp-nio-8080-exec-2[m] [36mValidateCountedFractionServiceImpl[m - Start method validateQuantityFractionsV1, tradeId -> 1068649
[30m2026-08-27T14:38:01,253[m [32mINFO  [m[[1;34mhttp-nio-8080-exec-2[m] [36mValidateCountedFractionServiceImpl[m - Start method validateMaximumLimitFractionsV1
[30m2026-08-27T14:38:01,253[m [32mINFO  [m[[1;34mhttp-nio-8080-exec-2[m] [36mValidateCountedFractionServiceImpl[m - Start method validateQuantityFractionsV1, tradeId -> 1068650
[30m2026-08-27T14:38:01,253[m [32mINFO  [m[[1;34mhttp-nio-8080-exec-2[m] [36mValidateCountedFractionServiceImpl[m - Start method validateMaximumLimitFractionsV1
[30m2026-08-27T14:38:01,253[m [32mINFO  [m[[1;34mhttp-nio-8080-exec-2[m] [36mValidateCountedFractionServiceImpl[m - Start method validateQuantityFractionsV1, tradeId -> 1076290
[30m2026-08-27T14:38:01,253[m [32mINFO  [m[[1;34mhttp-nio-8080-exec-2[m] [36mValidateCountedFractionServiceImpl[m - Start method validateMaximumLimitFractionsV1
[30m2026-08-27T14:38:01,253[m [32mINFO  [m[[1;34mhttp-nio-8080-exec-2[m] [36mValidateCountedFractionServiceImpl[m - Start method validateQuantityFractionsV1, tradeId -> 1074770
[30m2026-08-27T14:38:01,253[m [32mINFO  [m[[1;34mhttp-nio-8080-exec-2[m] [36mValidateCountedFractionServiceImpl[m - Start method validateMaximumLimitFractionsV1
[30m2026-08-27T14:38:01,253[m [32mINFO  [m[[1;34mhttp-nio-8080-exec-2[m] [36mValidateCountedFractionServiceImpl[m - Start method validateQuantityFractionsV1, tradeId -> 1075560
[30m2026-08-27T14:38:01,253[m [32mINFO  [m[[1;34mhttp-nio-8080-exec-2[m] [36mValidateCountedFractionServiceImpl[m - Start method validateMaximumLimitFractionsV1
[30m2026-08-27T14:38:01,253[m [32mINFO  [m[[1;34mhttp-nio-8080-exec-2[m] [36mValidateCountedFractionServiceImpl[m - Start method validateQuantityFractionsV1, tradeId -> 1075561
[30m2026-08-27T14:38:01,253[m [32mINFO  [m[[1;34mhttp-nio-8080-exec-2[m] [36mValidateCountedFractionServiceImpl[m - Start method validateMaximumLimitFractionsV1
[30m2026-08-27T14:38:01,253[m [32mINFO  [m[[1;34mhttp-nio-8080-exec-2[m] [36mValidateCountedFractionServiceImpl[m - Start method validateQuantityFractionsV1, tradeId -> 1068651
[30m2026-08-27T14:38:01,253[m [32mINFO  [m[[1;34mhttp-nio-8080-exec-2[m] [36mValidateCountedFractionServiceImpl[m - Start method validateMaximumLimitFractionsV1
[30m2026-08-27T14:38:01,253[m [32mINFO  [m[[1;34mhttp-nio-8080-exec-2[m] [36mValidateCountedFractionServiceImpl[m - Start method validateQuantityFractionsV1, tradeId -> 1074771
[30m2026-08-27T14:38:01,253[m [32mINFO  [m[[1;34mhttp-nio-8080-exec-2[m] [36mValidateCountedFractionServiceImpl[m - Start method validateMaximumLimitFractionsV1
[30m2026-08-27T14:38:01,253[m [32mINFO  [m[[1;34mhttp-nio-8080-exec-2[m] [36mValidateCountedFractionServiceImpl[m - Start method validateQuantityFractionsV1, tradeId -> 1075562
[30m2026-08-27T14:38:01,253[m [32mINFO  [m[[1;34mhttp-nio-8080-exec-2[m] [36mValidateCountedFractionServiceImpl[m - Start method validateMaximumLimitFractionsV1
[30m2026-08-27T14:38:01,253[m [32mINFO  [m[[1;34mhttp-nio-8080-exec-2[m] [36mValidateCountedFractionServiceImpl[m - Start method validateQuantityFractionsV1, tradeId -> 1075563
[30m2026-08-27T14:38:01,253[m [32mINFO  [m[[1;34mhttp-nio-8080-exec-2[m] [36mValidateCountedFractionServiceImpl[m - Start method validateMaximumLimitFractionsV1
[30m2026-08-27T14:38:01,253[m [32mINFO  [m[[1;34mhttp-nio-8080-exec-2[m] [36mValidateCountedFractionServiceImpl[m - Start method validateQuantityFractionsV1, tradeId -> 1074811
[30m2026-08-27T14:38:01,253[m [32mINFO  [m[[1;34mhttp-nio-8080-exec-2[m] [36mValidateCountedFractionServiceImpl[m - Start method validateMaximumLimitFractionsV1
[30m2026-08-27T14:38:01,253[m [32mINFO  [m[[1;34mhttp-nio-8080-exec-2[m] [36mValidateCountedFractionServiceImpl[m - Start method validateQuantityFractionsV1, tradeId -> 1068652
[30m2026-08-27T14:38:01,253[m [32mINFO  [m[[1;34mhttp-nio-8080-exec-2[m] [36mValidateCountedFractionServiceImpl[m - Start method validateMaximumLimitFractionsV1
[30m2026-08-27T14:38:01,253[m [32mINFO  [m[[1;34mhttp-nio-8080-exec-2[m] [36mValidateCountedFractionServiceImpl[m - Start method validateQuantityFractionsV1, tradeId -> 1074815
[30m2026-08-27T14:38:01,253[m [32mINFO  [m[[1;34mhttp-nio-8080-exec-2[m] [36mValidateCountedFractionServiceImpl[m - Start method validateMaximumLimitFractionsV1
[30m2026-08-27T14:38:01,253[m [32mINFO  [m[[1;34mhttp-nio-8080-exec-2[m] [36mValidateCountedFractionServiceImpl[m - Start method validateQuantityFractionsV1, tradeId -> 1068654
[30m2026-08-27T14:38:01,253[m [32mINFO  [m[[1;34mhttp-nio-8080-exec-2[m] [36mValidateCountedFractionServiceImpl[m - Start method validateMaximumLimitFractionsV1
[30m2026-08-27T14:38:01,253[m [32mINFO  [m[[1;34mhttp-nio-8080-exec-2[m] [36mValidateCountedFractionServiceImpl[m - Start method validateQuantityFractionsV1, tradeId -> 1068655
[30m2026-08-27T14:38:01,253[m [32mINFO  [m[[1;34mhttp-nio-8080-exec-2[m] [36mValidateCountedFractionServiceImpl[m - Start method validateMaximumLimitFractionsV1
[30m2026-08-27T14:38:01,253[m [32mINFO  [m[[1;34mhttp-nio-8080-exec-2[m] [36mValidateCountedFractionServiceImpl[m - Start method validateQuantityFractionsV1, tradeId -> 1068656
[30m2026-08-27T14:38:01,253[m [32mINFO  [m[[1;34mhttp-nio-8080-exec-2[m] [36mValidateCountedFractionServiceImpl[m - Start method validateMaximumLimitFractionsV1
[30m2026-08-27T14:38:01,253[m [32mINFO  [m[[1;34mhttp-nio-8080-exec-2[m] [36mValidateCountedFractionServiceImpl[m - Start method validateQuantityFractionsV1, tradeId -> 1076292
[30m2026-08-27T14:38:01,253[m [32mINFO  [m[[1;34mhttp-nio-8080-exec-2[m] [36mValidateCountedFractionServiceImpl[m - Start method validateMaximumLimitFractionsV1
[30m2026-08-27T14:38:01,253[m [32mINFO  [m[[1;34mhttp-nio-8080-exec-2[m] [36mValidateCountedFractionServiceImpl[m - Start method validateQuantityFractionsV1, tradeId -> 1076293
[30m2026-08-27T14:38:01,253[m [32mINFO  [m[[1;34mhttp-nio-8080-exec-2[m] [36mValidateCountedFractionServiceImpl[m - Start method validateMaximumLimitFractionsV1
[30m2026-08-27T14:38:01,254[m [32mINFO  [m[[1;34mhttp-nio-8080-exec-2[m] [36mValidateCountedFractionServiceImpl[m - Start method validateQuantityFractionsV1, tradeId -> 1074774
[30m2026-08-27T14:38:01,254[m [32mINFO  [m[[1;34mhttp-nio-8080-exec-2[m] [36mValidateCountedFractionServiceImpl[m - Start method validateMaximumLimitFractionsV1
[30m2026-08-27T14:38:01,254[m [32mINFO  [m[[1;34mhttp-nio-8080-exec-2[m] [36mValidateCountedFractionServiceImpl[m - Start method validateQuantityFractionsV1, tradeId -> 1075569
[30m2026-08-27T14:38:01,254[m [32mINFO  [m[[1;34mhttp-nio-8080-exec-2[m] [36mValidateCountedFractionServiceImpl[m - Start method validateMaximumLimitFractionsV1
[30m2026-08-27T14:38:01,254[m [32mINFO  [m[[1;34mhttp-nio-8080-exec-2[m] [36mValidateCountedFractionServiceImpl[m - Start method validateQuantityFractionsV1, tradeId -> 1068657
[30m2026-08-27T14:38:01,254[m [32mINFO  [m[[1;34mhttp-nio-8080-exec-2[m] [36mValidateCountedFractionServiceImpl[m - Start method validateMaximumLimitFractionsV1
[30m2026-08-27T14:38:01,254[m [32mINFO  [m[[1;34mhttp-nio-8080-exec-2[m] [36mValidateCountedFractionServiceImpl[m - Start method validateQuantityFractionsV1, tradeId -> 1068658
[30m2026-08-27T14:38:01,254[m [32mINFO  [m[[1;34mhttp-nio-8080-exec-2[m] [36mValidateCountedFractionServiceImpl[m - Start method validateMaximumLimitFractionsV1
[30m2026-08-27T14:38:01,254[m [32mINFO  [m[[1;34mhttp-nio-8080-exec-2[m] [36mValidateCountedFractionServiceImpl[m - Start method validateQuantityFractionsV1, tradeId -> 1074816
[30m2026-08-27T14:38:01,254[m [32mINFO  [m[[1;34mhttp-nio-8080-exec-2[m] [36mValidateCountedFractionServiceImpl[m - Start method validateMaximumLimitFractionsV1
[30m2026-08-27T14:38:01,254[m [32mINFO  [m[[1;34mhttp-nio-8080-exec-2[m] [36mValidateCountedFractionServiceImpl[m - Start method validateQuantityFractionsV1, tradeId -> 1068659
[30m2026-08-27T14:38:01,254[m [32mINFO  [m[[1;34mhttp-nio-8080-exec-2[m] [36mValidateCountedFractionServiceImpl[m - Start method validateMaximumLimitFractionsV1
[30m2026-08-27T14:38:01,254[m [32mINFO  [m[[1;34mhttp-nio-8080-exec-2[m] [36mValidateCountedFractionServiceImpl[m - Start method validateQuantityFractionsV1, tradeId -> 1074817
[30m2026-08-27T14:38:01,254[m [32mINFO  [m[[1;34mhttp-nio-8080-exec-2[m] [36mValidateCountedFractionServiceImpl[m - Start method validateMaximumLimitFractionsV1
[30m2026-08-27T14:38:01,254[m [32mINFO  [m[[1;34mhttp-nio-8080-exec-2[m] [36mValidateCountedFractionServiceImpl[m - Start method validateQuantityFractionsV1, tradeId -> 1075570
[30m2026-08-27T14:38:01,254[m [32mINFO  [m[[1;34mhttp-nio-8080-exec-2[m] [36mValidateCountedFractionServiceImpl[m - Start method validateMaximumLimitFractionsV1
[30m2026-08-27T14:38:01,254[m [32mINFO  [m[[1;34mhttp-nio-8080-exec-2[m] [36mValidateCountedFractionServiceImpl[m - Start method validateQuantityFractionsV1, tradeId -> 1074776
[30m2026-08-27T14:38:01,254[m [32mINFO  [m[[1;34mhttp-nio-8080-exec-2[m] [36mValidateCountedFractionServiceImpl[m - Start method validateMaximumLimitFractionsV1
[30m2026-08-27T14:38:01,254[m [32mINFO  [m[[1;34mhttp-nio-8080-exec-2[m] [36mValidateCountedFractionServiceImpl[m - Start method validateQuantityFractionsV1, tradeId -> 1076295
[30m2026-08-27T14:38:01,254[m [32mINFO  [m[[1;34mhttp-nio-8080-exec-2[m] [36mValidateCountedFractionServiceImpl[m - Start method validateMaximumLimitFractionsV1
[30m2026-08-27T14:38:01,254[m [32mINFO  [m[[1;34mhttp-nio-8080-exec-2[m] [36mValidateCountedFractionServiceImpl[m - Start method validateQuantityFractionsV1, tradeId -> 1074818
[30m2026-08-27T14:38:01,254[m [32mINFO  [m[[1;34mhttp-nio-8080-exec-2[m] [36mValidateCountedFractionServiceImpl[m - Start method validateMaximumLimitFractionsV1
[30m2026-08-27T14:38:01,254[m [32mINFO  [m[[1;34mhttp-nio-8080-exec-2[m] [36mValidateCountedFractionServiceImpl[m - Start method validateQuantityFractionsV1, tradeId -> 1075571
[30m2026-08-27T14:38:01,254[m [32mINFO  [m[[1;34mhttp-nio-8080-exec-2[m] [36mValidateCountedFractionServiceImpl[m - Start method validateMaximumLimitFractionsV1
[30m2026-08-27T14:38:01,254[m [32mINFO  [m[[1;34mhttp-nio-8080-exec-2[m] [36mValidateCountedFractionServiceImpl[m - Start method validateQuantityFractionsV1, tradeId -> 1075572
[30m2026-08-27T14:38:01,254[m [32mINFO  [m[[1;34mhttp-nio-8080-exec-2[m] [36mValidateCountedFractionServiceImpl[m - Start method validateMaximumLimitFractionsV1
[30m2026-08-27T14:38:01,254[m [32mINFO  [m[[1;34mhttp-nio-8080-exec-2[m] [36mValidateCountedFractionServiceImpl[m - Start method validateQuantityFractionsV1, tradeId -> 1074819
[30m2026-08-27T14:38:01,254[m [32mINFO  [m[[1;34mhttp-nio-8080-exec-2[m] [36mValidateCountedFractionServiceImpl[m - Start method validateMaximumLimitFractionsV1
[30m2026-08-27T14:38:01,255[m [32mINFO  [m[[1;34mhttp-nio-8080-exec-2[m] [36mFractionationCountedServiceImpl[m - PERF_ASSIGNMENT_VALIDATION_BATCH batchId=e53763eb-d995-40b6-9a76-29daad66ed69 inputCount=50 validCount=50 invalidCount=0 uniqueTrades=50 uniqueSides=1 uniqueParticipants=1 titleAccountResolutionRequests=50 titleAccountUniqueBusinessKeys=1 settlementLookupRequests=50 settlementUniqueTradeSides=50 settlementRepositoryCalls=1 settlementRowsLoaded=0 settlementPrefetchMs=2 cudLookupRequests=0 cudUniqueTradeSides=0 cudUniqueBusinessKeys=0 cudRepositoryCalls=0 cudRowsLoaded=0 cudPrefetchMs=0 tradePrefetchMs=166 sidePrefetchMs=0 participantPrefetchMs=12 accountResolutionMs=14 accountPrefetchMs=10 businessValidationMs=6 totalMs=213
[30m2026-08-27T14:38:01,255[m [32mINFO  [m[[1;34mhttp-nio-8080-exec-2[m] [36mRestClientUtils[m - Client [POST] http://operaciones-fracciones-contado-back-service/operations-fractionation-api/v1/fractionation/batch
[30m2026-08-27T14:38:03,230[m [32mINFO  [m[[1;34mhttp-nio-8080-exec-2[m] [36mFractionationCountedServiceImpl[m - PERF_ASSIGNMENT_BATCH service=cmd batchId=e53763eb-d995-40b6-9a76-29daad66ed69 mode=RAW_VALIDATED configuredMaxBatchSize=80 receivedBatchSize=50 processedCount=50 successCount=50 failureCount=0 fractionationMs=1975 totalMs=1975
[30m2026-08-27T14:38:03,230[m [32mINFO  [m[[1;34mhttp-nio-8080-exec-2[m] [36mFractionationCountedServiceImpl[m - PERF_ASSIGNMENT_BATCH service=cmd batchId=e53763eb-d995-40b6-9a76-29daad66ed69 mode=RAW configuredMaxBatchSize=80 receivedBatchSize=50 validCount=50 invalidCount=0 sentToFractionationCount=50 successCount=50 failureCount=0 totalMs=2189
[30m2026-08-27T14:38:03,232[m [32mINFO  [m[[1;34mhttp-nio-8080-exec-2[m] [36mGlobalFilter[m - Request [POST /operations-cmd-api/v1/fractionation/counted-operation/batch] completed in 2193 ms with status 200
[30m2026-08-27T14:38:03,275[m [32mINFO  [m[[1;34mhttp-nio-8080-exec-3[m] [36mGlobalFilter[m - ----------- Client User: operaciones-orquestador-ext-back ----------
[30m2026-08-27T14:38:03,557[m [32mINFO  [m[[1;34mhttp-nio-8080-exec-3[m] [36mValidateCountedFractionServiceImpl[m - Start method validateAccountFractionAssignmentV1, accountNumber -> 4021801, tradeId -> 1068660, sideId -> 1, originId -> 122, isLocalCorrection -> false
[30m2026-08-27T14:38:03,557[m [32mINFO  [m[[1;34mhttp-nio-8080-exec-3[m] [36mValidateCountedFractionServiceImpl[m - Searching participant account assignment for accountNumber -> 4021801, participantId -> 15, depositoryId -> 1
[30m2026-08-27T14:38:03,560[m [32mINFO  [m[[1;34mhttp-nio-8080-exec-3[m] [36mValidateCountedFractionServiceImpl[m - No participant account found for accountNumber -> 4021801
[30m2026-08-27T14:38:03,573[m [32mINFO  [m[[1;34mhttp-nio-8080-exec-3[m] [36mValidateCountedFractionServiceImpl[m - End method validateAccountFractionAssignmentV1, fractionAccountOutDto -> FractionAccountOutDto(participantAccount=null, investorAccount=InvestorAccountOutDto(id=57, investor=InvestorOutDto(id=167, code=CL00000001, firstName=Prueba Nombre 1, lastName=Prueba Nombre 2, companyName=TERCERO3509748, type=TypeOutDto(id=2, description=JURIDICO, category=PERSONA), status=StatusOutDto(id=515, description=ACTIVO, category=INVERSIONISTA, shortName=null), country=CountryOutDto(id=35, code=CL, name=CHILE, currency=CurrencyOutDto(id=30, code=CLP, name=PESO CHILENO), timeZone=UTC -3), documentNumber=8605303170, identificationType=IdentificationTypeOutDto(id=5, description=CEDULA DE CIUDADANÍA, code=CC), nationality=35, clearinghouseCode=null, gics=null, moneyLaunderingFlag=null, taxStatus=null), accountNumber=4021801, accountName=AMBIENTE 3  PRUEBA 3, status=StatusOutDto(id=570, description=ACTIVO, category=CUENTA_INVERSIONISTA, shortName=null), originType=TypeOutDto(id=120, description=TERCEROS, category=ORIGEN PUNTA), type=TypeOutDto(id=26, description=CUENTA DEPOSITO, category=CUENTA DEPOSITO), depository=DepositoryOutDto(id=1, description=DVL), participant=null, taxExemp=false), sourceQuoteType=TypeOutDto(id=120, description=TERCEROS, category=ORIGEN PUNTA), fiduciarySpecialist=false, jointAccount=false, masterAccount=false, custodian=null, milaDirectDepositor=null)
[30m2026-08-27T14:38:03,603[m [32mINFO  [m[[1;34mhttp-nio-8080-exec-3[m] [36mValidateCountedFractionServiceImpl[m - Start method validateQuantityFractionsV1, tradeId -> 1068660
[30m2026-08-27T14:38:03,604[m [32mINFO  [m[[1;34mhttp-nio-8080-exec-3[m] [36mValidateCountedFractionServiceImpl[m - Start method validateMaximumLimitFractionsV1
[30m2026-08-27T14:38:03,605[m [32mINFO  [m[[1;34mhttp-nio-8080-exec-3[m] [36mValidateCountedFractionServiceImpl[m - Start method validateQuantityFractionsV1, tradeId -> 1074779
[30m2026-08-27T14:38:03,605[m [32mINFO  [m[[1;34mhttp-nio-8080-exec-3[m] [36mValidateCountedFractionServiceImpl[m - Start method validateMaximumLimitFractionsV1
[30m2026-08-27T14:38:03,605[m [32mINFO  [m[[1;34mhttp-nio-8080-exec-3[m] [36mValidateCountedFractionServiceImpl[m - Start method validateQuantityFractionsV1, tradeId -> 1074782
[30m2026-08-27T14:38:03,605[m [32mINFO  [m[[1;34mhttp-nio-8080-exec-3[m] [36mValidateCountedFractionServiceImpl[m - Start method validateMaximumLimitFractionsV1
[30m2026-08-27T14:38:03,605[m [32mINFO  [m[[1;34mhttp-nio-8080-exec-3[m] [36mValidateCountedFractionServiceImpl[m - Start method validateQuantityFractionsV1, tradeId -> 1074823
[30m2026-08-27T14:38:03,605[m [32mINFO  [m[[1;34mhttp-nio-8080-exec-3[m] [36mValidateCountedFractionServiceImpl[m - Start method validateMaximumLimitFractionsV1
[30m2026-08-27T14:38:03,606[m [32mINFO  [m[[1;34mhttp-nio-8080-exec-3[m] [36mValidateCountedFractionServiceImpl[m - Start method validateQuantityFractionsV1, tradeId -> 1075576
[30m2026-08-27T14:38:03,606[m [32mINFO  [m[[1;34mhttp-nio-8080-exec-3[m] [36mValidateCountedFractionServiceImpl[m - Start method validateMaximumLimitFractionsV1
[30m2026-08-27T14:38:03,606[m [32mINFO  [m[[1;34mhttp-nio-8080-exec-3[m] [36mValidateCountedFractionServiceImpl[m - Start method validateQuantityFractionsV1, tradeId -> 1068667
[30m2026-08-27T14:38:03,606[m [32mINFO  [m[[1;34mhttp-nio-8080-exec-3[m] [36mValidateCountedFractionServiceImpl[m - Start method validateMaximumLimitFractionsV1
[30m2026-08-27T14:38:03,606[m [32mINFO  [m[[1;34mhttp-nio-8080-exec-3[m] [36mValidateCountedFractionServiceImpl[m - Start method validateQuantityFractionsV1, tradeId -> 1075577
[30m2026-08-27T14:38:03,606[m [32mINFO  [m[[1;34mhttp-nio-8080-exec-3[m] [36mValidateCountedFractionServiceImpl[m - Start method validateMaximumLimitFractionsV1
[30m2026-08-27T14:38:03,606[m [32mINFO  [m[[1;34mhttp-nio-8080-exec-3[m] [36mValidateCountedFractionServiceImpl[m - Start method validateQuantityFractionsV1, tradeId -> 1075578
[30m2026-08-27T14:38:03,606[m [32mINFO  [m[[1;34mhttp-nio-8080-exec-3[m] [36mValidateCountedFractionServiceImpl[m - Start method validateMaximumLimitFractionsV1
[30m2026-08-27T14:38:03,606[m [32mINFO  [m[[1;34mhttp-nio-8080-exec-3[m] [36mValidateCountedFractionServiceImpl[m - Start method validateQuantityFractionsV1, tradeId -> 1076298
[30m2026-08-27T14:38:03,606[m [32mINFO  [m[[1;34mhttp-nio-8080-exec-3[m] [36mValidateCountedFractionServiceImpl[m - Start method validateMaximumLimitFractionsV1
[30m2026-08-27T14:38:03,606[m [32mINFO  [m[[1;34mhttp-nio-8080-exec-3[m] [36mValidateCountedFractionServiceImpl[m - Start method validateQuantityFractionsV1, tradeId -> 1074785
[30m2026-08-27T14:38:03,607[m [32mINFO  [m[[1;34mhttp-nio-8080-exec-3[m] [36mValidateCountedFractionServiceImpl[m - Start method validateMaximumLimitFractionsV1
[30m2026-08-27T14:38:03,607[m [32mINFO  [m[[1;34mhttp-nio-8080-exec-3[m] [36mValidateCountedFractionServiceImpl[m - Start method validateQuantityFractionsV1, tradeId -> 1074826
[30m2026-08-27T14:38:03,607[m [32mINFO  [m[[1;34mhttp-nio-8080-exec-3[m] [36mValidateCountedFractionServiceImpl[m - Start method validateMaximumLimitFractionsV1
[30m2026-08-27T14:38:03,607[m [32mINFO  [m[[1;34mhttp-nio-8080-exec-3[m] [36mValidateCountedFractionServiceImpl[m - Start method validateQuantityFractionsV1, tradeId -> 1074827
[30m2026-08-27T14:38:03,607[m [32mINFO  [m[[1;34mhttp-nio-8080-exec-3[m] [36mValidateCountedFractionServiceImpl[m - Start method validateMaximumLimitFractionsV1
[30m2026-08-27T14:38:03,607[m [32mINFO  [m[[1;34mhttp-nio-8080-exec-3[m] [36mValidateCountedFractionServiceImpl[m - Start method validateQuantityFractionsV1, tradeId -> 1068671
[30m2026-08-27T14:38:03,607[m [32mINFO  [m[[1;34mhttp-nio-8080-exec-3[m] [36mValidateCountedFractionServiceImpl[m - Start method validateMaximumLimitFractionsV1
[30m2026-08-27T14:38:03,607[m [32mINFO  [m[[1;34mhttp-nio-8080-exec-3[m] [36mValidateCountedFractionServiceImpl[m - Start method validateQuantityFractionsV1, tradeId -> 1074828
[30m2026-08-27T14:38:03,607[m [32mINFO  [m[[1;34mhttp-nio-8080-exec-3[m] [36mValidateCountedFractionServiceImpl[m - Start method validateMaximumLimitFractionsV1
[30m2026-08-27T14:38:03,607[m [32mINFO  [m[[1;34mhttp-nio-8080-exec-3[m] [36mValidateCountedFractionServiceImpl[m - Start method validateQuantityFractionsV1, tradeId -> 1074829
[30m2026-08-27T14:38:03,607[m [32mINFO  [m[[1;34mhttp-nio-8080-exec-3[m] [36mValidateCountedFractionServiceImpl[m - Start method validateMaximumLimitFractionsV1
[30m2026-08-27T14:38:03,607[m [32mINFO  [m[[1;34mhttp-nio-8080-exec-3[m] [36mValidateCountedFractionServiceImpl[m - Start method validateQuantityFractionsV1, tradeId -> 1075581
[30m2026-08-27T14:38:03,608[m [32mINFO  [m[[1;34mhttp-nio-8080-exec-3[m] [36mValidateCountedFractionServiceImpl[m - Start method validateMaximumLimitFractionsV1
[30m2026-08-27T14:38:03,608[m [32mINFO  [m[[1;34mhttp-nio-8080-exec-3[m] [36mValidateCountedFractionServiceImpl[m - Start method validateQuantityFractionsV1, tradeId -> 1074830
[30m2026-08-27T14:38:03,608[m [32mINFO  [m[[1;34mhttp-nio-8080-exec-3[m] [36mValidateCountedFractionServiceImpl[m - Start method validateMaximumLimitFractionsV1
[30m2026-08-27T14:38:03,608[m [32mINFO  [m[[1;34mhttp-nio-8080-exec-3[m] [36mValidateCountedFractionServiceImpl[m - Start method validateQuantityFractionsV1, tradeId -> 1075582
[30m2026-08-27T14:38:03,608[m [32mINFO  [m[[1;34mhttp-nio-8080-exec-3[m] [36mValidateCountedFractionServiceImpl[m - Start method validateMaximumLimitFractionsV1
[30m2026-08-27T14:38:03,608[m [32mINFO  [m[[1;34mhttp-nio-8080-exec-3[m] [36mValidateCountedFractionServiceImpl[m - Start method validateQuantityFractionsV1, tradeId -> 1068672
[30m2026-08-27T14:38:03,608[m [32mINFO  [m[[1;34mhttp-nio-8080-exec-3[m] [36mValidateCountedFractionServiceImpl[m - Start method validateMaximumLimitFractionsV1
[30m2026-08-27T14:38:03,608[m [32mINFO  [m[[1;34mhttp-nio-8080-exec-3[m] [36mValidateCountedFractionServiceImpl[m - Start method validateQuantityFractionsV1, tradeId -> 1068673
[30m2026-08-27T14:38:03,608[m [32mINFO  [m[[1;34mhttp-nio-8080-exec-3[m] [36mValidateCountedFractionServiceImpl[m - Start method validateMaximumLimitFractionsV1
[30m2026-08-27T14:38:03,608[m [32mINFO  [m[[1;34mhttp-nio-8080-exec-3[m] [36mValidateCountedFractionServiceImpl[m - Start method validateQuantityFractionsV1, tradeId -> 1076301
[30m2026-08-27T14:38:03,608[m [32mINFO  [m[[1;34mhttp-nio-8080-exec-3[m] [36mValidateCountedFractionServiceImpl[m - Start method validateMaximumLimitFractionsV1
[30m2026-08-27T14:38:03,608[m [32mINFO  [m[[1;34mhttp-nio-8080-exec-3[m] [36mValidateCountedFractionServiceImpl[m - Start method validateQuantityFractionsV1, tradeId -> 1074788
[30m2026-08-27T14:38:03,608[m [32mINFO  [m[[1;34mhttp-nio-8080-exec-3[m] [36mValidateCountedFractionServiceImpl[m - Start method validateMaximumLimitFractionsV1
[30m2026-08-27T14:38:03,608[m [32mINFO  [m[[1;34mhttp-nio-8080-exec-3[m] [36mValidateCountedFractionServiceImpl[m - Start method validateQuantityFractionsV1, tradeId -> 1074831
[30m2026-08-27T14:38:03,608[m [32mINFO  [m[[1;34mhttp-nio-8080-exec-3[m] [36mValidateCountedFractionServiceImpl[m - Start method validateMaximumLimitFractionsV1
[30m2026-08-27T14:38:03,608[m [32mINFO  [m[[1;34mhttp-nio-8080-exec-3[m] [36mValidateCountedFractionServiceImpl[m - Start method validateQuantityFractionsV1, tradeId -> 1075584
[30m2026-08-27T14:38:03,608[m [32mINFO  [m[[1;34mhttp-nio-8080-exec-3[m] [36mValidateCountedFractionServiceImpl[m - Start method validateMaximumLimitFractionsV1
[30m2026-08-27T14:38:03,608[m [32mINFO  [m[[1;34mhttp-nio-8080-exec-3[m] [36mValidateCountedFractionServiceImpl[m - Start method validateQuantityFractionsV1, tradeId -> 1075586
[30m2026-08-27T14:38:03,608[m [32mINFO  [m[[1;34mhttp-nio-8080-exec-3[m] [36mValidateCountedFractionServiceImpl[m - Start method validateMaximumLimitFractionsV1
[30m2026-08-27T14:38:03,608[m [32mINFO  [m[[1;34mhttp-nio-8080-exec-3[m] [36mValidateCountedFractionServiceImpl[m - Start method validateQuantityFractionsV1, tradeId -> 1076305
[30m2026-08-27T14:38:03,608[m [32mINFO  [m[[1;34mhttp-nio-8080-exec-3[m] [36mValidateCountedFractionServiceImpl[m - Start method validateMaximumLimitFractionsV1
[30m2026-08-27T14:38:03,608[m [32mINFO  [m[[1;34mhttp-nio-8080-exec-3[m] [36mValidateCountedFractionServiceImpl[m - Start method validateQuantityFractionsV1, tradeId -> 1074793
[30m2026-08-27T14:38:03,608[m [32mINFO  [m[[1;34mhttp-nio-8080-exec-3[m] [36mValidateCountedFractionServiceImpl[m - Start method validateMaximumLimitFractionsV1
[30m2026-08-27T14:38:03,608[m [32mINFO  [m[[1;34mhttp-nio-8080-exec-3[m] [36mValidateCountedFractionServiceImpl[m - Start method validateQuantityFractionsV1, tradeId -> 1075588
[30m2026-08-27T14:38:03,608[m [32mINFO  [m[[1;34mhttp-nio-8080-exec-3[m] [36mValidateCountedFractionServiceImpl[m - Start method validateMaximumLimitFractionsV1
[30m2026-08-27T14:38:03,608[m [32mINFO  [m[[1;34mhttp-nio-8080-exec-3[m] [36mValidateCountedFractionServiceImpl[m - Start method validateQuantityFractionsV1, tradeId -> 1076308
[30m2026-08-27T14:38:03,608[m [32mINFO  [m[[1;34mhttp-nio-8080-exec-3[m] [36mValidateCountedFractionServiceImpl[m - Start method validateMaximumLimitFractionsV1
[30m2026-08-27T14:38:03,608[m [32mINFO  [m[[1;34mhttp-nio-8080-exec-3[m] [36mValidateCountedFractionServiceImpl[m - Start method validateQuantityFractionsV1, tradeId -> 1068677
[30m2026-08-27T14:38:03,608[m [32mINFO  [m[[1;34mhttp-nio-8080-exec-3[m] [36mValidateCountedFractionServiceImpl[m - Start method validateMaximumLimitFractionsV1
[30m2026-08-27T14:38:03,608[m [32mINFO  [m[[1;34mhttp-nio-8080-exec-3[m] [36mValidateCountedFractionServiceImpl[m - Start method validateQuantityFractionsV1, tradeId -> 1076309
[30m2026-08-27T14:38:03,608[m [32mINFO  [m[[1;34mhttp-nio-8080-exec-3[m] [36mValidateCountedFractionServiceImpl[m - Start method validateMaximumLimitFractionsV1
[30m2026-08-27T14:38:03,608[m [32mINFO  [m[[1;34mhttp-nio-8080-exec-3[m] [36mValidateCountedFractionServiceImpl[m - Start method validateQuantityFractionsV1, tradeId -> 1075589
[30m2026-08-27T14:38:03,608[m [32mINFO  [m[[1;34mhttp-nio-8080-exec-3[m] [36mValidateCountedFractionServiceImpl[m - Start method validateMaximumLimitFractionsV1
[30m2026-08-27T14:38:03,608[m [32mINFO  [m[[1;34mhttp-nio-8080-exec-3[m] [36mValidateCountedFractionServiceImpl[m - Start method validateQuantityFractionsV1, tradeId -> 1074834
[30m2026-08-27T14:38:03,608[m [32mINFO  [m[[1;34mhttp-nio-8080-exec-3[m] [36mValidateCountedFractionServiceImpl[m - Start method validateMaximumLimitFractionsV1
[30m2026-08-27T14:38:03,608[m [32mINFO  [m[[1;34mhttp-nio-8080-exec-3[m] [36mValidateCountedFractionServiceImpl[m - Start method validateQuantityFractionsV1, tradeId -> 1075590
[30m2026-08-27T14:38:03,608[m [32mINFO  [m[[1;34mhttp-nio-8080-exec-3[m] [36mValidateCountedFractionServiceImpl[m - Start method validateMaximumLimitFractionsV1
[30m2026-08-27T14:38:03,608[m [32mINFO  [m[[1;34mhttp-nio-8080-exec-3[m] [36mValidateCountedFractionServiceImpl[m - Start method validateQuantityFractionsV1, tradeId -> 1074835
[30m2026-08-27T14:38:03,608[m [32mINFO  [m[[1;34mhttp-nio-8080-exec-3[m] [36mValidateCountedFractionServiceImpl[m - Start method validateMaximumLimitFractionsV1
[30m2026-08-27T14:38:03,608[m [32mINFO  [m[[1;34mhttp-nio-8080-exec-3[m] [36mValidateCountedFractionServiceImpl[m - Start method validateQuantityFractionsV1, tradeId -> 1068678
[30m2026-08-27T14:38:03,609[m [32mINFO  [m[[1;34mhttp-nio-8080-exec-3[m] [36mValidateCountedFractionServiceImpl[m - Start method validateMaximumLimitFractionsV1
[30m2026-08-27T14:38:03,609[m [32mINFO  [m[[1;34mhttp-nio-8080-exec-3[m] [36mValidateCountedFractionServiceImpl[m - Start method validateQuantityFractionsV1, tradeId -> 1074796
[30m2026-08-27T14:38:03,609[m [32mINFO  [m[[1;34mhttp-nio-8080-exec-3[m] [36mValidateCountedFractionServiceImpl[m - Start method validateMaximumLimitFractionsV1
[30m2026-08-27T14:38:03,609[m [32mINFO  [m[[1;34mhttp-nio-8080-exec-3[m] [36mValidateCountedFractionServiceImpl[m - Start method validateQuantityFractionsV1, tradeId -> 1068681
[30m2026-08-27T14:38:03,609[m [32mINFO  [m[[1;34mhttp-nio-8080-exec-3[m] [36mValidateCountedFractionServiceImpl[m - Start method validateMaximumLimitFractionsV1
[30m2026-08-27T14:38:03,609[m [32mINFO  [m[[1;34mhttp-nio-8080-exec-3[m] [36mValidateCountedFractionServiceImpl[m - Start method validateQuantityFractionsV1, tradeId -> 1075592
[30m2026-08-27T14:38:03,609[m [32mINFO  [m[[1;34mhttp-nio-8080-exec-3[m] [36mValidateCountedFractionServiceImpl[m - Start method validateMaximumLimitFractionsV1
[30m2026-08-27T14:38:03,609[m [32mINFO  [m[[1;34mhttp-nio-8080-exec-3[m] [36mValidateCountedFractionServiceImpl[m - Start method validateQuantityFractionsV1, tradeId -> 1074838
[30m2026-08-27T14:38:03,609[m [32mINFO  [m[[1;34mhttp-nio-8080-exec-3[m] [36mValidateCountedFractionServiceImpl[m - Start method validateMaximumLimitFractionsV1
[30m2026-08-27T14:38:03,609[m [32mINFO  [m[[1;34mhttp-nio-8080-exec-3[m] [36mValidateCountedFractionServiceImpl[m - Start method validateQuantityFractionsV1, tradeId -> 1076310
[30m2026-08-27T14:38:03,609[m [32mINFO  [m[[1;34mhttp-nio-8080-exec-3[m] [36mValidateCountedFractionServiceImpl[m - Start method validateMaximumLimitFractionsV1
[30m2026-08-27T14:38:03,609[m [32mINFO  [m[[1;34mhttp-nio-8080-exec-3[m] [36mValidateCountedFractionServiceImpl[m - Start method validateQuantityFractionsV1, tradeId -> 1074839
[30m2026-08-27T14:38:03,609[m [32mINFO  [m[[1;34mhttp-nio-8080-exec-3[m] [36mValidateCountedFractionServiceImpl[m - Start method validateMaximumLimitFractionsV1
[30m2026-08-27T14:38:03,609[m [32mINFO  [m[[1;34mhttp-nio-8080-exec-3[m] [36mValidateCountedFractionServiceImpl[m - Start method validateQuantityFractionsV1, tradeId -> 1075593
[30m2026-08-27T14:38:03,609[m [32mINFO  [m[[1;34mhttp-nio-8080-exec-3[m] [36mValidateCountedFractionServiceImpl[m - Start method validateMaximumLimitFractionsV1
[30m2026-08-27T14:38:03,609[m [32mINFO  [m[[1;34mhttp-nio-8080-exec-3[m] [36mValidateCountedFractionServiceImpl[m - Start method validateQuantityFractionsV1, tradeId -> 1074799
[30m2026-08-27T14:38:03,609[m [32mINFO  [m[[1;34mhttp-nio-8080-exec-3[m] [36mValidateCountedFractionServiceImpl[m - Start method validateMaximumLimitFractionsV1
[30m2026-08-27T14:38:03,609[m [32mINFO  [m[[1;34mhttp-nio-8080-exec-3[m] [36mValidateCountedFractionServiceImpl[m - Start method validateQuantityFractionsV1, tradeId -> 1068685
[30m2026-08-27T14:38:03,609[m [32mINFO  [m[[1;34mhttp-nio-8080-exec-3[m] [36mValidateCountedFractionServiceImpl[m - Start method validateMaximumLimitFractionsV1
[30m2026-08-27T14:38:03,609[m [32mINFO  [m[[1;34mhttp-nio-8080-exec-3[m] [36mValidateCountedFractionServiceImpl[m - Start method validateQuantityFractionsV1, tradeId -> 1074802
[30m2026-08-27T14:38:03,609[m [32mINFO  [m[[1;34mhttp-nio-8080-exec-3[m] [36mValidateCountedFractionServiceImpl[m - Start method validateMaximumLimitFractionsV1
[30m2026-08-27T14:38:03,609[m [32mINFO  [m[[1;34mhttp-nio-8080-exec-3[m] [36mValidateCountedFractionServiceImpl[m - Start method validateQuantityFractionsV1, tradeId -> 1068686
[30m2026-08-27T14:38:03,609[m [32mINFO  [m[[1;34mhttp-nio-8080-exec-3[m] [36mValidateCountedFractionServiceImpl[m - Start method validateMaximumLimitFractionsV1
[30m2026-08-27T14:38:03,609[m [32mINFO  [m[[1;34mhttp-nio-8080-exec-3[m] [36mValidateCountedFractionServiceImpl[m - Start method validateQuantityFractionsV1, tradeId -> 1068687
[30m2026-08-27T14:38:03,609[m [32mINFO  [m[[1;34mhttp-nio-8080-exec-3[m] [36mValidateCountedFractionServiceImpl[m - Start method validateMaximumLimitFractionsV1
[30m2026-08-27T14:38:03,609[m [32mINFO  [m[[1;34mhttp-nio-8080-exec-3[m] [36mValidateCountedFractionServiceImpl[m - Start method validateQuantityFractionsV1, tradeId -> 1074846
[30m2026-08-27T14:38:03,609[m [32mINFO  [m[[1;34mhttp-nio-8080-exec-3[m] [36mValidateCountedFractionServiceImpl[m - Start method validateMaximumLimitFractionsV1
[30m2026-08-27T14:38:03,609[m [32mINFO  [m[[1;34mhttp-nio-8080-exec-3[m] [36mValidateCountedFractionServiceImpl[m - Start method validateQuantityFractionsV1, tradeId -> 1074847
[30m2026-08-27T14:38:03,609[m [32mINFO  [m[[1;34mhttp-nio-8080-exec-3[m] [36mValidateCountedFractionServiceImpl[m - Start method validateMaximumLimitFractionsV1
[30m2026-08-27T14:38:03,609[m [32mINFO  [m[[1;34mhttp-nio-8080-exec-3[m] [36mFractionationCountedServiceImpl[m - PERF_ASSIGNMENT_VALIDATION_BATCH batchId=281b6fca-f854-49ba-b05d-61664889aaf7 inputCount=50 validCount=50 invalidCount=0 uniqueTrades=50 uniqueSides=1 uniqueParticipants=1 titleAccountResolutionRequests=50 titleAccountUniqueBusinessKeys=1 settlementLookupRequests=50 settlementUniqueTradeSides=50 settlementRepositoryCalls=1 settlementRowsLoaded=0 settlementPrefetchMs=11 cudLookupRequests=0 cudUniqueTradeSides=0 cudUniqueBusinessKeys=0 cudRepositoryCalls=0 cudRowsLoaded=0 cudPrefetchMs=0 tradePrefetchMs=263 sidePrefetchMs=0 participantPrefetchMs=16 accountResolutionMs=17 accountPrefetchMs=14 businessValidationMs=9 totalMs=332
[30m2026-08-27T14:38:03,610[m [32mINFO  [m[[1;34mhttp-nio-8080-exec-3[m] [36mRestClientUtils[m - Client [POST] http://operaciones-fracciones-contado-back-service/operations-fractionation-api/v1/fractionation/batch
[30m2026-08-27T14:38:05,567[m [32mINFO  [m[[1;34mhttp-nio-8080-exec-3[m] [36mFractionationCountedServiceImpl[m - PERF_ASSIGNMENT_BATCH service=cmd batchId=281b6fca-f854-49ba-b05d-61664889aaf7 mode=RAW_VALIDATED configuredMaxBatchSize=80 receivedBatchSize=50 processedCount=50 successCount=50 failureCount=0 fractionationMs=1957 totalMs=1957
[30m2026-08-27T14:38:05,568[m [32mINFO  [m[[1;34mhttp-nio-8080-exec-3[m] [36mFractionationCountedServiceImpl[m - PERF_ASSIGNMENT_BATCH service=cmd batchId=281b6fca-f854-49ba-b05d-61664889aaf7 mode=RAW configuredMaxBatchSize=80 receivedBatchSize=50 validCount=50 invalidCount=0 sentToFractionationCount=50 successCount=50 failureCount=0 totalMs=2290
[30m2026-08-27T14:38:05,569[m [32mINFO  [m[[1;34mhttp-nio-8080-exec-3[m] [36mGlobalFilter[m - Request [POST /operations-cmd-api/v1/fractionation/counted-operation/batch] completed in 2294 ms with status 200
[30m2026-08-27T14:38:05,607[m [32mINFO  [m[[1;34mhttp-nio-8080-exec-4[m] [36mGlobalFilter[m - ----------- Client User: operaciones-orquestador-ext-back ----------
[30m2026-08-27T14:38:05,671[m [32mINFO  [m[[1;34mhttp-nio-8080-exec-4[m] [36mValidateCountedFractionServiceImpl[m - Start method validateAccountFractionAssignmentV1, accountNumber -> 4021801, tradeId -> 1074805, sideId -> 1, originId -> 122, isLocalCorrection -> false
[30m2026-08-27T14:38:05,672[m [32mINFO  [m[[1;34mhttp-nio-8080-exec-4[m] [36mValidateCountedFractionServiceImpl[m - Searching participant account assignment for accountNumber -> 4021801, participantId -> 15, depositoryId -> 1
[30m2026-08-27T14:38:05,674[m [32mINFO  [m[[1;34mhttp-nio-8080-exec-4[m] [36mValidateCountedFractionServiceImpl[m - No participant account found for accountNumber -> 4021801
[30m2026-08-27T14:38:05,687[m [32mINFO  [m[[1;34mhttp-nio-8080-exec-4[m] [36mValidateCountedFractionServiceImpl[m - End method validateAccountFractionAssignmentV1, fractionAccountOutDto -> FractionAccountOutDto(participantAccount=null, investorAccount=InvestorAccountOutDto(id=57, investor=InvestorOutDto(id=167, code=CL00000001, firstName=Prueba Nombre 1, lastName=Prueba Nombre 2, companyName=TERCERO3509748, type=TypeOutDto(id=2, description=JURIDICO, category=PERSONA), status=StatusOutDto(id=515, description=ACTIVO, category=INVERSIONISTA, shortName=null), country=CountryOutDto(id=35, code=CL, name=CHILE, currency=CurrencyOutDto(id=30, code=CLP, name=PESO CHILENO), timeZone=UTC -3), documentNumber=8605303170, identificationType=IdentificationTypeOutDto(id=5, description=CEDULA DE CIUDADANÍA, code=CC), nationality=35, clearinghouseCode=null, gics=null, moneyLaunderingFlag=null, taxStatus=null), accountNumber=4021801, accountName=AMBIENTE 3  PRUEBA 3, status=StatusOutDto(id=570, description=ACTIVO, category=CUENTA_INVERSIONISTA, shortName=null), originType=TypeOutDto(id=120, description=TERCEROS, category=ORIGEN PUNTA), type=TypeOutDto(id=26, description=CUENTA DEPOSITO, category=CUENTA DEPOSITO), depository=DepositoryOutDto(id=1, description=DVL), participant=null, taxExemp=false), sourceQuoteType=TypeOutDto(id=120, description=TERCEROS, category=ORIGEN PUNTA), fiduciarySpecialist=false, jointAccount=false, masterAccount=false, custodian=null, milaDirectDepositor=null)
[30m2026-08-27T14:38:05,712[m [32mINFO  [m[[1;34mhttp-nio-8080-exec-4[m] [36mValidateCountedFractionServiceImpl[m - Start method validateQuantityFractionsV1, tradeId -> 1074805
[30m2026-08-27T14:38:05,712[m [32mINFO  [m[[1;34mhttp-nio-8080-exec-4[m] [36mValidateCountedFractionServiceImpl[m - Start method validateMaximumLimitFractionsV1
[30m2026-08-27T14:38:05,712[m [32mINFO  [m[[1;34mhttp-nio-8080-exec-4[m] [36mValidateCountedFractionServiceImpl[m - Start method validateQuantityFractionsV1, tradeId -> 1074853
[30m2026-08-27T14:38:05,712[m [32mINFO  [m[[1;34mhttp-nio-8080-exec-4[m] [36mValidateCountedFractionServiceImpl[m - Start method validateMaximumLimitFractionsV1
[30m2026-08-27T14:38:05,712[m [32mINFO  [m[[1;34mhttp-nio-8080-exec-4[m] [36mValidateCountedFractionServiceImpl[m - Start method validateQuantityFractionsV1, tradeId -> 1075605
[30m2026-08-27T14:38:05,712[m [32mINFO  [m[[1;34mhttp-nio-8080-exec-4[m] [36mValidateCountedFractionServiceImpl[m - Start method validateMaximumLimitFractionsV1
[30m2026-08-27T14:38:05,713[m [32mINFO  [m[[1;34mhttp-nio-8080-exec-4[m] [36mValidateCountedFractionServiceImpl[m - Start method validateQuantityFractionsV1, tradeId -> 1076319
[30m2026-08-27T14:38:05,713[m [32mINFO  [m[[1;34mhttp-nio-8080-exec-4[m] [36mValidateCountedFractionServiceImpl[m - Start method validateMaximumLimitFractionsV1
[30m2026-08-27T14:38:05,713[m [32mINFO  [m[[1;34mhttp-nio-8080-exec-4[m] [36mValidateCountedFractionServiceImpl[m - Start method validateQuantityFractionsV1, tradeId -> 1068690
[30m2026-08-27T14:38:05,713[m [32mINFO  [m[[1;34mhttp-nio-8080-exec-4[m] [36mValidateCountedFractionServiceImpl[m - Start method validateMaximumLimitFractionsV1
[30m2026-08-27T14:38:05,713[m [32mINFO  [m[[1;34mhttp-nio-8080-exec-4[m] [36mValidateCountedFractionServiceImpl[m - Start method validateQuantityFractionsV1, tradeId -> 1074854
[30m2026-08-27T14:38:05,713[m [32mINFO  [m[[1;34mhttp-nio-8080-exec-4[m] [36mValidateCountedFractionServiceImpl[m - Start method validateMaximumLimitFractionsV1
[30m2026-08-27T14:38:05,713[m [32mINFO  [m[[1;34mhttp-nio-8080-exec-4[m] [36mValidateCountedFractionServiceImpl[m - Start method validateQuantityFractionsV1, tradeId -> 1068691
[30m2026-08-27T14:38:05,713[m [32mINFO  [m[[1;34mhttp-nio-8080-exec-4[m] [36mValidateCountedFractionServiceImpl[m - Start method validateMaximumLimitFractionsV1
[30m2026-08-27T14:38:05,713[m [32mINFO  [m[[1;34mhttp-nio-8080-exec-4[m] [36mValidateCountedFractionServiceImpl[m - Start method validateQuantityFractionsV1, tradeId -> 1074808
[30m2026-08-27T14:38:05,713[m [32mINFO  [m[[1;34mhttp-nio-8080-exec-4[m] [36mValidateCountedFractionServiceImpl[m - Start method validateMaximumLimitFractionsV1
[30m2026-08-27T14:38:05,713[m [32mINFO  [m[[1;34mhttp-nio-8080-exec-4[m] [36mValidateCountedFractionServiceImpl[m - Start method validateQuantityFractionsV1, tradeId -> 1067101
[30m2026-08-27T14:38:05,713[m [32mINFO  [m[[1;34mhttp-nio-8080-exec-4[m] [36mValidateCountedFractionServiceImpl[m - Start method validateMaximumLimitFractionsV1
[30m2026-08-27T14:38:05,713[m [32mINFO  [m[[1;34mhttp-nio-8080-exec-4[m] [36mValidateCountedFractionServiceImpl[m - Start method validateQuantityFractionsV1, tradeId -> 1074858
[30m2026-08-27T14:38:05,713[m [32mINFO  [m[[1;34mhttp-nio-8080-exec-4[m] [36mValidateCountedFractionServiceImpl[m - Start method validateMaximumLimitFractionsV1
[30m2026-08-27T14:38:05,713[m [32mINFO  [m[[1;34mhttp-nio-8080-exec-4[m] [36mValidateCountedFractionServiceImpl[m - Start method validateQuantityFractionsV1, tradeId -> 1075612
[30m2026-08-27T14:38:05,713[m [32mINFO  [m[[1;34mhttp-nio-8080-exec-4[m] [36mValidateCountedFractionServiceImpl[m - Start method validateMaximumLimitFractionsV1
[30m2026-08-27T14:38:05,713[m [32mINFO  [m[[1;34mhttp-nio-8080-exec-4[m] [36mValidateCountedFractionServiceImpl[m - Start method validateQuantityFractionsV1, tradeId -> 1075613
[30m2026-08-27T14:38:05,713[m [32mINFO  [m[[1;34mhttp-nio-8080-exec-4[m] [36mValidateCountedFractionServiceImpl[m - Start method validateMaximumLimitFractionsV1
[30m2026-08-27T14:38:05,713[m [32mINFO  [m[[1;34mhttp-nio-8080-exec-4[m] [36mFractionationCountedServiceImpl[m - PERF_ASSIGNMENT_VALIDATION_BATCH batchId=704b4999-980f-4e21-b973-3a8f67264840 inputCount=12 validCount=12 invalidCount=0 uniqueTrades=12 uniqueSides=1 uniqueParticipants=1 titleAccountResolutionRequests=12 titleAccountUniqueBusinessKeys=1 settlementLookupRequests=12 settlementUniqueTradeSides=12 settlementRepositoryCalls=1 settlementRowsLoaded=0 settlementPrefetchMs=8 cudLookupRequests=0 cudUniqueTradeSides=0 cudUniqueBusinessKeys=0 cudRepositoryCalls=0 cudRowsLoaded=0 cudPrefetchMs=0 tradePrefetchMs=51 sidePrefetchMs=0 participantPrefetchMs=11 accountResolutionMs=16 accountPrefetchMs=11 businessValidationMs=5 totalMs=104
[30m2026-08-27T14:38:05,714[m [32mINFO  [m[[1;34mhttp-nio-8080-exec-4[m] [36mRestClientUtils[m - Client [POST] http://operaciones-fracciones-contado-back-service/operations-fractionation-api/v1/fractionation/batch
[30m2026-08-27T14:38:06,253[m [32mINFO  [m[[1;34mhttp-nio-8080-exec-4[m] [36mFractionationCountedServiceImpl[m - PERF_ASSIGNMENT_BATCH service=cmd batchId=704b4999-980f-4e21-b973-3a8f67264840 mode=RAW_VALIDATED configuredMaxBatchSize=80 receivedBatchSize=12 processedCount=12 successCount=12 failureCount=0 fractionationMs=539 totalMs=539
[30m2026-08-27T14:38:06,253[m [32mINFO  [m[[1;34mhttp-nio-8080-exec-4[m] [36mFractionationCountedServiceImpl[m - PERF_ASSIGNMENT_BATCH service=cmd batchId=704b4999-980f-4e21-b973-3a8f67264840 mode=RAW configuredMaxBatchSize=80 receivedBatchSize=12 validCount=12 invalidCount=0 sentToFractionationCount=12 successCount=12 failureCount=0 totalMs=644
[30m2026-08-27T14:38:06,254[m [32mINFO  [m[[1;34mhttp-nio-8080-exec-4[m] [36mGlobalFilter[m - Request [POST /operations-cmd-api/v1/fractionation/counted-operation/batch] completed in 647 ms with status 200
