[30m2026-08-31T11:46:35,240[m [32mINFO  [m[[1;34mhttp-nio-8080-exec-4[m] [36mGlobalFilter[m - ----------- Client User: operaciones-orquestador-ext-back ----------
[30m2026-08-31T11:46:35,240[m [32mINFO  [m[[1;34mhttp-nio-8080-exec-4[m] [36mCalculationServiceImpl[m - Start method settleAccountsV1, side -> BUY
[30m2026-08-31T11:46:35,240[m [32mINFO  [m[[1;34mhttp-nio-8080-exec-4[m] [36mCalculationServiceImpl[m - End method settleAccountsV1
[30m2026-08-31T11:46:35,240[m [32mINFO  [m[[1;34mhttp-nio-8080-exec-4[m] [36mCalculationServiceImpl[m - PERF_ASSIGNMENT service=calculos operation=settleAccounts result=SUCCESS side=BUY fractionCount=1 totalMs=0 validationMs=0 calculationAndMappingMs=0 dbQueryCount=0
[30m2026-08-31T11:46:35,267[m [32mINFO  [m[[1;34mhttp-nio-8080-exec-6[m] [36mGlobalFilter[m - ----------- Client User: operaciones-orquestador-ext-back ----------
[30m2026-08-31T11:46:35,267[m [32mINFO  [m[[1;34mhttp-nio-8080-exec-6[m] [36mCalculationServiceImpl[m - Start method settleAccountsV1, side -> BUY
[30m2026-08-31T11:46:35,267[m [32mINFO  [m[[1;34mhttp-nio-8080-exec-6[m] [36mCalculationServiceImpl[m - End method settleAccountsV1
[30m2026-08-31T11:46:35,267[m [32mINFO  [m[[1;34mhttp-nio-8080-exec-6[m] [36mCalculationServiceImpl[m - PERF_ASSIGNMENT service=calculos operation=settleAccounts result=SUCCESS side=BUY fractionCount=1 totalMs=0 validationMs=0 calculationAndMappingMs=0 dbQueryCount=0
[30m2026-08-31T11:46:35,294[m [32mINFO  [m[[1;34mhttp-nio-8080-exec-8[m] [36mGlobalFilter[m - ----------- Client User: operaciones-orquestador-ext-back ----------
[30m2026-08-31T11:46:35,294[m [32mINFO  [m[[1;34mhttp-nio-8080-exec-8[m] [36mCalculationServiceImpl[m - Start method settleAccountsV1, side -> BUY
[30m2026-08-31T11:46:35,294[m [32mINFO  [m[[1;34mhttp-nio-8080-exec-8[m] [36mCalculationServiceImpl[m - End method settleAccountsV1
[30m2026-08-31T11:46:35,294[m [32mINFO  [m[[1;34mhttp-nio-8080-exec-8[m] [36mCalculationServiceImpl[m - PERF_ASSIGNMENT service=calculos operation=settleAccounts result=SUCCESS side=BUY fractionCount=1 totalMs=0 validationMs=0 calculationAndMappingMs=0 dbQueryCount=0
[30m2026-08-31T11:46:35,320[m [32mINFO  [m[[1;34mhttp-nio-8080-exec-7[m] [36mGlobalFilter[m - ----------- Client User: operaciones-orquestador-ext-back ----------
[30m2026-08-31T11:46:35,321[m [32mINFO  [m[[1;34mhttp-nio-8080-exec-7[m] [36mCalculationServiceImpl[m - Start method settleAccountsV1, side -> BUY
[30m2026-08-31T11:46:35,321[m [32mINFO  [m[[1;34mhttp-nio-8080-exec-7[m] [36mCalculationServiceImpl[m - End method settleAccountsV1
[30m2026-08-31T11:46:35,321[m [32mINFO  [m[[1;34mhttp-nio-8080-exec-7[m] [36mCalculationServiceImpl[m - PERF_ASSIGNMENT service=calculos operation=settleAccounts result=SUCCESS side=BUY fractionCount=1 totalMs=0 validationMs=0 calculationAndMappingMs=0 dbQueryCount=0
[30m2026-08-31T11:46:35,348[m [32mINFO  [m[[1;34mhttp-nio-8080-exec-9[m] [36mGlobalFilter[m - ----------- Client User: operaciones-orquestador-ext-back ----------
[30m2026-08-31T11:46:35,349[m [32mINFO  [m[[1;34mhttp-nio-8080-exec-9[m] [36mCalculationServiceImpl[m - Start method settleAccountsV1, side -> BUY
[30m2026-08-31T11:46:35,349[m [32mINFO  [m[[1;34mhttp-nio-8080-exec-9[m] [36mCalculationServiceImpl[m - End method settleAccountsV1
[30m2026-08-31T11:46:35,349[m [32mINFO  [m[[1;34mhttp-nio-8080-exec-9[m] [36mCalculationServiceImpl[m - PERF_ASSIGNMENT service=calculos operation=settleAccounts result=SUCCESS side=BUY fractionCount=1 totalMs=0 validationMs=0 calculationAndMappingMs=0 dbQueryCount=0
[30m2026-08-31T11:46:35,374[m [32mINFO  [m[[1;34mhttp-nio-8080-exec-2[m] [36mGlobalFilter[m - ----------- Client User: operaciones-orquestador-ext-back ----------
[30m2026-08-31T11:46:35,375[m [32mINFO  [m[[1;34mhttp-nio-8080-exec-2[m] [36mCalculationServiceImpl[m - Start method settleAccountsV1, side -> BUY
[30m2026-08-31T11:46:35,375[m [32mINFO  [m[[1;34mhttp-nio-8080-exec-2[m] [36mCalculationServiceImpl[m - End method settleAccountsV1
[30m2026-08-31T11:46:35,375[m [32mINFO  [m[[1;34mhttp-nio-8080-exec-2[m] [36mCalculationServiceImpl[m - PERF_ASSIGNMENT service=calculos operation=settleAccounts result=SUCCESS side=BUY fractionCount=1 totalMs=0 validationMs=0 calculationAndMappingMs=0 dbQueryCount=0
[30m2026-08-31T11:46:35,400[m [32mINFO  [m[[1;34mhttp-nio-8080-exec-10[m] [36mGlobalFilter[m - ----------- Client User: operaciones-orquestador-ext-back ----------
[30m2026-08-31T11:46:35,401[m [32mINFO  [m[[1;34mhttp-nio-8080-exec-10[m] [36mCalculationServiceImpl[m - Start method settleAccountsV1, side -> BUY
[30m2026-08-31T11:46:35,401[m [32mINFO  [m[[1;34mhttp-nio-8080-exec-10[m] [36mCalculationServiceImpl[m - End method settleAccountsV1
[30m2026-08-31T11:46:35,401[m [32mINFO  [m[[1;34mhttp-nio-8080-exec-10[m] [36mCalculationServiceImpl[m - PERF_ASSIGNMENT service=calculos operation=settleAccounts result=SUCCESS side=BUY fractionCount=1 totalMs=0 validationMs=0 calculationAndMappingMs=0 dbQueryCount=0
[30m2026-08-31T11:46:35,427[m [32mINFO  [m[[1;34mhttp-nio-8080-exec-5[m] [36mGlobalFilter[m - ----------- Client User: operaciones-orquestador-ext-back ----------
[30m2026-08-31T11:46:35,428[m [32mINFO  [m[[1;34mhttp-nio-8080-exec-5[m] [36mCalculationServiceImpl[m - Start method settleAccountsV1, side -> BUY
[30m2026-08-31T11:46:35,428[m [32mINFO  [m[[1;34mhttp-nio-8080-exec-5[m] [36mCalculationServiceImpl[m - End method settleAccountsV1
[30m2026-08-31T11:46:35,428[m [32mINFO  [m[[1;34mhttp-nio-8080-exec-5[m] [36mCalculationServiceImpl[m - PERF_ASSIGNMENT service=calculos operation=settleAccounts result=SUCCESS side=BUY fractionCount=1 totalMs=0 validationMs=0 calculationAndMappingMs=0 dbQueryCount=0
[30m2026-08-31T11:46:35,453[m [32mINFO  [m[[1;34mhttp-nio-8080-exec-1[m] [36mGlobalFilter[m - ----------- Client User: operaciones-orquestador-ext-back ----------
[30m2026-08-31T11:46:35,453[m [32mINFO  [m[[1;34mhttp-nio-8080-exec-1[m] [36mCalculationServiceImpl[m - Start method settleAccountsV1, side -> BUY
[30m2026-08-31T11:46:35,453[m [32mINFO  [m[[1;34mhttp-nio-8080-exec-1[m] [36mCalculationServiceImpl[m - End method settleAccountsV1
[30m2026-08-31T11:46:35,454[m [32mINFO  [m[[1;34mhttp-nio-8080-exec-1[m] [36mCalculationServiceImpl[m - PERF_ASSIGNMENT service=calculos operation=settleAccounts result=SUCCESS side=BUY fractionCount=1 totalMs=0 validationMs=0 calculationAndMappingMs=0 dbQueryCount=0
[30m2026-08-31T11:46:35,478[m [32mINFO  [m[[1;34mhttp-nio-8080-exec-3[m] [36mGlobalFilter[m - ----------- Client User: operaciones-orquestador-ext-back ----------
[30m2026-08-31T11:46:35,478[m [32mINFO  [m[[1;34mhttp-nio-8080-exec-3[m] [36mCalculationServiceImpl[m - Start method settleAccountsV1, side -> BUY
[30m2026-08-31T11:46:35,478[m [32mINFO  [m[[1;34mhttp-nio-8080-exec-3[m] [36mCalculationServiceImpl[m - End method settleAccountsV1
[30m2026-08-31T11:46:35,478[m [32mINFO  [m[[1;34mhttp-nio-8080-exec-3[m] [36mCalculationServiceImpl[m - PERF_ASSIGNMENT service=calculos operation=settleAccounts result=SUCCESS side=BUY fractionCount=1 totalMs=0 validationMs=0 calculationAndMappingMs=0 dbQueryCount=0
[30m2026-08-31T11:46:35,503[m [32mINFO  [m[[1;34mhttp-nio-8080-exec-4[m] [36mGlobalFilter[m - ----------- Client User: operaciones-orquestador-ext-back ----------
[30m2026-08-31T11:46:35,504[m [32mINFO  [m[[1;34mhttp-nio-8080-exec-4[m] [36mCalculationServiceImpl[m - Start method settleAccountsV1, side -> BUY
[30m2026-08-31T11:46:35,504[m [32mINFO  [m[[1;34mhttp-nio-8080-exec-4[m] [36mCalculationServiceImpl[m - End method settleAccountsV1
[30m2026-08-31T11:46:35,504[m [32mINFO  [m[[1;34mhttp-nio-8080-exec-4[m] [36mCalculationServiceImpl[m - PERF_ASSIGNMENT service=calculos operation=settleAccounts result=SUCCESS side=BUY fractionCount=1 totalMs=0 validationMs=0 calculationAndMappingMs=0 dbQueryCount=0
[30m2026-08-31T11:46:35,530[m [32mINFO  [m[[1;34mhttp-nio-8080-exec-6[m] [36mGlobalFilter[m - ----------- Client User: operaciones-orquestador-ext-back ----------
[30m2026-08-31T11:46:35,531[m [32mINFO  [m[[1;34mhttp-nio-8080-exec-6[m] [36mCalculationServiceImpl[m - Start method settleAccountsV1, side -> BUY
[30m2026-08-31T11:46:35,531[m [32mINFO  [m[[1;34mhttp-nio-8080-exec-6[m] [36mCalculationServiceImpl[m - End method settleAccountsV1
[30m2026-08-31T11:46:35,531[m [32mINFO  [m[[1;34mhttp-nio-8080-exec-6[m] [36mCalculationServiceImpl[m - PERF_ASSIGNMENT service=calculos operation=settleAccounts result=SUCCESS side=BUY fractionCount=1 totalMs=0 validationMs=0 calculationAndMappingMs=0 dbQueryCount=0
[30m2026-08-31T11:46:35,558[m [32mINFO  [m[[1;34mhttp-nio-8080-exec-8[m] [36mGlobalFilter[m - ----------- Client User: operaciones-orquestador-ext-back ----------
[30m2026-08-31T11:46:35,558[m [32mINFO  [m[[1;34mhttp-nio-8080-exec-8[m] [36mCalculationServiceImpl[m - Start method settleAccountsV1, side -> BUY
[30m2026-08-31T11:46:35,558[m [32mINFO  [m[[1;34mhttp-nio-8080-exec-8[m] [36mCalculationServiceImpl[m - End method settleAccountsV1
[30m2026-08-31T11:46:35,558[m [32mINFO  [m[[1;34mhttp-nio-8080-exec-8[m] [36mCalculationServiceImpl[m - PERF_ASSIGNMENT service=calculos operation=settleAccounts result=SUCCESS side=BUY fractionCount=1 totalMs=0 validationMs=0 calculationAndMappingMs=0 dbQueryCount=0
[30m2026-08-31T11:46:35,585[m [32mINFO  [m[[1;34mhttp-nio-8080-exec-7[m] [36mGlobalFilter[m - ----------- Client User: operaciones-orquestador-ext-back ----------
[30m2026-08-31T11:46:35,585[m [32mINFO  [m[[1;34mhttp-nio-8080-exec-7[m] [36mCalculationServiceImpl[m - Start method settleAccountsV1, side -> BUY
[30m2026-08-31T11:46:35,585[m [32mINFO  [m[[1;34mhttp-nio-8080-exec-7[m] [36mCalculationServiceImpl[m - End method settleAccountsV1
[30m2026-08-31T11:46:35,585[m [32mINFO  [m[[1;34mhttp-nio-8080-exec-7[m] [36mCalculationServiceImpl[m - PERF_ASSIGNMENT service=calculos operation=settleAccounts result=SUCCESS side=BUY fractionCount=1 totalMs=0 validationMs=0 calculationAndMappingMs=0 dbQueryCount=0
[30m2026-08-31T11:46:35,611[m [32mINFO  [m[[1;34mhttp-nio-8080-exec-9[m] [36mGlobalFilter[m - ----------- Client User: operaciones-orquestador-ext-back ----------
[30m2026-08-31T11:46:35,611[m [32mINFO  [m[[1;34mhttp-nio-8080-exec-9[m] [36mCalculationServiceImpl[m - Start method settleAccountsV1, side -> BUY
[30m2026-08-31T11:46:35,611[m [32mINFO  [m[[1;34mhttp-nio-8080-exec-9[m] [36mCalculationServiceImpl[m - End method settleAccountsV1
[30m2026-08-31T11:46:35,611[m [32mINFO  [m[[1;34mhttp-nio-8080-exec-9[m] [36mCalculationServiceImpl[m - PERF_ASSIGNMENT service=calculos operation=settleAccounts result=SUCCESS side=BUY fractionCount=1 totalMs=0 validationMs=0 calculationAndMappingMs=0 dbQueryCount=0
[30m2026-08-31T11:46:35,638[m [32mINFO  [m[[1;34mhttp-nio-8080-exec-2[m] [36mGlobalFilter[m - ----------- Client User: operaciones-orquestador-ext-back ----------
[30m2026-08-31T11:46:35,638[m [32mINFO  [m[[1;34mhttp-nio-8080-exec-2[m] [36mCalculationServiceImpl[m - Start method settleAccountsV1, side -> BUY
[30m2026-08-31T11:46:35,638[m [32mINFO  [m[[1;34mhttp-nio-8080-exec-2[m] [36mCalculationServiceImpl[m - End method settleAccountsV1
[30m2026-08-31T11:46:35,638[m [32mINFO  [m[[1;34mhttp-nio-8080-exec-2[m] [36mCalculationServiceImpl[m - PERF_ASSIGNMENT service=calculos operation=settleAccounts result=SUCCESS side=BUY fractionCount=1 totalMs=0 validationMs=0 calculationAndMappingMs=0 dbQueryCount=0
[30m2026-08-31T11:46:35,664[m [32mINFO  [m[[1;34mhttp-nio-8080-exec-10[m] [36mGlobalFilter[m - ----------- Client User: operaciones-orquestador-ext-back ----------
[30m2026-08-31T11:46:35,665[m [32mINFO  [m[[1;34mhttp-nio-8080-exec-10[m] [36mCalculationServiceImpl[m - Start method settleAccountsV1, side -> BUY
[30m2026-08-31T11:46:35,665[m [32mINFO  [m[[1;34mhttp-nio-8080-exec-10[m] [36mCalculationServiceImpl[m - End method settleAccountsV1
[30m2026-08-31T11:46:35,665[m [32mINFO  [m[[1;34mhttp-nio-8080-exec-10[m] [36mCalculationServiceImpl[m - PERF_ASSIGNMENT service=calculos operation=settleAccounts result=SUCCESS side=BUY fractionCount=1 totalMs=0 validationMs=0 calculationAndMappingMs=0 dbQueryCount=0
[30m2026-08-31T11:46:35,691[m [32mINFO  [m[[1;34mhttp-nio-8080-exec-5[m] [36mGlobalFilter[m - ----------- Client User: operaciones-orquestador-ext-back ----------
[30m2026-08-31T11:46:35,691[m [32mINFO  [m[[1;34mhttp-nio-8080-exec-5[m] [36mCalculationServiceImpl[m - Start method settleAccountsV1, side -> BUY
[30m2026-08-31T11:46:35,691[m [32mINFO  [m[[1;34mhttp-nio-8080-exec-5[m] [36mCalculationServiceImpl[m - End method settleAccountsV1
[30m2026-08-31T11:46:35,691[m [32mINFO  [m[[1;34mhttp-nio-8080-exec-5[m] [36mCalculationServiceImpl[m - PERF_ASSIGNMENT service=calculos operation=settleAccounts result=SUCCESS side=BUY fractionCount=1 totalMs=0 validationMs=0 calculationAndMappingMs=0 dbQueryCount=0
[30m2026-08-31T11:46:35,717[m [32mINFO  [m[[1;34mhttp-nio-8080-exec-1[m] [36mGlobalFilter[m - ----------- Client User: operaciones-orquestador-ext-back ----------
[30m2026-08-31T11:46:35,717[m [32mINFO  [m[[1;34mhttp-nio-8080-exec-1[m] [36mCalculationServiceImpl[m - Start method settleAccountsV1, side -> BUY
[30m2026-08-31T11:46:35,717[m [32mINFO  [m[[1;34mhttp-nio-8080-exec-1[m] [36mCalculationServiceImpl[m - End method settleAccountsV1
[30m2026-08-31T11:46:35,717[m [32mINFO  [m[[1;34mhttp-nio-8080-exec-1[m] [36mCalculationServiceImpl[m - PERF_ASSIGNMENT service=calculos operation=settleAccounts result=SUCCESS side=BUY fractionCount=1 totalMs=0 validationMs=0 calculationAndMappingMs=0 dbQueryCount=0
[30m2026-08-31T11:46:35,743[m [32mINFO  [m[[1;34mhttp-nio-8080-exec-3[m] [36mGlobalFilter[m - ----------- Client User: operaciones-orquestador-ext-back ----------
[30m2026-08-31T11:46:35,744[m [32mINFO  [m[[1;34mhttp-nio-8080-exec-3[m] [36mCalculationServiceImpl[m - Start method settleAccountsV1, side -> BUY
[30m2026-08-31T11:46:35,744[m [32mINFO  [m[[1;34mhttp-nio-8080-exec-3[m] [36mCalculationServiceImpl[m - End method settleAccountsV1
[30m2026-08-31T11:46:35,744[m [32mINFO  [m[[1;34mhttp-nio-8080-exec-3[m] [36mCalculationServiceImpl[m - PERF_ASSIGNMENT service=calculos operation=settleAccounts result=SUCCESS side=BUY fractionCount=1 totalMs=0 validationMs=0 calculationAndMappingMs=0 dbQueryCount=0
[30m2026-08-31T11:46:35,770[m [32mINFO  [m[[1;34mhttp-nio-8080-exec-4[m] [36mGlobalFilter[m - ----------- Client User: operaciones-orquestador-ext-back ----------
[30m2026-08-31T11:46:35,770[m [32mINFO  [m[[1;34mhttp-nio-8080-exec-4[m] [36mCalculationServiceImpl[m - Start method settleAccountsV1, side -> BUY
[30m2026-08-31T11:46:35,770[m [32mINFO  [m[[1;34mhttp-nio-8080-exec-4[m] [36mCalculationServiceImpl[m - End method settleAccountsV1
[30m2026-08-31T11:46:35,770[m [32mINFO  [m[[1;34mhttp-nio-8080-exec-4[m] [36mCalculationServiceImpl[m - PERF_ASSIGNMENT service=calculos operation=settleAccounts result=SUCCESS side=BUY fractionCount=1 totalMs=0 validationMs=0 calculationAndMappingMs=0 dbQueryCount=0
[30m2026-08-31T11:46:35,799[m [32mINFO  [m[[1;34mhttp-nio-8080-exec-6[m] [36mGlobalFilter[m - ----------- Client User: operaciones-orquestador-ext-back ----------
[30m2026-08-31T11:46:35,799[m [32mINFO  [m[[1;34mhttp-nio-8080-exec-6[m] [36mCalculationServiceImpl[m - Start method settleAccountsV1, side -> BUY
[30m2026-08-31T11:46:35,800[m [32mINFO  [m[[1;34mhttp-nio-8080-exec-6[m] [36mCalculationServiceImpl[m - End method settleAccountsV1
[30m2026-08-31T11:46:35,800[m [32mINFO  [m[[1;34mhttp-nio-8080-exec-6[m] [36mCalculationServiceImpl[m - PERF_ASSIGNMENT service=calculos operation=settleAccounts result=SUCCESS side=BUY fractionCount=1 totalMs=0 validationMs=0 calculationAndMappingMs=0 dbQueryCount=0
[30m2026-08-31T11:46:35,826[m [32mINFO  [m[[1;34mhttp-nio-8080-exec-8[m] [36mGlobalFilter[m - ----------- Client User: operaciones-orquestador-ext-back ----------
[30m2026-08-31T11:46:35,827[m [32mINFO  [m[[1;34mhttp-nio-8080-exec-8[m] [36mCalculationServiceImpl[m - Start method settleAccountsV1, side -> BUY
[30m2026-08-31T11:46:35,827[m [32mINFO  [m[[1;34mhttp-nio-8080-exec-8[m] [36mCalculationServiceImpl[m - End method settleAccountsV1
[30m2026-08-31T11:46:35,827[m [32mINFO  [m[[1;34mhttp-nio-8080-exec-8[m] [36mCalculationServiceImpl[m - PERF_ASSIGNMENT service=calculos operation=settleAccounts result=SUCCESS side=BUY fractionCount=1 totalMs=0 validationMs=0 calculationAndMappingMs=0 dbQueryCount=0
[30m2026-08-31T11:46:35,853[m [32mINFO  [m[[1;34mhttp-nio-8080-exec-7[m] [36mGlobalFilter[m - ----------- Client User: operaciones-orquestador-ext-back ----------
[30m2026-08-31T11:46:35,853[m [32mINFO  [m[[1;34mhttp-nio-8080-exec-7[m] [36mCalculationServiceImpl[m - Start method settleAccountsV1, side -> BUY
[30m2026-08-31T11:46:35,853[m [32mINFO  [m[[1;34mhttp-nio-8080-exec-7[m] [36mCalculationServiceImpl[m - End method settleAccountsV1
[30m2026-08-31T11:46:35,853[m [32mINFO  [m[[1;34mhttp-nio-8080-exec-7[m] [36mCalculationServiceImpl[m - PERF_ASSIGNMENT service=calculos operation=settleAccounts result=SUCCESS side=BUY fractionCount=1 totalMs=0 validationMs=0 calculationAndMappingMs=0 dbQueryCount=0
[30m2026-08-31T11:46:35,878[m [32mINFO  [m[[1;34mhttp-nio-8080-exec-9[m] [36mGlobalFilter[m - ----------- Client User: operaciones-orquestador-ext-back ----------
[30m2026-08-31T11:46:35,879[m [32mINFO  [m[[1;34mhttp-nio-8080-exec-9[m] [36mCalculationServiceImpl[m - Start method settleAccountsV1, side -> BUY
[30m2026-08-31T11:46:35,879[m [32mINFO  [m[[1;34mhttp-nio-8080-exec-9[m] [36mCalculationServiceImpl[m - End method settleAccountsV1
[30m2026-08-31T11:46:35,879[m [32mINFO  [m[[1;34mhttp-nio-8080-exec-9[m] [36mCalculationServiceImpl[m - PERF_ASSIGNMENT service=calculos operation=settleAccounts result=SUCCESS side=BUY fractionCount=1 totalMs=0 validationMs=0 calculationAndMappingMs=0 dbQueryCount=0
[30m2026-08-31T11:46:35,905[m [32mINFO  [m[[1;34mhttp-nio-8080-exec-2[m] [36mGlobalFilter[m - ----------- Client User: operaciones-orquestador-ext-back ----------
[30m2026-08-31T11:46:35,905[m [32mINFO  [m[[1;34mhttp-nio-8080-exec-2[m] [36mCalculationServiceImpl[m - Start method settleAccountsV1, side -> BUY
[30m2026-08-31T11:46:35,905[m [32mINFO  [m[[1;34mhttp-nio-8080-exec-2[m] [36mCalculationServiceImpl[m - End method settleAccountsV1
[30m2026-08-31T11:46:35,906[m [32mINFO  [m[[1;34mhttp-nio-8080-exec-2[m] [36mCalculationServiceImpl[m - PERF_ASSIGNMENT service=calculos operation=settleAccounts result=SUCCESS side=BUY fractionCount=1 totalMs=0 validationMs=0 calculationAndMappingMs=0 dbQueryCount=0
[30m2026-08-31T11:46:35,932[m [32mINFO  [m[[1;34mhttp-nio-8080-exec-10[m] [36mGlobalFilter[m - ----------- Client User: operaciones-orquestador-ext-back ----------
[30m2026-08-31T11:46:35,932[m [32mINFO  [m[[1;34mhttp-nio-8080-exec-10[m] [36mCalculationServiceImpl[m - Start method settleAccountsV1, side -> BUY
[30m2026-08-31T11:46:35,932[m [32mINFO  [m[[1;34mhttp-nio-8080-exec-10[m] [36mCalculationServiceImpl[m - End method settleAccountsV1
[30m2026-08-31T11:46:35,932[m [32mINFO  [m[[1;34mhttp-nio-8080-exec-10[m] [36mCalculationServiceImpl[m - PERF_ASSIGNMENT service=calculos operation=settleAccounts result=SUCCESS side=BUY fractionCount=1 totalMs=0 validationMs=0 calculationAndMappingMs=0 dbQueryCount=0
[30m2026-08-31T11:46:35,957[m [32mINFO  [m[[1;34mhttp-nio-8080-exec-5[m] [36mGlobalFilter[m - ----------- Client User: operaciones-orquestador-ext-back ----------
[30m2026-08-31T11:46:35,958[m [32mINFO  [m[[1;34mhttp-nio-8080-exec-5[m] [36mCalculationServiceImpl[m - Start method settleAccountsV1, side -> BUY
[30m2026-08-31T11:46:35,958[m [32mINFO  [m[[1;34mhttp-nio-8080-exec-5[m] [36mCalculationServiceImpl[m - End method settleAccountsV1
[30m2026-08-31T11:46:35,958[m [32mINFO  [m[[1;34mhttp-nio-8080-exec-5[m] [36mCalculationServiceImpl[m - PERF_ASSIGNMENT service=calculos operation=settleAccounts result=SUCCESS side=BUY fractionCount=1 totalMs=0 validationMs=0 calculationAndMappingMs=0 dbQueryCount=0
[30m2026-08-31T11:46:35,985[m [32mINFO  [m[[1;34mhttp-nio-8080-exec-1[m] [36mGlobalFilter[m - ----------- Client User: operaciones-orquestador-ext-back ----------
[30m2026-08-31T11:46:35,985[m [32mINFO  [m[[1;34mhttp-nio-8080-exec-1[m] [36mCalculationServiceImpl[m - Start method settleAccountsV1, side -> BUY
[30m2026-08-31T11:46:35,985[m [32mINFO  [m[[1;34mhttp-nio-8080-exec-1[m] [36mCalculationServiceImpl[m - End method settleAccountsV1
[30m2026-08-31T11:46:35,985[m [32mINFO  [m[[1;34mhttp-nio-8080-exec-1[m] [36mCalculationServiceImpl[m - PERF_ASSIGNMENT service=calculos operation=settleAccounts result=SUCCESS side=BUY fractionCount=1 totalMs=0 validationMs=0 calculationAndMappingMs=0 dbQueryCount=0
[30m2026-08-31T11:46:36,011[m [32mINFO  [m[[1;34mhttp-nio-8080-exec-3[m] [36mGlobalFilter[m - ----------- Client User: operaciones-orquestador-ext-back ----------
[30m2026-08-31T11:46:36,012[m [32mINFO  [m[[1;34mhttp-nio-8080-exec-3[m] [36mCalculationServiceImpl[m - Start method settleAccountsV1, side -> BUY
[30m2026-08-31T11:46:36,012[m [32mINFO  [m[[1;34mhttp-nio-8080-exec-3[m] [36mCalculationServiceImpl[m - End method settleAccountsV1
[30m2026-08-31T11:46:36,012[m [32mINFO  [m[[1;34mhttp-nio-8080-exec-3[m] [36mCalculationServiceImpl[m - PERF_ASSIGNMENT service=calculos operation=settleAccounts result=SUCCESS side=BUY fractionCount=1 totalMs=0 validationMs=0 calculationAndMappingMs=0 dbQueryCount=0
[30m2026-08-31T11:46:36,038[m [32mINFO  [m[[1;34mhttp-nio-8080-exec-4[m] [36mGlobalFilter[m - ----------- Client User: operaciones-orquestador-ext-back ----------
[30m2026-08-31T11:46:36,038[m [32mINFO  [m[[1;34mhttp-nio-8080-exec-4[m] [36mCalculationServiceImpl[m - Start method settleAccountsV1, side -> BUY
[30m2026-08-31T11:46:36,039[m [32mINFO  [m[[1;34mhttp-nio-8080-exec-4[m] [36mCalculationServiceImpl[m - End method settleAccountsV1
[30m2026-08-31T11:46:36,039[m [32mINFO  [m[[1;34mhttp-nio-8080-exec-4[m] [36mCalculationServiceImpl[m - PERF_ASSIGNMENT service=calculos operation=settleAccounts result=SUCCESS side=BUY fractionCount=1 totalMs=0 validationMs=0 calculationAndMappingMs=0 dbQueryCount=0
[30m2026-08-31T11:46:36,065[m [32mINFO  [m[[1;34mhttp-nio-8080-exec-6[m] [36mGlobalFilter[m - ----------- Client User: operaciones-orquestador-ext-back ----------
[30m2026-08-31T11:46:36,066[m [32mINFO  [m[[1;34mhttp-nio-8080-exec-6[m] [36mCalculationServiceImpl[m - Start method settleAccountsV1, side -> BUY
[30m2026-08-31T11:46:36,066[m [32mINFO  [m[[1;34mhttp-nio-8080-exec-6[m] [36mCalculationServiceImpl[m - End method settleAccountsV1
[30m2026-08-31T11:46:36,066[m [32mINFO  [m[[1;34mhttp-nio-8080-exec-6[m] [36mCalculationServiceImpl[m - PERF_ASSIGNMENT service=calculos operation=settleAccounts result=SUCCESS side=BUY fractionCount=1 totalMs=0 validationMs=0 calculationAndMappingMs=0 dbQueryCount=0
[30m2026-08-31T11:46:36,092[m [32mINFO  [m[[1;34mhttp-nio-8080-exec-8[m] [36mGlobalFilter[m - ----------- Client User: operaciones-orquestador-ext-back ----------
[30m2026-08-31T11:46:36,093[m [32mINFO  [m[[1;34mhttp-nio-8080-exec-8[m] [36mCalculationServiceImpl[m - Start method settleAccountsV1, side -> BUY
[30m2026-08-31T11:46:36,093[m [32mINFO  [m[[1;34mhttp-nio-8080-exec-8[m] [36mCalculationServiceImpl[m - End method settleAccountsV1
[30m2026-08-31T11:46:36,093[m [32mINFO  [m[[1;34mhttp-nio-8080-exec-8[m] [36mCalculationServiceImpl[m - PERF_ASSIGNMENT service=calculos operation=settleAccounts result=SUCCESS side=BUY fractionCount=1 totalMs=0 validationMs=0 calculationAndMappingMs=0 dbQueryCount=0
[30m2026-08-31T11:46:36,119[m [32mINFO  [m[[1;34mhttp-nio-8080-exec-7[m] [36mGlobalFilter[m - ----------- Client User: operaciones-orquestador-ext-back ----------
[30m2026-08-31T11:46:36,120[m [32mINFO  [m[[1;34mhttp-nio-8080-exec-7[m] [36mCalculationServiceImpl[m - Start method settleAccountsV1, side -> BUY
[30m2026-08-31T11:46:36,120[m [32mINFO  [m[[1;34mhttp-nio-8080-exec-7[m] [36mCalculationServiceImpl[m - End method settleAccountsV1
[30m2026-08-31T11:46:36,120[m [32mINFO  [m[[1;34mhttp-nio-8080-exec-7[m] [36mCalculationServiceImpl[m - PERF_ASSIGNMENT service=calculos operation=settleAccounts result=SUCCESS side=BUY fractionCount=1 totalMs=0 validationMs=0 calculationAndMappingMs=0 dbQueryCount=0
[30m2026-08-31T11:46:36,148[m [32mINFO  [m[[1;34mhttp-nio-8080-exec-9[m] [36mGlobalFilter[m - ----------- Client User: operaciones-orquestador-ext-back ----------
[30m2026-08-31T11:46:36,148[m [32mINFO  [m[[1;34mhttp-nio-8080-exec-9[m] [36mCalculationServiceImpl[m - Start method settleAccountsV1, side -> BUY
[30m2026-08-31T11:46:36,148[m [32mINFO  [m[[1;34mhttp-nio-8080-exec-9[m] [36mCalculationServiceImpl[m - End method settleAccountsV1
[30m2026-08-31T11:46:36,148[m [32mINFO  [m[[1;34mhttp-nio-8080-exec-9[m] [36mCalculationServiceImpl[m - PERF_ASSIGNMENT service=calculos operation=settleAccounts result=SUCCESS side=BUY fractionCount=1 totalMs=0 validationMs=0 calculationAndMappingMs=0 dbQueryCount=0
[30m2026-08-31T11:46:36,175[m [32mINFO  [m[[1;34mhttp-nio-8080-exec-2[m] [36mGlobalFilter[m - ----------- Client User: operaciones-orquestador-ext-back ----------
[30m2026-08-31T11:46:36,175[m [32mINFO  [m[[1;34mhttp-nio-8080-exec-2[m] [36mCalculationServiceImpl[m - Start method settleAccountsV1, side -> BUY
[30m2026-08-31T11:46:36,175[m [32mINFO  [m[[1;34mhttp-nio-8080-exec-2[m] [36mCalculationServiceImpl[m - End method settleAccountsV1
[30m2026-08-31T11:46:36,175[m [32mINFO  [m[[1;34mhttp-nio-8080-exec-2[m] [36mCalculationServiceImpl[m - PERF_ASSIGNMENT service=calculos operation=settleAccounts result=SUCCESS side=BUY fractionCount=1 totalMs=0 validationMs=0 calculationAndMappingMs=0 dbQueryCount=0
[30m2026-08-31T11:46:36,200[m [32mINFO  [m[[1;34mhttp-nio-8080-exec-10[m] [36mGlobalFilter[m - ----------- Client User: operaciones-orquestador-ext-back ----------
[30m2026-08-31T11:46:36,201[m [32mINFO  [m[[1;34mhttp-nio-8080-exec-10[m] [36mCalculationServiceImpl[m - Start method settleAccountsV1, side -> BUY
[30m2026-08-31T11:46:36,201[m [32mINFO  [m[[1;34mhttp-nio-8080-exec-10[m] [36mCalculationServiceImpl[m - End method settleAccountsV1
[30m2026-08-31T11:46:36,201[m [32mINFO  [m[[1;34mhttp-nio-8080-exec-10[m] [36mCalculationServiceImpl[m - PERF_ASSIGNMENT service=calculos operation=settleAccounts result=SUCCESS side=BUY fractionCount=1 totalMs=0 validationMs=0 calculationAndMappingMs=0 dbQueryCount=0
[30m2026-08-31T11:46:36,229[m [32mINFO  [m[[1;34mhttp-nio-8080-exec-5[m] [36mGlobalFilter[m - ----------- Client User: operaciones-orquestador-ext-back ----------
[30m2026-08-31T11:46:36,229[m [32mINFO  [m[[1;34mhttp-nio-8080-exec-5[m] [36mCalculationServiceImpl[m - Start method settleAccountsV1, side -> BUY
[30m2026-08-31T11:46:36,229[m [32mINFO  [m[[1;34mhttp-nio-8080-exec-5[m] [36mCalculationServiceImpl[m - End method settleAccountsV1
[30m2026-08-31T11:46:36,229[m [32mINFO  [m[[1;34mhttp-nio-8080-exec-5[m] [36mCalculationServiceImpl[m - PERF_ASSIGNMENT service=calculos operation=settleAccounts result=SUCCESS side=BUY fractionCount=1 totalMs=0 validationMs=0 calculationAndMappingMs=0 dbQueryCount=0
[30m2026-08-31T11:46:36,255[m [32mINFO  [m[[1;34mhttp-nio-8080-exec-1[m] [36mGlobalFilter[m - ----------- Client User: operaciones-orquestador-ext-back ----------
[30m2026-08-31T11:46:36,255[m [32mINFO  [m[[1;34mhttp-nio-8080-exec-1[m] [36mCalculationServiceImpl[m - Start method settleAccountsV1, side -> BUY
[30m2026-08-31T11:46:36,255[m [32mINFO  [m[[1;34mhttp-nio-8080-exec-1[m] [36mCalculationServiceImpl[m - End method settleAccountsV1
[30m2026-08-31T11:46:36,255[m [32mINFO  [m[[1;34mhttp-nio-8080-exec-1[m] [36mCalculationServiceImpl[m - PERF_ASSIGNMENT service=calculos operation=settleAccounts result=SUCCESS side=BUY fractionCount=1 totalMs=0 validationMs=0 calculationAndMappingMs=0 dbQueryCount=0
[30m2026-08-31T11:46:36,417[m [32mINFO  [m[[1;34mhttp-nio-8080-exec-3[m] [36mGlobalFilter[m - ----------- Client User: operaciones-orquestador-ext-back ----------
[30m2026-08-31T11:46:36,417[m [32mINFO  [m[[1;34mhttp-nio-8080-exec-3[m] [36mCalculationServiceImpl[m - Start method settleAccountsV1, side -> BUY
[30m2026-08-31T11:46:36,418[m [32mINFO  [m[[1;34mhttp-nio-8080-exec-3[m] [36mCalculationServiceImpl[m - End method settleAccountsV1
[30m2026-08-31T11:46:36,418[m [32mINFO  [m[[1;34mhttp-nio-8080-exec-3[m] [36mCalculationServiceImpl[m - PERF_ASSIGNMENT service=calculos operation=settleAccounts result=SUCCESS side=BUY fractionCount=1 totalMs=0 validationMs=0 calculationAndMappingMs=0 dbQueryCount=0
[30m2026-08-31T11:46:36,444[m [32mINFO  [m[[1;34mhttp-nio-8080-exec-4[m] [36mGlobalFilter[m - ----------- Client User: operaciones-orquestador-ext-back ----------
[30m2026-08-31T11:46:36,444[m [32mINFO  [m[[1;34mhttp-nio-8080-exec-4[m] [36mCalculationServiceImpl[m - Start method settleAccountsV1, side -> BUY
[30m2026-08-31T11:46:36,444[m [32mINFO  [m[[1;34mhttp-nio-8080-exec-4[m] [36mCalculationServiceImpl[m - End method settleAccountsV1
[30m2026-08-31T11:46:36,444[m [32mINFO  [m[[1;34mhttp-nio-8080-exec-4[m] [36mCalculationServiceImpl[m - PERF_ASSIGNMENT service=calculos operation=settleAccounts result=SUCCESS side=BUY fractionCount=1 totalMs=0 validationMs=0 calculationAndMappingMs=0 dbQueryCount=0
[30m2026-08-31T11:46:36,471[m [32mINFO  [m[[1;34mhttp-nio-8080-exec-6[m] [36mGlobalFilter[m - ----------- Client User: operaciones-orquestador-ext-back ----------
[30m2026-08-31T11:46:36,471[m [32mINFO  [m[[1;34mhttp-nio-8080-exec-6[m] [36mCalculationServiceImpl[m - Start method settleAccountsV1, side -> BUY
[30m2026-08-31T11:46:36,471[m [32mINFO  [m[[1;34mhttp-nio-8080-exec-6[m] [36mCalculationServiceImpl[m - End method settleAccountsV1
[30m2026-08-31T11:46:36,471[m [32mINFO  [m[[1;34mhttp-nio-8080-exec-6[m] [36mCalculationServiceImpl[m - PERF_ASSIGNMENT service=calculos operation=settleAccounts result=SUCCESS side=BUY fractionCount=1 totalMs=0 validationMs=0 calculationAndMappingMs=0 dbQueryCount=0
[30m2026-08-31T11:46:36,496[m [32mINFO  [m[[1;34mhttp-nio-8080-exec-8[m] [36mGlobalFilter[m - ----------- Client User: operaciones-orquestador-ext-back ----------
[30m2026-08-31T11:46:36,497[m [32mINFO  [m[[1;34mhttp-nio-8080-exec-8[m] [36mCalculationServiceImpl[m - Start method settleAccountsV1, side -> BUY
[30m2026-08-31T11:46:36,497[m [32mINFO  [m[[1;34mhttp-nio-8080-exec-8[m] [36mCalculationServiceImpl[m - End method settleAccountsV1
[30m2026-08-31T11:46:36,497[m [32mINFO  [m[[1;34mhttp-nio-8080-exec-8[m] [36mCalculationServiceImpl[m - PERF_ASSIGNMENT service=calculos operation=settleAccounts result=SUCCESS side=BUY fractionCount=1 totalMs=0 validationMs=0 calculationAndMappingMs=0 dbQueryCount=0
[30m2026-08-31T11:46:36,522[m [32mINFO  [m[[1;34mhttp-nio-8080-exec-7[m] [36mGlobalFilter[m - ----------- Client User: operaciones-orquestador-ext-back ----------
[30m2026-08-31T11:46:36,523[m [32mINFO  [m[[1;34mhttp-nio-8080-exec-7[m] [36mCalculationServiceImpl[m - Start method settleAccountsV1, side -> BUY
[30m2026-08-31T11:46:36,523[m [32mINFO  [m[[1;34mhttp-nio-8080-exec-7[m] [36mCalculationServiceImpl[m - End method settleAccountsV1
[30m2026-08-31T11:46:36,523[m [32mINFO  [m[[1;34mhttp-nio-8080-exec-7[m] [36mCalculationServiceImpl[m - PERF_ASSIGNMENT service=calculos operation=settleAccounts result=SUCCESS side=BUY fractionCount=1 totalMs=0 validationMs=0 calculationAndMappingMs=0 dbQueryCount=0
[30m2026-08-31T11:46:36,549[m [32mINFO  [m[[1;34mhttp-nio-8080-exec-9[m] [36mGlobalFilter[m - ----------- Client User: operaciones-orquestador-ext-back ----------
[30m2026-08-31T11:46:36,549[m [32mINFO  [m[[1;34mhttp-nio-8080-exec-9[m] [36mCalculationServiceImpl[m - Start method settleAccountsV1, side -> BUY
[30m2026-08-31T11:46:36,549[m [32mINFO  [m[[1;34mhttp-nio-8080-exec-9[m] [36mCalculationServiceImpl[m - End method settleAccountsV1
[30m2026-08-31T11:46:36,549[m [32mINFO  [m[[1;34mhttp-nio-8080-exec-9[m] [36mCalculationServiceImpl[m - PERF_ASSIGNMENT service=calculos operation=settleAccounts result=SUCCESS side=BUY fractionCount=1 totalMs=0 validationMs=0 calculationAndMappingMs=0 dbQueryCount=0
[30m2026-08-31T11:46:36,574[m [32mINFO  [m[[1;34mhttp-nio-8080-exec-2[m] [36mGlobalFilter[m - ----------- Client User: operaciones-orquestador-ext-back ----------
[30m2026-08-31T11:46:36,574[m [32mINFO  [m[[1;34mhttp-nio-8080-exec-2[m] [36mCalculationServiceImpl[m - Start method settleAccountsV1, side -> BUY
[30m2026-08-31T11:46:36,574[m [32mINFO  [m[[1;34mhttp-nio-8080-exec-2[m] [36mCalculationServiceImpl[m - End method settleAccountsV1
[30m2026-08-31T11:46:36,574[m [32mINFO  [m[[1;34mhttp-nio-8080-exec-2[m] [36mCalculationServiceImpl[m - PERF_ASSIGNMENT service=calculos operation=settleAccounts result=SUCCESS side=BUY fractionCount=1 totalMs=0 validationMs=0 calculationAndMappingMs=0 dbQueryCount=0
[30m2026-08-31T11:46:36,599[m [32mINFO  [m[[1;34mhttp-nio-8080-exec-10[m] [36mGlobalFilter[m - ----------- Client User: operaciones-orquestador-ext-back ----------
[30m2026-08-31T11:46:36,599[m [32mINFO  [m[[1;34mhttp-nio-8080-exec-10[m] [36mCalculationServiceImpl[m - Start method settleAccountsV1, side -> BUY
[30m2026-08-31T11:46:36,599[m [32mINFO  [m[[1;34mhttp-nio-8080-exec-10[m] [36mCalculationServiceImpl[m - End method settleAccountsV1
[30m2026-08-31T11:46:36,599[m [32mINFO  [m[[1;34mhttp-nio-8080-exec-10[m] [36mCalculationServiceImpl[m - PERF_ASSIGNMENT service=calculos operation=settleAccounts result=SUCCESS side=BUY fractionCount=1 totalMs=0 validationMs=0 calculationAndMappingMs=0 dbQueryCount=0
[30m2026-08-31T11:46:36,624[m [32mINFO  [m[[1;34mhttp-nio-8080-exec-5[m] [36mGlobalFilter[m - ----------- Client User: operaciones-orquestador-ext-back ----------
[30m2026-08-31T11:46:36,624[m [32mINFO  [m[[1;34mhttp-nio-8080-exec-5[m] [36mCalculationServiceImpl[m - Start method settleAccountsV1, side -> BUY
[30m2026-08-31T11:46:36,625[m [32mINFO  [m[[1;34mhttp-nio-8080-exec-5[m] [36mCalculationServiceImpl[m - End method settleAccountsV1
[30m2026-08-31T11:46:36,625[m [32mINFO  [m[[1;34mhttp-nio-8080-exec-5[m] [36mCalculationServiceImpl[m - PERF_ASSIGNMENT service=calculos operation=settleAccounts result=SUCCESS side=BUY fractionCount=1 totalMs=0 validationMs=0 calculationAndMappingMs=0 dbQueryCount=0
[30m2026-08-31T11:46:36,649[m [32mINFO  [m[[1;34mhttp-nio-8080-exec-1[m] [36mGlobalFilter[m - ----------- Client User: operaciones-orquestador-ext-back ----------
[30m2026-08-31T11:46:36,650[m [32mINFO  [m[[1;34mhttp-nio-8080-exec-1[m] [36mCalculationServiceImpl[m - Start method settleAccountsV1, side -> BUY
[30m2026-08-31T11:46:36,650[m [32mINFO  [m[[1;34mhttp-nio-8080-exec-1[m] [36mCalculationServiceImpl[m - End method settleAccountsV1
[30m2026-08-31T11:46:36,650[m [32mINFO  [m[[1;34mhttp-nio-8080-exec-1[m] [36mCalculationServiceImpl[m - PERF_ASSIGNMENT service=calculos operation=settleAccounts result=SUCCESS side=BUY fractionCount=1 totalMs=0 validationMs=0 calculationAndMappingMs=0 dbQueryCount=0
[30m2026-08-31T11:46:36,673[m [32mINFO  [m[[1;34mhttp-nio-8080-exec-3[m] [36mGlobalFilter[m - ----------- Client User: operaciones-orquestador-ext-back ----------
[30m2026-08-31T11:46:36,674[m [32mINFO  [m[[1;34mhttp-nio-8080-exec-3[m] [36mCalculationServiceImpl[m - Start method settleAccountsV1, side -> BUY
[30m2026-08-31T11:46:36,674[m [32mINFO  [m[[1;34mhttp-nio-8080-exec-3[m] [36mCalculationServiceImpl[m - End method settleAccountsV1
[30m2026-08-31T11:46:36,674[m [32mINFO  [m[[1;34mhttp-nio-8080-exec-3[m] [36mCalculationServiceImpl[m - PERF_ASSIGNMENT service=calculos operation=settleAccounts result=SUCCESS side=BUY fractionCount=1 totalMs=0 validationMs=0 calculationAndMappingMs=0 dbQueryCount=0
[30m2026-08-31T11:46:36,701[m [32mINFO  [m[[1;34mhttp-nio-8080-exec-4[m] [36mGlobalFilter[m - ----------- Client User: operaciones-orquestador-ext-back ----------
[30m2026-08-31T11:46:36,701[m [32mINFO  [m[[1;34mhttp-nio-8080-exec-4[m] [36mCalculationServiceImpl[m - Start method settleAccountsV1, side -> BUY
[30m2026-08-31T11:46:36,701[m [32mINFO  [m[[1;34mhttp-nio-8080-exec-4[m] [36mCalculationServiceImpl[m - End method settleAccountsV1
[30m2026-08-31T11:46:36,701[m [32mINFO  [m[[1;34mhttp-nio-8080-exec-4[m] [36mCalculationServiceImpl[m - PERF_ASSIGNMENT service=calculos operation=settleAccounts result=SUCCESS side=BUY fractionCount=1 totalMs=0 validationMs=0 calculationAndMappingMs=0 dbQueryCount=0
[30m2026-08-31T11:46:36,726[m [32mINFO  [m[[1;34mhttp-nio-8080-exec-6[m] [36mGlobalFilter[m - ----------- Client User: operaciones-orquestador-ext-back ----------
[30m2026-08-31T11:46:36,727[m [32mINFO  [m[[1;34mhttp-nio-8080-exec-6[m] [36mCalculationServiceImpl[m - Start method settleAccountsV1, side -> BUY
[30m2026-08-31T11:46:36,727[m [32mINFO  [m[[1;34mhttp-nio-8080-exec-6[m] [36mCalculationServiceImpl[m - End method settleAccountsV1
[30m2026-08-31T11:46:36,727[m [32mINFO  [m[[1;34mhttp-nio-8080-exec-6[m] [36mCalculationServiceImpl[m - PERF_ASSIGNMENT service=calculos operation=settleAccounts result=SUCCESS side=BUY fractionCount=1 totalMs=0 validationMs=0 calculationAndMappingMs=0 dbQueryCount=0
[30m2026-08-31T11:46:36,752[m [32mINFO  [m[[1;34mhttp-nio-8080-exec-8[m] [36mGlobalFilter[m - ----------- Client User: operaciones-orquestador-ext-back ----------
[30m2026-08-31T11:46:36,752[m [32mINFO  [m[[1;34mhttp-nio-8080-exec-8[m] [36mCalculationServiceImpl[m - Start method settleAccountsV1, side -> BUY
[30m2026-08-31T11:46:36,752[m [32mINFO  [m[[1;34mhttp-nio-8080-exec-8[m] [36mCalculationServiceImpl[m - End method settleAccountsV1
[30m2026-08-31T11:46:36,752[m [32mINFO  [m[[1;34mhttp-nio-8080-exec-8[m] [36mCalculationServiceImpl[m - PERF_ASSIGNMENT service=calculos operation=settleAccounts result=SUCCESS side=BUY fractionCount=1 totalMs=0 validationMs=0 calculationAndMappingMs=0 dbQueryCount=0
[30m2026-08-31T11:46:36,780[m [32mINFO  [m[[1;34mhttp-nio-8080-exec-7[m] [36mGlobalFilter[m - ----------- Client User: operaciones-orquestador-ext-back ----------
[30m2026-08-31T11:46:36,780[m [32mINFO  [m[[1;34mhttp-nio-8080-exec-7[m] [36mCalculationServiceImpl[m - Start method settleAccountsV1, side -> BUY
[30m2026-08-31T11:46:36,780[m [32mINFO  [m[[1;34mhttp-nio-8080-exec-7[m] [36mCalculationServiceImpl[m - End method settleAccountsV1
[30m2026-08-31T11:46:36,780[m [32mINFO  [m[[1;34mhttp-nio-8080-exec-7[m] [36mCalculationServiceImpl[m - PERF_ASSIGNMENT service=calculos operation=settleAccounts result=SUCCESS side=BUY fractionCount=1 totalMs=0 validationMs=0 calculationAndMappingMs=0 dbQueryCount=0
[30m2026-08-31T11:46:36,806[m [32mINFO  [m[[1;34mhttp-nio-8080-exec-9[m] [36mGlobalFilter[m - ----------- Client User: operaciones-orquestador-ext-back ----------
[30m2026-08-31T11:46:36,806[m [32mINFO  [m[[1;34mhttp-nio-8080-exec-9[m] [36mCalculationServiceImpl[m - Start method settleAccountsV1, side -> BUY
[30m2026-08-31T11:46:36,806[m [32mINFO  [m[[1;34mhttp-nio-8080-exec-9[m] [36mCalculationServiceImpl[m - End method settleAccountsV1
[30m2026-08-31T11:46:36,807[m [32mINFO  [m[[1;34mhttp-nio-8080-exec-9[m] [36mCalculationServiceImpl[m - PERF_ASSIGNMENT service=calculos operation=settleAccounts result=SUCCESS side=BUY fractionCount=1 totalMs=0 validationMs=0 calculationAndMappingMs=0 dbQueryCount=0
[30m2026-08-31T11:46:36,832[m [32mINFO  [m[[1;34mhttp-nio-8080-exec-2[m] [36mGlobalFilter[m - ----------- Client User: operaciones-orquestador-ext-back ----------
[30m2026-08-31T11:46:36,833[m [32mINFO  [m[[1;34mhttp-nio-8080-exec-2[m] [36mCalculationServiceImpl[m - Start method settleAccountsV1, side -> BUY
[30m2026-08-31T11:46:36,833[m [32mINFO  [m[[1;34mhttp-nio-8080-exec-2[m] [36mCalculationServiceImpl[m - End method settleAccountsV1
[30m2026-08-31T11:46:36,833[m [32mINFO  [m[[1;34mhttp-nio-8080-exec-2[m] [36mCalculationServiceImpl[m - PERF_ASSIGNMENT service=calculos operation=settleAccounts result=SUCCESS side=BUY fractionCount=1 totalMs=0 validationMs=0 calculationAndMappingMs=0 dbQueryCount=0
[30m2026-08-31T11:46:36,858[m [32mINFO  [m[[1;34mhttp-nio-8080-exec-10[m] [36mGlobalFilter[m - ----------- Client User: operaciones-orquestador-ext-back ----------
[30m2026-08-31T11:46:36,858[m [32mINFO  [m[[1;34mhttp-nio-8080-exec-10[m] [36mCalculationServiceImpl[m - Start method settleAccountsV1, side -> BUY
[30m2026-08-31T11:46:36,858[m [32mINFO  [m[[1;34mhttp-nio-8080-exec-10[m] [36mCalculationServiceImpl[m - End method settleAccountsV1
[30m2026-08-31T11:46:36,858[m [32mINFO  [m[[1;34mhttp-nio-8080-exec-10[m] [36mCalculationServiceImpl[m - PERF_ASSIGNMENT service=calculos operation=settleAccounts result=SUCCESS side=BUY fractionCount=1 totalMs=0 validationMs=0 calculationAndMappingMs=0 dbQueryCount=0
[30m2026-08-31T11:46:36,883[m [32mINFO  [m[[1;34mhttp-nio-8080-exec-5[m] [36mGlobalFilter[m - ----------- Client User: operaciones-orquestador-ext-back ----------
[30m2026-08-31T11:46:36,884[m [32mINFO  [m[[1;34mhttp-nio-8080-exec-5[m] [36mCalculationServiceImpl[m - Start method settleAccountsV1, side -> BUY
[30m2026-08-31T11:46:36,884[m [32mINFO  [m[[1;34mhttp-nio-8080-exec-5[m] [36mCalculationServiceImpl[m - End method settleAccountsV1
[30m2026-08-31T11:46:36,884[m [32mINFO  [m[[1;34mhttp-nio-8080-exec-5[m] [36mCalculationServiceImpl[m - PERF_ASSIGNMENT service=calculos operation=settleAccounts result=SUCCESS side=BUY fractionCount=1 totalMs=0 validationMs=0 calculationAndMappingMs=0 dbQueryCount=0
[30m2026-08-31T11:46:36,909[m [32mINFO  [m[[1;34mhttp-nio-8080-exec-1[m] [36mGlobalFilter[m - ----------- Client User: operaciones-orquestador-ext-back ----------
[30m2026-08-31T11:46:36,909[m [32mINFO  [m[[1;34mhttp-nio-8080-exec-1[m] [36mCalculationServiceImpl[m - Start method settleAccountsV1, side -> BUY
[30m2026-08-31T11:46:36,909[m [32mINFO  [m[[1;34mhttp-nio-8080-exec-1[m] [36mCalculationServiceImpl[m - End method settleAccountsV1
[30m2026-08-31T11:46:36,909[m [32mINFO  [m[[1;34mhttp-nio-8080-exec-1[m] [36mCalculationServiceImpl[m - PERF_ASSIGNMENT service=calculos operation=settleAccounts result=SUCCESS side=BUY fractionCount=1 totalMs=0 validationMs=0 calculationAndMappingMs=0 dbQueryCount=0
[30m2026-08-31T11:46:36,934[m [32mINFO  [m[[1;34mhttp-nio-8080-exec-3[m] [36mGlobalFilter[m - ----------- Client User: operaciones-orquestador-ext-back ----------
[30m2026-08-31T11:46:36,935[m [32mINFO  [m[[1;34mhttp-nio-8080-exec-3[m] [36mCalculationServiceImpl[m - Start method settleAccountsV1, side -> BUY
[30m2026-08-31T11:46:36,935[m [32mINFO  [m[[1;34mhttp-nio-8080-exec-3[m] [36mCalculationServiceImpl[m - End method settleAccountsV1
[30m2026-08-31T11:46:36,935[m [32mINFO  [m[[1;34mhttp-nio-8080-exec-3[m] [36mCalculationServiceImpl[m - PERF_ASSIGNMENT service=calculos operation=settleAccounts result=SUCCESS side=BUY fractionCount=1 totalMs=0 validationMs=0 calculationAndMappingMs=0 dbQueryCount=0
[30m2026-08-31T11:46:36,960[m [32mINFO  [m[[1;34mhttp-nio-8080-exec-4[m] [36mGlobalFilter[m - ----------- Client User: operaciones-orquestador-ext-back ----------
[30m2026-08-31T11:46:36,961[m [32mINFO  [m[[1;34mhttp-nio-8080-exec-4[m] [36mCalculationServiceImpl[m - Start method settleAccountsV1, side -> BUY
[30m2026-08-31T11:46:36,961[m [32mINFO  [m[[1;34mhttp-nio-8080-exec-4[m] [36mCalculationServiceImpl[m - End method settleAccountsV1
[30m2026-08-31T11:46:36,961[m [32mINFO  [m[[1;34mhttp-nio-8080-exec-4[m] [36mCalculationServiceImpl[m - PERF_ASSIGNMENT service=calculos operation=settleAccounts result=SUCCESS side=BUY fractionCount=1 totalMs=0 validationMs=0 calculationAndMappingMs=0 dbQueryCount=0
[30m2026-08-31T11:46:36,986[m [32mINFO  [m[[1;34mhttp-nio-8080-exec-6[m] [36mGlobalFilter[m - ----------- Client User: operaciones-orquestador-ext-back ----------
[30m2026-08-31T11:46:36,987[m [32mINFO  [m[[1;34mhttp-nio-8080-exec-6[m] [36mCalculationServiceImpl[m - Start method settleAccountsV1, side -> BUY
[30m2026-08-31T11:46:36,987[m [32mINFO  [m[[1;34mhttp-nio-8080-exec-6[m] [36mCalculationServiceImpl[m - End method settleAccountsV1
[30m2026-08-31T11:46:36,987[m [32mINFO  [m[[1;34mhttp-nio-8080-exec-6[m] [36mCalculationServiceImpl[m - PERF_ASSIGNMENT service=calculos operation=settleAccounts result=SUCCESS side=BUY fractionCount=1 totalMs=0 validationMs=0 calculationAndMappingMs=0 dbQueryCount=0
[30m2026-08-31T11:46:37,014[m [32mINFO  [m[[1;34mhttp-nio-8080-exec-8[m] [36mGlobalFilter[m - ----------- Client User: operaciones-orquestador-ext-back ----------
[30m2026-08-31T11:46:37,015[m [32mINFO  [m[[1;34mhttp-nio-8080-exec-8[m] [36mCalculationServiceImpl[m - Start method settleAccountsV1, side -> BUY
[30m2026-08-31T11:46:37,015[m [32mINFO  [m[[1;34mhttp-nio-8080-exec-8[m] [36mCalculationServiceImpl[m - End method settleAccountsV1
[30m2026-08-31T11:46:37,015[m [32mINFO  [m[[1;34mhttp-nio-8080-exec-8[m] [36mCalculationServiceImpl[m - PERF_ASSIGNMENT service=calculos operation=settleAccounts result=SUCCESS side=BUY fractionCount=1 totalMs=0 validationMs=0 calculationAndMappingMs=0 dbQueryCount=0
[30m2026-08-31T11:46:37,043[m [32mINFO  [m[[1;34mhttp-nio-8080-exec-7[m] [36mGlobalFilter[m - ----------- Client User: operaciones-orquestador-ext-back ----------
[30m2026-08-31T11:46:37,043[m [32mINFO  [m[[1;34mhttp-nio-8080-exec-7[m] [36mCalculationServiceImpl[m - Start method settleAccountsV1, side -> BUY
[30m2026-08-31T11:46:37,043[m [32mINFO  [m[[1;34mhttp-nio-8080-exec-7[m] [36mCalculationServiceImpl[m - End method settleAccountsV1
[30m2026-08-31T11:46:37,043[m [32mINFO  [m[[1;34mhttp-nio-8080-exec-7[m] [36mCalculationServiceImpl[m - PERF_ASSIGNMENT service=calculos operation=settleAccounts result=SUCCESS side=BUY fractionCount=1 totalMs=0 validationMs=0 calculationAndMappingMs=0 dbQueryCount=0
[30m2026-08-31T11:46:37,069[m [32mINFO  [m[[1;34mhttp-nio-8080-exec-9[m] [36mGlobalFilter[m - ----------- Client User: operaciones-orquestador-ext-back ----------
[30m2026-08-31T11:46:37,069[m [32mINFO  [m[[1;34mhttp-nio-8080-exec-9[m] [36mCalculationServiceImpl[m - Start method settleAccountsV1, side -> BUY
[30m2026-08-31T11:46:37,069[m [32mINFO  [m[[1;34mhttp-nio-8080-exec-9[m] [36mCalculationServiceImpl[m - End method settleAccountsV1
[30m2026-08-31T11:46:37,069[m [32mINFO  [m[[1;34mhttp-nio-8080-exec-9[m] [36mCalculationServiceImpl[m - PERF_ASSIGNMENT service=calculos operation=settleAccounts result=SUCCESS side=BUY fractionCount=1 totalMs=0 validationMs=0 calculationAndMappingMs=0 dbQueryCount=0
[30m2026-08-31T11:46:37,095[m [32mINFO  [m[[1;34mhttp-nio-8080-exec-2[m] [36mGlobalFilter[m - ----------- Client User: operaciones-orquestador-ext-back ----------
[30m2026-08-31T11:46:37,095[m [32mINFO  [m[[1;34mhttp-nio-8080-exec-2[m] [36mCalculationServiceImpl[m - Start method settleAccountsV1, side -> BUY
[30m2026-08-31T11:46:37,095[m [32mINFO  [m[[1;34mhttp-nio-8080-exec-2[m] [36mCalculationServiceImpl[m - End method settleAccountsV1
[30m2026-08-31T11:46:37,096[m [32mINFO  [m[[1;34mhttp-nio-8080-exec-2[m] [36mCalculationServiceImpl[m - PERF_ASSIGNMENT service=calculos operation=settleAccounts result=SUCCESS side=BUY fractionCount=1 totalMs=0 validationMs=0 calculationAndMappingMs=0 dbQueryCount=0
[30m2026-08-31T11:46:37,121[m [32mINFO  [m[[1;34mhttp-nio-8080-exec-10[m] [36mGlobalFilter[m - ----------- Client User: operaciones-orquestador-ext-back ----------
[30m2026-08-31T11:46:37,121[m [32mINFO  [m[[1;34mhttp-nio-8080-exec-10[m] [36mCalculationServiceImpl[m - Start method settleAccountsV1, side -> BUY
[30m2026-08-31T11:46:37,121[m [32mINFO  [m[[1;34mhttp-nio-8080-exec-10[m] [36mCalculationServiceImpl[m - End method settleAccountsV1
[30m2026-08-31T11:46:37,121[m [32mINFO  [m[[1;34mhttp-nio-8080-exec-10[m] [36mCalculationServiceImpl[m - PERF_ASSIGNMENT service=calculos operation=settleAccounts result=SUCCESS side=BUY fractionCount=1 totalMs=0 validationMs=0 calculationAndMappingMs=0 dbQueryCount=0
[30m2026-08-31T11:46:37,146[m [32mINFO  [m[[1;34mhttp-nio-8080-exec-5[m] [36mGlobalFilter[m - ----------- Client User: operaciones-orquestador-ext-back ----------
[30m2026-08-31T11:46:37,146[m [32mINFO  [m[[1;34mhttp-nio-8080-exec-5[m] [36mCalculationServiceImpl[m - Start method settleAccountsV1, side -> BUY
[30m2026-08-31T11:46:37,147[m [32mINFO  [m[[1;34mhttp-nio-8080-exec-5[m] [36mCalculationServiceImpl[m - End method settleAccountsV1
[30m2026-08-31T11:46:37,147[m [32mINFO  [m[[1;34mhttp-nio-8080-exec-5[m] [36mCalculationServiceImpl[m - PERF_ASSIGNMENT service=calculos operation=settleAccounts result=SUCCESS side=BUY fractionCount=1 totalMs=0 validationMs=0 calculationAndMappingMs=0 dbQueryCount=0
[30m2026-08-31T11:46:37,172[m [32mINFO  [m[[1;34mhttp-nio-8080-exec-1[m] [36mGlobalFilter[m - ----------- Client User: operaciones-orquestador-ext-back ----------
[30m2026-08-31T11:46:37,172[m [32mINFO  [m[[1;34mhttp-nio-8080-exec-1[m] [36mCalculationServiceImpl[m - Start method settleAccountsV1, side -> BUY
[30m2026-08-31T11:46:37,172[m [32mINFO  [m[[1;34mhttp-nio-8080-exec-1[m] [36mCalculationServiceImpl[m - End method settleAccountsV1
[30m2026-08-31T11:46:37,172[m [32mINFO  [m[[1;34mhttp-nio-8080-exec-1[m] [36mCalculationServiceImpl[m - PERF_ASSIGNMENT service=calculos operation=settleAccounts result=SUCCESS side=BUY fractionCount=1 totalMs=0 validationMs=0 calculationAndMappingMs=0 dbQueryCount=0
[30m2026-08-31T11:46:37,198[m [32mINFO  [m[[1;34mhttp-nio-8080-exec-3[m] [36mGlobalFilter[m - ----------- Client User: operaciones-orquestador-ext-back ----------
[30m2026-08-31T11:46:37,198[m [32mINFO  [m[[1;34mhttp-nio-8080-exec-3[m] [36mCalculationServiceImpl[m - Start method settleAccountsV1, side -> BUY
[30m2026-08-31T11:46:37,199[m [32mINFO  [m[[1;34mhttp-nio-8080-exec-3[m] [36mCalculationServiceImpl[m - End method settleAccountsV1
[30m2026-08-31T11:46:37,199[m [32mINFO  [m[[1;34mhttp-nio-8080-exec-3[m] [36mCalculationServiceImpl[m - PERF_ASSIGNMENT service=calculos operation=settleAccounts result=SUCCESS side=BUY fractionCount=1 totalMs=0 validationMs=0 calculationAndMappingMs=0 dbQueryCount=0
[30m2026-08-31T11:46:37,224[m [32mINFO  [m[[1;34mhttp-nio-8080-exec-4[m] [36mGlobalFilter[m - ----------- Client User: operaciones-orquestador-ext-back ----------
[30m2026-08-31T11:46:37,225[m [32mINFO  [m[[1;34mhttp-nio-8080-exec-4[m] [36mCalculationServiceImpl[m - Start method settleAccountsV1, side -> BUY
[30m2026-08-31T11:46:37,225[m [32mINFO  [m[[1;34mhttp-nio-8080-exec-4[m] [36mCalculationServiceImpl[m - End method settleAccountsV1
[30m2026-08-31T11:46:37,225[m [32mINFO  [m[[1;34mhttp-nio-8080-exec-4[m] [36mCalculationServiceImpl[m - PERF_ASSIGNMENT service=calculos operation=settleAccounts result=SUCCESS side=BUY fractionCount=1 totalMs=0 validationMs=0 calculationAndMappingMs=0 dbQueryCount=0
[30m2026-08-31T11:46:37,251[m [32mINFO  [m[[1;34mhttp-nio-8080-exec-6[m] [36mGlobalFilter[m - ----------- Client User: operaciones-orquestador-ext-back ----------
[30m2026-08-31T11:46:37,251[m [32mINFO  [m[[1;34mhttp-nio-8080-exec-6[m] [36mCalculationServiceImpl[m - Start method settleAccountsV1, side -> BUY
[30m2026-08-31T11:46:37,251[m [32mINFO  [m[[1;34mhttp-nio-8080-exec-6[m] [36mCalculationServiceImpl[m - End method settleAccountsV1
[30m2026-08-31T11:46:37,251[m [32mINFO  [m[[1;34mhttp-nio-8080-exec-6[m] [36mCalculationServiceImpl[m - PERF_ASSIGNMENT service=calculos operation=settleAccounts result=SUCCESS side=BUY fractionCount=1 totalMs=0 validationMs=0 calculationAndMappingMs=0 dbQueryCount=0
[30m2026-08-31T11:46:37,282[m [32mINFO  [m[[1;34mhttp-nio-8080-exec-8[m] [36mGlobalFilter[m - ----------- Client User: operaciones-orquestador-ext-back ----------
[30m2026-08-31T11:46:37,283[m [32mINFO  [m[[1;34mhttp-nio-8080-exec-8[m] [36mCalculationServiceImpl[m - Start method settleAccountsV1, side -> BUY
[30m2026-08-31T11:46:37,283[m [32mINFO  [m[[1;34mhttp-nio-8080-exec-8[m] [36mCalculationServiceImpl[m - End method settleAccountsV1
[30m2026-08-31T11:46:37,283[m [32mINFO  [m[[1;34mhttp-nio-8080-exec-8[m] [36mCalculationServiceImpl[m - PERF_ASSIGNMENT service=calculos operation=settleAccounts result=SUCCESS side=BUY fractionCount=1 totalMs=0 validationMs=0 calculationAndMappingMs=0 dbQueryCount=0
[30m2026-08-31T11:46:37,308[m [32mINFO  [m[[1;34mhttp-nio-8080-exec-7[m] [36mGlobalFilter[m - ----------- Client User: operaciones-orquestador-ext-back ----------
[30m2026-08-31T11:46:37,309[m [32mINFO  [m[[1;34mhttp-nio-8080-exec-7[m] [36mCalculationServiceImpl[m - Start method settleAccountsV1, side -> BUY
[30m2026-08-31T11:46:37,309[m [32mINFO  [m[[1;34mhttp-nio-8080-exec-7[m] [36mCalculationServiceImpl[m - End method settleAccountsV1
[30m2026-08-31T11:46:37,309[m [32mINFO  [m[[1;34mhttp-nio-8080-exec-7[m] [36mCalculationServiceImpl[m - PERF_ASSIGNMENT service=calculos operation=settleAccounts result=SUCCESS side=BUY fractionCount=1 totalMs=0 validationMs=0 calculationAndMappingMs=0 dbQueryCount=0
[30m2026-08-31T11:46:37,335[m [32mINFO  [m[[1;34mhttp-nio-8080-exec-9[m] [36mGlobalFilter[m - ----------- Client User: operaciones-orquestador-ext-back ----------
[30m2026-08-31T11:46:37,336[m [32mINFO  [m[[1;34mhttp-nio-8080-exec-9[m] [36mCalculationServiceImpl[m - Start method settleAccountsV1, side -> BUY
[30m2026-08-31T11:46:37,336[m [32mINFO  [m[[1;34mhttp-nio-8080-exec-9[m] [36mCalculationServiceImpl[m - End method settleAccountsV1
[30m2026-08-31T11:46:37,336[m [32mINFO  [m[[1;34mhttp-nio-8080-exec-9[m] [36mCalculationServiceImpl[m - PERF_ASSIGNMENT service=calculos operation=settleAccounts result=SUCCESS side=BUY fractionCount=1 totalMs=0 validationMs=0 calculationAndMappingMs=0 dbQueryCount=0
[30m2026-08-31T11:46:37,362[m [32mINFO  [m[[1;34mhttp-nio-8080-exec-2[m] [36mGlobalFilter[m - ----------- Client User: operaciones-orquestador-ext-back ----------
[30m2026-08-31T11:46:37,363[m [32mINFO  [m[[1;34mhttp-nio-8080-exec-2[m] [36mCalculationServiceImpl[m - Start method settleAccountsV1, side -> BUY
[30m2026-08-31T11:46:37,363[m [32mINFO  [m[[1;34mhttp-nio-8080-exec-2[m] [36mCalculationServiceImpl[m - End method settleAccountsV1
[30m2026-08-31T11:46:37,363[m [32mINFO  [m[[1;34mhttp-nio-8080-exec-2[m] [36mCalculationServiceImpl[m - PERF_ASSIGNMENT service=calculos operation=settleAccounts result=SUCCESS side=BUY fractionCount=1 totalMs=0 validationMs=0 calculationAndMappingMs=0 dbQueryCount=0
[30m2026-08-31T11:46:37,388[m [32mINFO  [m[[1;34mhttp-nio-8080-exec-10[m] [36mGlobalFilter[m - ----------- Client User: operaciones-orquestador-ext-back ----------
[30m2026-08-31T11:46:37,388[m [32mINFO  [m[[1;34mhttp-nio-8080-exec-10[m] [36mCalculationServiceImpl[m - Start method settleAccountsV1, side -> BUY
[30m2026-08-31T11:46:37,389[m [32mINFO  [m[[1;34mhttp-nio-8080-exec-10[m] [36mCalculationServiceImpl[m - End method settleAccountsV1
[30m2026-08-31T11:46:37,389[m [32mINFO  [m[[1;34mhttp-nio-8080-exec-10[m] [36mCalculationServiceImpl[m - PERF_ASSIGNMENT service=calculos operation=settleAccounts result=SUCCESS side=BUY fractionCount=1 totalMs=0 validationMs=0 calculationAndMappingMs=0 dbQueryCount=0
[30m2026-08-31T11:46:37,414[m [32mINFO  [m[[1;34mhttp-nio-8080-exec-5[m] [36mGlobalFilter[m - ----------- Client User: operaciones-orquestador-ext-back ----------
[30m2026-08-31T11:46:37,414[m [32mINFO  [m[[1;34mhttp-nio-8080-exec-5[m] [36mCalculationServiceImpl[m - Start method settleAccountsV1, side -> BUY
[30m2026-08-31T11:46:37,415[m [32mINFO  [m[[1;34mhttp-nio-8080-exec-5[m] [36mCalculationServiceImpl[m - End method settleAccountsV1
[30m2026-08-31T11:46:37,415[m [32mINFO  [m[[1;34mhttp-nio-8080-exec-5[m] [36mCalculationServiceImpl[m - PERF_ASSIGNMENT service=calculos operation=settleAccounts result=SUCCESS side=BUY fractionCount=1 totalMs=0 validationMs=0 calculationAndMappingMs=0 dbQueryCount=0
[30m2026-08-31T11:46:37,440[m [32mINFO  [m[[1;34mhttp-nio-8080-exec-1[m] [36mGlobalFilter[m - ----------- Client User: operaciones-orquestador-ext-back ----------
[30m2026-08-31T11:46:37,441[m [32mINFO  [m[[1;34mhttp-nio-8080-exec-1[m] [36mCalculationServiceImpl[m - Start method settleAccountsV1, side -> BUY
[30m2026-08-31T11:46:37,441[m [32mINFO  [m[[1;34mhttp-nio-8080-exec-1[m] [36mCalculationServiceImpl[m - End method settleAccountsV1
[30m2026-08-31T11:46:37,441[m [32mINFO  [m[[1;34mhttp-nio-8080-exec-1[m] [36mCalculationServiceImpl[m - PERF_ASSIGNMENT service=calculos operation=settleAccounts result=SUCCESS side=BUY fractionCount=1 totalMs=0 validationMs=0 calculationAndMappingMs=0 dbQueryCount=0
[30m2026-08-31T11:46:37,467[m [32mINFO  [m[[1;34mhttp-nio-8080-exec-3[m] [36mGlobalFilter[m - ----------- Client User: operaciones-orquestador-ext-back ----------
[30m2026-08-31T11:46:37,467[m [32mINFO  [m[[1;34mhttp-nio-8080-exec-3[m] [36mCalculationServiceImpl[m - Start method settleAccountsV1, side -> BUY
[30m2026-08-31T11:46:37,467[m [32mINFO  [m[[1;34mhttp-nio-8080-exec-3[m] [36mCalculationServiceImpl[m - End method settleAccountsV1
[30m2026-08-31T11:46:37,467[m [32mINFO  [m[[1;34mhttp-nio-8080-exec-3[m] [36mCalculationServiceImpl[m - PERF_ASSIGNMENT service=calculos operation=settleAccounts result=SUCCESS side=BUY fractionCount=1 totalMs=0 validationMs=0 calculationAndMappingMs=0 dbQueryCount=0
[30m2026-08-31T11:46:37,493[m [32mINFO  [m[[1;34mhttp-nio-8080-exec-4[m] [36mGlobalFilter[m - ----------- Client User: operaciones-orquestador-ext-back ----------
[30m2026-08-31T11:46:37,494[m [32mINFO  [m[[1;34mhttp-nio-8080-exec-4[m] [36mCalculationServiceImpl[m - Start method settleAccountsV1, side -> BUY
[30m2026-08-31T11:46:37,494[m [32mINFO  [m[[1;34mhttp-nio-8080-exec-4[m] [36mCalculationServiceImpl[m - End method settleAccountsV1
[30m2026-08-31T11:46:37,494[m [32mINFO  [m[[1;34mhttp-nio-8080-exec-4[m] [36mCalculationServiceImpl[m - PERF_ASSIGNMENT service=calculos operation=settleAccounts result=SUCCESS side=BUY fractionCount=1 totalMs=0 validationMs=0 calculationAndMappingMs=0 dbQueryCount=0
[30m2026-08-31T11:46:37,520[m [32mINFO  [m[[1;34mhttp-nio-8080-exec-6[m] [36mGlobalFilter[m - ----------- Client User: operaciones-orquestador-ext-back ----------
[30m2026-08-31T11:46:37,520[m [32mINFO  [m[[1;34mhttp-nio-8080-exec-6[m] [36mCalculationServiceImpl[m - Start method settleAccountsV1, side -> BUY
[30m2026-08-31T11:46:37,520[m [32mINFO  [m[[1;34mhttp-nio-8080-exec-6[m] [36mCalculationServiceImpl[m - End method settleAccountsV1
[30m2026-08-31T11:46:37,520[m [32mINFO  [m[[1;34mhttp-nio-8080-exec-6[m] [36mCalculationServiceImpl[m - PERF_ASSIGNMENT service=calculos operation=settleAccounts result=SUCCESS side=BUY fractionCount=1 totalMs=0 validationMs=0 calculationAndMappingMs=0 dbQueryCount=0
[30m2026-08-31T11:46:37,545[m [32mINFO  [m[[1;34mhttp-nio-8080-exec-8[m] [36mGlobalFilter[m - ----------- Client User: operaciones-orquestador-ext-back ----------
[30m2026-08-31T11:46:37,546[m [32mINFO  [m[[1;34mhttp-nio-8080-exec-8[m] [36mCalculationServiceImpl[m - Start method settleAccountsV1, side -> BUY
[30m2026-08-31T11:46:37,546[m [32mINFO  [m[[1;34mhttp-nio-8080-exec-8[m] [36mCalculationServiceImpl[m - End method settleAccountsV1
[30m2026-08-31T11:46:37,546[m [32mINFO  [m[[1;34mhttp-nio-8080-exec-8[m] [36mCalculationServiceImpl[m - PERF_ASSIGNMENT service=calculos operation=settleAccounts result=SUCCESS side=BUY fractionCount=1 totalMs=0 validationMs=0 calculationAndMappingMs=0 dbQueryCount=0
[30m2026-08-31T11:46:37,570[m [32mINFO  [m[[1;34mhttp-nio-8080-exec-7[m] [36mGlobalFilter[m - ----------- Client User: operaciones-orquestador-ext-back ----------
[30m2026-08-31T11:46:37,571[m [32mINFO  [m[[1;34mhttp-nio-8080-exec-7[m] [36mCalculationServiceImpl[m - Start method settleAccountsV1, side -> BUY
[30m2026-08-31T11:46:37,571[m [32mINFO  [m[[1;34mhttp-nio-8080-exec-7[m] [36mCalculationServiceImpl[m - End method settleAccountsV1
[30m2026-08-31T11:46:37,571[m [32mINFO  [m[[1;34mhttp-nio-8080-exec-7[m] [36mCalculationServiceImpl[m - PERF_ASSIGNMENT service=calculos operation=settleAccounts result=SUCCESS side=BUY fractionCount=1 totalMs=0 validationMs=0 calculationAndMappingMs=0 dbQueryCount=0
[30m2026-08-31T11:46:37,597[m [32mINFO  [m[[1;34mhttp-nio-8080-exec-9[m] [36mGlobalFilter[m - ----------- Client User: operaciones-orquestador-ext-back ----------
[30m2026-08-31T11:46:37,597[m [32mINFO  [m[[1;34mhttp-nio-8080-exec-9[m] [36mCalculationServiceImpl[m - Start method settleAccountsV1, side -> BUY
[30m2026-08-31T11:46:37,597[m [32mINFO  [m[[1;34mhttp-nio-8080-exec-9[m] [36mCalculationServiceImpl[m - End method settleAccountsV1
[30m2026-08-31T11:46:37,597[m [32mINFO  [m[[1;34mhttp-nio-8080-exec-9[m] [36mCalculationServiceImpl[m - PERF_ASSIGNMENT service=calculos operation=settleAccounts result=SUCCESS side=BUY fractionCount=1 totalMs=0 validationMs=0 calculationAndMappingMs=0 dbQueryCount=0
[30m2026-08-31T11:46:37,621[m [32mINFO  [m[[1;34mhttp-nio-8080-exec-2[m] [36mGlobalFilter[m - ----------- Client User: operaciones-orquestador-ext-back ----------
[30m2026-08-31T11:46:37,622[m [32mINFO  [m[[1;34mhttp-nio-8080-exec-2[m] [36mCalculationServiceImpl[m - Start method settleAccountsV1, side -> BUY
[30m2026-08-31T11:46:37,622[m [32mINFO  [m[[1;34mhttp-nio-8080-exec-2[m] [36mCalculationServiceImpl[m - End method settleAccountsV1
[30m2026-08-31T11:46:37,622[m [32mINFO  [m[[1;34mhttp-nio-8080-exec-2[m] [36mCalculationServiceImpl[m - PERF_ASSIGNMENT service=calculos operation=settleAccounts result=SUCCESS side=BUY fractionCount=1 totalMs=0 validationMs=0 calculationAndMappingMs=0 dbQueryCount=0
[30m2026-08-31T11:46:37,647[m [32mINFO  [m[[1;34mhttp-nio-8080-exec-10[m] [36mGlobalFilter[m - ----------- Client User: operaciones-orquestador-ext-back ----------
[30m2026-08-31T11:46:37,648[m [32mINFO  [m[[1;34mhttp-nio-8080-exec-10[m] [36mCalculationServiceImpl[m - Start method settleAccountsV1, side -> BUY
[30m2026-08-31T11:46:37,648[m [32mINFO  [m[[1;34mhttp-nio-8080-exec-10[m] [36mCalculationServiceImpl[m - End method settleAccountsV1
[30m2026-08-31T11:46:37,648[m [32mINFO  [m[[1;34mhttp-nio-8080-exec-10[m] [36mCalculationServiceImpl[m - PERF_ASSIGNMENT service=calculos operation=settleAccounts result=SUCCESS side=BUY fractionCount=1 totalMs=0 validationMs=0 calculationAndMappingMs=0 dbQueryCount=0
[30m2026-08-31T11:46:37,672[m [32mINFO  [m[[1;34mhttp-nio-8080-exec-5[m] [36mGlobalFilter[m - ----------- Client User: operaciones-orquestador-ext-back ----------
[30m2026-08-31T11:46:37,673[m [32mINFO  [m[[1;34mhttp-nio-8080-exec-5[m] [36mCalculationServiceImpl[m - Start method settleAccountsV1, side -> BUY
[30m2026-08-31T11:46:37,673[m [32mINFO  [m[[1;34mhttp-nio-8080-exec-5[m] [36mCalculationServiceImpl[m - End method settleAccountsV1
[30m2026-08-31T11:46:37,673[m [32mINFO  [m[[1;34mhttp-nio-8080-exec-5[m] [36mCalculationServiceImpl[m - PERF_ASSIGNMENT service=calculos operation=settleAccounts result=SUCCESS side=BUY fractionCount=1 totalMs=0 validationMs=0 calculationAndMappingMs=0 dbQueryCount=0
[30m2026-08-31T11:46:37,698[m [32mINFO  [m[[1;34mhttp-nio-8080-exec-1[m] [36mGlobalFilter[m - ----------- Client User: operaciones-orquestador-ext-back ----------
[30m2026-08-31T11:46:37,699[m [32mINFO  [m[[1;34mhttp-nio-8080-exec-1[m] [36mCalculationServiceImpl[m - Start method settleAccountsV1, side -> BUY
[30m2026-08-31T11:46:37,699[m [32mINFO  [m[[1;34mhttp-nio-8080-exec-1[m] [36mCalculationServiceImpl[m - End method settleAccountsV1
[30m2026-08-31T11:46:37,699[m [32mINFO  [m[[1;34mhttp-nio-8080-exec-1[m] [36mCalculationServiceImpl[m - PERF_ASSIGNMENT service=calculos operation=settleAccounts result=SUCCESS side=BUY fractionCount=1 totalMs=0 validationMs=0 calculationAndMappingMs=0 dbQueryCount=0
[30m2026-08-31T11:46:37,859[m [32mINFO  [m[[1;34mhttp-nio-8080-exec-3[m] [36mGlobalFilter[m - ----------- Client User: operaciones-orquestador-ext-back ----------
[30m2026-08-31T11:46:37,859[m [32mINFO  [m[[1;34mhttp-nio-8080-exec-3[m] [36mCalculationServiceImpl[m - Start method settleAccountsV1, side -> BUY
[30m2026-08-31T11:46:37,859[m [32mINFO  [m[[1;34mhttp-nio-8080-exec-3[m] [36mCalculationServiceImpl[m - End method settleAccountsV1
[30m2026-08-31T11:46:37,859[m [32mINFO  [m[[1;34mhttp-nio-8080-exec-3[m] [36mCalculationServiceImpl[m - PERF_ASSIGNMENT service=calculos operation=settleAccounts result=SUCCESS side=BUY fractionCount=1 totalMs=0 validationMs=0 calculationAndMappingMs=0 dbQueryCount=0
[30m2026-08-31T11:46:37,884[m [32mINFO  [m[[1;34mhttp-nio-8080-exec-4[m] [36mGlobalFilter[m - ----------- Client User: operaciones-orquestador-ext-back ----------
[30m2026-08-31T11:46:37,885[m [32mINFO  [m[[1;34mhttp-nio-8080-exec-4[m] [36mCalculationServiceImpl[m - Start method settleAccountsV1, side -> BUY
[30m2026-08-31T11:46:37,885[m [32mINFO  [m[[1;34mhttp-nio-8080-exec-4[m] [36mCalculationServiceImpl[m - End method settleAccountsV1
[30m2026-08-31T11:46:37,885[m [32mINFO  [m[[1;34mhttp-nio-8080-exec-4[m] [36mCalculationServiceImpl[m - PERF_ASSIGNMENT service=calculos operation=settleAccounts result=SUCCESS side=BUY fractionCount=1 totalMs=0 validationMs=0 calculationAndMappingMs=0 dbQueryCount=0
[30m2026-08-31T11:46:37,910[m [32mINFO  [m[[1;34mhttp-nio-8080-exec-6[m] [36mGlobalFilter[m - ----------- Client User: operaciones-orquestador-ext-back ----------
[30m2026-08-31T11:46:37,911[m [32mINFO  [m[[1;34mhttp-nio-8080-exec-6[m] [36mCalculationServiceImpl[m - Start method settleAccountsV1, side -> BUY
[30m2026-08-31T11:46:37,911[m [32mINFO  [m[[1;34mhttp-nio-8080-exec-6[m] [36mCalculationServiceImpl[m - End method settleAccountsV1
[30m2026-08-31T11:46:37,911[m [32mINFO  [m[[1;34mhttp-nio-8080-exec-6[m] [36mCalculationServiceImpl[m - PERF_ASSIGNMENT service=calculos operation=settleAccounts result=SUCCESS side=BUY fractionCount=1 totalMs=0 validationMs=0 calculationAndMappingMs=0 dbQueryCount=0
[30m2026-08-31T11:46:37,936[m [32mINFO  [m[[1;34mhttp-nio-8080-exec-8[m] [36mGlobalFilter[m - ----------- Client User: operaciones-orquestador-ext-back ----------
[30m2026-08-31T11:46:37,937[m [32mINFO  [m[[1;34mhttp-nio-8080-exec-8[m] [36mCalculationServiceImpl[m - Start method settleAccountsV1, side -> BUY
[30m2026-08-31T11:46:37,937[m [32mINFO  [m[[1;34mhttp-nio-8080-exec-8[m] [36mCalculationServiceImpl[m - End method settleAccountsV1
[30m2026-08-31T11:46:37,937[m [32mINFO  [m[[1;34mhttp-nio-8080-exec-8[m] [36mCalculationServiceImpl[m - PERF_ASSIGNMENT service=calculos operation=settleAccounts result=SUCCESS side=BUY fractionCount=1 totalMs=0 validationMs=0 calculationAndMappingMs=0 dbQueryCount=0
[30m2026-08-31T11:46:37,962[m [32mINFO  [m[[1;34mhttp-nio-8080-exec-7[m] [36mGlobalFilter[m - ----------- Client User: operaciones-orquestador-ext-back ----------
[30m2026-08-31T11:46:37,962[m [32mINFO  [m[[1;34mhttp-nio-8080-exec-7[m] [36mCalculationServiceImpl[m - Start method settleAccountsV1, side -> BUY
[30m2026-08-31T11:46:37,962[m [32mINFO  [m[[1;34mhttp-nio-8080-exec-7[m] [36mCalculationServiceImpl[m - End method settleAccountsV1
[30m2026-08-31T11:46:37,962[m [32mINFO  [m[[1;34mhttp-nio-8080-exec-7[m] [36mCalculationServiceImpl[m - PERF_ASSIGNMENT service=calculos operation=settleAccounts result=SUCCESS side=BUY fractionCount=1 totalMs=0 validationMs=0 calculationAndMappingMs=0 dbQueryCount=0
[30m2026-08-31T11:46:37,988[m [32mINFO  [m[[1;34mhttp-nio-8080-exec-9[m] [36mGlobalFilter[m - ----------- Client User: operaciones-orquestador-ext-back ----------
[30m2026-08-31T11:46:37,988[m [32mINFO  [m[[1;34mhttp-nio-8080-exec-9[m] [36mCalculationServiceImpl[m - Start method settleAccountsV1, side -> BUY
[30m2026-08-31T11:46:37,988[m [32mINFO  [m[[1;34mhttp-nio-8080-exec-9[m] [36mCalculationServiceImpl[m - End method settleAccountsV1
[30m2026-08-31T11:46:37,989[m [32mINFO  [m[[1;34mhttp-nio-8080-exec-9[m] [36mCalculationServiceImpl[m - PERF_ASSIGNMENT service=calculos operation=settleAccounts result=SUCCESS side=BUY fractionCount=1 totalMs=0 validationMs=0 calculationAndMappingMs=0 dbQueryCount=0
[30m2026-08-31T11:46:38,014[m [32mINFO  [m[[1;34mhttp-nio-8080-exec-2[m] [36mGlobalFilter[m - ----------- Client User: operaciones-orquestador-ext-back ----------
[30m2026-08-31T11:46:38,015[m [32mINFO  [m[[1;34mhttp-nio-8080-exec-2[m] [36mCalculationServiceImpl[m - Start method settleAccountsV1, side -> BUY
[30m2026-08-31T11:46:38,015[m [32mINFO  [m[[1;34mhttp-nio-8080-exec-2[m] [36mCalculationServiceImpl[m - End method settleAccountsV1
[30m2026-08-31T11:46:38,015[m [32mINFO  [m[[1;34mhttp-nio-8080-exec-2[m] [36mCalculationServiceImpl[m - PERF_ASSIGNMENT service=calculos operation=settleAccounts result=SUCCESS side=BUY fractionCount=1 totalMs=0 validationMs=0 calculationAndMappingMs=0 dbQueryCount=0
[30m2026-08-31T11:46:38,041[m [32mINFO  [m[[1;34mhttp-nio-8080-exec-10[m] [36mGlobalFilter[m - ----------- Client User: operaciones-orquestador-ext-back ----------
[30m2026-08-31T11:46:38,042[m [32mINFO  [m[[1;34mhttp-nio-8080-exec-10[m] [36mCalculationServiceImpl[m - Start method settleAccountsV1, side -> BUY
[30m2026-08-31T11:46:38,042[m [32mINFO  [m[[1;34mhttp-nio-8080-exec-10[m] [36mCalculationServiceImpl[m - End method settleAccountsV1
[30m2026-08-31T11:46:38,042[m [32mINFO  [m[[1;34mhttp-nio-8080-exec-10[m] [36mCalculationServiceImpl[m - PERF_ASSIGNMENT service=calculos operation=settleAccounts result=SUCCESS side=BUY fractionCount=1 totalMs=0 validationMs=0 calculationAndMappingMs=0 dbQueryCount=0
[30m2026-08-31T11:46:38,068[m [32mINFO  [m[[1;34mhttp-nio-8080-exec-5[m] [36mGlobalFilter[m - ----------- Client User: operaciones-orquestador-ext-back ----------
[30m2026-08-31T11:46:38,068[m [32mINFO  [m[[1;34mhttp-nio-8080-exec-5[m] [36mCalculationServiceImpl[m - Start method settleAccountsV1, side -> BUY
[30m2026-08-31T11:46:38,068[m [32mINFO  [m[[1;34mhttp-nio-8080-exec-5[m] [36mCalculationServiceImpl[m - End method settleAccountsV1
[30m2026-08-31T11:46:38,068[m [32mINFO  [m[[1;34mhttp-nio-8080-exec-5[m] [36mCalculationServiceImpl[m - PERF_ASSIGNMENT service=calculos operation=settleAccounts result=SUCCESS side=BUY fractionCount=1 totalMs=0 validationMs=0 calculationAndMappingMs=0 dbQueryCount=0
[30m2026-08-31T11:46:38,093[m [32mINFO  [m[[1;34mhttp-nio-8080-exec-1[m] [36mGlobalFilter[m - ----------- Client User: operaciones-orquestador-ext-back ----------
[30m2026-08-31T11:46:38,094[m [32mINFO  [m[[1;34mhttp-nio-8080-exec-1[m] [36mCalculationServiceImpl[m - Start method settleAccountsV1, side -> BUY
[30m2026-08-31T11:46:38,094[m [32mINFO  [m[[1;34mhttp-nio-8080-exec-1[m] [36mCalculationServiceImpl[m - End method settleAccountsV1
[30m2026-08-31T11:46:38,094[m [32mINFO  [m[[1;34mhttp-nio-8080-exec-1[m] [36mCalculationServiceImpl[m - PERF_ASSIGNMENT service=calculos operation=settleAccounts result=SUCCESS side=BUY fractionCount=1 totalMs=0 validationMs=0 calculationAndMappingMs=0 dbQueryCount=0
[30m2026-08-31T11:46:38,118[m [32mINFO  [m[[1;34mhttp-nio-8080-exec-3[m] [36mGlobalFilter[m - ----------- Client User: operaciones-orquestador-ext-back ----------
[30m2026-08-31T11:46:38,119[m [32mINFO  [m[[1;34mhttp-nio-8080-exec-3[m] [36mCalculationServiceImpl[m - Start method settleAccountsV1, side -> BUY
[30m2026-08-31T11:46:38,119[m [32mINFO  [m[[1;34mhttp-nio-8080-exec-3[m] [36mCalculationServiceImpl[m - End method settleAccountsV1
[30m2026-08-31T11:46:38,119[m [32mINFO  [m[[1;34mhttp-nio-8080-exec-3[m] [36mCalculationServiceImpl[m - PERF_ASSIGNMENT service=calculos operation=settleAccounts result=SUCCESS side=BUY fractionCount=1 totalMs=0 validationMs=0 calculationAndMappingMs=0 dbQueryCount=0
[30m2026-08-31T11:46:38,144[m [32mINFO  [m[[1;34mhttp-nio-8080-exec-4[m] [36mGlobalFilter[m - ----------- Client User: operaciones-orquestador-ext-back ----------
[30m2026-08-31T11:46:38,144[m [32mINFO  [m[[1;34mhttp-nio-8080-exec-4[m] [36mCalculationServiceImpl[m - Start method settleAccountsV1, side -> BUY
[30m2026-08-31T11:46:38,145[m [32mINFO  [m[[1;34mhttp-nio-8080-exec-4[m] [36mCalculationServiceImpl[m - End method settleAccountsV1
[30m2026-08-31T11:46:38,145[m [32mINFO  [m[[1;34mhttp-nio-8080-exec-4[m] [36mCalculationServiceImpl[m - PERF_ASSIGNMENT service=calculos operation=settleAccounts result=SUCCESS side=BUY fractionCount=1 totalMs=0 validationMs=0 calculationAndMappingMs=0 dbQueryCount=0
[30m2026-08-31T11:46:38,170[m [32mINFO  [m[[1;34mhttp-nio-8080-exec-6[m] [36mGlobalFilter[m - ----------- Client User: operaciones-orquestador-ext-back ----------
[30m2026-08-31T11:46:38,170[m [32mINFO  [m[[1;34mhttp-nio-8080-exec-6[m] [36mCalculationServiceImpl[m - Start method settleAccountsV1, side -> BUY
[30m2026-08-31T11:46:38,170[m [32mINFO  [m[[1;34mhttp-nio-8080-exec-6[m] [36mCalculationServiceImpl[m - End method settleAccountsV1
[30m2026-08-31T11:46:38,170[m [32mINFO  [m[[1;34mhttp-nio-8080-exec-6[m] [36mCalculationServiceImpl[m - PERF_ASSIGNMENT service=calculos operation=settleAccounts result=SUCCESS side=BUY fractionCount=1 totalMs=0 validationMs=0 calculationAndMappingMs=0 dbQueryCount=0
[30m2026-08-31T11:46:38,195[m [32mINFO  [m[[1;34mhttp-nio-8080-exec-8[m] [36mGlobalFilter[m - ----------- Client User: operaciones-orquestador-ext-back ----------
[30m2026-08-31T11:46:38,195[m [32mINFO  [m[[1;34mhttp-nio-8080-exec-8[m] [36mCalculationServiceImpl[m - Start method settleAccountsV1, side -> BUY
[30m2026-08-31T11:46:38,195[m [32mINFO  [m[[1;34mhttp-nio-8080-exec-8[m] [36mCalculationServiceImpl[m - End method settleAccountsV1
[30m2026-08-31T11:46:38,195[m [32mINFO  [m[[1;34mhttp-nio-8080-exec-8[m] [36mCalculationServiceImpl[m - PERF_ASSIGNMENT service=calculos operation=settleAccounts result=SUCCESS side=BUY fractionCount=1 totalMs=0 validationMs=0 calculationAndMappingMs=0 dbQueryCount=0
[30m2026-08-31T11:46:38,220[m [32mINFO  [m[[1;34mhttp-nio-8080-exec-7[m] [36mGlobalFilter[m - ----------- Client User: operaciones-orquestador-ext-back ----------
[30m2026-08-31T11:46:38,221[m [32mINFO  [m[[1;34mhttp-nio-8080-exec-7[m] [36mCalculationServiceImpl[m - Start method settleAccountsV1, side -> BUY
[30m2026-08-31T11:46:38,221[m [32mINFO  [m[[1;34mhttp-nio-8080-exec-7[m] [36mCalculationServiceImpl[m - End method settleAccountsV1
[30m2026-08-31T11:46:38,221[m [32mINFO  [m[[1;34mhttp-nio-8080-exec-7[m] [36mCalculationServiceImpl[m - PERF_ASSIGNMENT service=calculos operation=settleAccounts result=SUCCESS side=BUY fractionCount=1 totalMs=0 validationMs=0 calculationAndMappingMs=0 dbQueryCount=0
[30m2026-08-31T11:46:38,246[m [32mINFO  [m[[1;34mhttp-nio-8080-exec-9[m] [36mGlobalFilter[m - ----------- Client User: operaciones-orquestador-ext-back ----------
[30m2026-08-31T11:46:38,247[m [32mINFO  [m[[1;34mhttp-nio-8080-exec-9[m] [36mCalculationServiceImpl[m - Start method settleAccountsV1, side -> BUY
[30m2026-08-31T11:46:38,247[m [32mINFO  [m[[1;34mhttp-nio-8080-exec-9[m] [36mCalculationServiceImpl[m - End method settleAccountsV1
[30m2026-08-31T11:46:38,247[m [32mINFO  [m[[1;34mhttp-nio-8080-exec-9[m] [36mCalculationServiceImpl[m - PERF_ASSIGNMENT service=calculos operation=settleAccounts result=SUCCESS side=BUY fractionCount=1 totalMs=0 validationMs=0 calculationAndMappingMs=0 dbQueryCount=0
[30m2026-08-31T11:46:38,271[m [32mINFO  [m[[1;34mhttp-nio-8080-exec-2[m] [36mGlobalFilter[m - ----------- Client User: operaciones-orquestador-ext-back ----------
[30m2026-08-31T11:46:38,271[m [32mINFO  [m[[1;34mhttp-nio-8080-exec-2[m] [36mCalculationServiceImpl[m - Start method settleAccountsV1, side -> BUY
[30m2026-08-31T11:46:38,272[m [32mINFO  [m[[1;34mhttp-nio-8080-exec-2[m] [36mCalculationServiceImpl[m - End method settleAccountsV1
[30m2026-08-31T11:46:38,272[m [32mINFO  [m[[1;34mhttp-nio-8080-exec-2[m] [36mCalculationServiceImpl[m - PERF_ASSIGNMENT service=calculos operation=settleAccounts result=SUCCESS side=BUY fractionCount=1 totalMs=0 validationMs=0 calculationAndMappingMs=0 dbQueryCount=0
[30m2026-08-31T11:46:38,297[m [32mINFO  [m[[1;34mhttp-nio-8080-exec-10[m] [36mGlobalFilter[m - ----------- Client User: operaciones-orquestador-ext-back ----------
[30m2026-08-31T11:46:38,297[m [32mINFO  [m[[1;34mhttp-nio-8080-exec-10[m] [36mCalculationServiceImpl[m - Start method settleAccountsV1, side -> BUY
[30m2026-08-31T11:46:38,297[m [32mINFO  [m[[1;34mhttp-nio-8080-exec-10[m] [36mCalculationServiceImpl[m - End method settleAccountsV1
[30m2026-08-31T11:46:38,297[m [32mINFO  [m[[1;34mhttp-nio-8080-exec-10[m] [36mCalculationServiceImpl[m - PERF_ASSIGNMENT service=calculos operation=settleAccounts result=SUCCESS side=BUY fractionCount=1 totalMs=0 validationMs=0 calculationAndMappingMs=0 dbQueryCount=0
[30m2026-08-31T11:46:38,324[m [32mINFO  [m[[1;34mhttp-nio-8080-exec-5[m] [36mGlobalFilter[m - ----------- Client User: operaciones-orquestador-ext-back ----------
[30m2026-08-31T11:46:38,324[m [32mINFO  [m[[1;34mhttp-nio-8080-exec-5[m] [36mCalculationServiceImpl[m - Start method settleAccountsV1, side -> BUY
[30m2026-08-31T11:46:38,325[m [32mINFO  [m[[1;34mhttp-nio-8080-exec-5[m] [36mCalculationServiceImpl[m - End method settleAccountsV1
[30m2026-08-31T11:46:38,325[m [32mINFO  [m[[1;34mhttp-nio-8080-exec-5[m] [36mCalculationServiceImpl[m - PERF_ASSIGNMENT service=calculos operation=settleAccounts result=SUCCESS side=BUY fractionCount=1 totalMs=0 validationMs=0 calculationAndMappingMs=0 dbQueryCount=0
[30m2026-08-31T11:46:38,351[m [32mINFO  [m[[1;34mhttp-nio-8080-exec-1[m] [36mGlobalFilter[m - ----------- Client User: operaciones-orquestador-ext-back ----------
[30m2026-08-31T11:46:38,351[m [32mINFO  [m[[1;34mhttp-nio-8080-exec-1[m] [36mCalculationServiceImpl[m - Start method settleAccountsV1, side -> BUY
[30m2026-08-31T11:46:38,351[m [32mINFO  [m[[1;34mhttp-nio-8080-exec-1[m] [36mCalculationServiceImpl[m - End method settleAccountsV1
[30m2026-08-31T11:46:38,351[m [32mINFO  [m[[1;34mhttp-nio-8080-exec-1[m] [36mCalculationServiceImpl[m - PERF_ASSIGNMENT service=calculos operation=settleAccounts result=SUCCESS side=BUY fractionCount=1 totalMs=0 validationMs=0 calculationAndMappingMs=0 dbQueryCount=0
[30m2026-08-31T11:46:38,377[m [32mINFO  [m[[1;34mhttp-nio-8080-exec-3[m] [36mGlobalFilter[m - ----------- Client User: operaciones-orquestador-ext-back ----------
[30m2026-08-31T11:46:38,377[m [32mINFO  [m[[1;34mhttp-nio-8080-exec-3[m] [36mCalculationServiceImpl[m - Start method settleAccountsV1, side -> BUY
[30m2026-08-31T11:46:38,377[m [32mINFO  [m[[1;34mhttp-nio-8080-exec-3[m] [36mCalculationServiceImpl[m - End method settleAccountsV1
[30m2026-08-31T11:46:38,377[m [32mINFO  [m[[1;34mhttp-nio-8080-exec-3[m] [36mCalculationServiceImpl[m - PERF_ASSIGNMENT service=calculos operation=settleAccounts result=SUCCESS side=BUY fractionCount=1 totalMs=0 validationMs=0 calculationAndMappingMs=0 dbQueryCount=0
[30m2026-08-31T11:46:38,403[m [32mINFO  [m[[1;34mhttp-nio-8080-exec-4[m] [36mGlobalFilter[m - ----------- Client User: operaciones-orquestador-ext-back ----------
[30m2026-08-31T11:46:38,403[m [32mINFO  [m[[1;34mhttp-nio-8080-exec-4[m] [36mCalculationServiceImpl[m - Start method settleAccountsV1, side -> BUY
[30m2026-08-31T11:46:38,403[m [32mINFO  [m[[1;34mhttp-nio-8080-exec-4[m] [36mCalculationServiceImpl[m - End method settleAccountsV1
[30m2026-08-31T11:46:38,403[m [32mINFO  [m[[1;34mhttp-nio-8080-exec-4[m] [36mCalculationServiceImpl[m - PERF_ASSIGNMENT service=calculos operation=settleAccounts result=SUCCESS side=BUY fractionCount=1 totalMs=0 validationMs=0 calculationAndMappingMs=0 dbQueryCount=0
[30m2026-08-31T11:46:38,429[m [32mINFO  [m[[1;34mhttp-nio-8080-exec-6[m] [36mGlobalFilter[m - ----------- Client User: operaciones-orquestador-ext-back ----------
[30m2026-08-31T11:46:38,429[m [32mINFO  [m[[1;34mhttp-nio-8080-exec-6[m] [36mCalculationServiceImpl[m - Start method settleAccountsV1, side -> BUY
[30m2026-08-31T11:46:38,429[m [32mINFO  [m[[1;34mhttp-nio-8080-exec-6[m] [36mCalculationServiceImpl[m - End method settleAccountsV1
[30m2026-08-31T11:46:38,429[m [32mINFO  [m[[1;34mhttp-nio-8080-exec-6[m] [36mCalculationServiceImpl[m - PERF_ASSIGNMENT service=calculos operation=settleAccounts result=SUCCESS side=BUY fractionCount=1 totalMs=0 validationMs=0 calculationAndMappingMs=0 dbQueryCount=0
[30m2026-08-31T11:46:38,455[m [32mINFO  [m[[1;34mhttp-nio-8080-exec-8[m] [36mGlobalFilter[m - ----------- Client User: operaciones-orquestador-ext-back ----------
[30m2026-08-31T11:46:38,455[m [32mINFO  [m[[1;34mhttp-nio-8080-exec-8[m] [36mCalculationServiceImpl[m - Start method settleAccountsV1, side -> BUY
[30m2026-08-31T11:46:38,456[m [32mINFO  [m[[1;34mhttp-nio-8080-exec-8[m] [36mCalculationServiceImpl[m - End method settleAccountsV1
[30m2026-08-31T11:46:38,456[m [32mINFO  [m[[1;34mhttp-nio-8080-exec-8[m] [36mCalculationServiceImpl[m - PERF_ASSIGNMENT service=calculos operation=settleAccounts result=SUCCESS side=BUY fractionCount=1 totalMs=0 validationMs=0 calculationAndMappingMs=0 dbQueryCount=0
[30m2026-08-31T11:46:38,481[m [32mINFO  [m[[1;34mhttp-nio-8080-exec-7[m] [36mGlobalFilter[m - ----------- Client User: operaciones-orquestador-ext-back ----------
[30m2026-08-31T11:46:38,482[m [32mINFO  [m[[1;34mhttp-nio-8080-exec-7[m] [36mCalculationServiceImpl[m - Start method settleAccountsV1, side -> BUY
[30m2026-08-31T11:46:38,482[m [32mINFO  [m[[1;34mhttp-nio-8080-exec-7[m] [36mCalculationServiceImpl[m - End method settleAccountsV1
[30m2026-08-31T11:46:38,482[m [32mINFO  [m[[1;34mhttp-nio-8080-exec-7[m] [36mCalculationServiceImpl[m - PERF_ASSIGNMENT service=calculos operation=settleAccounts result=SUCCESS side=BUY fractionCount=1 totalMs=0 validationMs=0 calculationAndMappingMs=0 dbQueryCount=0
[30m2026-08-31T11:46:38,507[m [32mINFO  [m[[1;34mhttp-nio-8080-exec-9[m] [36mGlobalFilter[m - ----------- Client User: operaciones-orquestador-ext-back ----------
[30m2026-08-31T11:46:38,507[m [32mINFO  [m[[1;34mhttp-nio-8080-exec-9[m] [36mCalculationServiceImpl[m - Start method settleAccountsV1, side -> BUY
[30m2026-08-31T11:46:38,507[m [32mINFO  [m[[1;34mhttp-nio-8080-exec-9[m] [36mCalculationServiceImpl[m - End method settleAccountsV1
[30m2026-08-31T11:46:38,508[m [32mINFO  [m[[1;34mhttp-nio-8080-exec-9[m] [36mCalculationServiceImpl[m - PERF_ASSIGNMENT service=calculos operation=settleAccounts result=SUCCESS side=BUY fractionCount=1 totalMs=0 validationMs=0 calculationAndMappingMs=0 dbQueryCount=0
[30m2026-08-31T11:46:38,532[m [32mINFO  [m[[1;34mhttp-nio-8080-exec-2[m] [36mGlobalFilter[m - ----------- Client User: operaciones-orquestador-ext-back ----------
[30m2026-08-31T11:46:38,533[m [32mINFO  [m[[1;34mhttp-nio-8080-exec-2[m] [36mCalculationServiceImpl[m - Start method settleAccountsV1, side -> BUY
[30m2026-08-31T11:46:38,533[m [32mINFO  [m[[1;34mhttp-nio-8080-exec-2[m] [36mCalculationServiceImpl[m - End method settleAccountsV1
[30m2026-08-31T11:46:38,533[m [32mINFO  [m[[1;34mhttp-nio-8080-exec-2[m] [36mCalculationServiceImpl[m - PERF_ASSIGNMENT service=calculos operation=settleAccounts result=SUCCESS side=BUY fractionCount=1 totalMs=0 validationMs=0 calculationAndMappingMs=0 dbQueryCount=0
[30m2026-08-31T11:46:38,558[m [32mINFO  [m[[1;34mhttp-nio-8080-exec-10[m] [36mGlobalFilter[m - ----------- Client User: operaciones-orquestador-ext-back ----------
[30m2026-08-31T11:46:38,559[m [32mINFO  [m[[1;34mhttp-nio-8080-exec-10[m] [36mCalculationServiceImpl[m - Start method settleAccountsV1, side -> BUY
[30m2026-08-31T11:46:38,559[m [32mINFO  [m[[1;34mhttp-nio-8080-exec-10[m] [36mCalculationServiceImpl[m - End method settleAccountsV1
[30m2026-08-31T11:46:38,559[m [32mINFO  [m[[1;34mhttp-nio-8080-exec-10[m] [36mCalculationServiceImpl[m - PERF_ASSIGNMENT service=calculos operation=settleAccounts result=SUCCESS side=BUY fractionCount=1 totalMs=0 validationMs=0 calculationAndMappingMs=0 dbQueryCount=0
[30m2026-08-31T11:46:38,584[m [32mINFO  [m[[1;34mhttp-nio-8080-exec-5[m] [36mGlobalFilter[m - ----------- Client User: operaciones-orquestador-ext-back ----------
[30m2026-08-31T11:46:38,584[m [32mINFO  [m[[1;34mhttp-nio-8080-exec-5[m] [36mCalculationServiceImpl[m - Start method settleAccountsV1, side -> BUY
[30m2026-08-31T11:46:38,584[m [32mINFO  [m[[1;34mhttp-nio-8080-exec-5[m] [36mCalculationServiceImpl[m - End method settleAccountsV1
[30m2026-08-31T11:46:38,584[m [32mINFO  [m[[1;34mhttp-nio-8080-exec-5[m] [36mCalculationServiceImpl[m - PERF_ASSIGNMENT service=calculos operation=settleAccounts result=SUCCESS side=BUY fractionCount=1 totalMs=0 validationMs=0 calculationAndMappingMs=0 dbQueryCount=0
[30m2026-08-31T11:46:38,611[m [32mINFO  [m[[1;34mhttp-nio-8080-exec-1[m] [36mGlobalFilter[m - ----------- Client User: operaciones-orquestador-ext-back ----------
[30m2026-08-31T11:46:38,612[m [32mINFO  [m[[1;34mhttp-nio-8080-exec-1[m] [36mCalculationServiceImpl[m - Start method settleAccountsV1, side -> BUY
[30m2026-08-31T11:46:38,612[m [32mINFO  [m[[1;34mhttp-nio-8080-exec-1[m] [36mCalculationServiceImpl[m - End method settleAccountsV1
[30m2026-08-31T11:46:38,612[m [32mINFO  [m[[1;34mhttp-nio-8080-exec-1[m] [36mCalculationServiceImpl[m - PERF_ASSIGNMENT service=calculos operation=settleAccounts result=SUCCESS side=BUY fractionCount=1 totalMs=0 validationMs=0 calculationAndMappingMs=0 dbQueryCount=0
[30m2026-08-31T11:46:38,637[m [32mINFO  [m[[1;34mhttp-nio-8080-exec-3[m] [36mGlobalFilter[m - ----------- Client User: operaciones-orquestador-ext-back ----------
[30m2026-08-31T11:46:38,637[m [32mINFO  [m[[1;34mhttp-nio-8080-exec-3[m] [36mCalculationServiceImpl[m - Start method settleAccountsV1, side -> BUY
[30m2026-08-31T11:46:38,638[m [32mINFO  [m[[1;34mhttp-nio-8080-exec-3[m] [36mCalculationServiceImpl[m - End method settleAccountsV1
[30m2026-08-31T11:46:38,638[m [32mINFO  [m[[1;34mhttp-nio-8080-exec-3[m] [36mCalculationServiceImpl[m - PERF_ASSIGNMENT service=calculos operation=settleAccounts result=SUCCESS side=BUY fractionCount=1 totalMs=0 validationMs=0 calculationAndMappingMs=0 dbQueryCount=0
[30m2026-08-31T11:46:38,662[m [32mINFO  [m[[1;34mhttp-nio-8080-exec-4[m] [36mGlobalFilter[m - ----------- Client User: operaciones-orquestador-ext-back ----------
[30m2026-08-31T11:46:38,663[m [32mINFO  [m[[1;34mhttp-nio-8080-exec-4[m] [36mCalculationServiceImpl[m - Start method settleAccountsV1, side -> BUY
[30m2026-08-31T11:46:38,663[m [32mINFO  [m[[1;34mhttp-nio-8080-exec-4[m] [36mCalculationServiceImpl[m - End method settleAccountsV1
[30m2026-08-31T11:46:38,663[m [32mINFO  [m[[1;34mhttp-nio-8080-exec-4[m] [36mCalculationServiceImpl[m - PERF_ASSIGNMENT service=calculos operation=settleAccounts result=SUCCESS side=BUY fractionCount=1 totalMs=0 validationMs=0 calculationAndMappingMs=0 dbQueryCount=0
[30m2026-08-31T11:46:38,688[m [32mINFO  [m[[1;34mhttp-nio-8080-exec-6[m] [36mGlobalFilter[m - ----------- Client User: operaciones-orquestador-ext-back ----------
[30m2026-08-31T11:46:38,688[m [32mINFO  [m[[1;34mhttp-nio-8080-exec-6[m] [36mCalculationServiceImpl[m - Start method settleAccountsV1, side -> BUY
[30m2026-08-31T11:46:38,689[m [32mINFO  [m[[1;34mhttp-nio-8080-exec-6[m] [36mCalculationServiceImpl[m - End method settleAccountsV1
[30m2026-08-31T11:46:38,689[m [32mINFO  [m[[1;34mhttp-nio-8080-exec-6[m] [36mCalculationServiceImpl[m - PERF_ASSIGNMENT service=calculos operation=settleAccounts result=SUCCESS side=BUY fractionCount=1 totalMs=0 validationMs=0 calculationAndMappingMs=0 dbQueryCount=0
[30m2026-08-31T11:46:38,714[m [32mINFO  [m[[1;34mhttp-nio-8080-exec-8[m] [36mGlobalFilter[m - ----------- Client User: operaciones-orquestador-ext-back ----------
[30m2026-08-31T11:46:38,716[m [32mINFO  [m[[1;34mhttp-nio-8080-exec-8[m] [36mCalculationServiceImpl[m - Start method settleAccountsV1, side -> BUY
[30m2026-08-31T11:46:38,716[m [32mINFO  [m[[1;34mhttp-nio-8080-exec-8[m] [36mCalculationServiceImpl[m - End method settleAccountsV1
[30m2026-08-31T11:46:38,716[m [32mINFO  [m[[1;34mhttp-nio-8080-exec-8[m] [36mCalculationServiceImpl[m - PERF_ASSIGNMENT service=calculos operation=settleAccounts result=SUCCESS side=BUY fractionCount=1 totalMs=0 validationMs=0 calculationAndMappingMs=0 dbQueryCount=0
[30m2026-08-31T11:46:38,741[m [32mINFO  [m[[1;34mhttp-nio-8080-exec-7[m] [36mGlobalFilter[m - ----------- Client User: operaciones-orquestador-ext-back ----------
[30m2026-08-31T11:46:38,742[m [32mINFO  [m[[1;34mhttp-nio-8080-exec-7[m] [36mCalculationServiceImpl[m - Start method settleAccountsV1, side -> BUY
[30m2026-08-31T11:46:38,742[m [32mINFO  [m[[1;34mhttp-nio-8080-exec-7[m] [36mCalculationServiceImpl[m - End method settleAccountsV1
[30m2026-08-31T11:46:38,742[m [32mINFO  [m[[1;34mhttp-nio-8080-exec-7[m] [36mCalculationServiceImpl[m - PERF_ASSIGNMENT service=calculos operation=settleAccounts result=SUCCESS side=BUY fractionCount=1 totalMs=0 validationMs=0 calculationAndMappingMs=0 dbQueryCount=0
[30m2026-08-31T11:46:38,768[m [32mINFO  [m[[1;34mhttp-nio-8080-exec-9[m] [36mGlobalFilter[m - ----------- Client User: operaciones-orquestador-ext-back ----------
[30m2026-08-31T11:46:38,768[m [32mINFO  [m[[1;34mhttp-nio-8080-exec-9[m] [36mCalculationServiceImpl[m - Start method settleAccountsV1, side -> BUY
[30m2026-08-31T11:46:38,768[m [32mINFO  [m[[1;34mhttp-nio-8080-exec-9[m] [36mCalculationServiceImpl[m - End method settleAccountsV1
[30m2026-08-31T11:46:38,768[m [32mINFO  [m[[1;34mhttp-nio-8080-exec-9[m] [36mCalculationServiceImpl[m - PERF_ASSIGNMENT service=calculos operation=settleAccounts result=SUCCESS side=BUY fractionCount=1 totalMs=0 validationMs=0 calculationAndMappingMs=0 dbQueryCount=0
[30m2026-08-31T11:46:38,794[m [32mINFO  [m[[1;34mhttp-nio-8080-exec-2[m] [36mGlobalFilter[m - ----------- Client User: operaciones-orquestador-ext-back ----------
[30m2026-08-31T11:46:38,794[m [32mINFO  [m[[1;34mhttp-nio-8080-exec-2[m] [36mCalculationServiceImpl[m - Start method settleAccountsV1, side -> BUY
[30m2026-08-31T11:46:38,794[m [32mINFO  [m[[1;34mhttp-nio-8080-exec-2[m] [36mCalculationServiceImpl[m - End method settleAccountsV1
[30m2026-08-31T11:46:38,795[m [32mINFO  [m[[1;34mhttp-nio-8080-exec-2[m] [36mCalculationServiceImpl[m - PERF_ASSIGNMENT service=calculos operation=settleAccounts result=SUCCESS side=BUY fractionCount=1 totalMs=0 validationMs=0 calculationAndMappingMs=0 dbQueryCount=0
[30m2026-08-31T11:46:38,821[m [32mINFO  [m[[1;34mhttp-nio-8080-exec-10[m] [36mGlobalFilter[m - ----------- Client User: operaciones-orquestador-ext-back ----------
[30m2026-08-31T11:46:38,822[m [32mINFO  [m[[1;34mhttp-nio-8080-exec-10[m] [36mCalculationServiceImpl[m - Start method settleAccountsV1, side -> BUY
[30m2026-08-31T11:46:38,822[m [32mINFO  [m[[1;34mhttp-nio-8080-exec-10[m] [36mCalculationServiceImpl[m - End method settleAccountsV1
[30m2026-08-31T11:46:38,822[m [32mINFO  [m[[1;34mhttp-nio-8080-exec-10[m] [36mCalculationServiceImpl[m - PERF_ASSIGNMENT service=calculos operation=settleAccounts result=SUCCESS side=BUY fractionCount=1 totalMs=0 validationMs=0 calculationAndMappingMs=0 dbQueryCount=0
[30m2026-08-31T11:46:38,847[m [32mINFO  [m[[1;34mhttp-nio-8080-exec-5[m] [36mGlobalFilter[m - ----------- Client User: operaciones-orquestador-ext-back ----------
[30m2026-08-31T11:46:38,847[m [32mINFO  [m[[1;34mhttp-nio-8080-exec-5[m] [36mCalculationServiceImpl[m - Start method settleAccountsV1, side -> BUY
[30m2026-08-31T11:46:38,847[m [32mINFO  [m[[1;34mhttp-nio-8080-exec-5[m] [36mCalculationServiceImpl[m - End method settleAccountsV1
[30m2026-08-31T11:46:38,848[m [32mINFO  [m[[1;34mhttp-nio-8080-exec-5[m] [36mCalculationServiceImpl[m - PERF_ASSIGNMENT service=calculos operation=settleAccounts result=SUCCESS side=BUY fractionCount=1 totalMs=0 validationMs=0 calculationAndMappingMs=0 dbQueryCount=0
[30m2026-08-31T11:46:38,873[m [32mINFO  [m[[1;34mhttp-nio-8080-exec-1[m] [36mGlobalFilter[m - ----------- Client User: operaciones-orquestador-ext-back ----------
[30m2026-08-31T11:46:38,873[m [32mINFO  [m[[1;34mhttp-nio-8080-exec-1[m] [36mCalculationServiceImpl[m - Start method settleAccountsV1, side -> BUY
[30m2026-08-31T11:46:38,873[m [32mINFO  [m[[1;34mhttp-nio-8080-exec-1[m] [36mCalculationServiceImpl[m - End method settleAccountsV1
[30m2026-08-31T11:46:38,873[m [32mINFO  [m[[1;34mhttp-nio-8080-exec-1[m] [36mCalculationServiceImpl[m - PERF_ASSIGNMENT service=calculos operation=settleAccounts result=SUCCESS side=BUY fractionCount=1 totalMs=0 validationMs=0 calculationAndMappingMs=0 dbQueryCount=0
[30m2026-08-31T11:46:38,899[m [32mINFO  [m[[1;34mhttp-nio-8080-exec-3[m] [36mGlobalFilter[m - ----------- Client User: operaciones-orquestador-ext-back ----------
[30m2026-08-31T11:46:38,899[m [32mINFO  [m[[1;34mhttp-nio-8080-exec-3[m] [36mCalculationServiceImpl[m - Start method settleAccountsV1, side -> BUY
[30m2026-08-31T11:46:38,899[m [32mINFO  [m[[1;34mhttp-nio-8080-exec-3[m] [36mCalculationServiceImpl[m - End method settleAccountsV1
[30m2026-08-31T11:46:38,899[m [32mINFO  [m[[1;34mhttp-nio-8080-exec-3[m] [36mCalculationServiceImpl[m - PERF_ASSIGNMENT service=calculos operation=settleAccounts result=SUCCESS side=BUY fractionCount=1 totalMs=0 validationMs=0 calculationAndMappingMs=0 dbQueryCount=0
[30m2026-08-31T11:46:38,925[m [32mINFO  [m[[1;34mhttp-nio-8080-exec-4[m] [36mGlobalFilter[m - ----------- Client User: operaciones-orquestador-ext-back ----------
[30m2026-08-31T11:46:38,925[m [32mINFO  [m[[1;34mhttp-nio-8080-exec-4[m] [36mCalculationServiceImpl[m - Start method settleAccountsV1, side -> BUY
[30m2026-08-31T11:46:38,925[m [32mINFO  [m[[1;34mhttp-nio-8080-exec-4[m] [36mCalculationServiceImpl[m - End method settleAccountsV1
[30m2026-08-31T11:46:38,925[m [32mINFO  [m[[1;34mhttp-nio-8080-exec-4[m] [36mCalculationServiceImpl[m - PERF_ASSIGNMENT service=calculos operation=settleAccounts result=SUCCESS side=BUY fractionCount=1 totalMs=0 validationMs=0 calculationAndMappingMs=0 dbQueryCount=0
[30m2026-08-31T11:46:38,953[m [32mINFO  [m[[1;34mhttp-nio-8080-exec-6[m] [36mGlobalFilter[m - ----------- Client User: operaciones-orquestador-ext-back ----------
[30m2026-08-31T11:46:38,953[m [32mINFO  [m[[1;34mhttp-nio-8080-exec-6[m] [36mCalculationServiceImpl[m - Start method settleAccountsV1, side -> BUY
[30m2026-08-31T11:46:38,953[m [32mINFO  [m[[1;34mhttp-nio-8080-exec-6[m] [36mCalculationServiceImpl[m - End method settleAccountsV1
[30m2026-08-31T11:46:38,953[m [32mINFO  [m[[1;34mhttp-nio-8080-exec-6[m] [36mCalculationServiceImpl[m - PERF_ASSIGNMENT service=calculos operation=settleAccounts result=SUCCESS side=BUY fractionCount=1 totalMs=0 validationMs=0 calculationAndMappingMs=0 dbQueryCount=0
[30m2026-08-31T11:46:38,979[m [32mINFO  [m[[1;34mhttp-nio-8080-exec-8[m] [36mGlobalFilter[m - ----------- Client User: operaciones-orquestador-ext-back ----------
[30m2026-08-31T11:46:38,980[m [32mINFO  [m[[1;34mhttp-nio-8080-exec-8[m] [36mCalculationServiceImpl[m - Start method settleAccountsV1, side -> BUY
[30m2026-08-31T11:46:38,980[m [32mINFO  [m[[1;34mhttp-nio-8080-exec-8[m] [36mCalculationServiceImpl[m - End method settleAccountsV1
[30m2026-08-31T11:46:38,980[m [32mINFO  [m[[1;34mhttp-nio-8080-exec-8[m] [36mCalculationServiceImpl[m - PERF_ASSIGNMENT service=calculos operation=settleAccounts result=SUCCESS side=BUY fractionCount=1 totalMs=0 validationMs=0 calculationAndMappingMs=0 dbQueryCount=0
[30m2026-08-31T11:46:39,005[m [32mINFO  [m[[1;34mhttp-nio-8080-exec-7[m] [36mGlobalFilter[m - ----------- Client User: operaciones-orquestador-ext-back ----------
[30m2026-08-31T11:46:39,005[m [32mINFO  [m[[1;34mhttp-nio-8080-exec-7[m] [36mCalculationServiceImpl[m - Start method settleAccountsV1, side -> BUY
[30m2026-08-31T11:46:39,005[m [32mINFO  [m[[1;34mhttp-nio-8080-exec-7[m] [36mCalculationServiceImpl[m - End method settleAccountsV1
[30m2026-08-31T11:46:39,005[m [32mINFO  [m[[1;34mhttp-nio-8080-exec-7[m] [36mCalculationServiceImpl[m - PERF_ASSIGNMENT service=calculos operation=settleAccounts result=SUCCESS side=BUY fractionCount=1 totalMs=0 validationMs=0 calculationAndMappingMs=0 dbQueryCount=0
[30m2026-08-31T11:46:39,032[m [32mINFO  [m[[1;34mhttp-nio-8080-exec-9[m] [36mGlobalFilter[m - ----------- Client User: operaciones-orquestador-ext-back ----------
[30m2026-08-31T11:46:39,032[m [32mINFO  [m[[1;34mhttp-nio-8080-exec-9[m] [36mCalculationServiceImpl[m - Start method settleAccountsV1, side -> BUY
[30m2026-08-31T11:46:39,033[m [32mINFO  [m[[1;34mhttp-nio-8080-exec-9[m] [36mCalculationServiceImpl[m - End method settleAccountsV1
[30m2026-08-31T11:46:39,033[m [32mINFO  [m[[1;34mhttp-nio-8080-exec-9[m] [36mCalculationServiceImpl[m - PERF_ASSIGNMENT service=calculos operation=settleAccounts result=SUCCESS side=BUY fractionCount=1 totalMs=0 validationMs=0 calculationAndMappingMs=0 dbQueryCount=0
[30m2026-08-31T11:46:39,058[m [32mINFO  [m[[1;34mhttp-nio-8080-exec-2[m] [36mGlobalFilter[m - ----------- Client User: operaciones-orquestador-ext-back ----------
[30m2026-08-31T11:46:39,058[m [32mINFO  [m[[1;34mhttp-nio-8080-exec-2[m] [36mCalculationServiceImpl[m - Start method settleAccountsV1, side -> BUY
[30m2026-08-31T11:46:39,058[m [32mINFO  [m[[1;34mhttp-nio-8080-exec-2[m] [36mCalculationServiceImpl[m - End method settleAccountsV1
[30m2026-08-31T11:46:39,059[m [32mINFO  [m[[1;34mhttp-nio-8080-exec-2[m] [36mCalculationServiceImpl[m - PERF_ASSIGNMENT service=calculos operation=settleAccounts result=SUCCESS side=BUY fractionCount=1 totalMs=0 validationMs=0 calculationAndMappingMs=0 dbQueryCount=0
[30m2026-08-31T11:46:39,084[m [32mINFO  [m[[1;34mhttp-nio-8080-exec-10[m] [36mGlobalFilter[m - ----------- Client User: operaciones-orquestador-ext-back ----------
[30m2026-08-31T11:46:39,084[m [32mINFO  [m[[1;34mhttp-nio-8080-exec-10[m] [36mCalculationServiceImpl[m - Start method settleAccountsV1, side -> BUY
[30m2026-08-31T11:46:39,084[m [32mINFO  [m[[1;34mhttp-nio-8080-exec-10[m] [36mCalculationServiceImpl[m - End method settleAccountsV1
[30m2026-08-31T11:46:39,085[m [32mINFO  [m[[1;34mhttp-nio-8080-exec-10[m] [36mCalculationServiceImpl[m - PERF_ASSIGNMENT service=calculos operation=settleAccounts result=SUCCESS side=BUY fractionCount=1 totalMs=0 validationMs=0 calculationAndMappingMs=0 dbQueryCount=0
[30m2026-08-31T11:46:39,111[m [32mINFO  [m[[1;34mhttp-nio-8080-exec-5[m] [36mGlobalFilter[m - ----------- Client User: operaciones-orquestador-ext-back ----------
[30m2026-08-31T11:46:39,111[m [32mINFO  [m[[1;34mhttp-nio-8080-exec-5[m] [36mCalculationServiceImpl[m - Start method settleAccountsV1, side -> BUY
[30m2026-08-31T11:46:39,111[m [32mINFO  [m[[1;34mhttp-nio-8080-exec-5[m] [36mCalculationServiceImpl[m - End method settleAccountsV1
[30m2026-08-31T11:46:39,111[m [32mINFO  [m[[1;34mhttp-nio-8080-exec-5[m] [36mCalculationServiceImpl[m - PERF_ASSIGNMENT service=calculos operation=settleAccounts result=SUCCESS side=BUY fractionCount=1 totalMs=0 validationMs=0 calculationAndMappingMs=0 dbQueryCount=0
[30m2026-08-31T11:46:39,137[m [32mINFO  [m[[1;34mhttp-nio-8080-exec-1[m] [36mGlobalFilter[m - ----------- Client User: operaciones-orquestador-ext-back ----------
[30m2026-08-31T11:46:39,137[m [32mINFO  [m[[1;34mhttp-nio-8080-exec-1[m] [36mCalculationServiceImpl[m - Start method settleAccountsV1, side -> BUY
[30m2026-08-31T11:46:39,137[m [32mINFO  [m[[1;34mhttp-nio-8080-exec-1[m] [36mCalculationServiceImpl[m - End method settleAccountsV1
[30m2026-08-31T11:46:39,137[m [32mINFO  [m[[1;34mhttp-nio-8080-exec-1[m] [36mCalculationServiceImpl[m - PERF_ASSIGNMENT service=calculos operation=settleAccounts result=SUCCESS side=BUY fractionCount=1 totalMs=0 validationMs=0 calculationAndMappingMs=0 dbQueryCount=0
[30m2026-08-31T11:46:39,303[m [32mINFO  [m[[1;34mhttp-nio-8080-exec-3[m] [36mGlobalFilter[m - ----------- Client User: operaciones-orquestador-ext-back ----------
[30m2026-08-31T11:46:39,304[m [32mINFO  [m[[1;34mhttp-nio-8080-exec-3[m] [36mCalculationServiceImpl[m - Start method settleAccountsV1, side -> BUY
[30m2026-08-31T11:46:39,304[m [32mINFO  [m[[1;34mhttp-nio-8080-exec-3[m] [36mCalculationServiceImpl[m - End method settleAccountsV1
[30m2026-08-31T11:46:39,304[m [32mINFO  [m[[1;34mhttp-nio-8080-exec-3[m] [36mCalculationServiceImpl[m - PERF_ASSIGNMENT service=calculos operation=settleAccounts result=SUCCESS side=BUY fractionCount=1 totalMs=0 validationMs=0 calculationAndMappingMs=0 dbQueryCount=0
[30m2026-08-31T11:46:39,331[m [32mINFO  [m[[1;34mhttp-nio-8080-exec-4[m] [36mGlobalFilter[m - ----------- Client User: operaciones-orquestador-ext-back ----------
[30m2026-08-31T11:46:39,331[m [32mINFO  [m[[1;34mhttp-nio-8080-exec-4[m] [36mCalculationServiceImpl[m - Start method settleAccountsV1, side -> BUY
[30m2026-08-31T11:46:39,331[m [32mINFO  [m[[1;34mhttp-nio-8080-exec-4[m] [36mCalculationServiceImpl[m - End method settleAccountsV1
[30m2026-08-31T11:46:39,331[m [32mINFO  [m[[1;34mhttp-nio-8080-exec-4[m] [36mCalculationServiceImpl[m - PERF_ASSIGNMENT service=calculos operation=settleAccounts result=SUCCESS side=BUY fractionCount=1 totalMs=0 validationMs=0 calculationAndMappingMs=0 dbQueryCount=0
[30m2026-08-31T11:46:39,358[m [32mINFO  [m[[1;34mhttp-nio-8080-exec-6[m] [36mGlobalFilter[m - ----------- Client User: operaciones-orquestador-ext-back ----------
[30m2026-08-31T11:46:39,358[m [32mINFO  [m[[1;34mhttp-nio-8080-exec-6[m] [36mCalculationServiceImpl[m - Start method settleAccountsV1, side -> BUY
[30m2026-08-31T11:46:39,359[m [32mINFO  [m[[1;34mhttp-nio-8080-exec-6[m] [36mCalculationServiceImpl[m - End method settleAccountsV1
[30m2026-08-31T11:46:39,359[m [32mINFO  [m[[1;34mhttp-nio-8080-exec-6[m] [36mCalculationServiceImpl[m - PERF_ASSIGNMENT service=calculos operation=settleAccounts result=SUCCESS side=BUY fractionCount=1 totalMs=0 validationMs=0 calculationAndMappingMs=0 dbQueryCount=0
[30m2026-08-31T11:46:39,384[m [32mINFO  [m[[1;34mhttp-nio-8080-exec-8[m] [36mGlobalFilter[m - ----------- Client User: operaciones-orquestador-ext-back ----------
[30m2026-08-31T11:46:39,385[m [32mINFO  [m[[1;34mhttp-nio-8080-exec-8[m] [36mCalculationServiceImpl[m - Start method settleAccountsV1, side -> BUY
[30m2026-08-31T11:46:39,385[m [32mINFO  [m[[1;34mhttp-nio-8080-exec-8[m] [36mCalculationServiceImpl[m - End method settleAccountsV1
[30m2026-08-31T11:46:39,385[m [32mINFO  [m[[1;34mhttp-nio-8080-exec-8[m] [36mCalculationServiceImpl[m - PERF_ASSIGNMENT service=calculos operation=settleAccounts result=SUCCESS side=BUY fractionCount=1 totalMs=0 validationMs=0 calculationAndMappingMs=0 dbQueryCount=0
[30m2026-08-31T11:46:39,414[m [32mINFO  [m[[1;34mhttp-nio-8080-exec-7[m] [36mGlobalFilter[m - ----------- Client User: operaciones-orquestador-ext-back ----------
[30m2026-08-31T11:46:39,415[m [32mINFO  [m[[1;34mhttp-nio-8080-exec-7[m] [36mCalculationServiceImpl[m - Start method settleAccountsV1, side -> BUY
[30m2026-08-31T11:46:39,415[m [32mINFO  [m[[1;34mhttp-nio-8080-exec-7[m] [36mCalculationServiceImpl[m - End method settleAccountsV1
[30m2026-08-31T11:46:39,415[m [32mINFO  [m[[1;34mhttp-nio-8080-exec-7[m] [36mCalculationServiceImpl[m - PERF_ASSIGNMENT service=calculos operation=settleAccounts result=SUCCESS side=BUY fractionCount=1 totalMs=0 validationMs=0 calculationAndMappingMs=0 dbQueryCount=0
[30m2026-08-31T11:46:39,441[m [32mINFO  [m[[1;34mhttp-nio-8080-exec-9[m] [36mGlobalFilter[m - ----------- Client User: operaciones-orquestador-ext-back ----------
[30m2026-08-31T11:46:39,441[m [32mINFO  [m[[1;34mhttp-nio-8080-exec-9[m] [36mCalculationServiceImpl[m - Start method settleAccountsV1, side -> BUY
[30m2026-08-31T11:46:39,441[m [32mINFO  [m[[1;34mhttp-nio-8080-exec-9[m] [36mCalculationServiceImpl[m - End method settleAccountsV1
[30m2026-08-31T11:46:39,441[m [32mINFO  [m[[1;34mhttp-nio-8080-exec-9[m] [36mCalculationServiceImpl[m - PERF_ASSIGNMENT service=calculos operation=settleAccounts result=SUCCESS side=BUY fractionCount=1 totalMs=0 validationMs=0 calculationAndMappingMs=0 dbQueryCount=0
[30m2026-08-31T11:46:39,466[m [32mINFO  [m[[1;34mhttp-nio-8080-exec-2[m] [36mGlobalFilter[m - ----------- Client User: operaciones-orquestador-ext-back ----------
[30m2026-08-31T11:46:39,467[m [32mINFO  [m[[1;34mhttp-nio-8080-exec-2[m] [36mCalculationServiceImpl[m - Start method settleAccountsV1, side -> BUY
[30m2026-08-31T11:46:39,467[m [32mINFO  [m[[1;34mhttp-nio-8080-exec-2[m] [36mCalculationServiceImpl[m - End method settleAccountsV1
[30m2026-08-31T11:46:39,467[m [32mINFO  [m[[1;34mhttp-nio-8080-exec-2[m] [36mCalculationServiceImpl[m - PERF_ASSIGNMENT service=calculos operation=settleAccounts result=SUCCESS side=BUY fractionCount=1 totalMs=0 validationMs=0 calculationAndMappingMs=0 dbQueryCount=0
[30m2026-08-31T11:46:39,492[m [32mINFO  [m[[1;34mhttp-nio-8080-exec-10[m] [36mGlobalFilter[m - ----------- Client User: operaciones-orquestador-ext-back ----------
[30m2026-08-31T11:46:39,492[m [32mINFO  [m[[1;34mhttp-nio-8080-exec-10[m] [36mCalculationServiceImpl[m - Start method settleAccountsV1, side -> BUY
[30m2026-08-31T11:46:39,492[m [32mINFO  [m[[1;34mhttp-nio-8080-exec-10[m] [36mCalculationServiceImpl[m - End method settleAccountsV1
[30m2026-08-31T11:46:39,492[m [32mINFO  [m[[1;34mhttp-nio-8080-exec-10[m] [36mCalculationServiceImpl[m - PERF_ASSIGNMENT service=calculos operation=settleAccounts result=SUCCESS side=BUY fractionCount=1 totalMs=0 validationMs=0 calculationAndMappingMs=0 dbQueryCount=0
[30m2026-08-31T11:46:39,518[m [32mINFO  [m[[1;34mhttp-nio-8080-exec-5[m] [36mGlobalFilter[m - ----------- Client User: operaciones-orquestador-ext-back ----------
[30m2026-08-31T11:46:39,518[m [32mINFO  [m[[1;34mhttp-nio-8080-exec-5[m] [36mCalculationServiceImpl[m - Start method settleAccountsV1, side -> BUY
[30m2026-08-31T11:46:39,519[m [32mINFO  [m[[1;34mhttp-nio-8080-exec-5[m] [36mCalculationServiceImpl[m - End method settleAccountsV1
[30m2026-08-31T11:46:39,519[m [32mINFO  [m[[1;34mhttp-nio-8080-exec-5[m] [36mCalculationServiceImpl[m - PERF_ASSIGNMENT service=calculos operation=settleAccounts result=SUCCESS side=BUY fractionCount=1 totalMs=0 validationMs=0 calculationAndMappingMs=0 dbQueryCount=0
[30m2026-08-31T11:46:39,545[m [32mINFO  [m[[1;34mhttp-nio-8080-exec-1[m] [36mGlobalFilter[m - ----------- Client User: operaciones-orquestador-ext-back ----------
[30m2026-08-31T11:46:39,545[m [32mINFO  [m[[1;34mhttp-nio-8080-exec-1[m] [36mCalculationServiceImpl[m - Start method settleAccountsV1, side -> BUY
[30m2026-08-31T11:46:39,545[m [32mINFO  [m[[1;34mhttp-nio-8080-exec-1[m] [36mCalculationServiceImpl[m - End method settleAccountsV1
[30m2026-08-31T11:46:39,545[m [32mINFO  [m[[1;34mhttp-nio-8080-exec-1[m] [36mCalculationServiceImpl[m - PERF_ASSIGNMENT service=calculos operation=settleAccounts result=SUCCESS side=BUY fractionCount=1 totalMs=0 validationMs=0 calculationAndMappingMs=0 dbQueryCount=0
[30m2026-08-31T11:46:39,573[m [32mINFO  [m[[1;34mhttp-nio-8080-exec-3[m] [36mGlobalFilter[m - ----------- Client User: operaciones-orquestador-ext-back ----------
[30m2026-08-31T11:46:39,573[m [32mINFO  [m[[1;34mhttp-nio-8080-exec-3[m] [36mCalculationServiceImpl[m - Start method settleAccountsV1, side -> BUY
[30m2026-08-31T11:46:39,573[m [32mINFO  [m[[1;34mhttp-nio-8080-exec-3[m] [36mCalculationServiceImpl[m - End method settleAccountsV1
[30m2026-08-31T11:46:39,573[m [32mINFO  [m[[1;34mhttp-nio-8080-exec-3[m] [36mCalculationServiceImpl[m - PERF_ASSIGNMENT service=calculos operation=settleAccounts result=SUCCESS side=BUY fractionCount=1 totalMs=0 validationMs=0 calculationAndMappingMs=0 dbQueryCount=0
[30m2026-08-31T11:46:39,600[m [32mINFO  [m[[1;34mhttp-nio-8080-exec-4[m] [36mGlobalFilter[m - ----------- Client User: operaciones-orquestador-ext-back ----------
[30m2026-08-31T11:46:39,601[m [32mINFO  [m[[1;34mhttp-nio-8080-exec-4[m] [36mCalculationServiceImpl[m - Start method settleAccountsV1, side -> BUY
[30m2026-08-31T11:46:39,601[m [32mINFO  [m[[1;34mhttp-nio-8080-exec-4[m] [36mCalculationServiceImpl[m - End method settleAccountsV1
[30m2026-08-31T11:46:39,601[m [32mINFO  [m[[1;34mhttp-nio-8080-exec-4[m] [36mCalculationServiceImpl[m - PERF_ASSIGNMENT service=calculos operation=settleAccounts result=SUCCESS side=BUY fractionCount=1 totalMs=0 validationMs=0 calculationAndMappingMs=0 dbQueryCount=0
[30m2026-08-31T11:46:39,627[m [32mINFO  [m[[1;34mhttp-nio-8080-exec-6[m] [36mGlobalFilter[m - ----------- Client User: operaciones-orquestador-ext-back ----------
[30m2026-08-31T11:46:39,627[m [32mINFO  [m[[1;34mhttp-nio-8080-exec-6[m] [36mCalculationServiceImpl[m - Start method settleAccountsV1, side -> BUY
[30m2026-08-31T11:46:39,627[m [32mINFO  [m[[1;34mhttp-nio-8080-exec-6[m] [36mCalculationServiceImpl[m - End method settleAccountsV1
[30m2026-08-31T11:46:39,627[m [32mINFO  [m[[1;34mhttp-nio-8080-exec-6[m] [36mCalculationServiceImpl[m - PERF_ASSIGNMENT service=calculos operation=settleAccounts result=SUCCESS side=BUY fractionCount=1 totalMs=0 validationMs=0 calculationAndMappingMs=0 dbQueryCount=0
[30m2026-08-31T11:46:39,653[m [32mINFO  [m[[1;34mhttp-nio-8080-exec-8[m] [36mGlobalFilter[m - ----------- Client User: operaciones-orquestador-ext-back ----------
[30m2026-08-31T11:46:39,653[m [32mINFO  [m[[1;34mhttp-nio-8080-exec-8[m] [36mCalculationServiceImpl[m - Start method settleAccountsV1, side -> BUY
[30m2026-08-31T11:46:39,653[m [32mINFO  [m[[1;34mhttp-nio-8080-exec-8[m] [36mCalculationServiceImpl[m - End method settleAccountsV1
[30m2026-08-31T11:46:39,653[m [32mINFO  [m[[1;34mhttp-nio-8080-exec-8[m] [36mCalculationServiceImpl[m - PERF_ASSIGNMENT service=calculos operation=settleAccounts result=SUCCESS side=BUY fractionCount=1 totalMs=0 validationMs=0 calculationAndMappingMs=0 dbQueryCount=0
[30m2026-08-31T11:46:39,679[m [32mINFO  [m[[1;34mhttp-nio-8080-exec-7[m] [36mGlobalFilter[m - ----------- Client User: operaciones-orquestador-ext-back ----------
[30m2026-08-31T11:46:39,679[m [32mINFO  [m[[1;34mhttp-nio-8080-exec-7[m] [36mCalculationServiceImpl[m - Start method settleAccountsV1, side -> BUY
[30m2026-08-31T11:46:39,679[m [32mINFO  [m[[1;34mhttp-nio-8080-exec-7[m] [36mCalculationServiceImpl[m - End method settleAccountsV1
[30m2026-08-31T11:46:39,679[m [32mINFO  [m[[1;34mhttp-nio-8080-exec-7[m] [36mCalculationServiceImpl[m - PERF_ASSIGNMENT service=calculos operation=settleAccounts result=SUCCESS side=BUY fractionCount=1 totalMs=0 validationMs=0 calculationAndMappingMs=0 dbQueryCount=0
[30m2026-08-31T11:46:39,705[m [32mINFO  [m[[1;34mhttp-nio-8080-exec-9[m] [36mGlobalFilter[m - ----------- Client User: operaciones-orquestador-ext-back ----------
[30m2026-08-31T11:46:39,705[m [32mINFO  [m[[1;34mhttp-nio-8080-exec-9[m] [36mCalculationServiceImpl[m - Start method settleAccountsV1, side -> BUY
[30m2026-08-31T11:46:39,705[m [32mINFO  [m[[1;34mhttp-nio-8080-exec-9[m] [36mCalculationServiceImpl[m - End method settleAccountsV1
[30m2026-08-31T11:46:39,705[m [32mINFO  [m[[1;34mhttp-nio-8080-exec-9[m] [36mCalculationServiceImpl[m - PERF_ASSIGNMENT service=calculos operation=settleAccounts result=SUCCESS side=BUY fractionCount=1 totalMs=0 validationMs=0 calculationAndMappingMs=0 dbQueryCount=0
[30m2026-08-31T11:46:39,730[m [32mINFO  [m[[1;34mhttp-nio-8080-exec-2[m] [36mGlobalFilter[m - ----------- Client User: operaciones-orquestador-ext-back ----------
[30m2026-08-31T11:46:39,730[m [32mINFO  [m[[1;34mhttp-nio-8080-exec-2[m] [36mCalculationServiceImpl[m - Start method settleAccountsV1, side -> BUY
[30m2026-08-31T11:46:39,730[m [32mINFO  [m[[1;34mhttp-nio-8080-exec-2[m] [36mCalculationServiceImpl[m - End method settleAccountsV1
[30m2026-08-31T11:46:39,730[m [32mINFO  [m[[1;34mhttp-nio-8080-exec-2[m] [36mCalculationServiceImpl[m - PERF_ASSIGNMENT service=calculos operation=settleAccounts result=SUCCESS side=BUY fractionCount=1 totalMs=0 validationMs=0 calculationAndMappingMs=0 dbQueryCount=0
[30m2026-08-31T11:46:39,756[m [32mINFO  [m[[1;34mhttp-nio-8080-exec-10[m] [36mGlobalFilter[m - ----------- Client User: operaciones-orquestador-ext-back ----------
[30m2026-08-31T11:46:39,756[m [32mINFO  [m[[1;34mhttp-nio-8080-exec-10[m] [36mCalculationServiceImpl[m - Start method settleAccountsV1, side -> BUY
[30m2026-08-31T11:46:39,756[m [32mINFO  [m[[1;34mhttp-nio-8080-exec-10[m] [36mCalculationServiceImpl[m - End method settleAccountsV1
[30m2026-08-31T11:46:39,756[m [32mINFO  [m[[1;34mhttp-nio-8080-exec-10[m] [36mCalculationServiceImpl[m - PERF_ASSIGNMENT service=calculos operation=settleAccounts result=SUCCESS side=BUY fractionCount=1 totalMs=0 validationMs=0 calculationAndMappingMs=0 dbQueryCount=0
[30m2026-08-31T11:46:39,783[m [32mINFO  [m[[1;34mhttp-nio-8080-exec-5[m] [36mGlobalFilter[m - ----------- Client User: operaciones-orquestador-ext-back ----------
[30m2026-08-31T11:46:39,783[m [32mINFO  [m[[1;34mhttp-nio-8080-exec-5[m] [36mCalculationServiceImpl[m - Start method settleAccountsV1, side -> BUY
[30m2026-08-31T11:46:39,783[m [32mINFO  [m[[1;34mhttp-nio-8080-exec-5[m] [36mCalculationServiceImpl[m - End method settleAccountsV1
[30m2026-08-31T11:46:39,784[m [32mINFO  [m[[1;34mhttp-nio-8080-exec-5[m] [36mCalculationServiceImpl[m - PERF_ASSIGNMENT service=calculos operation=settleAccounts result=SUCCESS side=BUY fractionCount=1 totalMs=0 validationMs=0 calculationAndMappingMs=0 dbQueryCount=0
[30m2026-08-31T11:46:39,810[m [32mINFO  [m[[1;34mhttp-nio-8080-exec-1[m] [36mGlobalFilter[m - ----------- Client User: operaciones-orquestador-ext-back ----------
[30m2026-08-31T11:46:39,810[m [32mINFO  [m[[1;34mhttp-nio-8080-exec-1[m] [36mCalculationServiceImpl[m - Start method settleAccountsV1, side -> BUY
[30m2026-08-31T11:46:39,811[m [32mINFO  [m[[1;34mhttp-nio-8080-exec-1[m] [36mCalculationServiceImpl[m - End method settleAccountsV1
[30m2026-08-31T11:46:39,811[m [32mINFO  [m[[1;34mhttp-nio-8080-exec-1[m] [36mCalculationServiceImpl[m - PERF_ASSIGNMENT service=calculos operation=settleAccounts result=SUCCESS side=BUY fractionCount=1 totalMs=0 validationMs=0 calculationAndMappingMs=0 dbQueryCount=0
[30m2026-08-31T11:46:39,836[m [32mINFO  [m[[1;34mhttp-nio-8080-exec-3[m] [36mGlobalFilter[m - ----------- Client User: operaciones-orquestador-ext-back ----------
[30m2026-08-31T11:46:39,836[m [32mINFO  [m[[1;34mhttp-nio-8080-exec-3[m] [36mCalculationServiceImpl[m - Start method settleAccountsV1, side -> BUY
[30m2026-08-31T11:46:39,837[m [32mINFO  [m[[1;34mhttp-nio-8080-exec-3[m] [36mCalculationServiceImpl[m - End method settleAccountsV1
[30m2026-08-31T11:46:39,837[m [32mINFO  [m[[1;34mhttp-nio-8080-exec-3[m] [36mCalculationServiceImpl[m - PERF_ASSIGNMENT service=calculos operation=settleAccounts result=SUCCESS side=BUY fractionCount=1 totalMs=0 validationMs=0 calculationAndMappingMs=0 dbQueryCount=0
[30m2026-08-31T11:46:39,862[m [32mINFO  [m[[1;34mhttp-nio-8080-exec-4[m] [36mGlobalFilter[m - ----------- Client User: operaciones-orquestador-ext-back ----------
[30m2026-08-31T11:46:39,862[m [32mINFO  [m[[1;34mhttp-nio-8080-exec-4[m] [36mCalculationServiceImpl[m - Start method settleAccountsV1, side -> BUY
[30m2026-08-31T11:46:39,862[m [32mINFO  [m[[1;34mhttp-nio-8080-exec-4[m] [36mCalculationServiceImpl[m - End method settleAccountsV1
[30m2026-08-31T11:46:39,862[m [32mINFO  [m[[1;34mhttp-nio-8080-exec-4[m] [36mCalculationServiceImpl[m - PERF_ASSIGNMENT service=calculos operation=settleAccounts result=SUCCESS side=BUY fractionCount=1 totalMs=0 validationMs=0 calculationAndMappingMs=0 dbQueryCount=0
[30m2026-08-31T11:46:39,888[m [32mINFO  [m[[1;34mhttp-nio-8080-exec-6[m] [36mGlobalFilter[m - ----------- Client User: operaciones-orquestador-ext-back ----------
[30m2026-08-31T11:46:39,888[m [32mINFO  [m[[1;34mhttp-nio-8080-exec-6[m] [36mCalculationServiceImpl[m - Start method settleAccountsV1, side -> BUY
[30m2026-08-31T11:46:39,888[m [32mINFO  [m[[1;34mhttp-nio-8080-exec-6[m] [36mCalculationServiceImpl[m - End method settleAccountsV1
[30m2026-08-31T11:46:39,888[m [32mINFO  [m[[1;34mhttp-nio-8080-exec-6[m] [36mCalculationServiceImpl[m - PERF_ASSIGNMENT service=calculos operation=settleAccounts result=SUCCESS side=BUY fractionCount=1 totalMs=0 validationMs=0 calculationAndMappingMs=0 dbQueryCount=0
[30m2026-08-31T11:46:39,914[m [32mINFO  [m[[1;34mhttp-nio-8080-exec-8[m] [36mGlobalFilter[m - ----------- Client User: operaciones-orquestador-ext-back ----------
[30m2026-08-31T11:46:39,915[m [32mINFO  [m[[1;34mhttp-nio-8080-exec-8[m] [36mCalculationServiceImpl[m - Start method settleAccountsV1, side -> BUY
[30m2026-08-31T11:46:39,915[m [32mINFO  [m[[1;34mhttp-nio-8080-exec-8[m] [36mCalculationServiceImpl[m - End method settleAccountsV1
[30m2026-08-31T11:46:39,915[m [32mINFO  [m[[1;34mhttp-nio-8080-exec-8[m] [36mCalculationServiceImpl[m - PERF_ASSIGNMENT service=calculos operation=settleAccounts result=SUCCESS side=BUY fractionCount=1 totalMs=0 validationMs=0 calculationAndMappingMs=0 dbQueryCount=0
[30m2026-08-31T11:46:39,940[m [32mINFO  [m[[1;34mhttp-nio-8080-exec-7[m] [36mGlobalFilter[m - ----------- Client User: operaciones-orquestador-ext-back ----------
[30m2026-08-31T11:46:39,940[m [32mINFO  [m[[1;34mhttp-nio-8080-exec-7[m] [36mCalculationServiceImpl[m - Start method settleAccountsV1, side -> BUY
[30m2026-08-31T11:46:39,940[m [32mINFO  [m[[1;34mhttp-nio-8080-exec-7[m] [36mCalculationServiceImpl[m - End method settleAccountsV1
[30m2026-08-31T11:46:39,940[m [32mINFO  [m[[1;34mhttp-nio-8080-exec-7[m] [36mCalculationServiceImpl[m - PERF_ASSIGNMENT service=calculos operation=settleAccounts result=SUCCESS side=BUY fractionCount=1 totalMs=0 validationMs=0 calculationAndMappingMs=0 dbQueryCount=0
[30m2026-08-31T11:46:39,966[m [32mINFO  [m[[1;34mhttp-nio-8080-exec-9[m] [36mGlobalFilter[m - ----------- Client User: operaciones-orquestador-ext-back ----------
[30m2026-08-31T11:46:39,966[m [32mINFO  [m[[1;34mhttp-nio-8080-exec-9[m] [36mCalculationServiceImpl[m - Start method settleAccountsV1, side -> BUY
[30m2026-08-31T11:46:39,966[m [32mINFO  [m[[1;34mhttp-nio-8080-exec-9[m] [36mCalculationServiceImpl[m - End method settleAccountsV1
[30m2026-08-31T11:46:39,966[m [32mINFO  [m[[1;34mhttp-nio-8080-exec-9[m] [36mCalculationServiceImpl[m - PERF_ASSIGNMENT service=calculos operation=settleAccounts result=SUCCESS side=BUY fractionCount=1 totalMs=0 validationMs=0 calculationAndMappingMs=0 dbQueryCount=0
[30m2026-08-31T11:46:39,992[m [32mINFO  [m[[1;34mhttp-nio-8080-exec-2[m] [36mGlobalFilter[m - ----------- Client User: operaciones-orquestador-ext-back ----------
[30m2026-08-31T11:46:39,992[m [32mINFO  [m[[1;34mhttp-nio-8080-exec-2[m] [36mCalculationServiceImpl[m - Start method settleAccountsV1, side -> BUY
[30m2026-08-31T11:46:39,992[m [32mINFO  [m[[1;34mhttp-nio-8080-exec-2[m] [36mCalculationServiceImpl[m - End method settleAccountsV1
[30m2026-08-31T11:46:39,992[m [32mINFO  [m[[1;34mhttp-nio-8080-exec-2[m] [36mCalculationServiceImpl[m - PERF_ASSIGNMENT service=calculos operation=settleAccounts result=SUCCESS side=BUY fractionCount=1 totalMs=0 validationMs=0 calculationAndMappingMs=0 dbQueryCount=0
[30m2026-08-31T11:46:40,019[m [32mINFO  [m[[1;34mhttp-nio-8080-exec-10[m] [36mGlobalFilter[m - ----------- Client User: operaciones-orquestador-ext-back ----------
[30m2026-08-31T11:46:40,019[m [32mINFO  [m[[1;34mhttp-nio-8080-exec-10[m] [36mCalculationServiceImpl[m - Start method settleAccountsV1, side -> BUY
[30m2026-08-31T11:46:40,019[m [32mINFO  [m[[1;34mhttp-nio-8080-exec-10[m] [36mCalculationServiceImpl[m - End method settleAccountsV1
[30m2026-08-31T11:46:40,019[m [32mINFO  [m[[1;34mhttp-nio-8080-exec-10[m] [36mCalculationServiceImpl[m - PERF_ASSIGNMENT service=calculos operation=settleAccounts result=SUCCESS side=BUY fractionCount=1 totalMs=0 validationMs=0 calculationAndMappingMs=0 dbQueryCount=0
[30m2026-08-31T11:46:40,053[m [32mINFO  [m[[1;34mhttp-nio-8080-exec-5[m] [36mGlobalFilter[m - ----------- Client User: operaciones-orquestador-ext-back ----------
[30m2026-08-31T11:46:40,053[m [32mINFO  [m[[1;34mhttp-nio-8080-exec-5[m] [36mCalculationServiceImpl[m - Start method settleAccountsV1, side -> BUY
[30m2026-08-31T11:46:40,053[m [32mINFO  [m[[1;34mhttp-nio-8080-exec-5[m] [36mCalculationServiceImpl[m - End method settleAccountsV1
[30m2026-08-31T11:46:40,053[m [32mINFO  [m[[1;34mhttp-nio-8080-exec-5[m] [36mCalculationServiceImpl[m - PERF_ASSIGNMENT service=calculos operation=settleAccounts result=SUCCESS side=BUY fractionCount=1 totalMs=0 validationMs=0 calculationAndMappingMs=0 dbQueryCount=0
[30m2026-08-31T11:46:40,080[m [32mINFO  [m[[1;34mhttp-nio-8080-exec-1[m] [36mGlobalFilter[m - ----------- Client User: operaciones-orquestador-ext-back ----------
[30m2026-08-31T11:46:40,080[m [32mINFO  [m[[1;34mhttp-nio-8080-exec-1[m] [36mCalculationServiceImpl[m - Start method settleAccountsV1, side -> BUY
[30m2026-08-31T11:46:40,080[m [32mINFO  [m[[1;34mhttp-nio-8080-exec-1[m] [36mCalculationServiceImpl[m - End method settleAccountsV1
[30m2026-08-31T11:46:40,080[m [32mINFO  [m[[1;34mhttp-nio-8080-exec-1[m] [36mCalculationServiceImpl[m - PERF_ASSIGNMENT service=calculos operation=settleAccounts result=SUCCESS side=BUY fractionCount=1 totalMs=0 validationMs=0 calculationAndMappingMs=0 dbQueryCount=0
[30m2026-08-31T11:46:40,107[m [32mINFO  [m[[1;34mhttp-nio-8080-exec-3[m] [36mGlobalFilter[m - ----------- Client User: operaciones-orquestador-ext-back ----------
[30m2026-08-31T11:46:40,107[m [32mINFO  [m[[1;34mhttp-nio-8080-exec-3[m] [36mCalculationServiceImpl[m - Start method settleAccountsV1, side -> BUY
[30m2026-08-31T11:46:40,107[m [32mINFO  [m[[1;34mhttp-nio-8080-exec-3[m] [36mCalculationServiceImpl[m - End method settleAccountsV1
[30m2026-08-31T11:46:40,107[m [32mINFO  [m[[1;34mhttp-nio-8080-exec-3[m] [36mCalculationServiceImpl[m - PERF_ASSIGNMENT service=calculos operation=settleAccounts result=SUCCESS side=BUY fractionCount=1 totalMs=0 validationMs=0 calculationAndMappingMs=0 dbQueryCount=0
[30m2026-08-31T11:46:40,132[m [32mINFO  [m[[1;34mhttp-nio-8080-exec-4[m] [36mGlobalFilter[m - ----------- Client User: operaciones-orquestador-ext-back ----------
[30m2026-08-31T11:46:40,133[m [32mINFO  [m[[1;34mhttp-nio-8080-exec-4[m] [36mCalculationServiceImpl[m - Start method settleAccountsV1, side -> BUY
[30m2026-08-31T11:46:40,133[m [32mINFO  [m[[1;34mhttp-nio-8080-exec-4[m] [36mCalculationServiceImpl[m - End method settleAccountsV1
[30m2026-08-31T11:46:40,133[m [32mINFO  [m[[1;34mhttp-nio-8080-exec-4[m] [36mCalculationServiceImpl[m - PERF_ASSIGNMENT service=calculos operation=settleAccounts result=SUCCESS side=BUY fractionCount=1 totalMs=0 validationMs=0 calculationAndMappingMs=0 dbQueryCount=0
[30m2026-08-31T11:46:40,159[m [32mINFO  [m[[1;34mhttp-nio-8080-exec-6[m] [36mGlobalFilter[m - ----------- Client User: operaciones-orquestador-ext-back ----------
[30m2026-08-31T11:46:40,159[m [32mINFO  [m[[1;34mhttp-nio-8080-exec-6[m] [36mCalculationServiceImpl[m - Start method settleAccountsV1, side -> BUY
[30m2026-08-31T11:46:40,159[m [32mINFO  [m[[1;34mhttp-nio-8080-exec-6[m] [36mCalculationServiceImpl[m - End method settleAccountsV1
[30m2026-08-31T11:46:40,159[m [32mINFO  [m[[1;34mhttp-nio-8080-exec-6[m] [36mCalculationServiceImpl[m - PERF_ASSIGNMENT service=calculos operation=settleAccounts result=SUCCESS side=BUY fractionCount=1 totalMs=0 validationMs=0 calculationAndMappingMs=0 dbQueryCount=0
[30m2026-08-31T11:46:40,184[m [32mINFO  [m[[1;34mhttp-nio-8080-exec-8[m] [36mGlobalFilter[m - ----------- Client User: operaciones-orquestador-ext-back ----------
[30m2026-08-31T11:46:40,185[m [32mINFO  [m[[1;34mhttp-nio-8080-exec-8[m] [36mCalculationServiceImpl[m - Start method settleAccountsV1, side -> BUY
[30m2026-08-31T11:46:40,185[m [32mINFO  [m[[1;34mhttp-nio-8080-exec-8[m] [36mCalculationServiceImpl[m - End method settleAccountsV1
[30m2026-08-31T11:46:40,185[m [32mINFO  [m[[1;34mhttp-nio-8080-exec-8[m] [36mCalculationServiceImpl[m - PERF_ASSIGNMENT service=calculos operation=settleAccounts result=SUCCESS side=BUY fractionCount=1 totalMs=0 validationMs=0 calculationAndMappingMs=0 dbQueryCount=0
[30m2026-08-31T11:46:40,211[m [32mINFO  [m[[1;34mhttp-nio-8080-exec-7[m] [36mGlobalFilter[m - ----------- Client User: operaciones-orquestador-ext-back ----------
[30m2026-08-31T11:46:40,211[m [32mINFO  [m[[1;34mhttp-nio-8080-exec-7[m] [36mCalculationServiceImpl[m - Start method settleAccountsV1, side -> BUY
[30m2026-08-31T11:46:40,211[m [32mINFO  [m[[1;34mhttp-nio-8080-exec-7[m] [36mCalculationServiceImpl[m - End method settleAccountsV1
[30m2026-08-31T11:46:40,211[m [32mINFO  [m[[1;34mhttp-nio-8080-exec-7[m] [36mCalculationServiceImpl[m - PERF_ASSIGNMENT service=calculos operation=settleAccounts result=SUCCESS side=BUY fractionCount=1 totalMs=0 validationMs=0 calculationAndMappingMs=0 dbQueryCount=0
[30m2026-08-31T11:46:40,237[m [32mINFO  [m[[1;34mhttp-nio-8080-exec-9[m] [36mGlobalFilter[m - ----------- Client User: operaciones-orquestador-ext-back ----------
[30m2026-08-31T11:46:40,238[m [32mINFO  [m[[1;34mhttp-nio-8080-exec-9[m] [36mCalculationServiceImpl[m - Start method settleAccountsV1, side -> BUY
[30m2026-08-31T11:46:40,238[m [32mINFO  [m[[1;34mhttp-nio-8080-exec-9[m] [36mCalculationServiceImpl[m - End method settleAccountsV1
[30m2026-08-31T11:46:40,238[m [32mINFO  [m[[1;34mhttp-nio-8080-exec-9[m] [36mCalculationServiceImpl[m - PERF_ASSIGNMENT service=calculos operation=settleAccounts result=SUCCESS side=BUY fractionCount=1 totalMs=0 validationMs=0 calculationAndMappingMs=0 dbQueryCount=0
[30m2026-08-31T11:46:40,264[m [32mINFO  [m[[1;34mhttp-nio-8080-exec-2[m] [36mGlobalFilter[m - ----------- Client User: operaciones-orquestador-ext-back ----------
[30m2026-08-31T11:46:40,265[m [32mINFO  [m[[1;34mhttp-nio-8080-exec-2[m] [36mCalculationServiceImpl[m - Start method settleAccountsV1, side -> BUY
[30m2026-08-31T11:46:40,265[m [32mINFO  [m[[1;34mhttp-nio-8080-exec-2[m] [36mCalculationServiceImpl[m - End method settleAccountsV1
[30m2026-08-31T11:46:40,265[m [32mINFO  [m[[1;34mhttp-nio-8080-exec-2[m] [36mCalculationServiceImpl[m - PERF_ASSIGNMENT service=calculos operation=settleAccounts result=SUCCESS side=BUY fractionCount=1 totalMs=0 validationMs=0 calculationAndMappingMs=0 dbQueryCount=0
[30m2026-08-31T11:46:40,290[m [32mINFO  [m[[1;34mhttp-nio-8080-exec-10[m] [36mGlobalFilter[m - ----------- Client User: operaciones-orquestador-ext-back ----------
[30m2026-08-31T11:46:40,290[m [32mINFO  [m[[1;34mhttp-nio-8080-exec-10[m] [36mCalculationServiceImpl[m - Start method settleAccountsV1, side -> BUY
[30m2026-08-31T11:46:40,291[m [32mINFO  [m[[1;34mhttp-nio-8080-exec-10[m] [36mCalculationServiceImpl[m - End method settleAccountsV1
[30m2026-08-31T11:46:40,291[m [32mINFO  [m[[1;34mhttp-nio-8080-exec-10[m] [36mCalculationServiceImpl[m - PERF_ASSIGNMENT service=calculos operation=settleAccounts result=SUCCESS side=BUY fractionCount=1 totalMs=0 validationMs=0 calculationAndMappingMs=0 dbQueryCount=0
[30m2026-08-31T11:46:40,316[m [32mINFO  [m[[1;34mhttp-nio-8080-exec-5[m] [36mGlobalFilter[m - ----------- Client User: operaciones-orquestador-ext-back ----------
[30m2026-08-31T11:46:40,317[m [32mINFO  [m[[1;34mhttp-nio-8080-exec-5[m] [36mCalculationServiceImpl[m - Start method settleAccountsV1, side -> BUY
[30m2026-08-31T11:46:40,317[m [32mINFO  [m[[1;34mhttp-nio-8080-exec-5[m] [36mCalculationServiceImpl[m - End method settleAccountsV1
[30m2026-08-31T11:46:40,317[m [32mINFO  [m[[1;34mhttp-nio-8080-exec-5[m] [36mCalculationServiceImpl[m - PERF_ASSIGNMENT service=calculos operation=settleAccounts result=SUCCESS side=BUY fractionCount=1 totalMs=0 validationMs=0 calculationAndMappingMs=0 dbQueryCount=0
[30m2026-08-31T11:46:40,343[m [32mINFO  [m[[1;34mhttp-nio-8080-exec-1[m] [36mGlobalFilter[m - ----------- Client User: operaciones-orquestador-ext-back ----------
[30m2026-08-31T11:46:40,343[m [32mINFO  [m[[1;34mhttp-nio-8080-exec-1[m] [36mCalculationServiceImpl[m - Start method settleAccountsV1, side -> BUY
[30m2026-08-31T11:46:40,344[m [32mINFO  [m[[1;34mhttp-nio-8080-exec-1[m] [36mCalculationServiceImpl[m - End method settleAccountsV1
[30m2026-08-31T11:46:40,344[m [32mINFO  [m[[1;34mhttp-nio-8080-exec-1[m] [36mCalculationServiceImpl[m - PERF_ASSIGNMENT service=calculos operation=settleAccounts result=SUCCESS side=BUY fractionCount=1 totalMs=0 validationMs=0 calculationAndMappingMs=0 dbQueryCount=0
[30m2026-08-31T11:46:40,369[m [32mINFO  [m[[1;34mhttp-nio-8080-exec-3[m] [36mGlobalFilter[m - ----------- Client User: operaciones-orquestador-ext-back ----------
[30m2026-08-31T11:46:40,369[m [32mINFO  [m[[1;34mhttp-nio-8080-exec-3[m] [36mCalculationServiceImpl[m - Start method settleAccountsV1, side -> BUY
[30m2026-08-31T11:46:40,370[m [32mINFO  [m[[1;34mhttp-nio-8080-exec-3[m] [36mCalculationServiceImpl[m - End method settleAccountsV1
[30m2026-08-31T11:46:40,370[m [32mINFO  [m[[1;34mhttp-nio-8080-exec-3[m] [36mCalculationServiceImpl[m - PERF_ASSIGNMENT service=calculos operation=settleAccounts result=SUCCESS side=BUY fractionCount=1 totalMs=0 validationMs=0 calculationAndMappingMs=0 dbQueryCount=0
[30m2026-08-31T11:46:40,396[m [32mINFO  [m[[1;34mhttp-nio-8080-exec-4[m] [36mGlobalFilter[m - ----------- Client User: operaciones-orquestador-ext-back ----------
[30m2026-08-31T11:46:40,397[m [32mINFO  [m[[1;34mhttp-nio-8080-exec-4[m] [36mCalculationServiceImpl[m - Start method settleAccountsV1, side -> BUY
[30m2026-08-31T11:46:40,397[m [32mINFO  [m[[1;34mhttp-nio-8080-exec-4[m] [36mCalculationServiceImpl[m - End method settleAccountsV1
[30m2026-08-31T11:46:40,397[m [32mINFO  [m[[1;34mhttp-nio-8080-exec-4[m] [36mCalculationServiceImpl[m - PERF_ASSIGNMENT service=calculos operation=settleAccounts result=SUCCESS side=BUY fractionCount=1 totalMs=0 validationMs=0 calculationAndMappingMs=0 dbQueryCount=0
[30m2026-08-31T11:46:40,422[m [32mINFO  [m[[1;34mhttp-nio-8080-exec-6[m] [36mGlobalFilter[m - ----------- Client User: operaciones-orquestador-ext-back ----------
[30m2026-08-31T11:46:40,423[m [32mINFO  [m[[1;34mhttp-nio-8080-exec-6[m] [36mCalculationServiceImpl[m - Start method settleAccountsV1, side -> BUY
[30m2026-08-31T11:46:40,423[m [32mINFO  [m[[1;34mhttp-nio-8080-exec-6[m] [36mCalculationServiceImpl[m - End method settleAccountsV1
[30m2026-08-31T11:46:40,423[m [32mINFO  [m[[1;34mhttp-nio-8080-exec-6[m] [36mCalculationServiceImpl[m - PERF_ASSIGNMENT service=calculos operation=settleAccounts result=SUCCESS side=BUY fractionCount=1 totalMs=0 validationMs=0 calculationAndMappingMs=0 dbQueryCount=0
[30m2026-08-31T11:46:40,452[m [32mINFO  [m[[1;34mhttp-nio-8080-exec-8[m] [36mGlobalFilter[m - ----------- Client User: operaciones-orquestador-ext-back ----------
[30m2026-08-31T11:46:40,453[m [32mINFO  [m[[1;34mhttp-nio-8080-exec-8[m] [36mCalculationServiceImpl[m - Start method settleAccountsV1, side -> BUY
[30m2026-08-31T11:46:40,453[m [32mINFO  [m[[1;34mhttp-nio-8080-exec-8[m] [36mCalculationServiceImpl[m - End method settleAccountsV1
[30m2026-08-31T11:46:40,453[m [32mINFO  [m[[1;34mhttp-nio-8080-exec-8[m] [36mCalculationServiceImpl[m - PERF_ASSIGNMENT service=calculos operation=settleAccounts result=SUCCESS side=BUY fractionCount=1 totalMs=0 validationMs=0 calculationAndMappingMs=0 dbQueryCount=0
[30m2026-08-31T11:46:40,482[m [32mINFO  [m[[1;34mhttp-nio-8080-exec-7[m] [36mGlobalFilter[m - ----------- Client User: operaciones-orquestador-ext-back ----------
[30m2026-08-31T11:46:40,482[m [32mINFO  [m[[1;34mhttp-nio-8080-exec-7[m] [36mCalculationServiceImpl[m - Start method settleAccountsV1, side -> BUY
[30m2026-08-31T11:46:40,482[m [32mINFO  [m[[1;34mhttp-nio-8080-exec-7[m] [36mCalculationServiceImpl[m - End method settleAccountsV1
[30m2026-08-31T11:46:40,482[m [32mINFO  [m[[1;34mhttp-nio-8080-exec-7[m] [36mCalculationServiceImpl[m - PERF_ASSIGNMENT service=calculos operation=settleAccounts result=SUCCESS side=BUY fractionCount=1 totalMs=0 validationMs=0 calculationAndMappingMs=0 dbQueryCount=0
[30m2026-08-31T11:46:40,509[m [32mINFO  [m[[1;34mhttp-nio-8080-exec-9[m] [36mGlobalFilter[m - ----------- Client User: operaciones-orquestador-ext-back ----------
[30m2026-08-31T11:46:40,509[m [32mINFO  [m[[1;34mhttp-nio-8080-exec-9[m] [36mCalculationServiceImpl[m - Start method settleAccountsV1, side -> BUY
[30m2026-08-31T11:46:40,509[m [32mINFO  [m[[1;34mhttp-nio-8080-exec-9[m] [36mCalculationServiceImpl[m - End method settleAccountsV1
[30m2026-08-31T11:46:40,509[m [32mINFO  [m[[1;34mhttp-nio-8080-exec-9[m] [36mCalculationServiceImpl[m - PERF_ASSIGNMENT service=calculos operation=settleAccounts result=SUCCESS side=BUY fractionCount=1 totalMs=0 validationMs=0 calculationAndMappingMs=0 dbQueryCount=0
[30m2026-08-31T11:46:40,535[m [32mINFO  [m[[1;34mhttp-nio-8080-exec-2[m] [36mGlobalFilter[m - ----------- Client User: operaciones-orquestador-ext-back ----------
[30m2026-08-31T11:46:40,535[m [32mINFO  [m[[1;34mhttp-nio-8080-exec-2[m] [36mCalculationServiceImpl[m - Start method settleAccountsV1, side -> BUY
[30m2026-08-31T11:46:40,535[m [32mINFO  [m[[1;34mhttp-nio-8080-exec-2[m] [36mCalculationServiceImpl[m - End method settleAccountsV1
[30m2026-08-31T11:46:40,535[m [32mINFO  [m[[1;34mhttp-nio-8080-exec-2[m] [36mCalculationServiceImpl[m - PERF_ASSIGNMENT service=calculos operation=settleAccounts result=SUCCESS side=BUY fractionCount=1 totalMs=0 validationMs=0 calculationAndMappingMs=0 dbQueryCount=0
[30m2026-08-31T11:46:40,561[m [32mINFO  [m[[1;34mhttp-nio-8080-exec-10[m] [36mGlobalFilter[m - ----------- Client User: operaciones-orquestador-ext-back ----------
[30m2026-08-31T11:46:40,561[m [32mINFO  [m[[1;34mhttp-nio-8080-exec-10[m] [36mCalculationServiceImpl[m - Start method settleAccountsV1, side -> BUY
[30m2026-08-31T11:46:40,561[m [32mINFO  [m[[1;34mhttp-nio-8080-exec-10[m] [36mCalculationServiceImpl[m - End method settleAccountsV1
[30m2026-08-31T11:46:40,561[m [32mINFO  [m[[1;34mhttp-nio-8080-exec-10[m] [36mCalculationServiceImpl[m - PERF_ASSIGNMENT service=calculos operation=settleAccounts result=SUCCESS side=BUY fractionCount=1 totalMs=0 validationMs=0 calculationAndMappingMs=0 dbQueryCount=0
[30m2026-08-31T11:46:40,587[m [32mINFO  [m[[1;34mhttp-nio-8080-exec-5[m] [36mGlobalFilter[m - ----------- Client User: operaciones-orquestador-ext-back ----------
[30m2026-08-31T11:46:40,588[m [32mINFO  [m[[1;34mhttp-nio-8080-exec-5[m] [36mCalculationServiceImpl[m - Start method settleAccountsV1, side -> BUY
[30m2026-08-31T11:46:40,588[m [32mINFO  [m[[1;34mhttp-nio-8080-exec-5[m] [36mCalculationServiceImpl[m - End method settleAccountsV1
[30m2026-08-31T11:46:40,588[m [32mINFO  [m[[1;34mhttp-nio-8080-exec-5[m] [36mCalculationServiceImpl[m - PERF_ASSIGNMENT service=calculos operation=settleAccounts result=SUCCESS side=BUY fractionCount=1 totalMs=0 validationMs=0 calculationAndMappingMs=0 dbQueryCount=0
[30m2026-08-31T11:46:40,612[m [32mINFO  [m[[1;34mhttp-nio-8080-exec-1[m] [36mGlobalFilter[m - ----------- Client User: operaciones-orquestador-ext-back ----------
[30m2026-08-31T11:46:40,613[m [32mINFO  [m[[1;34mhttp-nio-8080-exec-1[m] [36mCalculationServiceImpl[m - Start method settleAccountsV1, side -> BUY
[30m2026-08-31T11:46:40,613[m [32mINFO  [m[[1;34mhttp-nio-8080-exec-1[m] [36mCalculationServiceImpl[m - End method settleAccountsV1
[30m2026-08-31T11:46:40,613[m [32mINFO  [m[[1;34mhttp-nio-8080-exec-1[m] [36mCalculationServiceImpl[m - PERF_ASSIGNMENT service=calculos operation=settleAccounts result=SUCCESS side=BUY fractionCount=1 totalMs=0 validationMs=0 calculationAndMappingMs=0 dbQueryCount=0
[30m2026-08-31T11:46:40,792[m [32mINFO  [m[[1;34mhttp-nio-8080-exec-3[m] [36mGlobalFilter[m - ----------- Client User: operaciones-orquestador-ext-back ----------
[30m2026-08-31T11:46:40,792[m [32mINFO  [m[[1;34mhttp-nio-8080-exec-3[m] [36mCalculationServiceImpl[m - Start method settleAccountsV1, side -> BUY
[30m2026-08-31T11:46:40,792[m [32mINFO  [m[[1;34mhttp-nio-8080-exec-3[m] [36mCalculationServiceImpl[m - End method settleAccountsV1
[30m2026-08-31T11:46:40,792[m [32mINFO  [m[[1;34mhttp-nio-8080-exec-3[m] [36mCalculationServiceImpl[m - PERF_ASSIGNMENT service=calculos operation=settleAccounts result=SUCCESS side=BUY fractionCount=1 totalMs=0 validationMs=0 calculationAndMappingMs=0 dbQueryCount=0
[30m2026-08-31T11:46:40,818[m [32mINFO  [m[[1;34mhttp-nio-8080-exec-4[m] [36mGlobalFilter[m - ----------- Client User: operaciones-orquestador-ext-back ----------
[30m2026-08-31T11:46:40,819[m [32mINFO  [m[[1;34mhttp-nio-8080-exec-4[m] [36mCalculationServiceImpl[m - Start method settleAccountsV1, side -> BUY
[30m2026-08-31T11:46:40,819[m [32mINFO  [m[[1;34mhttp-nio-8080-exec-4[m] [36mCalculationServiceImpl[m - End method settleAccountsV1
[30m2026-08-31T11:46:40,819[m [32mINFO  [m[[1;34mhttp-nio-8080-exec-4[m] [36mCalculationServiceImpl[m - PERF_ASSIGNMENT service=calculos operation=settleAccounts result=SUCCESS side=BUY fractionCount=1 totalMs=0 validationMs=0 calculationAndMappingMs=0 dbQueryCount=0
[30m2026-08-31T11:46:40,844[m [32mINFO  [m[[1;34mhttp-nio-8080-exec-6[m] [36mGlobalFilter[m - ----------- Client User: operaciones-orquestador-ext-back ----------
[30m2026-08-31T11:46:40,845[m [32mINFO  [m[[1;34mhttp-nio-8080-exec-6[m] [36mCalculationServiceImpl[m - Start method settleAccountsV1, side -> BUY
[30m2026-08-31T11:46:40,845[m [32mINFO  [m[[1;34mhttp-nio-8080-exec-6[m] [36mCalculationServiceImpl[m - End method settleAccountsV1
[30m2026-08-31T11:46:40,845[m [32mINFO  [m[[1;34mhttp-nio-8080-exec-6[m] [36mCalculationServiceImpl[m - PERF_ASSIGNMENT service=calculos operation=settleAccounts result=SUCCESS side=BUY fractionCount=1 totalMs=0 validationMs=0 calculationAndMappingMs=0 dbQueryCount=0
[30m2026-08-31T11:46:40,872[m [32mINFO  [m[[1;34mhttp-nio-8080-exec-8[m] [36mGlobalFilter[m - ----------- Client User: operaciones-orquestador-ext-back ----------
[30m2026-08-31T11:46:40,872[m [32mINFO  [m[[1;34mhttp-nio-8080-exec-8[m] [36mCalculationServiceImpl[m - Start method settleAccountsV1, side -> BUY
[30m2026-08-31T11:46:40,872[m [32mINFO  [m[[1;34mhttp-nio-8080-exec-8[m] [36mCalculationServiceImpl[m - End method settleAccountsV1
[30m2026-08-31T11:46:40,872[m [32mINFO  [m[[1;34mhttp-nio-8080-exec-8[m] [36mCalculationServiceImpl[m - PERF_ASSIGNMENT service=calculos operation=settleAccounts result=SUCCESS side=BUY fractionCount=1 totalMs=0 validationMs=0 calculationAndMappingMs=0 dbQueryCount=0
[30m2026-08-31T11:46:40,899[m [32mINFO  [m[[1;34mhttp-nio-8080-exec-7[m] [36mGlobalFilter[m - ----------- Client User: operaciones-orquestador-ext-back ----------
[30m2026-08-31T11:46:40,900[m [32mINFO  [m[[1;34mhttp-nio-8080-exec-7[m] [36mCalculationServiceImpl[m - Start method settleAccountsV1, side -> BUY
[30m2026-08-31T11:46:40,900[m [32mINFO  [m[[1;34mhttp-nio-8080-exec-7[m] [36mCalculationServiceImpl[m - End method settleAccountsV1
[30m2026-08-31T11:46:40,900[m [32mINFO  [m[[1;34mhttp-nio-8080-exec-7[m] [36mCalculationServiceImpl[m - PERF_ASSIGNMENT service=calculos operation=settleAccounts result=SUCCESS side=BUY fractionCount=1 totalMs=0 validationMs=0 calculationAndMappingMs=0 dbQueryCount=0
[30m2026-08-31T11:46:40,926[m [32mINFO  [m[[1;34mhttp-nio-8080-exec-9[m] [36mGlobalFilter[m - ----------- Client User: operaciones-orquestador-ext-back ----------
[30m2026-08-31T11:46:40,926[m [32mINFO  [m[[1;34mhttp-nio-8080-exec-9[m] [36mCalculationServiceImpl[m - Start method settleAccountsV1, side -> BUY
[30m2026-08-31T11:46:40,927[m [32mINFO  [m[[1;34mhttp-nio-8080-exec-9[m] [36mCalculationServiceImpl[m - End method settleAccountsV1
[30m2026-08-31T11:46:40,927[m [32mINFO  [m[[1;34mhttp-nio-8080-exec-9[m] [36mCalculationServiceImpl[m - PERF_ASSIGNMENT service=calculos operation=settleAccounts result=SUCCESS side=BUY fractionCount=1 totalMs=0 validationMs=0 calculationAndMappingMs=0 dbQueryCount=0
[30m2026-08-31T11:46:40,952[m [32mINFO  [m[[1;34mhttp-nio-8080-exec-2[m] [36mGlobalFilter[m - ----------- Client User: operaciones-orquestador-ext-back ----------
[30m2026-08-31T11:46:40,953[m [32mINFO  [m[[1;34mhttp-nio-8080-exec-2[m] [36mCalculationServiceImpl[m - Start method settleAccountsV1, side -> BUY
[30m2026-08-31T11:46:40,953[m [32mINFO  [m[[1;34mhttp-nio-8080-exec-2[m] [36mCalculationServiceImpl[m - End method settleAccountsV1
[30m2026-08-31T11:46:40,953[m [32mINFO  [m[[1;34mhttp-nio-8080-exec-2[m] [36mCalculationServiceImpl[m - PERF_ASSIGNMENT service=calculos operation=settleAccounts result=SUCCESS side=BUY fractionCount=1 totalMs=0 validationMs=0 calculationAndMappingMs=0 dbQueryCount=0
[30m2026-08-31T11:46:40,978[m [32mINFO  [m[[1;34mhttp-nio-8080-exec-10[m] [36mGlobalFilter[m - ----------- Client User: operaciones-orquestador-ext-back ----------
[30m2026-08-31T11:46:40,979[m [32mINFO  [m[[1;34mhttp-nio-8080-exec-10[m] [36mCalculationServiceImpl[m - Start method settleAccountsV1, side -> BUY
[30m2026-08-31T11:46:40,979[m [32mINFO  [m[[1;34mhttp-nio-8080-exec-10[m] [36mCalculationServiceImpl[m - End method settleAccountsV1
[30m2026-08-31T11:46:40,979[m [32mINFO  [m[[1;34mhttp-nio-8080-exec-10[m] [36mCalculationServiceImpl[m - PERF_ASSIGNMENT service=calculos operation=settleAccounts result=SUCCESS side=BUY fractionCount=1 totalMs=0 validationMs=0 calculationAndMappingMs=0 dbQueryCount=0
[30m2026-08-31T11:46:41,006[m [32mINFO  [m[[1;34mhttp-nio-8080-exec-5[m] [36mGlobalFilter[m - ----------- Client User: operaciones-orquestador-ext-back ----------
[30m2026-08-31T11:46:41,006[m [32mINFO  [m[[1;34mhttp-nio-8080-exec-5[m] [36mCalculationServiceImpl[m - Start method settleAccountsV1, side -> BUY
[30m2026-08-31T11:46:41,006[m [32mINFO  [m[[1;34mhttp-nio-8080-exec-5[m] [36mCalculationServiceImpl[m - End method settleAccountsV1
[30m2026-08-31T11:46:41,006[m [32mINFO  [m[[1;34mhttp-nio-8080-exec-5[m] [36mCalculationServiceImpl[m - PERF_ASSIGNMENT service=calculos operation=settleAccounts result=SUCCESS side=BUY fractionCount=1 totalMs=0 validationMs=0 calculationAndMappingMs=0 dbQueryCount=0
[30m2026-08-31T11:46:41,032[m [32mINFO  [m[[1;34mhttp-nio-8080-exec-1[m] [36mGlobalFilter[m - ----------- Client User: operaciones-orquestador-ext-back ----------
[30m2026-08-31T11:46:41,033[m [32mINFO  [m[[1;34mhttp-nio-8080-exec-1[m] [36mCalculationServiceImpl[m - Start method settleAccountsV1, side -> BUY
[30m2026-08-31T11:46:41,033[m [32mINFO  [m[[1;34mhttp-nio-8080-exec-1[m] [36mCalculationServiceImpl[m - End method settleAccountsV1
[30m2026-08-31T11:46:41,033[m [32mINFO  [m[[1;34mhttp-nio-8080-exec-1[m] [36mCalculationServiceImpl[m - PERF_ASSIGNMENT service=calculos operation=settleAccounts result=SUCCESS side=BUY fractionCount=1 totalMs=0 validationMs=0 calculationAndMappingMs=0 dbQueryCount=0
[30m2026-08-31T11:46:41,059[m [32mINFO  [m[[1;34mhttp-nio-8080-exec-3[m] [36mGlobalFilter[m - ----------- Client User: operaciones-orquestador-ext-back ----------
[30m2026-08-31T11:46:41,059[m [32mINFO  [m[[1;34mhttp-nio-8080-exec-3[m] [36mCalculationServiceImpl[m - Start method settleAccountsV1, side -> BUY
[30m2026-08-31T11:46:41,059[m [32mINFO  [m[[1;34mhttp-nio-8080-exec-3[m] [36mCalculationServiceImpl[m - End method settleAccountsV1
[30m2026-08-31T11:46:41,059[m [32mINFO  [m[[1;34mhttp-nio-8080-exec-3[m] [36mCalculationServiceImpl[m - PERF_ASSIGNMENT service=calculos operation=settleAccounts result=SUCCESS side=BUY fractionCount=1 totalMs=0 validationMs=0 calculationAndMappingMs=0 dbQueryCount=0
[30m2026-08-31T11:46:41,085[m [32mINFO  [m[[1;34mhttp-nio-8080-exec-4[m] [36mGlobalFilter[m - ----------- Client User: operaciones-orquestador-ext-back ----------
[30m2026-08-31T11:46:41,085[m [32mINFO  [m[[1;34mhttp-nio-8080-exec-4[m] [36mCalculationServiceImpl[m - Start method settleAccountsV1, side -> BUY
[30m2026-08-31T11:46:41,085[m [32mINFO  [m[[1;34mhttp-nio-8080-exec-4[m] [36mCalculationServiceImpl[m - End method settleAccountsV1
[30m2026-08-31T11:46:41,085[m [32mINFO  [m[[1;34mhttp-nio-8080-exec-4[m] [36mCalculationServiceImpl[m - PERF_ASSIGNMENT service=calculos operation=settleAccounts result=SUCCESS side=BUY fractionCount=1 totalMs=0 validationMs=0 calculationAndMappingMs=0 dbQueryCount=0
[30m2026-08-31T11:46:41,112[m [32mINFO  [m[[1;34mhttp-nio-8080-exec-6[m] [36mGlobalFilter[m - ----------- Client User: operaciones-orquestador-ext-back ----------
[30m2026-08-31T11:46:41,112[m [32mINFO  [m[[1;34mhttp-nio-8080-exec-6[m] [36mCalculationServiceImpl[m - Start method settleAccountsV1, side -> BUY
[30m2026-08-31T11:46:41,112[m [32mINFO  [m[[1;34mhttp-nio-8080-exec-6[m] [36mCalculationServiceImpl[m - End method settleAccountsV1
[30m2026-08-31T11:46:41,112[m [32mINFO  [m[[1;34mhttp-nio-8080-exec-6[m] [36mCalculationServiceImpl[m - PERF_ASSIGNMENT service=calculos operation=settleAccounts result=SUCCESS side=BUY fractionCount=1 totalMs=0 validationMs=0 calculationAndMappingMs=0 dbQueryCount=0
[30m2026-08-31T11:46:41,141[m [32mINFO  [m[[1;34mhttp-nio-8080-exec-8[m] [36mGlobalFilter[m - ----------- Client User: operaciones-orquestador-ext-back ----------
[30m2026-08-31T11:46:41,142[m [32mINFO  [m[[1;34mhttp-nio-8080-exec-8[m] [36mCalculationServiceImpl[m - Start method settleAccountsV1, side -> BUY
[30m2026-08-31T11:46:41,142[m [32mINFO  [m[[1;34mhttp-nio-8080-exec-8[m] [36mCalculationServiceImpl[m - End method settleAccountsV1
[30m2026-08-31T11:46:41,142[m [32mINFO  [m[[1;34mhttp-nio-8080-exec-8[m] [36mCalculationServiceImpl[m - PERF_ASSIGNMENT service=calculos operation=settleAccounts result=SUCCESS side=BUY fractionCount=1 totalMs=0 validationMs=0 calculationAndMappingMs=0 dbQueryCount=0
[30m2026-08-31T11:46:41,167[m [32mINFO  [m[[1;34mhttp-nio-8080-exec-7[m] [36mGlobalFilter[m - ----------- Client User: operaciones-orquestador-ext-back ----------
[30m2026-08-31T11:46:41,168[m [32mINFO  [m[[1;34mhttp-nio-8080-exec-7[m] [36mCalculationServiceImpl[m - Start method settleAccountsV1, side -> BUY
[30m2026-08-31T11:46:41,168[m [32mINFO  [m[[1;34mhttp-nio-8080-exec-7[m] [36mCalculationServiceImpl[m - End method settleAccountsV1
[30m2026-08-31T11:46:41,168[m [32mINFO  [m[[1;34mhttp-nio-8080-exec-7[m] [36mCalculationServiceImpl[m - PERF_ASSIGNMENT service=calculos operation=settleAccounts result=SUCCESS side=BUY fractionCount=1 totalMs=0 validationMs=0 calculationAndMappingMs=0 dbQueryCount=0
[30m2026-08-31T11:46:41,193[m [32mINFO  [m[[1;34mhttp-nio-8080-exec-9[m] [36mGlobalFilter[m - ----------- Client User: operaciones-orquestador-ext-back ----------
[30m2026-08-31T11:46:41,193[m [32mINFO  [m[[1;34mhttp-nio-8080-exec-9[m] [36mCalculationServiceImpl[m - Start method settleAccountsV1, side -> BUY
[30m2026-08-31T11:46:41,193[m [32mINFO  [m[[1;34mhttp-nio-8080-exec-9[m] [36mCalculationServiceImpl[m - End method settleAccountsV1
[30m2026-08-31T11:46:41,194[m [32mINFO  [m[[1;34mhttp-nio-8080-exec-9[m] [36mCalculationServiceImpl[m - PERF_ASSIGNMENT service=calculos operation=settleAccounts result=SUCCESS side=BUY fractionCount=1 totalMs=0 validationMs=0 calculationAndMappingMs=0 dbQueryCount=0
[30m2026-08-31T11:46:41,220[m [32mINFO  [m[[1;34mhttp-nio-8080-exec-2[m] [36mGlobalFilter[m - ----------- Client User: operaciones-orquestador-ext-back ----------
[30m2026-08-31T11:46:41,221[m [32mINFO  [m[[1;34mhttp-nio-8080-exec-2[m] [36mCalculationServiceImpl[m - Start method settleAccountsV1, side -> BUY
[30m2026-08-31T11:46:41,221[m [32mINFO  [m[[1;34mhttp-nio-8080-exec-2[m] [36mCalculationServiceImpl[m - End method settleAccountsV1
[30m2026-08-31T11:46:41,221[m [32mINFO  [m[[1;34mhttp-nio-8080-exec-2[m] [36mCalculationServiceImpl[m - PERF_ASSIGNMENT service=calculos operation=settleAccounts result=SUCCESS side=BUY fractionCount=1 totalMs=0 validationMs=0 calculationAndMappingMs=0 dbQueryCount=0
[30m2026-08-31T11:46:41,248[m [32mINFO  [m[[1;34mhttp-nio-8080-exec-10[m] [36mGlobalFilter[m - ----------- Client User: operaciones-orquestador-ext-back ----------
[30m2026-08-31T11:46:41,248[m [32mINFO  [m[[1;34mhttp-nio-8080-exec-10[m] [36mCalculationServiceImpl[m - Start method settleAccountsV1, side -> BUY
[30m2026-08-31T11:46:41,249[m [32mINFO  [m[[1;34mhttp-nio-8080-exec-10[m] [36mCalculationServiceImpl[m - End method settleAccountsV1
[30m2026-08-31T11:46:41,249[m [32mINFO  [m[[1;34mhttp-nio-8080-exec-10[m] [36mCalculationServiceImpl[m - PERF_ASSIGNMENT service=calculos operation=settleAccounts result=SUCCESS side=BUY fractionCount=1 totalMs=0 validationMs=0 calculationAndMappingMs=0 dbQueryCount=0
[30m2026-08-31T11:46:41,276[m [32mINFO  [m[[1;34mhttp-nio-8080-exec-5[m] [36mGlobalFilter[m - ----------- Client User: operaciones-orquestador-ext-back ----------
[30m2026-08-31T11:46:41,276[m [32mINFO  [m[[1;34mhttp-nio-8080-exec-5[m] [36mCalculationServiceImpl[m - Start method settleAccountsV1, side -> BUY
[30m2026-08-31T11:46:41,276[m [32mINFO  [m[[1;34mhttp-nio-8080-exec-5[m] [36mCalculationServiceImpl[m - End method settleAccountsV1
[30m2026-08-31T11:46:41,276[m [32mINFO  [m[[1;34mhttp-nio-8080-exec-5[m] [36mCalculationServiceImpl[m - PERF_ASSIGNMENT service=calculos operation=settleAccounts result=SUCCESS side=BUY fractionCount=1 totalMs=0 validationMs=0 calculationAndMappingMs=0 dbQueryCount=0
[30m2026-08-31T11:46:41,302[m [32mINFO  [m[[1;34mhttp-nio-8080-exec-1[m] [36mGlobalFilter[m - ----------- Client User: operaciones-orquestador-ext-back ----------
[30m2026-08-31T11:46:41,303[m [32mINFO  [m[[1;34mhttp-nio-8080-exec-1[m] [36mCalculationServiceImpl[m - Start method settleAccountsV1, side -> BUY
[30m2026-08-31T11:46:41,303[m [32mINFO  [m[[1;34mhttp-nio-8080-exec-1[m] [36mCalculationServiceImpl[m - End method settleAccountsV1
[30m2026-08-31T11:46:41,303[m [32mINFO  [m[[1;34mhttp-nio-8080-exec-1[m] [36mCalculationServiceImpl[m - PERF_ASSIGNMENT service=calculos operation=settleAccounts result=SUCCESS side=BUY fractionCount=1 totalMs=0 validationMs=0 calculationAndMappingMs=0 dbQueryCount=0
[30m2026-08-31T11:46:41,329[m [32mINFO  [m[[1;34mhttp-nio-8080-exec-3[m] [36mGlobalFilter[m - ----------- Client User: operaciones-orquestador-ext-back ----------
[30m2026-08-31T11:46:41,329[m [32mINFO  [m[[1;34mhttp-nio-8080-exec-3[m] [36mCalculationServiceImpl[m - Start method settleAccountsV1, side -> BUY
[30m2026-08-31T11:46:41,329[m [32mINFO  [m[[1;34mhttp-nio-8080-exec-3[m] [36mCalculationServiceImpl[m - End method settleAccountsV1
[30m2026-08-31T11:46:41,329[m [32mINFO  [m[[1;34mhttp-nio-8080-exec-3[m] [36mCalculationServiceImpl[m - PERF_ASSIGNMENT service=calculos operation=settleAccounts result=SUCCESS side=BUY fractionCount=1 totalMs=0 validationMs=0 calculationAndMappingMs=0 dbQueryCount=0
[30m2026-08-31T11:46:41,357[m [32mINFO  [m[[1;34mhttp-nio-8080-exec-4[m] [36mGlobalFilter[m - ----------- Client User: operaciones-orquestador-ext-back ----------
[30m2026-08-31T11:46:41,357[m [32mINFO  [m[[1;34mhttp-nio-8080-exec-4[m] [36mCalculationServiceImpl[m - Start method settleAccountsV1, side -> BUY
[30m2026-08-31T11:46:41,357[m [32mINFO  [m[[1;34mhttp-nio-8080-exec-4[m] [36mCalculationServiceImpl[m - End method settleAccountsV1
[30m2026-08-31T11:46:41,357[m [32mINFO  [m[[1;34mhttp-nio-8080-exec-4[m] [36mCalculationServiceImpl[m - PERF_ASSIGNMENT service=calculos operation=settleAccounts result=SUCCESS side=BUY fractionCount=1 totalMs=0 validationMs=0 calculationAndMappingMs=0 dbQueryCount=0
[30m2026-08-31T11:46:41,384[m [32mINFO  [m[[1;34mhttp-nio-8080-exec-6[m] [36mGlobalFilter[m - ----------- Client User: operaciones-orquestador-ext-back ----------
[30m2026-08-31T11:46:41,385[m [32mINFO  [m[[1;34mhttp-nio-8080-exec-6[m] [36mCalculationServiceImpl[m - Start method settleAccountsV1, side -> BUY
[30m2026-08-31T11:46:41,385[m [32mINFO  [m[[1;34mhttp-nio-8080-exec-6[m] [36mCalculationServiceImpl[m - End method settleAccountsV1
[30m2026-08-31T11:46:41,385[m [32mINFO  [m[[1;34mhttp-nio-8080-exec-6[m] [36mCalculationServiceImpl[m - PERF_ASSIGNMENT service=calculos operation=settleAccounts result=SUCCESS side=BUY fractionCount=1 totalMs=0 validationMs=0 calculationAndMappingMs=0 dbQueryCount=0
[30m2026-08-31T11:46:41,410[m [32mINFO  [m[[1;34mhttp-nio-8080-exec-8[m] [36mGlobalFilter[m - ----------- Client User: operaciones-orquestador-ext-back ----------
[30m2026-08-31T11:46:41,411[m [32mINFO  [m[[1;34mhttp-nio-8080-exec-8[m] [36mCalculationServiceImpl[m - Start method settleAccountsV1, side -> BUY
[30m2026-08-31T11:46:41,411[m [32mINFO  [m[[1;34mhttp-nio-8080-exec-8[m] [36mCalculationServiceImpl[m - End method settleAccountsV1
[30m2026-08-31T11:46:41,411[m [32mINFO  [m[[1;34mhttp-nio-8080-exec-8[m] [36mCalculationServiceImpl[m - PERF_ASSIGNMENT service=calculos operation=settleAccounts result=SUCCESS side=BUY fractionCount=1 totalMs=0 validationMs=0 calculationAndMappingMs=0 dbQueryCount=0
[30m2026-08-31T11:46:41,436[m [32mINFO  [m[[1;34mhttp-nio-8080-exec-7[m] [36mGlobalFilter[m - ----------- Client User: operaciones-orquestador-ext-back ----------
[30m2026-08-31T11:46:41,437[m [32mINFO  [m[[1;34mhttp-nio-8080-exec-7[m] [36mCalculationServiceImpl[m - Start method settleAccountsV1, side -> BUY
[30m2026-08-31T11:46:41,437[m [32mINFO  [m[[1;34mhttp-nio-8080-exec-7[m] [36mCalculationServiceImpl[m - End method settleAccountsV1
[30m2026-08-31T11:46:41,437[m [32mINFO  [m[[1;34mhttp-nio-8080-exec-7[m] [36mCalculationServiceImpl[m - PERF_ASSIGNMENT service=calculos operation=settleAccounts result=SUCCESS side=BUY fractionCount=1 totalMs=0 validationMs=0 calculationAndMappingMs=0 dbQueryCount=0
[30m2026-08-31T11:46:41,469[m [32mINFO  [m[[1;34mhttp-nio-8080-exec-9[m] [36mGlobalFilter[m - ----------- Client User: operaciones-orquestador-ext-back ----------
[30m2026-08-31T11:46:41,470[m [32mINFO  [m[[1;34mhttp-nio-8080-exec-9[m] [36mCalculationServiceImpl[m - Start method settleAccountsV1, side -> BUY
[30m2026-08-31T11:46:41,470[m [32mINFO  [m[[1;34mhttp-nio-8080-exec-9[m] [36mCalculationServiceImpl[m - End method settleAccountsV1
[30m2026-08-31T11:46:41,470[m [32mINFO  [m[[1;34mhttp-nio-8080-exec-9[m] [36mCalculationServiceImpl[m - PERF_ASSIGNMENT service=calculos operation=settleAccounts result=SUCCESS side=BUY fractionCount=1 totalMs=0 validationMs=0 calculationAndMappingMs=0 dbQueryCount=0
[30m2026-08-31T11:46:41,496[m [32mINFO  [m[[1;34mhttp-nio-8080-exec-2[m] [36mGlobalFilter[m - ----------- Client User: operaciones-orquestador-ext-back ----------
[30m2026-08-31T11:46:41,497[m [32mINFO  [m[[1;34mhttp-nio-8080-exec-2[m] [36mCalculationServiceImpl[m - Start method settleAccountsV1, side -> BUY
[30m2026-08-31T11:46:41,497[m [32mINFO  [m[[1;34mhttp-nio-8080-exec-2[m] [36mCalculationServiceImpl[m - End method settleAccountsV1
[30m2026-08-31T11:46:41,497[m [32mINFO  [m[[1;34mhttp-nio-8080-exec-2[m] [36mCalculationServiceImpl[m - PERF_ASSIGNMENT service=calculos operation=settleAccounts result=SUCCESS side=BUY fractionCount=1 totalMs=0 validationMs=0 calculationAndMappingMs=0 dbQueryCount=0
[30m2026-08-31T11:46:41,524[m [32mINFO  [m[[1;34mhttp-nio-8080-exec-10[m] [36mGlobalFilter[m - ----------- Client User: operaciones-orquestador-ext-back ----------
[30m2026-08-31T11:46:41,524[m [32mINFO  [m[[1;34mhttp-nio-8080-exec-10[m] [36mCalculationServiceImpl[m - Start method settleAccountsV1, side -> BUY
[30m2026-08-31T11:46:41,524[m [32mINFO  [m[[1;34mhttp-nio-8080-exec-10[m] [36mCalculationServiceImpl[m - End method settleAccountsV1
[30m2026-08-31T11:46:41,524[m [32mINFO  [m[[1;34mhttp-nio-8080-exec-10[m] [36mCalculationServiceImpl[m - PERF_ASSIGNMENT service=calculos operation=settleAccounts result=SUCCESS side=BUY fractionCount=1 totalMs=0 validationMs=0 calculationAndMappingMs=0 dbQueryCount=0
[30m2026-08-31T11:46:41,550[m [32mINFO  [m[[1;34mhttp-nio-8080-exec-5[m] [36mGlobalFilter[m - ----------- Client User: operaciones-orquestador-ext-back ----------
[30m2026-08-31T11:46:41,551[m [32mINFO  [m[[1;34mhttp-nio-8080-exec-5[m] [36mCalculationServiceImpl[m - Start method settleAccountsV1, side -> BUY
[30m2026-08-31T11:46:41,551[m [32mINFO  [m[[1;34mhttp-nio-8080-exec-5[m] [36mCalculationServiceImpl[m - End method settleAccountsV1
[30m2026-08-31T11:46:41,551[m [32mINFO  [m[[1;34mhttp-nio-8080-exec-5[m] [36mCalculationServiceImpl[m - PERF_ASSIGNMENT service=calculos operation=settleAccounts result=SUCCESS side=BUY fractionCount=1 totalMs=0 validationMs=0 calculationAndMappingMs=0 dbQueryCount=0
[30m2026-08-31T11:46:41,578[m [32mINFO  [m[[1;34mhttp-nio-8080-exec-1[m] [36mGlobalFilter[m - ----------- Client User: operaciones-orquestador-ext-back ----------
[30m2026-08-31T11:46:41,578[m [32mINFO  [m[[1;34mhttp-nio-8080-exec-1[m] [36mCalculationServiceImpl[m - Start method settleAccountsV1, side -> BUY
[30m2026-08-31T11:46:41,578[m [32mINFO  [m[[1;34mhttp-nio-8080-exec-1[m] [36mCalculationServiceImpl[m - End method settleAccountsV1
[30m2026-08-31T11:46:41,578[m [32mINFO  [m[[1;34mhttp-nio-8080-exec-1[m] [36mCalculationServiceImpl[m - PERF_ASSIGNMENT service=calculos operation=settleAccounts result=SUCCESS side=BUY fractionCount=1 totalMs=0 validationMs=0 calculationAndMappingMs=0 dbQueryCount=0
[30m2026-08-31T11:46:41,606[m [32mINFO  [m[[1;34mhttp-nio-8080-exec-3[m] [36mGlobalFilter[m - ----------- Client User: operaciones-orquestador-ext-back ----------
[30m2026-08-31T11:46:41,606[m [32mINFO  [m[[1;34mhttp-nio-8080-exec-3[m] [36mCalculationServiceImpl[m - Start method settleAccountsV1, side -> BUY
[30m2026-08-31T11:46:41,607[m [32mINFO  [m[[1;34mhttp-nio-8080-exec-3[m] [36mCalculationServiceImpl[m - End method settleAccountsV1
[30m2026-08-31T11:46:41,607[m [32mINFO  [m[[1;34mhttp-nio-8080-exec-3[m] [36mCalculationServiceImpl[m - PERF_ASSIGNMENT service=calculos operation=settleAccounts result=SUCCESS side=BUY fractionCount=1 totalMs=0 validationMs=0 calculationAndMappingMs=0 dbQueryCount=0
[30m2026-08-31T11:46:41,632[m [32mINFO  [m[[1;34mhttp-nio-8080-exec-4[m] [36mGlobalFilter[m - ----------- Client User: operaciones-orquestador-ext-back ----------
[30m2026-08-31T11:46:41,633[m [32mINFO  [m[[1;34mhttp-nio-8080-exec-4[m] [36mCalculationServiceImpl[m - Start method settleAccountsV1, side -> BUY
[30m2026-08-31T11:46:41,633[m [32mINFO  [m[[1;34mhttp-nio-8080-exec-4[m] [36mCalculationServiceImpl[m - End method settleAccountsV1
[30m2026-08-31T11:46:41,633[m [32mINFO  [m[[1;34mhttp-nio-8080-exec-4[m] [36mCalculationServiceImpl[m - PERF_ASSIGNMENT service=calculos operation=settleAccounts result=SUCCESS side=BUY fractionCount=1 totalMs=0 validationMs=0 calculationAndMappingMs=0 dbQueryCount=0
[30m2026-08-31T11:46:41,659[m [32mINFO  [m[[1;34mhttp-nio-8080-exec-6[m] [36mGlobalFilter[m - ----------- Client User: operaciones-orquestador-ext-back ----------
[30m2026-08-31T11:46:41,660[m [32mINFO  [m[[1;34mhttp-nio-8080-exec-6[m] [36mCalculationServiceImpl[m - Start method settleAccountsV1, side -> BUY
[30m2026-08-31T11:46:41,660[m [32mINFO  [m[[1;34mhttp-nio-8080-exec-6[m] [36mCalculationServiceImpl[m - End method settleAccountsV1
[30m2026-08-31T11:46:41,660[m [32mINFO  [m[[1;34mhttp-nio-8080-exec-6[m] [36mCalculationServiceImpl[m - PERF_ASSIGNMENT service=calculos operation=settleAccounts result=SUCCESS side=BUY fractionCount=1 totalMs=0 validationMs=0 calculationAndMappingMs=0 dbQueryCount=0
[30m2026-08-31T11:46:41,686[m [32mINFO  [m[[1;34mhttp-nio-8080-exec-8[m] [36mGlobalFilter[m - ----------- Client User: operaciones-orquestador-ext-back ----------
[30m2026-08-31T11:46:41,687[m [32mINFO  [m[[1;34mhttp-nio-8080-exec-8[m] [36mCalculationServiceImpl[m - Start method settleAccountsV1, side -> BUY
[30m2026-08-31T11:46:41,687[m [32mINFO  [m[[1;34mhttp-nio-8080-exec-8[m] [36mCalculationServiceImpl[m - End method settleAccountsV1
[30m2026-08-31T11:46:41,687[m [32mINFO  [m[[1;34mhttp-nio-8080-exec-8[m] [36mCalculationServiceImpl[m - PERF_ASSIGNMENT service=calculos operation=settleAccounts result=SUCCESS side=BUY fractionCount=1 totalMs=0 validationMs=0 calculationAndMappingMs=0 dbQueryCount=0
[30m2026-08-31T11:46:41,713[m [32mINFO  [m[[1;34mhttp-nio-8080-exec-7[m] [36mGlobalFilter[m - ----------- Client User: operaciones-orquestador-ext-back ----------
[30m2026-08-31T11:46:41,714[m [32mINFO  [m[[1;34mhttp-nio-8080-exec-7[m] [36mCalculationServiceImpl[m - Start method settleAccountsV1, side -> BUY
[30m2026-08-31T11:46:41,714[m [32mINFO  [m[[1;34mhttp-nio-8080-exec-7[m] [36mCalculationServiceImpl[m - End method settleAccountsV1
[30m2026-08-31T11:46:41,714[m [32mINFO  [m[[1;34mhttp-nio-8080-exec-7[m] [36mCalculationServiceImpl[m - PERF_ASSIGNMENT service=calculos operation=settleAccounts result=SUCCESS side=BUY fractionCount=1 totalMs=0 validationMs=0 calculationAndMappingMs=0 dbQueryCount=0
[30m2026-08-31T11:46:41,741[m [32mINFO  [m[[1;34mhttp-nio-8080-exec-9[m] [36mGlobalFilter[m - ----------- Client User: operaciones-orquestador-ext-back ----------
[30m2026-08-31T11:46:41,742[m [32mINFO  [m[[1;34mhttp-nio-8080-exec-9[m] [36mCalculationServiceImpl[m - Start method settleAccountsV1, side -> BUY
[30m2026-08-31T11:46:41,742[m [32mINFO  [m[[1;34mhttp-nio-8080-exec-9[m] [36mCalculationServiceImpl[m - End method settleAccountsV1
[30m2026-08-31T11:46:41,742[m [32mINFO  [m[[1;34mhttp-nio-8080-exec-9[m] [36mCalculationServiceImpl[m - PERF_ASSIGNMENT service=calculos operation=settleAccounts result=SUCCESS side=BUY fractionCount=1 totalMs=0 validationMs=0 calculationAndMappingMs=0 dbQueryCount=0
[30m2026-08-31T11:46:41,769[m [32mINFO  [m[[1;34mhttp-nio-8080-exec-2[m] [36mGlobalFilter[m - ----------- Client User: operaciones-orquestador-ext-back ----------
[30m2026-08-31T11:46:41,769[m [32mINFO  [m[[1;34mhttp-nio-8080-exec-2[m] [36mCalculationServiceImpl[m - Start method settleAccountsV1, side -> BUY
[30m2026-08-31T11:46:41,769[m [32mINFO  [m[[1;34mhttp-nio-8080-exec-2[m] [36mCalculationServiceImpl[m - End method settleAccountsV1
[30m2026-08-31T11:46:41,769[m [32mINFO  [m[[1;34mhttp-nio-8080-exec-2[m] [36mCalculationServiceImpl[m - PERF_ASSIGNMENT service=calculos operation=settleAccounts result=SUCCESS side=BUY fractionCount=1 totalMs=0 validationMs=0 calculationAndMappingMs=0 dbQueryCount=0
[30m2026-08-31T11:46:41,796[m [32mINFO  [m[[1;34mhttp-nio-8080-exec-10[m] [36mGlobalFilter[m - ----------- Client User: operaciones-orquestador-ext-back ----------
[30m2026-08-31T11:46:41,796[m [32mINFO  [m[[1;34mhttp-nio-8080-exec-10[m] [36mCalculationServiceImpl[m - Start method settleAccountsV1, side -> BUY
[30m2026-08-31T11:46:41,796[m [32mINFO  [m[[1;34mhttp-nio-8080-exec-10[m] [36mCalculationServiceImpl[m - End method settleAccountsV1
[30m2026-08-31T11:46:41,796[m [32mINFO  [m[[1;34mhttp-nio-8080-exec-10[m] [36mCalculationServiceImpl[m - PERF_ASSIGNMENT service=calculos operation=settleAccounts result=SUCCESS side=BUY fractionCount=1 totalMs=0 validationMs=0 calculationAndMappingMs=0 dbQueryCount=0
[30m2026-08-31T11:46:41,824[m [32mINFO  [m[[1;34mhttp-nio-8080-exec-5[m] [36mGlobalFilter[m - ----------- Client User: operaciones-orquestador-ext-back ----------
[30m2026-08-31T11:46:41,824[m [32mINFO  [m[[1;34mhttp-nio-8080-exec-5[m] [36mCalculationServiceImpl[m - Start method settleAccountsV1, side -> BUY
[30m2026-08-31T11:46:41,824[m [32mINFO  [m[[1;34mhttp-nio-8080-exec-5[m] [36mCalculationServiceImpl[m - End method settleAccountsV1
[30m2026-08-31T11:46:41,824[m [32mINFO  [m[[1;34mhttp-nio-8080-exec-5[m] [36mCalculationServiceImpl[m - PERF_ASSIGNMENT service=calculos operation=settleAccounts result=SUCCESS side=BUY fractionCount=1 totalMs=0 validationMs=0 calculationAndMappingMs=0 dbQueryCount=0
[30m2026-08-31T11:46:41,852[m [32mINFO  [m[[1;34mhttp-nio-8080-exec-1[m] [36mGlobalFilter[m - ----------- Client User: operaciones-orquestador-ext-back ----------
[30m2026-08-31T11:46:41,852[m [32mINFO  [m[[1;34mhttp-nio-8080-exec-1[m] [36mCalculationServiceImpl[m - Start method settleAccountsV1, side -> BUY
[30m2026-08-31T11:46:41,852[m [32mINFO  [m[[1;34mhttp-nio-8080-exec-1[m] [36mCalculationServiceImpl[m - End method settleAccountsV1
[30m2026-08-31T11:46:41,852[m [32mINFO  [m[[1;34mhttp-nio-8080-exec-1[m] [36mCalculationServiceImpl[m - PERF_ASSIGNMENT service=calculos operation=settleAccounts result=SUCCESS side=BUY fractionCount=1 totalMs=0 validationMs=0 calculationAndMappingMs=0 dbQueryCount=0
[30m2026-08-31T11:46:41,879[m [32mINFO  [m[[1;34mhttp-nio-8080-exec-3[m] [36mGlobalFilter[m - ----------- Client User: operaciones-orquestador-ext-back ----------
[30m2026-08-31T11:46:41,879[m [32mINFO  [m[[1;34mhttp-nio-8080-exec-3[m] [36mCalculationServiceImpl[m - Start method settleAccountsV1, side -> BUY
[30m2026-08-31T11:46:41,880[m [32mINFO  [m[[1;34mhttp-nio-8080-exec-3[m] [36mCalculationServiceImpl[m - End method settleAccountsV1
[30m2026-08-31T11:46:41,880[m [32mINFO  [m[[1;34mhttp-nio-8080-exec-3[m] [36mCalculationServiceImpl[m - PERF_ASSIGNMENT service=calculos operation=settleAccounts result=SUCCESS side=BUY fractionCount=1 totalMs=0 validationMs=0 calculationAndMappingMs=0 dbQueryCount=0
[30m2026-08-31T11:46:41,908[m [32mINFO  [m[[1;34mhttp-nio-8080-exec-4[m] [36mGlobalFilter[m - ----------- Client User: operaciones-orquestador-ext-back ----------
[30m2026-08-31T11:46:41,909[m [32mINFO  [m[[1;34mhttp-nio-8080-exec-4[m] [36mCalculationServiceImpl[m - Start method settleAccountsV1, side -> BUY
[30m2026-08-31T11:46:41,909[m [32mINFO  [m[[1;34mhttp-nio-8080-exec-4[m] [36mCalculationServiceImpl[m - End method settleAccountsV1
[30m2026-08-31T11:46:41,909[m [32mINFO  [m[[1;34mhttp-nio-8080-exec-4[m] [36mCalculationServiceImpl[m - PERF_ASSIGNMENT service=calculos operation=settleAccounts result=SUCCESS side=BUY fractionCount=1 totalMs=0 validationMs=0 calculationAndMappingMs=0 dbQueryCount=0
[30m2026-08-31T11:46:41,937[m [32mINFO  [m[[1;34mhttp-nio-8080-exec-6[m] [36mGlobalFilter[m - ----------- Client User: operaciones-orquestador-ext-back ----------
[30m2026-08-31T11:46:41,937[m [32mINFO  [m[[1;34mhttp-nio-8080-exec-6[m] [36mCalculationServiceImpl[m - Start method settleAccountsV1, side -> BUY
[30m2026-08-31T11:46:41,937[m [32mINFO  [m[[1;34mhttp-nio-8080-exec-6[m] [36mCalculationServiceImpl[m - End method settleAccountsV1
[30m2026-08-31T11:46:41,937[m [32mINFO  [m[[1;34mhttp-nio-8080-exec-6[m] [36mCalculationServiceImpl[m - PERF_ASSIGNMENT service=calculos operation=settleAccounts result=SUCCESS side=BUY fractionCount=1 totalMs=0 validationMs=0 calculationAndMappingMs=0 dbQueryCount=0
[30m2026-08-31T11:46:41,965[m [32mINFO  [m[[1;34mhttp-nio-8080-exec-8[m] [36mGlobalFilter[m - ----------- Client User: operaciones-orquestador-ext-back ----------
[30m2026-08-31T11:46:41,965[m [32mINFO  [m[[1;34mhttp-nio-8080-exec-8[m] [36mCalculationServiceImpl[m - Start method settleAccountsV1, side -> BUY
[30m2026-08-31T11:46:41,965[m [32mINFO  [m[[1;34mhttp-nio-8080-exec-8[m] [36mCalculationServiceImpl[m - End method settleAccountsV1
[30m2026-08-31T11:46:41,965[m [32mINFO  [m[[1;34mhttp-nio-8080-exec-8[m] [36mCalculationServiceImpl[m - PERF_ASSIGNMENT service=calculos operation=settleAccounts result=SUCCESS side=BUY fractionCount=1 totalMs=0 validationMs=0 calculationAndMappingMs=0 dbQueryCount=0
[30m2026-08-31T11:46:41,992[m [32mINFO  [m[[1;34mhttp-nio-8080-exec-7[m] [36mGlobalFilter[m - ----------- Client User: operaciones-orquestador-ext-back ----------
[30m2026-08-31T11:46:41,992[m [32mINFO  [m[[1;34mhttp-nio-8080-exec-7[m] [36mCalculationServiceImpl[m - Start method settleAccountsV1, side -> BUY
[30m2026-08-31T11:46:41,992[m [32mINFO  [m[[1;34mhttp-nio-8080-exec-7[m] [36mCalculationServiceImpl[m - End method settleAccountsV1
[30m2026-08-31T11:46:41,992[m [32mINFO  [m[[1;34mhttp-nio-8080-exec-7[m] [36mCalculationServiceImpl[m - PERF_ASSIGNMENT service=calculos operation=settleAccounts result=SUCCESS side=BUY fractionCount=1 totalMs=0 validationMs=0 calculationAndMappingMs=0 dbQueryCount=0
[30m2026-08-31T11:46:42,020[m [32mINFO  [m[[1;34mhttp-nio-8080-exec-9[m] [36mGlobalFilter[m - ----------- Client User: operaciones-orquestador-ext-back ----------
[30m2026-08-31T11:46:42,021[m [32mINFO  [m[[1;34mhttp-nio-8080-exec-9[m] [36mCalculationServiceImpl[m - Start method settleAccountsV1, side -> BUY
[30m2026-08-31T11:46:42,021[m [32mINFO  [m[[1;34mhttp-nio-8080-exec-9[m] [36mCalculationServiceImpl[m - End method settleAccountsV1
[30m2026-08-31T11:46:42,021[m [32mINFO  [m[[1;34mhttp-nio-8080-exec-9[m] [36mCalculationServiceImpl[m - PERF_ASSIGNMENT service=calculos operation=settleAccounts result=SUCCESS side=BUY fractionCount=1 totalMs=0 validationMs=0 calculationAndMappingMs=0 dbQueryCount=0
[30m2026-08-31T11:46:42,048[m [32mINFO  [m[[1;34mhttp-nio-8080-exec-2[m] [36mGlobalFilter[m - ----------- Client User: operaciones-orquestador-ext-back ----------
[30m2026-08-31T11:46:42,049[m [32mINFO  [m[[1;34mhttp-nio-8080-exec-2[m] [36mCalculationServiceImpl[m - Start method settleAccountsV1, side -> BUY
[30m2026-08-31T11:46:42,049[m [32mINFO  [m[[1;34mhttp-nio-8080-exec-2[m] [36mCalculationServiceImpl[m - End method settleAccountsV1
[30m2026-08-31T11:46:42,049[m [32mINFO  [m[[1;34mhttp-nio-8080-exec-2[m] [36mCalculationServiceImpl[m - PERF_ASSIGNMENT service=calculos operation=settleAccounts result=SUCCESS side=BUY fractionCount=1 totalMs=0 validationMs=0 calculationAndMappingMs=0 dbQueryCount=0
[30m2026-08-31T11:46:42,078[m [32mINFO  [m[[1;34mhttp-nio-8080-exec-10[m] [36mGlobalFilter[m - ----------- Client User: operaciones-orquestador-ext-back ----------
[30m2026-08-31T11:46:42,079[m [32mINFO  [m[[1;34mhttp-nio-8080-exec-10[m] [36mCalculationServiceImpl[m - Start method settleAccountsV1, side -> BUY
[30m2026-08-31T11:46:42,079[m [32mINFO  [m[[1;34mhttp-nio-8080-exec-10[m] [36mCalculationServiceImpl[m - End method settleAccountsV1
[30m2026-08-31T11:46:42,079[m [32mINFO  [m[[1;34mhttp-nio-8080-exec-10[m] [36mCalculationServiceImpl[m - PERF_ASSIGNMENT service=calculos operation=settleAccounts result=SUCCESS side=BUY fractionCount=1 totalMs=0 validationMs=0 calculationAndMappingMs=0 dbQueryCount=0
[30m2026-08-31T11:46:42,106[m [32mINFO  [m[[1;34mhttp-nio-8080-exec-5[m] [36mGlobalFilter[m - ----------- Client User: operaciones-orquestador-ext-back ----------
[30m2026-08-31T11:46:42,107[m [32mINFO  [m[[1;34mhttp-nio-8080-exec-5[m] [36mCalculationServiceImpl[m - Start method settleAccountsV1, side -> BUY
[30m2026-08-31T11:46:42,107[m [32mINFO  [m[[1;34mhttp-nio-8080-exec-5[m] [36mCalculationServiceImpl[m - End method settleAccountsV1
[30m2026-08-31T11:46:42,107[m [32mINFO  [m[[1;34mhttp-nio-8080-exec-5[m] [36mCalculationServiceImpl[m - PERF_ASSIGNMENT service=calculos operation=settleAccounts result=SUCCESS side=BUY fractionCount=1 totalMs=0 validationMs=0 calculationAndMappingMs=0 dbQueryCount=0
[30m2026-08-31T11:46:42,136[m [32mINFO  [m[[1;34mhttp-nio-8080-exec-1[m] [36mGlobalFilter[m - ----------- Client User: operaciones-orquestador-ext-back ----------
[30m2026-08-31T11:46:42,136[m [32mINFO  [m[[1;34mhttp-nio-8080-exec-1[m] [36mCalculationServiceImpl[m - Start method settleAccountsV1, side -> BUY
[30m2026-08-31T11:46:42,136[m [32mINFO  [m[[1;34mhttp-nio-8080-exec-1[m] [36mCalculationServiceImpl[m - End method settleAccountsV1
[30m2026-08-31T11:46:42,136[m [32mINFO  [m[[1;34mhttp-nio-8080-exec-1[m] [36mCalculationServiceImpl[m - PERF_ASSIGNMENT service=calculos operation=settleAccounts result=SUCCESS side=BUY fractionCount=1 totalMs=0 validationMs=0 calculationAndMappingMs=0 dbQueryCount=0
[30m2026-08-31T11:46:42,327[m [32mINFO  [m[[1;34mhttp-nio-8080-exec-3[m] [36mGlobalFilter[m - ----------- Client User: operaciones-orquestador-ext-back ----------
[30m2026-08-31T11:46:42,328[m [32mINFO  [m[[1;34mhttp-nio-8080-exec-3[m] [36mCalculationServiceImpl[m - Start method settleAccountsV1, side -> BUY
[30m2026-08-31T11:46:42,328[m [32mINFO  [m[[1;34mhttp-nio-8080-exec-3[m] [36mCalculationServiceImpl[m - End method settleAccountsV1
[30m2026-08-31T11:46:42,328[m [32mINFO  [m[[1;34mhttp-nio-8080-exec-3[m] [36mCalculationServiceImpl[m - PERF_ASSIGNMENT service=calculos operation=settleAccounts result=SUCCESS side=BUY fractionCount=1 totalMs=0 validationMs=0 calculationAndMappingMs=0 dbQueryCount=0
[30m2026-08-31T11:46:42,355[m [32mINFO  [m[[1;34mhttp-nio-8080-exec-4[m] [36mGlobalFilter[m - ----------- Client User: operaciones-orquestador-ext-back ----------
[30m2026-08-31T11:46:42,355[m [32mINFO  [m[[1;34mhttp-nio-8080-exec-4[m] [36mCalculationServiceImpl[m - Start method settleAccountsV1, side -> BUY
[30m2026-08-31T11:46:42,356[m [32mINFO  [m[[1;34mhttp-nio-8080-exec-4[m] [36mCalculationServiceImpl[m - End method settleAccountsV1
[30m2026-08-31T11:46:42,356[m [32mINFO  [m[[1;34mhttp-nio-8080-exec-4[m] [36mCalculationServiceImpl[m - PERF_ASSIGNMENT service=calculos operation=settleAccounts result=SUCCESS side=BUY fractionCount=1 totalMs=0 validationMs=0 calculationAndMappingMs=0 dbQueryCount=0
[30m2026-08-31T11:46:42,383[m [32mINFO  [m[[1;34mhttp-nio-8080-exec-6[m] [36mGlobalFilter[m - ----------- Client User: operaciones-orquestador-ext-back ----------
[30m2026-08-31T11:46:42,383[m [32mINFO  [m[[1;34mhttp-nio-8080-exec-6[m] [36mCalculationServiceImpl[m - Start method settleAccountsV1, side -> BUY
[30m2026-08-31T11:46:42,384[m [32mINFO  [m[[1;34mhttp-nio-8080-exec-6[m] [36mCalculationServiceImpl[m - End method settleAccountsV1
[30m2026-08-31T11:46:42,384[m [32mINFO  [m[[1;34mhttp-nio-8080-exec-6[m] [36mCalculationServiceImpl[m - PERF_ASSIGNMENT service=calculos operation=settleAccounts result=SUCCESS side=BUY fractionCount=1 totalMs=0 validationMs=0 calculationAndMappingMs=0 dbQueryCount=0
[30m2026-08-31T11:46:42,411[m [32mINFO  [m[[1;34mhttp-nio-8080-exec-8[m] [36mGlobalFilter[m - ----------- Client User: operaciones-orquestador-ext-back ----------
[30m2026-08-31T11:46:42,411[m [32mINFO  [m[[1;34mhttp-nio-8080-exec-8[m] [36mCalculationServiceImpl[m - Start method settleAccountsV1, side -> BUY
[30m2026-08-31T11:46:42,411[m [32mINFO  [m[[1;34mhttp-nio-8080-exec-8[m] [36mCalculationServiceImpl[m - End method settleAccountsV1
[30m2026-08-31T11:46:42,411[m [32mINFO  [m[[1;34mhttp-nio-8080-exec-8[m] [36mCalculationServiceImpl[m - PERF_ASSIGNMENT service=calculos operation=settleAccounts result=SUCCESS side=BUY fractionCount=1 totalMs=0 validationMs=0 calculationAndMappingMs=0 dbQueryCount=0
[30m2026-08-31T11:46:42,439[m [32mINFO  [m[[1;34mhttp-nio-8080-exec-7[m] [36mGlobalFilter[m - ----------- Client User: operaciones-orquestador-ext-back ----------
[30m2026-08-31T11:46:42,439[m [32mINFO  [m[[1;34mhttp-nio-8080-exec-7[m] [36mCalculationServiceImpl[m - Start method settleAccountsV1, side -> BUY
[30m2026-08-31T11:46:42,440[m [32mINFO  [m[[1;34mhttp-nio-8080-exec-7[m] [36mCalculationServiceImpl[m - End method settleAccountsV1
[30m2026-08-31T11:46:42,440[m [32mINFO  [m[[1;34mhttp-nio-8080-exec-7[m] [36mCalculationServiceImpl[m - PERF_ASSIGNMENT service=calculos operation=settleAccounts result=SUCCESS side=BUY fractionCount=1 totalMs=0 validationMs=0 calculationAndMappingMs=0 dbQueryCount=0
[30m2026-08-31T11:46:42,467[m [32mINFO  [m[[1;34mhttp-nio-8080-exec-9[m] [36mGlobalFilter[m - ----------- Client User: operaciones-orquestador-ext-back ----------
[30m2026-08-31T11:46:42,467[m [32mINFO  [m[[1;34mhttp-nio-8080-exec-9[m] [36mCalculationServiceImpl[m - Start method settleAccountsV1, side -> BUY
[30m2026-08-31T11:46:42,467[m [32mINFO  [m[[1;34mhttp-nio-8080-exec-9[m] [36mCalculationServiceImpl[m - End method settleAccountsV1
[30m2026-08-31T11:46:42,467[m [32mINFO  [m[[1;34mhttp-nio-8080-exec-9[m] [36mCalculationServiceImpl[m - PERF_ASSIGNMENT service=calculos operation=settleAccounts result=SUCCESS side=BUY fractionCount=1 totalMs=0 validationMs=0 calculationAndMappingMs=0 dbQueryCount=0
[30m2026-08-31T11:46:42,496[m [32mINFO  [m[[1;34mhttp-nio-8080-exec-2[m] [36mGlobalFilter[m - ----------- Client User: operaciones-orquestador-ext-back ----------
[30m2026-08-31T11:46:42,496[m [32mINFO  [m[[1;34mhttp-nio-8080-exec-2[m] [36mCalculationServiceImpl[m - Start method settleAccountsV1, side -> BUY
[30m2026-08-31T11:46:42,496[m [32mINFO  [m[[1;34mhttp-nio-8080-exec-2[m] [36mCalculationServiceImpl[m - End method settleAccountsV1
[30m2026-08-31T11:46:42,496[m [32mINFO  [m[[1;34mhttp-nio-8080-exec-2[m] [36mCalculationServiceImpl[m - PERF_ASSIGNMENT service=calculos operation=settleAccounts result=SUCCESS side=BUY fractionCount=1 totalMs=0 validationMs=0 calculationAndMappingMs=0 dbQueryCount=0
[30m2026-08-31T11:46:42,525[m [32mINFO  [m[[1;34mhttp-nio-8080-exec-10[m] [36mGlobalFilter[m - ----------- Client User: operaciones-orquestador-ext-back ----------
[30m2026-08-31T11:46:42,525[m [32mINFO  [m[[1;34mhttp-nio-8080-exec-10[m] [36mCalculationServiceImpl[m - Start method settleAccountsV1, side -> BUY
[30m2026-08-31T11:46:42,525[m [32mINFO  [m[[1;34mhttp-nio-8080-exec-10[m] [36mCalculationServiceImpl[m - End method settleAccountsV1
[30m2026-08-31T11:46:42,525[m [32mINFO  [m[[1;34mhttp-nio-8080-exec-10[m] [36mCalculationServiceImpl[m - PERF_ASSIGNMENT service=calculos operation=settleAccounts result=SUCCESS side=BUY fractionCount=1 totalMs=0 validationMs=0 calculationAndMappingMs=0 dbQueryCount=0
[30m2026-08-31T11:46:42,553[m [32mINFO  [m[[1;34mhttp-nio-8080-exec-5[m] [36mGlobalFilter[m - ----------- Client User: operaciones-orquestador-ext-back ----------
[30m2026-08-31T11:46:42,553[m [32mINFO  [m[[1;34mhttp-nio-8080-exec-5[m] [36mCalculationServiceImpl[m - Start method settleAccountsV1, side -> BUY
[30m2026-08-31T11:46:42,553[m [32mINFO  [m[[1;34mhttp-nio-8080-exec-5[m] [36mCalculationServiceImpl[m - End method settleAccountsV1
[30m2026-08-31T11:46:42,553[m [32mINFO  [m[[1;34mhttp-nio-8080-exec-5[m] [36mCalculationServiceImpl[m - PERF_ASSIGNMENT service=calculos operation=settleAccounts result=SUCCESS side=BUY fractionCount=1 totalMs=0 validationMs=0 calculationAndMappingMs=0 dbQueryCount=0
[30m2026-08-31T11:46:42,582[m [32mINFO  [m[[1;34mhttp-nio-8080-exec-1[m] [36mGlobalFilter[m - ----------- Client User: operaciones-orquestador-ext-back ----------
[30m2026-08-31T11:46:42,583[m [32mINFO  [m[[1;34mhttp-nio-8080-exec-1[m] [36mCalculationServiceImpl[m - Start method settleAccountsV1, side -> BUY
[30m2026-08-31T11:46:42,583[m [32mINFO  [m[[1;34mhttp-nio-8080-exec-1[m] [36mCalculationServiceImpl[m - End method settleAccountsV1
[30m2026-08-31T11:46:42,583[m [32mINFO  [m[[1;34mhttp-nio-8080-exec-1[m] [36mCalculationServiceImpl[m - PERF_ASSIGNMENT service=calculos operation=settleAccounts result=SUCCESS side=BUY fractionCount=1 totalMs=0 validationMs=0 calculationAndMappingMs=0 dbQueryCount=0
[30m2026-08-31T11:46:42,610[m [32mINFO  [m[[1;34mhttp-nio-8080-exec-3[m] [36mGlobalFilter[m - ----------- Client User: operaciones-orquestador-ext-back ----------
[30m2026-08-31T11:46:42,611[m [32mINFO  [m[[1;34mhttp-nio-8080-exec-3[m] [36mCalculationServiceImpl[m - Start method settleAccountsV1, side -> BUY
[30m2026-08-31T11:46:42,611[m [32mINFO  [m[[1;34mhttp-nio-8080-exec-3[m] [36mCalculationServiceImpl[m - End method settleAccountsV1
[30m2026-08-31T11:46:42,611[m [32mINFO  [m[[1;34mhttp-nio-8080-exec-3[m] [36mCalculationServiceImpl[m - PERF_ASSIGNMENT service=calculos operation=settleAccounts result=SUCCESS side=BUY fractionCount=1 totalMs=0 validationMs=0 calculationAndMappingMs=0 dbQueryCount=0
[30m2026-08-31T11:46:42,639[m [32mINFO  [m[[1;34mhttp-nio-8080-exec-4[m] [36mGlobalFilter[m - ----------- Client User: operaciones-orquestador-ext-back ----------
[30m2026-08-31T11:46:42,640[m [32mINFO  [m[[1;34mhttp-nio-8080-exec-4[m] [36mCalculationServiceImpl[m - Start method settleAccountsV1, side -> BUY
[30m2026-08-31T11:46:42,640[m [32mINFO  [m[[1;34mhttp-nio-8080-exec-4[m] [36mCalculationServiceImpl[m - End method settleAccountsV1
[30m2026-08-31T11:46:42,640[m [32mINFO  [m[[1;34mhttp-nio-8080-exec-4[m] [36mCalculationServiceImpl[m - PERF_ASSIGNMENT service=calculos operation=settleAccounts result=SUCCESS side=BUY fractionCount=1 totalMs=0 validationMs=0 calculationAndMappingMs=0 dbQueryCount=0
[30m2026-08-31T11:46:42,665[m [32mINFO  [m[[1;34mhttp-nio-8080-exec-6[m] [36mGlobalFilter[m - ----------- Client User: operaciones-orquestador-ext-back ----------
[30m2026-08-31T11:46:42,666[m [32mINFO  [m[[1;34mhttp-nio-8080-exec-6[m] [36mCalculationServiceImpl[m - Start method settleAccountsV1, side -> BUY
[30m2026-08-31T11:46:42,666[m [32mINFO  [m[[1;34mhttp-nio-8080-exec-6[m] [36mCalculationServiceImpl[m - End method settleAccountsV1
[30m2026-08-31T11:46:42,666[m [32mINFO  [m[[1;34mhttp-nio-8080-exec-6[m] [36mCalculationServiceImpl[m - PERF_ASSIGNMENT service=calculos operation=settleAccounts result=SUCCESS side=BUY fractionCount=1 totalMs=0 validationMs=0 calculationAndMappingMs=0 dbQueryCount=0
[30m2026-08-31T11:46:42,692[m [32mINFO  [m[[1;34mhttp-nio-8080-exec-8[m] [36mGlobalFilter[m - ----------- Client User: operaciones-orquestador-ext-back ----------
[30m2026-08-31T11:46:42,693[m [32mINFO  [m[[1;34mhttp-nio-8080-exec-8[m] [36mCalculationServiceImpl[m - Start method settleAccountsV1, side -> BUY
[30m2026-08-31T11:46:42,693[m [32mINFO  [m[[1;34mhttp-nio-8080-exec-8[m] [36mCalculationServiceImpl[m - End method settleAccountsV1
[30m2026-08-31T11:46:42,693[m [32mINFO  [m[[1;34mhttp-nio-8080-exec-8[m] [36mCalculationServiceImpl[m - PERF_ASSIGNMENT service=calculos operation=settleAccounts result=SUCCESS side=BUY fractionCount=1 totalMs=0 validationMs=0 calculationAndMappingMs=0 dbQueryCount=0
[30m2026-08-31T11:46:42,721[m [32mINFO  [m[[1;34mhttp-nio-8080-exec-7[m] [36mGlobalFilter[m - ----------- Client User: operaciones-orquestador-ext-back ----------
[30m2026-08-31T11:46:42,721[m [32mINFO  [m[[1;34mhttp-nio-8080-exec-7[m] [36mCalculationServiceImpl[m - Start method settleAccountsV1, side -> BUY
[30m2026-08-31T11:46:42,722[m [32mINFO  [m[[1;34mhttp-nio-8080-exec-7[m] [36mCalculationServiceImpl[m - End method settleAccountsV1
[30m2026-08-31T11:46:42,722[m [32mINFO  [m[[1;34mhttp-nio-8080-exec-7[m] [36mCalculationServiceImpl[m - PERF_ASSIGNMENT service=calculos operation=settleAccounts result=SUCCESS side=BUY fractionCount=1 totalMs=0 validationMs=0 calculationAndMappingMs=0 dbQueryCount=0
[30m2026-08-31T11:46:42,748[m [32mINFO  [m[[1;34mhttp-nio-8080-exec-9[m] [36mGlobalFilter[m - ----------- Client User: operaciones-orquestador-ext-back ----------
[30m2026-08-31T11:46:42,749[m [32mINFO  [m[[1;34mhttp-nio-8080-exec-9[m] [36mCalculationServiceImpl[m - Start method settleAccountsV1, side -> BUY
[30m2026-08-31T11:46:42,749[m [32mINFO  [m[[1;34mhttp-nio-8080-exec-9[m] [36mCalculationServiceImpl[m - End method settleAccountsV1
[30m2026-08-31T11:46:42,749[m [32mINFO  [m[[1;34mhttp-nio-8080-exec-9[m] [36mCalculationServiceImpl[m - PERF_ASSIGNMENT service=calculos operation=settleAccounts result=SUCCESS side=BUY fractionCount=1 totalMs=0 validationMs=0 calculationAndMappingMs=0 dbQueryCount=0
[30m2026-08-31T11:46:42,775[m [32mINFO  [m[[1;34mhttp-nio-8080-exec-2[m] [36mGlobalFilter[m - ----------- Client User: operaciones-orquestador-ext-back ----------
[30m2026-08-31T11:46:42,776[m [32mINFO  [m[[1;34mhttp-nio-8080-exec-2[m] [36mCalculationServiceImpl[m - Start method settleAccountsV1, side -> BUY
[30m2026-08-31T11:46:42,776[m [32mINFO  [m[[1;34mhttp-nio-8080-exec-2[m] [36mCalculationServiceImpl[m - End method settleAccountsV1
[30m2026-08-31T11:46:42,776[m [32mINFO  [m[[1;34mhttp-nio-8080-exec-2[m] [36mCalculationServiceImpl[m - PERF_ASSIGNMENT service=calculos operation=settleAccounts result=SUCCESS side=BUY fractionCount=1 totalMs=0 validationMs=0 calculationAndMappingMs=0 dbQueryCount=0
[30m2026-08-31T11:46:42,803[m [32mINFO  [m[[1;34mhttp-nio-8080-exec-10[m] [36mGlobalFilter[m - ----------- Client User: operaciones-orquestador-ext-back ----------
[30m2026-08-31T11:46:42,803[m [32mINFO  [m[[1;34mhttp-nio-8080-exec-10[m] [36mCalculationServiceImpl[m - Start method settleAccountsV1, side -> BUY
[30m2026-08-31T11:46:42,803[m [32mINFO  [m[[1;34mhttp-nio-8080-exec-10[m] [36mCalculationServiceImpl[m - End method settleAccountsV1
[30m2026-08-31T11:46:42,803[m [32mINFO  [m[[1;34mhttp-nio-8080-exec-10[m] [36mCalculationServiceImpl[m - PERF_ASSIGNMENT service=calculos operation=settleAccounts result=SUCCESS side=BUY fractionCount=1 totalMs=0 validationMs=0 calculationAndMappingMs=0 dbQueryCount=0
[30m2026-08-31T11:46:42,830[m [32mINFO  [m[[1;34mhttp-nio-8080-exec-5[m] [36mGlobalFilter[m - ----------- Client User: operaciones-orquestador-ext-back ----------
[30m2026-08-31T11:46:42,830[m [32mINFO  [m[[1;34mhttp-nio-8080-exec-5[m] [36mCalculationServiceImpl[m - Start method settleAccountsV1, side -> BUY
[30m2026-08-31T11:46:42,830[m [32mINFO  [m[[1;34mhttp-nio-8080-exec-5[m] [36mCalculationServiceImpl[m - End method settleAccountsV1
[30m2026-08-31T11:46:42,830[m [32mINFO  [m[[1;34mhttp-nio-8080-exec-5[m] [36mCalculationServiceImpl[m - PERF_ASSIGNMENT service=calculos operation=settleAccounts result=SUCCESS side=BUY fractionCount=1 totalMs=0 validationMs=0 calculationAndMappingMs=0 dbQueryCount=0
[30m2026-08-31T11:46:42,857[m [32mINFO  [m[[1;34mhttp-nio-8080-exec-1[m] [36mGlobalFilter[m - ----------- Client User: operaciones-orquestador-ext-back ----------
[30m2026-08-31T11:46:42,857[m [32mINFO  [m[[1;34mhttp-nio-8080-exec-1[m] [36mCalculationServiceImpl[m - Start method settleAccountsV1, side -> BUY
[30m2026-08-31T11:46:42,858[m [32mINFO  [m[[1;34mhttp-nio-8080-exec-1[m] [36mCalculationServiceImpl[m - End method settleAccountsV1
[30m2026-08-31T11:46:42,858[m [32mINFO  [m[[1;34mhttp-nio-8080-exec-1[m] [36mCalculationServiceImpl[m - PERF_ASSIGNMENT service=calculos operation=settleAccounts result=SUCCESS side=BUY fractionCount=1 totalMs=0 validationMs=0 calculationAndMappingMs=0 dbQueryCount=0
[30m2026-08-31T11:46:42,885[m [32mINFO  [m[[1;34mhttp-nio-8080-exec-3[m] [36mGlobalFilter[m - ----------- Client User: operaciones-orquestador-ext-back ----------
[30m2026-08-31T11:46:42,885[m [32mINFO  [m[[1;34mhttp-nio-8080-exec-3[m] [36mCalculationServiceImpl[m - Start method settleAccountsV1, side -> BUY
[30m2026-08-31T11:46:42,886[m [32mINFO  [m[[1;34mhttp-nio-8080-exec-3[m] [36mCalculationServiceImpl[m - End method settleAccountsV1
[30m2026-08-31T11:46:42,886[m [32mINFO  [m[[1;34mhttp-nio-8080-exec-3[m] [36mCalculationServiceImpl[m - PERF_ASSIGNMENT service=calculos operation=settleAccounts result=SUCCESS side=BUY fractionCount=1 totalMs=0 validationMs=0 calculationAndMappingMs=0 dbQueryCount=0
[30m2026-08-31T11:46:42,911[m [32mINFO  [m[[1;34mhttp-nio-8080-exec-4[m] [36mGlobalFilter[m - ----------- Client User: operaciones-orquestador-ext-back ----------
[30m2026-08-31T11:46:42,911[m [32mINFO  [m[[1;34mhttp-nio-8080-exec-4[m] [36mCalculationServiceImpl[m - Start method settleAccountsV1, side -> BUY
[30m2026-08-31T11:46:42,911[m [32mINFO  [m[[1;34mhttp-nio-8080-exec-4[m] [36mCalculationServiceImpl[m - End method settleAccountsV1
[30m2026-08-31T11:46:42,911[m [32mINFO  [m[[1;34mhttp-nio-8080-exec-4[m] [36mCalculationServiceImpl[m - PERF_ASSIGNMENT service=calculos operation=settleAccounts result=SUCCESS side=BUY fractionCount=1 totalMs=0 validationMs=0 calculationAndMappingMs=0 dbQueryCount=0
[30m2026-08-31T11:46:42,938[m [32mINFO  [m[[1;34mhttp-nio-8080-exec-6[m] [36mGlobalFilter[m - ----------- Client User: operaciones-orquestador-ext-back ----------
[30m2026-08-31T11:46:42,938[m [32mINFO  [m[[1;34mhttp-nio-8080-exec-6[m] [36mCalculationServiceImpl[m - Start method settleAccountsV1, side -> BUY
[30m2026-08-31T11:46:42,938[m [32mINFO  [m[[1;34mhttp-nio-8080-exec-6[m] [36mCalculationServiceImpl[m - End method settleAccountsV1
[30m2026-08-31T11:46:42,938[m [32mINFO  [m[[1;34mhttp-nio-8080-exec-6[m] [36mCalculationServiceImpl[m - PERF_ASSIGNMENT service=calculos operation=settleAccounts result=SUCCESS side=BUY fractionCount=1 totalMs=0 validationMs=0 calculationAndMappingMs=0 dbQueryCount=0
[30m2026-08-31T11:46:42,965[m [32mINFO  [m[[1;34mhttp-nio-8080-exec-8[m] [36mGlobalFilter[m - ----------- Client User: operaciones-orquestador-ext-back ----------
[30m2026-08-31T11:46:42,966[m [32mINFO  [m[[1;34mhttp-nio-8080-exec-8[m] [36mCalculationServiceImpl[m - Start method settleAccountsV1, side -> BUY
[30m2026-08-31T11:46:42,966[m [32mINFO  [m[[1;34mhttp-nio-8080-exec-8[m] [36mCalculationServiceImpl[m - End method settleAccountsV1
[30m2026-08-31T11:46:42,966[m [32mINFO  [m[[1;34mhttp-nio-8080-exec-8[m] [36mCalculationServiceImpl[m - PERF_ASSIGNMENT service=calculos operation=settleAccounts result=SUCCESS side=BUY fractionCount=1 totalMs=0 validationMs=0 calculationAndMappingMs=0 dbQueryCount=0
[30m2026-08-31T11:46:42,992[m [32mINFO  [m[[1;34mhttp-nio-8080-exec-7[m] [36mGlobalFilter[m - ----------- Client User: operaciones-orquestador-ext-back ----------
[30m2026-08-31T11:46:42,993[m [32mINFO  [m[[1;34mhttp-nio-8080-exec-7[m] [36mCalculationServiceImpl[m - Start method settleAccountsV1, side -> BUY
[30m2026-08-31T11:46:42,993[m [32mINFO  [m[[1;34mhttp-nio-8080-exec-7[m] [36mCalculationServiceImpl[m - End method settleAccountsV1
[30m2026-08-31T11:46:42,993[m [32mINFO  [m[[1;34mhttp-nio-8080-exec-7[m] [36mCalculationServiceImpl[m - PERF_ASSIGNMENT service=calculos operation=settleAccounts result=SUCCESS side=BUY fractionCount=1 totalMs=0 validationMs=0 calculationAndMappingMs=0 dbQueryCount=0
[30m2026-08-31T11:46:43,020[m [32mINFO  [m[[1;34mhttp-nio-8080-exec-9[m] [36mGlobalFilter[m - ----------- Client User: operaciones-orquestador-ext-back ----------
[30m2026-08-31T11:46:43,021[m [32mINFO  [m[[1;34mhttp-nio-8080-exec-9[m] [36mCalculationServiceImpl[m - Start method settleAccountsV1, side -> BUY
[30m2026-08-31T11:46:43,021[m [32mINFO  [m[[1;34mhttp-nio-8080-exec-9[m] [36mCalculationServiceImpl[m - End method settleAccountsV1
[30m2026-08-31T11:46:43,021[m [32mINFO  [m[[1;34mhttp-nio-8080-exec-9[m] [36mCalculationServiceImpl[m - PERF_ASSIGNMENT service=calculos operation=settleAccounts result=SUCCESS side=BUY fractionCount=1 totalMs=0 validationMs=0 calculationAndMappingMs=0 dbQueryCount=0
[30m2026-08-31T11:46:43,048[m [32mINFO  [m[[1;34mhttp-nio-8080-exec-2[m] [36mGlobalFilter[m - ----------- Client User: operaciones-orquestador-ext-back ----------
[30m2026-08-31T11:46:43,049[m [32mINFO  [m[[1;34mhttp-nio-8080-exec-2[m] [36mCalculationServiceImpl[m - Start method settleAccountsV1, side -> BUY
[30m2026-08-31T11:46:43,049[m [32mINFO  [m[[1;34mhttp-nio-8080-exec-2[m] [36mCalculationServiceImpl[m - End method settleAccountsV1
[30m2026-08-31T11:46:43,049[m [32mINFO  [m[[1;34mhttp-nio-8080-exec-2[m] [36mCalculationServiceImpl[m - PERF_ASSIGNMENT service=calculos operation=settleAccounts result=SUCCESS side=BUY fractionCount=1 totalMs=0 validationMs=0 calculationAndMappingMs=0 dbQueryCount=0
[30m2026-08-31T11:46:43,077[m [32mINFO  [m[[1;34mhttp-nio-8080-exec-10[m] [36mGlobalFilter[m - ----------- Client User: operaciones-orquestador-ext-back ----------
[30m2026-08-31T11:46:43,077[m [32mINFO  [m[[1;34mhttp-nio-8080-exec-10[m] [36mCalculationServiceImpl[m - Start method settleAccountsV1, side -> BUY
[30m2026-08-31T11:46:43,077[m [32mINFO  [m[[1;34mhttp-nio-8080-exec-10[m] [36mCalculationServiceImpl[m - End method settleAccountsV1
[30m2026-08-31T11:46:43,077[m [32mINFO  [m[[1;34mhttp-nio-8080-exec-10[m] [36mCalculationServiceImpl[m - PERF_ASSIGNMENT service=calculos operation=settleAccounts result=SUCCESS side=BUY fractionCount=1 totalMs=0 validationMs=0 calculationAndMappingMs=0 dbQueryCount=0
[30m2026-08-31T11:46:43,106[m [32mINFO  [m[[1;34mhttp-nio-8080-exec-5[m] [36mGlobalFilter[m - ----------- Client User: operaciones-orquestador-ext-back ----------
[30m2026-08-31T11:46:43,106[m [32mINFO  [m[[1;34mhttp-nio-8080-exec-5[m] [36mCalculationServiceImpl[m - Start method settleAccountsV1, side -> BUY
[30m2026-08-31T11:46:43,106[m [32mINFO  [m[[1;34mhttp-nio-8080-exec-5[m] [36mCalculationServiceImpl[m - End method settleAccountsV1
[30m2026-08-31T11:46:43,106[m [32mINFO  [m[[1;34mhttp-nio-8080-exec-5[m] [36mCalculationServiceImpl[m - PERF_ASSIGNMENT service=calculos operation=settleAccounts result=SUCCESS side=BUY fractionCount=1 totalMs=0 validationMs=0 calculationAndMappingMs=0 dbQueryCount=0
[30m2026-08-31T11:46:43,133[m [32mINFO  [m[[1;34mhttp-nio-8080-exec-1[m] [36mGlobalFilter[m - ----------- Client User: operaciones-orquestador-ext-back ----------
[30m2026-08-31T11:46:43,134[m [32mINFO  [m[[1;34mhttp-nio-8080-exec-1[m] [36mCalculationServiceImpl[m - Start method settleAccountsV1, side -> BUY
[30m2026-08-31T11:46:43,134[m [32mINFO  [m[[1;34mhttp-nio-8080-exec-1[m] [36mCalculationServiceImpl[m - End method settleAccountsV1
[30m2026-08-31T11:46:43,134[m [32mINFO  [m[[1;34mhttp-nio-8080-exec-1[m] [36mCalculationServiceImpl[m - PERF_ASSIGNMENT service=calculos operation=settleAccounts result=SUCCESS side=BUY fractionCount=1 totalMs=0 validationMs=0 calculationAndMappingMs=0 dbQueryCount=0
[30m2026-08-31T11:46:43,160[m [32mINFO  [m[[1;34mhttp-nio-8080-exec-3[m] [36mGlobalFilter[m - ----------- Client User: operaciones-orquestador-ext-back ----------
[30m2026-08-31T11:46:43,161[m [32mINFO  [m[[1;34mhttp-nio-8080-exec-3[m] [36mCalculationServiceImpl[m - Start method settleAccountsV1, side -> BUY
[30m2026-08-31T11:46:43,161[m [32mINFO  [m[[1;34mhttp-nio-8080-exec-3[m] [36mCalculationServiceImpl[m - End method settleAccountsV1
[30m2026-08-31T11:46:43,161[m [32mINFO  [m[[1;34mhttp-nio-8080-exec-3[m] [36mCalculationServiceImpl[m - PERF_ASSIGNMENT service=calculos operation=settleAccounts result=SUCCESS side=BUY fractionCount=1 totalMs=0 validationMs=0 calculationAndMappingMs=0 dbQueryCount=0
[30m2026-08-31T11:46:43,186[m [32mINFO  [m[[1;34mhttp-nio-8080-exec-4[m] [36mGlobalFilter[m - ----------- Client User: operaciones-orquestador-ext-back ----------
[30m2026-08-31T11:46:43,187[m [32mINFO  [m[[1;34mhttp-nio-8080-exec-4[m] [36mCalculationServiceImpl[m - Start method settleAccountsV1, side -> BUY
[30m2026-08-31T11:46:43,187[m [32mINFO  [m[[1;34mhttp-nio-8080-exec-4[m] [36mCalculationServiceImpl[m - End method settleAccountsV1
[30m2026-08-31T11:46:43,187[m [32mINFO  [m[[1;34mhttp-nio-8080-exec-4[m] [36mCalculationServiceImpl[m - PERF_ASSIGNMENT service=calculos operation=settleAccounts result=SUCCESS side=BUY fractionCount=1 totalMs=0 validationMs=0 calculationAndMappingMs=0 dbQueryCount=0
[30m2026-08-31T11:46:43,213[m [32mINFO  [m[[1;34mhttp-nio-8080-exec-6[m] [36mGlobalFilter[m - ----------- Client User: operaciones-orquestador-ext-back ----------
[30m2026-08-31T11:46:43,213[m [32mINFO  [m[[1;34mhttp-nio-8080-exec-6[m] [36mCalculationServiceImpl[m - Start method settleAccountsV1, side -> BUY
[30m2026-08-31T11:46:43,213[m [32mINFO  [m[[1;34mhttp-nio-8080-exec-6[m] [36mCalculationServiceImpl[m - End method settleAccountsV1
[30m2026-08-31T11:46:43,213[m [32mINFO  [m[[1;34mhttp-nio-8080-exec-6[m] [36mCalculationServiceImpl[m - PERF_ASSIGNMENT service=calculos operation=settleAccounts result=SUCCESS side=BUY fractionCount=1 totalMs=0 validationMs=0 calculationAndMappingMs=0 dbQueryCount=0
[30m2026-08-31T11:46:43,239[m [32mINFO  [m[[1;34mhttp-nio-8080-exec-8[m] [36mGlobalFilter[m - ----------- Client User: operaciones-orquestador-ext-back ----------
[30m2026-08-31T11:46:43,239[m [32mINFO  [m[[1;34mhttp-nio-8080-exec-8[m] [36mCalculationServiceImpl[m - Start method settleAccountsV1, side -> BUY
[30m2026-08-31T11:46:43,240[m [32mINFO  [m[[1;34mhttp-nio-8080-exec-8[m] [36mCalculationServiceImpl[m - End method settleAccountsV1
[30m2026-08-31T11:46:43,240[m [32mINFO  [m[[1;34mhttp-nio-8080-exec-8[m] [36mCalculationServiceImpl[m - PERF_ASSIGNMENT service=calculos operation=settleAccounts result=SUCCESS side=BUY fractionCount=1 totalMs=0 validationMs=0 calculationAndMappingMs=0 dbQueryCount=0
[30m2026-08-31T11:46:43,267[m [32mINFO  [m[[1;34mhttp-nio-8080-exec-7[m] [36mGlobalFilter[m - ----------- Client User: operaciones-orquestador-ext-back ----------
[30m2026-08-31T11:46:43,268[m [32mINFO  [m[[1;34mhttp-nio-8080-exec-7[m] [36mCalculationServiceImpl[m - Start method settleAccountsV1, side -> BUY
[30m2026-08-31T11:46:43,268[m [32mINFO  [m[[1;34mhttp-nio-8080-exec-7[m] [36mCalculationServiceImpl[m - End method settleAccountsV1
[30m2026-08-31T11:46:43,268[m [32mINFO  [m[[1;34mhttp-nio-8080-exec-7[m] [36mCalculationServiceImpl[m - PERF_ASSIGNMENT service=calculos operation=settleAccounts result=SUCCESS side=BUY fractionCount=1 totalMs=0 validationMs=0 calculationAndMappingMs=0 dbQueryCount=0
[30m2026-08-31T11:46:43,294[m [32mINFO  [m[[1;34mhttp-nio-8080-exec-9[m] [36mGlobalFilter[m - ----------- Client User: operaciones-orquestador-ext-back ----------
[30m2026-08-31T11:46:43,294[m [32mINFO  [m[[1;34mhttp-nio-8080-exec-9[m] [36mCalculationServiceImpl[m - Start method settleAccountsV1, side -> BUY
[30m2026-08-31T11:46:43,294[m [32mINFO  [m[[1;34mhttp-nio-8080-exec-9[m] [36mCalculationServiceImpl[m - End method settleAccountsV1
[30m2026-08-31T11:46:43,294[m [32mINFO  [m[[1;34mhttp-nio-8080-exec-9[m] [36mCalculationServiceImpl[m - PERF_ASSIGNMENT service=calculos operation=settleAccounts result=SUCCESS side=BUY fractionCount=1 totalMs=0 validationMs=0 calculationAndMappingMs=0 dbQueryCount=0
[30m2026-08-31T11:46:43,319[m [32mINFO  [m[[1;34mhttp-nio-8080-exec-2[m] [36mGlobalFilter[m - ----------- Client User: operaciones-orquestador-ext-back ----------
[30m2026-08-31T11:46:43,320[m [32mINFO  [m[[1;34mhttp-nio-8080-exec-2[m] [36mCalculationServiceImpl[m - Start method settleAccountsV1, side -> BUY
[30m2026-08-31T11:46:43,320[m [32mINFO  [m[[1;34mhttp-nio-8080-exec-2[m] [36mCalculationServiceImpl[m - End method settleAccountsV1
[30m2026-08-31T11:46:43,320[m [32mINFO  [m[[1;34mhttp-nio-8080-exec-2[m] [36mCalculationServiceImpl[m - PERF_ASSIGNMENT service=calculos operation=settleAccounts result=SUCCESS side=BUY fractionCount=1 totalMs=0 validationMs=0 calculationAndMappingMs=0 dbQueryCount=0
[30m2026-08-31T11:46:43,347[m [32mINFO  [m[[1;34mhttp-nio-8080-exec-10[m] [36mGlobalFilter[m - ----------- Client User: operaciones-orquestador-ext-back ----------
[30m2026-08-31T11:46:43,348[m [32mINFO  [m[[1;34mhttp-nio-8080-exec-10[m] [36mCalculationServiceImpl[m - Start method settleAccountsV1, side -> BUY
[30m2026-08-31T11:46:43,348[m [32mINFO  [m[[1;34mhttp-nio-8080-exec-10[m] [36mCalculationServiceImpl[m - End method settleAccountsV1
[30m2026-08-31T11:46:43,348[m [32mINFO  [m[[1;34mhttp-nio-8080-exec-10[m] [36mCalculationServiceImpl[m - PERF_ASSIGNMENT service=calculos operation=settleAccounts result=SUCCESS side=BUY fractionCount=1 totalMs=0 validationMs=0 calculationAndMappingMs=0 dbQueryCount=0
[30m2026-08-31T11:46:43,375[m [32mINFO  [m[[1;34mhttp-nio-8080-exec-5[m] [36mGlobalFilter[m - ----------- Client User: operaciones-orquestador-ext-back ----------
[30m2026-08-31T11:46:43,375[m [32mINFO  [m[[1;34mhttp-nio-8080-exec-5[m] [36mCalculationServiceImpl[m - Start method settleAccountsV1, side -> BUY
[30m2026-08-31T11:46:43,375[m [32mINFO  [m[[1;34mhttp-nio-8080-exec-5[m] [36mCalculationServiceImpl[m - End method settleAccountsV1
[30m2026-08-31T11:46:43,375[m [32mINFO  [m[[1;34mhttp-nio-8080-exec-5[m] [36mCalculationServiceImpl[m - PERF_ASSIGNMENT service=calculos operation=settleAccounts result=SUCCESS side=BUY fractionCount=1 totalMs=0 validationMs=0 calculationAndMappingMs=0 dbQueryCount=0
[30m2026-08-31T11:46:43,401[m [32mINFO  [m[[1;34mhttp-nio-8080-exec-1[m] [36mGlobalFilter[m - ----------- Client User: operaciones-orquestador-ext-back ----------
[30m2026-08-31T11:46:43,401[m [32mINFO  [m[[1;34mhttp-nio-8080-exec-1[m] [36mCalculationServiceImpl[m - Start method settleAccountsV1, side -> BUY
[30m2026-08-31T11:46:43,401[m [32mINFO  [m[[1;34mhttp-nio-8080-exec-1[m] [36mCalculationServiceImpl[m - End method settleAccountsV1
[30m2026-08-31T11:46:43,401[m [32mINFO  [m[[1;34mhttp-nio-8080-exec-1[m] [36mCalculationServiceImpl[m - PERF_ASSIGNMENT service=calculos operation=settleAccounts result=SUCCESS side=BUY fractionCount=1 totalMs=0 validationMs=0 calculationAndMappingMs=0 dbQueryCount=0
[30m2026-08-31T11:46:43,427[m [32mINFO  [m[[1;34mhttp-nio-8080-exec-3[m] [36mGlobalFilter[m - ----------- Client User: operaciones-orquestador-ext-back ----------
[30m2026-08-31T11:46:43,427[m [32mINFO  [m[[1;34mhttp-nio-8080-exec-3[m] [36mCalculationServiceImpl[m - Start method settleAccountsV1, side -> BUY
[30m2026-08-31T11:46:43,427[m [32mINFO  [m[[1;34mhttp-nio-8080-exec-3[m] [36mCalculationServiceImpl[m - End method settleAccountsV1
[30m2026-08-31T11:46:43,427[m [32mINFO  [m[[1;34mhttp-nio-8080-exec-3[m] [36mCalculationServiceImpl[m - PERF_ASSIGNMENT service=calculos operation=settleAccounts result=SUCCESS side=BUY fractionCount=1 totalMs=0 validationMs=0 calculationAndMappingMs=0 dbQueryCount=0
[30m2026-08-31T11:46:43,456[m [32mINFO  [m[[1;34mhttp-nio-8080-exec-4[m] [36mGlobalFilter[m - ----------- Client User: operaciones-orquestador-ext-back ----------
[30m2026-08-31T11:46:43,457[m [32mINFO  [m[[1;34mhttp-nio-8080-exec-4[m] [36mCalculationServiceImpl[m - Start method settleAccountsV1, side -> BUY
[30m2026-08-31T11:46:43,457[m [32mINFO  [m[[1;34mhttp-nio-8080-exec-4[m] [36mCalculationServiceImpl[m - End method settleAccountsV1
[30m2026-08-31T11:46:43,457[m [32mINFO  [m[[1;34mhttp-nio-8080-exec-4[m] [36mCalculationServiceImpl[m - PERF_ASSIGNMENT service=calculos operation=settleAccounts result=SUCCESS side=BUY fractionCount=1 totalMs=0 validationMs=0 calculationAndMappingMs=0 dbQueryCount=0
[30m2026-08-31T11:46:43,483[m [32mINFO  [m[[1;34mhttp-nio-8080-exec-6[m] [36mGlobalFilter[m - ----------- Client User: operaciones-orquestador-ext-back ----------
[30m2026-08-31T11:46:43,483[m [32mINFO  [m[[1;34mhttp-nio-8080-exec-6[m] [36mCalculationServiceImpl[m - Start method settleAccountsV1, side -> BUY
[30m2026-08-31T11:46:43,484[m [32mINFO  [m[[1;34mhttp-nio-8080-exec-6[m] [36mCalculationServiceImpl[m - End method settleAccountsV1
[30m2026-08-31T11:46:43,484[m [32mINFO  [m[[1;34mhttp-nio-8080-exec-6[m] [36mCalculationServiceImpl[m - PERF_ASSIGNMENT service=calculos operation=settleAccounts result=SUCCESS side=BUY fractionCount=1 totalMs=0 validationMs=0 calculationAndMappingMs=0 dbQueryCount=0
[30m2026-08-31T11:46:43,511[m [32mINFO  [m[[1;34mhttp-nio-8080-exec-8[m] [36mGlobalFilter[m - ----------- Client User: operaciones-orquestador-ext-back ----------
[30m2026-08-31T11:46:43,512[m [32mINFO  [m[[1;34mhttp-nio-8080-exec-8[m] [36mCalculationServiceImpl[m - Start method settleAccountsV1, side -> BUY
[30m2026-08-31T11:46:43,512[m [32mINFO  [m[[1;34mhttp-nio-8080-exec-8[m] [36mCalculationServiceImpl[m - End method settleAccountsV1
[30m2026-08-31T11:46:43,512[m [32mINFO  [m[[1;34mhttp-nio-8080-exec-8[m] [36mCalculationServiceImpl[m - PERF_ASSIGNMENT service=calculos operation=settleAccounts result=SUCCESS side=BUY fractionCount=1 totalMs=0 validationMs=0 calculationAndMappingMs=0 dbQueryCount=0
[30m2026-08-31T11:46:43,538[m [32mINFO  [m[[1;34mhttp-nio-8080-exec-7[m] [36mGlobalFilter[m - ----------- Client User: operaciones-orquestador-ext-back ----------
[30m2026-08-31T11:46:43,538[m [32mINFO  [m[[1;34mhttp-nio-8080-exec-7[m] [36mCalculationServiceImpl[m - Start method settleAccountsV1, side -> BUY
[30m2026-08-31T11:46:43,538[m [32mINFO  [m[[1;34mhttp-nio-8080-exec-7[m] [36mCalculationServiceImpl[m - End method settleAccountsV1
[30m2026-08-31T11:46:43,538[m [32mINFO  [m[[1;34mhttp-nio-8080-exec-7[m] [36mCalculationServiceImpl[m - PERF_ASSIGNMENT service=calculos operation=settleAccounts result=SUCCESS side=BUY fractionCount=1 totalMs=0 validationMs=0 calculationAndMappingMs=0 dbQueryCount=0
[30m2026-08-31T11:46:43,565[m [32mINFO  [m[[1;34mhttp-nio-8080-exec-9[m] [36mGlobalFilter[m - ----------- Client User: operaciones-orquestador-ext-back ----------
[30m2026-08-31T11:46:43,565[m [32mINFO  [m[[1;34mhttp-nio-8080-exec-9[m] [36mCalculationServiceImpl[m - Start method settleAccountsV1, side -> BUY
[30m2026-08-31T11:46:43,565[m [32mINFO  [m[[1;34mhttp-nio-8080-exec-9[m] [36mCalculationServiceImpl[m - End method settleAccountsV1
[30m2026-08-31T11:46:43,565[m [32mINFO  [m[[1;34mhttp-nio-8080-exec-9[m] [36mCalculationServiceImpl[m - PERF_ASSIGNMENT service=calculos operation=settleAccounts result=SUCCESS side=BUY fractionCount=1 totalMs=0 validationMs=0 calculationAndMappingMs=0 dbQueryCount=0
[30m2026-08-31T11:46:43,591[m [32mINFO  [m[[1;34mhttp-nio-8080-exec-2[m] [36mGlobalFilter[m - ----------- Client User: operaciones-orquestador-ext-back ----------
[30m2026-08-31T11:46:43,592[m [32mINFO  [m[[1;34mhttp-nio-8080-exec-2[m] [36mCalculationServiceImpl[m - Start method settleAccountsV1, side -> BUY
[30m2026-08-31T11:46:43,592[m [32mINFO  [m[[1;34mhttp-nio-8080-exec-2[m] [36mCalculationServiceImpl[m - End method settleAccountsV1
[30m2026-08-31T11:46:43,592[m [32mINFO  [m[[1;34mhttp-nio-8080-exec-2[m] [36mCalculationServiceImpl[m - PERF_ASSIGNMENT service=calculos operation=settleAccounts result=SUCCESS side=BUY fractionCount=1 totalMs=0 validationMs=0 calculationAndMappingMs=0 dbQueryCount=0
[30m2026-08-31T11:46:43,620[m [32mINFO  [m[[1;34mhttp-nio-8080-exec-10[m] [36mGlobalFilter[m - ----------- Client User: operaciones-orquestador-ext-back ----------
[30m2026-08-31T11:46:43,620[m [32mINFO  [m[[1;34mhttp-nio-8080-exec-10[m] [36mCalculationServiceImpl[m - Start method settleAccountsV1, side -> BUY
[30m2026-08-31T11:46:43,620[m [32mINFO  [m[[1;34mhttp-nio-8080-exec-10[m] [36mCalculationServiceImpl[m - End method settleAccountsV1
[30m2026-08-31T11:46:43,620[m [32mINFO  [m[[1;34mhttp-nio-8080-exec-10[m] [36mCalculationServiceImpl[m - PERF_ASSIGNMENT service=calculos operation=settleAccounts result=SUCCESS side=BUY fractionCount=1 totalMs=0 validationMs=0 calculationAndMappingMs=0 dbQueryCount=0
[30m2026-08-31T11:46:43,648[m [32mINFO  [m[[1;34mhttp-nio-8080-exec-5[m] [36mGlobalFilter[m - ----------- Client User: operaciones-orquestador-ext-back ----------
[30m2026-08-31T11:46:43,649[m [32mINFO  [m[[1;34mhttp-nio-8080-exec-5[m] [36mCalculationServiceImpl[m - Start method settleAccountsV1, side -> BUY
[30m2026-08-31T11:46:43,649[m [32mINFO  [m[[1;34mhttp-nio-8080-exec-5[m] [36mCalculationServiceImpl[m - End method settleAccountsV1
[30m2026-08-31T11:46:43,649[m [32mINFO  [m[[1;34mhttp-nio-8080-exec-5[m] [36mCalculationServiceImpl[m - PERF_ASSIGNMENT service=calculos operation=settleAccounts result=SUCCESS side=BUY fractionCount=1 totalMs=0 validationMs=0 calculationAndMappingMs=0 dbQueryCount=0
[30m2026-08-31T11:46:43,677[m [32mINFO  [m[[1;34mhttp-nio-8080-exec-1[m] [36mGlobalFilter[m - ----------- Client User: operaciones-orquestador-ext-back ----------
[30m2026-08-31T11:46:43,677[m [32mINFO  [m[[1;34mhttp-nio-8080-exec-1[m] [36mCalculationServiceImpl[m - Start method settleAccountsV1, side -> BUY
[30m2026-08-31T11:46:43,677[m [32mINFO  [m[[1;34mhttp-nio-8080-exec-1[m] [36mCalculationServiceImpl[m - End method settleAccountsV1
[30m2026-08-31T11:46:43,677[m [32mINFO  [m[[1;34mhttp-nio-8080-exec-1[m] [36mCalculationServiceImpl[m - PERF_ASSIGNMENT service=calculos operation=settleAccounts result=SUCCESS side=BUY fractionCount=1 totalMs=0 validationMs=0 calculationAndMappingMs=0 dbQueryCount=0
[30m2026-08-31T11:46:43,848[m [32mINFO  [m[[1;34mhttp-nio-8080-exec-3[m] [36mGlobalFilter[m - ----------- Client User: operaciones-orquestador-ext-back ----------
[30m2026-08-31T11:46:43,848[m [32mINFO  [m[[1;34mhttp-nio-8080-exec-3[m] [36mCalculationServiceImpl[m - Start method settleAccountsV1, side -> BUY
[30m2026-08-31T11:46:43,848[m [32mINFO  [m[[1;34mhttp-nio-8080-exec-3[m] [36mCalculationServiceImpl[m - End method settleAccountsV1
[30m2026-08-31T11:46:43,849[m [32mINFO  [m[[1;34mhttp-nio-8080-exec-3[m] [36mCalculationServiceImpl[m - PERF_ASSIGNMENT service=calculos operation=settleAccounts result=SUCCESS side=BUY fractionCount=1 totalMs=0 validationMs=0 calculationAndMappingMs=0 dbQueryCount=0
[30m2026-08-31T11:46:43,874[m [32mINFO  [m[[1;34mhttp-nio-8080-exec-4[m] [36mGlobalFilter[m - ----------- Client User: operaciones-orquestador-ext-back ----------
[30m2026-08-31T11:46:43,874[m [32mINFO  [m[[1;34mhttp-nio-8080-exec-4[m] [36mCalculationServiceImpl[m - Start method settleAccountsV1, side -> BUY
[30m2026-08-31T11:46:43,875[m [32mINFO  [m[[1;34mhttp-nio-8080-exec-4[m] [36mCalculationServiceImpl[m - End method settleAccountsV1
[30m2026-08-31T11:46:43,875[m [32mINFO  [m[[1;34mhttp-nio-8080-exec-4[m] [36mCalculationServiceImpl[m - PERF_ASSIGNMENT service=calculos operation=settleAccounts result=SUCCESS side=BUY fractionCount=1 totalMs=0 validationMs=0 calculationAndMappingMs=0 dbQueryCount=0
[30m2026-08-31T11:46:43,902[m [32mINFO  [m[[1;34mhttp-nio-8080-exec-6[m] [36mGlobalFilter[m - ----------- Client User: operaciones-orquestador-ext-back ----------
[30m2026-08-31T11:46:43,902[m [32mINFO  [m[[1;34mhttp-nio-8080-exec-6[m] [36mCalculationServiceImpl[m - Start method settleAccountsV1, side -> BUY
[30m2026-08-31T11:46:43,903[m [32mINFO  [m[[1;34mhttp-nio-8080-exec-6[m] [36mCalculationServiceImpl[m - End method settleAccountsV1
[30m2026-08-31T11:46:43,903[m [32mINFO  [m[[1;34mhttp-nio-8080-exec-6[m] [36mCalculationServiceImpl[m - PERF_ASSIGNMENT service=calculos operation=settleAccounts result=SUCCESS side=BUY fractionCount=1 totalMs=0 validationMs=0 calculationAndMappingMs=0 dbQueryCount=0
[30m2026-08-31T11:46:43,929[m [32mINFO  [m[[1;34mhttp-nio-8080-exec-8[m] [36mGlobalFilter[m - ----------- Client User: operaciones-orquestador-ext-back ----------
[30m2026-08-31T11:46:43,930[m [32mINFO  [m[[1;34mhttp-nio-8080-exec-8[m] [36mCalculationServiceImpl[m - Start method settleAccountsV1, side -> BUY
[30m2026-08-31T11:46:43,930[m [32mINFO  [m[[1;34mhttp-nio-8080-exec-8[m] [36mCalculationServiceImpl[m - End method settleAccountsV1
[30m2026-08-31T11:46:43,930[m [32mINFO  [m[[1;34mhttp-nio-8080-exec-8[m] [36mCalculationServiceImpl[m - PERF_ASSIGNMENT service=calculos operation=settleAccounts result=SUCCESS side=BUY fractionCount=1 totalMs=0 validationMs=0 calculationAndMappingMs=0 dbQueryCount=0
[30m2026-08-31T11:46:43,956[m [32mINFO  [m[[1;34mhttp-nio-8080-exec-7[m] [36mGlobalFilter[m - ----------- Client User: operaciones-orquestador-ext-back ----------
[30m2026-08-31T11:46:43,956[m [32mINFO  [m[[1;34mhttp-nio-8080-exec-7[m] [36mCalculationServiceImpl[m - Start method settleAccountsV1, side -> BUY
[30m2026-08-31T11:46:43,956[m [32mINFO  [m[[1;34mhttp-nio-8080-exec-7[m] [36mCalculationServiceImpl[m - End method settleAccountsV1
[30m2026-08-31T11:46:43,956[m [32mINFO  [m[[1;34mhttp-nio-8080-exec-7[m] [36mCalculationServiceImpl[m - PERF_ASSIGNMENT service=calculos operation=settleAccounts result=SUCCESS side=BUY fractionCount=1 totalMs=0 validationMs=0 calculationAndMappingMs=0 dbQueryCount=0
[30m2026-08-31T11:46:43,983[m [32mINFO  [m[[1;34mhttp-nio-8080-exec-9[m] [36mGlobalFilter[m - ----------- Client User: operaciones-orquestador-ext-back ----------
[30m2026-08-31T11:46:43,983[m [32mINFO  [m[[1;34mhttp-nio-8080-exec-9[m] [36mCalculationServiceImpl[m - Start method settleAccountsV1, side -> BUY
[30m2026-08-31T11:46:43,983[m [32mINFO  [m[[1;34mhttp-nio-8080-exec-9[m] [36mCalculationServiceImpl[m - End method settleAccountsV1
[30m2026-08-31T11:46:43,983[m [32mINFO  [m[[1;34mhttp-nio-8080-exec-9[m] [36mCalculationServiceImpl[m - PERF_ASSIGNMENT service=calculos operation=settleAccounts result=SUCCESS side=BUY fractionCount=1 totalMs=0 validationMs=0 calculationAndMappingMs=0 dbQueryCount=0
[30m2026-08-31T11:46:44,008[m [32mINFO  [m[[1;34mhttp-nio-8080-exec-2[m] [36mGlobalFilter[m - ----------- Client User: operaciones-orquestador-ext-back ----------
[30m2026-08-31T11:46:44,009[m [32mINFO  [m[[1;34mhttp-nio-8080-exec-2[m] [36mCalculationServiceImpl[m - Start method settleAccountsV1, side -> BUY
[30m2026-08-31T11:46:44,009[m [32mINFO  [m[[1;34mhttp-nio-8080-exec-2[m] [36mCalculationServiceImpl[m - End method settleAccountsV1
[30m2026-08-31T11:46:44,009[m [32mINFO  [m[[1;34mhttp-nio-8080-exec-2[m] [36mCalculationServiceImpl[m - PERF_ASSIGNMENT service=calculos operation=settleAccounts result=SUCCESS side=BUY fractionCount=1 totalMs=0 validationMs=0 calculationAndMappingMs=0 dbQueryCount=0
[30m2026-08-31T11:46:44,035[m [32mINFO  [m[[1;34mhttp-nio-8080-exec-10[m] [36mGlobalFilter[m - ----------- Client User: operaciones-orquestador-ext-back ----------
[30m2026-08-31T11:46:44,035[m [32mINFO  [m[[1;34mhttp-nio-8080-exec-10[m] [36mCalculationServiceImpl[m - Start method settleAccountsV1, side -> BUY
[30m2026-08-31T11:46:44,035[m [32mINFO  [m[[1;34mhttp-nio-8080-exec-10[m] [36mCalculationServiceImpl[m - End method settleAccountsV1
[30m2026-08-31T11:46:44,035[m [32mINFO  [m[[1;34mhttp-nio-8080-exec-10[m] [36mCalculationServiceImpl[m - PERF_ASSIGNMENT service=calculos operation=settleAccounts result=SUCCESS side=BUY fractionCount=1 totalMs=0 validationMs=0 calculationAndMappingMs=0 dbQueryCount=0
[30m2026-08-31T11:46:44,062[m [32mINFO  [m[[1;34mhttp-nio-8080-exec-5[m] [36mGlobalFilter[m - ----------- Client User: operaciones-orquestador-ext-back ----------
[30m2026-08-31T11:46:44,063[m [32mINFO  [m[[1;34mhttp-nio-8080-exec-5[m] [36mCalculationServiceImpl[m - Start method settleAccountsV1, side -> BUY
[30m2026-08-31T11:46:44,063[m [32mINFO  [m[[1;34mhttp-nio-8080-exec-5[m] [36mCalculationServiceImpl[m - End method settleAccountsV1
[30m2026-08-31T11:46:44,063[m [32mINFO  [m[[1;34mhttp-nio-8080-exec-5[m] [36mCalculationServiceImpl[m - PERF_ASSIGNMENT service=calculos operation=settleAccounts result=SUCCESS side=BUY fractionCount=1 totalMs=0 validationMs=0 calculationAndMappingMs=0 dbQueryCount=0
[30m2026-08-31T11:46:44,089[m [32mINFO  [m[[1;34mhttp-nio-8080-exec-1[m] [36mGlobalFilter[m - ----------- Client User: operaciones-orquestador-ext-back ----------
[30m2026-08-31T11:46:44,089[m [32mINFO  [m[[1;34mhttp-nio-8080-exec-1[m] [36mCalculationServiceImpl[m - Start method settleAccountsV1, side -> BUY
[30m2026-08-31T11:46:44,089[m [32mINFO  [m[[1;34mhttp-nio-8080-exec-1[m] [36mCalculationServiceImpl[m - End method settleAccountsV1
[30m2026-08-31T11:46:44,089[m [32mINFO  [m[[1;34mhttp-nio-8080-exec-1[m] [36mCalculationServiceImpl[m - PERF_ASSIGNMENT service=calculos operation=settleAccounts result=SUCCESS side=BUY fractionCount=1 totalMs=0 validationMs=0 calculationAndMappingMs=0 dbQueryCount=0
[30m2026-08-31T11:46:44,116[m [32mINFO  [m[[1;34mhttp-nio-8080-exec-3[m] [36mGlobalFilter[m - ----------- Client User: operaciones-orquestador-ext-back ----------
[30m2026-08-31T11:46:44,116[m [32mINFO  [m[[1;34mhttp-nio-8080-exec-3[m] [36mCalculationServiceImpl[m - Start method settleAccountsV1, side -> BUY
[30m2026-08-31T11:46:44,116[m [32mINFO  [m[[1;34mhttp-nio-8080-exec-3[m] [36mCalculationServiceImpl[m - End method settleAccountsV1
[30m2026-08-31T11:46:44,116[m [32mINFO  [m[[1;34mhttp-nio-8080-exec-3[m] [36mCalculationServiceImpl[m - PERF_ASSIGNMENT service=calculos operation=settleAccounts result=SUCCESS side=BUY fractionCount=1 totalMs=0 validationMs=0 calculationAndMappingMs=0 dbQueryCount=0
[30m2026-08-31T11:46:44,143[m [32mINFO  [m[[1;34mhttp-nio-8080-exec-4[m] [36mGlobalFilter[m - ----------- Client User: operaciones-orquestador-ext-back ----------
[30m2026-08-31T11:46:44,144[m [32mINFO  [m[[1;34mhttp-nio-8080-exec-4[m] [36mCalculationServiceImpl[m - Start method settleAccountsV1, side -> BUY
[30m2026-08-31T11:46:44,144[m [32mINFO  [m[[1;34mhttp-nio-8080-exec-4[m] [36mCalculationServiceImpl[m - End method settleAccountsV1
[30m2026-08-31T11:46:44,144[m [32mINFO  [m[[1;34mhttp-nio-8080-exec-4[m] [36mCalculationServiceImpl[m - PERF_ASSIGNMENT service=calculos operation=settleAccounts result=SUCCESS side=BUY fractionCount=1 totalMs=0 validationMs=0 calculationAndMappingMs=0 dbQueryCount=0
[30m2026-08-31T11:46:44,170[m [32mINFO  [m[[1;34mhttp-nio-8080-exec-6[m] [36mGlobalFilter[m - ----------- Client User: operaciones-orquestador-ext-back ----------
[30m2026-08-31T11:46:44,171[m [32mINFO  [m[[1;34mhttp-nio-8080-exec-6[m] [36mCalculationServiceImpl[m - Start method settleAccountsV1, side -> BUY
[30m2026-08-31T11:46:44,171[m [32mINFO  [m[[1;34mhttp-nio-8080-exec-6[m] [36mCalculationServiceImpl[m - End method settleAccountsV1
[30m2026-08-31T11:46:44,171[m [32mINFO  [m[[1;34mhttp-nio-8080-exec-6[m] [36mCalculationServiceImpl[m - PERF_ASSIGNMENT service=calculos operation=settleAccounts result=SUCCESS side=BUY fractionCount=1 totalMs=0 validationMs=0 calculationAndMappingMs=0 dbQueryCount=0
[30m2026-08-31T11:46:44,197[m [32mINFO  [m[[1;34mhttp-nio-8080-exec-8[m] [36mGlobalFilter[m - ----------- Client User: operaciones-orquestador-ext-back ----------
[30m2026-08-31T11:46:44,197[m [32mINFO  [m[[1;34mhttp-nio-8080-exec-8[m] [36mCalculationServiceImpl[m - Start method settleAccountsV1, side -> BUY
[30m2026-08-31T11:46:44,197[m [32mINFO  [m[[1;34mhttp-nio-8080-exec-8[m] [36mCalculationServiceImpl[m - End method settleAccountsV1
[30m2026-08-31T11:46:44,197[m [32mINFO  [m[[1;34mhttp-nio-8080-exec-8[m] [36mCalculationServiceImpl[m - PERF_ASSIGNMENT service=calculos operation=settleAccounts result=SUCCESS side=BUY fractionCount=1 totalMs=0 validationMs=0 calculationAndMappingMs=0 dbQueryCount=0
[30m2026-08-31T11:46:44,225[m [32mINFO  [m[[1;34mhttp-nio-8080-exec-7[m] [36mGlobalFilter[m - ----------- Client User: operaciones-orquestador-ext-back ----------
[30m2026-08-31T11:46:44,225[m [32mINFO  [m[[1;34mhttp-nio-8080-exec-7[m] [36mCalculationServiceImpl[m - Start method settleAccountsV1, side -> BUY
[30m2026-08-31T11:46:44,225[m [32mINFO  [m[[1;34mhttp-nio-8080-exec-7[m] [36mCalculationServiceImpl[m - End method settleAccountsV1
[30m2026-08-31T11:46:44,225[m [32mINFO  [m[[1;34mhttp-nio-8080-exec-7[m] [36mCalculationServiceImpl[m - PERF_ASSIGNMENT service=calculos operation=settleAccounts result=SUCCESS side=BUY fractionCount=1 totalMs=0 validationMs=0 calculationAndMappingMs=0 dbQueryCount=0
[30m2026-08-31T11:46:44,252[m [32mINFO  [m[[1;34mhttp-nio-8080-exec-9[m] [36mGlobalFilter[m - ----------- Client User: operaciones-orquestador-ext-back ----------
[30m2026-08-31T11:46:44,252[m [32mINFO  [m[[1;34mhttp-nio-8080-exec-9[m] [36mCalculationServiceImpl[m - Start method settleAccountsV1, side -> BUY
[30m2026-08-31T11:46:44,252[m [32mINFO  [m[[1;34mhttp-nio-8080-exec-9[m] [36mCalculationServiceImpl[m - End method settleAccountsV1
[30m2026-08-31T11:46:44,252[m [32mINFO  [m[[1;34mhttp-nio-8080-exec-9[m] [36mCalculationServiceImpl[m - PERF_ASSIGNMENT service=calculos operation=settleAccounts result=SUCCESS side=BUY fractionCount=1 totalMs=0 validationMs=0 calculationAndMappingMs=0 dbQueryCount=0
[30m2026-08-31T11:46:44,279[m [32mINFO  [m[[1;34mhttp-nio-8080-exec-2[m] [36mGlobalFilter[m - ----------- Client User: operaciones-orquestador-ext-back ----------
[30m2026-08-31T11:46:44,279[m [32mINFO  [m[[1;34mhttp-nio-8080-exec-2[m] [36mCalculationServiceImpl[m - Start method settleAccountsV1, side -> BUY
[30m2026-08-31T11:46:44,280[m [32mINFO  [m[[1;34mhttp-nio-8080-exec-2[m] [36mCalculationServiceImpl[m - End method settleAccountsV1
[30m2026-08-31T11:46:44,280[m [32mINFO  [m[[1;34mhttp-nio-8080-exec-2[m] [36mCalculationServiceImpl[m - PERF_ASSIGNMENT service=calculos operation=settleAccounts result=SUCCESS side=BUY fractionCount=1 totalMs=1 validationMs=0 calculationAndMappingMs=0 dbQueryCount=0
[30m2026-08-31T11:46:44,307[m [32mINFO  [m[[1;34mhttp-nio-8080-exec-10[m] [36mGlobalFilter[m - ----------- Client User: operaciones-orquestador-ext-back ----------
[30m2026-08-31T11:46:44,307[m [32mINFO  [m[[1;34mhttp-nio-8080-exec-10[m] [36mCalculationServiceImpl[m - Start method settleAccountsV1, side -> BUY
[30m2026-08-31T11:46:44,307[m [32mINFO  [m[[1;34mhttp-nio-8080-exec-10[m] [36mCalculationServiceImpl[m - End method settleAccountsV1
[30m2026-08-31T11:46:44,307[m [32mINFO  [m[[1;34mhttp-nio-8080-exec-10[m] [36mCalculationServiceImpl[m - PERF_ASSIGNMENT service=calculos operation=settleAccounts result=SUCCESS side=BUY fractionCount=1 totalMs=0 validationMs=0 calculationAndMappingMs=0 dbQueryCount=0
[30m2026-08-31T11:46:44,333[m [32mINFO  [m[[1;34mhttp-nio-8080-exec-5[m] [36mGlobalFilter[m - ----------- Client User: operaciones-orquestador-ext-back ----------
[30m2026-08-31T11:46:44,334[m [32mINFO  [m[[1;34mhttp-nio-8080-exec-5[m] [36mCalculationServiceImpl[m - Start method settleAccountsV1, side -> BUY
[30m2026-08-31T11:46:44,334[m [32mINFO  [m[[1;34mhttp-nio-8080-exec-5[m] [36mCalculationServiceImpl[m - End method settleAccountsV1
[30m2026-08-31T11:46:44,334[m [32mINFO  [m[[1;34mhttp-nio-8080-exec-5[m] [36mCalculationServiceImpl[m - PERF_ASSIGNMENT service=calculos operation=settleAccounts result=SUCCESS side=BUY fractionCount=1 totalMs=0 validationMs=0 calculationAndMappingMs=0 dbQueryCount=0
[30m2026-08-31T11:46:44,359[m [32mINFO  [m[[1;34mhttp-nio-8080-exec-1[m] [36mGlobalFilter[m - ----------- Client User: operaciones-orquestador-ext-back ----------
[30m2026-08-31T11:46:44,359[m [32mINFO  [m[[1;34mhttp-nio-8080-exec-1[m] [36mCalculationServiceImpl[m - Start method settleAccountsV1, side -> BUY
[30m2026-08-31T11:46:44,360[m [32mINFO  [m[[1;34mhttp-nio-8080-exec-1[m] [36mCalculationServiceImpl[m - End method settleAccountsV1
[30m2026-08-31T11:46:44,360[m [32mINFO  [m[[1;34mhttp-nio-8080-exec-1[m] [36mCalculationServiceImpl[m - PERF_ASSIGNMENT service=calculos operation=settleAccounts result=SUCCESS side=BUY fractionCount=1 totalMs=0 validationMs=0 calculationAndMappingMs=0 dbQueryCount=0
[30m2026-08-31T11:46:44,385[m [32mINFO  [m[[1;34mhttp-nio-8080-exec-3[m] [36mGlobalFilter[m - ----------- Client User: operaciones-orquestador-ext-back ----------
[30m2026-08-31T11:46:44,386[m [32mINFO  [m[[1;34mhttp-nio-8080-exec-3[m] [36mCalculationServiceImpl[m - Start method settleAccountsV1, side -> BUY
[30m2026-08-31T11:46:44,386[m [32mINFO  [m[[1;34mhttp-nio-8080-exec-3[m] [36mCalculationServiceImpl[m - End method settleAccountsV1
[30m2026-08-31T11:46:44,386[m [32mINFO  [m[[1;34mhttp-nio-8080-exec-3[m] [36mCalculationServiceImpl[m - PERF_ASSIGNMENT service=calculos operation=settleAccounts result=SUCCESS side=BUY fractionCount=1 totalMs=0 validationMs=0 calculationAndMappingMs=0 dbQueryCount=0
[30m2026-08-31T11:46:44,412[m [32mINFO  [m[[1;34mhttp-nio-8080-exec-4[m] [36mGlobalFilter[m - ----------- Client User: operaciones-orquestador-ext-back ----------
[30m2026-08-31T11:46:44,412[m [32mINFO  [m[[1;34mhttp-nio-8080-exec-4[m] [36mCalculationServiceImpl[m - Start method settleAccountsV1, side -> BUY
[30m2026-08-31T11:46:44,412[m [32mINFO  [m[[1;34mhttp-nio-8080-exec-4[m] [36mCalculationServiceImpl[m - End method settleAccountsV1
[30m2026-08-31T11:46:44,412[m [32mINFO  [m[[1;34mhttp-nio-8080-exec-4[m] [36mCalculationServiceImpl[m - PERF_ASSIGNMENT service=calculos operation=settleAccounts result=SUCCESS side=BUY fractionCount=1 totalMs=0 validationMs=0 calculationAndMappingMs=0 dbQueryCount=0
[30m2026-08-31T11:46:44,438[m [32mINFO  [m[[1;34mhttp-nio-8080-exec-6[m] [36mGlobalFilter[m - ----------- Client User: operaciones-orquestador-ext-back ----------
[30m2026-08-31T11:46:44,438[m [32mINFO  [m[[1;34mhttp-nio-8080-exec-6[m] [36mCalculationServiceImpl[m - Start method settleAccountsV1, side -> BUY
[30m2026-08-31T11:46:44,438[m [32mINFO  [m[[1;34mhttp-nio-8080-exec-6[m] [36mCalculationServiceImpl[m - End method settleAccountsV1
[30m2026-08-31T11:46:44,438[m [32mINFO  [m[[1;34mhttp-nio-8080-exec-6[m] [36mCalculationServiceImpl[m - PERF_ASSIGNMENT service=calculos operation=settleAccounts result=SUCCESS side=BUY fractionCount=1 totalMs=0 validationMs=0 calculationAndMappingMs=0 dbQueryCount=0
[30m2026-08-31T11:46:44,468[m [32mINFO  [m[[1;34mhttp-nio-8080-exec-8[m] [36mGlobalFilter[m - ----------- Client User: operaciones-orquestador-ext-back ----------
[30m2026-08-31T11:46:44,468[m [32mINFO  [m[[1;34mhttp-nio-8080-exec-8[m] [36mCalculationServiceImpl[m - Start method settleAccountsV1, side -> BUY
[30m2026-08-31T11:46:44,468[m [32mINFO  [m[[1;34mhttp-nio-8080-exec-8[m] [36mCalculationServiceImpl[m - End method settleAccountsV1
[30m2026-08-31T11:46:44,468[m [32mINFO  [m[[1;34mhttp-nio-8080-exec-8[m] [36mCalculationServiceImpl[m - PERF_ASSIGNMENT service=calculos operation=settleAccounts result=SUCCESS side=BUY fractionCount=1 totalMs=0 validationMs=0 calculationAndMappingMs=0 dbQueryCount=0
[30m2026-08-31T11:46:44,494[m [32mINFO  [m[[1;34mhttp-nio-8080-exec-7[m] [36mGlobalFilter[m - ----------- Client User: operaciones-orquestador-ext-back ----------
[30m2026-08-31T11:46:44,495[m [32mINFO  [m[[1;34mhttp-nio-8080-exec-7[m] [36mCalculationServiceImpl[m - Start method settleAccountsV1, side -> BUY
[30m2026-08-31T11:46:44,495[m [32mINFO  [m[[1;34mhttp-nio-8080-exec-7[m] [36mCalculationServiceImpl[m - End method settleAccountsV1
[30m2026-08-31T11:46:44,495[m [32mINFO  [m[[1;34mhttp-nio-8080-exec-7[m] [36mCalculationServiceImpl[m - PERF_ASSIGNMENT service=calculos operation=settleAccounts result=SUCCESS side=BUY fractionCount=1 totalMs=0 validationMs=0 calculationAndMappingMs=0 dbQueryCount=0
[30m2026-08-31T11:46:44,522[m [32mINFO  [m[[1;34mhttp-nio-8080-exec-9[m] [36mGlobalFilter[m - ----------- Client User: operaciones-orquestador-ext-back ----------
[30m2026-08-31T11:46:44,523[m [32mINFO  [m[[1;34mhttp-nio-8080-exec-9[m] [36mCalculationServiceImpl[m - Start method settleAccountsV1, side -> BUY
[30m2026-08-31T11:46:44,523[m [32mINFO  [m[[1;34mhttp-nio-8080-exec-9[m] [36mCalculationServiceImpl[m - End method settleAccountsV1
[30m2026-08-31T11:46:44,523[m [32mINFO  [m[[1;34mhttp-nio-8080-exec-9[m] [36mCalculationServiceImpl[m - PERF_ASSIGNMENT service=calculos operation=settleAccounts result=SUCCESS side=BUY fractionCount=1 totalMs=0 validationMs=0 calculationAndMappingMs=0 dbQueryCount=0
[30m2026-08-31T11:46:44,549[m [32mINFO  [m[[1;34mhttp-nio-8080-exec-2[m] [36mGlobalFilter[m - ----------- Client User: operaciones-orquestador-ext-back ----------
[30m2026-08-31T11:46:44,550[m [32mINFO  [m[[1;34mhttp-nio-8080-exec-2[m] [36mCalculationServiceImpl[m - Start method settleAccountsV1, side -> BUY
[30m2026-08-31T11:46:44,550[m [32mINFO  [m[[1;34mhttp-nio-8080-exec-2[m] [36mCalculationServiceImpl[m - End method settleAccountsV1
[30m2026-08-31T11:46:44,550[m [32mINFO  [m[[1;34mhttp-nio-8080-exec-2[m] [36mCalculationServiceImpl[m - PERF_ASSIGNMENT service=calculos operation=settleAccounts result=SUCCESS side=BUY fractionCount=1 totalMs=0 validationMs=0 calculationAndMappingMs=0 dbQueryCount=0
[30m2026-08-31T11:46:44,576[m [32mINFO  [m[[1;34mhttp-nio-8080-exec-10[m] [36mGlobalFilter[m - ----------- Client User: operaciones-orquestador-ext-back ----------
[30m2026-08-31T11:46:44,576[m [32mINFO  [m[[1;34mhttp-nio-8080-exec-10[m] [36mCalculationServiceImpl[m - Start method settleAccountsV1, side -> BUY
[30m2026-08-31T11:46:44,576[m [32mINFO  [m[[1;34mhttp-nio-8080-exec-10[m] [36mCalculationServiceImpl[m - End method settleAccountsV1
[30m2026-08-31T11:46:44,576[m [32mINFO  [m[[1;34mhttp-nio-8080-exec-10[m] [36mCalculationServiceImpl[m - PERF_ASSIGNMENT service=calculos operation=settleAccounts result=SUCCESS side=BUY fractionCount=1 totalMs=0 validationMs=0 calculationAndMappingMs=0 dbQueryCount=0
[30m2026-08-31T11:46:44,602[m [32mINFO  [m[[1;34mhttp-nio-8080-exec-5[m] [36mGlobalFilter[m - ----------- Client User: operaciones-orquestador-ext-back ----------
[30m2026-08-31T11:46:44,602[m [32mINFO  [m[[1;34mhttp-nio-8080-exec-5[m] [36mCalculationServiceImpl[m - Start method settleAccountsV1, side -> BUY
[30m2026-08-31T11:46:44,602[m [32mINFO  [m[[1;34mhttp-nio-8080-exec-5[m] [36mCalculationServiceImpl[m - End method settleAccountsV1
[30m2026-08-31T11:46:44,602[m [32mINFO  [m[[1;34mhttp-nio-8080-exec-5[m] [36mCalculationServiceImpl[m - PERF_ASSIGNMENT service=calculos operation=settleAccounts result=SUCCESS side=BUY fractionCount=1 totalMs=0 validationMs=0 calculationAndMappingMs=0 dbQueryCount=0
[30m2026-08-31T11:46:44,628[m [32mINFO  [m[[1;34mhttp-nio-8080-exec-1[m] [36mGlobalFilter[m - ----------- Client User: operaciones-orquestador-ext-back ----------
[30m2026-08-31T11:46:44,628[m [32mINFO  [m[[1;34mhttp-nio-8080-exec-1[m] [36mCalculationServiceImpl[m - Start method settleAccountsV1, side -> BUY
[30m2026-08-31T11:46:44,628[m [32mINFO  [m[[1;34mhttp-nio-8080-exec-1[m] [36mCalculationServiceImpl[m - End method settleAccountsV1
[30m2026-08-31T11:46:44,628[m [32mINFO  [m[[1;34mhttp-nio-8080-exec-1[m] [36mCalculationServiceImpl[m - PERF_ASSIGNMENT service=calculos operation=settleAccounts result=SUCCESS side=BUY fractionCount=1 totalMs=0 validationMs=0 calculationAndMappingMs=0 dbQueryCount=0
[30m2026-08-31T11:46:44,653[m [32mINFO  [m[[1;34mhttp-nio-8080-exec-3[m] [36mGlobalFilter[m - ----------- Client User: operaciones-orquestador-ext-back ----------
[30m2026-08-31T11:46:44,654[m [32mINFO  [m[[1;34mhttp-nio-8080-exec-3[m] [36mCalculationServiceImpl[m - Start method settleAccountsV1, side -> BUY
[30m2026-08-31T11:46:44,654[m [32mINFO  [m[[1;34mhttp-nio-8080-exec-3[m] [36mCalculationServiceImpl[m - End method settleAccountsV1
[30m2026-08-31T11:46:44,654[m [32mINFO  [m[[1;34mhttp-nio-8080-exec-3[m] [36mCalculationServiceImpl[m - PERF_ASSIGNMENT service=calculos operation=settleAccounts result=SUCCESS side=BUY fractionCount=1 totalMs=0 validationMs=0 calculationAndMappingMs=0 dbQueryCount=0
[30m2026-08-31T11:46:44,679[m [32mINFO  [m[[1;34mhttp-nio-8080-exec-4[m] [36mGlobalFilter[m - ----------- Client User: operaciones-orquestador-ext-back ----------
[30m2026-08-31T11:46:44,679[m [32mINFO  [m[[1;34mhttp-nio-8080-exec-4[m] [36mCalculationServiceImpl[m - Start method settleAccountsV1, side -> BUY
[30m2026-08-31T11:46:44,679[m [32mINFO  [m[[1;34mhttp-nio-8080-exec-4[m] [36mCalculationServiceImpl[m - End method settleAccountsV1
[30m2026-08-31T11:46:44,680[m [32mINFO  [m[[1;34mhttp-nio-8080-exec-4[m] [36mCalculationServiceImpl[m - PERF_ASSIGNMENT service=calculos operation=settleAccounts result=SUCCESS side=BUY fractionCount=1 totalMs=0 validationMs=0 calculationAndMappingMs=0 dbQueryCount=0
[30m2026-08-31T11:46:44,705[m [32mINFO  [m[[1;34mhttp-nio-8080-exec-6[m] [36mGlobalFilter[m - ----------- Client User: operaciones-orquestador-ext-back ----------
[30m2026-08-31T11:46:44,706[m [32mINFO  [m[[1;34mhttp-nio-8080-exec-6[m] [36mCalculationServiceImpl[m - Start method settleAccountsV1, side -> BUY
[30m2026-08-31T11:46:44,706[m [32mINFO  [m[[1;34mhttp-nio-8080-exec-6[m] [36mCalculationServiceImpl[m - End method settleAccountsV1
[30m2026-08-31T11:46:44,706[m [32mINFO  [m[[1;34mhttp-nio-8080-exec-6[m] [36mCalculationServiceImpl[m - PERF_ASSIGNMENT service=calculos operation=settleAccounts result=SUCCESS side=BUY fractionCount=1 totalMs=0 validationMs=0 calculationAndMappingMs=0 dbQueryCount=0
[30m2026-08-31T11:46:44,733[m [32mINFO  [m[[1;34mhttp-nio-8080-exec-8[m] [36mGlobalFilter[m - ----------- Client User: operaciones-orquestador-ext-back ----------
[30m2026-08-31T11:46:44,733[m [32mINFO  [m[[1;34mhttp-nio-8080-exec-8[m] [36mCalculationServiceImpl[m - Start method settleAccountsV1, side -> BUY
[30m2026-08-31T11:46:44,733[m [32mINFO  [m[[1;34mhttp-nio-8080-exec-8[m] [36mCalculationServiceImpl[m - End method settleAccountsV1
[30m2026-08-31T11:46:44,733[m [32mINFO  [m[[1;34mhttp-nio-8080-exec-8[m] [36mCalculationServiceImpl[m - PERF_ASSIGNMENT service=calculos operation=settleAccounts result=SUCCESS side=BUY fractionCount=1 totalMs=0 validationMs=0 calculationAndMappingMs=0 dbQueryCount=0
[30m2026-08-31T11:46:44,759[m [32mINFO  [m[[1;34mhttp-nio-8080-exec-7[m] [36mGlobalFilter[m - ----------- Client User: operaciones-orquestador-ext-back ----------
[30m2026-08-31T11:46:44,760[m [32mINFO  [m[[1;34mhttp-nio-8080-exec-7[m] [36mCalculationServiceImpl[m - Start method settleAccountsV1, side -> BUY
[30m2026-08-31T11:46:44,760[m [32mINFO  [m[[1;34mhttp-nio-8080-exec-7[m] [36mCalculationServiceImpl[m - End method settleAccountsV1
[30m2026-08-31T11:46:44,760[m [32mINFO  [m[[1;34mhttp-nio-8080-exec-7[m] [36mCalculationServiceImpl[m - PERF_ASSIGNMENT service=calculos operation=settleAccounts result=SUCCESS side=BUY fractionCount=1 totalMs=0 validationMs=0 calculationAndMappingMs=0 dbQueryCount=0
[30m2026-08-31T11:46:44,786[m [32mINFO  [m[[1;34mhttp-nio-8080-exec-9[m] [36mGlobalFilter[m - ----------- Client User: operaciones-orquestador-ext-back ----------
[30m2026-08-31T11:46:44,787[m [32mINFO  [m[[1;34mhttp-nio-8080-exec-9[m] [36mCalculationServiceImpl[m - Start method settleAccountsV1, side -> BUY
[30m2026-08-31T11:46:44,787[m [32mINFO  [m[[1;34mhttp-nio-8080-exec-9[m] [36mCalculationServiceImpl[m - End method settleAccountsV1
[30m2026-08-31T11:46:44,787[m [32mINFO  [m[[1;34mhttp-nio-8080-exec-9[m] [36mCalculationServiceImpl[m - PERF_ASSIGNMENT service=calculos operation=settleAccounts result=SUCCESS side=BUY fractionCount=1 totalMs=0 validationMs=0 calculationAndMappingMs=0 dbQueryCount=0
[30m2026-08-31T11:46:44,813[m [32mINFO  [m[[1;34mhttp-nio-8080-exec-2[m] [36mGlobalFilter[m - ----------- Client User: operaciones-orquestador-ext-back ----------
[30m2026-08-31T11:46:44,814[m [32mINFO  [m[[1;34mhttp-nio-8080-exec-2[m] [36mCalculationServiceImpl[m - Start method settleAccountsV1, side -> BUY
[30m2026-08-31T11:46:44,814[m [32mINFO  [m[[1;34mhttp-nio-8080-exec-2[m] [36mCalculationServiceImpl[m - End method settleAccountsV1
[30m2026-08-31T11:46:44,814[m [32mINFO  [m[[1;34mhttp-nio-8080-exec-2[m] [36mCalculationServiceImpl[m - PERF_ASSIGNMENT service=calculos operation=settleAccounts result=SUCCESS side=BUY fractionCount=1 totalMs=0 validationMs=0 calculationAndMappingMs=0 dbQueryCount=0
[30m2026-08-31T11:46:44,840[m [32mINFO  [m[[1;34mhttp-nio-8080-exec-10[m] [36mGlobalFilter[m - ----------- Client User: operaciones-orquestador-ext-back ----------
[30m2026-08-31T11:46:44,840[m [32mINFO  [m[[1;34mhttp-nio-8080-exec-10[m] [36mCalculationServiceImpl[m - Start method settleAccountsV1, side -> BUY
[30m2026-08-31T11:46:44,840[m [32mINFO  [m[[1;34mhttp-nio-8080-exec-10[m] [36mCalculationServiceImpl[m - End method settleAccountsV1
[30m2026-08-31T11:46:44,840[m [32mINFO  [m[[1;34mhttp-nio-8080-exec-10[m] [36mCalculationServiceImpl[m - PERF_ASSIGNMENT service=calculos operation=settleAccounts result=SUCCESS side=BUY fractionCount=1 totalMs=0 validationMs=0 calculationAndMappingMs=0 dbQueryCount=0
[30m2026-08-31T11:46:44,866[m [32mINFO  [m[[1;34mhttp-nio-8080-exec-5[m] [36mGlobalFilter[m - ----------- Client User: operaciones-orquestador-ext-back ----------
[30m2026-08-31T11:46:44,867[m [32mINFO  [m[[1;34mhttp-nio-8080-exec-5[m] [36mCalculationServiceImpl[m - Start method settleAccountsV1, side -> BUY
[30m2026-08-31T11:46:44,867[m [32mINFO  [m[[1;34mhttp-nio-8080-exec-5[m] [36mCalculationServiceImpl[m - End method settleAccountsV1
[30m2026-08-31T11:46:44,867[m [32mINFO  [m[[1;34mhttp-nio-8080-exec-5[m] [36mCalculationServiceImpl[m - PERF_ASSIGNMENT service=calculos operation=settleAccounts result=SUCCESS side=BUY fractionCount=1 totalMs=0 validationMs=0 calculationAndMappingMs=0 dbQueryCount=0
[30m2026-08-31T11:46:44,892[m [32mINFO  [m[[1;34mhttp-nio-8080-exec-1[m] [36mGlobalFilter[m - ----------- Client User: operaciones-orquestador-ext-back ----------
[30m2026-08-31T11:46:44,893[m [32mINFO  [m[[1;34mhttp-nio-8080-exec-1[m] [36mCalculationServiceImpl[m - Start method settleAccountsV1, side -> BUY
[30m2026-08-31T11:46:44,893[m [32mINFO  [m[[1;34mhttp-nio-8080-exec-1[m] [36mCalculationServiceImpl[m - End method settleAccountsV1
[30m2026-08-31T11:46:44,893[m [32mINFO  [m[[1;34mhttp-nio-8080-exec-1[m] [36mCalculationServiceImpl[m - PERF_ASSIGNMENT service=calculos operation=settleAccounts result=SUCCESS side=BUY fractionCount=1 totalMs=0 validationMs=0 calculationAndMappingMs=0 dbQueryCount=0
[30m2026-08-31T11:46:44,918[m [32mINFO  [m[[1;34mhttp-nio-8080-exec-3[m] [36mGlobalFilter[m - ----------- Client User: operaciones-orquestador-ext-back ----------
[30m2026-08-31T11:46:44,918[m [32mINFO  [m[[1;34mhttp-nio-8080-exec-3[m] [36mCalculationServiceImpl[m - Start method settleAccountsV1, side -> BUY
[30m2026-08-31T11:46:44,919[m [32mINFO  [m[[1;34mhttp-nio-8080-exec-3[m] [36mCalculationServiceImpl[m - End method settleAccountsV1
[30m2026-08-31T11:46:44,919[m [32mINFO  [m[[1;34mhttp-nio-8080-exec-3[m] [36mCalculationServiceImpl[m - PERF_ASSIGNMENT service=calculos operation=settleAccounts result=SUCCESS side=BUY fractionCount=1 totalMs=0 validationMs=0 calculationAndMappingMs=0 dbQueryCount=0
[30m2026-08-31T11:46:44,944[m [32mINFO  [m[[1;34mhttp-nio-8080-exec-4[m] [36mGlobalFilter[m - ----------- Client User: operaciones-orquestador-ext-back ----------
[30m2026-08-31T11:46:44,945[m [32mINFO  [m[[1;34mhttp-nio-8080-exec-4[m] [36mCalculationServiceImpl[m - Start method settleAccountsV1, side -> BUY
[30m2026-08-31T11:46:44,945[m [32mINFO  [m[[1;34mhttp-nio-8080-exec-4[m] [36mCalculationServiceImpl[m - End method settleAccountsV1
[30m2026-08-31T11:46:44,945[m [32mINFO  [m[[1;34mhttp-nio-8080-exec-4[m] [36mCalculationServiceImpl[m - PERF_ASSIGNMENT service=calculos operation=settleAccounts result=SUCCESS side=BUY fractionCount=1 totalMs=0 validationMs=0 calculationAndMappingMs=0 dbQueryCount=0
[30m2026-08-31T11:46:44,971[m [32mINFO  [m[[1;34mhttp-nio-8080-exec-6[m] [36mGlobalFilter[m - ----------- Client User: operaciones-orquestador-ext-back ----------
[30m2026-08-31T11:46:44,972[m [32mINFO  [m[[1;34mhttp-nio-8080-exec-6[m] [36mCalculationServiceImpl[m - Start method settleAccountsV1, side -> BUY
[30m2026-08-31T11:46:44,972[m [32mINFO  [m[[1;34mhttp-nio-8080-exec-6[m] [36mCalculationServiceImpl[m - End method settleAccountsV1
[30m2026-08-31T11:46:44,972[m [32mINFO  [m[[1;34mhttp-nio-8080-exec-6[m] [36mCalculationServiceImpl[m - PERF_ASSIGNMENT service=calculos operation=settleAccounts result=SUCCESS side=BUY fractionCount=1 totalMs=0 validationMs=0 calculationAndMappingMs=0 dbQueryCount=0
[30m2026-08-31T11:46:44,998[m [32mINFO  [m[[1;34mhttp-nio-8080-exec-8[m] [36mGlobalFilter[m - ----------- Client User: operaciones-orquestador-ext-back ----------
[30m2026-08-31T11:46:44,998[m [32mINFO  [m[[1;34mhttp-nio-8080-exec-8[m] [36mCalculationServiceImpl[m - Start method settleAccountsV1, side -> BUY
[30m2026-08-31T11:46:44,998[m [32mINFO  [m[[1;34mhttp-nio-8080-exec-8[m] [36mCalculationServiceImpl[m - End method settleAccountsV1
[30m2026-08-31T11:46:44,998[m [32mINFO  [m[[1;34mhttp-nio-8080-exec-8[m] [36mCalculationServiceImpl[m - PERF_ASSIGNMENT service=calculos operation=settleAccounts result=SUCCESS side=BUY fractionCount=1 totalMs=0 validationMs=0 calculationAndMappingMs=0 dbQueryCount=0
[30m2026-08-31T11:46:45,028[m [32mINFO  [m[[1;34mhttp-nio-8080-exec-7[m] [36mGlobalFilter[m - ----------- Client User: operaciones-orquestador-ext-back ----------
[30m2026-08-31T11:46:45,028[m [32mINFO  [m[[1;34mhttp-nio-8080-exec-7[m] [36mCalculationServiceImpl[m - Start method settleAccountsV1, side -> BUY
[30m2026-08-31T11:46:45,029[m [32mINFO  [m[[1;34mhttp-nio-8080-exec-7[m] [36mCalculationServiceImpl[m - End method settleAccountsV1
[30m2026-08-31T11:46:45,029[m [32mINFO  [m[[1;34mhttp-nio-8080-exec-7[m] [36mCalculationServiceImpl[m - PERF_ASSIGNMENT service=calculos operation=settleAccounts result=SUCCESS side=BUY fractionCount=1 totalMs=0 validationMs=0 calculationAndMappingMs=0 dbQueryCount=0
[30m2026-08-31T11:46:45,056[m [32mINFO  [m[[1;34mhttp-nio-8080-exec-9[m] [36mGlobalFilter[m - ----------- Client User: operaciones-orquestador-ext-back ----------
[30m2026-08-31T11:46:45,056[m [32mINFO  [m[[1;34mhttp-nio-8080-exec-9[m] [36mCalculationServiceImpl[m - Start method settleAccountsV1, side -> BUY
[30m2026-08-31T11:46:45,056[m [32mINFO  [m[[1;34mhttp-nio-8080-exec-9[m] [36mCalculationServiceImpl[m - End method settleAccountsV1
[30m2026-08-31T11:46:45,056[m [32mINFO  [m[[1;34mhttp-nio-8080-exec-9[m] [36mCalculationServiceImpl[m - PERF_ASSIGNMENT service=calculos operation=settleAccounts result=SUCCESS side=BUY fractionCount=1 totalMs=0 validationMs=0 calculationAndMappingMs=0 dbQueryCount=0
[30m2026-08-31T11:46:45,083[m [32mINFO  [m[[1;34mhttp-nio-8080-exec-2[m] [36mGlobalFilter[m - ----------- Client User: operaciones-orquestador-ext-back ----------
[30m2026-08-31T11:46:45,084[m [32mINFO  [m[[1;34mhttp-nio-8080-exec-2[m] [36mCalculationServiceImpl[m - Start method settleAccountsV1, side -> BUY
[30m2026-08-31T11:46:45,084[m [32mINFO  [m[[1;34mhttp-nio-8080-exec-2[m] [36mCalculationServiceImpl[m - End method settleAccountsV1
[30m2026-08-31T11:46:45,084[m [32mINFO  [m[[1;34mhttp-nio-8080-exec-2[m] [36mCalculationServiceImpl[m - PERF_ASSIGNMENT service=calculos operation=settleAccounts result=SUCCESS side=BUY fractionCount=1 totalMs=0 validationMs=0 calculationAndMappingMs=0 dbQueryCount=0
[30m2026-08-31T11:46:45,111[m [32mINFO  [m[[1;34mhttp-nio-8080-exec-10[m] [36mGlobalFilter[m - ----------- Client User: operaciones-orquestador-ext-back ----------
[30m2026-08-31T11:46:45,111[m [32mINFO  [m[[1;34mhttp-nio-8080-exec-10[m] [36mCalculationServiceImpl[m - Start method settleAccountsV1, side -> BUY
[30m2026-08-31T11:46:45,111[m [32mINFO  [m[[1;34mhttp-nio-8080-exec-10[m] [36mCalculationServiceImpl[m - End method settleAccountsV1
[30m2026-08-31T11:46:45,112[m [32mINFO  [m[[1;34mhttp-nio-8080-exec-10[m] [36mCalculationServiceImpl[m - PERF_ASSIGNMENT service=calculos operation=settleAccounts result=SUCCESS side=BUY fractionCount=1 totalMs=0 validationMs=0 calculationAndMappingMs=0 dbQueryCount=0
[30m2026-08-31T11:46:45,140[m [32mINFO  [m[[1;34mhttp-nio-8080-exec-5[m] [36mGlobalFilter[m - ----------- Client User: operaciones-orquestador-ext-back ----------
[30m2026-08-31T11:46:45,141[m [32mINFO  [m[[1;34mhttp-nio-8080-exec-5[m] [36mCalculationServiceImpl[m - Start method settleAccountsV1, side -> BUY
[30m2026-08-31T11:46:45,141[m [32mINFO  [m[[1;34mhttp-nio-8080-exec-5[m] [36mCalculationServiceImpl[m - End method settleAccountsV1
[30m2026-08-31T11:46:45,141[m [32mINFO  [m[[1;34mhttp-nio-8080-exec-5[m] [36mCalculationServiceImpl[m - PERF_ASSIGNMENT service=calculos operation=settleAccounts result=SUCCESS side=BUY fractionCount=1 totalMs=0 validationMs=0 calculationAndMappingMs=0 dbQueryCount=0
[30m2026-08-31T11:46:45,168[m [32mINFO  [m[[1;34mhttp-nio-8080-exec-1[m] [36mGlobalFilter[m - ----------- Client User: operaciones-orquestador-ext-back ----------
[30m2026-08-31T11:46:45,169[m [32mINFO  [m[[1;34mhttp-nio-8080-exec-1[m] [36mCalculationServiceImpl[m - Start method settleAccountsV1, side -> BUY
[30m2026-08-31T11:46:45,169[m [32mINFO  [m[[1;34mhttp-nio-8080-exec-1[m] [36mCalculationServiceImpl[m - End method settleAccountsV1
[30m2026-08-31T11:46:45,169[m [32mINFO  [m[[1;34mhttp-nio-8080-exec-1[m] [36mCalculationServiceImpl[m - PERF_ASSIGNMENT service=calculos operation=settleAccounts result=SUCCESS side=BUY fractionCount=1 totalMs=0 validationMs=0 calculationAndMappingMs=0 dbQueryCount=0
[30m2026-08-31T11:46:45,336[m [32mINFO  [m[[1;34mhttp-nio-8080-exec-3[m] [36mGlobalFilter[m - ----------- Client User: operaciones-orquestador-ext-back ----------
[30m2026-08-31T11:46:45,337[m [32mINFO  [m[[1;34mhttp-nio-8080-exec-3[m] [36mCalculationServiceImpl[m - Start method settleAccountsV1, side -> BUY
[30m2026-08-31T11:46:45,337[m [32mINFO  [m[[1;34mhttp-nio-8080-exec-3[m] [36mCalculationServiceImpl[m - End method settleAccountsV1
[30m2026-08-31T11:46:45,337[m [32mINFO  [m[[1;34mhttp-nio-8080-exec-3[m] [36mCalculationServiceImpl[m - PERF_ASSIGNMENT service=calculos operation=settleAccounts result=SUCCESS side=BUY fractionCount=1 totalMs=0 validationMs=0 calculationAndMappingMs=0 dbQueryCount=0
[30m2026-08-31T11:46:45,364[m [32mINFO  [m[[1;34mhttp-nio-8080-exec-4[m] [36mGlobalFilter[m - ----------- Client User: operaciones-orquestador-ext-back ----------
[30m2026-08-31T11:46:45,364[m [32mINFO  [m[[1;34mhttp-nio-8080-exec-4[m] [36mCalculationServiceImpl[m - Start method settleAccountsV1, side -> BUY
[30m2026-08-31T11:46:45,364[m [32mINFO  [m[[1;34mhttp-nio-8080-exec-4[m] [36mCalculationServiceImpl[m - End method settleAccountsV1
[30m2026-08-31T11:46:45,364[m [32mINFO  [m[[1;34mhttp-nio-8080-exec-4[m] [36mCalculationServiceImpl[m - PERF_ASSIGNMENT service=calculos operation=settleAccounts result=SUCCESS side=BUY fractionCount=1 totalMs=0 validationMs=0 calculationAndMappingMs=0 dbQueryCount=0
[30m2026-08-31T11:46:45,391[m [32mINFO  [m[[1;34mhttp-nio-8080-exec-6[m] [36mGlobalFilter[m - ----------- Client User: operaciones-orquestador-ext-back ----------
[30m2026-08-31T11:46:45,392[m [32mINFO  [m[[1;34mhttp-nio-8080-exec-6[m] [36mCalculationServiceImpl[m - Start method settleAccountsV1, side -> BUY
[30m2026-08-31T11:46:45,392[m [32mINFO  [m[[1;34mhttp-nio-8080-exec-6[m] [36mCalculationServiceImpl[m - End method settleAccountsV1
[30m2026-08-31T11:46:45,392[m [32mINFO  [m[[1;34mhttp-nio-8080-exec-6[m] [36mCalculationServiceImpl[m - PERF_ASSIGNMENT service=calculos operation=settleAccounts result=SUCCESS side=BUY fractionCount=1 totalMs=0 validationMs=0 calculationAndMappingMs=0 dbQueryCount=0
[30m2026-08-31T11:46:45,420[m [32mINFO  [m[[1;34mhttp-nio-8080-exec-8[m] [36mGlobalFilter[m - ----------- Client User: operaciones-orquestador-ext-back ----------
[30m2026-08-31T11:46:45,421[m [32mINFO  [m[[1;34mhttp-nio-8080-exec-8[m] [36mCalculationServiceImpl[m - Start method settleAccountsV1, side -> BUY
[30m2026-08-31T11:46:45,421[m [32mINFO  [m[[1;34mhttp-nio-8080-exec-8[m] [36mCalculationServiceImpl[m - End method settleAccountsV1
[30m2026-08-31T11:46:45,421[m [32mINFO  [m[[1;34mhttp-nio-8080-exec-8[m] [36mCalculationServiceImpl[m - PERF_ASSIGNMENT service=calculos operation=settleAccounts result=SUCCESS side=BUY fractionCount=1 totalMs=0 validationMs=0 calculationAndMappingMs=0 dbQueryCount=0
[30m2026-08-31T11:46:45,450[m [32mINFO  [m[[1;34mhttp-nio-8080-exec-7[m] [36mGlobalFilter[m - ----------- Client User: operaciones-orquestador-ext-back ----------
[30m2026-08-31T11:46:45,451[m [32mINFO  [m[[1;34mhttp-nio-8080-exec-7[m] [36mCalculationServiceImpl[m - Start method settleAccountsV1, side -> BUY
[30m2026-08-31T11:46:45,451[m [32mINFO  [m[[1;34mhttp-nio-8080-exec-7[m] [36mCalculationServiceImpl[m - End method settleAccountsV1
[30m2026-08-31T11:46:45,451[m [32mINFO  [m[[1;34mhttp-nio-8080-exec-7[m] [36mCalculationServiceImpl[m - PERF_ASSIGNMENT service=calculos operation=settleAccounts result=SUCCESS side=BUY fractionCount=1 totalMs=0 validationMs=0 calculationAndMappingMs=0 dbQueryCount=0
[30m2026-08-31T11:46:45,477[m [32mINFO  [m[[1;34mhttp-nio-8080-exec-9[m] [36mGlobalFilter[m - ----------- Client User: operaciones-orquestador-ext-back ----------
[30m2026-08-31T11:46:45,477[m [32mINFO  [m[[1;34mhttp-nio-8080-exec-9[m] [36mCalculationServiceImpl[m - Start method settleAccountsV1, side -> BUY
[30m2026-08-31T11:46:45,477[m [32mINFO  [m[[1;34mhttp-nio-8080-exec-9[m] [36mCalculationServiceImpl[m - End method settleAccountsV1
[30m2026-08-31T11:46:45,477[m [32mINFO  [m[[1;34mhttp-nio-8080-exec-9[m] [36mCalculationServiceImpl[m - PERF_ASSIGNMENT service=calculos operation=settleAccounts result=SUCCESS side=BUY fractionCount=1 totalMs=0 validationMs=0 calculationAndMappingMs=0 dbQueryCount=0
[30m2026-08-31T11:46:45,504[m [32mINFO  [m[[1;34mhttp-nio-8080-exec-2[m] [36mGlobalFilter[m - ----------- Client User: operaciones-orquestador-ext-back ----------
[30m2026-08-31T11:46:45,504[m [32mINFO  [m[[1;34mhttp-nio-8080-exec-2[m] [36mCalculationServiceImpl[m - Start method settleAccountsV1, side -> BUY
[30m2026-08-31T11:46:45,504[m [32mINFO  [m[[1;34mhttp-nio-8080-exec-2[m] [36mCalculationServiceImpl[m - End method settleAccountsV1
[30m2026-08-31T11:46:45,505[m [32mINFO  [m[[1;34mhttp-nio-8080-exec-2[m] [36mCalculationServiceImpl[m - PERF_ASSIGNMENT service=calculos operation=settleAccounts result=SUCCESS side=BUY fractionCount=1 totalMs=0 validationMs=0 calculationAndMappingMs=0 dbQueryCount=0
[30m2026-08-31T11:46:45,531[m [32mINFO  [m[[1;34mhttp-nio-8080-exec-10[m] [36mGlobalFilter[m - ----------- Client User: operaciones-orquestador-ext-back ----------
[30m2026-08-31T11:46:45,531[m [32mINFO  [m[[1;34mhttp-nio-8080-exec-10[m] [36mCalculationServiceImpl[m - Start method settleAccountsV1, side -> BUY
[30m2026-08-31T11:46:45,531[m [32mINFO  [m[[1;34mhttp-nio-8080-exec-10[m] [36mCalculationServiceImpl[m - End method settleAccountsV1
[30m2026-08-31T11:46:45,531[m [32mINFO  [m[[1;34mhttp-nio-8080-exec-10[m] [36mCalculationServiceImpl[m - PERF_ASSIGNMENT service=calculos operation=settleAccounts result=SUCCESS side=BUY fractionCount=1 totalMs=0 validationMs=0 calculationAndMappingMs=0 dbQueryCount=0
[30m2026-08-31T11:46:45,557[m [32mINFO  [m[[1;34mhttp-nio-8080-exec-5[m] [36mGlobalFilter[m - ----------- Client User: operaciones-orquestador-ext-back ----------
[30m2026-08-31T11:46:45,557[m [32mINFO  [m[[1;34mhttp-nio-8080-exec-5[m] [36mCalculationServiceImpl[m - Start method settleAccountsV1, side -> BUY
[30m2026-08-31T11:46:45,557[m [32mINFO  [m[[1;34mhttp-nio-8080-exec-5[m] [36mCalculationServiceImpl[m - End method settleAccountsV1
[30m2026-08-31T11:46:45,557[m [32mINFO  [m[[1;34mhttp-nio-8080-exec-5[m] [36mCalculationServiceImpl[m - PERF_ASSIGNMENT service=calculos operation=settleAccounts result=SUCCESS side=BUY fractionCount=1 totalMs=0 validationMs=0 calculationAndMappingMs=0 dbQueryCount=0
[30m2026-08-31T11:46:45,585[m [32mINFO  [m[[1;34mhttp-nio-8080-exec-1[m] [36mGlobalFilter[m - ----------- Client User: operaciones-orquestador-ext-back ----------
[30m2026-08-31T11:46:45,585[m [32mINFO  [m[[1;34mhttp-nio-8080-exec-1[m] [36mCalculationServiceImpl[m - Start method settleAccountsV1, side -> BUY
[30m2026-08-31T11:46:45,585[m [32mINFO  [m[[1;34mhttp-nio-8080-exec-1[m] [36mCalculationServiceImpl[m - End method settleAccountsV1
[30m2026-08-31T11:46:45,585[m [32mINFO  [m[[1;34mhttp-nio-8080-exec-1[m] [36mCalculationServiceImpl[m - PERF_ASSIGNMENT service=calculos operation=settleAccounts result=SUCCESS side=BUY fractionCount=1 totalMs=0 validationMs=0 calculationAndMappingMs=0 dbQueryCount=0
[30m2026-08-31T11:46:45,611[m [32mINFO  [m[[1;34mhttp-nio-8080-exec-3[m] [36mGlobalFilter[m - ----------- Client User: operaciones-orquestador-ext-back ----------
[30m2026-08-31T11:46:45,612[m [32mINFO  [m[[1;34mhttp-nio-8080-exec-3[m] [36mCalculationServiceImpl[m - Start method settleAccountsV1, side -> BUY
[30m2026-08-31T11:46:45,612[m [32mINFO  [m[[1;34mhttp-nio-8080-exec-3[m] [36mCalculationServiceImpl[m - End method settleAccountsV1
[30m2026-08-31T11:46:45,612[m [32mINFO  [m[[1;34mhttp-nio-8080-exec-3[m] [36mCalculationServiceImpl[m - PERF_ASSIGNMENT service=calculos operation=settleAccounts result=SUCCESS side=BUY fractionCount=1 totalMs=0 validationMs=0 calculationAndMappingMs=0 dbQueryCount=0
[30m2026-08-31T11:46:45,639[m [32mINFO  [m[[1;34mhttp-nio-8080-exec-4[m] [36mGlobalFilter[m - ----------- Client User: operaciones-orquestador-ext-back ----------
[30m2026-08-31T11:46:45,639[m [32mINFO  [m[[1;34mhttp-nio-8080-exec-4[m] [36mCalculationServiceImpl[m - Start method settleAccountsV1, side -> BUY
[30m2026-08-31T11:46:45,639[m [32mINFO  [m[[1;34mhttp-nio-8080-exec-4[m] [36mCalculationServiceImpl[m - End method settleAccountsV1
[30m2026-08-31T11:46:45,639[m [32mINFO  [m[[1;34mhttp-nio-8080-exec-4[m] [36mCalculationServiceImpl[m - PERF_ASSIGNMENT service=calculos operation=settleAccounts result=SUCCESS side=BUY fractionCount=1 totalMs=0 validationMs=0 calculationAndMappingMs=0 dbQueryCount=0
[30m2026-08-31T11:46:45,665[m [32mINFO  [m[[1;34mhttp-nio-8080-exec-6[m] [36mGlobalFilter[m - ----------- Client User: operaciones-orquestador-ext-back ----------
[30m2026-08-31T11:46:45,666[m [32mINFO  [m[[1;34mhttp-nio-8080-exec-6[m] [36mCalculationServiceImpl[m - Start method settleAccountsV1, side -> BUY
[30m2026-08-31T11:46:45,666[m [32mINFO  [m[[1;34mhttp-nio-8080-exec-6[m] [36mCalculationServiceImpl[m - End method settleAccountsV1
[30m2026-08-31T11:46:45,666[m [32mINFO  [m[[1;34mhttp-nio-8080-exec-6[m] [36mCalculationServiceImpl[m - PERF_ASSIGNMENT service=calculos operation=settleAccounts result=SUCCESS side=BUY fractionCount=1 totalMs=0 validationMs=0 calculationAndMappingMs=0 dbQueryCount=0
[30m2026-08-31T11:46:45,691[m [32mINFO  [m[[1;34mhttp-nio-8080-exec-8[m] [36mGlobalFilter[m - ----------- Client User: operaciones-orquestador-ext-back ----------
[30m2026-08-31T11:46:45,692[m [32mINFO  [m[[1;34mhttp-nio-8080-exec-8[m] [36mCalculationServiceImpl[m - Start method settleAccountsV1, side -> BUY
[30m2026-08-31T11:46:45,692[m [32mINFO  [m[[1;34mhttp-nio-8080-exec-8[m] [36mCalculationServiceImpl[m - End method settleAccountsV1
[30m2026-08-31T11:46:45,692[m [32mINFO  [m[[1;34mhttp-nio-8080-exec-8[m] [36mCalculationServiceImpl[m - PERF_ASSIGNMENT service=calculos operation=settleAccounts result=SUCCESS side=BUY fractionCount=1 totalMs=0 validationMs=0 calculationAndMappingMs=0 dbQueryCount=0
[30m2026-08-31T11:46:45,717[m [32mINFO  [m[[1;34mhttp-nio-8080-exec-7[m] [36mGlobalFilter[m - ----------- Client User: operaciones-orquestador-ext-back ----------
[30m2026-08-31T11:46:45,717[m [32mINFO  [m[[1;34mhttp-nio-8080-exec-7[m] [36mCalculationServiceImpl[m - Start method settleAccountsV1, side -> BUY
[30m2026-08-31T11:46:45,717[m [32mINFO  [m[[1;34mhttp-nio-8080-exec-7[m] [36mCalculationServiceImpl[m - End method settleAccountsV1
[30m2026-08-31T11:46:45,717[m [32mINFO  [m[[1;34mhttp-nio-8080-exec-7[m] [36mCalculationServiceImpl[m - PERF_ASSIGNMENT service=calculos operation=settleAccounts result=SUCCESS side=BUY fractionCount=1 totalMs=0 validationMs=0 calculationAndMappingMs=0 dbQueryCount=0
[30m2026-08-31T11:46:45,744[m [32mINFO  [m[[1;34mhttp-nio-8080-exec-9[m] [36mGlobalFilter[m - ----------- Client User: operaciones-orquestador-ext-back ----------
[30m2026-08-31T11:46:45,744[m [32mINFO  [m[[1;34mhttp-nio-8080-exec-9[m] [36mCalculationServiceImpl[m - Start method settleAccountsV1, side -> BUY
[30m2026-08-31T11:46:45,744[m [32mINFO  [m[[1;34mhttp-nio-8080-exec-9[m] [36mCalculationServiceImpl[m - End method settleAccountsV1
[30m2026-08-31T11:46:45,744[m [32mINFO  [m[[1;34mhttp-nio-8080-exec-9[m] [36mCalculationServiceImpl[m - PERF_ASSIGNMENT service=calculos operation=settleAccounts result=SUCCESS side=BUY fractionCount=1 totalMs=0 validationMs=0 calculationAndMappingMs=0 dbQueryCount=0
[30m2026-08-31T11:46:45,771[m [32mINFO  [m[[1;34mhttp-nio-8080-exec-2[m] [36mGlobalFilter[m - ----------- Client User: operaciones-orquestador-ext-back ----------
[30m2026-08-31T11:46:45,771[m [32mINFO  [m[[1;34mhttp-nio-8080-exec-2[m] [36mCalculationServiceImpl[m - Start method settleAccountsV1, side -> BUY
[30m2026-08-31T11:46:45,772[m [32mINFO  [m[[1;34mhttp-nio-8080-exec-2[m] [36mCalculationServiceImpl[m - End method settleAccountsV1
[30m2026-08-31T11:46:45,772[m [32mINFO  [m[[1;34mhttp-nio-8080-exec-2[m] [36mCalculationServiceImpl[m - PERF_ASSIGNMENT service=calculos operation=settleAccounts result=SUCCESS side=BUY fractionCount=1 totalMs=0 validationMs=0 calculationAndMappingMs=0 dbQueryCount=0
[30m2026-08-31T11:46:45,798[m [32mINFO  [m[[1;34mhttp-nio-8080-exec-10[m] [36mGlobalFilter[m - ----------- Client User: operaciones-orquestador-ext-back ----------
[30m2026-08-31T11:46:45,798[m [32mINFO  [m[[1;34mhttp-nio-8080-exec-10[m] [36mCalculationServiceImpl[m - Start method settleAccountsV1, side -> BUY
[30m2026-08-31T11:46:45,798[m [32mINFO  [m[[1;34mhttp-nio-8080-exec-10[m] [36mCalculationServiceImpl[m - End method settleAccountsV1
[30m2026-08-31T11:46:45,798[m [32mINFO  [m[[1;34mhttp-nio-8080-exec-10[m] [36mCalculationServiceImpl[m - PERF_ASSIGNMENT service=calculos operation=settleAccounts result=SUCCESS side=BUY fractionCount=1 totalMs=0 validationMs=0 calculationAndMappingMs=0 dbQueryCount=0
[30m2026-08-31T11:46:45,825[m [32mINFO  [m[[1;34mhttp-nio-8080-exec-5[m] [36mGlobalFilter[m - ----------- Client User: operaciones-orquestador-ext-back ----------
[30m2026-08-31T11:46:45,825[m [32mINFO  [m[[1;34mhttp-nio-8080-exec-5[m] [36mCalculationServiceImpl[m - Start method settleAccountsV1, side -> BUY
[30m2026-08-31T11:46:45,825[m [32mINFO  [m[[1;34mhttp-nio-8080-exec-5[m] [36mCalculationServiceImpl[m - End method settleAccountsV1
[30m2026-08-31T11:46:45,825[m [32mINFO  [m[[1;34mhttp-nio-8080-exec-5[m] [36mCalculationServiceImpl[m - PERF_ASSIGNMENT service=calculos operation=settleAccounts result=SUCCESS side=BUY fractionCount=1 totalMs=0 validationMs=0 calculationAndMappingMs=0 dbQueryCount=0
[30m2026-08-31T11:46:45,858[m [32mINFO  [m[[1;34mhttp-nio-8080-exec-1[m] [36mGlobalFilter[m - ----------- Client User: operaciones-orquestador-ext-back ----------
[30m2026-08-31T11:46:45,858[m [32mINFO  [m[[1;34mhttp-nio-8080-exec-1[m] [36mCalculationServiceImpl[m - Start method settleAccountsV1, side -> BUY
[30m2026-08-31T11:46:45,858[m [32mINFO  [m[[1;34mhttp-nio-8080-exec-1[m] [36mCalculationServiceImpl[m - End method settleAccountsV1
[30m2026-08-31T11:46:45,858[m [32mINFO  [m[[1;34mhttp-nio-8080-exec-1[m] [36mCalculationServiceImpl[m - PERF_ASSIGNMENT service=calculos operation=settleAccounts result=SUCCESS side=BUY fractionCount=1 totalMs=0 validationMs=0 calculationAndMappingMs=0 dbQueryCount=0
[30m2026-08-31T11:46:45,884[m [32mINFO  [m[[1;34mhttp-nio-8080-exec-3[m] [36mGlobalFilter[m - ----------- Client User: operaciones-orquestador-ext-back ----------
[30m2026-08-31T11:46:45,885[m [32mINFO  [m[[1;34mhttp-nio-8080-exec-3[m] [36mCalculationServiceImpl[m - Start method settleAccountsV1, side -> BUY
[30m2026-08-31T11:46:45,885[m [32mINFO  [m[[1;34mhttp-nio-8080-exec-3[m] [36mCalculationServiceImpl[m - End method settleAccountsV1
[30m2026-08-31T11:46:45,885[m [32mINFO  [m[[1;34mhttp-nio-8080-exec-3[m] [36mCalculationServiceImpl[m - PERF_ASSIGNMENT service=calculos operation=settleAccounts result=SUCCESS side=BUY fractionCount=1 totalMs=0 validationMs=0 calculationAndMappingMs=0 dbQueryCount=0
[30m2026-08-31T11:46:45,912[m [32mINFO  [m[[1;34mhttp-nio-8080-exec-4[m] [36mGlobalFilter[m - ----------- Client User: operaciones-orquestador-ext-back ----------
[30m2026-08-31T11:46:45,913[m [32mINFO  [m[[1;34mhttp-nio-8080-exec-4[m] [36mCalculationServiceImpl[m - Start method settleAccountsV1, side -> BUY
[30m2026-08-31T11:46:45,913[m [32mINFO  [m[[1;34mhttp-nio-8080-exec-4[m] [36mCalculationServiceImpl[m - End method settleAccountsV1
[30m2026-08-31T11:46:45,913[m [32mINFO  [m[[1;34mhttp-nio-8080-exec-4[m] [36mCalculationServiceImpl[m - PERF_ASSIGNMENT service=calculos operation=settleAccounts result=SUCCESS side=BUY fractionCount=1 totalMs=0 validationMs=0 calculationAndMappingMs=0 dbQueryCount=0
[30m2026-08-31T11:46:45,938[m [32mINFO  [m[[1;34mhttp-nio-8080-exec-6[m] [36mGlobalFilter[m - ----------- Client User: operaciones-orquestador-ext-back ----------
[30m2026-08-31T11:46:45,939[m [32mINFO  [m[[1;34mhttp-nio-8080-exec-6[m] [36mCalculationServiceImpl[m - Start method settleAccountsV1, side -> BUY
[30m2026-08-31T11:46:45,939[m [32mINFO  [m[[1;34mhttp-nio-8080-exec-6[m] [36mCalculationServiceImpl[m - End method settleAccountsV1
[30m2026-08-31T11:46:45,939[m [32mINFO  [m[[1;34mhttp-nio-8080-exec-6[m] [36mCalculationServiceImpl[m - PERF_ASSIGNMENT service=calculos operation=settleAccounts result=SUCCESS side=BUY fractionCount=1 totalMs=0 validationMs=0 calculationAndMappingMs=0 dbQueryCount=0
[30m2026-08-31T11:46:45,964[m [32mINFO  [m[[1;34mhttp-nio-8080-exec-8[m] [36mGlobalFilter[m - ----------- Client User: operaciones-orquestador-ext-back ----------
[30m2026-08-31T11:46:45,965[m [32mINFO  [m[[1;34mhttp-nio-8080-exec-8[m] [36mCalculationServiceImpl[m - Start method settleAccountsV1, side -> BUY
[30m2026-08-31T11:46:45,965[m [32mINFO  [m[[1;34mhttp-nio-8080-exec-8[m] [36mCalculationServiceImpl[m - End method settleAccountsV1
[30m2026-08-31T11:46:45,965[m [32mINFO  [m[[1;34mhttp-nio-8080-exec-8[m] [36mCalculationServiceImpl[m - PERF_ASSIGNMENT service=calculos operation=settleAccounts result=SUCCESS side=BUY fractionCount=1 totalMs=0 validationMs=0 calculationAndMappingMs=0 dbQueryCount=0
[30m2026-08-31T11:46:45,991[m [32mINFO  [m[[1;34mhttp-nio-8080-exec-7[m] [36mGlobalFilter[m - ----------- Client User: operaciones-orquestador-ext-back ----------
[30m2026-08-31T11:46:45,992[m [32mINFO  [m[[1;34mhttp-nio-8080-exec-7[m] [36mCalculationServiceImpl[m - Start method settleAccountsV1, side -> BUY
[30m2026-08-31T11:46:45,992[m [32mINFO  [m[[1;34mhttp-nio-8080-exec-7[m] [36mCalculationServiceImpl[m - End method settleAccountsV1
[30m2026-08-31T11:46:45,992[m [32mINFO  [m[[1;34mhttp-nio-8080-exec-7[m] [36mCalculationServiceImpl[m - PERF_ASSIGNMENT service=calculos operation=settleAccounts result=SUCCESS side=BUY fractionCount=1 totalMs=0 validationMs=0 calculationAndMappingMs=0 dbQueryCount=0
[30m2026-08-31T11:46:46,017[m [32mINFO  [m[[1;34mhttp-nio-8080-exec-9[m] [36mGlobalFilter[m - ----------- Client User: operaciones-orquestador-ext-back ----------
[30m2026-08-31T11:46:46,018[m [32mINFO  [m[[1;34mhttp-nio-8080-exec-9[m] [36mCalculationServiceImpl[m - Start method settleAccountsV1, side -> BUY
[30m2026-08-31T11:46:46,018[m [32mINFO  [m[[1;34mhttp-nio-8080-exec-9[m] [36mCalculationServiceImpl[m - End method settleAccountsV1
[30m2026-08-31T11:46:46,018[m [32mINFO  [m[[1;34mhttp-nio-8080-exec-9[m] [36mCalculationServiceImpl[m - PERF_ASSIGNMENT service=calculos operation=settleAccounts result=SUCCESS side=BUY fractionCount=1 totalMs=0 validationMs=0 calculationAndMappingMs=0 dbQueryCount=0
[30m2026-08-31T11:46:46,043[m [32mINFO  [m[[1;34mhttp-nio-8080-exec-2[m] [36mGlobalFilter[m - ----------- Client User: operaciones-orquestador-ext-back ----------
[30m2026-08-31T11:46:46,044[m [32mINFO  [m[[1;34mhttp-nio-8080-exec-2[m] [36mCalculationServiceImpl[m - Start method settleAccountsV1, side -> BUY
[30m2026-08-31T11:46:46,044[m [32mINFO  [m[[1;34mhttp-nio-8080-exec-2[m] [36mCalculationServiceImpl[m - End method settleAccountsV1
[30m2026-08-31T11:46:46,044[m [32mINFO  [m[[1;34mhttp-nio-8080-exec-2[m] [36mCalculationServiceImpl[m - PERF_ASSIGNMENT service=calculos operation=settleAccounts result=SUCCESS side=BUY fractionCount=1 totalMs=0 validationMs=0 calculationAndMappingMs=0 dbQueryCount=0
[30m2026-08-31T11:46:46,070[m [32mINFO  [m[[1;34mhttp-nio-8080-exec-10[m] [36mGlobalFilter[m - ----------- Client User: operaciones-orquestador-ext-back ----------
[30m2026-08-31T11:46:46,070[m [32mINFO  [m[[1;34mhttp-nio-8080-exec-10[m] [36mCalculationServiceImpl[m - Start method settleAccountsV1, side -> BUY
[30m2026-08-31T11:46:46,071[m [32mINFO  [m[[1;34mhttp-nio-8080-exec-10[m] [36mCalculationServiceImpl[m - End method settleAccountsV1
[30m2026-08-31T11:46:46,071[m [32mINFO  [m[[1;34mhttp-nio-8080-exec-10[m] [36mCalculationServiceImpl[m - PERF_ASSIGNMENT service=calculos operation=settleAccounts result=SUCCESS side=BUY fractionCount=1 totalMs=0 validationMs=0 calculationAndMappingMs=0 dbQueryCount=0
[30m2026-08-31T11:46:46,097[m [32mINFO  [m[[1;34mhttp-nio-8080-exec-5[m] [36mGlobalFilter[m - ----------- Client User: operaciones-orquestador-ext-back ----------
[30m2026-08-31T11:46:46,097[m [32mINFO  [m[[1;34mhttp-nio-8080-exec-5[m] [36mCalculationServiceImpl[m - Start method settleAccountsV1, side -> BUY
[30m2026-08-31T11:46:46,097[m [32mINFO  [m[[1;34mhttp-nio-8080-exec-5[m] [36mCalculationServiceImpl[m - End method settleAccountsV1
[30m2026-08-31T11:46:46,097[m [32mINFO  [m[[1;34mhttp-nio-8080-exec-5[m] [36mCalculationServiceImpl[m - PERF_ASSIGNMENT service=calculos operation=settleAccounts result=SUCCESS side=BUY fractionCount=1 totalMs=0 validationMs=0 calculationAndMappingMs=0 dbQueryCount=0
[30m2026-08-31T11:46:46,123[m [32mINFO  [m[[1;34mhttp-nio-8080-exec-1[m] [36mGlobalFilter[m - ----------- Client User: operaciones-orquestador-ext-back ----------
[30m2026-08-31T11:46:46,123[m [32mINFO  [m[[1;34mhttp-nio-8080-exec-1[m] [36mCalculationServiceImpl[m - Start method settleAccountsV1, side -> BUY
[30m2026-08-31T11:46:46,124[m [32mINFO  [m[[1;34mhttp-nio-8080-exec-1[m] [36mCalculationServiceImpl[m - End method settleAccountsV1
[30m2026-08-31T11:46:46,124[m [32mINFO  [m[[1;34mhttp-nio-8080-exec-1[m] [36mCalculationServiceImpl[m - PERF_ASSIGNMENT service=calculos operation=settleAccounts result=SUCCESS side=BUY fractionCount=1 totalMs=0 validationMs=0 calculationAndMappingMs=0 dbQueryCount=0
[30m2026-08-31T11:46:46,150[m [32mINFO  [m[[1;34mhttp-nio-8080-exec-3[m] [36mGlobalFilter[m - ----------- Client User: operaciones-orquestador-ext-back ----------
[30m2026-08-31T11:46:46,150[m [32mINFO  [m[[1;34mhttp-nio-8080-exec-3[m] [36mCalculationServiceImpl[m - Start method settleAccountsV1, side -> BUY
[30m2026-08-31T11:46:46,151[m [32mINFO  [m[[1;34mhttp-nio-8080-exec-3[m] [36mCalculationServiceImpl[m - End method settleAccountsV1
[30m2026-08-31T11:46:46,151[m [32mINFO  [m[[1;34mhttp-nio-8080-exec-3[m] [36mCalculationServiceImpl[m - PERF_ASSIGNMENT service=calculos operation=settleAccounts result=SUCCESS side=BUY fractionCount=1 totalMs=0 validationMs=0 calculationAndMappingMs=0 dbQueryCount=0
[30m2026-08-31T11:46:46,175[m [32mINFO  [m[[1;34mhttp-nio-8080-exec-4[m] [36mGlobalFilter[m - ----------- Client User: operaciones-orquestador-ext-back ----------
[30m2026-08-31T11:46:46,176[m [32mINFO  [m[[1;34mhttp-nio-8080-exec-4[m] [36mCalculationServiceImpl[m - Start method settleAccountsV1, side -> BUY
[30m2026-08-31T11:46:46,176[m [32mINFO  [m[[1;34mhttp-nio-8080-exec-4[m] [36mCalculationServiceImpl[m - End method settleAccountsV1
[30m2026-08-31T11:46:46,176[m [32mINFO  [m[[1;34mhttp-nio-8080-exec-4[m] [36mCalculationServiceImpl[m - PERF_ASSIGNMENT service=calculos operation=settleAccounts result=SUCCESS side=BUY fractionCount=1 totalMs=0 validationMs=0 calculationAndMappingMs=0 dbQueryCount=0
[30m2026-08-31T11:46:46,202[m [32mINFO  [m[[1;34mhttp-nio-8080-exec-6[m] [36mGlobalFilter[m - ----------- Client User: operaciones-orquestador-ext-back ----------
[30m2026-08-31T11:46:46,202[m [32mINFO  [m[[1;34mhttp-nio-8080-exec-6[m] [36mCalculationServiceImpl[m - Start method settleAccountsV1, side -> BUY
[30m2026-08-31T11:46:46,202[m [32mINFO  [m[[1;34mhttp-nio-8080-exec-6[m] [36mCalculationServiceImpl[m - End method settleAccountsV1
[30m2026-08-31T11:46:46,203[m [32mINFO  [m[[1;34mhttp-nio-8080-exec-6[m] [36mCalculationServiceImpl[m - PERF_ASSIGNMENT service=calculos operation=settleAccounts result=SUCCESS side=BUY fractionCount=1 totalMs=0 validationMs=0 calculationAndMappingMs=0 dbQueryCount=0
[30m2026-08-31T11:46:46,229[m [32mINFO  [m[[1;34mhttp-nio-8080-exec-8[m] [36mGlobalFilter[m - ----------- Client User: operaciones-orquestador-ext-back ----------
[30m2026-08-31T11:46:46,230[m [32mINFO  [m[[1;34mhttp-nio-8080-exec-8[m] [36mCalculationServiceImpl[m - Start method settleAccountsV1, side -> BUY
[30m2026-08-31T11:46:46,230[m [32mINFO  [m[[1;34mhttp-nio-8080-exec-8[m] [36mCalculationServiceImpl[m - End method settleAccountsV1
[30m2026-08-31T11:46:46,230[m [32mINFO  [m[[1;34mhttp-nio-8080-exec-8[m] [36mCalculationServiceImpl[m - PERF_ASSIGNMENT service=calculos operation=settleAccounts result=SUCCESS side=BUY fractionCount=1 totalMs=0 validationMs=0 calculationAndMappingMs=0 dbQueryCount=0
[30m2026-08-31T11:46:46,258[m [32mINFO  [m[[1;34mhttp-nio-8080-exec-7[m] [36mGlobalFilter[m - ----------- Client User: operaciones-orquestador-ext-back ----------
[30m2026-08-31T11:46:46,258[m [32mINFO  [m[[1;34mhttp-nio-8080-exec-7[m] [36mCalculationServiceImpl[m - Start method settleAccountsV1, side -> BUY
[30m2026-08-31T11:46:46,258[m [32mINFO  [m[[1;34mhttp-nio-8080-exec-7[m] [36mCalculationServiceImpl[m - End method settleAccountsV1
[30m2026-08-31T11:46:46,258[m [32mINFO  [m[[1;34mhttp-nio-8080-exec-7[m] [36mCalculationServiceImpl[m - PERF_ASSIGNMENT service=calculos operation=settleAccounts result=SUCCESS side=BUY fractionCount=1 totalMs=0 validationMs=0 calculationAndMappingMs=0 dbQueryCount=0
[30m2026-08-31T11:46:46,285[m [32mINFO  [m[[1;34mhttp-nio-8080-exec-9[m] [36mGlobalFilter[m - ----------- Client User: operaciones-orquestador-ext-back ----------
[30m2026-08-31T11:46:46,285[m [32mINFO  [m[[1;34mhttp-nio-8080-exec-9[m] [36mCalculationServiceImpl[m - Start method settleAccountsV1, side -> BUY
[30m2026-08-31T11:46:46,285[m [32mINFO  [m[[1;34mhttp-nio-8080-exec-9[m] [36mCalculationServiceImpl[m - End method settleAccountsV1
[30m2026-08-31T11:46:46,285[m [32mINFO  [m[[1;34mhttp-nio-8080-exec-9[m] [36mCalculationServiceImpl[m - PERF_ASSIGNMENT service=calculos operation=settleAccounts result=SUCCESS side=BUY fractionCount=1 totalMs=0 validationMs=0 calculationAndMappingMs=0 dbQueryCount=0
[30m2026-08-31T11:46:46,313[m [32mINFO  [m[[1;34mhttp-nio-8080-exec-2[m] [36mGlobalFilter[m - ----------- Client User: operaciones-orquestador-ext-back ----------
[30m2026-08-31T11:46:46,314[m [32mINFO  [m[[1;34mhttp-nio-8080-exec-2[m] [36mCalculationServiceImpl[m - Start method settleAccountsV1, side -> BUY
[30m2026-08-31T11:46:46,314[m [32mINFO  [m[[1;34mhttp-nio-8080-exec-2[m] [36mCalculationServiceImpl[m - End method settleAccountsV1
[30m2026-08-31T11:46:46,314[m [32mINFO  [m[[1;34mhttp-nio-8080-exec-2[m] [36mCalculationServiceImpl[m - PERF_ASSIGNMENT service=calculos operation=settleAccounts result=SUCCESS side=BUY fractionCount=1 totalMs=0 validationMs=0 calculationAndMappingMs=0 dbQueryCount=0
[30m2026-08-31T11:46:46,341[m [32mINFO  [m[[1;34mhttp-nio-8080-exec-10[m] [36mGlobalFilter[m - ----------- Client User: operaciones-orquestador-ext-back ----------
[30m2026-08-31T11:46:46,341[m [32mINFO  [m[[1;34mhttp-nio-8080-exec-10[m] [36mCalculationServiceImpl[m - Start method settleAccountsV1, side -> BUY
[30m2026-08-31T11:46:46,341[m [32mINFO  [m[[1;34mhttp-nio-8080-exec-10[m] [36mCalculationServiceImpl[m - End method settleAccountsV1
[30m2026-08-31T11:46:46,341[m [32mINFO  [m[[1;34mhttp-nio-8080-exec-10[m] [36mCalculationServiceImpl[m - PERF_ASSIGNMENT service=calculos operation=settleAccounts result=SUCCESS side=BUY fractionCount=1 totalMs=0 validationMs=0 calculationAndMappingMs=0 dbQueryCount=0
[30m2026-08-31T11:46:46,369[m [32mINFO  [m[[1;34mhttp-nio-8080-exec-5[m] [36mGlobalFilter[m - ----------- Client User: operaciones-orquestador-ext-back ----------
[30m2026-08-31T11:46:46,369[m [32mINFO  [m[[1;34mhttp-nio-8080-exec-5[m] [36mCalculationServiceImpl[m - Start method settleAccountsV1, side -> BUY
[30m2026-08-31T11:46:46,369[m [32mINFO  [m[[1;34mhttp-nio-8080-exec-5[m] [36mCalculationServiceImpl[m - End method settleAccountsV1
[30m2026-08-31T11:46:46,369[m [32mINFO  [m[[1;34mhttp-nio-8080-exec-5[m] [36mCalculationServiceImpl[m - PERF_ASSIGNMENT service=calculos operation=settleAccounts result=SUCCESS side=BUY fractionCount=1 totalMs=0 validationMs=0 calculationAndMappingMs=0 dbQueryCount=0
[30m2026-08-31T11:46:46,397[m [32mINFO  [m[[1;34mhttp-nio-8080-exec-1[m] [36mGlobalFilter[m - ----------- Client User: operaciones-orquestador-ext-back ----------
[30m2026-08-31T11:46:46,397[m [32mINFO  [m[[1;34mhttp-nio-8080-exec-1[m] [36mCalculationServiceImpl[m - Start method settleAccountsV1, side -> BUY
[30m2026-08-31T11:46:46,397[m [32mINFO  [m[[1;34mhttp-nio-8080-exec-1[m] [36mCalculationServiceImpl[m - End method settleAccountsV1
[30m2026-08-31T11:46:46,397[m [32mINFO  [m[[1;34mhttp-nio-8080-exec-1[m] [36mCalculationServiceImpl[m - PERF_ASSIGNMENT service=calculos operation=settleAccounts result=SUCCESS side=BUY fractionCount=1 totalMs=0 validationMs=0 calculationAndMappingMs=0 dbQueryCount=0
[30m2026-08-31T11:46:46,422[m [32mINFO  [m[[1;34mhttp-nio-8080-exec-3[m] [36mGlobalFilter[m - ----------- Client User: operaciones-orquestador-ext-back ----------
[30m2026-08-31T11:46:46,423[m [32mINFO  [m[[1;34mhttp-nio-8080-exec-3[m] [36mCalculationServiceImpl[m - Start method settleAccountsV1, side -> BUY
[30m2026-08-31T11:46:46,423[m [32mINFO  [m[[1;34mhttp-nio-8080-exec-3[m] [36mCalculationServiceImpl[m - End method settleAccountsV1
[30m2026-08-31T11:46:46,423[m [32mINFO  [m[[1;34mhttp-nio-8080-exec-3[m] [36mCalculationServiceImpl[m - PERF_ASSIGNMENT service=calculos operation=settleAccounts result=SUCCESS side=BUY fractionCount=1 totalMs=0 validationMs=0 calculationAndMappingMs=0 dbQueryCount=0
[30m2026-08-31T11:46:46,449[m [32mINFO  [m[[1;34mhttp-nio-8080-exec-4[m] [36mGlobalFilter[m - ----------- Client User: operaciones-orquestador-ext-back ----------
[30m2026-08-31T11:46:46,449[m [32mINFO  [m[[1;34mhttp-nio-8080-exec-4[m] [36mCalculationServiceImpl[m - Start method settleAccountsV1, side -> BUY
[30m2026-08-31T11:46:46,449[m [32mINFO  [m[[1;34mhttp-nio-8080-exec-4[m] [36mCalculationServiceImpl[m - End method settleAccountsV1
[30m2026-08-31T11:46:46,449[m [32mINFO  [m[[1;34mhttp-nio-8080-exec-4[m] [36mCalculationServiceImpl[m - PERF_ASSIGNMENT service=calculos operation=settleAccounts result=SUCCESS side=BUY fractionCount=1 totalMs=0 validationMs=0 calculationAndMappingMs=0 dbQueryCount=0
[30m2026-08-31T11:46:46,476[m [32mINFO  [m[[1;34mhttp-nio-8080-exec-6[m] [36mGlobalFilter[m - ----------- Client User: operaciones-orquestador-ext-back ----------
[30m2026-08-31T11:46:46,477[m [32mINFO  [m[[1;34mhttp-nio-8080-exec-6[m] [36mCalculationServiceImpl[m - Start method settleAccountsV1, side -> BUY
[30m2026-08-31T11:46:46,477[m [32mINFO  [m[[1;34mhttp-nio-8080-exec-6[m] [36mCalculationServiceImpl[m - End method settleAccountsV1
[30m2026-08-31T11:46:46,477[m [32mINFO  [m[[1;34mhttp-nio-8080-exec-6[m] [36mCalculationServiceImpl[m - PERF_ASSIGNMENT service=calculos operation=settleAccounts result=SUCCESS side=BUY fractionCount=1 totalMs=0 validationMs=0 calculationAndMappingMs=0 dbQueryCount=0
[30m2026-08-31T11:46:46,502[m [32mINFO  [m[[1;34mhttp-nio-8080-exec-8[m] [36mGlobalFilter[m - ----------- Client User: operaciones-orquestador-ext-back ----------
[30m2026-08-31T11:46:46,502[m [32mINFO  [m[[1;34mhttp-nio-8080-exec-8[m] [36mCalculationServiceImpl[m - Start method settleAccountsV1, side -> BUY
[30m2026-08-31T11:46:46,502[m [32mINFO  [m[[1;34mhttp-nio-8080-exec-8[m] [36mCalculationServiceImpl[m - End method settleAccountsV1
[30m2026-08-31T11:46:46,502[m [32mINFO  [m[[1;34mhttp-nio-8080-exec-8[m] [36mCalculationServiceImpl[m - PERF_ASSIGNMENT service=calculos operation=settleAccounts result=SUCCESS side=BUY fractionCount=1 totalMs=0 validationMs=0 calculationAndMappingMs=0 dbQueryCount=0
[30m2026-08-31T11:46:46,528[m [32mINFO  [m[[1;34mhttp-nio-8080-exec-7[m] [36mGlobalFilter[m - ----------- Client User: operaciones-orquestador-ext-back ----------
[30m2026-08-31T11:46:46,528[m [32mINFO  [m[[1;34mhttp-nio-8080-exec-7[m] [36mCalculationServiceImpl[m - Start method settleAccountsV1, side -> BUY
[30m2026-08-31T11:46:46,529[m [32mINFO  [m[[1;34mhttp-nio-8080-exec-7[m] [36mCalculationServiceImpl[m - End method settleAccountsV1
[30m2026-08-31T11:46:46,529[m [32mINFO  [m[[1;34mhttp-nio-8080-exec-7[m] [36mCalculationServiceImpl[m - PERF_ASSIGNMENT service=calculos operation=settleAccounts result=SUCCESS side=BUY fractionCount=1 totalMs=0 validationMs=0 calculationAndMappingMs=0 dbQueryCount=0
[30m2026-08-31T11:46:46,555[m [32mINFO  [m[[1;34mhttp-nio-8080-exec-9[m] [36mGlobalFilter[m - ----------- Client User: operaciones-orquestador-ext-back ----------
[30m2026-08-31T11:46:46,555[m [32mINFO  [m[[1;34mhttp-nio-8080-exec-9[m] [36mCalculationServiceImpl[m - Start method settleAccountsV1, side -> BUY
[30m2026-08-31T11:46:46,555[m [32mINFO  [m[[1;34mhttp-nio-8080-exec-9[m] [36mCalculationServiceImpl[m - End method settleAccountsV1
[30m2026-08-31T11:46:46,555[m [32mINFO  [m[[1;34mhttp-nio-8080-exec-9[m] [36mCalculationServiceImpl[m - PERF_ASSIGNMENT service=calculos operation=settleAccounts result=SUCCESS side=BUY fractionCount=1 totalMs=0 validationMs=0 calculationAndMappingMs=0 dbQueryCount=0
[30m2026-08-31T11:46:46,581[m [32mINFO  [m[[1;34mhttp-nio-8080-exec-2[m] [36mGlobalFilter[m - ----------- Client User: operaciones-orquestador-ext-back ----------
[30m2026-08-31T11:46:46,581[m [32mINFO  [m[[1;34mhttp-nio-8080-exec-2[m] [36mCalculationServiceImpl[m - Start method settleAccountsV1, side -> BUY
[30m2026-08-31T11:46:46,581[m [32mINFO  [m[[1;34mhttp-nio-8080-exec-2[m] [36mCalculationServiceImpl[m - End method settleAccountsV1
[30m2026-08-31T11:46:46,581[m [32mINFO  [m[[1;34mhttp-nio-8080-exec-2[m] [36mCalculationServiceImpl[m - PERF_ASSIGNMENT service=calculos operation=settleAccounts result=SUCCESS side=BUY fractionCount=1 totalMs=0 validationMs=0 calculationAndMappingMs=0 dbQueryCount=0
[30m2026-08-31T11:46:46,608[m [32mINFO  [m[[1;34mhttp-nio-8080-exec-10[m] [36mGlobalFilter[m - ----------- Client User: operaciones-orquestador-ext-back ----------
[30m2026-08-31T11:46:46,608[m [32mINFO  [m[[1;34mhttp-nio-8080-exec-10[m] [36mCalculationServiceImpl[m - Start method settleAccountsV1, side -> BUY
[30m2026-08-31T11:46:46,608[m [32mINFO  [m[[1;34mhttp-nio-8080-exec-10[m] [36mCalculationServiceImpl[m - End method settleAccountsV1
[30m2026-08-31T11:46:46,608[m [32mINFO  [m[[1;34mhttp-nio-8080-exec-10[m] [36mCalculationServiceImpl[m - PERF_ASSIGNMENT service=calculos operation=settleAccounts result=SUCCESS side=BUY fractionCount=1 totalMs=0 validationMs=0 calculationAndMappingMs=0 dbQueryCount=0
[30m2026-08-31T11:46:46,634[m [32mINFO  [m[[1;34mhttp-nio-8080-exec-5[m] [36mGlobalFilter[m - ----------- Client User: operaciones-orquestador-ext-back ----------
[30m2026-08-31T11:46:46,635[m [32mINFO  [m[[1;34mhttp-nio-8080-exec-5[m] [36mCalculationServiceImpl[m - Start method settleAccountsV1, side -> BUY
[30m2026-08-31T11:46:46,635[m [32mINFO  [m[[1;34mhttp-nio-8080-exec-5[m] [36mCalculationServiceImpl[m - End method settleAccountsV1
[30m2026-08-31T11:46:46,635[m [32mINFO  [m[[1;34mhttp-nio-8080-exec-5[m] [36mCalculationServiceImpl[m - PERF_ASSIGNMENT service=calculos operation=settleAccounts result=SUCCESS side=BUY fractionCount=1 totalMs=0 validationMs=0 calculationAndMappingMs=0 dbQueryCount=0
[30m2026-08-31T11:46:46,659[m [32mINFO  [m[[1;34mhttp-nio-8080-exec-1[m] [36mGlobalFilter[m - ----------- Client User: operaciones-orquestador-ext-back ----------
[30m2026-08-31T11:46:46,660[m [32mINFO  [m[[1;34mhttp-nio-8080-exec-1[m] [36mCalculationServiceImpl[m - Start method settleAccountsV1, side -> BUY
[30m2026-08-31T11:46:46,660[m [32mINFO  [m[[1;34mhttp-nio-8080-exec-1[m] [36mCalculationServiceImpl[m - End method settleAccountsV1
[30m2026-08-31T11:46:46,660[m [32mINFO  [m[[1;34mhttp-nio-8080-exec-1[m] [36mCalculationServiceImpl[m - PERF_ASSIGNMENT service=calculos operation=settleAccounts result=SUCCESS side=BUY fractionCount=1 totalMs=0 validationMs=0 calculationAndMappingMs=0 dbQueryCount=0
[30m2026-08-31T11:46:46,826[m [32mINFO  [m[[1;34mhttp-nio-8080-exec-3[m] [36mGlobalFilter[m - ----------- Client User: operaciones-orquestador-ext-back ----------
[30m2026-08-31T11:46:46,826[m [32mINFO  [m[[1;34mhttp-nio-8080-exec-3[m] [36mCalculationServiceImpl[m - Start method settleAccountsV1, side -> BUY
[30m2026-08-31T11:46:46,826[m [32mINFO  [m[[1;34mhttp-nio-8080-exec-3[m] [36mCalculationServiceImpl[m - End method settleAccountsV1
[30m2026-08-31T11:46:46,826[m [32mINFO  [m[[1;34mhttp-nio-8080-exec-3[m] [36mCalculationServiceImpl[m - PERF_ASSIGNMENT service=calculos operation=settleAccounts result=SUCCESS side=BUY fractionCount=1 totalMs=0 validationMs=0 calculationAndMappingMs=0 dbQueryCount=0
[30m2026-08-31T11:46:46,852[m [32mINFO  [m[[1;34mhttp-nio-8080-exec-4[m] [36mGlobalFilter[m - ----------- Client User: operaciones-orquestador-ext-back ----------
[30m2026-08-31T11:46:46,853[m [32mINFO  [m[[1;34mhttp-nio-8080-exec-4[m] [36mCalculationServiceImpl[m - Start method settleAccountsV1, side -> BUY
[30m2026-08-31T11:46:46,853[m [32mINFO  [m[[1;34mhttp-nio-8080-exec-4[m] [36mCalculationServiceImpl[m - End method settleAccountsV1
[30m2026-08-31T11:46:46,853[m [32mINFO  [m[[1;34mhttp-nio-8080-exec-4[m] [36mCalculationServiceImpl[m - PERF_ASSIGNMENT service=calculos operation=settleAccounts result=SUCCESS side=BUY fractionCount=1 totalMs=0 validationMs=0 calculationAndMappingMs=0 dbQueryCount=0
[30m2026-08-31T11:46:46,879[m [32mINFO  [m[[1;34mhttp-nio-8080-exec-6[m] [36mGlobalFilter[m - ----------- Client User: operaciones-orquestador-ext-back ----------
[30m2026-08-31T11:46:46,879[m [32mINFO  [m[[1;34mhttp-nio-8080-exec-6[m] [36mCalculationServiceImpl[m - Start method settleAccountsV1, side -> BUY
[30m2026-08-31T11:46:46,879[m [32mINFO  [m[[1;34mhttp-nio-8080-exec-6[m] [36mCalculationServiceImpl[m - End method settleAccountsV1
[30m2026-08-31T11:46:46,879[m [32mINFO  [m[[1;34mhttp-nio-8080-exec-6[m] [36mCalculationServiceImpl[m - PERF_ASSIGNMENT service=calculos operation=settleAccounts result=SUCCESS side=BUY fractionCount=1 totalMs=0 validationMs=0 calculationAndMappingMs=0 dbQueryCount=0
[30m2026-08-31T11:46:46,906[m [32mINFO  [m[[1;34mhttp-nio-8080-exec-8[m] [36mGlobalFilter[m - ----------- Client User: operaciones-orquestador-ext-back ----------
[30m2026-08-31T11:46:46,907[m [32mINFO  [m[[1;34mhttp-nio-8080-exec-8[m] [36mCalculationServiceImpl[m - Start method settleAccountsV1, side -> BUY
[30m2026-08-31T11:46:46,907[m [32mINFO  [m[[1;34mhttp-nio-8080-exec-8[m] [36mCalculationServiceImpl[m - End method settleAccountsV1
[30m2026-08-31T11:46:46,907[m [32mINFO  [m[[1;34mhttp-nio-8080-exec-8[m] [36mCalculationServiceImpl[m - PERF_ASSIGNMENT service=calculos operation=settleAccounts result=SUCCESS side=BUY fractionCount=1 totalMs=0 validationMs=0 calculationAndMappingMs=0 dbQueryCount=0
[30m2026-08-31T11:46:46,933[m [32mINFO  [m[[1;34mhttp-nio-8080-exec-7[m] [36mGlobalFilter[m - ----------- Client User: operaciones-orquestador-ext-back ----------
[30m2026-08-31T11:46:46,933[m [32mINFO  [m[[1;34mhttp-nio-8080-exec-7[m] [36mCalculationServiceImpl[m - Start method settleAccountsV1, side -> BUY
[30m2026-08-31T11:46:46,933[m [32mINFO  [m[[1;34mhttp-nio-8080-exec-7[m] [36mCalculationServiceImpl[m - End method settleAccountsV1
[30m2026-08-31T11:46:46,933[m [32mINFO  [m[[1;34mhttp-nio-8080-exec-7[m] [36mCalculationServiceImpl[m - PERF_ASSIGNMENT service=calculos operation=settleAccounts result=SUCCESS side=BUY fractionCount=1 totalMs=0 validationMs=0 calculationAndMappingMs=0 dbQueryCount=0
[30m2026-08-31T11:46:46,960[m [32mINFO  [m[[1;34mhttp-nio-8080-exec-9[m] [36mGlobalFilter[m - ----------- Client User: operaciones-orquestador-ext-back ----------
[30m2026-08-31T11:46:46,960[m [32mINFO  [m[[1;34mhttp-nio-8080-exec-9[m] [36mCalculationServiceImpl[m - Start method settleAccountsV1, side -> BUY
[30m2026-08-31T11:46:46,960[m [32mINFO  [m[[1;34mhttp-nio-8080-exec-9[m] [36mCalculationServiceImpl[m - End method settleAccountsV1
[30m2026-08-31T11:46:46,960[m [32mINFO  [m[[1;34mhttp-nio-8080-exec-9[m] [36mCalculationServiceImpl[m - PERF_ASSIGNMENT service=calculos operation=settleAccounts result=SUCCESS side=BUY fractionCount=1 totalMs=0 validationMs=0 calculationAndMappingMs=0 dbQueryCount=0
[30m2026-08-31T11:46:46,986[m [32mINFO  [m[[1;34mhttp-nio-8080-exec-2[m] [36mGlobalFilter[m - ----------- Client User: operaciones-orquestador-ext-back ----------
[30m2026-08-31T11:46:46,986[m [32mINFO  [m[[1;34mhttp-nio-8080-exec-2[m] [36mCalculationServiceImpl[m - Start method settleAccountsV1, side -> BUY
[30m2026-08-31T11:46:46,986[m [32mINFO  [m[[1;34mhttp-nio-8080-exec-2[m] [36mCalculationServiceImpl[m - End method settleAccountsV1
[30m2026-08-31T11:46:46,986[m [32mINFO  [m[[1;34mhttp-nio-8080-exec-2[m] [36mCalculationServiceImpl[m - PERF_ASSIGNMENT service=calculos operation=settleAccounts result=SUCCESS side=BUY fractionCount=1 totalMs=0 validationMs=0 calculationAndMappingMs=0 dbQueryCount=0
[30m2026-08-31T11:46:47,013[m [32mINFO  [m[[1;34mhttp-nio-8080-exec-10[m] [36mGlobalFilter[m - ----------- Client User: operaciones-orquestador-ext-back ----------
[30m2026-08-31T11:46:47,014[m [32mINFO  [m[[1;34mhttp-nio-8080-exec-10[m] [36mCalculationServiceImpl[m - Start method settleAccountsV1, side -> BUY
[30m2026-08-31T11:46:47,014[m [32mINFO  [m[[1;34mhttp-nio-8080-exec-10[m] [36mCalculationServiceImpl[m - End method settleAccountsV1
[30m2026-08-31T11:46:47,014[m [32mINFO  [m[[1;34mhttp-nio-8080-exec-10[m] [36mCalculationServiceImpl[m - PERF_ASSIGNMENT service=calculos operation=settleAccounts result=SUCCESS side=BUY fractionCount=1 totalMs=0 validationMs=0 calculationAndMappingMs=0 dbQueryCount=0
[30m2026-08-31T11:46:47,041[m [32mINFO  [m[[1;34mhttp-nio-8080-exec-5[m] [36mGlobalFilter[m - ----------- Client User: operaciones-orquestador-ext-back ----------
[30m2026-08-31T11:46:47,042[m [32mINFO  [m[[1;34mhttp-nio-8080-exec-5[m] [36mCalculationServiceImpl[m - Start method settleAccountsV1, side -> BUY
[30m2026-08-31T11:46:47,042[m [32mINFO  [m[[1;34mhttp-nio-8080-exec-5[m] [36mCalculationServiceImpl[m - End method settleAccountsV1
[30m2026-08-31T11:46:47,042[m [32mINFO  [m[[1;34mhttp-nio-8080-exec-5[m] [36mCalculationServiceImpl[m - PERF_ASSIGNMENT service=calculos operation=settleAccounts result=SUCCESS side=BUY fractionCount=1 totalMs=0 validationMs=0 calculationAndMappingMs=0 dbQueryCount=0
[30m2026-08-31T11:46:47,069[m [32mINFO  [m[[1;34mhttp-nio-8080-exec-1[m] [36mGlobalFilter[m - ----------- Client User: operaciones-orquestador-ext-back ----------
[30m2026-08-31T11:46:47,069[m [32mINFO  [m[[1;34mhttp-nio-8080-exec-1[m] [36mCalculationServiceImpl[m - Start method settleAccountsV1, side -> BUY
[30m2026-08-31T11:46:47,069[m [32mINFO  [m[[1;34mhttp-nio-8080-exec-1[m] [36mCalculationServiceImpl[m - End method settleAccountsV1
[30m2026-08-31T11:46:47,069[m [32mINFO  [m[[1;34mhttp-nio-8080-exec-1[m] [36mCalculationServiceImpl[m - PERF_ASSIGNMENT service=calculos operation=settleAccounts result=SUCCESS side=BUY fractionCount=1 totalMs=0 validationMs=0 calculationAndMappingMs=0 dbQueryCount=0
[30m2026-08-31T11:46:47,097[m [32mINFO  [m[[1;34mhttp-nio-8080-exec-3[m] [36mGlobalFilter[m - ----------- Client User: operaciones-orquestador-ext-back ----------
[30m2026-08-31T11:46:47,097[m [32mINFO  [m[[1;34mhttp-nio-8080-exec-3[m] [36mCalculationServiceImpl[m - Start method settleAccountsV1, side -> BUY
[30m2026-08-31T11:46:47,097[m [32mINFO  [m[[1;34mhttp-nio-8080-exec-3[m] [36mCalculationServiceImpl[m - End method settleAccountsV1
[30m2026-08-31T11:46:47,098[m [32mINFO  [m[[1;34mhttp-nio-8080-exec-3[m] [36mCalculationServiceImpl[m - PERF_ASSIGNMENT service=calculos operation=settleAccounts result=SUCCESS side=BUY fractionCount=1 totalMs=0 validationMs=0 calculationAndMappingMs=0 dbQueryCount=0
[30m2026-08-31T11:46:47,124[m [32mINFO  [m[[1;34mhttp-nio-8080-exec-4[m] [36mGlobalFilter[m - ----------- Client User: operaciones-orquestador-ext-back ----------
[30m2026-08-31T11:46:47,125[m [32mINFO  [m[[1;34mhttp-nio-8080-exec-4[m] [36mCalculationServiceImpl[m - Start method settleAccountsV1, side -> BUY
[30m2026-08-31T11:46:47,125[m [32mINFO  [m[[1;34mhttp-nio-8080-exec-4[m] [36mCalculationServiceImpl[m - End method settleAccountsV1
[30m2026-08-31T11:46:47,125[m [32mINFO  [m[[1;34mhttp-nio-8080-exec-4[m] [36mCalculationServiceImpl[m - PERF_ASSIGNMENT service=calculos operation=settleAccounts result=SUCCESS side=BUY fractionCount=1 totalMs=0 validationMs=0 calculationAndMappingMs=0 dbQueryCount=0
[30m2026-08-31T11:46:47,150[m [32mINFO  [m[[1;34mhttp-nio-8080-exec-6[m] [36mGlobalFilter[m - ----------- Client User: operaciones-orquestador-ext-back ----------
[30m2026-08-31T11:46:47,151[m [32mINFO  [m[[1;34mhttp-nio-8080-exec-6[m] [36mCalculationServiceImpl[m - Start method settleAccountsV1, side -> BUY
[30m2026-08-31T11:46:47,151[m [32mINFO  [m[[1;34mhttp-nio-8080-exec-6[m] [36mCalculationServiceImpl[m - End method settleAccountsV1
[30m2026-08-31T11:46:47,151[m [32mINFO  [m[[1;34mhttp-nio-8080-exec-6[m] [36mCalculationServiceImpl[m - PERF_ASSIGNMENT service=calculos operation=settleAccounts result=SUCCESS side=BUY fractionCount=1 totalMs=0 validationMs=0 calculationAndMappingMs=0 dbQueryCount=0
[30m2026-08-31T11:46:47,177[m [32mINFO  [m[[1;34mhttp-nio-8080-exec-8[m] [36mGlobalFilter[m - ----------- Client User: operaciones-orquestador-ext-back ----------
[30m2026-08-31T11:46:47,177[m [32mINFO  [m[[1;34mhttp-nio-8080-exec-8[m] [36mCalculationServiceImpl[m - Start method settleAccountsV1, side -> BUY
[30m2026-08-31T11:46:47,177[m [32mINFO  [m[[1;34mhttp-nio-8080-exec-8[m] [36mCalculationServiceImpl[m - End method settleAccountsV1
[30m2026-08-31T11:46:47,177[m [32mINFO  [m[[1;34mhttp-nio-8080-exec-8[m] [36mCalculationServiceImpl[m - PERF_ASSIGNMENT service=calculos operation=settleAccounts result=SUCCESS side=BUY fractionCount=1 totalMs=0 validationMs=0 calculationAndMappingMs=0 dbQueryCount=0
[30m2026-08-31T11:46:47,203[m [32mINFO  [m[[1;34mhttp-nio-8080-exec-7[m] [36mGlobalFilter[m - ----------- Client User: operaciones-orquestador-ext-back ----------
[30m2026-08-31T11:46:47,203[m [32mINFO  [m[[1;34mhttp-nio-8080-exec-7[m] [36mCalculationServiceImpl[m - Start method settleAccountsV1, side -> BUY
[30m2026-08-31T11:46:47,204[m [32mINFO  [m[[1;34mhttp-nio-8080-exec-7[m] [36mCalculationServiceImpl[m - End method settleAccountsV1
[30m2026-08-31T11:46:47,204[m [32mINFO  [m[[1;34mhttp-nio-8080-exec-7[m] [36mCalculationServiceImpl[m - PERF_ASSIGNMENT service=calculos operation=settleAccounts result=SUCCESS side=BUY fractionCount=1 totalMs=0 validationMs=0 calculationAndMappingMs=0 dbQueryCount=0
[30m2026-08-31T11:46:47,231[m [32mINFO  [m[[1;34mhttp-nio-8080-exec-9[m] [36mGlobalFilter[m - ----------- Client User: operaciones-orquestador-ext-back ----------
[30m2026-08-31T11:46:47,231[m [32mINFO  [m[[1;34mhttp-nio-8080-exec-9[m] [36mCalculationServiceImpl[m - Start method settleAccountsV1, side -> BUY
[30m2026-08-31T11:46:47,231[m [32mINFO  [m[[1;34mhttp-nio-8080-exec-9[m] [36mCalculationServiceImpl[m - End method settleAccountsV1
[30m2026-08-31T11:46:47,231[m [32mINFO  [m[[1;34mhttp-nio-8080-exec-9[m] [36mCalculationServiceImpl[m - PERF_ASSIGNMENT service=calculos operation=settleAccounts result=SUCCESS side=BUY fractionCount=1 totalMs=0 validationMs=0 calculationAndMappingMs=0 dbQueryCount=0
[30m2026-08-31T11:46:47,261[m [32mINFO  [m[[1;34mhttp-nio-8080-exec-2[m] [36mGlobalFilter[m - ----------- Client User: operaciones-orquestador-ext-back ----------
[30m2026-08-31T11:46:47,261[m [32mINFO  [m[[1;34mhttp-nio-8080-exec-2[m] [36mCalculationServiceImpl[m - Start method settleAccountsV1, side -> BUY
[30m2026-08-31T11:46:47,261[m [32mINFO  [m[[1;34mhttp-nio-8080-exec-2[m] [36mCalculationServiceImpl[m - End method settleAccountsV1
[30m2026-08-31T11:46:47,261[m [32mINFO  [m[[1;34mhttp-nio-8080-exec-2[m] [36mCalculationServiceImpl[m - PERF_ASSIGNMENT service=calculos operation=settleAccounts result=SUCCESS side=BUY fractionCount=1 totalMs=0 validationMs=0 calculationAndMappingMs=0 dbQueryCount=0
[30m2026-08-31T11:46:47,288[m [32mINFO  [m[[1;34mhttp-nio-8080-exec-10[m] [36mGlobalFilter[m - ----------- Client User: operaciones-orquestador-ext-back ----------
[30m2026-08-31T11:46:47,289[m [32mINFO  [m[[1;34mhttp-nio-8080-exec-10[m] [36mCalculationServiceImpl[m - Start method settleAccountsV1, side -> BUY
[30m2026-08-31T11:46:47,289[m [32mINFO  [m[[1;34mhttp-nio-8080-exec-10[m] [36mCalculationServiceImpl[m - End method settleAccountsV1
[30m2026-08-31T11:46:47,289[m [32mINFO  [m[[1;34mhttp-nio-8080-exec-10[m] [36mCalculationServiceImpl[m - PERF_ASSIGNMENT service=calculos operation=settleAccounts result=SUCCESS side=BUY fractionCount=1 totalMs=0 validationMs=0 calculationAndMappingMs=0 dbQueryCount=0
[30m2026-08-31T11:46:47,315[m [32mINFO  [m[[1;34mhttp-nio-8080-exec-5[m] [36mGlobalFilter[m - ----------- Client User: operaciones-orquestador-ext-back ----------
[30m2026-08-31T11:46:47,316[m [32mINFO  [m[[1;34mhttp-nio-8080-exec-5[m] [36mCalculationServiceImpl[m - Start method settleAccountsV1, side -> BUY
[30m2026-08-31T11:46:47,316[m [32mINFO  [m[[1;34mhttp-nio-8080-exec-5[m] [36mCalculationServiceImpl[m - End method settleAccountsV1
[30m2026-08-31T11:46:47,316[m [32mINFO  [m[[1;34mhttp-nio-8080-exec-5[m] [36mCalculationServiceImpl[m - PERF_ASSIGNMENT service=calculos operation=settleAccounts result=SUCCESS side=BUY fractionCount=1 totalMs=0 validationMs=0 calculationAndMappingMs=0 dbQueryCount=0
[30m2026-08-31T11:46:47,345[m [32mINFO  [m[[1;34mhttp-nio-8080-exec-1[m] [36mGlobalFilter[m - ----------- Client User: operaciones-orquestador-ext-back ----------
[30m2026-08-31T11:46:47,345[m [32mINFO  [m[[1;34mhttp-nio-8080-exec-1[m] [36mCalculationServiceImpl[m - Start method settleAccountsV1, side -> BUY
[30m2026-08-31T11:46:47,345[m [32mINFO  [m[[1;34mhttp-nio-8080-exec-1[m] [36mCalculationServiceImpl[m - End method settleAccountsV1
[30m2026-08-31T11:46:47,345[m [32mINFO  [m[[1;34mhttp-nio-8080-exec-1[m] [36mCalculationServiceImpl[m - PERF_ASSIGNMENT service=calculos operation=settleAccounts result=SUCCESS side=BUY fractionCount=1 totalMs=0 validationMs=0 calculationAndMappingMs=0 dbQueryCount=0
[30m2026-08-31T11:46:47,375[m [32mINFO  [m[[1;34mhttp-nio-8080-exec-3[m] [36mGlobalFilter[m - ----------- Client User: operaciones-orquestador-ext-back ----------
[30m2026-08-31T11:46:47,376[m [32mINFO  [m[[1;34mhttp-nio-8080-exec-3[m] [36mCalculationServiceImpl[m - Start method settleAccountsV1, side -> BUY
[30m2026-08-31T11:46:47,376[m [32mINFO  [m[[1;34mhttp-nio-8080-exec-3[m] [36mCalculationServiceImpl[m - End method settleAccountsV1
[30m2026-08-31T11:46:47,376[m [32mINFO  [m[[1;34mhttp-nio-8080-exec-3[m] [36mCalculationServiceImpl[m - PERF_ASSIGNMENT service=calculos operation=settleAccounts result=SUCCESS side=BUY fractionCount=1 totalMs=0 validationMs=0 calculationAndMappingMs=0 dbQueryCount=0
[30m2026-08-31T11:46:47,404[m [32mINFO  [m[[1;34mhttp-nio-8080-exec-4[m] [36mGlobalFilter[m - ----------- Client User: operaciones-orquestador-ext-back ----------
[30m2026-08-31T11:46:47,404[m [32mINFO  [m[[1;34mhttp-nio-8080-exec-4[m] [36mCalculationServiceImpl[m - Start method settleAccountsV1, side -> BUY
[30m2026-08-31T11:46:47,405[m [32mINFO  [m[[1;34mhttp-nio-8080-exec-4[m] [36mCalculationServiceImpl[m - End method settleAccountsV1
[30m2026-08-31T11:46:47,405[m [32mINFO  [m[[1;34mhttp-nio-8080-exec-4[m] [36mCalculationServiceImpl[m - PERF_ASSIGNMENT service=calculos operation=settleAccounts result=SUCCESS side=BUY fractionCount=1 totalMs=0 validationMs=0 calculationAndMappingMs=0 dbQueryCount=0
[30m2026-08-31T11:46:47,431[m [32mINFO  [m[[1;34mhttp-nio-8080-exec-6[m] [36mGlobalFilter[m - ----------- Client User: operaciones-orquestador-ext-back ----------
[30m2026-08-31T11:46:47,432[m [32mINFO  [m[[1;34mhttp-nio-8080-exec-6[m] [36mCalculationServiceImpl[m - Start method settleAccountsV1, side -> BUY
[30m2026-08-31T11:46:47,432[m [32mINFO  [m[[1;34mhttp-nio-8080-exec-6[m] [36mCalculationServiceImpl[m - End method settleAccountsV1
[30m2026-08-31T11:46:47,432[m [32mINFO  [m[[1;34mhttp-nio-8080-exec-6[m] [36mCalculationServiceImpl[m - PERF_ASSIGNMENT service=calculos operation=settleAccounts result=SUCCESS side=BUY fractionCount=1 totalMs=0 validationMs=0 calculationAndMappingMs=0 dbQueryCount=0
[30m2026-08-31T11:46:47,459[m [32mINFO  [m[[1;34mhttp-nio-8080-exec-8[m] [36mGlobalFilter[m - ----------- Client User: operaciones-orquestador-ext-back ----------
[30m2026-08-31T11:46:47,459[m [32mINFO  [m[[1;34mhttp-nio-8080-exec-8[m] [36mCalculationServiceImpl[m - Start method settleAccountsV1, side -> BUY
[30m2026-08-31T11:46:47,459[m [32mINFO  [m[[1;34mhttp-nio-8080-exec-8[m] [36mCalculationServiceImpl[m - End method settleAccountsV1
[30m2026-08-31T11:46:47,459[m [32mINFO  [m[[1;34mhttp-nio-8080-exec-8[m] [36mCalculationServiceImpl[m - PERF_ASSIGNMENT service=calculos operation=settleAccounts result=SUCCESS side=BUY fractionCount=1 totalMs=0 validationMs=0 calculationAndMappingMs=0 dbQueryCount=0
[30m2026-08-31T11:46:47,485[m [32mINFO  [m[[1;34mhttp-nio-8080-exec-7[m] [36mGlobalFilter[m - ----------- Client User: operaciones-orquestador-ext-back ----------
[30m2026-08-31T11:46:47,485[m [32mINFO  [m[[1;34mhttp-nio-8080-exec-7[m] [36mCalculationServiceImpl[m - Start method settleAccountsV1, side -> BUY
[30m2026-08-31T11:46:47,485[m [32mINFO  [m[[1;34mhttp-nio-8080-exec-7[m] [36mCalculationServiceImpl[m - End method settleAccountsV1
[30m2026-08-31T11:46:47,485[m [32mINFO  [m[[1;34mhttp-nio-8080-exec-7[m] [36mCalculationServiceImpl[m - PERF_ASSIGNMENT service=calculos operation=settleAccounts result=SUCCESS side=BUY fractionCount=1 totalMs=0 validationMs=0 calculationAndMappingMs=0 dbQueryCount=0
[30m2026-08-31T11:46:47,512[m [32mINFO  [m[[1;34mhttp-nio-8080-exec-9[m] [36mGlobalFilter[m - ----------- Client User: operaciones-orquestador-ext-back ----------
[30m2026-08-31T11:46:47,512[m [32mINFO  [m[[1;34mhttp-nio-8080-exec-9[m] [36mCalculationServiceImpl[m - Start method settleAccountsV1, side -> BUY
[30m2026-08-31T11:46:47,512[m [32mINFO  [m[[1;34mhttp-nio-8080-exec-9[m] [36mCalculationServiceImpl[m - End method settleAccountsV1
[30m2026-08-31T11:46:47,512[m [32mINFO  [m[[1;34mhttp-nio-8080-exec-9[m] [36mCalculationServiceImpl[m - PERF_ASSIGNMENT service=calculos operation=settleAccounts result=SUCCESS side=BUY fractionCount=1 totalMs=0 validationMs=0 calculationAndMappingMs=0 dbQueryCount=0
[30m2026-08-31T11:46:47,538[m [32mINFO  [m[[1;34mhttp-nio-8080-exec-2[m] [36mGlobalFilter[m - ----------- Client User: operaciones-orquestador-ext-back ----------
[30m2026-08-31T11:46:47,539[m [32mINFO  [m[[1;34mhttp-nio-8080-exec-2[m] [36mCalculationServiceImpl[m - Start method settleAccountsV1, side -> BUY
[30m2026-08-31T11:46:47,539[m [32mINFO  [m[[1;34mhttp-nio-8080-exec-2[m] [36mCalculationServiceImpl[m - End method settleAccountsV1
[30m2026-08-31T11:46:47,539[m [32mINFO  [m[[1;34mhttp-nio-8080-exec-2[m] [36mCalculationServiceImpl[m - PERF_ASSIGNMENT service=calculos operation=settleAccounts result=SUCCESS side=BUY fractionCount=1 totalMs=0 validationMs=0 calculationAndMappingMs=0 dbQueryCount=0
[30m2026-08-31T11:46:47,564[m [32mINFO  [m[[1;34mhttp-nio-8080-exec-10[m] [36mGlobalFilter[m - ----------- Client User: operaciones-orquestador-ext-back ----------
[30m2026-08-31T11:46:47,565[m [32mINFO  [m[[1;34mhttp-nio-8080-exec-10[m] [36mCalculationServiceImpl[m - Start method settleAccountsV1, side -> BUY
[30m2026-08-31T11:46:47,565[m [32mINFO  [m[[1;34mhttp-nio-8080-exec-10[m] [36mCalculationServiceImpl[m - End method settleAccountsV1
[30m2026-08-31T11:46:47,565[m [32mINFO  [m[[1;34mhttp-nio-8080-exec-10[m] [36mCalculationServiceImpl[m - PERF_ASSIGNMENT service=calculos operation=settleAccounts result=SUCCESS side=BUY fractionCount=1 totalMs=0 validationMs=0 calculationAndMappingMs=0 dbQueryCount=0
[30m2026-08-31T11:46:47,591[m [32mINFO  [m[[1;34mhttp-nio-8080-exec-5[m] [36mGlobalFilter[m - ----------- Client User: operaciones-orquestador-ext-back ----------
[30m2026-08-31T11:46:47,591[m [32mINFO  [m[[1;34mhttp-nio-8080-exec-5[m] [36mCalculationServiceImpl[m - Start method settleAccountsV1, side -> BUY
[30m2026-08-31T11:46:47,592[m [32mINFO  [m[[1;34mhttp-nio-8080-exec-5[m] [36mCalculationServiceImpl[m - End method settleAccountsV1
[30m2026-08-31T11:46:47,592[m [32mINFO  [m[[1;34mhttp-nio-8080-exec-5[m] [36mCalculationServiceImpl[m - PERF_ASSIGNMENT service=calculos operation=settleAccounts result=SUCCESS side=BUY fractionCount=1 totalMs=0 validationMs=0 calculationAndMappingMs=0 dbQueryCount=0
[30m2026-08-31T11:46:47,617[m [32mINFO  [m[[1;34mhttp-nio-8080-exec-1[m] [36mGlobalFilter[m - ----------- Client User: operaciones-orquestador-ext-back ----------
[30m2026-08-31T11:46:47,618[m [32mINFO  [m[[1;34mhttp-nio-8080-exec-1[m] [36mCalculationServiceImpl[m - Start method settleAccountsV1, side -> BUY
[30m2026-08-31T11:46:47,618[m [32mINFO  [m[[1;34mhttp-nio-8080-exec-1[m] [36mCalculationServiceImpl[m - End method settleAccountsV1
[30m2026-08-31T11:46:47,618[m [32mINFO  [m[[1;34mhttp-nio-8080-exec-1[m] [36mCalculationServiceImpl[m - PERF_ASSIGNMENT service=calculos operation=settleAccounts result=SUCCESS side=BUY fractionCount=1 totalMs=0 validationMs=0 calculationAndMappingMs=0 dbQueryCount=0
[30m2026-08-31T11:46:47,643[m [32mINFO  [m[[1;34mhttp-nio-8080-exec-3[m] [36mGlobalFilter[m - ----------- Client User: operaciones-orquestador-ext-back ----------
[30m2026-08-31T11:46:47,643[m [32mINFO  [m[[1;34mhttp-nio-8080-exec-3[m] [36mCalculationServiceImpl[m - Start method settleAccountsV1, side -> BUY
[30m2026-08-31T11:46:47,643[m [32mINFO  [m[[1;34mhttp-nio-8080-exec-3[m] [36mCalculationServiceImpl[m - End method settleAccountsV1
[30m2026-08-31T11:46:47,643[m [32mINFO  [m[[1;34mhttp-nio-8080-exec-3[m] [36mCalculationServiceImpl[m - PERF_ASSIGNMENT service=calculos operation=settleAccounts result=SUCCESS side=BUY fractionCount=1 totalMs=0 validationMs=0 calculationAndMappingMs=0 dbQueryCount=0
[30m2026-08-31T11:46:47,669[m [32mINFO  [m[[1;34mhttp-nio-8080-exec-4[m] [36mGlobalFilter[m - ----------- Client User: operaciones-orquestador-ext-back ----------
[30m2026-08-31T11:46:47,670[m [32mINFO  [m[[1;34mhttp-nio-8080-exec-4[m] [36mCalculationServiceImpl[m - Start method settleAccountsV1, side -> BUY
[30m2026-08-31T11:46:47,670[m [32mINFO  [m[[1;34mhttp-nio-8080-exec-4[m] [36mCalculationServiceImpl[m - End method settleAccountsV1
[30m2026-08-31T11:46:47,670[m [32mINFO  [m[[1;34mhttp-nio-8080-exec-4[m] [36mCalculationServiceImpl[m - PERF_ASSIGNMENT service=calculos operation=settleAccounts result=SUCCESS side=BUY fractionCount=1 totalMs=0 validationMs=0 calculationAndMappingMs=0 dbQueryCount=0
[30m2026-08-31T11:46:47,696[m [32mINFO  [m[[1;34mhttp-nio-8080-exec-6[m] [36mGlobalFilter[m - ----------- Client User: operaciones-orquestador-ext-back ----------
[30m2026-08-31T11:46:47,697[m [32mINFO  [m[[1;34mhttp-nio-8080-exec-6[m] [36mCalculationServiceImpl[m - Start method settleAccountsV1, side -> BUY
[30m2026-08-31T11:46:47,697[m [32mINFO  [m[[1;34mhttp-nio-8080-exec-6[m] [36mCalculationServiceImpl[m - End method settleAccountsV1
[30m2026-08-31T11:46:47,697[m [32mINFO  [m[[1;34mhttp-nio-8080-exec-6[m] [36mCalculationServiceImpl[m - PERF_ASSIGNMENT service=calculos operation=settleAccounts result=SUCCESS side=BUY fractionCount=1 totalMs=0 validationMs=0 calculationAndMappingMs=0 dbQueryCount=0
[30m2026-08-31T11:46:47,722[m [32mINFO  [m[[1;34mhttp-nio-8080-exec-8[m] [36mGlobalFilter[m - ----------- Client User: operaciones-orquestador-ext-back ----------
[30m2026-08-31T11:46:47,723[m [32mINFO  [m[[1;34mhttp-nio-8080-exec-8[m] [36mCalculationServiceImpl[m - Start method settleAccountsV1, side -> BUY
[30m2026-08-31T11:46:47,723[m [32mINFO  [m[[1;34mhttp-nio-8080-exec-8[m] [36mCalculationServiceImpl[m - End method settleAccountsV1
[30m2026-08-31T11:46:47,723[m [32mINFO  [m[[1;34mhttp-nio-8080-exec-8[m] [36mCalculationServiceImpl[m - PERF_ASSIGNMENT service=calculos operation=settleAccounts result=SUCCESS side=BUY fractionCount=1 totalMs=0 validationMs=0 calculationAndMappingMs=0 dbQueryCount=0
[30m2026-08-31T11:46:47,749[m [32mINFO  [m[[1;34mhttp-nio-8080-exec-7[m] [36mGlobalFilter[m - ----------- Client User: operaciones-orquestador-ext-back ----------
[30m2026-08-31T11:46:47,749[m [32mINFO  [m[[1;34mhttp-nio-8080-exec-7[m] [36mCalculationServiceImpl[m - Start method settleAccountsV1, side -> BUY
[30m2026-08-31T11:46:47,749[m [32mINFO  [m[[1;34mhttp-nio-8080-exec-7[m] [36mCalculationServiceImpl[m - End method settleAccountsV1
[30m2026-08-31T11:46:47,749[m [32mINFO  [m[[1;34mhttp-nio-8080-exec-7[m] [36mCalculationServiceImpl[m - PERF_ASSIGNMENT service=calculos operation=settleAccounts result=SUCCESS side=BUY fractionCount=1 totalMs=0 validationMs=0 calculationAndMappingMs=0 dbQueryCount=0
[30m2026-08-31T11:46:47,774[m [32mINFO  [m[[1;34mhttp-nio-8080-exec-9[m] [36mGlobalFilter[m - ----------- Client User: operaciones-orquestador-ext-back ----------
[30m2026-08-31T11:46:47,775[m [32mINFO  [m[[1;34mhttp-nio-8080-exec-9[m] [36mCalculationServiceImpl[m - Start method settleAccountsV1, side -> BUY
[30m2026-08-31T11:46:47,775[m [32mINFO  [m[[1;34mhttp-nio-8080-exec-9[m] [36mCalculationServiceImpl[m - End method settleAccountsV1
[30m2026-08-31T11:46:47,775[m [32mINFO  [m[[1;34mhttp-nio-8080-exec-9[m] [36mCalculationServiceImpl[m - PERF_ASSIGNMENT service=calculos operation=settleAccounts result=SUCCESS side=BUY fractionCount=1 totalMs=0 validationMs=0 calculationAndMappingMs=0 dbQueryCount=0
[30m2026-08-31T11:46:47,800[m [32mINFO  [m[[1;34mhttp-nio-8080-exec-2[m] [36mGlobalFilter[m - ----------- Client User: operaciones-orquestador-ext-back ----------
[30m2026-08-31T11:46:47,801[m [32mINFO  [m[[1;34mhttp-nio-8080-exec-2[m] [36mCalculationServiceImpl[m - Start method settleAccountsV1, side -> BUY
[30m2026-08-31T11:46:47,801[m [32mINFO  [m[[1;34mhttp-nio-8080-exec-2[m] [36mCalculationServiceImpl[m - End method settleAccountsV1
[30m2026-08-31T11:46:47,801[m [32mINFO  [m[[1;34mhttp-nio-8080-exec-2[m] [36mCalculationServiceImpl[m - PERF_ASSIGNMENT service=calculos operation=settleAccounts result=SUCCESS side=BUY fractionCount=1 totalMs=0 validationMs=0 calculationAndMappingMs=0 dbQueryCount=0
[30m2026-08-31T11:46:47,826[m [32mINFO  [m[[1;34mhttp-nio-8080-exec-10[m] [36mGlobalFilter[m - ----------- Client User: operaciones-orquestador-ext-back ----------
[30m2026-08-31T11:46:47,826[m [32mINFO  [m[[1;34mhttp-nio-8080-exec-10[m] [36mCalculationServiceImpl[m - Start method settleAccountsV1, side -> BUY
[30m2026-08-31T11:46:47,826[m [32mINFO  [m[[1;34mhttp-nio-8080-exec-10[m] [36mCalculationServiceImpl[m - End method settleAccountsV1
[30m2026-08-31T11:46:47,826[m [32mINFO  [m[[1;34mhttp-nio-8080-exec-10[m] [36mCalculationServiceImpl[m - PERF_ASSIGNMENT service=calculos operation=settleAccounts result=SUCCESS side=BUY fractionCount=1 totalMs=0 validationMs=0 calculationAndMappingMs=0 dbQueryCount=0
[30m2026-08-31T11:46:47,851[m [32mINFO  [m[[1;34mhttp-nio-8080-exec-5[m] [36mGlobalFilter[m - ----------- Client User: operaciones-orquestador-ext-back ----------
[30m2026-08-31T11:46:47,852[m [32mINFO  [m[[1;34mhttp-nio-8080-exec-5[m] [36mCalculationServiceImpl[m - Start method settleAccountsV1, side -> BUY
[30m2026-08-31T11:46:47,852[m [32mINFO  [m[[1;34mhttp-nio-8080-exec-5[m] [36mCalculationServiceImpl[m - End method settleAccountsV1
[30m2026-08-31T11:46:47,852[m [32mINFO  [m[[1;34mhttp-nio-8080-exec-5[m] [36mCalculationServiceImpl[m - PERF_ASSIGNMENT service=calculos operation=settleAccounts result=SUCCESS side=BUY fractionCount=1 totalMs=0 validationMs=0 calculationAndMappingMs=0 dbQueryCount=0
[30m2026-08-31T11:46:47,876[m [32mINFO  [m[[1;34mhttp-nio-8080-exec-1[m] [36mGlobalFilter[m - ----------- Client User: operaciones-orquestador-ext-back ----------
[30m2026-08-31T11:46:47,877[m [32mINFO  [m[[1;34mhttp-nio-8080-exec-1[m] [36mCalculationServiceImpl[m - Start method settleAccountsV1, side -> BUY
[30m2026-08-31T11:46:47,877[m [32mINFO  [m[[1;34mhttp-nio-8080-exec-1[m] [36mCalculationServiceImpl[m - End method settleAccountsV1
[30m2026-08-31T11:46:47,877[m [32mINFO  [m[[1;34mhttp-nio-8080-exec-1[m] [36mCalculationServiceImpl[m - PERF_ASSIGNMENT service=calculos operation=settleAccounts result=SUCCESS side=BUY fractionCount=1 totalMs=0 validationMs=0 calculationAndMappingMs=0 dbQueryCount=0
[30m2026-08-31T11:46:47,903[m [32mINFO  [m[[1;34mhttp-nio-8080-exec-3[m] [36mGlobalFilter[m - ----------- Client User: operaciones-orquestador-ext-back ----------
[30m2026-08-31T11:46:47,904[m [32mINFO  [m[[1;34mhttp-nio-8080-exec-3[m] [36mCalculationServiceImpl[m - Start method settleAccountsV1, side -> BUY
[30m2026-08-31T11:46:47,904[m [32mINFO  [m[[1;34mhttp-nio-8080-exec-3[m] [36mCalculationServiceImpl[m - End method settleAccountsV1
[30m2026-08-31T11:46:47,904[m [32mINFO  [m[[1;34mhttp-nio-8080-exec-3[m] [36mCalculationServiceImpl[m - PERF_ASSIGNMENT service=calculos operation=settleAccounts result=SUCCESS side=BUY fractionCount=1 totalMs=0 validationMs=0 calculationAndMappingMs=0 dbQueryCount=0
[30m2026-08-31T11:46:47,930[m [32mINFO  [m[[1;34mhttp-nio-8080-exec-4[m] [36mGlobalFilter[m - ----------- Client User: operaciones-orquestador-ext-back ----------
[30m2026-08-31T11:46:47,931[m [32mINFO  [m[[1;34mhttp-nio-8080-exec-4[m] [36mCalculationServiceImpl[m - Start method settleAccountsV1, side -> BUY
[30m2026-08-31T11:46:47,931[m [32mINFO  [m[[1;34mhttp-nio-8080-exec-4[m] [36mCalculationServiceImpl[m - End method settleAccountsV1
[30m2026-08-31T11:46:47,931[m [32mINFO  [m[[1;34mhttp-nio-8080-exec-4[m] [36mCalculationServiceImpl[m - PERF_ASSIGNMENT service=calculos operation=settleAccounts result=SUCCESS side=BUY fractionCount=1 totalMs=0 validationMs=0 calculationAndMappingMs=0 dbQueryCount=0
[30m2026-08-31T11:46:47,957[m [32mINFO  [m[[1;34mhttp-nio-8080-exec-6[m] [36mGlobalFilter[m - ----------- Client User: operaciones-orquestador-ext-back ----------
[30m2026-08-31T11:46:47,957[m [32mINFO  [m[[1;34mhttp-nio-8080-exec-6[m] [36mCalculationServiceImpl[m - Start method settleAccountsV1, side -> BUY
[30m2026-08-31T11:46:47,958[m [32mINFO  [m[[1;34mhttp-nio-8080-exec-6[m] [36mCalculationServiceImpl[m - End method settleAccountsV1
[30m2026-08-31T11:46:47,958[m [32mINFO  [m[[1;34mhttp-nio-8080-exec-6[m] [36mCalculationServiceImpl[m - PERF_ASSIGNMENT service=calculos operation=settleAccounts result=SUCCESS side=BUY fractionCount=1 totalMs=0 validationMs=0 calculationAndMappingMs=0 dbQueryCount=0
[30m2026-08-31T11:46:47,984[m [32mINFO  [m[[1;34mhttp-nio-8080-exec-8[m] [36mGlobalFilter[m - ----------- Client User: operaciones-orquestador-ext-back ----------
[30m2026-08-31T11:46:47,984[m [32mINFO  [m[[1;34mhttp-nio-8080-exec-8[m] [36mCalculationServiceImpl[m - Start method settleAccountsV1, side -> BUY
[30m2026-08-31T11:46:47,984[m [32mINFO  [m[[1;34mhttp-nio-8080-exec-8[m] [36mCalculationServiceImpl[m - End method settleAccountsV1
[30m2026-08-31T11:46:47,984[m [32mINFO  [m[[1;34mhttp-nio-8080-exec-8[m] [36mCalculationServiceImpl[m - PERF_ASSIGNMENT service=calculos operation=settleAccounts result=SUCCESS side=BUY fractionCount=1 totalMs=0 validationMs=0 calculationAndMappingMs=0 dbQueryCount=0
[30m2026-08-31T11:46:48,009[m [32mINFO  [m[[1;34mhttp-nio-8080-exec-7[m] [36mGlobalFilter[m - ----------- Client User: operaciones-orquestador-ext-back ----------
[30m2026-08-31T11:46:48,010[m [32mINFO  [m[[1;34mhttp-nio-8080-exec-7[m] [36mCalculationServiceImpl[m - Start method settleAccountsV1, side -> BUY
[30m2026-08-31T11:46:48,010[m [32mINFO  [m[[1;34mhttp-nio-8080-exec-7[m] [36mCalculationServiceImpl[m - End method settleAccountsV1
[30m2026-08-31T11:46:48,010[m [32mINFO  [m[[1;34mhttp-nio-8080-exec-7[m] [36mCalculationServiceImpl[m - PERF_ASSIGNMENT service=calculos operation=settleAccounts result=SUCCESS side=BUY fractionCount=1 totalMs=0 validationMs=0 calculationAndMappingMs=0 dbQueryCount=0
[30m2026-08-31T11:46:48,037[m [32mINFO  [m[[1;34mhttp-nio-8080-exec-9[m] [36mGlobalFilter[m - ----------- Client User: operaciones-orquestador-ext-back ----------
[30m2026-08-31T11:46:48,037[m [32mINFO  [m[[1;34mhttp-nio-8080-exec-9[m] [36mCalculationServiceImpl[m - Start method settleAccountsV1, side -> BUY
[30m2026-08-31T11:46:48,037[m [32mINFO  [m[[1;34mhttp-nio-8080-exec-9[m] [36mCalculationServiceImpl[m - End method settleAccountsV1
[30m2026-08-31T11:46:48,037[m [32mINFO  [m[[1;34mhttp-nio-8080-exec-9[m] [36mCalculationServiceImpl[m - PERF_ASSIGNMENT service=calculos operation=settleAccounts result=SUCCESS side=BUY fractionCount=1 totalMs=0 validationMs=0 calculationAndMappingMs=0 dbQueryCount=0
[30m2026-08-31T11:46:48,064[m [32mINFO  [m[[1;34mhttp-nio-8080-exec-2[m] [36mGlobalFilter[m - ----------- Client User: operaciones-orquestador-ext-back ----------
[30m2026-08-31T11:46:48,065[m [32mINFO  [m[[1;34mhttp-nio-8080-exec-2[m] [36mCalculationServiceImpl[m - Start method settleAccountsV1, side -> BUY
[30m2026-08-31T11:46:48,065[m [32mINFO  [m[[1;34mhttp-nio-8080-exec-2[m] [36mCalculationServiceImpl[m - End method settleAccountsV1
[30m2026-08-31T11:46:48,065[m [32mINFO  [m[[1;34mhttp-nio-8080-exec-2[m] [36mCalculationServiceImpl[m - PERF_ASSIGNMENT service=calculos operation=settleAccounts result=SUCCESS side=BUY fractionCount=1 totalMs=0 validationMs=0 calculationAndMappingMs=0 dbQueryCount=0
[30m2026-08-31T11:46:48,090[m [32mINFO  [m[[1;34mhttp-nio-8080-exec-10[m] [36mGlobalFilter[m - ----------- Client User: operaciones-orquestador-ext-back ----------
[30m2026-08-31T11:46:48,091[m [32mINFO  [m[[1;34mhttp-nio-8080-exec-10[m] [36mCalculationServiceImpl[m - Start method settleAccountsV1, side -> BUY
[30m2026-08-31T11:46:48,091[m [32mINFO  [m[[1;34mhttp-nio-8080-exec-10[m] [36mCalculationServiceImpl[m - End method settleAccountsV1
[30m2026-08-31T11:46:48,091[m [32mINFO  [m[[1;34mhttp-nio-8080-exec-10[m] [36mCalculationServiceImpl[m - PERF_ASSIGNMENT service=calculos operation=settleAccounts result=SUCCESS side=BUY fractionCount=1 totalMs=0 validationMs=0 calculationAndMappingMs=0 dbQueryCount=0
[30m2026-08-31T11:46:48,116[m [32mINFO  [m[[1;34mhttp-nio-8080-exec-5[m] [36mGlobalFilter[m - ----------- Client User: operaciones-orquestador-ext-back ----------
[30m2026-08-31T11:46:48,117[m [32mINFO  [m[[1;34mhttp-nio-8080-exec-5[m] [36mCalculationServiceImpl[m - Start method settleAccountsV1, side -> BUY
[30m2026-08-31T11:46:48,117[m [32mINFO  [m[[1;34mhttp-nio-8080-exec-5[m] [36mCalculationServiceImpl[m - End method settleAccountsV1
[30m2026-08-31T11:46:48,117[m [32mINFO  [m[[1;34mhttp-nio-8080-exec-5[m] [36mCalculationServiceImpl[m - PERF_ASSIGNMENT service=calculos operation=settleAccounts result=SUCCESS side=BUY fractionCount=1 totalMs=0 validationMs=0 calculationAndMappingMs=0 dbQueryCount=0
[30m2026-08-31T11:46:48,143[m [32mINFO  [m[[1;34mhttp-nio-8080-exec-1[m] [36mGlobalFilter[m - ----------- Client User: operaciones-orquestador-ext-back ----------
[30m2026-08-31T11:46:48,144[m [32mINFO  [m[[1;34mhttp-nio-8080-exec-1[m] [36mCalculationServiceImpl[m - Start method settleAccountsV1, side -> BUY
[30m2026-08-31T11:46:48,144[m [32mINFO  [m[[1;34mhttp-nio-8080-exec-1[m] [36mCalculationServiceImpl[m - End method settleAccountsV1
[30m2026-08-31T11:46:48,144[m [32mINFO  [m[[1;34mhttp-nio-8080-exec-1[m] [36mCalculationServiceImpl[m - PERF_ASSIGNMENT service=calculos operation=settleAccounts result=SUCCESS side=BUY fractionCount=1 totalMs=0 validationMs=0 calculationAndMappingMs=0 dbQueryCount=0
[30m2026-08-31T11:46:48,304[m [32mINFO  [m[[1;34mhttp-nio-8080-exec-3[m] [36mGlobalFilter[m - ----------- Client User: operaciones-orquestador-ext-back ----------
[30m2026-08-31T11:46:48,305[m [32mINFO  [m[[1;34mhttp-nio-8080-exec-3[m] [36mCalculationServiceImpl[m - Start method settleAccountsV1, side -> BUY
[30m2026-08-31T11:46:48,305[m [32mINFO  [m[[1;34mhttp-nio-8080-exec-3[m] [36mCalculationServiceImpl[m - End method settleAccountsV1
[30m2026-08-31T11:46:48,305[m [32mINFO  [m[[1;34mhttp-nio-8080-exec-3[m] [36mCalculationServiceImpl[m - PERF_ASSIGNMENT service=calculos operation=settleAccounts result=SUCCESS side=BUY fractionCount=1 totalMs=0 validationMs=0 calculationAndMappingMs=0 dbQueryCount=0
[30m2026-08-31T11:46:48,334[m [32mINFO  [m[[1;34mhttp-nio-8080-exec-4[m] [36mGlobalFilter[m - ----------- Client User: operaciones-orquestador-ext-back ----------
[30m2026-08-31T11:46:48,334[m [32mINFO  [m[[1;34mhttp-nio-8080-exec-4[m] [36mCalculationServiceImpl[m - Start method settleAccountsV1, side -> BUY
[30m2026-08-31T11:46:48,334[m [32mINFO  [m[[1;34mhttp-nio-8080-exec-4[m] [36mCalculationServiceImpl[m - End method settleAccountsV1
[30m2026-08-31T11:46:48,334[m [32mINFO  [m[[1;34mhttp-nio-8080-exec-4[m] [36mCalculationServiceImpl[m - PERF_ASSIGNMENT service=calculos operation=settleAccounts result=SUCCESS side=BUY fractionCount=1 totalMs=0 validationMs=0 calculationAndMappingMs=0 dbQueryCount=0
[30m2026-08-31T11:46:48,359[m [32mINFO  [m[[1;34mhttp-nio-8080-exec-6[m] [36mGlobalFilter[m - ----------- Client User: operaciones-orquestador-ext-back ----------
[30m2026-08-31T11:46:48,360[m [32mINFO  [m[[1;34mhttp-nio-8080-exec-6[m] [36mCalculationServiceImpl[m - Start method settleAccountsV1, side -> BUY
[30m2026-08-31T11:46:48,360[m [32mINFO  [m[[1;34mhttp-nio-8080-exec-6[m] [36mCalculationServiceImpl[m - End method settleAccountsV1
[30m2026-08-31T11:46:48,360[m [32mINFO  [m[[1;34mhttp-nio-8080-exec-6[m] [36mCalculationServiceImpl[m - PERF_ASSIGNMENT service=calculos operation=settleAccounts result=SUCCESS side=BUY fractionCount=1 totalMs=0 validationMs=0 calculationAndMappingMs=0 dbQueryCount=0
[30m2026-08-31T11:46:48,387[m [32mINFO  [m[[1;34mhttp-nio-8080-exec-8[m] [36mGlobalFilter[m - ----------- Client User: operaciones-orquestador-ext-back ----------
[30m2026-08-31T11:46:48,387[m [32mINFO  [m[[1;34mhttp-nio-8080-exec-8[m] [36mCalculationServiceImpl[m - Start method settleAccountsV1, side -> BUY
[30m2026-08-31T11:46:48,387[m [32mINFO  [m[[1;34mhttp-nio-8080-exec-8[m] [36mCalculationServiceImpl[m - End method settleAccountsV1
[30m2026-08-31T11:46:48,387[m [32mINFO  [m[[1;34mhttp-nio-8080-exec-8[m] [36mCalculationServiceImpl[m - PERF_ASSIGNMENT service=calculos operation=settleAccounts result=SUCCESS side=BUY fractionCount=1 totalMs=0 validationMs=0 calculationAndMappingMs=0 dbQueryCount=0
[30m2026-08-31T11:46:48,414[m [32mINFO  [m[[1;34mhttp-nio-8080-exec-7[m] [36mGlobalFilter[m - ----------- Client User: operaciones-orquestador-ext-back ----------
[30m2026-08-31T11:46:48,414[m [32mINFO  [m[[1;34mhttp-nio-8080-exec-7[m] [36mCalculationServiceImpl[m - Start method settleAccountsV1, side -> BUY
[30m2026-08-31T11:46:48,414[m [32mINFO  [m[[1;34mhttp-nio-8080-exec-7[m] [36mCalculationServiceImpl[m - End method settleAccountsV1
[30m2026-08-31T11:46:48,414[m [32mINFO  [m[[1;34mhttp-nio-8080-exec-7[m] [36mCalculationServiceImpl[m - PERF_ASSIGNMENT service=calculos operation=settleAccounts result=SUCCESS side=BUY fractionCount=1 totalMs=0 validationMs=0 calculationAndMappingMs=0 dbQueryCount=0
[30m2026-08-31T11:46:48,440[m [32mINFO  [m[[1;34mhttp-nio-8080-exec-9[m] [36mGlobalFilter[m - ----------- Client User: operaciones-orquestador-ext-back ----------
[30m2026-08-31T11:46:48,441[m [32mINFO  [m[[1;34mhttp-nio-8080-exec-9[m] [36mCalculationServiceImpl[m - Start method settleAccountsV1, side -> BUY
[30m2026-08-31T11:46:48,441[m [32mINFO  [m[[1;34mhttp-nio-8080-exec-9[m] [36mCalculationServiceImpl[m - End method settleAccountsV1
[30m2026-08-31T11:46:48,441[m [32mINFO  [m[[1;34mhttp-nio-8080-exec-9[m] [36mCalculationServiceImpl[m - PERF_ASSIGNMENT service=calculos operation=settleAccounts result=SUCCESS side=BUY fractionCount=1 totalMs=0 validationMs=0 calculationAndMappingMs=0 dbQueryCount=0
[30m2026-08-31T11:46:48,468[m [32mINFO  [m[[1;34mhttp-nio-8080-exec-2[m] [36mGlobalFilter[m - ----------- Client User: operaciones-orquestador-ext-back ----------
[30m2026-08-31T11:46:48,469[m [32mINFO  [m[[1;34mhttp-nio-8080-exec-2[m] [36mCalculationServiceImpl[m - Start method settleAccountsV1, side -> BUY
[30m2026-08-31T11:46:48,469[m [32mINFO  [m[[1;34mhttp-nio-8080-exec-2[m] [36mCalculationServiceImpl[m - End method settleAccountsV1
[30m2026-08-31T11:46:48,469[m [32mINFO  [m[[1;34mhttp-nio-8080-exec-2[m] [36mCalculationServiceImpl[m - PERF_ASSIGNMENT service=calculos operation=settleAccounts result=SUCCESS side=BUY fractionCount=1 totalMs=0 validationMs=0 calculationAndMappingMs=0 dbQueryCount=0
[30m2026-08-31T11:46:48,495[m [32mINFO  [m[[1;34mhttp-nio-8080-exec-10[m] [36mGlobalFilter[m - ----------- Client User: operaciones-orquestador-ext-back ----------
[30m2026-08-31T11:46:48,496[m [32mINFO  [m[[1;34mhttp-nio-8080-exec-10[m] [36mCalculationServiceImpl[m - Start method settleAccountsV1, side -> BUY
[30m2026-08-31T11:46:48,496[m [32mINFO  [m[[1;34mhttp-nio-8080-exec-10[m] [36mCalculationServiceImpl[m - End method settleAccountsV1
[30m2026-08-31T11:46:48,496[m [32mINFO  [m[[1;34mhttp-nio-8080-exec-10[m] [36mCalculationServiceImpl[m - PERF_ASSIGNMENT service=calculos operation=settleAccounts result=SUCCESS side=BUY fractionCount=1 totalMs=0 validationMs=0 calculationAndMappingMs=0 dbQueryCount=0
[30m2026-08-31T11:46:48,520[m [32mINFO  [m[[1;34mhttp-nio-8080-exec-5[m] [36mGlobalFilter[m - ----------- Client User: operaciones-orquestador-ext-back ----------
[30m2026-08-31T11:46:48,521[m [32mINFO  [m[[1;34mhttp-nio-8080-exec-5[m] [36mCalculationServiceImpl[m - Start method settleAccountsV1, side -> BUY
[30m2026-08-31T11:46:48,521[m [32mINFO  [m[[1;34mhttp-nio-8080-exec-5[m] [36mCalculationServiceImpl[m - End method settleAccountsV1
[30m2026-08-31T11:46:48,521[m [32mINFO  [m[[1;34mhttp-nio-8080-exec-5[m] [36mCalculationServiceImpl[m - PERF_ASSIGNMENT service=calculos operation=settleAccounts result=SUCCESS side=BUY fractionCount=1 totalMs=0 validationMs=0 calculationAndMappingMs=0 dbQueryCount=0
[30m2026-08-31T11:46:48,547[m [32mINFO  [m[[1;34mhttp-nio-8080-exec-1[m] [36mGlobalFilter[m - ----------- Client User: operaciones-orquestador-ext-back ----------
[30m2026-08-31T11:46:48,547[m [32mINFO  [m[[1;34mhttp-nio-8080-exec-1[m] [36mCalculationServiceImpl[m - Start method settleAccountsV1, side -> BUY
[30m2026-08-31T11:46:48,547[m [32mINFO  [m[[1;34mhttp-nio-8080-exec-1[m] [36mCalculationServiceImpl[m - End method settleAccountsV1
[30m2026-08-31T11:46:48,547[m [32mINFO  [m[[1;34mhttp-nio-8080-exec-1[m] [36mCalculationServiceImpl[m - PERF_ASSIGNMENT service=calculos operation=settleAccounts result=SUCCESS side=BUY fractionCount=1 totalMs=0 validationMs=0 calculationAndMappingMs=0 dbQueryCount=0
[30m2026-08-31T11:46:48,573[m [32mINFO  [m[[1;34mhttp-nio-8080-exec-3[m] [36mGlobalFilter[m - ----------- Client User: operaciones-orquestador-ext-back ----------
[30m2026-08-31T11:46:48,573[m [32mINFO  [m[[1;34mhttp-nio-8080-exec-3[m] [36mCalculationServiceImpl[m - Start method settleAccountsV1, side -> BUY
[30m2026-08-31T11:46:48,573[m [32mINFO  [m[[1;34mhttp-nio-8080-exec-3[m] [36mCalculationServiceImpl[m - End method settleAccountsV1
[30m2026-08-31T11:46:48,573[m [32mINFO  [m[[1;34mhttp-nio-8080-exec-3[m] [36mCalculationServiceImpl[m - PERF_ASSIGNMENT service=calculos operation=settleAccounts result=SUCCESS side=BUY fractionCount=1 totalMs=0 validationMs=0 calculationAndMappingMs=0 dbQueryCount=0
[30m2026-08-31T11:46:48,600[m [32mINFO  [m[[1;34mhttp-nio-8080-exec-4[m] [36mGlobalFilter[m - ----------- Client User: operaciones-orquestador-ext-back ----------
[30m2026-08-31T11:46:48,600[m [32mINFO  [m[[1;34mhttp-nio-8080-exec-4[m] [36mCalculationServiceImpl[m - Start method settleAccountsV1, side -> BUY
[30m2026-08-31T11:46:48,600[m [32mINFO  [m[[1;34mhttp-nio-8080-exec-4[m] [36mCalculationServiceImpl[m - End method settleAccountsV1
[30m2026-08-31T11:46:48,600[m [32mINFO  [m[[1;34mhttp-nio-8080-exec-4[m] [36mCalculationServiceImpl[m - PERF_ASSIGNMENT service=calculos operation=settleAccounts result=SUCCESS side=BUY fractionCount=1 totalMs=0 validationMs=0 calculationAndMappingMs=0 dbQueryCount=0
[30m2026-08-31T11:46:48,626[m [32mINFO  [m[[1;34mhttp-nio-8080-exec-6[m] [36mGlobalFilter[m - ----------- Client User: operaciones-orquestador-ext-back ----------
[30m2026-08-31T11:46:48,627[m [32mINFO  [m[[1;34mhttp-nio-8080-exec-6[m] [36mCalculationServiceImpl[m - Start method settleAccountsV1, side -> BUY
[30m2026-08-31T11:46:48,627[m [32mINFO  [m[[1;34mhttp-nio-8080-exec-6[m] [36mCalculationServiceImpl[m - End method settleAccountsV1
[30m2026-08-31T11:46:48,627[m [32mINFO  [m[[1;34mhttp-nio-8080-exec-6[m] [36mCalculationServiceImpl[m - PERF_ASSIGNMENT service=calculos operation=settleAccounts result=SUCCESS side=BUY fractionCount=1 totalMs=0 validationMs=0 calculationAndMappingMs=0 dbQueryCount=0
[30m2026-08-31T11:46:48,653[m [32mINFO  [m[[1;34mhttp-nio-8080-exec-8[m] [36mGlobalFilter[m - ----------- Client User: operaciones-orquestador-ext-back ----------
[30m2026-08-31T11:46:48,653[m [32mINFO  [m[[1;34mhttp-nio-8080-exec-8[m] [36mCalculationServiceImpl[m - Start method settleAccountsV1, side -> BUY
[30m2026-08-31T11:46:48,653[m [32mINFO  [m[[1;34mhttp-nio-8080-exec-8[m] [36mCalculationServiceImpl[m - End method settleAccountsV1
[30m2026-08-31T11:46:48,653[m [32mINFO  [m[[1;34mhttp-nio-8080-exec-8[m] [36mCalculationServiceImpl[m - PERF_ASSIGNMENT service=calculos operation=settleAccounts result=SUCCESS side=BUY fractionCount=1 totalMs=0 validationMs=0 calculationAndMappingMs=0 dbQueryCount=0
[30m2026-08-31T11:46:48,679[m [32mINFO  [m[[1;34mhttp-nio-8080-exec-7[m] [36mGlobalFilter[m - ----------- Client User: operaciones-orquestador-ext-back ----------
[30m2026-08-31T11:46:48,680[m [32mINFO  [m[[1;34mhttp-nio-8080-exec-7[m] [36mCalculationServiceImpl[m - Start method settleAccountsV1, side -> BUY
[30m2026-08-31T11:46:48,680[m [32mINFO  [m[[1;34mhttp-nio-8080-exec-7[m] [36mCalculationServiceImpl[m - End method settleAccountsV1
[30m2026-08-31T11:46:48,680[m [32mINFO  [m[[1;34mhttp-nio-8080-exec-7[m] [36mCalculationServiceImpl[m - PERF_ASSIGNMENT service=calculos operation=settleAccounts result=SUCCESS side=BUY fractionCount=1 totalMs=0 validationMs=0 calculationAndMappingMs=0 dbQueryCount=0
[30m2026-08-31T11:46:48,706[m [32mINFO  [m[[1;34mhttp-nio-8080-exec-9[m] [36mGlobalFilter[m - ----------- Client User: operaciones-orquestador-ext-back ----------
[30m2026-08-31T11:46:48,707[m [32mINFO  [m[[1;34mhttp-nio-8080-exec-9[m] [36mCalculationServiceImpl[m - Start method settleAccountsV1, side -> BUY
[30m2026-08-31T11:46:48,707[m [32mINFO  [m[[1;34mhttp-nio-8080-exec-9[m] [36mCalculationServiceImpl[m - End method settleAccountsV1
[30m2026-08-31T11:46:48,707[m [32mINFO  [m[[1;34mhttp-nio-8080-exec-9[m] [36mCalculationServiceImpl[m - PERF_ASSIGNMENT service=calculos operation=settleAccounts result=SUCCESS side=BUY fractionCount=1 totalMs=0 validationMs=0 calculationAndMappingMs=0 dbQueryCount=0
[30m2026-08-31T11:46:48,732[m [32mINFO  [m[[1;34mhttp-nio-8080-exec-2[m] [36mGlobalFilter[m - ----------- Client User: operaciones-orquestador-ext-back ----------
[30m2026-08-31T11:46:48,733[m [32mINFO  [m[[1;34mhttp-nio-8080-exec-2[m] [36mCalculationServiceImpl[m - Start method settleAccountsV1, side -> BUY
[30m2026-08-31T11:46:48,733[m [32mINFO  [m[[1;34mhttp-nio-8080-exec-2[m] [36mCalculationServiceImpl[m - End method settleAccountsV1
[30m2026-08-31T11:46:48,733[m [32mINFO  [m[[1;34mhttp-nio-8080-exec-2[m] [36mCalculationServiceImpl[m - PERF_ASSIGNMENT service=calculos operation=settleAccounts result=SUCCESS side=BUY fractionCount=1 totalMs=0 validationMs=0 calculationAndMappingMs=0 dbQueryCount=0
[30m2026-08-31T11:46:48,758[m [32mINFO  [m[[1;34mhttp-nio-8080-exec-10[m] [36mGlobalFilter[m - ----------- Client User: operaciones-orquestador-ext-back ----------
[30m2026-08-31T11:46:48,759[m [32mINFO  [m[[1;34mhttp-nio-8080-exec-10[m] [36mCalculationServiceImpl[m - Start method settleAccountsV1, side -> BUY
[30m2026-08-31T11:46:48,759[m [32mINFO  [m[[1;34mhttp-nio-8080-exec-10[m] [36mCalculationServiceImpl[m - End method settleAccountsV1
[30m2026-08-31T11:46:48,759[m [32mINFO  [m[[1;34mhttp-nio-8080-exec-10[m] [36mCalculationServiceImpl[m - PERF_ASSIGNMENT service=calculos operation=settleAccounts result=SUCCESS side=BUY fractionCount=1 totalMs=0 validationMs=0 calculationAndMappingMs=0 dbQueryCount=0
[30m2026-08-31T11:46:48,786[m [32mINFO  [m[[1;34mhttp-nio-8080-exec-5[m] [36mGlobalFilter[m - ----------- Client User: operaciones-orquestador-ext-back ----------
[30m2026-08-31T11:46:48,786[m [32mINFO  [m[[1;34mhttp-nio-8080-exec-5[m] [36mCalculationServiceImpl[m - Start method settleAccountsV1, side -> BUY
[30m2026-08-31T11:46:48,786[m [32mINFO  [m[[1;34mhttp-nio-8080-exec-5[m] [36mCalculationServiceImpl[m - End method settleAccountsV1
[30m2026-08-31T11:46:48,786[m [32mINFO  [m[[1;34mhttp-nio-8080-exec-5[m] [36mCalculationServiceImpl[m - PERF_ASSIGNMENT service=calculos operation=settleAccounts result=SUCCESS side=BUY fractionCount=1 totalMs=0 validationMs=0 calculationAndMappingMs=0 dbQueryCount=0
[30m2026-08-31T11:46:48,814[m [32mINFO  [m[[1;34mhttp-nio-8080-exec-1[m] [36mGlobalFilter[m - ----------- Client User: operaciones-orquestador-ext-back ----------
[30m2026-08-31T11:46:48,814[m [32mINFO  [m[[1;34mhttp-nio-8080-exec-1[m] [36mCalculationServiceImpl[m - Start method settleAccountsV1, side -> BUY
[30m2026-08-31T11:46:48,814[m [32mINFO  [m[[1;34mhttp-nio-8080-exec-1[m] [36mCalculationServiceImpl[m - End method settleAccountsV1
[30m2026-08-31T11:46:48,815[m [32mINFO  [m[[1;34mhttp-nio-8080-exec-1[m] [36mCalculationServiceImpl[m - PERF_ASSIGNMENT service=calculos operation=settleAccounts result=SUCCESS side=BUY fractionCount=1 totalMs=0 validationMs=0 calculationAndMappingMs=0 dbQueryCount=0
[30m2026-08-31T11:46:48,840[m [32mINFO  [m[[1;34mhttp-nio-8080-exec-3[m] [36mGlobalFilter[m - ----------- Client User: operaciones-orquestador-ext-back ----------
[30m2026-08-31T11:46:48,841[m [32mINFO  [m[[1;34mhttp-nio-8080-exec-3[m] [36mCalculationServiceImpl[m - Start method settleAccountsV1, side -> BUY
[30m2026-08-31T11:46:48,841[m [32mINFO  [m[[1;34mhttp-nio-8080-exec-3[m] [36mCalculationServiceImpl[m - End method settleAccountsV1
[30m2026-08-31T11:46:48,841[m [32mINFO  [m[[1;34mhttp-nio-8080-exec-3[m] [36mCalculationServiceImpl[m - PERF_ASSIGNMENT service=calculos operation=settleAccounts result=SUCCESS side=BUY fractionCount=1 totalMs=0 validationMs=0 calculationAndMappingMs=0 dbQueryCount=0
[30m2026-08-31T11:46:48,867[m [32mINFO  [m[[1;34mhttp-nio-8080-exec-4[m] [36mGlobalFilter[m - ----------- Client User: operaciones-orquestador-ext-back ----------
[30m2026-08-31T11:46:48,868[m [32mINFO  [m[[1;34mhttp-nio-8080-exec-4[m] [36mCalculationServiceImpl[m - Start method settleAccountsV1, side -> BUY
[30m2026-08-31T11:46:48,868[m [32mINFO  [m[[1;34mhttp-nio-8080-exec-4[m] [36mCalculationServiceImpl[m - End method settleAccountsV1
[30m2026-08-31T11:46:48,868[m [32mINFO  [m[[1;34mhttp-nio-8080-exec-4[m] [36mCalculationServiceImpl[m - PERF_ASSIGNMENT service=calculos operation=settleAccounts result=SUCCESS side=BUY fractionCount=1 totalMs=0 validationMs=0 calculationAndMappingMs=0 dbQueryCount=0
[30m2026-08-31T11:46:48,894[m [32mINFO  [m[[1;34mhttp-nio-8080-exec-6[m] [36mGlobalFilter[m - ----------- Client User: operaciones-orquestador-ext-back ----------
[30m2026-08-31T11:46:48,895[m [32mINFO  [m[[1;34mhttp-nio-8080-exec-6[m] [36mCalculationServiceImpl[m - Start method settleAccountsV1, side -> BUY
[30m2026-08-31T11:46:48,895[m [32mINFO  [m[[1;34mhttp-nio-8080-exec-6[m] [36mCalculationServiceImpl[m - End method settleAccountsV1
[30m2026-08-31T11:46:48,895[m [32mINFO  [m[[1;34mhttp-nio-8080-exec-6[m] [36mCalculationServiceImpl[m - PERF_ASSIGNMENT service=calculos operation=settleAccounts result=SUCCESS side=BUY fractionCount=1 totalMs=0 validationMs=0 calculationAndMappingMs=0 dbQueryCount=0
[30m2026-08-31T11:46:48,921[m [32mINFO  [m[[1;34mhttp-nio-8080-exec-8[m] [36mGlobalFilter[m - ----------- Client User: operaciones-orquestador-ext-back ----------
[30m2026-08-31T11:46:48,922[m [32mINFO  [m[[1;34mhttp-nio-8080-exec-8[m] [36mCalculationServiceImpl[m - Start method settleAccountsV1, side -> BUY
[30m2026-08-31T11:46:48,922[m [32mINFO  [m[[1;34mhttp-nio-8080-exec-8[m] [36mCalculationServiceImpl[m - End method settleAccountsV1
[30m2026-08-31T11:46:48,922[m [32mINFO  [m[[1;34mhttp-nio-8080-exec-8[m] [36mCalculationServiceImpl[m - PERF_ASSIGNMENT service=calculos operation=settleAccounts result=SUCCESS side=BUY fractionCount=1 totalMs=0 validationMs=0 calculationAndMappingMs=0 dbQueryCount=0
[30m2026-08-31T11:46:48,948[m [32mINFO  [m[[1;34mhttp-nio-8080-exec-7[m] [36mGlobalFilter[m - ----------- Client User: operaciones-orquestador-ext-back ----------
[30m2026-08-31T11:46:48,948[m [32mINFO  [m[[1;34mhttp-nio-8080-exec-7[m] [36mCalculationServiceImpl[m - Start method settleAccountsV1, side -> BUY
[30m2026-08-31T11:46:48,949[m [32mINFO  [m[[1;34mhttp-nio-8080-exec-7[m] [36mCalculationServiceImpl[m - End method settleAccountsV1
[30m2026-08-31T11:46:48,949[m [32mINFO  [m[[1;34mhttp-nio-8080-exec-7[m] [36mCalculationServiceImpl[m - PERF_ASSIGNMENT service=calculos operation=settleAccounts result=SUCCESS side=BUY fractionCount=1 totalMs=0 validationMs=0 calculationAndMappingMs=0 dbQueryCount=0
[30m2026-08-31T11:46:48,974[m [32mINFO  [m[[1;34mhttp-nio-8080-exec-9[m] [36mGlobalFilter[m - ----------- Client User: operaciones-orquestador-ext-back ----------
[30m2026-08-31T11:46:48,974[m [32mINFO  [m[[1;34mhttp-nio-8080-exec-9[m] [36mCalculationServiceImpl[m - Start method settleAccountsV1, side -> BUY
[30m2026-08-31T11:46:48,974[m [32mINFO  [m[[1;34mhttp-nio-8080-exec-9[m] [36mCalculationServiceImpl[m - End method settleAccountsV1
[30m2026-08-31T11:46:48,975[m [32mINFO  [m[[1;34mhttp-nio-8080-exec-9[m] [36mCalculationServiceImpl[m - PERF_ASSIGNMENT service=calculos operation=settleAccounts result=SUCCESS side=BUY fractionCount=1 totalMs=0 validationMs=0 calculationAndMappingMs=0 dbQueryCount=0
[30m2026-08-31T11:46:48,999[m [32mINFO  [m[[1;34mhttp-nio-8080-exec-2[m] [36mGlobalFilter[m - ----------- Client User: operaciones-orquestador-ext-back ----------
[30m2026-08-31T11:46:49,000[m [32mINFO  [m[[1;34mhttp-nio-8080-exec-2[m] [36mCalculationServiceImpl[m - Start method settleAccountsV1, side -> BUY
[30m2026-08-31T11:46:49,000[m [32mINFO  [m[[1;34mhttp-nio-8080-exec-2[m] [36mCalculationServiceImpl[m - End method settleAccountsV1
[30m2026-08-31T11:46:49,000[m [32mINFO  [m[[1;34mhttp-nio-8080-exec-2[m] [36mCalculationServiceImpl[m - PERF_ASSIGNMENT service=calculos operation=settleAccounts result=SUCCESS side=BUY fractionCount=1 totalMs=0 validationMs=0 calculationAndMappingMs=0 dbQueryCount=0
[30m2026-08-31T11:46:49,026[m [32mINFO  [m[[1;34mhttp-nio-8080-exec-10[m] [36mGlobalFilter[m - ----------- Client User: operaciones-orquestador-ext-back ----------
[30m2026-08-31T11:46:49,027[m [32mINFO  [m[[1;34mhttp-nio-8080-exec-10[m] [36mCalculationServiceImpl[m - Start method settleAccountsV1, side -> BUY
[30m2026-08-31T11:46:49,027[m [32mINFO  [m[[1;34mhttp-nio-8080-exec-10[m] [36mCalculationServiceImpl[m - End method settleAccountsV1
[30m2026-08-31T11:46:49,027[m [32mINFO  [m[[1;34mhttp-nio-8080-exec-10[m] [36mCalculationServiceImpl[m - PERF_ASSIGNMENT service=calculos operation=settleAccounts result=SUCCESS side=BUY fractionCount=1 totalMs=0 validationMs=0 calculationAndMappingMs=0 dbQueryCount=0
[30m2026-08-31T11:46:49,052[m [32mINFO  [m[[1;34mhttp-nio-8080-exec-5[m] [36mGlobalFilter[m - ----------- Client User: operaciones-orquestador-ext-back ----------
[30m2026-08-31T11:46:49,053[m [32mINFO  [m[[1;34mhttp-nio-8080-exec-5[m] [36mCalculationServiceImpl[m - Start method settleAccountsV1, side -> BUY
[30m2026-08-31T11:46:49,053[m [32mINFO  [m[[1;34mhttp-nio-8080-exec-5[m] [36mCalculationServiceImpl[m - End method settleAccountsV1
[30m2026-08-31T11:46:49,053[m [32mINFO  [m[[1;34mhttp-nio-8080-exec-5[m] [36mCalculationServiceImpl[m - PERF_ASSIGNMENT service=calculos operation=settleAccounts result=SUCCESS side=BUY fractionCount=1 totalMs=0 validationMs=0 calculationAndMappingMs=0 dbQueryCount=0
[30m2026-08-31T11:46:49,078[m [32mINFO  [m[[1;34mhttp-nio-8080-exec-1[m] [36mGlobalFilter[m - ----------- Client User: operaciones-orquestador-ext-back ----------
[30m2026-08-31T11:46:49,079[m [32mINFO  [m[[1;34mhttp-nio-8080-exec-1[m] [36mCalculationServiceImpl[m - Start method settleAccountsV1, side -> BUY
[30m2026-08-31T11:46:49,079[m [32mINFO  [m[[1;34mhttp-nio-8080-exec-1[m] [36mCalculationServiceImpl[m - End method settleAccountsV1
[30m2026-08-31T11:46:49,079[m [32mINFO  [m[[1;34mhttp-nio-8080-exec-1[m] [36mCalculationServiceImpl[m - PERF_ASSIGNMENT service=calculos operation=settleAccounts result=SUCCESS side=BUY fractionCount=1 totalMs=0 validationMs=0 calculationAndMappingMs=0 dbQueryCount=0
[30m2026-08-31T11:46:49,104[m [32mINFO  [m[[1;34mhttp-nio-8080-exec-3[m] [36mGlobalFilter[m - ----------- Client User: operaciones-orquestador-ext-back ----------
[30m2026-08-31T11:46:49,105[m [32mINFO  [m[[1;34mhttp-nio-8080-exec-3[m] [36mCalculationServiceImpl[m - Start method settleAccountsV1, side -> BUY
[30m2026-08-31T11:46:49,105[m [32mINFO  [m[[1;34mhttp-nio-8080-exec-3[m] [36mCalculationServiceImpl[m - End method settleAccountsV1
[30m2026-08-31T11:46:49,105[m [32mINFO  [m[[1;34mhttp-nio-8080-exec-3[m] [36mCalculationServiceImpl[m - PERF_ASSIGNMENT service=calculos operation=settleAccounts result=SUCCESS side=BUY fractionCount=1 totalMs=0 validationMs=0 calculationAndMappingMs=0 dbQueryCount=0
[30m2026-08-31T11:46:49,131[m [32mINFO  [m[[1;34mhttp-nio-8080-exec-4[m] [36mGlobalFilter[m - ----------- Client User: operaciones-orquestador-ext-back ----------
[30m2026-08-31T11:46:49,131[m [32mINFO  [m[[1;34mhttp-nio-8080-exec-4[m] [36mCalculationServiceImpl[m - Start method settleAccountsV1, side -> BUY
[30m2026-08-31T11:46:49,131[m [32mINFO  [m[[1;34mhttp-nio-8080-exec-4[m] [36mCalculationServiceImpl[m - End method settleAccountsV1
[30m2026-08-31T11:46:49,131[m [32mINFO  [m[[1;34mhttp-nio-8080-exec-4[m] [36mCalculationServiceImpl[m - PERF_ASSIGNMENT service=calculos operation=settleAccounts result=SUCCESS side=BUY fractionCount=1 totalMs=0 validationMs=0 calculationAndMappingMs=0 dbQueryCount=0
[30m2026-08-31T11:46:49,157[m [32mINFO  [m[[1;34mhttp-nio-8080-exec-6[m] [36mGlobalFilter[m - ----------- Client User: operaciones-orquestador-ext-back ----------
[30m2026-08-31T11:46:49,158[m [32mINFO  [m[[1;34mhttp-nio-8080-exec-6[m] [36mCalculationServiceImpl[m - Start method settleAccountsV1, side -> BUY
[30m2026-08-31T11:46:49,158[m [32mINFO  [m[[1;34mhttp-nio-8080-exec-6[m] [36mCalculationServiceImpl[m - End method settleAccountsV1
[30m2026-08-31T11:46:49,158[m [32mINFO  [m[[1;34mhttp-nio-8080-exec-6[m] [36mCalculationServiceImpl[m - PERF_ASSIGNMENT service=calculos operation=settleAccounts result=SUCCESS side=BUY fractionCount=1 totalMs=0 validationMs=0 calculationAndMappingMs=0 dbQueryCount=0
[30m2026-08-31T11:46:49,183[m [32mINFO  [m[[1;34mhttp-nio-8080-exec-8[m] [36mGlobalFilter[m - ----------- Client User: operaciones-orquestador-ext-back ----------
[30m2026-08-31T11:46:49,184[m [32mINFO  [m[[1;34mhttp-nio-8080-exec-8[m] [36mCalculationServiceImpl[m - Start method settleAccountsV1, side -> BUY
[30m2026-08-31T11:46:49,184[m [32mINFO  [m[[1;34mhttp-nio-8080-exec-8[m] [36mCalculationServiceImpl[m - End method settleAccountsV1
[30m2026-08-31T11:46:49,184[m [32mINFO  [m[[1;34mhttp-nio-8080-exec-8[m] [36mCalculationServiceImpl[m - PERF_ASSIGNMENT service=calculos operation=settleAccounts result=SUCCESS side=BUY fractionCount=1 totalMs=0 validationMs=0 calculationAndMappingMs=0 dbQueryCount=0
[30m2026-08-31T11:46:49,210[m [32mINFO  [m[[1;34mhttp-nio-8080-exec-7[m] [36mGlobalFilter[m - ----------- Client User: operaciones-orquestador-ext-back ----------
[30m2026-08-31T11:46:49,210[m [32mINFO  [m[[1;34mhttp-nio-8080-exec-7[m] [36mCalculationServiceImpl[m - Start method settleAccountsV1, side -> BUY
[30m2026-08-31T11:46:49,210[m [32mINFO  [m[[1;34mhttp-nio-8080-exec-7[m] [36mCalculationServiceImpl[m - End method settleAccountsV1
[30m2026-08-31T11:46:49,210[m [32mINFO  [m[[1;34mhttp-nio-8080-exec-7[m] [36mCalculationServiceImpl[m - PERF_ASSIGNMENT service=calculos operation=settleAccounts result=SUCCESS side=BUY fractionCount=1 totalMs=0 validationMs=0 calculationAndMappingMs=0 dbQueryCount=0
[30m2026-08-31T11:46:49,239[m [32mINFO  [m[[1;34mhttp-nio-8080-exec-9[m] [36mGlobalFilter[m - ----------- Client User: operaciones-orquestador-ext-back ----------
[30m2026-08-31T11:46:49,239[m [32mINFO  [m[[1;34mhttp-nio-8080-exec-9[m] [36mCalculationServiceImpl[m - Start method settleAccountsV1, side -> BUY
[30m2026-08-31T11:46:49,239[m [32mINFO  [m[[1;34mhttp-nio-8080-exec-9[m] [36mCalculationServiceImpl[m - End method settleAccountsV1
[30m2026-08-31T11:46:49,239[m [32mINFO  [m[[1;34mhttp-nio-8080-exec-9[m] [36mCalculationServiceImpl[m - PERF_ASSIGNMENT service=calculos operation=settleAccounts result=SUCCESS side=BUY fractionCount=1 totalMs=0 validationMs=0 calculationAndMappingMs=0 dbQueryCount=0
[30m2026-08-31T11:46:49,266[m [32mINFO  [m[[1;34mhttp-nio-8080-exec-2[m] [36mGlobalFilter[m - ----------- Client User: operaciones-orquestador-ext-back ----------
[30m2026-08-31T11:46:49,266[m [32mINFO  [m[[1;34mhttp-nio-8080-exec-2[m] [36mCalculationServiceImpl[m - Start method settleAccountsV1, side -> BUY
[30m2026-08-31T11:46:49,267[m [32mINFO  [m[[1;34mhttp-nio-8080-exec-2[m] [36mCalculationServiceImpl[m - End method settleAccountsV1
[30m2026-08-31T11:46:49,267[m [32mINFO  [m[[1;34mhttp-nio-8080-exec-2[m] [36mCalculationServiceImpl[m - PERF_ASSIGNMENT service=calculos operation=settleAccounts result=SUCCESS side=BUY fractionCount=1 totalMs=0 validationMs=0 calculationAndMappingMs=0 dbQueryCount=0
[30m2026-08-31T11:46:49,292[m [32mINFO  [m[[1;34mhttp-nio-8080-exec-10[m] [36mGlobalFilter[m - ----------- Client User: operaciones-orquestador-ext-back ----------
[30m2026-08-31T11:46:49,292[m [32mINFO  [m[[1;34mhttp-nio-8080-exec-10[m] [36mCalculationServiceImpl[m - Start method settleAccountsV1, side -> BUY
[30m2026-08-31T11:46:49,292[m [32mINFO  [m[[1;34mhttp-nio-8080-exec-10[m] [36mCalculationServiceImpl[m - End method settleAccountsV1
[30m2026-08-31T11:46:49,292[m [32mINFO  [m[[1;34mhttp-nio-8080-exec-10[m] [36mCalculationServiceImpl[m - PERF_ASSIGNMENT service=calculos operation=settleAccounts result=SUCCESS side=BUY fractionCount=1 totalMs=0 validationMs=0 calculationAndMappingMs=0 dbQueryCount=0
[30m2026-08-31T11:46:49,318[m [32mINFO  [m[[1;34mhttp-nio-8080-exec-5[m] [36mGlobalFilter[m - ----------- Client User: operaciones-orquestador-ext-back ----------
[30m2026-08-31T11:46:49,318[m [32mINFO  [m[[1;34mhttp-nio-8080-exec-5[m] [36mCalculationServiceImpl[m - Start method settleAccountsV1, side -> BUY
[30m2026-08-31T11:46:49,318[m [32mINFO  [m[[1;34mhttp-nio-8080-exec-5[m] [36mCalculationServiceImpl[m - End method settleAccountsV1
[30m2026-08-31T11:46:49,318[m [32mINFO  [m[[1;34mhttp-nio-8080-exec-5[m] [36mCalculationServiceImpl[m - PERF_ASSIGNMENT service=calculos operation=settleAccounts result=SUCCESS side=BUY fractionCount=1 totalMs=0 validationMs=0 calculationAndMappingMs=0 dbQueryCount=0
[30m2026-08-31T11:46:49,345[m [32mINFO  [m[[1;34mhttp-nio-8080-exec-1[m] [36mGlobalFilter[m - ----------- Client User: operaciones-orquestador-ext-back ----------
[30m2026-08-31T11:46:49,346[m [32mINFO  [m[[1;34mhttp-nio-8080-exec-1[m] [36mCalculationServiceImpl[m - Start method settleAccountsV1, side -> BUY
[30m2026-08-31T11:46:49,346[m [32mINFO  [m[[1;34mhttp-nio-8080-exec-1[m] [36mCalculationServiceImpl[m - End method settleAccountsV1
[30m2026-08-31T11:46:49,346[m [32mINFO  [m[[1;34mhttp-nio-8080-exec-1[m] [36mCalculationServiceImpl[m - PERF_ASSIGNMENT service=calculos operation=settleAccounts result=SUCCESS side=BUY fractionCount=1 totalMs=0 validationMs=0 calculationAndMappingMs=0 dbQueryCount=0
[30m2026-08-31T11:46:49,371[m [32mINFO  [m[[1;34mhttp-nio-8080-exec-3[m] [36mGlobalFilter[m - ----------- Client User: operaciones-orquestador-ext-back ----------
[30m2026-08-31T11:46:49,372[m [32mINFO  [m[[1;34mhttp-nio-8080-exec-3[m] [36mCalculationServiceImpl[m - Start method settleAccountsV1, side -> BUY
[30m2026-08-31T11:46:49,372[m [32mINFO  [m[[1;34mhttp-nio-8080-exec-3[m] [36mCalculationServiceImpl[m - End method settleAccountsV1
[30m2026-08-31T11:46:49,372[m [32mINFO  [m[[1;34mhttp-nio-8080-exec-3[m] [36mCalculationServiceImpl[m - PERF_ASSIGNMENT service=calculos operation=settleAccounts result=SUCCESS side=BUY fractionCount=1 totalMs=0 validationMs=0 calculationAndMappingMs=0 dbQueryCount=0
[30m2026-08-31T11:46:49,396[m [32mINFO  [m[[1;34mhttp-nio-8080-exec-4[m] [36mGlobalFilter[m - ----------- Client User: operaciones-orquestador-ext-back ----------
[30m2026-08-31T11:46:49,396[m [32mINFO  [m[[1;34mhttp-nio-8080-exec-4[m] [36mCalculationServiceImpl[m - Start method settleAccountsV1, side -> BUY
[30m2026-08-31T11:46:49,396[m [32mINFO  [m[[1;34mhttp-nio-8080-exec-4[m] [36mCalculationServiceImpl[m - End method settleAccountsV1
[30m2026-08-31T11:46:49,396[m [32mINFO  [m[[1;34mhttp-nio-8080-exec-4[m] [36mCalculationServiceImpl[m - PERF_ASSIGNMENT service=calculos operation=settleAccounts result=SUCCESS side=BUY fractionCount=1 totalMs=0 validationMs=0 calculationAndMappingMs=0 dbQueryCount=0
[30m2026-08-31T11:46:49,423[m [32mINFO  [m[[1;34mhttp-nio-8080-exec-6[m] [36mGlobalFilter[m - ----------- Client User: operaciones-orquestador-ext-back ----------
[30m2026-08-31T11:46:49,423[m [32mINFO  [m[[1;34mhttp-nio-8080-exec-6[m] [36mCalculationServiceImpl[m - Start method settleAccountsV1, side -> BUY
[30m2026-08-31T11:46:49,423[m [32mINFO  [m[[1;34mhttp-nio-8080-exec-6[m] [36mCalculationServiceImpl[m - End method settleAccountsV1
[30m2026-08-31T11:46:49,423[m [32mINFO  [m[[1;34mhttp-nio-8080-exec-6[m] [36mCalculationServiceImpl[m - PERF_ASSIGNMENT service=calculos operation=settleAccounts result=SUCCESS side=BUY fractionCount=1 totalMs=0 validationMs=0 calculationAndMappingMs=0 dbQueryCount=0
[30m2026-08-31T11:46:49,449[m [32mINFO  [m[[1;34mhttp-nio-8080-exec-8[m] [36mGlobalFilter[m - ----------- Client User: operaciones-orquestador-ext-back ----------
[30m2026-08-31T11:46:49,449[m [32mINFO  [m[[1;34mhttp-nio-8080-exec-8[m] [36mCalculationServiceImpl[m - Start method settleAccountsV1, side -> BUY
[30m2026-08-31T11:46:49,449[m [32mINFO  [m[[1;34mhttp-nio-8080-exec-8[m] [36mCalculationServiceImpl[m - End method settleAccountsV1
[30m2026-08-31T11:46:49,449[m [32mINFO  [m[[1;34mhttp-nio-8080-exec-8[m] [36mCalculationServiceImpl[m - PERF_ASSIGNMENT service=calculos operation=settleAccounts result=SUCCESS side=BUY fractionCount=1 totalMs=0 validationMs=0 calculationAndMappingMs=0 dbQueryCount=0
[30m2026-08-31T11:46:49,475[m [32mINFO  [m[[1;34mhttp-nio-8080-exec-7[m] [36mGlobalFilter[m - ----------- Client User: operaciones-orquestador-ext-back ----------
[30m2026-08-31T11:46:49,476[m [32mINFO  [m[[1;34mhttp-nio-8080-exec-7[m] [36mCalculationServiceImpl[m - Start method settleAccountsV1, side -> BUY
[30m2026-08-31T11:46:49,476[m [32mINFO  [m[[1;34mhttp-nio-8080-exec-7[m] [36mCalculationServiceImpl[m - End method settleAccountsV1
[30m2026-08-31T11:46:49,476[m [32mINFO  [m[[1;34mhttp-nio-8080-exec-7[m] [36mCalculationServiceImpl[m - PERF_ASSIGNMENT service=calculos operation=settleAccounts result=SUCCESS side=BUY fractionCount=1 totalMs=0 validationMs=0 calculationAndMappingMs=0 dbQueryCount=0
[30m2026-08-31T11:46:49,502[m [32mINFO  [m[[1;34mhttp-nio-8080-exec-9[m] [36mGlobalFilter[m - ----------- Client User: operaciones-orquestador-ext-back ----------
[30m2026-08-31T11:46:49,502[m [32mINFO  [m[[1;34mhttp-nio-8080-exec-9[m] [36mCalculationServiceImpl[m - Start method settleAccountsV1, side -> BUY
[30m2026-08-31T11:46:49,502[m [32mINFO  [m[[1;34mhttp-nio-8080-exec-9[m] [36mCalculationServiceImpl[m - End method settleAccountsV1
[30m2026-08-31T11:46:49,502[m [32mINFO  [m[[1;34mhttp-nio-8080-exec-9[m] [36mCalculationServiceImpl[m - PERF_ASSIGNMENT service=calculos operation=settleAccounts result=SUCCESS side=BUY fractionCount=1 totalMs=0 validationMs=0 calculationAndMappingMs=0 dbQueryCount=0
[30m2026-08-31T11:46:49,528[m [32mINFO  [m[[1;34mhttp-nio-8080-exec-2[m] [36mGlobalFilter[m - ----------- Client User: operaciones-orquestador-ext-back ----------
[30m2026-08-31T11:46:49,529[m [32mINFO  [m[[1;34mhttp-nio-8080-exec-2[m] [36mCalculationServiceImpl[m - Start method settleAccountsV1, side -> BUY
[30m2026-08-31T11:46:49,529[m [32mINFO  [m[[1;34mhttp-nio-8080-exec-2[m] [36mCalculationServiceImpl[m - End method settleAccountsV1
[30m2026-08-31T11:46:49,529[m [32mINFO  [m[[1;34mhttp-nio-8080-exec-2[m] [36mCalculationServiceImpl[m - PERF_ASSIGNMENT service=calculos operation=settleAccounts result=SUCCESS side=BUY fractionCount=1 totalMs=0 validationMs=0 calculationAndMappingMs=0 dbQueryCount=0
[30m2026-08-31T11:46:49,553[m [32mINFO  [m[[1;34mhttp-nio-8080-exec-10[m] [36mGlobalFilter[m - ----------- Client User: operaciones-orquestador-ext-back ----------
[30m2026-08-31T11:46:49,553[m [32mINFO  [m[[1;34mhttp-nio-8080-exec-10[m] [36mCalculationServiceImpl[m - Start method settleAccountsV1, side -> BUY
[30m2026-08-31T11:46:49,554[m [32mINFO  [m[[1;34mhttp-nio-8080-exec-10[m] [36mCalculationServiceImpl[m - End method settleAccountsV1
[30m2026-08-31T11:46:49,554[m [32mINFO  [m[[1;34mhttp-nio-8080-exec-10[m] [36mCalculationServiceImpl[m - PERF_ASSIGNMENT service=calculos operation=settleAccounts result=SUCCESS side=BUY fractionCount=1 totalMs=0 validationMs=0 calculationAndMappingMs=0 dbQueryCount=0
[30m2026-08-31T11:46:49,579[m [32mINFO  [m[[1;34mhttp-nio-8080-exec-5[m] [36mGlobalFilter[m - ----------- Client User: operaciones-orquestador-ext-back ----------
[30m2026-08-31T11:46:49,580[m [32mINFO  [m[[1;34mhttp-nio-8080-exec-5[m] [36mCalculationServiceImpl[m - Start method settleAccountsV1, side -> BUY
[30m2026-08-31T11:46:49,580[m [32mINFO  [m[[1;34mhttp-nio-8080-exec-5[m] [36mCalculationServiceImpl[m - End method settleAccountsV1
[30m2026-08-31T11:46:49,580[m [32mINFO  [m[[1;34mhttp-nio-8080-exec-5[m] [36mCalculationServiceImpl[m - PERF_ASSIGNMENT service=calculos operation=settleAccounts result=SUCCESS side=BUY fractionCount=1 totalMs=0 validationMs=0 calculationAndMappingMs=0 dbQueryCount=0
[30m2026-08-31T11:46:49,606[m [32mINFO  [m[[1;34mhttp-nio-8080-exec-1[m] [36mGlobalFilter[m - ----------- Client User: operaciones-orquestador-ext-back ----------
[30m2026-08-31T11:46:49,606[m [32mINFO  [m[[1;34mhttp-nio-8080-exec-1[m] [36mCalculationServiceImpl[m - Start method settleAccountsV1, side -> BUY
[30m2026-08-31T11:46:49,607[m [32mINFO  [m[[1;34mhttp-nio-8080-exec-1[m] [36mCalculationServiceImpl[m - End method settleAccountsV1
[30m2026-08-31T11:46:49,607[m [32mINFO  [m[[1;34mhttp-nio-8080-exec-1[m] [36mCalculationServiceImpl[m - PERF_ASSIGNMENT service=calculos operation=settleAccounts result=SUCCESS side=BUY fractionCount=1 totalMs=0 validationMs=0 calculationAndMappingMs=0 dbQueryCount=0
[30m2026-08-31T11:46:49,773[m [32mINFO  [m[[1;34mhttp-nio-8080-exec-3[m] [36mGlobalFilter[m - ----------- Client User: operaciones-orquestador-ext-back ----------
[30m2026-08-31T11:46:49,773[m [32mINFO  [m[[1;34mhttp-nio-8080-exec-3[m] [36mCalculationServiceImpl[m - Start method settleAccountsV1, side -> BUY
[30m2026-08-31T11:46:49,774[m [32mINFO  [m[[1;34mhttp-nio-8080-exec-3[m] [36mCalculationServiceImpl[m - End method settleAccountsV1
[30m2026-08-31T11:46:49,774[m [32mINFO  [m[[1;34mhttp-nio-8080-exec-3[m] [36mCalculationServiceImpl[m - PERF_ASSIGNMENT service=calculos operation=settleAccounts result=SUCCESS side=BUY fractionCount=1 totalMs=0 validationMs=0 calculationAndMappingMs=0 dbQueryCount=0
[30m2026-08-31T11:46:49,800[m [32mINFO  [m[[1;34mhttp-nio-8080-exec-4[m] [36mGlobalFilter[m - ----------- Client User: operaciones-orquestador-ext-back ----------
[30m2026-08-31T11:46:49,800[m [32mINFO  [m[[1;34mhttp-nio-8080-exec-4[m] [36mCalculationServiceImpl[m - Start method settleAccountsV1, side -> BUY
[30m2026-08-31T11:46:49,801[m [32mINFO  [m[[1;34mhttp-nio-8080-exec-4[m] [36mCalculationServiceImpl[m - End method settleAccountsV1
[30m2026-08-31T11:46:49,801[m [32mINFO  [m[[1;34mhttp-nio-8080-exec-4[m] [36mCalculationServiceImpl[m - PERF_ASSIGNMENT service=calculos operation=settleAccounts result=SUCCESS side=BUY fractionCount=1 totalMs=0 validationMs=0 calculationAndMappingMs=0 dbQueryCount=0
[30m2026-08-31T11:46:49,826[m [32mINFO  [m[[1;34mhttp-nio-8080-exec-6[m] [36mGlobalFilter[m - ----------- Client User: operaciones-orquestador-ext-back ----------
[30m2026-08-31T11:46:49,827[m [32mINFO  [m[[1;34mhttp-nio-8080-exec-6[m] [36mCalculationServiceImpl[m - Start method settleAccountsV1, side -> BUY
[30m2026-08-31T11:46:49,827[m [32mINFO  [m[[1;34mhttp-nio-8080-exec-6[m] [36mCalculationServiceImpl[m - End method settleAccountsV1
[30m2026-08-31T11:46:49,827[m [32mINFO  [m[[1;34mhttp-nio-8080-exec-6[m] [36mCalculationServiceImpl[m - PERF_ASSIGNMENT service=calculos operation=settleAccounts result=SUCCESS side=BUY fractionCount=1 totalMs=0 validationMs=0 calculationAndMappingMs=0 dbQueryCount=0
[30m2026-08-31T11:46:49,852[m [32mINFO  [m[[1;34mhttp-nio-8080-exec-8[m] [36mGlobalFilter[m - ----------- Client User: operaciones-orquestador-ext-back ----------
[30m2026-08-31T11:46:49,852[m [32mINFO  [m[[1;34mhttp-nio-8080-exec-8[m] [36mCalculationServiceImpl[m - Start method settleAccountsV1, side -> BUY
[30m2026-08-31T11:46:49,853[m [32mINFO  [m[[1;34mhttp-nio-8080-exec-8[m] [36mCalculationServiceImpl[m - End method settleAccountsV1
[30m2026-08-31T11:46:49,853[m [32mINFO  [m[[1;34mhttp-nio-8080-exec-8[m] [36mCalculationServiceImpl[m - PERF_ASSIGNMENT service=calculos operation=settleAccounts result=SUCCESS side=BUY fractionCount=1 totalMs=0 validationMs=0 calculationAndMappingMs=0 dbQueryCount=0
[30m2026-08-31T11:46:49,877[m [32mINFO  [m[[1;34mhttp-nio-8080-exec-7[m] [36mGlobalFilter[m - ----------- Client User: operaciones-orquestador-ext-back ----------
[30m2026-08-31T11:46:49,878[m [32mINFO  [m[[1;34mhttp-nio-8080-exec-7[m] [36mCalculationServiceImpl[m - Start method settleAccountsV1, side -> BUY
[30m2026-08-31T11:46:49,878[m [32mINFO  [m[[1;34mhttp-nio-8080-exec-7[m] [36mCalculationServiceImpl[m - End method settleAccountsV1
[30m2026-08-31T11:46:49,878[m [32mINFO  [m[[1;34mhttp-nio-8080-exec-7[m] [36mCalculationServiceImpl[m - PERF_ASSIGNMENT service=calculos operation=settleAccounts result=SUCCESS side=BUY fractionCount=1 totalMs=0 validationMs=0 calculationAndMappingMs=0 dbQueryCount=0
[30m2026-08-31T11:46:49,904[m [32mINFO  [m[[1;34mhttp-nio-8080-exec-9[m] [36mGlobalFilter[m - ----------- Client User: operaciones-orquestador-ext-back ----------
[30m2026-08-31T11:46:49,904[m [32mINFO  [m[[1;34mhttp-nio-8080-exec-9[m] [36mCalculationServiceImpl[m - Start method settleAccountsV1, side -> BUY
[30m2026-08-31T11:46:49,905[m [32mINFO  [m[[1;34mhttp-nio-8080-exec-9[m] [36mCalculationServiceImpl[m - End method settleAccountsV1
[30m2026-08-31T11:46:49,905[m [32mINFO  [m[[1;34mhttp-nio-8080-exec-9[m] [36mCalculationServiceImpl[m - PERF_ASSIGNMENT service=calculos operation=settleAccounts result=SUCCESS side=BUY fractionCount=1 totalMs=0 validationMs=0 calculationAndMappingMs=0 dbQueryCount=0
[30m2026-08-31T11:46:49,930[m [32mINFO  [m[[1;34mhttp-nio-8080-exec-2[m] [36mGlobalFilter[m - ----------- Client User: operaciones-orquestador-ext-back ----------
[30m2026-08-31T11:46:49,931[m [32mINFO  [m[[1;34mhttp-nio-8080-exec-2[m] [36mCalculationServiceImpl[m - Start method settleAccountsV1, side -> BUY
[30m2026-08-31T11:46:49,931[m [32mINFO  [m[[1;34mhttp-nio-8080-exec-2[m] [36mCalculationServiceImpl[m - End method settleAccountsV1
[30m2026-08-31T11:46:49,931[m [32mINFO  [m[[1;34mhttp-nio-8080-exec-2[m] [36mCalculationServiceImpl[m - PERF_ASSIGNMENT service=calculos operation=settleAccounts result=SUCCESS side=BUY fractionCount=1 totalMs=0 validationMs=0 calculationAndMappingMs=0 dbQueryCount=0
[30m2026-08-31T11:46:49,956[m [32mINFO  [m[[1;34mhttp-nio-8080-exec-10[m] [36mGlobalFilter[m - ----------- Client User: operaciones-orquestador-ext-back ----------
[30m2026-08-31T11:46:49,956[m [32mINFO  [m[[1;34mhttp-nio-8080-exec-10[m] [36mCalculationServiceImpl[m - Start method settleAccountsV1, side -> BUY
[30m2026-08-31T11:46:49,956[m [32mINFO  [m[[1;34mhttp-nio-8080-exec-10[m] [36mCalculationServiceImpl[m - End method settleAccountsV1
[30m2026-08-31T11:46:49,957[m [32mINFO  [m[[1;34mhttp-nio-8080-exec-10[m] [36mCalculationServiceImpl[m - PERF_ASSIGNMENT service=calculos operation=settleAccounts result=SUCCESS side=BUY fractionCount=1 totalMs=0 validationMs=0 calculationAndMappingMs=0 dbQueryCount=0
[30m2026-08-31T11:46:49,983[m [32mINFO  [m[[1;34mhttp-nio-8080-exec-5[m] [36mGlobalFilter[m - ----------- Client User: operaciones-orquestador-ext-back ----------
[30m2026-08-31T11:46:49,983[m [32mINFO  [m[[1;34mhttp-nio-8080-exec-5[m] [36mCalculationServiceImpl[m - Start method settleAccountsV1, side -> BUY
[30m2026-08-31T11:46:49,983[m [32mINFO  [m[[1;34mhttp-nio-8080-exec-5[m] [36mCalculationServiceImpl[m - End method settleAccountsV1
[30m2026-08-31T11:46:49,984[m [32mINFO  [m[[1;34mhttp-nio-8080-exec-5[m] [36mCalculationServiceImpl[m - PERF_ASSIGNMENT service=calculos operation=settleAccounts result=SUCCESS side=BUY fractionCount=1 totalMs=0 validationMs=0 calculationAndMappingMs=0 dbQueryCount=0
[30m2026-08-31T11:46:50,009[m [32mINFO  [m[[1;34mhttp-nio-8080-exec-1[m] [36mGlobalFilter[m - ----------- Client User: operaciones-orquestador-ext-back ----------
[30m2026-08-31T11:46:50,009[m [32mINFO  [m[[1;34mhttp-nio-8080-exec-1[m] [36mCalculationServiceImpl[m - Start method settleAccountsV1, side -> BUY
[30m2026-08-31T11:46:50,009[m [32mINFO  [m[[1;34mhttp-nio-8080-exec-1[m] [36mCalculationServiceImpl[m - End method settleAccountsV1
[30m2026-08-31T11:46:50,009[m [32mINFO  [m[[1;34mhttp-nio-8080-exec-1[m] [36mCalculationServiceImpl[m - PERF_ASSIGNMENT service=calculos operation=settleAccounts result=SUCCESS side=BUY fractionCount=1 totalMs=0 validationMs=0 calculationAndMappingMs=0 dbQueryCount=0
[30m2026-08-31T11:46:50,034[m [32mINFO  [m[[1;34mhttp-nio-8080-exec-3[m] [36mGlobalFilter[m - ----------- Client User: operaciones-orquestador-ext-back ----------
[30m2026-08-31T11:46:50,034[m [32mINFO  [m[[1;34mhttp-nio-8080-exec-3[m] [36mCalculationServiceImpl[m - Start method settleAccountsV1, side -> BUY
[30m2026-08-31T11:46:50,035[m [32mINFO  [m[[1;34mhttp-nio-8080-exec-3[m] [36mCalculationServiceImpl[m - End method settleAccountsV1
[30m2026-08-31T11:46:50,035[m [32mINFO  [m[[1;34mhttp-nio-8080-exec-3[m] [36mCalculationServiceImpl[m - PERF_ASSIGNMENT service=calculos operation=settleAccounts result=SUCCESS side=BUY fractionCount=1 totalMs=0 validationMs=0 calculationAndMappingMs=0 dbQueryCount=0
[30m2026-08-31T11:46:50,061[m [32mINFO  [m[[1;34mhttp-nio-8080-exec-4[m] [36mGlobalFilter[m - ----------- Client User: operaciones-orquestador-ext-back ----------
[30m2026-08-31T11:46:50,061[m [32mINFO  [m[[1;34mhttp-nio-8080-exec-4[m] [36mCalculationServiceImpl[m - Start method settleAccountsV1, side -> BUY
[30m2026-08-31T11:46:50,061[m [32mINFO  [m[[1;34mhttp-nio-8080-exec-4[m] [36mCalculationServiceImpl[m - End method settleAccountsV1
[30m2026-08-31T11:46:50,061[m [32mINFO  [m[[1;34mhttp-nio-8080-exec-4[m] [36mCalculationServiceImpl[m - PERF_ASSIGNMENT service=calculos operation=settleAccounts result=SUCCESS side=BUY fractionCount=1 totalMs=0 validationMs=0 calculationAndMappingMs=0 dbQueryCount=0
[30m2026-08-31T11:46:50,088[m [32mINFO  [m[[1;34mhttp-nio-8080-exec-6[m] [36mGlobalFilter[m - ----------- Client User: operaciones-orquestador-ext-back ----------
[30m2026-08-31T11:46:50,089[m [32mINFO  [m[[1;34mhttp-nio-8080-exec-6[m] [36mCalculationServiceImpl[m - Start method settleAccountsV1, side -> BUY
[30m2026-08-31T11:46:50,089[m [32mINFO  [m[[1;34mhttp-nio-8080-exec-6[m] [36mCalculationServiceImpl[m - End method settleAccountsV1
[30m2026-08-31T11:46:50,089[m [32mINFO  [m[[1;34mhttp-nio-8080-exec-6[m] [36mCalculationServiceImpl[m - PERF_ASSIGNMENT service=calculos operation=settleAccounts result=SUCCESS side=BUY fractionCount=1 totalMs=0 validationMs=0 calculationAndMappingMs=0 dbQueryCount=0
[30m2026-08-31T11:46:50,116[m [32mINFO  [m[[1;34mhttp-nio-8080-exec-8[m] [36mGlobalFilter[m - ----------- Client User: operaciones-orquestador-ext-back ----------
[30m2026-08-31T11:46:50,116[m [32mINFO  [m[[1;34mhttp-nio-8080-exec-8[m] [36mCalculationServiceImpl[m - Start method settleAccountsV1, side -> BUY
[30m2026-08-31T11:46:50,116[m [32mINFO  [m[[1;34mhttp-nio-8080-exec-8[m] [36mCalculationServiceImpl[m - End method settleAccountsV1
[30m2026-08-31T11:46:50,116[m [32mINFO  [m[[1;34mhttp-nio-8080-exec-8[m] [36mCalculationServiceImpl[m - PERF_ASSIGNMENT service=calculos operation=settleAccounts result=SUCCESS side=BUY fractionCount=1 totalMs=0 validationMs=0 calculationAndMappingMs=0 dbQueryCount=0
[30m2026-08-31T11:46:50,142[m [32mINFO  [m[[1;34mhttp-nio-8080-exec-7[m] [36mGlobalFilter[m - ----------- Client User: operaciones-orquestador-ext-back ----------
[30m2026-08-31T11:46:50,142[m [32mINFO  [m[[1;34mhttp-nio-8080-exec-7[m] [36mCalculationServiceImpl[m - Start method settleAccountsV1, side -> BUY
[30m2026-08-31T11:46:50,143[m [32mINFO  [m[[1;34mhttp-nio-8080-exec-7[m] [36mCalculationServiceImpl[m - End method settleAccountsV1
[30m2026-08-31T11:46:50,143[m [32mINFO  [m[[1;34mhttp-nio-8080-exec-7[m] [36mCalculationServiceImpl[m - PERF_ASSIGNMENT service=calculos operation=settleAccounts result=SUCCESS side=BUY fractionCount=1 totalMs=0 validationMs=0 calculationAndMappingMs=0 dbQueryCount=0
[30m2026-08-31T11:46:50,168[m [32mINFO  [m[[1;34mhttp-nio-8080-exec-9[m] [36mGlobalFilter[m - ----------- Client User: operaciones-orquestador-ext-back ----------
[30m2026-08-31T11:46:50,169[m [32mINFO  [m[[1;34mhttp-nio-8080-exec-9[m] [36mCalculationServiceImpl[m - Start method settleAccountsV1, side -> BUY
[30m2026-08-31T11:46:50,169[m [32mINFO  [m[[1;34mhttp-nio-8080-exec-9[m] [36mCalculationServiceImpl[m - End method settleAccountsV1
[30m2026-08-31T11:46:50,169[m [32mINFO  [m[[1;34mhttp-nio-8080-exec-9[m] [36mCalculationServiceImpl[m - PERF_ASSIGNMENT service=calculos operation=settleAccounts result=SUCCESS side=BUY fractionCount=1 totalMs=0 validationMs=0 calculationAndMappingMs=0 dbQueryCount=0
[30m2026-08-31T11:46:50,195[m [32mINFO  [m[[1;34mhttp-nio-8080-exec-2[m] [36mGlobalFilter[m - ----------- Client User: operaciones-orquestador-ext-back ----------
[30m2026-08-31T11:46:50,195[m [32mINFO  [m[[1;34mhttp-nio-8080-exec-2[m] [36mCalculationServiceImpl[m - Start method settleAccountsV1, side -> BUY
[30m2026-08-31T11:46:50,195[m [32mINFO  [m[[1;34mhttp-nio-8080-exec-2[m] [36mCalculationServiceImpl[m - End method settleAccountsV1
[30m2026-08-31T11:46:50,195[m [32mINFO  [m[[1;34mhttp-nio-8080-exec-2[m] [36mCalculationServiceImpl[m - PERF_ASSIGNMENT service=calculos operation=settleAccounts result=SUCCESS side=BUY fractionCount=1 totalMs=0 validationMs=0 calculationAndMappingMs=0 dbQueryCount=0
[30m2026-08-31T11:46:50,224[m [32mINFO  [m[[1;34mhttp-nio-8080-exec-10[m] [36mGlobalFilter[m - ----------- Client User: operaciones-orquestador-ext-back ----------
[30m2026-08-31T11:46:50,224[m [32mINFO  [m[[1;34mhttp-nio-8080-exec-10[m] [36mCalculationServiceImpl[m - Start method settleAccountsV1, side -> BUY
[30m2026-08-31T11:46:50,225[m [32mINFO  [m[[1;34mhttp-nio-8080-exec-10[m] [36mCalculationServiceImpl[m - End method settleAccountsV1
[30m2026-08-31T11:46:50,225[m [32mINFO  [m[[1;34mhttp-nio-8080-exec-10[m] [36mCalculationServiceImpl[m - PERF_ASSIGNMENT service=calculos operation=settleAccounts result=SUCCESS side=BUY fractionCount=1 totalMs=0 validationMs=0 calculationAndMappingMs=0 dbQueryCount=0
[30m2026-08-31T11:46:50,250[m [32mINFO  [m[[1;34mhttp-nio-8080-exec-5[m] [36mGlobalFilter[m - ----------- Client User: operaciones-orquestador-ext-back ----------
[30m2026-08-31T11:46:50,251[m [32mINFO  [m[[1;34mhttp-nio-8080-exec-5[m] [36mCalculationServiceImpl[m - Start method settleAccountsV1, side -> BUY
[30m2026-08-31T11:46:50,251[m [32mINFO  [m[[1;34mhttp-nio-8080-exec-5[m] [36mCalculationServiceImpl[m - End method settleAccountsV1
[30m2026-08-31T11:46:50,251[m [32mINFO  [m[[1;34mhttp-nio-8080-exec-5[m] [36mCalculationServiceImpl[m - PERF_ASSIGNMENT service=calculos operation=settleAccounts result=SUCCESS side=BUY fractionCount=1 totalMs=0 validationMs=0 calculationAndMappingMs=0 dbQueryCount=0
[30m2026-08-31T11:46:50,277[m [32mINFO  [m[[1;34mhttp-nio-8080-exec-1[m] [36mGlobalFilter[m - ----------- Client User: operaciones-orquestador-ext-back ----------
[30m2026-08-31T11:46:50,277[m [32mINFO  [m[[1;34mhttp-nio-8080-exec-1[m] [36mCalculationServiceImpl[m - Start method settleAccountsV1, side -> BUY
[30m2026-08-31T11:46:50,277[m [32mINFO  [m[[1;34mhttp-nio-8080-exec-1[m] [36mCalculationServiceImpl[m - End method settleAccountsV1
[30m2026-08-31T11:46:50,277[m [32mINFO  [m[[1;34mhttp-nio-8080-exec-1[m] [36mCalculationServiceImpl[m - PERF_ASSIGNMENT service=calculos operation=settleAccounts result=SUCCESS side=BUY fractionCount=1 totalMs=0 validationMs=0 calculationAndMappingMs=0 dbQueryCount=0
[30m2026-08-31T11:46:50,303[m [32mINFO  [m[[1;34mhttp-nio-8080-exec-3[m] [36mGlobalFilter[m - ----------- Client User: operaciones-orquestador-ext-back ----------
[30m2026-08-31T11:46:50,304[m [32mINFO  [m[[1;34mhttp-nio-8080-exec-3[m] [36mCalculationServiceImpl[m - Start method settleAccountsV1, side -> BUY
[30m2026-08-31T11:46:50,304[m [32mINFO  [m[[1;34mhttp-nio-8080-exec-3[m] [36mCalculationServiceImpl[m - End method settleAccountsV1
[30m2026-08-31T11:46:50,304[m [32mINFO  [m[[1;34mhttp-nio-8080-exec-3[m] [36mCalculationServiceImpl[m - PERF_ASSIGNMENT service=calculos operation=settleAccounts result=SUCCESS side=BUY fractionCount=1 totalMs=0 validationMs=0 calculationAndMappingMs=0 dbQueryCount=0
[30m2026-08-31T11:46:50,331[m [32mINFO  [m[[1;34mhttp-nio-8080-exec-4[m] [36mGlobalFilter[m - ----------- Client User: operaciones-orquestador-ext-back ----------
[30m2026-08-31T11:46:50,331[m [32mINFO  [m[[1;34mhttp-nio-8080-exec-4[m] [36mCalculationServiceImpl[m - Start method settleAccountsV1, side -> BUY
[30m2026-08-31T11:46:50,331[m [32mINFO  [m[[1;34mhttp-nio-8080-exec-4[m] [36mCalculationServiceImpl[m - End method settleAccountsV1
[30m2026-08-31T11:46:50,331[m [32mINFO  [m[[1;34mhttp-nio-8080-exec-4[m] [36mCalculationServiceImpl[m - PERF_ASSIGNMENT service=calculos operation=settleAccounts result=SUCCESS side=BUY fractionCount=1 totalMs=0 validationMs=0 calculationAndMappingMs=0 dbQueryCount=0
[30m2026-08-31T11:46:50,357[m [32mINFO  [m[[1;34mhttp-nio-8080-exec-6[m] [36mGlobalFilter[m - ----------- Client User: operaciones-orquestador-ext-back ----------
[30m2026-08-31T11:46:50,357[m [32mINFO  [m[[1;34mhttp-nio-8080-exec-6[m] [36mCalculationServiceImpl[m - Start method settleAccountsV1, side -> BUY
[30m2026-08-31T11:46:50,357[m [32mINFO  [m[[1;34mhttp-nio-8080-exec-6[m] [36mCalculationServiceImpl[m - End method settleAccountsV1
[30m2026-08-31T11:46:50,357[m [32mINFO  [m[[1;34mhttp-nio-8080-exec-6[m] [36mCalculationServiceImpl[m - PERF_ASSIGNMENT service=calculos operation=settleAccounts result=SUCCESS side=BUY fractionCount=1 totalMs=0 validationMs=0 calculationAndMappingMs=0 dbQueryCount=0
[30m2026-08-31T11:46:50,384[m [32mINFO  [m[[1;34mhttp-nio-8080-exec-8[m] [36mGlobalFilter[m - ----------- Client User: operaciones-orquestador-ext-back ----------
[30m2026-08-31T11:46:50,385[m [32mINFO  [m[[1;34mhttp-nio-8080-exec-8[m] [36mCalculationServiceImpl[m - Start method settleAccountsV1, side -> BUY
[30m2026-08-31T11:46:50,385[m [32mINFO  [m[[1;34mhttp-nio-8080-exec-8[m] [36mCalculationServiceImpl[m - End method settleAccountsV1
[30m2026-08-31T11:46:50,385[m [32mINFO  [m[[1;34mhttp-nio-8080-exec-8[m] [36mCalculationServiceImpl[m - PERF_ASSIGNMENT service=calculos operation=settleAccounts result=SUCCESS side=BUY fractionCount=1 totalMs=0 validationMs=0 calculationAndMappingMs=0 dbQueryCount=0
[30m2026-08-31T11:46:50,411[m [32mINFO  [m[[1;34mhttp-nio-8080-exec-7[m] [36mGlobalFilter[m - ----------- Client User: operaciones-orquestador-ext-back ----------
[30m2026-08-31T11:46:50,412[m [32mINFO  [m[[1;34mhttp-nio-8080-exec-7[m] [36mCalculationServiceImpl[m - Start method settleAccountsV1, side -> BUY
[30m2026-08-31T11:46:50,412[m [32mINFO  [m[[1;34mhttp-nio-8080-exec-7[m] [36mCalculationServiceImpl[m - End method settleAccountsV1
[30m2026-08-31T11:46:50,412[m [32mINFO  [m[[1;34mhttp-nio-8080-exec-7[m] [36mCalculationServiceImpl[m - PERF_ASSIGNMENT service=calculos operation=settleAccounts result=SUCCESS side=BUY fractionCount=1 totalMs=0 validationMs=0 calculationAndMappingMs=0 dbQueryCount=0
[30m2026-08-31T11:46:50,438[m [32mINFO  [m[[1;34mhttp-nio-8080-exec-9[m] [36mGlobalFilter[m - ----------- Client User: operaciones-orquestador-ext-back ----------
[30m2026-08-31T11:46:50,439[m [32mINFO  [m[[1;34mhttp-nio-8080-exec-9[m] [36mCalculationServiceImpl[m - Start method settleAccountsV1, side -> BUY
[30m2026-08-31T11:46:50,439[m [32mINFO  [m[[1;34mhttp-nio-8080-exec-9[m] [36mCalculationServiceImpl[m - End method settleAccountsV1
[30m2026-08-31T11:46:50,439[m [32mINFO  [m[[1;34mhttp-nio-8080-exec-9[m] [36mCalculationServiceImpl[m - PERF_ASSIGNMENT service=calculos operation=settleAccounts result=SUCCESS side=BUY fractionCount=1 totalMs=0 validationMs=0 calculationAndMappingMs=0 dbQueryCount=0
[30m2026-08-31T11:46:50,467[m [32mINFO  [m[[1;34mhttp-nio-8080-exec-2[m] [36mGlobalFilter[m - ----------- Client User: operaciones-orquestador-ext-back ----------
[30m2026-08-31T11:46:50,468[m [32mINFO  [m[[1;34mhttp-nio-8080-exec-2[m] [36mCalculationServiceImpl[m - Start method settleAccountsV1, side -> BUY
[30m2026-08-31T11:46:50,468[m [32mINFO  [m[[1;34mhttp-nio-8080-exec-2[m] [36mCalculationServiceImpl[m - End method settleAccountsV1
[30m2026-08-31T11:46:50,468[m [32mINFO  [m[[1;34mhttp-nio-8080-exec-2[m] [36mCalculationServiceImpl[m - PERF_ASSIGNMENT service=calculos operation=settleAccounts result=SUCCESS side=BUY fractionCount=1 totalMs=0 validationMs=0 calculationAndMappingMs=0 dbQueryCount=0
[30m2026-08-31T11:46:50,494[m [32mINFO  [m[[1;34mhttp-nio-8080-exec-10[m] [36mGlobalFilter[m - ----------- Client User: operaciones-orquestador-ext-back ----------
[30m2026-08-31T11:46:50,495[m [32mINFO  [m[[1;34mhttp-nio-8080-exec-10[m] [36mCalculationServiceImpl[m - Start method settleAccountsV1, side -> BUY
[30m2026-08-31T11:46:50,495[m [32mINFO  [m[[1;34mhttp-nio-8080-exec-10[m] [36mCalculationServiceImpl[m - End method settleAccountsV1
[30m2026-08-31T11:46:50,495[m [32mINFO  [m[[1;34mhttp-nio-8080-exec-10[m] [36mCalculationServiceImpl[m - PERF_ASSIGNMENT service=calculos operation=settleAccounts result=SUCCESS side=BUY fractionCount=1 totalMs=0 validationMs=0 calculationAndMappingMs=0 dbQueryCount=0
[30m2026-08-31T11:46:50,521[m [32mINFO  [m[[1;34mhttp-nio-8080-exec-5[m] [36mGlobalFilter[m - ----------- Client User: operaciones-orquestador-ext-back ----------
[30m2026-08-31T11:46:50,521[m [32mINFO  [m[[1;34mhttp-nio-8080-exec-5[m] [36mCalculationServiceImpl[m - Start method settleAccountsV1, side -> BUY
[30m2026-08-31T11:46:50,521[m [32mINFO  [m[[1;34mhttp-nio-8080-exec-5[m] [36mCalculationServiceImpl[m - End method settleAccountsV1
[30m2026-08-31T11:46:50,521[m [32mINFO  [m[[1;34mhttp-nio-8080-exec-5[m] [36mCalculationServiceImpl[m - PERF_ASSIGNMENT service=calculos operation=settleAccounts result=SUCCESS side=BUY fractionCount=1 totalMs=0 validationMs=0 calculationAndMappingMs=0 dbQueryCount=0
[30m2026-08-31T11:46:50,548[m [32mINFO  [m[[1;34mhttp-nio-8080-exec-1[m] [36mGlobalFilter[m - ----------- Client User: operaciones-orquestador-ext-back ----------
[30m2026-08-31T11:46:50,549[m [32mINFO  [m[[1;34mhttp-nio-8080-exec-1[m] [36mCalculationServiceImpl[m - Start method settleAccountsV1, side -> BUY
[30m2026-08-31T11:46:50,549[m [32mINFO  [m[[1;34mhttp-nio-8080-exec-1[m] [36mCalculationServiceImpl[m - End method settleAccountsV1
[30m2026-08-31T11:46:50,549[m [32mINFO  [m[[1;34mhttp-nio-8080-exec-1[m] [36mCalculationServiceImpl[m - PERF_ASSIGNMENT service=calculos operation=settleAccounts result=SUCCESS side=BUY fractionCount=1 totalMs=0 validationMs=0 calculationAndMappingMs=0 dbQueryCount=0
[30m2026-08-31T11:46:50,575[m [32mINFO  [m[[1;34mhttp-nio-8080-exec-3[m] [36mGlobalFilter[m - ----------- Client User: operaciones-orquestador-ext-back ----------
[30m2026-08-31T11:46:50,575[m [32mINFO  [m[[1;34mhttp-nio-8080-exec-3[m] [36mCalculationServiceImpl[m - Start method settleAccountsV1, side -> BUY
[30m2026-08-31T11:46:50,576[m [32mINFO  [m[[1;34mhttp-nio-8080-exec-3[m] [36mCalculationServiceImpl[m - End method settleAccountsV1
[30m2026-08-31T11:46:50,576[m [32mINFO  [m[[1;34mhttp-nio-8080-exec-3[m] [36mCalculationServiceImpl[m - PERF_ASSIGNMENT service=calculos operation=settleAccounts result=SUCCESS side=BUY fractionCount=1 totalMs=0 validationMs=0 calculationAndMappingMs=0 dbQueryCount=0
[30m2026-08-31T11:46:50,602[m [32mINFO  [m[[1;34mhttp-nio-8080-exec-4[m] [36mGlobalFilter[m - ----------- Client User: operaciones-orquestador-ext-back ----------
[30m2026-08-31T11:46:50,602[m [32mINFO  [m[[1;34mhttp-nio-8080-exec-4[m] [36mCalculationServiceImpl[m - Start method settleAccountsV1, side -> BUY
[30m2026-08-31T11:46:50,602[m [32mINFO  [m[[1;34mhttp-nio-8080-exec-4[m] [36mCalculationServiceImpl[m - End method settleAccountsV1
[30m2026-08-31T11:46:50,603[m [32mINFO  [m[[1;34mhttp-nio-8080-exec-4[m] [36mCalculationServiceImpl[m - PERF_ASSIGNMENT service=calculos operation=settleAccounts result=SUCCESS side=BUY fractionCount=1 totalMs=0 validationMs=0 calculationAndMappingMs=0 dbQueryCount=0
[30m2026-08-31T11:46:50,630[m [32mINFO  [m[[1;34mhttp-nio-8080-exec-6[m] [36mGlobalFilter[m - ----------- Client User: operaciones-orquestador-ext-back ----------
[30m2026-08-31T11:46:50,631[m [32mINFO  [m[[1;34mhttp-nio-8080-exec-6[m] [36mCalculationServiceImpl[m - Start method settleAccountsV1, side -> BUY
[30m2026-08-31T11:46:50,631[m [32mINFO  [m[[1;34mhttp-nio-8080-exec-6[m] [36mCalculationServiceImpl[m - End method settleAccountsV1
[30m2026-08-31T11:46:50,631[m [32mINFO  [m[[1;34mhttp-nio-8080-exec-6[m] [36mCalculationServiceImpl[m - PERF_ASSIGNMENT service=calculos operation=settleAccounts result=SUCCESS side=BUY fractionCount=1 totalMs=0 validationMs=0 calculationAndMappingMs=0 dbQueryCount=0
[30m2026-08-31T11:46:50,657[m [32mINFO  [m[[1;34mhttp-nio-8080-exec-8[m] [36mGlobalFilter[m - ----------- Client User: operaciones-orquestador-ext-back ----------
[30m2026-08-31T11:46:50,657[m [32mINFO  [m[[1;34mhttp-nio-8080-exec-8[m] [36mCalculationServiceImpl[m - Start method settleAccountsV1, side -> BUY
[30m2026-08-31T11:46:50,657[m [32mINFO  [m[[1;34mhttp-nio-8080-exec-8[m] [36mCalculationServiceImpl[m - End method settleAccountsV1
[30m2026-08-31T11:46:50,657[m [32mINFO  [m[[1;34mhttp-nio-8080-exec-8[m] [36mCalculationServiceImpl[m - PERF_ASSIGNMENT service=calculos operation=settleAccounts result=SUCCESS side=BUY fractionCount=1 totalMs=0 validationMs=0 calculationAndMappingMs=0 dbQueryCount=0
[30m2026-08-31T11:46:50,683[m [32mINFO  [m[[1;34mhttp-nio-8080-exec-7[m] [36mGlobalFilter[m - ----------- Client User: operaciones-orquestador-ext-back ----------
[30m2026-08-31T11:46:50,684[m [32mINFO  [m[[1;34mhttp-nio-8080-exec-7[m] [36mCalculationServiceImpl[m - Start method settleAccountsV1, side -> BUY
[30m2026-08-31T11:46:50,684[m [32mINFO  [m[[1;34mhttp-nio-8080-exec-7[m] [36mCalculationServiceImpl[m - End method settleAccountsV1
[30m2026-08-31T11:46:50,684[m [32mINFO  [m[[1;34mhttp-nio-8080-exec-7[m] [36mCalculationServiceImpl[m - PERF_ASSIGNMENT service=calculos operation=settleAccounts result=SUCCESS side=BUY fractionCount=1 totalMs=0 validationMs=0 calculationAndMappingMs=0 dbQueryCount=0
[30m2026-08-31T11:46:50,711[m [32mINFO  [m[[1;34mhttp-nio-8080-exec-9[m] [36mGlobalFilter[m - ----------- Client User: operaciones-orquestador-ext-back ----------
[30m2026-08-31T11:46:50,711[m [32mINFO  [m[[1;34mhttp-nio-8080-exec-9[m] [36mCalculationServiceImpl[m - Start method settleAccountsV1, side -> BUY
[30m2026-08-31T11:46:50,711[m [32mINFO  [m[[1;34mhttp-nio-8080-exec-9[m] [36mCalculationServiceImpl[m - End method settleAccountsV1
[30m2026-08-31T11:46:50,711[m [32mINFO  [m[[1;34mhttp-nio-8080-exec-9[m] [36mCalculationServiceImpl[m - PERF_ASSIGNMENT service=calculos operation=settleAccounts result=SUCCESS side=BUY fractionCount=1 totalMs=0 validationMs=0 calculationAndMappingMs=0 dbQueryCount=0
[30m2026-08-31T11:46:50,738[m [32mINFO  [m[[1;34mhttp-nio-8080-exec-2[m] [36mGlobalFilter[m - ----------- Client User: operaciones-orquestador-ext-back ----------
[30m2026-08-31T11:46:50,738[m [32mINFO  [m[[1;34mhttp-nio-8080-exec-2[m] [36mCalculationServiceImpl[m - Start method settleAccountsV1, side -> BUY
[30m2026-08-31T11:46:50,738[m [32mINFO  [m[[1;34mhttp-nio-8080-exec-2[m] [36mCalculationServiceImpl[m - End method settleAccountsV1
[30m2026-08-31T11:46:50,738[m [32mINFO  [m[[1;34mhttp-nio-8080-exec-2[m] [36mCalculationServiceImpl[m - PERF_ASSIGNMENT service=calculos operation=settleAccounts result=SUCCESS side=BUY fractionCount=1 totalMs=0 validationMs=0 calculationAndMappingMs=0 dbQueryCount=0
[30m2026-08-31T11:46:50,764[m [32mINFO  [m[[1;34mhttp-nio-8080-exec-10[m] [36mGlobalFilter[m - ----------- Client User: operaciones-orquestador-ext-back ----------
[30m2026-08-31T11:46:50,764[m [32mINFO  [m[[1;34mhttp-nio-8080-exec-10[m] [36mCalculationServiceImpl[m - Start method settleAccountsV1, side -> BUY
[30m2026-08-31T11:46:50,764[m [32mINFO  [m[[1;34mhttp-nio-8080-exec-10[m] [36mCalculationServiceImpl[m - End method settleAccountsV1
[30m2026-08-31T11:46:50,764[m [32mINFO  [m[[1;34mhttp-nio-8080-exec-10[m] [36mCalculationServiceImpl[m - PERF_ASSIGNMENT service=calculos operation=settleAccounts result=SUCCESS side=BUY fractionCount=1 totalMs=0 validationMs=0 calculationAndMappingMs=0 dbQueryCount=0
[30m2026-08-31T11:46:50,790[m [32mINFO  [m[[1;34mhttp-nio-8080-exec-5[m] [36mGlobalFilter[m - ----------- Client User: operaciones-orquestador-ext-back ----------
[30m2026-08-31T11:46:50,791[m [32mINFO  [m[[1;34mhttp-nio-8080-exec-5[m] [36mCalculationServiceImpl[m - Start method settleAccountsV1, side -> BUY
[30m2026-08-31T11:46:50,791[m [32mINFO  [m[[1;34mhttp-nio-8080-exec-5[m] [36mCalculationServiceImpl[m - End method settleAccountsV1
[30m2026-08-31T11:46:50,791[m [32mINFO  [m[[1;34mhttp-nio-8080-exec-5[m] [36mCalculationServiceImpl[m - PERF_ASSIGNMENT service=calculos operation=settleAccounts result=SUCCESS side=BUY fractionCount=1 totalMs=0 validationMs=0 calculationAndMappingMs=0 dbQueryCount=0
[30m2026-08-31T11:46:50,816[m [32mINFO  [m[[1;34mhttp-nio-8080-exec-1[m] [36mGlobalFilter[m - ----------- Client User: operaciones-orquestador-ext-back ----------
[30m2026-08-31T11:46:50,817[m [32mINFO  [m[[1;34mhttp-nio-8080-exec-1[m] [36mCalculationServiceImpl[m - Start method settleAccountsV1, side -> BUY
[30m2026-08-31T11:46:50,817[m [32mINFO  [m[[1;34mhttp-nio-8080-exec-1[m] [36mCalculationServiceImpl[m - End method settleAccountsV1
[30m2026-08-31T11:46:50,817[m [32mINFO  [m[[1;34mhttp-nio-8080-exec-1[m] [36mCalculationServiceImpl[m - PERF_ASSIGNMENT service=calculos operation=settleAccounts result=SUCCESS side=BUY fractionCount=1 totalMs=0 validationMs=0 calculationAndMappingMs=0 dbQueryCount=0
[30m2026-08-31T11:46:50,843[m [32mINFO  [m[[1;34mhttp-nio-8080-exec-3[m] [36mGlobalFilter[m - ----------- Client User: operaciones-orquestador-ext-back ----------
[30m2026-08-31T11:46:50,844[m [32mINFO  [m[[1;34mhttp-nio-8080-exec-3[m] [36mCalculationServiceImpl[m - Start method settleAccountsV1, side -> BUY
[30m2026-08-31T11:46:50,844[m [32mINFO  [m[[1;34mhttp-nio-8080-exec-3[m] [36mCalculationServiceImpl[m - End method settleAccountsV1
[30m2026-08-31T11:46:50,844[m [32mINFO  [m[[1;34mhttp-nio-8080-exec-3[m] [36mCalculationServiceImpl[m - PERF_ASSIGNMENT service=calculos operation=settleAccounts result=SUCCESS side=BUY fractionCount=1 totalMs=0 validationMs=0 calculationAndMappingMs=0 dbQueryCount=0
[30m2026-08-31T11:46:50,870[m [32mINFO  [m[[1;34mhttp-nio-8080-exec-4[m] [36mGlobalFilter[m - ----------- Client User: operaciones-orquestador-ext-back ----------
[30m2026-08-31T11:46:50,871[m [32mINFO  [m[[1;34mhttp-nio-8080-exec-4[m] [36mCalculationServiceImpl[m - Start method settleAccountsV1, side -> BUY
[30m2026-08-31T11:46:50,871[m [32mINFO  [m[[1;34mhttp-nio-8080-exec-4[m] [36mCalculationServiceImpl[m - End method settleAccountsV1
[30m2026-08-31T11:46:50,871[m [32mINFO  [m[[1;34mhttp-nio-8080-exec-4[m] [36mCalculationServiceImpl[m - PERF_ASSIGNMENT service=calculos operation=settleAccounts result=SUCCESS side=BUY fractionCount=1 totalMs=0 validationMs=0 calculationAndMappingMs=0 dbQueryCount=0
[30m2026-08-31T11:46:50,896[m [32mINFO  [m[[1;34mhttp-nio-8080-exec-6[m] [36mGlobalFilter[m - ----------- Client User: operaciones-orquestador-ext-back ----------
[30m2026-08-31T11:46:50,897[m [32mINFO  [m[[1;34mhttp-nio-8080-exec-6[m] [36mCalculationServiceImpl[m - Start method settleAccountsV1, side -> BUY
[30m2026-08-31T11:46:50,897[m [32mINFO  [m[[1;34mhttp-nio-8080-exec-6[m] [36mCalculationServiceImpl[m - End method settleAccountsV1
[30m2026-08-31T11:46:50,897[m [32mINFO  [m[[1;34mhttp-nio-8080-exec-6[m] [36mCalculationServiceImpl[m - PERF_ASSIGNMENT service=calculos operation=settleAccounts result=SUCCESS side=BUY fractionCount=1 totalMs=0 validationMs=0 calculationAndMappingMs=0 dbQueryCount=0
[30m2026-08-31T11:46:50,922[m [32mINFO  [m[[1;34mhttp-nio-8080-exec-8[m] [36mGlobalFilter[m - ----------- Client User: operaciones-orquestador-ext-back ----------
[30m2026-08-31T11:46:50,923[m [32mINFO  [m[[1;34mhttp-nio-8080-exec-8[m] [36mCalculationServiceImpl[m - Start method settleAccountsV1, side -> BUY
[30m2026-08-31T11:46:50,923[m [32mINFO  [m[[1;34mhttp-nio-8080-exec-8[m] [36mCalculationServiceImpl[m - End method settleAccountsV1
[30m2026-08-31T11:46:50,923[m [32mINFO  [m[[1;34mhttp-nio-8080-exec-8[m] [36mCalculationServiceImpl[m - PERF_ASSIGNMENT service=calculos operation=settleAccounts result=SUCCESS side=BUY fractionCount=1 totalMs=0 validationMs=0 calculationAndMappingMs=0 dbQueryCount=0
[30m2026-08-31T11:46:50,948[m [32mINFO  [m[[1;34mhttp-nio-8080-exec-7[m] [36mGlobalFilter[m - ----------- Client User: operaciones-orquestador-ext-back ----------
[30m2026-08-31T11:46:50,949[m [32mINFO  [m[[1;34mhttp-nio-8080-exec-7[m] [36mCalculationServiceImpl[m - Start method settleAccountsV1, side -> BUY
[30m2026-08-31T11:46:50,949[m [32mINFO  [m[[1;34mhttp-nio-8080-exec-7[m] [36mCalculationServiceImpl[m - End method settleAccountsV1
[30m2026-08-31T11:46:50,949[m [32mINFO  [m[[1;34mhttp-nio-8080-exec-7[m] [36mCalculationServiceImpl[m - PERF_ASSIGNMENT service=calculos operation=settleAccounts result=SUCCESS side=BUY fractionCount=1 totalMs=0 validationMs=0 calculationAndMappingMs=0 dbQueryCount=0
[30m2026-08-31T11:46:50,974[m [32mINFO  [m[[1;34mhttp-nio-8080-exec-9[m] [36mGlobalFilter[m - ----------- Client User: operaciones-orquestador-ext-back ----------
[30m2026-08-31T11:46:50,975[m [32mINFO  [m[[1;34mhttp-nio-8080-exec-9[m] [36mCalculationServiceImpl[m - Start method settleAccountsV1, side -> BUY
[30m2026-08-31T11:46:50,975[m [32mINFO  [m[[1;34mhttp-nio-8080-exec-9[m] [36mCalculationServiceImpl[m - End method settleAccountsV1
[30m2026-08-31T11:46:50,975[m [32mINFO  [m[[1;34mhttp-nio-8080-exec-9[m] [36mCalculationServiceImpl[m - PERF_ASSIGNMENT service=calculos operation=settleAccounts result=SUCCESS side=BUY fractionCount=1 totalMs=0 validationMs=0 calculationAndMappingMs=0 dbQueryCount=0
[30m2026-08-31T11:46:50,999[m [32mINFO  [m[[1;34mhttp-nio-8080-exec-2[m] [36mGlobalFilter[m - ----------- Client User: operaciones-orquestador-ext-back ----------
[30m2026-08-31T11:46:51,000[m [32mINFO  [m[[1;34mhttp-nio-8080-exec-2[m] [36mCalculationServiceImpl[m - Start method settleAccountsV1, side -> BUY
[30m2026-08-31T11:46:51,000[m [32mINFO  [m[[1;34mhttp-nio-8080-exec-2[m] [36mCalculationServiceImpl[m - End method settleAccountsV1
[30m2026-08-31T11:46:51,000[m [32mINFO  [m[[1;34mhttp-nio-8080-exec-2[m] [36mCalculationServiceImpl[m - PERF_ASSIGNMENT service=calculos operation=settleAccounts result=SUCCESS side=BUY fractionCount=1 totalMs=0 validationMs=0 calculationAndMappingMs=0 dbQueryCount=0
[30m2026-08-31T11:46:51,027[m [32mINFO  [m[[1;34mhttp-nio-8080-exec-10[m] [36mGlobalFilter[m - ----------- Client User: operaciones-orquestador-ext-back ----------
[30m2026-08-31T11:46:51,027[m [32mINFO  [m[[1;34mhttp-nio-8080-exec-10[m] [36mCalculationServiceImpl[m - Start method settleAccountsV1, side -> BUY
[30m2026-08-31T11:46:51,027[m [32mINFO  [m[[1;34mhttp-nio-8080-exec-10[m] [36mCalculationServiceImpl[m - End method settleAccountsV1
[30m2026-08-31T11:46:51,027[m [32mINFO  [m[[1;34mhttp-nio-8080-exec-10[m] [36mCalculationServiceImpl[m - PERF_ASSIGNMENT service=calculos operation=settleAccounts result=SUCCESS side=BUY fractionCount=1 totalMs=0 validationMs=0 calculationAndMappingMs=0 dbQueryCount=0
[30m2026-08-31T11:46:51,053[m [32mINFO  [m[[1;34mhttp-nio-8080-exec-5[m] [36mGlobalFilter[m - ----------- Client User: operaciones-orquestador-ext-back ----------
[30m2026-08-31T11:46:51,053[m [32mINFO  [m[[1;34mhttp-nio-8080-exec-5[m] [36mCalculationServiceImpl[m - Start method settleAccountsV1, side -> BUY
[30m2026-08-31T11:46:51,053[m [32mINFO  [m[[1;34mhttp-nio-8080-exec-5[m] [36mCalculationServiceImpl[m - End method settleAccountsV1
[30m2026-08-31T11:46:51,053[m [32mINFO  [m[[1;34mhttp-nio-8080-exec-5[m] [36mCalculationServiceImpl[m - PERF_ASSIGNMENT service=calculos operation=settleAccounts result=SUCCESS side=BUY fractionCount=1 totalMs=0 validationMs=0 calculationAndMappingMs=0 dbQueryCount=0
[30m2026-08-31T11:46:51,079[m [32mINFO  [m[[1;34mhttp-nio-8080-exec-1[m] [36mGlobalFilter[m - ----------- Client User: operaciones-orquestador-ext-back ----------
[30m2026-08-31T11:46:51,079[m [32mINFO  [m[[1;34mhttp-nio-8080-exec-1[m] [36mCalculationServiceImpl[m - Start method settleAccountsV1, side -> BUY
[30m2026-08-31T11:46:51,079[m [32mINFO  [m[[1;34mhttp-nio-8080-exec-1[m] [36mCalculationServiceImpl[m - End method settleAccountsV1
[30m2026-08-31T11:46:51,079[m [32mINFO  [m[[1;34mhttp-nio-8080-exec-1[m] [36mCalculationServiceImpl[m - PERF_ASSIGNMENT service=calculos operation=settleAccounts result=SUCCESS side=BUY fractionCount=1 totalMs=0 validationMs=0 calculationAndMappingMs=0 dbQueryCount=0
[30m2026-08-31T11:46:51,241[m [32mINFO  [m[[1;34mhttp-nio-8080-exec-3[m] [36mGlobalFilter[m - ----------- Client User: operaciones-orquestador-ext-back ----------
[30m2026-08-31T11:46:51,241[m [32mINFO  [m[[1;34mhttp-nio-8080-exec-3[m] [36mCalculationServiceImpl[m - Start method settleAccountsV1, side -> BUY
[30m2026-08-31T11:46:51,241[m [32mINFO  [m[[1;34mhttp-nio-8080-exec-3[m] [36mCalculationServiceImpl[m - End method settleAccountsV1
[30m2026-08-31T11:46:51,241[m [32mINFO  [m[[1;34mhttp-nio-8080-exec-3[m] [36mCalculationServiceImpl[m - PERF_ASSIGNMENT service=calculos operation=settleAccounts result=SUCCESS side=BUY fractionCount=1 totalMs=0 validationMs=0 calculationAndMappingMs=0 dbQueryCount=0
[30m2026-08-31T11:46:51,266[m [32mINFO  [m[[1;34mhttp-nio-8080-exec-4[m] [36mGlobalFilter[m - ----------- Client User: operaciones-orquestador-ext-back ----------
[30m2026-08-31T11:46:51,267[m [32mINFO  [m[[1;34mhttp-nio-8080-exec-4[m] [36mCalculationServiceImpl[m - Start method settleAccountsV1, side -> BUY
[30m2026-08-31T11:46:51,267[m [32mINFO  [m[[1;34mhttp-nio-8080-exec-4[m] [36mCalculationServiceImpl[m - End method settleAccountsV1
[30m2026-08-31T11:46:51,267[m [32mINFO  [m[[1;34mhttp-nio-8080-exec-4[m] [36mCalculationServiceImpl[m - PERF_ASSIGNMENT service=calculos operation=settleAccounts result=SUCCESS side=BUY fractionCount=1 totalMs=0 validationMs=0 calculationAndMappingMs=0 dbQueryCount=0
[30m2026-08-31T11:46:51,292[m [32mINFO  [m[[1;34mhttp-nio-8080-exec-6[m] [36mGlobalFilter[m - ----------- Client User: operaciones-orquestador-ext-back ----------
[30m2026-08-31T11:46:51,293[m [32mINFO  [m[[1;34mhttp-nio-8080-exec-6[m] [36mCalculationServiceImpl[m - Start method settleAccountsV1, side -> BUY
[30m2026-08-31T11:46:51,293[m [32mINFO  [m[[1;34mhttp-nio-8080-exec-6[m] [36mCalculationServiceImpl[m - End method settleAccountsV1
[30m2026-08-31T11:46:51,293[m [32mINFO  [m[[1;34mhttp-nio-8080-exec-6[m] [36mCalculationServiceImpl[m - PERF_ASSIGNMENT service=calculos operation=settleAccounts result=SUCCESS side=BUY fractionCount=1 totalMs=0 validationMs=0 calculationAndMappingMs=0 dbQueryCount=0
[30m2026-08-31T11:46:51,319[m [32mINFO  [m[[1;34mhttp-nio-8080-exec-8[m] [36mGlobalFilter[m - ----------- Client User: operaciones-orquestador-ext-back ----------
[30m2026-08-31T11:46:51,320[m [32mINFO  [m[[1;34mhttp-nio-8080-exec-8[m] [36mCalculationServiceImpl[m - Start method settleAccountsV1, side -> BUY
[30m2026-08-31T11:46:51,320[m [32mINFO  [m[[1;34mhttp-nio-8080-exec-8[m] [36mCalculationServiceImpl[m - End method settleAccountsV1
[30m2026-08-31T11:46:51,320[m [32mINFO  [m[[1;34mhttp-nio-8080-exec-8[m] [36mCalculationServiceImpl[m - PERF_ASSIGNMENT service=calculos operation=settleAccounts result=SUCCESS side=BUY fractionCount=1 totalMs=0 validationMs=0 calculationAndMappingMs=0 dbQueryCount=0
[30m2026-08-31T11:46:51,349[m [32mINFO  [m[[1;34mhttp-nio-8080-exec-7[m] [36mGlobalFilter[m - ----------- Client User: operaciones-orquestador-ext-back ----------
[30m2026-08-31T11:46:51,349[m [32mINFO  [m[[1;34mhttp-nio-8080-exec-7[m] [36mCalculationServiceImpl[m - Start method settleAccountsV1, side -> BUY
[30m2026-08-31T11:46:51,349[m [32mINFO  [m[[1;34mhttp-nio-8080-exec-7[m] [36mCalculationServiceImpl[m - End method settleAccountsV1
[30m2026-08-31T11:46:51,349[m [32mINFO  [m[[1;34mhttp-nio-8080-exec-7[m] [36mCalculationServiceImpl[m - PERF_ASSIGNMENT service=calculos operation=settleAccounts result=SUCCESS side=BUY fractionCount=1 totalMs=0 validationMs=0 calculationAndMappingMs=0 dbQueryCount=0
[30m2026-08-31T11:46:51,375[m [32mINFO  [m[[1;34mhttp-nio-8080-exec-9[m] [36mGlobalFilter[m - ----------- Client User: operaciones-orquestador-ext-back ----------
[30m2026-08-31T11:46:51,376[m [32mINFO  [m[[1;34mhttp-nio-8080-exec-9[m] [36mCalculationServiceImpl[m - Start method settleAccountsV1, side -> BUY
[30m2026-08-31T11:46:51,376[m [32mINFO  [m[[1;34mhttp-nio-8080-exec-9[m] [36mCalculationServiceImpl[m - End method settleAccountsV1
[30m2026-08-31T11:46:51,376[m [32mINFO  [m[[1;34mhttp-nio-8080-exec-9[m] [36mCalculationServiceImpl[m - PERF_ASSIGNMENT service=calculos operation=settleAccounts result=SUCCESS side=BUY fractionCount=1 totalMs=0 validationMs=0 calculationAndMappingMs=0 dbQueryCount=0
[30m2026-08-31T11:46:51,402[m [32mINFO  [m[[1;34mhttp-nio-8080-exec-2[m] [36mGlobalFilter[m - ----------- Client User: operaciones-orquestador-ext-back ----------
[30m2026-08-31T11:46:51,402[m [32mINFO  [m[[1;34mhttp-nio-8080-exec-2[m] [36mCalculationServiceImpl[m - Start method settleAccountsV1, side -> BUY
[30m2026-08-31T11:46:51,402[m [32mINFO  [m[[1;34mhttp-nio-8080-exec-2[m] [36mCalculationServiceImpl[m - End method settleAccountsV1
[30m2026-08-31T11:46:51,402[m [32mINFO  [m[[1;34mhttp-nio-8080-exec-2[m] [36mCalculationServiceImpl[m - PERF_ASSIGNMENT service=calculos operation=settleAccounts result=SUCCESS side=BUY fractionCount=1 totalMs=0 validationMs=0 calculationAndMappingMs=0 dbQueryCount=0
[30m2026-08-31T11:46:51,429[m [32mINFO  [m[[1;34mhttp-nio-8080-exec-10[m] [36mGlobalFilter[m - ----------- Client User: operaciones-orquestador-ext-back ----------
[30m2026-08-31T11:46:51,429[m [32mINFO  [m[[1;34mhttp-nio-8080-exec-10[m] [36mCalculationServiceImpl[m - Start method settleAccountsV1, side -> BUY
[30m2026-08-31T11:46:51,429[m [32mINFO  [m[[1;34mhttp-nio-8080-exec-10[m] [36mCalculationServiceImpl[m - End method settleAccountsV1
[30m2026-08-31T11:46:51,429[m [32mINFO  [m[[1;34mhttp-nio-8080-exec-10[m] [36mCalculationServiceImpl[m - PERF_ASSIGNMENT service=calculos operation=settleAccounts result=SUCCESS side=BUY fractionCount=1 totalMs=0 validationMs=0 calculationAndMappingMs=0 dbQueryCount=0
[30m2026-08-31T11:46:51,455[m [32mINFO  [m[[1;34mhttp-nio-8080-exec-5[m] [36mGlobalFilter[m - ----------- Client User: operaciones-orquestador-ext-back ----------
[30m2026-08-31T11:46:51,456[m [32mINFO  [m[[1;34mhttp-nio-8080-exec-5[m] [36mCalculationServiceImpl[m - Start method settleAccountsV1, side -> BUY
[30m2026-08-31T11:46:51,456[m [32mINFO  [m[[1;34mhttp-nio-8080-exec-5[m] [36mCalculationServiceImpl[m - End method settleAccountsV1
[30m2026-08-31T11:46:51,456[m [32mINFO  [m[[1;34mhttp-nio-8080-exec-5[m] [36mCalculationServiceImpl[m - PERF_ASSIGNMENT service=calculos operation=settleAccounts result=SUCCESS side=BUY fractionCount=1 totalMs=0 validationMs=0 calculationAndMappingMs=0 dbQueryCount=0
[30m2026-08-31T11:46:51,482[m [32mINFO  [m[[1;34mhttp-nio-8080-exec-1[m] [36mGlobalFilter[m - ----------- Client User: operaciones-orquestador-ext-back ----------
[30m2026-08-31T11:46:51,482[m [32mINFO  [m[[1;34mhttp-nio-8080-exec-1[m] [36mCalculationServiceImpl[m - Start method settleAccountsV1, side -> BUY
[30m2026-08-31T11:46:51,482[m [32mINFO  [m[[1;34mhttp-nio-8080-exec-1[m] [36mCalculationServiceImpl[m - End method settleAccountsV1
[30m2026-08-31T11:46:51,482[m [32mINFO  [m[[1;34mhttp-nio-8080-exec-1[m] [36mCalculationServiceImpl[m - PERF_ASSIGNMENT service=calculos operation=settleAccounts result=SUCCESS side=BUY fractionCount=1 totalMs=0 validationMs=0 calculationAndMappingMs=0 dbQueryCount=0
[30m2026-08-31T11:46:51,508[m [32mINFO  [m[[1;34mhttp-nio-8080-exec-3[m] [36mGlobalFilter[m - ----------- Client User: operaciones-orquestador-ext-back ----------
[30m2026-08-31T11:46:51,509[m [32mINFO  [m[[1;34mhttp-nio-8080-exec-3[m] [36mCalculationServiceImpl[m - Start method settleAccountsV1, side -> BUY
[30m2026-08-31T11:46:51,509[m [32mINFO  [m[[1;34mhttp-nio-8080-exec-3[m] [36mCalculationServiceImpl[m - End method settleAccountsV1
[30m2026-08-31T11:46:51,509[m [32mINFO  [m[[1;34mhttp-nio-8080-exec-3[m] [36mCalculationServiceImpl[m - PERF_ASSIGNMENT service=calculos operation=settleAccounts result=SUCCESS side=BUY fractionCount=1 totalMs=0 validationMs=0 calculationAndMappingMs=0 dbQueryCount=0
[30m2026-08-31T11:46:51,535[m [32mINFO  [m[[1;34mhttp-nio-8080-exec-4[m] [36mGlobalFilter[m - ----------- Client User: operaciones-orquestador-ext-back ----------
[30m2026-08-31T11:46:51,536[m [32mINFO  [m[[1;34mhttp-nio-8080-exec-4[m] [36mCalculationServiceImpl[m - Start method settleAccountsV1, side -> BUY
[30m2026-08-31T11:46:51,536[m [32mINFO  [m[[1;34mhttp-nio-8080-exec-4[m] [36mCalculationServiceImpl[m - End method settleAccountsV1
[30m2026-08-31T11:46:51,536[m [32mINFO  [m[[1;34mhttp-nio-8080-exec-4[m] [36mCalculationServiceImpl[m - PERF_ASSIGNMENT service=calculos operation=settleAccounts result=SUCCESS side=BUY fractionCount=1 totalMs=0 validationMs=0 calculationAndMappingMs=0 dbQueryCount=0
[30m2026-08-31T11:46:51,560[m [32mINFO  [m[[1;34mhttp-nio-8080-exec-6[m] [36mGlobalFilter[m - ----------- Client User: operaciones-orquestador-ext-back ----------
[30m2026-08-31T11:46:51,561[m [32mINFO  [m[[1;34mhttp-nio-8080-exec-6[m] [36mCalculationServiceImpl[m - Start method settleAccountsV1, side -> BUY
[30m2026-08-31T11:46:51,561[m [32mINFO  [m[[1;34mhttp-nio-8080-exec-6[m] [36mCalculationServiceImpl[m - End method settleAccountsV1
[30m2026-08-31T11:46:51,561[m [32mINFO  [m[[1;34mhttp-nio-8080-exec-6[m] [36mCalculationServiceImpl[m - PERF_ASSIGNMENT service=calculos operation=settleAccounts result=SUCCESS side=BUY fractionCount=1 totalMs=0 validationMs=0 calculationAndMappingMs=0 dbQueryCount=0
[30m2026-08-31T11:46:51,587[m [32mINFO  [m[[1;34mhttp-nio-8080-exec-8[m] [36mGlobalFilter[m - ----------- Client User: operaciones-orquestador-ext-back ----------
[30m2026-08-31T11:46:51,587[m [32mINFO  [m[[1;34mhttp-nio-8080-exec-8[m] [36mCalculationServiceImpl[m - Start method settleAccountsV1, side -> BUY
[30m2026-08-31T11:46:51,588[m [32mINFO  [m[[1;34mhttp-nio-8080-exec-8[m] [36mCalculationServiceImpl[m - End method settleAccountsV1
[30m2026-08-31T11:46:51,588[m [32mINFO  [m[[1;34mhttp-nio-8080-exec-8[m] [36mCalculationServiceImpl[m - PERF_ASSIGNMENT service=calculos operation=settleAccounts result=SUCCESS side=BUY fractionCount=1 totalMs=0 validationMs=0 calculationAndMappingMs=0 dbQueryCount=0
[30m2026-08-31T11:46:51,613[m [32mINFO  [m[[1;34mhttp-nio-8080-exec-7[m] [36mGlobalFilter[m - ----------- Client User: operaciones-orquestador-ext-back ----------
[30m2026-08-31T11:46:51,613[m [32mINFO  [m[[1;34mhttp-nio-8080-exec-7[m] [36mCalculationServiceImpl[m - Start method settleAccountsV1, side -> BUY
[30m2026-08-31T11:46:51,614[m [32mINFO  [m[[1;34mhttp-nio-8080-exec-7[m] [36mCalculationServiceImpl[m - End method settleAccountsV1
[30m2026-08-31T11:46:51,614[m [32mINFO  [m[[1;34mhttp-nio-8080-exec-7[m] [36mCalculationServiceImpl[m - PERF_ASSIGNMENT service=calculos operation=settleAccounts result=SUCCESS side=BUY fractionCount=1 totalMs=0 validationMs=0 calculationAndMappingMs=0 dbQueryCount=0
[30m2026-08-31T11:46:51,638[m [32mINFO  [m[[1;34mhttp-nio-8080-exec-9[m] [36mGlobalFilter[m - ----------- Client User: operaciones-orquestador-ext-back ----------
[30m2026-08-31T11:46:51,639[m [32mINFO  [m[[1;34mhttp-nio-8080-exec-9[m] [36mCalculationServiceImpl[m - Start method settleAccountsV1, side -> BUY
[30m2026-08-31T11:46:51,639[m [32mINFO  [m[[1;34mhttp-nio-8080-exec-9[m] [36mCalculationServiceImpl[m - End method settleAccountsV1
[30m2026-08-31T11:46:51,639[m [32mINFO  [m[[1;34mhttp-nio-8080-exec-9[m] [36mCalculationServiceImpl[m - PERF_ASSIGNMENT service=calculos operation=settleAccounts result=SUCCESS side=BUY fractionCount=1 totalMs=0 validationMs=0 calculationAndMappingMs=0 dbQueryCount=0
[30m2026-08-31T11:46:51,670[m [32mINFO  [m[[1;34mhttp-nio-8080-exec-2[m] [36mGlobalFilter[m - ----------- Client User: operaciones-orquestador-ext-back ----------
[30m2026-08-31T11:46:51,671[m [32mINFO  [m[[1;34mhttp-nio-8080-exec-2[m] [36mCalculationServiceImpl[m - Start method settleAccountsV1, side -> BUY
[30m2026-08-31T11:46:51,671[m [32mINFO  [m[[1;34mhttp-nio-8080-exec-2[m] [36mCalculationServiceImpl[m - End method settleAccountsV1
[30m2026-08-31T11:46:51,671[m [32mINFO  [m[[1;34mhttp-nio-8080-exec-2[m] [36mCalculationServiceImpl[m - PERF_ASSIGNMENT service=calculos operation=settleAccounts result=SUCCESS side=BUY fractionCount=1 totalMs=0 validationMs=0 calculationAndMappingMs=0 dbQueryCount=0
[30m2026-08-31T11:46:51,697[m [32mINFO  [m[[1;34mhttp-nio-8080-exec-10[m] [36mGlobalFilter[m - ----------- Client User: operaciones-orquestador-ext-back ----------
[30m2026-08-31T11:46:51,697[m [32mINFO  [m[[1;34mhttp-nio-8080-exec-10[m] [36mCalculationServiceImpl[m - Start method settleAccountsV1, side -> BUY
[30m2026-08-31T11:46:51,697[m [32mINFO  [m[[1;34mhttp-nio-8080-exec-10[m] [36mCalculationServiceImpl[m - End method settleAccountsV1
[30m2026-08-31T11:46:51,697[m [32mINFO  [m[[1;34mhttp-nio-8080-exec-10[m] [36mCalculationServiceImpl[m - PERF_ASSIGNMENT service=calculos operation=settleAccounts result=SUCCESS side=BUY fractionCount=1 totalMs=0 validationMs=0 calculationAndMappingMs=0 dbQueryCount=0
[30m2026-08-31T11:46:51,725[m [32mINFO  [m[[1;34mhttp-nio-8080-exec-5[m] [36mGlobalFilter[m - ----------- Client User: operaciones-orquestador-ext-back ----------
[30m2026-08-31T11:46:51,725[m [32mINFO  [m[[1;34mhttp-nio-8080-exec-5[m] [36mCalculationServiceImpl[m - Start method settleAccountsV1, side -> BUY
[30m2026-08-31T11:46:51,725[m [32mINFO  [m[[1;34mhttp-nio-8080-exec-5[m] [36mCalculationServiceImpl[m - End method settleAccountsV1
[30m2026-08-31T11:46:51,725[m [32mINFO  [m[[1;34mhttp-nio-8080-exec-5[m] [36mCalculationServiceImpl[m - PERF_ASSIGNMENT service=calculos operation=settleAccounts result=SUCCESS side=BUY fractionCount=1 totalMs=0 validationMs=0 calculationAndMappingMs=0 dbQueryCount=0
[30m2026-08-31T11:46:51,752[m [32mINFO  [m[[1;34mhttp-nio-8080-exec-1[m] [36mGlobalFilter[m - ----------- Client User: operaciones-orquestador-ext-back ----------
[30m2026-08-31T11:46:51,752[m [32mINFO  [m[[1;34mhttp-nio-8080-exec-1[m] [36mCalculationServiceImpl[m - Start method settleAccountsV1, side -> BUY
[30m2026-08-31T11:46:51,752[m [32mINFO  [m[[1;34mhttp-nio-8080-exec-1[m] [36mCalculationServiceImpl[m - End method settleAccountsV1
[30m2026-08-31T11:46:51,752[m [32mINFO  [m[[1;34mhttp-nio-8080-exec-1[m] [36mCalculationServiceImpl[m - PERF_ASSIGNMENT service=calculos operation=settleAccounts result=SUCCESS side=BUY fractionCount=1 totalMs=0 validationMs=0 calculationAndMappingMs=0 dbQueryCount=0
[30m2026-08-31T11:46:51,779[m [32mINFO  [m[[1;34mhttp-nio-8080-exec-3[m] [36mGlobalFilter[m - ----------- Client User: operaciones-orquestador-ext-back ----------
[30m2026-08-31T11:46:51,779[m [32mINFO  [m[[1;34mhttp-nio-8080-exec-3[m] [36mCalculationServiceImpl[m - Start method settleAccountsV1, side -> BUY
[30m2026-08-31T11:46:51,779[m [32mINFO  [m[[1;34mhttp-nio-8080-exec-3[m] [36mCalculationServiceImpl[m - End method settleAccountsV1
[30m2026-08-31T11:46:51,779[m [32mINFO  [m[[1;34mhttp-nio-8080-exec-3[m] [36mCalculationServiceImpl[m - PERF_ASSIGNMENT service=calculos operation=settleAccounts result=SUCCESS side=BUY fractionCount=1 totalMs=0 validationMs=0 calculationAndMappingMs=0 dbQueryCount=0
[30m2026-08-31T11:46:51,811[m [32mINFO  [m[[1;34mhttp-nio-8080-exec-4[m] [36mGlobalFilter[m - ----------- Client User: operaciones-orquestador-ext-back ----------
[30m2026-08-31T11:46:51,811[m [32mINFO  [m[[1;34mhttp-nio-8080-exec-4[m] [36mCalculationServiceImpl[m - Start method settleAccountsV1, side -> BUY
[30m2026-08-31T11:46:51,811[m [32mINFO  [m[[1;34mhttp-nio-8080-exec-4[m] [36mCalculationServiceImpl[m - End method settleAccountsV1
[30m2026-08-31T11:46:51,811[m [32mINFO  [m[[1;34mhttp-nio-8080-exec-4[m] [36mCalculationServiceImpl[m - PERF_ASSIGNMENT service=calculos operation=settleAccounts result=SUCCESS side=BUY fractionCount=1 totalMs=0 validationMs=0 calculationAndMappingMs=0 dbQueryCount=0
[30m2026-08-31T11:46:51,836[m [32mINFO  [m[[1;34mhttp-nio-8080-exec-6[m] [36mGlobalFilter[m - ----------- Client User: operaciones-orquestador-ext-back ----------
[30m2026-08-31T11:46:51,837[m [32mINFO  [m[[1;34mhttp-nio-8080-exec-6[m] [36mCalculationServiceImpl[m - Start method settleAccountsV1, side -> BUY
[30m2026-08-31T11:46:51,837[m [32mINFO  [m[[1;34mhttp-nio-8080-exec-6[m] [36mCalculationServiceImpl[m - End method settleAccountsV1
[30m2026-08-31T11:46:51,837[m [32mINFO  [m[[1;34mhttp-nio-8080-exec-6[m] [36mCalculationServiceImpl[m - PERF_ASSIGNMENT service=calculos operation=settleAccounts result=SUCCESS side=BUY fractionCount=1 totalMs=0 validationMs=0 calculationAndMappingMs=0 dbQueryCount=0
[30m2026-08-31T11:46:51,861[m [32mINFO  [m[[1;34mhttp-nio-8080-exec-8[m] [36mGlobalFilter[m - ----------- Client User: operaciones-orquestador-ext-back ----------
[30m2026-08-31T11:46:51,861[m [32mINFO  [m[[1;34mhttp-nio-8080-exec-8[m] [36mCalculationServiceImpl[m - Start method settleAccountsV1, side -> BUY
[30m2026-08-31T11:46:51,861[m [32mINFO  [m[[1;34mhttp-nio-8080-exec-8[m] [36mCalculationServiceImpl[m - End method settleAccountsV1
[30m2026-08-31T11:46:51,861[m [32mINFO  [m[[1;34mhttp-nio-8080-exec-8[m] [36mCalculationServiceImpl[m - PERF_ASSIGNMENT service=calculos operation=settleAccounts result=SUCCESS side=BUY fractionCount=1 totalMs=0 validationMs=0 calculationAndMappingMs=0 dbQueryCount=0
[30m2026-08-31T11:46:51,885[m [32mINFO  [m[[1;34mhttp-nio-8080-exec-7[m] [36mGlobalFilter[m - ----------- Client User: operaciones-orquestador-ext-back ----------
[30m2026-08-31T11:46:51,886[m [32mINFO  [m[[1;34mhttp-nio-8080-exec-7[m] [36mCalculationServiceImpl[m - Start method settleAccountsV1, side -> BUY
[30m2026-08-31T11:46:51,886[m [32mINFO  [m[[1;34mhttp-nio-8080-exec-7[m] [36mCalculationServiceImpl[m - End method settleAccountsV1
[30m2026-08-31T11:46:51,886[m [32mINFO  [m[[1;34mhttp-nio-8080-exec-7[m] [36mCalculationServiceImpl[m - PERF_ASSIGNMENT service=calculos operation=settleAccounts result=SUCCESS side=BUY fractionCount=1 totalMs=0 validationMs=0 calculationAndMappingMs=0 dbQueryCount=0
[30m2026-08-31T11:46:51,912[m [32mINFO  [m[[1;34mhttp-nio-8080-exec-9[m] [36mGlobalFilter[m - ----------- Client User: operaciones-orquestador-ext-back ----------
[30m2026-08-31T11:46:51,912[m [32mINFO  [m[[1;34mhttp-nio-8080-exec-9[m] [36mCalculationServiceImpl[m - Start method settleAccountsV1, side -> BUY
[30m2026-08-31T11:46:51,913[m [32mINFO  [m[[1;34mhttp-nio-8080-exec-9[m] [36mCalculationServiceImpl[m - End method settleAccountsV1
[30m2026-08-31T11:46:51,913[m [32mINFO  [m[[1;34mhttp-nio-8080-exec-9[m] [36mCalculationServiceImpl[m - PERF_ASSIGNMENT service=calculos operation=settleAccounts result=SUCCESS side=BUY fractionCount=1 totalMs=0 validationMs=0 calculationAndMappingMs=0 dbQueryCount=0
[30m2026-08-31T11:46:51,938[m [32mINFO  [m[[1;34mhttp-nio-8080-exec-2[m] [36mGlobalFilter[m - ----------- Client User: operaciones-orquestador-ext-back ----------
[30m2026-08-31T11:46:51,938[m [32mINFO  [m[[1;34mhttp-nio-8080-exec-2[m] [36mCalculationServiceImpl[m - Start method settleAccountsV1, side -> BUY
[30m2026-08-31T11:46:51,938[m [32mINFO  [m[[1;34mhttp-nio-8080-exec-2[m] [36mCalculationServiceImpl[m - End method settleAccountsV1
[30m2026-08-31T11:46:51,938[m [32mINFO  [m[[1;34mhttp-nio-8080-exec-2[m] [36mCalculationServiceImpl[m - PERF_ASSIGNMENT service=calculos operation=settleAccounts result=SUCCESS side=BUY fractionCount=1 totalMs=0 validationMs=0 calculationAndMappingMs=0 dbQueryCount=0
[30m2026-08-31T11:46:51,964[m [32mINFO  [m[[1;34mhttp-nio-8080-exec-10[m] [36mGlobalFilter[m - ----------- Client User: operaciones-orquestador-ext-back ----------
[30m2026-08-31T11:46:51,965[m [32mINFO  [m[[1;34mhttp-nio-8080-exec-10[m] [36mCalculationServiceImpl[m - Start method settleAccountsV1, side -> BUY
[30m2026-08-31T11:46:51,965[m [32mINFO  [m[[1;34mhttp-nio-8080-exec-10[m] [36mCalculationServiceImpl[m - End method settleAccountsV1
[30m2026-08-31T11:46:51,965[m [32mINFO  [m[[1;34mhttp-nio-8080-exec-10[m] [36mCalculationServiceImpl[m - PERF_ASSIGNMENT service=calculos operation=settleAccounts result=SUCCESS side=BUY fractionCount=1 totalMs=0 validationMs=0 calculationAndMappingMs=0 dbQueryCount=0
[30m2026-08-31T11:46:51,991[m [32mINFO  [m[[1;34mhttp-nio-8080-exec-5[m] [36mGlobalFilter[m - ----------- Client User: operaciones-orquestador-ext-back ----------
[30m2026-08-31T11:46:51,992[m [32mINFO  [m[[1;34mhttp-nio-8080-exec-5[m] [36mCalculationServiceImpl[m - Start method settleAccountsV1, side -> BUY
[30m2026-08-31T11:46:51,992[m [32mINFO  [m[[1;34mhttp-nio-8080-exec-5[m] [36mCalculationServiceImpl[m - End method settleAccountsV1
[30m2026-08-31T11:46:51,992[m [32mINFO  [m[[1;34mhttp-nio-8080-exec-5[m] [36mCalculationServiceImpl[m - PERF_ASSIGNMENT service=calculos operation=settleAccounts result=SUCCESS side=BUY fractionCount=1 totalMs=0 validationMs=0 calculationAndMappingMs=0 dbQueryCount=0
[30m2026-08-31T11:46:52,019[m [32mINFO  [m[[1;34mhttp-nio-8080-exec-1[m] [36mGlobalFilter[m - ----------- Client User: operaciones-orquestador-ext-back ----------
[30m2026-08-31T11:46:52,019[m [32mINFO  [m[[1;34mhttp-nio-8080-exec-1[m] [36mCalculationServiceImpl[m - Start method settleAccountsV1, side -> BUY
[30m2026-08-31T11:46:52,019[m [32mINFO  [m[[1;34mhttp-nio-8080-exec-1[m] [36mCalculationServiceImpl[m - End method settleAccountsV1
[30m2026-08-31T11:46:52,019[m [32mINFO  [m[[1;34mhttp-nio-8080-exec-1[m] [36mCalculationServiceImpl[m - PERF_ASSIGNMENT service=calculos operation=settleAccounts result=SUCCESS side=BUY fractionCount=1 totalMs=0 validationMs=0 calculationAndMappingMs=0 dbQueryCount=0
[30m2026-08-31T11:46:52,045[m [32mINFO  [m[[1;34mhttp-nio-8080-exec-3[m] [36mGlobalFilter[m - ----------- Client User: operaciones-orquestador-ext-back ----------
[30m2026-08-31T11:46:52,045[m [32mINFO  [m[[1;34mhttp-nio-8080-exec-3[m] [36mCalculationServiceImpl[m - Start method settleAccountsV1, side -> BUY
[30m2026-08-31T11:46:52,045[m [32mINFO  [m[[1;34mhttp-nio-8080-exec-3[m] [36mCalculationServiceImpl[m - End method settleAccountsV1
[30m2026-08-31T11:46:52,045[m [32mINFO  [m[[1;34mhttp-nio-8080-exec-3[m] [36mCalculationServiceImpl[m - PERF_ASSIGNMENT service=calculos operation=settleAccounts result=SUCCESS side=BUY fractionCount=1 totalMs=0 validationMs=0 calculationAndMappingMs=0 dbQueryCount=0
[30m2026-08-31T11:46:52,072[m [32mINFO  [m[[1;34mhttp-nio-8080-exec-4[m] [36mGlobalFilter[m - ----------- Client User: operaciones-orquestador-ext-back ----------
[30m2026-08-31T11:46:52,072[m [32mINFO  [m[[1;34mhttp-nio-8080-exec-4[m] [36mCalculationServiceImpl[m - Start method settleAccountsV1, side -> BUY
[30m2026-08-31T11:46:52,072[m [32mINFO  [m[[1;34mhttp-nio-8080-exec-4[m] [36mCalculationServiceImpl[m - End method settleAccountsV1
[30m2026-08-31T11:46:52,072[m [32mINFO  [m[[1;34mhttp-nio-8080-exec-4[m] [36mCalculationServiceImpl[m - PERF_ASSIGNMENT service=calculos operation=settleAccounts result=SUCCESS side=BUY fractionCount=1 totalMs=0 validationMs=0 calculationAndMappingMs=0 dbQueryCount=0
[30m2026-08-31T11:46:52,099[m [32mINFO  [m[[1;34mhttp-nio-8080-exec-6[m] [36mGlobalFilter[m - ----------- Client User: operaciones-orquestador-ext-back ----------
[30m2026-08-31T11:46:52,099[m [32mINFO  [m[[1;34mhttp-nio-8080-exec-6[m] [36mCalculationServiceImpl[m - Start method settleAccountsV1, side -> BUY
[30m2026-08-31T11:46:52,099[m [32mINFO  [m[[1;34mhttp-nio-8080-exec-6[m] [36mCalculationServiceImpl[m - End method settleAccountsV1
[30m2026-08-31T11:46:52,099[m [32mINFO  [m[[1;34mhttp-nio-8080-exec-6[m] [36mCalculationServiceImpl[m - PERF_ASSIGNMENT service=calculos operation=settleAccounts result=SUCCESS side=BUY fractionCount=1 totalMs=0 validationMs=0 calculationAndMappingMs=0 dbQueryCount=0
[30m2026-08-31T11:46:52,128[m [32mINFO  [m[[1;34mhttp-nio-8080-exec-8[m] [36mGlobalFilter[m - ----------- Client User: operaciones-orquestador-ext-back ----------
[30m2026-08-31T11:46:52,128[m [32mINFO  [m[[1;34mhttp-nio-8080-exec-8[m] [36mCalculationServiceImpl[m - Start method settleAccountsV1, side -> BUY
[30m2026-08-31T11:46:52,128[m [32mINFO  [m[[1;34mhttp-nio-8080-exec-8[m] [36mCalculationServiceImpl[m - End method settleAccountsV1
[30m2026-08-31T11:46:52,128[m [32mINFO  [m[[1;34mhttp-nio-8080-exec-8[m] [36mCalculationServiceImpl[m - PERF_ASSIGNMENT service=calculos operation=settleAccounts result=SUCCESS side=BUY fractionCount=1 totalMs=0 validationMs=0 calculationAndMappingMs=0 dbQueryCount=0
[30m2026-08-31T11:46:52,155[m [32mINFO  [m[[1;34mhttp-nio-8080-exec-7[m] [36mGlobalFilter[m - ----------- Client User: operaciones-orquestador-ext-back ----------
[30m2026-08-31T11:46:52,155[m [32mINFO  [m[[1;34mhttp-nio-8080-exec-7[m] [36mCalculationServiceImpl[m - Start method settleAccountsV1, side -> BUY
[30m2026-08-31T11:46:52,155[m [32mINFO  [m[[1;34mhttp-nio-8080-exec-7[m] [36mCalculationServiceImpl[m - End method settleAccountsV1
[30m2026-08-31T11:46:52,155[m [32mINFO  [m[[1;34mhttp-nio-8080-exec-7[m] [36mCalculationServiceImpl[m - PERF_ASSIGNMENT service=calculos operation=settleAccounts result=SUCCESS side=BUY fractionCount=1 totalMs=0 validationMs=0 calculationAndMappingMs=0 dbQueryCount=0
[30m2026-08-31T11:46:52,181[m [32mINFO  [m[[1;34mhttp-nio-8080-exec-9[m] [36mGlobalFilter[m - ----------- Client User: operaciones-orquestador-ext-back ----------
[30m2026-08-31T11:46:52,182[m [32mINFO  [m[[1;34mhttp-nio-8080-exec-9[m] [36mCalculationServiceImpl[m - Start method settleAccountsV1, side -> BUY
[30m2026-08-31T11:46:52,182[m [32mINFO  [m[[1;34mhttp-nio-8080-exec-9[m] [36mCalculationServiceImpl[m - End method settleAccountsV1
[30m2026-08-31T11:46:52,182[m [32mINFO  [m[[1;34mhttp-nio-8080-exec-9[m] [36mCalculationServiceImpl[m - PERF_ASSIGNMENT service=calculos operation=settleAccounts result=SUCCESS side=BUY fractionCount=1 totalMs=0 validationMs=0 calculationAndMappingMs=0 dbQueryCount=0
[30m2026-08-31T11:46:52,209[m [32mINFO  [m[[1;34mhttp-nio-8080-exec-2[m] [36mGlobalFilter[m - ----------- Client User: operaciones-orquestador-ext-back ----------
[30m2026-08-31T11:46:52,209[m [32mINFO  [m[[1;34mhttp-nio-8080-exec-2[m] [36mCalculationServiceImpl[m - Start method settleAccountsV1, side -> BUY
[30m2026-08-31T11:46:52,209[m [32mINFO  [m[[1;34mhttp-nio-8080-exec-2[m] [36mCalculationServiceImpl[m - End method settleAccountsV1
[30m2026-08-31T11:46:52,209[m [32mINFO  [m[[1;34mhttp-nio-8080-exec-2[m] [36mCalculationServiceImpl[m - PERF_ASSIGNMENT service=calculos operation=settleAccounts result=SUCCESS side=BUY fractionCount=1 totalMs=0 validationMs=0 calculationAndMappingMs=0 dbQueryCount=0
[30m2026-08-31T11:46:52,237[m [32mINFO  [m[[1;34mhttp-nio-8080-exec-10[m] [36mGlobalFilter[m - ----------- Client User: operaciones-orquestador-ext-back ----------
[30m2026-08-31T11:46:52,237[m [32mINFO  [m[[1;34mhttp-nio-8080-exec-10[m] [36mCalculationServiceImpl[m - Start method settleAccountsV1, side -> BUY
[30m2026-08-31T11:46:52,238[m [32mINFO  [m[[1;34mhttp-nio-8080-exec-10[m] [36mCalculationServiceImpl[m - End method settleAccountsV1
[30m2026-08-31T11:46:52,238[m [32mINFO  [m[[1;34mhttp-nio-8080-exec-10[m] [36mCalculationServiceImpl[m - PERF_ASSIGNMENT service=calculos operation=settleAccounts result=SUCCESS side=BUY fractionCount=1 totalMs=0 validationMs=0 calculationAndMappingMs=0 dbQueryCount=0
[30m2026-08-31T11:46:52,265[m [32mINFO  [m[[1;34mhttp-nio-8080-exec-5[m] [36mGlobalFilter[m - ----------- Client User: operaciones-orquestador-ext-back ----------
[30m2026-08-31T11:46:52,265[m [32mINFO  [m[[1;34mhttp-nio-8080-exec-5[m] [36mCalculationServiceImpl[m - Start method settleAccountsV1, side -> BUY
[30m2026-08-31T11:46:52,266[m [32mINFO  [m[[1;34mhttp-nio-8080-exec-5[m] [36mCalculationServiceImpl[m - End method settleAccountsV1
[30m2026-08-31T11:46:52,266[m [32mINFO  [m[[1;34mhttp-nio-8080-exec-5[m] [36mCalculationServiceImpl[m - PERF_ASSIGNMENT service=calculos operation=settleAccounts result=SUCCESS side=BUY fractionCount=1 totalMs=0 validationMs=0 calculationAndMappingMs=0 dbQueryCount=0
[30m2026-08-31T11:46:52,292[m [32mINFO  [m[[1;34mhttp-nio-8080-exec-1[m] [36mGlobalFilter[m - ----------- Client User: operaciones-orquestador-ext-back ----------
[30m2026-08-31T11:46:52,293[m [32mINFO  [m[[1;34mhttp-nio-8080-exec-1[m] [36mCalculationServiceImpl[m - Start method settleAccountsV1, side -> BUY
[30m2026-08-31T11:46:52,293[m [32mINFO  [m[[1;34mhttp-nio-8080-exec-1[m] [36mCalculationServiceImpl[m - End method settleAccountsV1
[30m2026-08-31T11:46:52,293[m [32mINFO  [m[[1;34mhttp-nio-8080-exec-1[m] [36mCalculationServiceImpl[m - PERF_ASSIGNMENT service=calculos operation=settleAccounts result=SUCCESS side=BUY fractionCount=1 totalMs=0 validationMs=0 calculationAndMappingMs=0 dbQueryCount=0
[30m2026-08-31T11:46:52,320[m [32mINFO  [m[[1;34mhttp-nio-8080-exec-3[m] [36mGlobalFilter[m - ----------- Client User: operaciones-orquestador-ext-back ----------
[30m2026-08-31T11:46:52,321[m [32mINFO  [m[[1;34mhttp-nio-8080-exec-3[m] [36mCalculationServiceImpl[m - Start method settleAccountsV1, side -> BUY
[30m2026-08-31T11:46:52,321[m [32mINFO  [m[[1;34mhttp-nio-8080-exec-3[m] [36mCalculationServiceImpl[m - End method settleAccountsV1
[30m2026-08-31T11:46:52,321[m [32mINFO  [m[[1;34mhttp-nio-8080-exec-3[m] [36mCalculationServiceImpl[m - PERF_ASSIGNMENT service=calculos operation=settleAccounts result=SUCCESS side=BUY fractionCount=1 totalMs=0 validationMs=0 calculationAndMappingMs=0 dbQueryCount=0
[30m2026-08-31T11:46:52,348[m [32mINFO  [m[[1;34mhttp-nio-8080-exec-4[m] [36mGlobalFilter[m - ----------- Client User: operaciones-orquestador-ext-back ----------
[30m2026-08-31T11:46:52,349[m [32mINFO  [m[[1;34mhttp-nio-8080-exec-4[m] [36mCalculationServiceImpl[m - Start method settleAccountsV1, side -> BUY
[30m2026-08-31T11:46:52,349[m [32mINFO  [m[[1;34mhttp-nio-8080-exec-4[m] [36mCalculationServiceImpl[m - End method settleAccountsV1
[30m2026-08-31T11:46:52,349[m [32mINFO  [m[[1;34mhttp-nio-8080-exec-4[m] [36mCalculationServiceImpl[m - PERF_ASSIGNMENT service=calculos operation=settleAccounts result=SUCCESS side=BUY fractionCount=1 totalMs=0 validationMs=0 calculationAndMappingMs=0 dbQueryCount=0
[30m2026-08-31T11:46:52,374[m [32mINFO  [m[[1;34mhttp-nio-8080-exec-6[m] [36mGlobalFilter[m - ----------- Client User: operaciones-orquestador-ext-back ----------
[30m2026-08-31T11:46:52,375[m [32mINFO  [m[[1;34mhttp-nio-8080-exec-6[m] [36mCalculationServiceImpl[m - Start method settleAccountsV1, side -> BUY
[30m2026-08-31T11:46:52,375[m [32mINFO  [m[[1;34mhttp-nio-8080-exec-6[m] [36mCalculationServiceImpl[m - End method settleAccountsV1
[30m2026-08-31T11:46:52,375[m [32mINFO  [m[[1;34mhttp-nio-8080-exec-6[m] [36mCalculationServiceImpl[m - PERF_ASSIGNMENT service=calculos operation=settleAccounts result=SUCCESS side=BUY fractionCount=1 totalMs=0 validationMs=0 calculationAndMappingMs=0 dbQueryCount=0
[30m2026-08-31T11:46:52,417[m [32mINFO  [m[[1;34mhttp-nio-8080-exec-8[m] [36mGlobalFilter[m - ----------- Client User: operaciones-orquestador-ext-back ----------
[30m2026-08-31T11:46:52,418[m [32mINFO  [m[[1;34mhttp-nio-8080-exec-8[m] [36mCalculationServiceImpl[m - Start method settleAccountsV1, side -> BUY
[30m2026-08-31T11:46:52,418[m [32mINFO  [m[[1;34mhttp-nio-8080-exec-8[m] [36mCalculationServiceImpl[m - End method settleAccountsV1
[30m2026-08-31T11:46:52,418[m [32mINFO  [m[[1;34mhttp-nio-8080-exec-8[m] [36mCalculationServiceImpl[m - PERF_ASSIGNMENT service=calculos operation=settleAccounts result=SUCCESS side=BUY fractionCount=1 totalMs=0 validationMs=0 calculationAndMappingMs=0 dbQueryCount=0
[30m2026-08-31T11:46:52,445[m [32mINFO  [m[[1;34mhttp-nio-8080-exec-7[m] [36mGlobalFilter[m - ----------- Client User: operaciones-orquestador-ext-back ----------
[30m2026-08-31T11:46:52,445[m [32mINFO  [m[[1;34mhttp-nio-8080-exec-7[m] [36mCalculationServiceImpl[m - Start method settleAccountsV1, side -> BUY
[30m2026-08-31T11:46:52,445[m [32mINFO  [m[[1;34mhttp-nio-8080-exec-7[m] [36mCalculationServiceImpl[m - End method settleAccountsV1
[30m2026-08-31T11:46:52,445[m [32mINFO  [m[[1;34mhttp-nio-8080-exec-7[m] [36mCalculationServiceImpl[m - PERF_ASSIGNMENT service=calculos operation=settleAccounts result=SUCCESS side=BUY fractionCount=1 totalMs=0 validationMs=0 calculationAndMappingMs=0 dbQueryCount=0
[30m2026-08-31T11:46:52,472[m [32mINFO  [m[[1;34mhttp-nio-8080-exec-9[m] [36mGlobalFilter[m - ----------- Client User: operaciones-orquestador-ext-back ----------
[30m2026-08-31T11:46:52,472[m [32mINFO  [m[[1;34mhttp-nio-8080-exec-9[m] [36mCalculationServiceImpl[m - Start method settleAccountsV1, side -> BUY
[30m2026-08-31T11:46:52,472[m [32mINFO  [m[[1;34mhttp-nio-8080-exec-9[m] [36mCalculationServiceImpl[m - End method settleAccountsV1
[30m2026-08-31T11:46:52,472[m [32mINFO  [m[[1;34mhttp-nio-8080-exec-9[m] [36mCalculationServiceImpl[m - PERF_ASSIGNMENT service=calculos operation=settleAccounts result=SUCCESS side=BUY fractionCount=1 totalMs=0 validationMs=0 calculationAndMappingMs=0 dbQueryCount=0
[30m2026-08-31T11:46:52,519[m [32mINFO  [m[[1;34mhttp-nio-8080-exec-2[m] [36mGlobalFilter[m - ----------- Client User: operaciones-orquestador-ext-back ----------
[30m2026-08-31T11:46:52,520[m [32mINFO  [m[[1;34mhttp-nio-8080-exec-2[m] [36mCalculationServiceImpl[m - Start method settleAccountsV1, side -> BUY
[30m2026-08-31T11:46:52,520[m [32mINFO  [m[[1;34mhttp-nio-8080-exec-2[m] [36mCalculationServiceImpl[m - End method settleAccountsV1
[30m2026-08-31T11:46:52,520[m [32mINFO  [m[[1;34mhttp-nio-8080-exec-2[m] [36mCalculationServiceImpl[m - PERF_ASSIGNMENT service=calculos operation=settleAccounts result=SUCCESS side=BUY fractionCount=1 totalMs=0 validationMs=0 calculationAndMappingMs=0 dbQueryCount=0
[30m2026-08-31T11:46:52,546[m [32mINFO  [m[[1;34mhttp-nio-8080-exec-10[m] [36mGlobalFilter[m - ----------- Client User: operaciones-orquestador-ext-back ----------
[30m2026-08-31T11:46:52,546[m [32mINFO  [m[[1;34mhttp-nio-8080-exec-10[m] [36mCalculationServiceImpl[m - Start method settleAccountsV1, side -> BUY
[30m2026-08-31T11:46:52,547[m [32mINFO  [m[[1;34mhttp-nio-8080-exec-10[m] [36mCalculationServiceImpl[m - End method settleAccountsV1
[30m2026-08-31T11:46:52,547[m [32mINFO  [m[[1;34mhttp-nio-8080-exec-10[m] [36mCalculationServiceImpl[m - PERF_ASSIGNMENT service=calculos operation=settleAccounts result=SUCCESS side=BUY fractionCount=1 totalMs=0 validationMs=0 calculationAndMappingMs=0 dbQueryCount=0
[30m2026-08-31T11:46:52,573[m [32mINFO  [m[[1;34mhttp-nio-8080-exec-5[m] [36mGlobalFilter[m - ----------- Client User: operaciones-orquestador-ext-back ----------
[30m2026-08-31T11:46:52,573[m [32mINFO  [m[[1;34mhttp-nio-8080-exec-5[m] [36mCalculationServiceImpl[m - Start method settleAccountsV1, side -> BUY
[30m2026-08-31T11:46:52,573[m [32mINFO  [m[[1;34mhttp-nio-8080-exec-5[m] [36mCalculationServiceImpl[m - End method settleAccountsV1
[30m2026-08-31T11:46:52,574[m [32mINFO  [m[[1;34mhttp-nio-8080-exec-5[m] [36mCalculationServiceImpl[m - PERF_ASSIGNMENT service=calculos operation=settleAccounts result=SUCCESS side=BUY fractionCount=1 totalMs=0 validationMs=0 calculationAndMappingMs=0 dbQueryCount=0
[30m2026-08-31T11:46:52,599[m [32mINFO  [m[[1;34mhttp-nio-8080-exec-1[m] [36mGlobalFilter[m - ----------- Client User: operaciones-orquestador-ext-back ----------
[30m2026-08-31T11:46:52,599[m [32mINFO  [m[[1;34mhttp-nio-8080-exec-1[m] [36mCalculationServiceImpl[m - Start method settleAccountsV1, side -> BUY
[30m2026-08-31T11:46:52,599[m [32mINFO  [m[[1;34mhttp-nio-8080-exec-1[m] [36mCalculationServiceImpl[m - End method settleAccountsV1
[30m2026-08-31T11:46:52,599[m [32mINFO  [m[[1;34mhttp-nio-8080-exec-1[m] [36mCalculationServiceImpl[m - PERF_ASSIGNMENT service=calculos operation=settleAccounts result=SUCCESS side=BUY fractionCount=1 totalMs=0 validationMs=0 calculationAndMappingMs=0 dbQueryCount=0
[30m2026-08-31T11:46:52,755[m [32mINFO  [m[[1;34mhttp-nio-8080-exec-3[m] [36mGlobalFilter[m - ----------- Client User: operaciones-orquestador-ext-back ----------
[30m2026-08-31T11:46:52,755[m [32mINFO  [m[[1;34mhttp-nio-8080-exec-3[m] [36mCalculationServiceImpl[m - Start method settleAccountsV1, side -> BUY
[30m2026-08-31T11:46:52,755[m [32mINFO  [m[[1;34mhttp-nio-8080-exec-3[m] [36mCalculationServiceImpl[m - End method settleAccountsV1
[30m2026-08-31T11:46:52,756[m [32mINFO  [m[[1;34mhttp-nio-8080-exec-3[m] [36mCalculationServiceImpl[m - PERF_ASSIGNMENT service=calculos operation=settleAccounts result=SUCCESS side=BUY fractionCount=1 totalMs=0 validationMs=0 calculationAndMappingMs=0 dbQueryCount=0
[30m2026-08-31T11:46:52,781[m [32mINFO  [m[[1;34mhttp-nio-8080-exec-4[m] [36mGlobalFilter[m - ----------- Client User: operaciones-orquestador-ext-back ----------
[30m2026-08-31T11:46:52,781[m [32mINFO  [m[[1;34mhttp-nio-8080-exec-4[m] [36mCalculationServiceImpl[m - Start method settleAccountsV1, side -> BUY
[30m2026-08-31T11:46:52,782[m [32mINFO  [m[[1;34mhttp-nio-8080-exec-4[m] [36mCalculationServiceImpl[m - End method settleAccountsV1
[30m2026-08-31T11:46:52,782[m [32mINFO  [m[[1;34mhttp-nio-8080-exec-4[m] [36mCalculationServiceImpl[m - PERF_ASSIGNMENT service=calculos operation=settleAccounts result=SUCCESS side=BUY fractionCount=1 totalMs=0 validationMs=0 calculationAndMappingMs=0 dbQueryCount=0
[30m2026-08-31T11:46:52,808[m [32mINFO  [m[[1;34mhttp-nio-8080-exec-6[m] [36mGlobalFilter[m - ----------- Client User: operaciones-orquestador-ext-back ----------
[30m2026-08-31T11:46:52,808[m [32mINFO  [m[[1;34mhttp-nio-8080-exec-6[m] [36mCalculationServiceImpl[m - Start method settleAccountsV1, side -> BUY
[30m2026-08-31T11:46:52,808[m [32mINFO  [m[[1;34mhttp-nio-8080-exec-6[m] [36mCalculationServiceImpl[m - End method settleAccountsV1
[30m2026-08-31T11:46:52,809[m [32mINFO  [m[[1;34mhttp-nio-8080-exec-6[m] [36mCalculationServiceImpl[m - PERF_ASSIGNMENT service=calculos operation=settleAccounts result=SUCCESS side=BUY fractionCount=1 totalMs=0 validationMs=0 calculationAndMappingMs=0 dbQueryCount=0
[30m2026-08-31T11:46:52,835[m [32mINFO  [m[[1;34mhttp-nio-8080-exec-8[m] [36mGlobalFilter[m - ----------- Client User: operaciones-orquestador-ext-back ----------
[30m2026-08-31T11:46:52,836[m [32mINFO  [m[[1;34mhttp-nio-8080-exec-8[m] [36mCalculationServiceImpl[m - Start method settleAccountsV1, side -> BUY
[30m2026-08-31T11:46:52,836[m [32mINFO  [m[[1;34mhttp-nio-8080-exec-8[m] [36mCalculationServiceImpl[m - End method settleAccountsV1
[30m2026-08-31T11:46:52,836[m [32mINFO  [m[[1;34mhttp-nio-8080-exec-8[m] [36mCalculationServiceImpl[m - PERF_ASSIGNMENT service=calculos operation=settleAccounts result=SUCCESS side=BUY fractionCount=1 totalMs=0 validationMs=0 calculationAndMappingMs=0 dbQueryCount=0
[30m2026-08-31T11:46:52,862[m [32mINFO  [m[[1;34mhttp-nio-8080-exec-7[m] [36mGlobalFilter[m - ----------- Client User: operaciones-orquestador-ext-back ----------
[30m2026-08-31T11:46:52,863[m [32mINFO  [m[[1;34mhttp-nio-8080-exec-7[m] [36mCalculationServiceImpl[m - Start method settleAccountsV1, side -> BUY
[30m2026-08-31T11:46:52,863[m [32mINFO  [m[[1;34mhttp-nio-8080-exec-7[m] [36mCalculationServiceImpl[m - End method settleAccountsV1
[30m2026-08-31T11:46:52,863[m [32mINFO  [m[[1;34mhttp-nio-8080-exec-7[m] [36mCalculationServiceImpl[m - PERF_ASSIGNMENT service=calculos operation=settleAccounts result=SUCCESS side=BUY fractionCount=1 totalMs=0 validationMs=0 calculationAndMappingMs=0 dbQueryCount=0
[30m2026-08-31T11:46:52,888[m [32mINFO  [m[[1;34mhttp-nio-8080-exec-9[m] [36mGlobalFilter[m - ----------- Client User: operaciones-orquestador-ext-back ----------
[30m2026-08-31T11:46:52,889[m [32mINFO  [m[[1;34mhttp-nio-8080-exec-9[m] [36mCalculationServiceImpl[m - Start method settleAccountsV1, side -> BUY
[30m2026-08-31T11:46:52,889[m [32mINFO  [m[[1;34mhttp-nio-8080-exec-9[m] [36mCalculationServiceImpl[m - End method settleAccountsV1
[30m2026-08-31T11:46:52,889[m [32mINFO  [m[[1;34mhttp-nio-8080-exec-9[m] [36mCalculationServiceImpl[m - PERF_ASSIGNMENT service=calculos operation=settleAccounts result=SUCCESS side=BUY fractionCount=1 totalMs=0 validationMs=0 calculationAndMappingMs=0 dbQueryCount=0
[30m2026-08-31T11:46:52,915[m [32mINFO  [m[[1;34mhttp-nio-8080-exec-2[m] [36mGlobalFilter[m - ----------- Client User: operaciones-orquestador-ext-back ----------
[30m2026-08-31T11:46:52,915[m [32mINFO  [m[[1;34mhttp-nio-8080-exec-2[m] [36mCalculationServiceImpl[m - Start method settleAccountsV1, side -> BUY
[30m2026-08-31T11:46:52,915[m [32mINFO  [m[[1;34mhttp-nio-8080-exec-2[m] [36mCalculationServiceImpl[m - End method settleAccountsV1
[30m2026-08-31T11:46:52,915[m [32mINFO  [m[[1;34mhttp-nio-8080-exec-2[m] [36mCalculationServiceImpl[m - PERF_ASSIGNMENT service=calculos operation=settleAccounts result=SUCCESS side=BUY fractionCount=1 totalMs=0 validationMs=0 calculationAndMappingMs=0 dbQueryCount=0
[30m2026-08-31T11:46:52,942[m [32mINFO  [m[[1;34mhttp-nio-8080-exec-10[m] [36mGlobalFilter[m - ----------- Client User: operaciones-orquestador-ext-back ----------
[30m2026-08-31T11:46:52,943[m [32mINFO  [m[[1;34mhttp-nio-8080-exec-10[m] [36mCalculationServiceImpl[m - Start method settleAccountsV1, side -> BUY
[30m2026-08-31T11:46:52,943[m [32mINFO  [m[[1;34mhttp-nio-8080-exec-10[m] [36mCalculationServiceImpl[m - End method settleAccountsV1
[30m2026-08-31T11:46:52,943[m [32mINFO  [m[[1;34mhttp-nio-8080-exec-10[m] [36mCalculationServiceImpl[m - PERF_ASSIGNMENT service=calculos operation=settleAccounts result=SUCCESS side=BUY fractionCount=1 totalMs=0 validationMs=0 calculationAndMappingMs=0 dbQueryCount=0
[30m2026-08-31T11:46:52,969[m [32mINFO  [m[[1;34mhttp-nio-8080-exec-5[m] [36mGlobalFilter[m - ----------- Client User: operaciones-orquestador-ext-back ----------
[30m2026-08-31T11:46:52,969[m [32mINFO  [m[[1;34mhttp-nio-8080-exec-5[m] [36mCalculationServiceImpl[m - Start method settleAccountsV1, side -> BUY
[30m2026-08-31T11:46:52,969[m [32mINFO  [m[[1;34mhttp-nio-8080-exec-5[m] [36mCalculationServiceImpl[m - End method settleAccountsV1
[30m2026-08-31T11:46:52,969[m [32mINFO  [m[[1;34mhttp-nio-8080-exec-5[m] [36mCalculationServiceImpl[m - PERF_ASSIGNMENT service=calculos operation=settleAccounts result=SUCCESS side=BUY fractionCount=1 totalMs=0 validationMs=0 calculationAndMappingMs=0 dbQueryCount=0
[30m2026-08-31T11:46:52,995[m [32mINFO  [m[[1;34mhttp-nio-8080-exec-1[m] [36mGlobalFilter[m - ----------- Client User: operaciones-orquestador-ext-back ----------
[30m2026-08-31T11:46:52,995[m [32mINFO  [m[[1;34mhttp-nio-8080-exec-1[m] [36mCalculationServiceImpl[m - Start method settleAccountsV1, side -> BUY
[30m2026-08-31T11:46:52,995[m [32mINFO  [m[[1;34mhttp-nio-8080-exec-1[m] [36mCalculationServiceImpl[m - End method settleAccountsV1
[30m2026-08-31T11:46:52,995[m [32mINFO  [m[[1;34mhttp-nio-8080-exec-1[m] [36mCalculationServiceImpl[m - PERF_ASSIGNMENT service=calculos operation=settleAccounts result=SUCCESS side=BUY fractionCount=1 totalMs=0 validationMs=0 calculationAndMappingMs=0 dbQueryCount=0
[30m2026-08-31T11:46:53,022[m [32mINFO  [m[[1;34mhttp-nio-8080-exec-3[m] [36mGlobalFilter[m - ----------- Client User: operaciones-orquestador-ext-back ----------
[30m2026-08-31T11:46:53,022[m [32mINFO  [m[[1;34mhttp-nio-8080-exec-3[m] [36mCalculationServiceImpl[m - Start method settleAccountsV1, side -> BUY
[30m2026-08-31T11:46:53,022[m [32mINFO  [m[[1;34mhttp-nio-8080-exec-3[m] [36mCalculationServiceImpl[m - End method settleAccountsV1
[30m2026-08-31T11:46:53,022[m [32mINFO  [m[[1;34mhttp-nio-8080-exec-3[m] [36mCalculationServiceImpl[m - PERF_ASSIGNMENT service=calculos operation=settleAccounts result=SUCCESS side=BUY fractionCount=1 totalMs=0 validationMs=0 calculationAndMappingMs=0 dbQueryCount=0
[30m2026-08-31T11:46:53,048[m [32mINFO  [m[[1;34mhttp-nio-8080-exec-4[m] [36mGlobalFilter[m - ----------- Client User: operaciones-orquestador-ext-back ----------
[30m2026-08-31T11:46:53,048[m [32mINFO  [m[[1;34mhttp-nio-8080-exec-4[m] [36mCalculationServiceImpl[m - Start method settleAccountsV1, side -> BUY
[30m2026-08-31T11:46:53,048[m [32mINFO  [m[[1;34mhttp-nio-8080-exec-4[m] [36mCalculationServiceImpl[m - End method settleAccountsV1
[30m2026-08-31T11:46:53,048[m [32mINFO  [m[[1;34mhttp-nio-8080-exec-4[m] [36mCalculationServiceImpl[m - PERF_ASSIGNMENT service=calculos operation=settleAccounts result=SUCCESS side=BUY fractionCount=1 totalMs=0 validationMs=0 calculationAndMappingMs=0 dbQueryCount=0
[30m2026-08-31T11:46:53,073[m [32mINFO  [m[[1;34mhttp-nio-8080-exec-6[m] [36mGlobalFilter[m - ----------- Client User: operaciones-orquestador-ext-back ----------
[30m2026-08-31T11:46:53,074[m [32mINFO  [m[[1;34mhttp-nio-8080-exec-6[m] [36mCalculationServiceImpl[m - Start method settleAccountsV1, side -> BUY
[30m2026-08-31T11:46:53,074[m [32mINFO  [m[[1;34mhttp-nio-8080-exec-6[m] [36mCalculationServiceImpl[m - End method settleAccountsV1
[30m2026-08-31T11:46:53,074[m [32mINFO  [m[[1;34mhttp-nio-8080-exec-6[m] [36mCalculationServiceImpl[m - PERF_ASSIGNMENT service=calculos operation=settleAccounts result=SUCCESS side=BUY fractionCount=1 totalMs=0 validationMs=0 calculationAndMappingMs=0 dbQueryCount=0
[30m2026-08-31T11:46:53,100[m [32mINFO  [m[[1;34mhttp-nio-8080-exec-8[m] [36mGlobalFilter[m - ----------- Client User: operaciones-orquestador-ext-back ----------
[30m2026-08-31T11:46:53,101[m [32mINFO  [m[[1;34mhttp-nio-8080-exec-8[m] [36mCalculationServiceImpl[m - Start method settleAccountsV1, side -> BUY
[30m2026-08-31T11:46:53,101[m [32mINFO  [m[[1;34mhttp-nio-8080-exec-8[m] [36mCalculationServiceImpl[m - End method settleAccountsV1
[30m2026-08-31T11:46:53,101[m [32mINFO  [m[[1;34mhttp-nio-8080-exec-8[m] [36mCalculationServiceImpl[m - PERF_ASSIGNMENT service=calculos operation=settleAccounts result=SUCCESS side=BUY fractionCount=1 totalMs=0 validationMs=0 calculationAndMappingMs=0 dbQueryCount=0
[30m2026-08-31T11:46:53,129[m [32mINFO  [m[[1;34mhttp-nio-8080-exec-7[m] [36mGlobalFilter[m - ----------- Client User: operaciones-orquestador-ext-back ----------
[30m2026-08-31T11:46:53,130[m [32mINFO  [m[[1;34mhttp-nio-8080-exec-7[m] [36mCalculationServiceImpl[m - Start method settleAccountsV1, side -> BUY
[30m2026-08-31T11:46:53,130[m [32mINFO  [m[[1;34mhttp-nio-8080-exec-7[m] [36mCalculationServiceImpl[m - End method settleAccountsV1
[30m2026-08-31T11:46:53,130[m [32mINFO  [m[[1;34mhttp-nio-8080-exec-7[m] [36mCalculationServiceImpl[m - PERF_ASSIGNMENT service=calculos operation=settleAccounts result=SUCCESS side=BUY fractionCount=1 totalMs=0 validationMs=0 calculationAndMappingMs=0 dbQueryCount=0
[30m2026-08-31T11:46:53,156[m [32mINFO  [m[[1;34mhttp-nio-8080-exec-9[m] [36mGlobalFilter[m - ----------- Client User: operaciones-orquestador-ext-back ----------
[30m2026-08-31T11:46:53,156[m [32mINFO  [m[[1;34mhttp-nio-8080-exec-9[m] [36mCalculationServiceImpl[m - Start method settleAccountsV1, side -> BUY
[30m2026-08-31T11:46:53,157[m [32mINFO  [m[[1;34mhttp-nio-8080-exec-9[m] [36mCalculationServiceImpl[m - End method settleAccountsV1
[30m2026-08-31T11:46:53,157[m [32mINFO  [m[[1;34mhttp-nio-8080-exec-9[m] [36mCalculationServiceImpl[m - PERF_ASSIGNMENT service=calculos operation=settleAccounts result=SUCCESS side=BUY fractionCount=1 totalMs=0 validationMs=0 calculationAndMappingMs=0 dbQueryCount=0
[30m2026-08-31T11:46:53,183[m [32mINFO  [m[[1;34mhttp-nio-8080-exec-2[m] [36mGlobalFilter[m - ----------- Client User: operaciones-orquestador-ext-back ----------
[30m2026-08-31T11:46:53,184[m [32mINFO  [m[[1;34mhttp-nio-8080-exec-2[m] [36mCalculationServiceImpl[m - Start method settleAccountsV1, side -> BUY
[30m2026-08-31T11:46:53,184[m [32mINFO  [m[[1;34mhttp-nio-8080-exec-2[m] [36mCalculationServiceImpl[m - End method settleAccountsV1
[30m2026-08-31T11:46:53,184[m [32mINFO  [m[[1;34mhttp-nio-8080-exec-2[m] [36mCalculationServiceImpl[m - PERF_ASSIGNMENT service=calculos operation=settleAccounts result=SUCCESS side=BUY fractionCount=1 totalMs=0 validationMs=0 calculationAndMappingMs=0 dbQueryCount=0
[30m2026-08-31T11:46:53,210[m [32mINFO  [m[[1;34mhttp-nio-8080-exec-10[m] [36mGlobalFilter[m - ----------- Client User: operaciones-orquestador-ext-back ----------
[30m2026-08-31T11:46:53,210[m [32mINFO  [m[[1;34mhttp-nio-8080-exec-10[m] [36mCalculationServiceImpl[m - Start method settleAccountsV1, side -> BUY
[30m2026-08-31T11:46:53,210[m [32mINFO  [m[[1;34mhttp-nio-8080-exec-10[m] [36mCalculationServiceImpl[m - End method settleAccountsV1
[30m2026-08-31T11:46:53,210[m [32mINFO  [m[[1;34mhttp-nio-8080-exec-10[m] [36mCalculationServiceImpl[m - PERF_ASSIGNMENT service=calculos operation=settleAccounts result=SUCCESS side=BUY fractionCount=1 totalMs=0 validationMs=0 calculationAndMappingMs=0 dbQueryCount=0
[30m2026-08-31T11:46:53,237[m [32mINFO  [m[[1;34mhttp-nio-8080-exec-5[m] [36mGlobalFilter[m - ----------- Client User: operaciones-orquestador-ext-back ----------
[30m2026-08-31T11:46:53,237[m [32mINFO  [m[[1;34mhttp-nio-8080-exec-5[m] [36mCalculationServiceImpl[m - Start method settleAccountsV1, side -> BUY
[30m2026-08-31T11:46:53,237[m [32mINFO  [m[[1;34mhttp-nio-8080-exec-5[m] [36mCalculationServiceImpl[m - End method settleAccountsV1
[30m2026-08-31T11:46:53,237[m [32mINFO  [m[[1;34mhttp-nio-8080-exec-5[m] [36mCalculationServiceImpl[m - PERF_ASSIGNMENT service=calculos operation=settleAccounts result=SUCCESS side=BUY fractionCount=1 totalMs=0 validationMs=0 calculationAndMappingMs=0 dbQueryCount=0
[30m2026-08-31T11:46:53,266[m [32mINFO  [m[[1;34mhttp-nio-8080-exec-1[m] [36mGlobalFilter[m - ----------- Client User: operaciones-orquestador-ext-back ----------
[30m2026-08-31T11:46:53,267[m [32mINFO  [m[[1;34mhttp-nio-8080-exec-1[m] [36mCalculationServiceImpl[m - Start method settleAccountsV1, side -> BUY
[30m2026-08-31T11:46:53,267[m [32mINFO  [m[[1;34mhttp-nio-8080-exec-1[m] [36mCalculationServiceImpl[m - End method settleAccountsV1
[30m2026-08-31T11:46:53,267[m [32mINFO  [m[[1;34mhttp-nio-8080-exec-1[m] [36mCalculationServiceImpl[m - PERF_ASSIGNMENT service=calculos operation=settleAccounts result=SUCCESS side=BUY fractionCount=1 totalMs=0 validationMs=0 calculationAndMappingMs=0 dbQueryCount=0
[30m2026-08-31T11:46:53,295[m [32mINFO  [m[[1;34mhttp-nio-8080-exec-3[m] [36mGlobalFilter[m - ----------- Client User: operaciones-orquestador-ext-back ----------
[30m2026-08-31T11:46:53,295[m [32mINFO  [m[[1;34mhttp-nio-8080-exec-3[m] [36mCalculationServiceImpl[m - Start method settleAccountsV1, side -> BUY
[30m2026-08-31T11:46:53,295[m [32mINFO  [m[[1;34mhttp-nio-8080-exec-3[m] [36mCalculationServiceImpl[m - End method settleAccountsV1
[30m2026-08-31T11:46:53,295[m [32mINFO  [m[[1;34mhttp-nio-8080-exec-3[m] [36mCalculationServiceImpl[m - PERF_ASSIGNMENT service=calculos operation=settleAccounts result=SUCCESS side=BUY fractionCount=1 totalMs=0 validationMs=0 calculationAndMappingMs=0 dbQueryCount=0
[30m2026-08-31T11:46:53,323[m [32mINFO  [m[[1;34mhttp-nio-8080-exec-4[m] [36mGlobalFilter[m - ----------- Client User: operaciones-orquestador-ext-back ----------
[30m2026-08-31T11:46:53,323[m [32mINFO  [m[[1;34mhttp-nio-8080-exec-4[m] [36mCalculationServiceImpl[m - Start method settleAccountsV1, side -> BUY
[30m2026-08-31T11:46:53,323[m [32mINFO  [m[[1;34mhttp-nio-8080-exec-4[m] [36mCalculationServiceImpl[m - End method settleAccountsV1
[30m2026-08-31T11:46:53,323[m [32mINFO  [m[[1;34mhttp-nio-8080-exec-4[m] [36mCalculationServiceImpl[m - PERF_ASSIGNMENT service=calculos operation=settleAccounts result=SUCCESS side=BUY fractionCount=1 totalMs=0 validationMs=0 calculationAndMappingMs=0 dbQueryCount=0
[30m2026-08-31T11:46:53,351[m [32mINFO  [m[[1;34mhttp-nio-8080-exec-6[m] [36mGlobalFilter[m - ----------- Client User: operaciones-orquestador-ext-back ----------
[30m2026-08-31T11:46:53,351[m [32mINFO  [m[[1;34mhttp-nio-8080-exec-6[m] [36mCalculationServiceImpl[m - Start method settleAccountsV1, side -> BUY
[30m2026-08-31T11:46:53,352[m [32mINFO  [m[[1;34mhttp-nio-8080-exec-6[m] [36mCalculationServiceImpl[m - End method settleAccountsV1
[30m2026-08-31T11:46:53,352[m [32mINFO  [m[[1;34mhttp-nio-8080-exec-6[m] [36mCalculationServiceImpl[m - PERF_ASSIGNMENT service=calculos operation=settleAccounts result=SUCCESS side=BUY fractionCount=1 totalMs=0 validationMs=0 calculationAndMappingMs=0 dbQueryCount=0
[30m2026-08-31T11:46:53,379[m [32mINFO  [m[[1;34mhttp-nio-8080-exec-8[m] [36mGlobalFilter[m - ----------- Client User: operaciones-orquestador-ext-back ----------
[30m2026-08-31T11:46:53,379[m [32mINFO  [m[[1;34mhttp-nio-8080-exec-8[m] [36mCalculationServiceImpl[m - Start method settleAccountsV1, side -> BUY
[30m2026-08-31T11:46:53,380[m [32mINFO  [m[[1;34mhttp-nio-8080-exec-8[m] [36mCalculationServiceImpl[m - End method settleAccountsV1
[30m2026-08-31T11:46:53,380[m [32mINFO  [m[[1;34mhttp-nio-8080-exec-8[m] [36mCalculationServiceImpl[m - PERF_ASSIGNMENT service=calculos operation=settleAccounts result=SUCCESS side=BUY fractionCount=1 totalMs=0 validationMs=0 calculationAndMappingMs=0 dbQueryCount=0
[30m2026-08-31T11:46:53,407[m [32mINFO  [m[[1;34mhttp-nio-8080-exec-7[m] [36mGlobalFilter[m - ----------- Client User: operaciones-orquestador-ext-back ----------
[30m2026-08-31T11:46:53,407[m [32mINFO  [m[[1;34mhttp-nio-8080-exec-7[m] [36mCalculationServiceImpl[m - Start method settleAccountsV1, side -> BUY
[30m2026-08-31T11:46:53,407[m [32mINFO  [m[[1;34mhttp-nio-8080-exec-7[m] [36mCalculationServiceImpl[m - End method settleAccountsV1
[30m2026-08-31T11:46:53,407[m [32mINFO  [m[[1;34mhttp-nio-8080-exec-7[m] [36mCalculationServiceImpl[m - PERF_ASSIGNMENT service=calculos operation=settleAccounts result=SUCCESS side=BUY fractionCount=1 totalMs=0 validationMs=0 calculationAndMappingMs=0 dbQueryCount=0
[30m2026-08-31T11:46:53,434[m [32mINFO  [m[[1;34mhttp-nio-8080-exec-9[m] [36mGlobalFilter[m - ----------- Client User: operaciones-orquestador-ext-back ----------
[30m2026-08-31T11:46:53,435[m [32mINFO  [m[[1;34mhttp-nio-8080-exec-9[m] [36mCalculationServiceImpl[m - Start method settleAccountsV1, side -> BUY
[30m2026-08-31T11:46:53,435[m [32mINFO  [m[[1;34mhttp-nio-8080-exec-9[m] [36mCalculationServiceImpl[m - End method settleAccountsV1
[30m2026-08-31T11:46:53,435[m [32mINFO  [m[[1;34mhttp-nio-8080-exec-9[m] [36mCalculationServiceImpl[m - PERF_ASSIGNMENT service=calculos operation=settleAccounts result=SUCCESS side=BUY fractionCount=1 totalMs=0 validationMs=0 calculationAndMappingMs=0 dbQueryCount=0
[30m2026-08-31T11:46:53,460[m [32mINFO  [m[[1;34mhttp-nio-8080-exec-2[m] [36mGlobalFilter[m - ----------- Client User: operaciones-orquestador-ext-back ----------
[30m2026-08-31T11:46:53,461[m [32mINFO  [m[[1;34mhttp-nio-8080-exec-2[m] [36mCalculationServiceImpl[m - Start method settleAccountsV1, side -> BUY
[30m2026-08-31T11:46:53,461[m [32mINFO  [m[[1;34mhttp-nio-8080-exec-2[m] [36mCalculationServiceImpl[m - End method settleAccountsV1
[30m2026-08-31T11:46:53,461[m [32mINFO  [m[[1;34mhttp-nio-8080-exec-2[m] [36mCalculationServiceImpl[m - PERF_ASSIGNMENT service=calculos operation=settleAccounts result=SUCCESS side=BUY fractionCount=1 totalMs=0 validationMs=0 calculationAndMappingMs=0 dbQueryCount=0
[30m2026-08-31T11:46:53,487[m [32mINFO  [m[[1;34mhttp-nio-8080-exec-10[m] [36mGlobalFilter[m - ----------- Client User: operaciones-orquestador-ext-back ----------
[30m2026-08-31T11:46:53,488[m [32mINFO  [m[[1;34mhttp-nio-8080-exec-10[m] [36mCalculationServiceImpl[m - Start method settleAccountsV1, side -> BUY
[30m2026-08-31T11:46:53,488[m [32mINFO  [m[[1;34mhttp-nio-8080-exec-10[m] [36mCalculationServiceImpl[m - End method settleAccountsV1
[30m2026-08-31T11:46:53,488[m [32mINFO  [m[[1;34mhttp-nio-8080-exec-10[m] [36mCalculationServiceImpl[m - PERF_ASSIGNMENT service=calculos operation=settleAccounts result=SUCCESS side=BUY fractionCount=1 totalMs=0 validationMs=0 calculationAndMappingMs=0 dbQueryCount=0
[30m2026-08-31T11:46:53,515[m [32mINFO  [m[[1;34mhttp-nio-8080-exec-5[m] [36mGlobalFilter[m - ----------- Client User: operaciones-orquestador-ext-back ----------
[30m2026-08-31T11:46:53,515[m [32mINFO  [m[[1;34mhttp-nio-8080-exec-5[m] [36mCalculationServiceImpl[m - Start method settleAccountsV1, side -> BUY
[30m2026-08-31T11:46:53,515[m [32mINFO  [m[[1;34mhttp-nio-8080-exec-5[m] [36mCalculationServiceImpl[m - End method settleAccountsV1
[30m2026-08-31T11:46:53,516[m [32mINFO  [m[[1;34mhttp-nio-8080-exec-5[m] [36mCalculationServiceImpl[m - PERF_ASSIGNMENT service=calculos operation=settleAccounts result=SUCCESS side=BUY fractionCount=1 totalMs=0 validationMs=0 calculationAndMappingMs=0 dbQueryCount=0
[30m2026-08-31T11:46:53,541[m [32mINFO  [m[[1;34mhttp-nio-8080-exec-1[m] [36mGlobalFilter[m - ----------- Client User: operaciones-orquestador-ext-back ----------
[30m2026-08-31T11:46:53,542[m [32mINFO  [m[[1;34mhttp-nio-8080-exec-1[m] [36mCalculationServiceImpl[m - Start method settleAccountsV1, side -> BUY
[30m2026-08-31T11:46:53,542[m [32mINFO  [m[[1;34mhttp-nio-8080-exec-1[m] [36mCalculationServiceImpl[m - End method settleAccountsV1
[30m2026-08-31T11:46:53,542[m [32mINFO  [m[[1;34mhttp-nio-8080-exec-1[m] [36mCalculationServiceImpl[m - PERF_ASSIGNMENT service=calculos operation=settleAccounts result=SUCCESS side=BUY fractionCount=1 totalMs=0 validationMs=0 calculationAndMappingMs=0 dbQueryCount=0
[30m2026-08-31T11:46:53,567[m [32mINFO  [m[[1;34mhttp-nio-8080-exec-3[m] [36mGlobalFilter[m - ----------- Client User: operaciones-orquestador-ext-back ----------
[30m2026-08-31T11:46:53,568[m [32mINFO  [m[[1;34mhttp-nio-8080-exec-3[m] [36mCalculationServiceImpl[m - Start method settleAccountsV1, side -> BUY
[30m2026-08-31T11:46:53,568[m [32mINFO  [m[[1;34mhttp-nio-8080-exec-3[m] [36mCalculationServiceImpl[m - End method settleAccountsV1
[30m2026-08-31T11:46:53,568[m [32mINFO  [m[[1;34mhttp-nio-8080-exec-3[m] [36mCalculationServiceImpl[m - PERF_ASSIGNMENT service=calculos operation=settleAccounts result=SUCCESS side=BUY fractionCount=1 totalMs=0 validationMs=0 calculationAndMappingMs=0 dbQueryCount=0
[30m2026-08-31T11:46:53,595[m [32mINFO  [m[[1;34mhttp-nio-8080-exec-4[m] [36mGlobalFilter[m - ----------- Client User: operaciones-orquestador-ext-back ----------
[30m2026-08-31T11:46:53,595[m [32mINFO  [m[[1;34mhttp-nio-8080-exec-4[m] [36mCalculationServiceImpl[m - Start method settleAccountsV1, side -> BUY
[30m2026-08-31T11:46:53,595[m [32mINFO  [m[[1;34mhttp-nio-8080-exec-4[m] [36mCalculationServiceImpl[m - End method settleAccountsV1
[30m2026-08-31T11:46:53,595[m [32mINFO  [m[[1;34mhttp-nio-8080-exec-4[m] [36mCalculationServiceImpl[m - PERF_ASSIGNMENT service=calculos operation=settleAccounts result=SUCCESS side=BUY fractionCount=1 totalMs=0 validationMs=0 calculationAndMappingMs=0 dbQueryCount=0
[30m2026-08-31T11:46:53,622[m [32mINFO  [m[[1;34mhttp-nio-8080-exec-6[m] [36mGlobalFilter[m - ----------- Client User: operaciones-orquestador-ext-back ----------
[30m2026-08-31T11:46:53,623[m [32mINFO  [m[[1;34mhttp-nio-8080-exec-6[m] [36mCalculationServiceImpl[m - Start method settleAccountsV1, side -> BUY
[30m2026-08-31T11:46:53,623[m [32mINFO  [m[[1;34mhttp-nio-8080-exec-6[m] [36mCalculationServiceImpl[m - End method settleAccountsV1
[30m2026-08-31T11:46:53,623[m [32mINFO  [m[[1;34mhttp-nio-8080-exec-6[m] [36mCalculationServiceImpl[m - PERF_ASSIGNMENT service=calculos operation=settleAccounts result=SUCCESS side=BUY fractionCount=1 totalMs=0 validationMs=0 calculationAndMappingMs=0 dbQueryCount=0
[30m2026-08-31T11:46:53,649[m [32mINFO  [m[[1;34mhttp-nio-8080-exec-8[m] [36mGlobalFilter[m - ----------- Client User: operaciones-orquestador-ext-back ----------
[30m2026-08-31T11:46:53,649[m [32mINFO  [m[[1;34mhttp-nio-8080-exec-8[m] [36mCalculationServiceImpl[m - Start method settleAccountsV1, side -> BUY
[30m2026-08-31T11:46:53,649[m [32mINFO  [m[[1;34mhttp-nio-8080-exec-8[m] [36mCalculationServiceImpl[m - End method settleAccountsV1
[30m2026-08-31T11:46:53,649[m [32mINFO  [m[[1;34mhttp-nio-8080-exec-8[m] [36mCalculationServiceImpl[m - PERF_ASSIGNMENT service=calculos operation=settleAccounts result=SUCCESS side=BUY fractionCount=1 totalMs=0 validationMs=0 calculationAndMappingMs=0 dbQueryCount=0
[30m2026-08-31T11:46:53,682[m [32mINFO  [m[[1;34mhttp-nio-8080-exec-7[m] [36mGlobalFilter[m - ----------- Client User: operaciones-orquestador-ext-back ----------
[30m2026-08-31T11:46:53,682[m [32mINFO  [m[[1;34mhttp-nio-8080-exec-7[m] [36mCalculationServiceImpl[m - Start method settleAccountsV1, side -> BUY
[30m2026-08-31T11:46:53,682[m [32mINFO  [m[[1;34mhttp-nio-8080-exec-7[m] [36mCalculationServiceImpl[m - End method settleAccountsV1
[30m2026-08-31T11:46:53,682[m [32mINFO  [m[[1;34mhttp-nio-8080-exec-7[m] [36mCalculationServiceImpl[m - PERF_ASSIGNMENT service=calculos operation=settleAccounts result=SUCCESS side=BUY fractionCount=1 totalMs=0 validationMs=0 calculationAndMappingMs=0 dbQueryCount=0
[30m2026-08-31T11:46:53,710[m [32mINFO  [m[[1;34mhttp-nio-8080-exec-9[m] [36mGlobalFilter[m - ----------- Client User: operaciones-orquestador-ext-back ----------
[30m2026-08-31T11:46:53,710[m [32mINFO  [m[[1;34mhttp-nio-8080-exec-9[m] [36mCalculationServiceImpl[m - Start method settleAccountsV1, side -> BUY
[30m2026-08-31T11:46:53,710[m [32mINFO  [m[[1;34mhttp-nio-8080-exec-9[m] [36mCalculationServiceImpl[m - End method settleAccountsV1
[30m2026-08-31T11:46:53,710[m [32mINFO  [m[[1;34mhttp-nio-8080-exec-9[m] [36mCalculationServiceImpl[m - PERF_ASSIGNMENT service=calculos operation=settleAccounts result=SUCCESS side=BUY fractionCount=1 totalMs=0 validationMs=0 calculationAndMappingMs=0 dbQueryCount=0
[30m2026-08-31T11:46:53,738[m [32mINFO  [m[[1;34mhttp-nio-8080-exec-2[m] [36mGlobalFilter[m - ----------- Client User: operaciones-orquestador-ext-back ----------
[30m2026-08-31T11:46:53,739[m [32mINFO  [m[[1;34mhttp-nio-8080-exec-2[m] [36mCalculationServiceImpl[m - Start method settleAccountsV1, side -> BUY
[30m2026-08-31T11:46:53,739[m [32mINFO  [m[[1;34mhttp-nio-8080-exec-2[m] [36mCalculationServiceImpl[m - End method settleAccountsV1
[30m2026-08-31T11:46:53,739[m [32mINFO  [m[[1;34mhttp-nio-8080-exec-2[m] [36mCalculationServiceImpl[m - PERF_ASSIGNMENT service=calculos operation=settleAccounts result=SUCCESS side=BUY fractionCount=1 totalMs=0 validationMs=0 calculationAndMappingMs=0 dbQueryCount=0
[30m2026-08-31T11:46:53,766[m [32mINFO  [m[[1;34mhttp-nio-8080-exec-10[m] [36mGlobalFilter[m - ----------- Client User: operaciones-orquestador-ext-back ----------
[30m2026-08-31T11:46:53,767[m [32mINFO  [m[[1;34mhttp-nio-8080-exec-10[m] [36mCalculationServiceImpl[m - Start method settleAccountsV1, side -> BUY
[30m2026-08-31T11:46:53,767[m [32mINFO  [m[[1;34mhttp-nio-8080-exec-10[m] [36mCalculationServiceImpl[m - End method settleAccountsV1
[30m2026-08-31T11:46:53,767[m [32mINFO  [m[[1;34mhttp-nio-8080-exec-10[m] [36mCalculationServiceImpl[m - PERF_ASSIGNMENT service=calculos operation=settleAccounts result=SUCCESS side=BUY fractionCount=1 totalMs=0 validationMs=0 calculationAndMappingMs=0 dbQueryCount=0
[30m2026-08-31T11:46:53,793[m [32mINFO  [m[[1;34mhttp-nio-8080-exec-5[m] [36mGlobalFilter[m - ----------- Client User: operaciones-orquestador-ext-back ----------
[30m2026-08-31T11:46:53,793[m [32mINFO  [m[[1;34mhttp-nio-8080-exec-5[m] [36mCalculationServiceImpl[m - Start method settleAccountsV1, side -> BUY
[30m2026-08-31T11:46:53,793[m [32mINFO  [m[[1;34mhttp-nio-8080-exec-5[m] [36mCalculationServiceImpl[m - End method settleAccountsV1
[30m2026-08-31T11:46:53,793[m [32mINFO  [m[[1;34mhttp-nio-8080-exec-5[m] [36mCalculationServiceImpl[m - PERF_ASSIGNMENT service=calculos operation=settleAccounts result=SUCCESS side=BUY fractionCount=1 totalMs=0 validationMs=0 calculationAndMappingMs=0 dbQueryCount=0
[30m2026-08-31T11:46:53,822[m [32mINFO  [m[[1;34mhttp-nio-8080-exec-1[m] [36mGlobalFilter[m - ----------- Client User: operaciones-orquestador-ext-back ----------
[30m2026-08-31T11:46:53,822[m [32mINFO  [m[[1;34mhttp-nio-8080-exec-1[m] [36mCalculationServiceImpl[m - Start method settleAccountsV1, side -> BUY
[30m2026-08-31T11:46:53,823[m [32mINFO  [m[[1;34mhttp-nio-8080-exec-1[m] [36mCalculationServiceImpl[m - End method settleAccountsV1
[30m2026-08-31T11:46:53,823[m [32mINFO  [m[[1;34mhttp-nio-8080-exec-1[m] [36mCalculationServiceImpl[m - PERF_ASSIGNMENT service=calculos operation=settleAccounts result=SUCCESS side=BUY fractionCount=1 totalMs=0 validationMs=0 calculationAndMappingMs=0 dbQueryCount=0
[30m2026-08-31T11:46:53,851[m [32mINFO  [m[[1;34mhttp-nio-8080-exec-3[m] [36mGlobalFilter[m - ----------- Client User: operaciones-orquestador-ext-back ----------
[30m2026-08-31T11:46:53,852[m [32mINFO  [m[[1;34mhttp-nio-8080-exec-3[m] [36mCalculationServiceImpl[m - Start method settleAccountsV1, side -> BUY
[30m2026-08-31T11:46:53,852[m [32mINFO  [m[[1;34mhttp-nio-8080-exec-3[m] [36mCalculationServiceImpl[m - End method settleAccountsV1
[30m2026-08-31T11:46:53,852[m [32mINFO  [m[[1;34mhttp-nio-8080-exec-3[m] [36mCalculationServiceImpl[m - PERF_ASSIGNMENT service=calculos operation=settleAccounts result=SUCCESS side=BUY fractionCount=1 totalMs=0 validationMs=0 calculationAndMappingMs=0 dbQueryCount=0
[30m2026-08-31T11:46:53,880[m [32mINFO  [m[[1;34mhttp-nio-8080-exec-4[m] [36mGlobalFilter[m - ----------- Client User: operaciones-orquestador-ext-back ----------
[30m2026-08-31T11:46:53,881[m [32mINFO  [m[[1;34mhttp-nio-8080-exec-4[m] [36mCalculationServiceImpl[m - Start method settleAccountsV1, side -> BUY
[30m2026-08-31T11:46:53,881[m [32mINFO  [m[[1;34mhttp-nio-8080-exec-4[m] [36mCalculationServiceImpl[m - End method settleAccountsV1
[30m2026-08-31T11:46:53,881[m [32mINFO  [m[[1;34mhttp-nio-8080-exec-4[m] [36mCalculationServiceImpl[m - PERF_ASSIGNMENT service=calculos operation=settleAccounts result=SUCCESS side=BUY fractionCount=1 totalMs=0 validationMs=0 calculationAndMappingMs=0 dbQueryCount=0
[30m2026-08-31T11:46:53,909[m [32mINFO  [m[[1;34mhttp-nio-8080-exec-6[m] [36mGlobalFilter[m - ----------- Client User: operaciones-orquestador-ext-back ----------
[30m2026-08-31T11:46:53,909[m [32mINFO  [m[[1;34mhttp-nio-8080-exec-6[m] [36mCalculationServiceImpl[m - Start method settleAccountsV1, side -> BUY
[30m2026-08-31T11:46:53,909[m [32mINFO  [m[[1;34mhttp-nio-8080-exec-6[m] [36mCalculationServiceImpl[m - End method settleAccountsV1
[30m2026-08-31T11:46:53,909[m [32mINFO  [m[[1;34mhttp-nio-8080-exec-6[m] [36mCalculationServiceImpl[m - PERF_ASSIGNMENT service=calculos operation=settleAccounts result=SUCCESS side=BUY fractionCount=1 totalMs=0 validationMs=0 calculationAndMappingMs=0 dbQueryCount=0
[30m2026-08-31T11:46:53,936[m [32mINFO  [m[[1;34mhttp-nio-8080-exec-8[m] [36mGlobalFilter[m - ----------- Client User: operaciones-orquestador-ext-back ----------
[30m2026-08-31T11:46:53,937[m [32mINFO  [m[[1;34mhttp-nio-8080-exec-8[m] [36mCalculationServiceImpl[m - Start method settleAccountsV1, side -> BUY
[30m2026-08-31T11:46:53,937[m [32mINFO  [m[[1;34mhttp-nio-8080-exec-8[m] [36mCalculationServiceImpl[m - End method settleAccountsV1
[30m2026-08-31T11:46:53,937[m [32mINFO  [m[[1;34mhttp-nio-8080-exec-8[m] [36mCalculationServiceImpl[m - PERF_ASSIGNMENT service=calculos operation=settleAccounts result=SUCCESS side=BUY fractionCount=1 totalMs=0 validationMs=0 calculationAndMappingMs=0 dbQueryCount=0
[30m2026-08-31T11:46:53,963[m [32mINFO  [m[[1;34mhttp-nio-8080-exec-7[m] [36mGlobalFilter[m - ----------- Client User: operaciones-orquestador-ext-back ----------
[30m2026-08-31T11:46:53,964[m [32mINFO  [m[[1;34mhttp-nio-8080-exec-7[m] [36mCalculationServiceImpl[m - Start method settleAccountsV1, side -> BUY
[30m2026-08-31T11:46:53,964[m [32mINFO  [m[[1;34mhttp-nio-8080-exec-7[m] [36mCalculationServiceImpl[m - End method settleAccountsV1
[30m2026-08-31T11:46:53,964[m [32mINFO  [m[[1;34mhttp-nio-8080-exec-7[m] [36mCalculationServiceImpl[m - PERF_ASSIGNMENT service=calculos operation=settleAccounts result=SUCCESS side=BUY fractionCount=1 totalMs=0 validationMs=0 calculationAndMappingMs=0 dbQueryCount=0
[30m2026-08-31T11:46:53,991[m [32mINFO  [m[[1;34mhttp-nio-8080-exec-9[m] [36mGlobalFilter[m - ----------- Client User: operaciones-orquestador-ext-back ----------
[30m2026-08-31T11:46:53,992[m [32mINFO  [m[[1;34mhttp-nio-8080-exec-9[m] [36mCalculationServiceImpl[m - Start method settleAccountsV1, side -> BUY
[30m2026-08-31T11:46:53,992[m [32mINFO  [m[[1;34mhttp-nio-8080-exec-9[m] [36mCalculationServiceImpl[m - End method settleAccountsV1
[30m2026-08-31T11:46:53,992[m [32mINFO  [m[[1;34mhttp-nio-8080-exec-9[m] [36mCalculationServiceImpl[m - PERF_ASSIGNMENT service=calculos operation=settleAccounts result=SUCCESS side=BUY fractionCount=1 totalMs=0 validationMs=0 calculationAndMappingMs=0 dbQueryCount=0
[30m2026-08-31T11:46:54,020[m [32mINFO  [m[[1;34mhttp-nio-8080-exec-2[m] [36mGlobalFilter[m - ----------- Client User: operaciones-orquestador-ext-back ----------
[30m2026-08-31T11:46:54,020[m [32mINFO  [m[[1;34mhttp-nio-8080-exec-2[m] [36mCalculationServiceImpl[m - Start method settleAccountsV1, side -> BUY
[30m2026-08-31T11:46:54,020[m [32mINFO  [m[[1;34mhttp-nio-8080-exec-2[m] [36mCalculationServiceImpl[m - End method settleAccountsV1
[30m2026-08-31T11:46:54,021[m [32mINFO  [m[[1;34mhttp-nio-8080-exec-2[m] [36mCalculationServiceImpl[m - PERF_ASSIGNMENT service=calculos operation=settleAccounts result=SUCCESS side=BUY fractionCount=1 totalMs=0 validationMs=0 calculationAndMappingMs=0 dbQueryCount=0
[30m2026-08-31T11:46:54,048[m [32mINFO  [m[[1;34mhttp-nio-8080-exec-10[m] [36mGlobalFilter[m - ----------- Client User: operaciones-orquestador-ext-back ----------
[30m2026-08-31T11:46:54,048[m [32mINFO  [m[[1;34mhttp-nio-8080-exec-10[m] [36mCalculationServiceImpl[m - Start method settleAccountsV1, side -> BUY
[30m2026-08-31T11:46:54,048[m [32mINFO  [m[[1;34mhttp-nio-8080-exec-10[m] [36mCalculationServiceImpl[m - End method settleAccountsV1
[30m2026-08-31T11:46:54,048[m [32mINFO  [m[[1;34mhttp-nio-8080-exec-10[m] [36mCalculationServiceImpl[m - PERF_ASSIGNMENT service=calculos operation=settleAccounts result=SUCCESS side=BUY fractionCount=1 totalMs=0 validationMs=0 calculationAndMappingMs=0 dbQueryCount=0
[30m2026-08-31T11:46:54,077[m [32mINFO  [m[[1;34mhttp-nio-8080-exec-5[m] [36mGlobalFilter[m - ----------- Client User: operaciones-orquestador-ext-back ----------
[30m2026-08-31T11:46:54,077[m [32mINFO  [m[[1;34mhttp-nio-8080-exec-5[m] [36mCalculationServiceImpl[m - Start method settleAccountsV1, side -> BUY
[30m2026-08-31T11:46:54,078[m [32mINFO  [m[[1;34mhttp-nio-8080-exec-5[m] [36mCalculationServiceImpl[m - End method settleAccountsV1
[30m2026-08-31T11:46:54,078[m [32mINFO  [m[[1;34mhttp-nio-8080-exec-5[m] [36mCalculationServiceImpl[m - PERF_ASSIGNMENT service=calculos operation=settleAccounts result=SUCCESS side=BUY fractionCount=1 totalMs=0 validationMs=0 calculationAndMappingMs=0 dbQueryCount=0
[30m2026-08-31T11:46:54,104[m [32mINFO  [m[[1;34mhttp-nio-8080-exec-1[m] [36mGlobalFilter[m - ----------- Client User: operaciones-orquestador-ext-back ----------
[30m2026-08-31T11:46:54,105[m [32mINFO  [m[[1;34mhttp-nio-8080-exec-1[m] [36mCalculationServiceImpl[m - Start method settleAccountsV1, side -> BUY
[30m2026-08-31T11:46:54,105[m [32mINFO  [m[[1;34mhttp-nio-8080-exec-1[m] [36mCalculationServiceImpl[m - End method settleAccountsV1
[30m2026-08-31T11:46:54,105[m [32mINFO  [m[[1;34mhttp-nio-8080-exec-1[m] [36mCalculationServiceImpl[m - PERF_ASSIGNMENT service=calculos operation=settleAccounts result=SUCCESS side=BUY fractionCount=1 totalMs=0 validationMs=0 calculationAndMappingMs=0 dbQueryCount=0
[30m2026-08-31T11:46:54,274[m [32mINFO  [m[[1;34mhttp-nio-8080-exec-3[m] [36mGlobalFilter[m - ----------- Client User: operaciones-orquestador-ext-back ----------
[30m2026-08-31T11:46:54,274[m [32mINFO  [m[[1;34mhttp-nio-8080-exec-3[m] [36mCalculationServiceImpl[m - Start method settleAccountsV1, side -> BUY
[30m2026-08-31T11:46:54,274[m [32mINFO  [m[[1;34mhttp-nio-8080-exec-3[m] [36mCalculationServiceImpl[m - End method settleAccountsV1
[30m2026-08-31T11:46:54,274[m [32mINFO  [m[[1;34mhttp-nio-8080-exec-3[m] [36mCalculationServiceImpl[m - PERF_ASSIGNMENT service=calculos operation=settleAccounts result=SUCCESS side=BUY fractionCount=1 totalMs=0 validationMs=0 calculationAndMappingMs=0 dbQueryCount=0
[30m2026-08-31T11:46:54,303[m [32mINFO  [m[[1;34mhttp-nio-8080-exec-4[m] [36mGlobalFilter[m - ----------- Client User: operaciones-orquestador-ext-back ----------
[30m2026-08-31T11:46:54,303[m [32mINFO  [m[[1;34mhttp-nio-8080-exec-4[m] [36mCalculationServiceImpl[m - Start method settleAccountsV1, side -> BUY
[30m2026-08-31T11:46:54,304[m [32mINFO  [m[[1;34mhttp-nio-8080-exec-4[m] [36mCalculationServiceImpl[m - End method settleAccountsV1
[30m2026-08-31T11:46:54,304[m [32mINFO  [m[[1;34mhttp-nio-8080-exec-4[m] [36mCalculationServiceImpl[m - PERF_ASSIGNMENT service=calculos operation=settleAccounts result=SUCCESS side=BUY fractionCount=1 totalMs=0 validationMs=0 calculationAndMappingMs=0 dbQueryCount=0
[30m2026-08-31T11:46:54,331[m [32mINFO  [m[[1;34mhttp-nio-8080-exec-6[m] [36mGlobalFilter[m - ----------- Client User: operaciones-orquestador-ext-back ----------
[30m2026-08-31T11:46:54,332[m [32mINFO  [m[[1;34mhttp-nio-8080-exec-6[m] [36mCalculationServiceImpl[m - Start method settleAccountsV1, side -> BUY
[30m2026-08-31T11:46:54,332[m [32mINFO  [m[[1;34mhttp-nio-8080-exec-6[m] [36mCalculationServiceImpl[m - End method settleAccountsV1
[30m2026-08-31T11:46:54,332[m [32mINFO  [m[[1;34mhttp-nio-8080-exec-6[m] [36mCalculationServiceImpl[m - PERF_ASSIGNMENT service=calculos operation=settleAccounts result=SUCCESS side=BUY fractionCount=1 totalMs=0 validationMs=0 calculationAndMappingMs=0 dbQueryCount=0
[30m2026-08-31T11:46:54,359[m [32mINFO  [m[[1;34mhttp-nio-8080-exec-8[m] [36mGlobalFilter[m - ----------- Client User: operaciones-orquestador-ext-back ----------
[30m2026-08-31T11:46:54,359[m [32mINFO  [m[[1;34mhttp-nio-8080-exec-8[m] [36mCalculationServiceImpl[m - Start method settleAccountsV1, side -> BUY
[30m2026-08-31T11:46:54,359[m [32mINFO  [m[[1;34mhttp-nio-8080-exec-8[m] [36mCalculationServiceImpl[m - End method settleAccountsV1
[30m2026-08-31T11:46:54,359[m [32mINFO  [m[[1;34mhttp-nio-8080-exec-8[m] [36mCalculationServiceImpl[m - PERF_ASSIGNMENT service=calculos operation=settleAccounts result=SUCCESS side=BUY fractionCount=1 totalMs=0 validationMs=0 calculationAndMappingMs=0 dbQueryCount=0
[30m2026-08-31T11:46:54,388[m [32mINFO  [m[[1;34mhttp-nio-8080-exec-7[m] [36mGlobalFilter[m - ----------- Client User: operaciones-orquestador-ext-back ----------
[30m2026-08-31T11:46:54,388[m [32mINFO  [m[[1;34mhttp-nio-8080-exec-7[m] [36mCalculationServiceImpl[m - Start method settleAccountsV1, side -> BUY
[30m2026-08-31T11:46:54,389[m [32mINFO  [m[[1;34mhttp-nio-8080-exec-7[m] [36mCalculationServiceImpl[m - End method settleAccountsV1
[30m2026-08-31T11:46:54,389[m [32mINFO  [m[[1;34mhttp-nio-8080-exec-7[m] [36mCalculationServiceImpl[m - PERF_ASSIGNMENT service=calculos operation=settleAccounts result=SUCCESS side=BUY fractionCount=1 totalMs=0 validationMs=0 calculationAndMappingMs=0 dbQueryCount=0
[30m2026-08-31T11:46:54,417[m [32mINFO  [m[[1;34mhttp-nio-8080-exec-9[m] [36mGlobalFilter[m - ----------- Client User: operaciones-orquestador-ext-back ----------
[30m2026-08-31T11:46:54,418[m [32mINFO  [m[[1;34mhttp-nio-8080-exec-9[m] [36mCalculationServiceImpl[m - Start method settleAccountsV1, side -> BUY
[30m2026-08-31T11:46:54,418[m [32mINFO  [m[[1;34mhttp-nio-8080-exec-9[m] [36mCalculationServiceImpl[m - End method settleAccountsV1
[30m2026-08-31T11:46:54,418[m [32mINFO  [m[[1;34mhttp-nio-8080-exec-9[m] [36mCalculationServiceImpl[m - PERF_ASSIGNMENT service=calculos operation=settleAccounts result=SUCCESS side=BUY fractionCount=1 totalMs=0 validationMs=0 calculationAndMappingMs=0 dbQueryCount=0
[30m2026-08-31T11:46:54,445[m [32mINFO  [m[[1;34mhttp-nio-8080-exec-2[m] [36mGlobalFilter[m - ----------- Client User: operaciones-orquestador-ext-back ----------
[30m2026-08-31T11:46:54,445[m [32mINFO  [m[[1;34mhttp-nio-8080-exec-2[m] [36mCalculationServiceImpl[m - Start method settleAccountsV1, side -> BUY
[30m2026-08-31T11:46:54,445[m [32mINFO  [m[[1;34mhttp-nio-8080-exec-2[m] [36mCalculationServiceImpl[m - End method settleAccountsV1
[30m2026-08-31T11:46:54,445[m [32mINFO  [m[[1;34mhttp-nio-8080-exec-2[m] [36mCalculationServiceImpl[m - PERF_ASSIGNMENT service=calculos operation=settleAccounts result=SUCCESS side=BUY fractionCount=1 totalMs=0 validationMs=0 calculationAndMappingMs=0 dbQueryCount=0
[30m2026-08-31T11:46:54,473[m [32mINFO  [m[[1;34mhttp-nio-8080-exec-10[m] [36mGlobalFilter[m - ----------- Client User: operaciones-orquestador-ext-back ----------
[30m2026-08-31T11:46:54,473[m [32mINFO  [m[[1;34mhttp-nio-8080-exec-10[m] [36mCalculationServiceImpl[m - Start method settleAccountsV1, side -> BUY
[30m2026-08-31T11:46:54,473[m [32mINFO  [m[[1;34mhttp-nio-8080-exec-10[m] [36mCalculationServiceImpl[m - End method settleAccountsV1
[30m2026-08-31T11:46:54,473[m [32mINFO  [m[[1;34mhttp-nio-8080-exec-10[m] [36mCalculationServiceImpl[m - PERF_ASSIGNMENT service=calculos operation=settleAccounts result=SUCCESS side=BUY fractionCount=1 totalMs=0 validationMs=0 calculationAndMappingMs=0 dbQueryCount=0
[30m2026-08-31T11:46:54,500[m [32mINFO  [m[[1;34mhttp-nio-8080-exec-5[m] [36mGlobalFilter[m - ----------- Client User: operaciones-orquestador-ext-back ----------
[30m2026-08-31T11:46:54,501[m [32mINFO  [m[[1;34mhttp-nio-8080-exec-5[m] [36mCalculationServiceImpl[m - Start method settleAccountsV1, side -> BUY
[30m2026-08-31T11:46:54,501[m [32mINFO  [m[[1;34mhttp-nio-8080-exec-5[m] [36mCalculationServiceImpl[m - End method settleAccountsV1
[30m2026-08-31T11:46:54,501[m [32mINFO  [m[[1;34mhttp-nio-8080-exec-5[m] [36mCalculationServiceImpl[m - PERF_ASSIGNMENT service=calculos operation=settleAccounts result=SUCCESS side=BUY fractionCount=1 totalMs=0 validationMs=0 calculationAndMappingMs=0 dbQueryCount=0
[30m2026-08-31T11:46:54,529[m [32mINFO  [m[[1;34mhttp-nio-8080-exec-1[m] [36mGlobalFilter[m - ----------- Client User: operaciones-orquestador-ext-back ----------
[30m2026-08-31T11:46:54,529[m [32mINFO  [m[[1;34mhttp-nio-8080-exec-1[m] [36mCalculationServiceImpl[m - Start method settleAccountsV1, side -> BUY
[30m2026-08-31T11:46:54,529[m [32mINFO  [m[[1;34mhttp-nio-8080-exec-1[m] [36mCalculationServiceImpl[m - End method settleAccountsV1
[30m2026-08-31T11:46:54,529[m [32mINFO  [m[[1;34mhttp-nio-8080-exec-1[m] [36mCalculationServiceImpl[m - PERF_ASSIGNMENT service=calculos operation=settleAccounts result=SUCCESS side=BUY fractionCount=1 totalMs=0 validationMs=0 calculationAndMappingMs=0 dbQueryCount=0
[30m2026-08-31T11:46:54,556[m [32mINFO  [m[[1;34mhttp-nio-8080-exec-3[m] [36mGlobalFilter[m - ----------- Client User: operaciones-orquestador-ext-back ----------
[30m2026-08-31T11:46:54,557[m [32mINFO  [m[[1;34mhttp-nio-8080-exec-3[m] [36mCalculationServiceImpl[m - Start method settleAccountsV1, side -> BUY
[30m2026-08-31T11:46:54,557[m [32mINFO  [m[[1;34mhttp-nio-8080-exec-3[m] [36mCalculationServiceImpl[m - End method settleAccountsV1
[30m2026-08-31T11:46:54,557[m [32mINFO  [m[[1;34mhttp-nio-8080-exec-3[m] [36mCalculationServiceImpl[m - PERF_ASSIGNMENT service=calculos operation=settleAccounts result=SUCCESS side=BUY fractionCount=1 totalMs=0 validationMs=0 calculationAndMappingMs=0 dbQueryCount=0
[30m2026-08-31T11:46:54,584[m [32mINFO  [m[[1;34mhttp-nio-8080-exec-4[m] [36mGlobalFilter[m - ----------- Client User: operaciones-orquestador-ext-back ----------
[30m2026-08-31T11:46:54,585[m [32mINFO  [m[[1;34mhttp-nio-8080-exec-4[m] [36mCalculationServiceImpl[m - Start method settleAccountsV1, side -> BUY
[30m2026-08-31T11:46:54,585[m [32mINFO  [m[[1;34mhttp-nio-8080-exec-4[m] [36mCalculationServiceImpl[m - End method settleAccountsV1
[30m2026-08-31T11:46:54,585[m [32mINFO  [m[[1;34mhttp-nio-8080-exec-4[m] [36mCalculationServiceImpl[m - PERF_ASSIGNMENT service=calculos operation=settleAccounts result=SUCCESS side=BUY fractionCount=1 totalMs=0 validationMs=0 calculationAndMappingMs=0 dbQueryCount=0
[30m2026-08-31T11:46:54,609[m [32mINFO  [m[[1;34mhttp-nio-8080-exec-6[m] [36mGlobalFilter[m - ----------- Client User: operaciones-orquestador-ext-back ----------
[30m2026-08-31T11:46:54,610[m [32mINFO  [m[[1;34mhttp-nio-8080-exec-6[m] [36mCalculationServiceImpl[m - Start method settleAccountsV1, side -> BUY
[30m2026-08-31T11:46:54,610[m [32mINFO  [m[[1;34mhttp-nio-8080-exec-6[m] [36mCalculationServiceImpl[m - End method settleAccountsV1
[30m2026-08-31T11:46:54,610[m [32mINFO  [m[[1;34mhttp-nio-8080-exec-6[m] [36mCalculationServiceImpl[m - PERF_ASSIGNMENT service=calculos operation=settleAccounts result=SUCCESS side=BUY fractionCount=1 totalMs=0 validationMs=0 calculationAndMappingMs=0 dbQueryCount=0
[30m2026-08-31T11:46:54,636[m [32mINFO  [m[[1;34mhttp-nio-8080-exec-8[m] [36mGlobalFilter[m - ----------- Client User: operaciones-orquestador-ext-back ----------
[30m2026-08-31T11:46:54,636[m [32mINFO  [m[[1;34mhttp-nio-8080-exec-8[m] [36mCalculationServiceImpl[m - Start method settleAccountsV1, side -> BUY
[30m2026-08-31T11:46:54,636[m [32mINFO  [m[[1;34mhttp-nio-8080-exec-8[m] [36mCalculationServiceImpl[m - End method settleAccountsV1
[30m2026-08-31T11:46:54,636[m [32mINFO  [m[[1;34mhttp-nio-8080-exec-8[m] [36mCalculationServiceImpl[m - PERF_ASSIGNMENT service=calculos operation=settleAccounts result=SUCCESS side=BUY fractionCount=1 totalMs=0 validationMs=0 calculationAndMappingMs=0 dbQueryCount=0
[30m2026-08-31T11:46:54,662[m [32mINFO  [m[[1;34mhttp-nio-8080-exec-7[m] [36mGlobalFilter[m - ----------- Client User: operaciones-orquestador-ext-back ----------
[30m2026-08-31T11:46:54,662[m [32mINFO  [m[[1;34mhttp-nio-8080-exec-7[m] [36mCalculationServiceImpl[m - Start method settleAccountsV1, side -> BUY
[30m2026-08-31T11:46:54,662[m [32mINFO  [m[[1;34mhttp-nio-8080-exec-7[m] [36mCalculationServiceImpl[m - End method settleAccountsV1
[30m2026-08-31T11:46:54,662[m [32mINFO  [m[[1;34mhttp-nio-8080-exec-7[m] [36mCalculationServiceImpl[m - PERF_ASSIGNMENT service=calculos operation=settleAccounts result=SUCCESS side=BUY fractionCount=1 totalMs=0 validationMs=0 calculationAndMappingMs=0 dbQueryCount=0
[30m2026-08-31T11:46:54,688[m [32mINFO  [m[[1;34mhttp-nio-8080-exec-9[m] [36mGlobalFilter[m - ----------- Client User: operaciones-orquestador-ext-back ----------
[30m2026-08-31T11:46:54,689[m [32mINFO  [m[[1;34mhttp-nio-8080-exec-9[m] [36mCalculationServiceImpl[m - Start method settleAccountsV1, side -> BUY
[30m2026-08-31T11:46:54,689[m [32mINFO  [m[[1;34mhttp-nio-8080-exec-9[m] [36mCalculationServiceImpl[m - End method settleAccountsV1
[30m2026-08-31T11:46:54,689[m [32mINFO  [m[[1;34mhttp-nio-8080-exec-9[m] [36mCalculationServiceImpl[m - PERF_ASSIGNMENT service=calculos operation=settleAccounts result=SUCCESS side=BUY fractionCount=1 totalMs=0 validationMs=0 calculationAndMappingMs=0 dbQueryCount=0
[30m2026-08-31T11:46:54,714[m [32mINFO  [m[[1;34mhttp-nio-8080-exec-2[m] [36mGlobalFilter[m - ----------- Client User: operaciones-orquestador-ext-back ----------
[30m2026-08-31T11:46:54,715[m [32mINFO  [m[[1;34mhttp-nio-8080-exec-2[m] [36mCalculationServiceImpl[m - Start method settleAccountsV1, side -> BUY
[30m2026-08-31T11:46:54,715[m [32mINFO  [m[[1;34mhttp-nio-8080-exec-2[m] [36mCalculationServiceImpl[m - End method settleAccountsV1
[30m2026-08-31T11:46:54,715[m [32mINFO  [m[[1;34mhttp-nio-8080-exec-2[m] [36mCalculationServiceImpl[m - PERF_ASSIGNMENT service=calculos operation=settleAccounts result=SUCCESS side=BUY fractionCount=1 totalMs=0 validationMs=0 calculationAndMappingMs=0 dbQueryCount=0
[30m2026-08-31T11:46:54,740[m [32mINFO  [m[[1;34mhttp-nio-8080-exec-10[m] [36mGlobalFilter[m - ----------- Client User: operaciones-orquestador-ext-back ----------
[30m2026-08-31T11:46:54,740[m [32mINFO  [m[[1;34mhttp-nio-8080-exec-10[m] [36mCalculationServiceImpl[m - Start method settleAccountsV1, side -> BUY
[30m2026-08-31T11:46:54,741[m [32mINFO  [m[[1;34mhttp-nio-8080-exec-10[m] [36mCalculationServiceImpl[m - End method settleAccountsV1
[30m2026-08-31T11:46:54,741[m [32mINFO  [m[[1;34mhttp-nio-8080-exec-10[m] [36mCalculationServiceImpl[m - PERF_ASSIGNMENT service=calculos operation=settleAccounts result=SUCCESS side=BUY fractionCount=1 totalMs=0 validationMs=0 calculationAndMappingMs=0 dbQueryCount=0
[30m2026-08-31T11:46:54,765[m [32mINFO  [m[[1;34mhttp-nio-8080-exec-5[m] [36mGlobalFilter[m - ----------- Client User: operaciones-orquestador-ext-back ----------
[30m2026-08-31T11:46:54,765[m [32mINFO  [m[[1;34mhttp-nio-8080-exec-5[m] [36mCalculationServiceImpl[m - Start method settleAccountsV1, side -> BUY
[30m2026-08-31T11:46:54,765[m [32mINFO  [m[[1;34mhttp-nio-8080-exec-5[m] [36mCalculationServiceImpl[m - End method settleAccountsV1
[30m2026-08-31T11:46:54,765[m [32mINFO  [m[[1;34mhttp-nio-8080-exec-5[m] [36mCalculationServiceImpl[m - PERF_ASSIGNMENT service=calculos operation=settleAccounts result=SUCCESS side=BUY fractionCount=1 totalMs=0 validationMs=0 calculationAndMappingMs=0 dbQueryCount=0
[30m2026-08-31T11:46:54,791[m [32mINFO  [m[[1;34mhttp-nio-8080-exec-1[m] [36mGlobalFilter[m - ----------- Client User: operaciones-orquestador-ext-back ----------
[30m2026-08-31T11:46:54,792[m [32mINFO  [m[[1;34mhttp-nio-8080-exec-1[m] [36mCalculationServiceImpl[m - Start method settleAccountsV1, side -> BUY
[30m2026-08-31T11:46:54,792[m [32mINFO  [m[[1;34mhttp-nio-8080-exec-1[m] [36mCalculationServiceImpl[m - End method settleAccountsV1
[30m2026-08-31T11:46:54,792[m [32mINFO  [m[[1;34mhttp-nio-8080-exec-1[m] [36mCalculationServiceImpl[m - PERF_ASSIGNMENT service=calculos operation=settleAccounts result=SUCCESS side=BUY fractionCount=1 totalMs=0 validationMs=0 calculationAndMappingMs=0 dbQueryCount=0
[30m2026-08-31T11:46:54,819[m [32mINFO  [m[[1;34mhttp-nio-8080-exec-3[m] [36mGlobalFilter[m - ----------- Client User: operaciones-orquestador-ext-back ----------
[30m2026-08-31T11:46:54,819[m [32mINFO  [m[[1;34mhttp-nio-8080-exec-3[m] [36mCalculationServiceImpl[m - Start method settleAccountsV1, side -> BUY
[30m2026-08-31T11:46:54,819[m [32mINFO  [m[[1;34mhttp-nio-8080-exec-3[m] [36mCalculationServiceImpl[m - End method settleAccountsV1
[30m2026-08-31T11:46:54,819[m [32mINFO  [m[[1;34mhttp-nio-8080-exec-3[m] [36mCalculationServiceImpl[m - PERF_ASSIGNMENT service=calculos operation=settleAccounts result=SUCCESS side=BUY fractionCount=1 totalMs=0 validationMs=0 calculationAndMappingMs=0 dbQueryCount=0
[30m2026-08-31T11:46:54,847[m [32mINFO  [m[[1;34mhttp-nio-8080-exec-4[m] [36mGlobalFilter[m - ----------- Client User: operaciones-orquestador-ext-back ----------
[30m2026-08-31T11:46:54,848[m [32mINFO  [m[[1;34mhttp-nio-8080-exec-4[m] [36mCalculationServiceImpl[m - Start method settleAccountsV1, side -> BUY
[30m2026-08-31T11:46:54,848[m [32mINFO  [m[[1;34mhttp-nio-8080-exec-4[m] [36mCalculationServiceImpl[m - End method settleAccountsV1
[30m2026-08-31T11:46:54,848[m [32mINFO  [m[[1;34mhttp-nio-8080-exec-4[m] [36mCalculationServiceImpl[m - PERF_ASSIGNMENT service=calculos operation=settleAccounts result=SUCCESS side=BUY fractionCount=1 totalMs=0 validationMs=0 calculationAndMappingMs=0 dbQueryCount=0
[30m2026-08-31T11:46:54,874[m [32mINFO  [m[[1;34mhttp-nio-8080-exec-6[m] [36mGlobalFilter[m - ----------- Client User: operaciones-orquestador-ext-back ----------
[30m2026-08-31T11:46:54,875[m [32mINFO  [m[[1;34mhttp-nio-8080-exec-6[m] [36mCalculationServiceImpl[m - Start method settleAccountsV1, side -> BUY
[30m2026-08-31T11:46:54,875[m [32mINFO  [m[[1;34mhttp-nio-8080-exec-6[m] [36mCalculationServiceImpl[m - End method settleAccountsV1
[30m2026-08-31T11:46:54,875[m [32mINFO  [m[[1;34mhttp-nio-8080-exec-6[m] [36mCalculationServiceImpl[m - PERF_ASSIGNMENT service=calculos operation=settleAccounts result=SUCCESS side=BUY fractionCount=1 totalMs=0 validationMs=0 calculationAndMappingMs=0 dbQueryCount=0
[30m2026-08-31T11:46:54,901[m [32mINFO  [m[[1;34mhttp-nio-8080-exec-8[m] [36mGlobalFilter[m - ----------- Client User: operaciones-orquestador-ext-back ----------
[30m2026-08-31T11:46:54,902[m [32mINFO  [m[[1;34mhttp-nio-8080-exec-8[m] [36mCalculationServiceImpl[m - Start method settleAccountsV1, side -> BUY
[30m2026-08-31T11:46:54,902[m [32mINFO  [m[[1;34mhttp-nio-8080-exec-8[m] [36mCalculationServiceImpl[m - End method settleAccountsV1
[30m2026-08-31T11:46:54,902[m [32mINFO  [m[[1;34mhttp-nio-8080-exec-8[m] [36mCalculationServiceImpl[m - PERF_ASSIGNMENT service=calculos operation=settleAccounts result=SUCCESS side=BUY fractionCount=1 totalMs=0 validationMs=0 calculationAndMappingMs=0 dbQueryCount=0
[30m2026-08-31T11:46:54,927[m [32mINFO  [m[[1;34mhttp-nio-8080-exec-7[m] [36mGlobalFilter[m - ----------- Client User: operaciones-orquestador-ext-back ----------
[30m2026-08-31T11:46:54,927[m [32mINFO  [m[[1;34mhttp-nio-8080-exec-7[m] [36mCalculationServiceImpl[m - Start method settleAccountsV1, side -> BUY
[30m2026-08-31T11:46:54,928[m [32mINFO  [m[[1;34mhttp-nio-8080-exec-7[m] [36mCalculationServiceImpl[m - End method settleAccountsV1
[30m2026-08-31T11:46:54,928[m [32mINFO  [m[[1;34mhttp-nio-8080-exec-7[m] [36mCalculationServiceImpl[m - PERF_ASSIGNMENT service=calculos operation=settleAccounts result=SUCCESS side=BUY fractionCount=1 totalMs=0 validationMs=0 calculationAndMappingMs=0 dbQueryCount=0
[30m2026-08-31T11:46:54,954[m [32mINFO  [m[[1;34mhttp-nio-8080-exec-9[m] [36mGlobalFilter[m - ----------- Client User: operaciones-orquestador-ext-back ----------
[30m2026-08-31T11:46:54,955[m [32mINFO  [m[[1;34mhttp-nio-8080-exec-9[m] [36mCalculationServiceImpl[m - Start method settleAccountsV1, side -> BUY
[30m2026-08-31T11:46:54,955[m [32mINFO  [m[[1;34mhttp-nio-8080-exec-9[m] [36mCalculationServiceImpl[m - End method settleAccountsV1
[30m2026-08-31T11:46:54,955[m [32mINFO  [m[[1;34mhttp-nio-8080-exec-9[m] [36mCalculationServiceImpl[m - PERF_ASSIGNMENT service=calculos operation=settleAccounts result=SUCCESS side=BUY fractionCount=1 totalMs=0 validationMs=0 calculationAndMappingMs=0 dbQueryCount=0
[30m2026-08-31T11:46:54,980[m [32mINFO  [m[[1;34mhttp-nio-8080-exec-2[m] [36mGlobalFilter[m - ----------- Client User: operaciones-orquestador-ext-back ----------
[30m2026-08-31T11:46:54,981[m [32mINFO  [m[[1;34mhttp-nio-8080-exec-2[m] [36mCalculationServiceImpl[m - Start method settleAccountsV1, side -> BUY
[30m2026-08-31T11:46:54,981[m [32mINFO  [m[[1;34mhttp-nio-8080-exec-2[m] [36mCalculationServiceImpl[m - End method settleAccountsV1
[30m2026-08-31T11:46:54,981[m [32mINFO  [m[[1;34mhttp-nio-8080-exec-2[m] [36mCalculationServiceImpl[m - PERF_ASSIGNMENT service=calculos operation=settleAccounts result=SUCCESS side=BUY fractionCount=1 totalMs=0 validationMs=0 calculationAndMappingMs=0 dbQueryCount=0
[30m2026-08-31T11:46:55,006[m [32mINFO  [m[[1;34mhttp-nio-8080-exec-10[m] [36mGlobalFilter[m - ----------- Client User: operaciones-orquestador-ext-back ----------
[30m2026-08-31T11:46:55,007[m [32mINFO  [m[[1;34mhttp-nio-8080-exec-10[m] [36mCalculationServiceImpl[m - Start method settleAccountsV1, side -> BUY
[30m2026-08-31T11:46:55,007[m [32mINFO  [m[[1;34mhttp-nio-8080-exec-10[m] [36mCalculationServiceImpl[m - End method settleAccountsV1
[30m2026-08-31T11:46:55,007[m [32mINFO  [m[[1;34mhttp-nio-8080-exec-10[m] [36mCalculationServiceImpl[m - PERF_ASSIGNMENT service=calculos operation=settleAccounts result=SUCCESS side=BUY fractionCount=1 totalMs=0 validationMs=0 calculationAndMappingMs=0 dbQueryCount=0
[30m2026-08-31T11:46:55,034[m [32mINFO  [m[[1;34mhttp-nio-8080-exec-5[m] [36mGlobalFilter[m - ----------- Client User: operaciones-orquestador-ext-back ----------
[30m2026-08-31T11:46:55,034[m [32mINFO  [m[[1;34mhttp-nio-8080-exec-5[m] [36mCalculationServiceImpl[m - Start method settleAccountsV1, side -> BUY
[30m2026-08-31T11:46:55,034[m [32mINFO  [m[[1;34mhttp-nio-8080-exec-5[m] [36mCalculationServiceImpl[m - End method settleAccountsV1
[30m2026-08-31T11:46:55,034[m [32mINFO  [m[[1;34mhttp-nio-8080-exec-5[m] [36mCalculationServiceImpl[m - PERF_ASSIGNMENT service=calculos operation=settleAccounts result=SUCCESS side=BUY fractionCount=1 totalMs=0 validationMs=0 calculationAndMappingMs=0 dbQueryCount=0
[30m2026-08-31T11:46:55,062[m [32mINFO  [m[[1;34mhttp-nio-8080-exec-1[m] [36mGlobalFilter[m - ----------- Client User: operaciones-orquestador-ext-back ----------
[30m2026-08-31T11:46:55,063[m [32mINFO  [m[[1;34mhttp-nio-8080-exec-1[m] [36mCalculationServiceImpl[m - Start method settleAccountsV1, side -> BUY
[30m2026-08-31T11:46:55,063[m [32mINFO  [m[[1;34mhttp-nio-8080-exec-1[m] [36mCalculationServiceImpl[m - End method settleAccountsV1
[30m2026-08-31T11:46:55,063[m [32mINFO  [m[[1;34mhttp-nio-8080-exec-1[m] [36mCalculationServiceImpl[m - PERF_ASSIGNMENT service=calculos operation=settleAccounts result=SUCCESS side=BUY fractionCount=1 totalMs=0 validationMs=0 calculationAndMappingMs=0 dbQueryCount=0
[30m2026-08-31T11:46:55,089[m [32mINFO  [m[[1;34mhttp-nio-8080-exec-3[m] [36mGlobalFilter[m - ----------- Client User: operaciones-orquestador-ext-back ----------
[30m2026-08-31T11:46:55,089[m [32mINFO  [m[[1;34mhttp-nio-8080-exec-3[m] [36mCalculationServiceImpl[m - Start method settleAccountsV1, side -> BUY
[30m2026-08-31T11:46:55,089[m [32mINFO  [m[[1;34mhttp-nio-8080-exec-3[m] [36mCalculationServiceImpl[m - End method settleAccountsV1
[30m2026-08-31T11:46:55,089[m [32mINFO  [m[[1;34mhttp-nio-8080-exec-3[m] [36mCalculationServiceImpl[m - PERF_ASSIGNMENT service=calculos operation=settleAccounts result=SUCCESS side=BUY fractionCount=1 totalMs=0 validationMs=0 calculationAndMappingMs=0 dbQueryCount=0
[30m2026-08-31T11:46:55,115[m [32mINFO  [m[[1;34mhttp-nio-8080-exec-4[m] [36mGlobalFilter[m - ----------- Client User: operaciones-orquestador-ext-back ----------
[30m2026-08-31T11:46:55,116[m [32mINFO  [m[[1;34mhttp-nio-8080-exec-4[m] [36mCalculationServiceImpl[m - Start method settleAccountsV1, side -> BUY
[30m2026-08-31T11:46:55,116[m [32mINFO  [m[[1;34mhttp-nio-8080-exec-4[m] [36mCalculationServiceImpl[m - End method settleAccountsV1
[30m2026-08-31T11:46:55,116[m [32mINFO  [m[[1;34mhttp-nio-8080-exec-4[m] [36mCalculationServiceImpl[m - PERF_ASSIGNMENT service=calculos operation=settleAccounts result=SUCCESS side=BUY fractionCount=1 totalMs=0 validationMs=0 calculationAndMappingMs=0 dbQueryCount=0
[30m2026-08-31T11:46:55,144[m [32mINFO  [m[[1;34mhttp-nio-8080-exec-6[m] [36mGlobalFilter[m - ----------- Client User: operaciones-orquestador-ext-back ----------
[30m2026-08-31T11:46:55,145[m [32mINFO  [m[[1;34mhttp-nio-8080-exec-6[m] [36mCalculationServiceImpl[m - Start method settleAccountsV1, side -> BUY
[30m2026-08-31T11:46:55,145[m [32mINFO  [m[[1;34mhttp-nio-8080-exec-6[m] [36mCalculationServiceImpl[m - End method settleAccountsV1
[30m2026-08-31T11:46:55,145[m [32mINFO  [m[[1;34mhttp-nio-8080-exec-6[m] [36mCalculationServiceImpl[m - PERF_ASSIGNMENT service=calculos operation=settleAccounts result=SUCCESS side=BUY fractionCount=1 totalMs=0 validationMs=0 calculationAndMappingMs=0 dbQueryCount=0
[30m2026-08-31T11:46:55,171[m [32mINFO  [m[[1;34mhttp-nio-8080-exec-8[m] [36mGlobalFilter[m - ----------- Client User: operaciones-orquestador-ext-back ----------
[30m2026-08-31T11:46:55,171[m [32mINFO  [m[[1;34mhttp-nio-8080-exec-8[m] [36mCalculationServiceImpl[m - Start method settleAccountsV1, side -> BUY
[30m2026-08-31T11:46:55,172[m [32mINFO  [m[[1;34mhttp-nio-8080-exec-8[m] [36mCalculationServiceImpl[m - End method settleAccountsV1
[30m2026-08-31T11:46:55,172[m [32mINFO  [m[[1;34mhttp-nio-8080-exec-8[m] [36mCalculationServiceImpl[m - PERF_ASSIGNMENT service=calculos operation=settleAccounts result=SUCCESS side=BUY fractionCount=1 totalMs=0 validationMs=0 calculationAndMappingMs=0 dbQueryCount=0
[30m2026-08-31T11:46:55,196[m [32mINFO  [m[[1;34mhttp-nio-8080-exec-7[m] [36mGlobalFilter[m - ----------- Client User: operaciones-orquestador-ext-back ----------
[30m2026-08-31T11:46:55,197[m [32mINFO  [m[[1;34mhttp-nio-8080-exec-7[m] [36mCalculationServiceImpl[m - Start method settleAccountsV1, side -> BUY
[30m2026-08-31T11:46:55,197[m [32mINFO  [m[[1;34mhttp-nio-8080-exec-7[m] [36mCalculationServiceImpl[m - End method settleAccountsV1
[30m2026-08-31T11:46:55,197[m [32mINFO  [m[[1;34mhttp-nio-8080-exec-7[m] [36mCalculationServiceImpl[m - PERF_ASSIGNMENT service=calculos operation=settleAccounts result=SUCCESS side=BUY fractionCount=1 totalMs=0 validationMs=0 calculationAndMappingMs=0 dbQueryCount=0
[30m2026-08-31T11:46:55,223[m [32mINFO  [m[[1;34mhttp-nio-8080-exec-9[m] [36mGlobalFilter[m - ----------- Client User: operaciones-orquestador-ext-back ----------
[30m2026-08-31T11:46:55,223[m [32mINFO  [m[[1;34mhttp-nio-8080-exec-9[m] [36mCalculationServiceImpl[m - Start method settleAccountsV1, side -> BUY
[30m2026-08-31T11:46:55,223[m [32mINFO  [m[[1;34mhttp-nio-8080-exec-9[m] [36mCalculationServiceImpl[m - End method settleAccountsV1
[30m2026-08-31T11:46:55,223[m [32mINFO  [m[[1;34mhttp-nio-8080-exec-9[m] [36mCalculationServiceImpl[m - PERF_ASSIGNMENT service=calculos operation=settleAccounts result=SUCCESS side=BUY fractionCount=1 totalMs=0 validationMs=0 calculationAndMappingMs=0 dbQueryCount=0
[30m2026-08-31T11:46:55,249[m [32mINFO  [m[[1;34mhttp-nio-8080-exec-2[m] [36mGlobalFilter[m - ----------- Client User: operaciones-orquestador-ext-back ----------
[30m2026-08-31T11:46:55,249[m [32mINFO  [m[[1;34mhttp-nio-8080-exec-2[m] [36mCalculationServiceImpl[m - Start method settleAccountsV1, side -> BUY
[30m2026-08-31T11:46:55,249[m [32mINFO  [m[[1;34mhttp-nio-8080-exec-2[m] [36mCalculationServiceImpl[m - End method settleAccountsV1
[30m2026-08-31T11:46:55,249[m [32mINFO  [m[[1;34mhttp-nio-8080-exec-2[m] [36mCalculationServiceImpl[m - PERF_ASSIGNMENT service=calculos operation=settleAccounts result=SUCCESS side=BUY fractionCount=1 totalMs=0 validationMs=0 calculationAndMappingMs=0 dbQueryCount=0
[30m2026-08-31T11:46:55,274[m [32mINFO  [m[[1;34mhttp-nio-8080-exec-10[m] [36mGlobalFilter[m - ----------- Client User: operaciones-orquestador-ext-back ----------
[30m2026-08-31T11:46:55,275[m [32mINFO  [m[[1;34mhttp-nio-8080-exec-10[m] [36mCalculationServiceImpl[m - Start method settleAccountsV1, side -> BUY
[30m2026-08-31T11:46:55,275[m [32mINFO  [m[[1;34mhttp-nio-8080-exec-10[m] [36mCalculationServiceImpl[m - End method settleAccountsV1
[30m2026-08-31T11:46:55,275[m [32mINFO  [m[[1;34mhttp-nio-8080-exec-10[m] [36mCalculationServiceImpl[m - PERF_ASSIGNMENT service=calculos operation=settleAccounts result=SUCCESS side=BUY fractionCount=1 totalMs=0 validationMs=0 calculationAndMappingMs=0 dbQueryCount=0
[30m2026-08-31T11:46:55,300[m [32mINFO  [m[[1;34mhttp-nio-8080-exec-5[m] [36mGlobalFilter[m - ----------- Client User: operaciones-orquestador-ext-back ----------
[30m2026-08-31T11:46:55,300[m [32mINFO  [m[[1;34mhttp-nio-8080-exec-5[m] [36mCalculationServiceImpl[m - Start method settleAccountsV1, side -> BUY
[30m2026-08-31T11:46:55,301[m [32mINFO  [m[[1;34mhttp-nio-8080-exec-5[m] [36mCalculationServiceImpl[m - End method settleAccountsV1
[30m2026-08-31T11:46:55,301[m [32mINFO  [m[[1;34mhttp-nio-8080-exec-5[m] [36mCalculationServiceImpl[m - PERF_ASSIGNMENT service=calculos operation=settleAccounts result=SUCCESS side=BUY fractionCount=1 totalMs=0 validationMs=0 calculationAndMappingMs=0 dbQueryCount=0
[30m2026-08-31T11:46:55,326[m [32mINFO  [m[[1;34mhttp-nio-8080-exec-1[m] [36mGlobalFilter[m - ----------- Client User: operaciones-orquestador-ext-back ----------
[30m2026-08-31T11:46:55,327[m [32mINFO  [m[[1;34mhttp-nio-8080-exec-1[m] [36mCalculationServiceImpl[m - Start method settleAccountsV1, side -> BUY
[30m2026-08-31T11:46:55,327[m [32mINFO  [m[[1;34mhttp-nio-8080-exec-1[m] [36mCalculationServiceImpl[m - End method settleAccountsV1
[30m2026-08-31T11:46:55,327[m [32mINFO  [m[[1;34mhttp-nio-8080-exec-1[m] [36mCalculationServiceImpl[m - PERF_ASSIGNMENT service=calculos operation=settleAccounts result=SUCCESS side=BUY fractionCount=1 totalMs=0 validationMs=0 calculationAndMappingMs=0 dbQueryCount=0
[30m2026-08-31T11:46:55,355[m [32mINFO  [m[[1;34mhttp-nio-8080-exec-3[m] [36mGlobalFilter[m - ----------- Client User: operaciones-orquestador-ext-back ----------
[30m2026-08-31T11:46:55,355[m [32mINFO  [m[[1;34mhttp-nio-8080-exec-3[m] [36mCalculationServiceImpl[m - Start method settleAccountsV1, side -> BUY
[30m2026-08-31T11:46:55,355[m [32mINFO  [m[[1;34mhttp-nio-8080-exec-3[m] [36mCalculationServiceImpl[m - End method settleAccountsV1
[30m2026-08-31T11:46:55,355[m [32mINFO  [m[[1;34mhttp-nio-8080-exec-3[m] [36mCalculationServiceImpl[m - PERF_ASSIGNMENT service=calculos operation=settleAccounts result=SUCCESS side=BUY fractionCount=1 totalMs=0 validationMs=0 calculationAndMappingMs=0 dbQueryCount=0
[30m2026-08-31T11:46:55,381[m [32mINFO  [m[[1;34mhttp-nio-8080-exec-4[m] [36mGlobalFilter[m - ----------- Client User: operaciones-orquestador-ext-back ----------
[30m2026-08-31T11:46:55,381[m [32mINFO  [m[[1;34mhttp-nio-8080-exec-4[m] [36mCalculationServiceImpl[m - Start method settleAccountsV1, side -> BUY
[30m2026-08-31T11:46:55,381[m [32mINFO  [m[[1;34mhttp-nio-8080-exec-4[m] [36mCalculationServiceImpl[m - End method settleAccountsV1
[30m2026-08-31T11:46:55,381[m [32mINFO  [m[[1;34mhttp-nio-8080-exec-4[m] [36mCalculationServiceImpl[m - PERF_ASSIGNMENT service=calculos operation=settleAccounts result=SUCCESS side=BUY fractionCount=1 totalMs=0 validationMs=0 calculationAndMappingMs=0 dbQueryCount=0
[30m2026-08-31T11:46:55,407[m [32mINFO  [m[[1;34mhttp-nio-8080-exec-6[m] [36mGlobalFilter[m - ----------- Client User: operaciones-orquestador-ext-back ----------
[30m2026-08-31T11:46:55,407[m [32mINFO  [m[[1;34mhttp-nio-8080-exec-6[m] [36mCalculationServiceImpl[m - Start method settleAccountsV1, side -> BUY
[30m2026-08-31T11:46:55,408[m [32mINFO  [m[[1;34mhttp-nio-8080-exec-6[m] [36mCalculationServiceImpl[m - End method settleAccountsV1
[30m2026-08-31T11:46:55,408[m [32mINFO  [m[[1;34mhttp-nio-8080-exec-6[m] [36mCalculationServiceImpl[m - PERF_ASSIGNMENT service=calculos operation=settleAccounts result=SUCCESS side=BUY fractionCount=1 totalMs=0 validationMs=0 calculationAndMappingMs=0 dbQueryCount=0
[30m2026-08-31T11:46:55,435[m [32mINFO  [m[[1;34mhttp-nio-8080-exec-8[m] [36mGlobalFilter[m - ----------- Client User: operaciones-orquestador-ext-back ----------
[30m2026-08-31T11:46:55,435[m [32mINFO  [m[[1;34mhttp-nio-8080-exec-8[m] [36mCalculationServiceImpl[m - Start method settleAccountsV1, side -> BUY
[30m2026-08-31T11:46:55,435[m [32mINFO  [m[[1;34mhttp-nio-8080-exec-8[m] [36mCalculationServiceImpl[m - End method settleAccountsV1
[30m2026-08-31T11:46:55,435[m [32mINFO  [m[[1;34mhttp-nio-8080-exec-8[m] [36mCalculationServiceImpl[m - PERF_ASSIGNMENT service=calculos operation=settleAccounts result=SUCCESS side=BUY fractionCount=1 totalMs=0 validationMs=0 calculationAndMappingMs=0 dbQueryCount=0
[30m2026-08-31T11:46:55,461[m [32mINFO  [m[[1;34mhttp-nio-8080-exec-7[m] [36mGlobalFilter[m - ----------- Client User: operaciones-orquestador-ext-back ----------
[30m2026-08-31T11:46:55,462[m [32mINFO  [m[[1;34mhttp-nio-8080-exec-7[m] [36mCalculationServiceImpl[m - Start method settleAccountsV1, side -> BUY
[30m2026-08-31T11:46:55,462[m [32mINFO  [m[[1;34mhttp-nio-8080-exec-7[m] [36mCalculationServiceImpl[m - End method settleAccountsV1
[30m2026-08-31T11:46:55,462[m [32mINFO  [m[[1;34mhttp-nio-8080-exec-7[m] [36mCalculationServiceImpl[m - PERF_ASSIGNMENT service=calculos operation=settleAccounts result=SUCCESS side=BUY fractionCount=1 totalMs=0 validationMs=0 calculationAndMappingMs=0 dbQueryCount=0
[30m2026-08-31T11:46:55,488[m [32mINFO  [m[[1;34mhttp-nio-8080-exec-9[m] [36mGlobalFilter[m - ----------- Client User: operaciones-orquestador-ext-back ----------
[30m2026-08-31T11:46:55,488[m [32mINFO  [m[[1;34mhttp-nio-8080-exec-9[m] [36mCalculationServiceImpl[m - Start method settleAccountsV1, side -> BUY
[30m2026-08-31T11:46:55,488[m [32mINFO  [m[[1;34mhttp-nio-8080-exec-9[m] [36mCalculationServiceImpl[m - End method settleAccountsV1
[30m2026-08-31T11:46:55,488[m [32mINFO  [m[[1;34mhttp-nio-8080-exec-9[m] [36mCalculationServiceImpl[m - PERF_ASSIGNMENT service=calculos operation=settleAccounts result=SUCCESS side=BUY fractionCount=1 totalMs=0 validationMs=0 calculationAndMappingMs=0 dbQueryCount=0
[30m2026-08-31T11:46:55,514[m [32mINFO  [m[[1;34mhttp-nio-8080-exec-2[m] [36mGlobalFilter[m - ----------- Client User: operaciones-orquestador-ext-back ----------
[30m2026-08-31T11:46:55,515[m [32mINFO  [m[[1;34mhttp-nio-8080-exec-2[m] [36mCalculationServiceImpl[m - Start method settleAccountsV1, side -> BUY
[30m2026-08-31T11:46:55,515[m [32mINFO  [m[[1;34mhttp-nio-8080-exec-2[m] [36mCalculationServiceImpl[m - End method settleAccountsV1
[30m2026-08-31T11:46:55,515[m [32mINFO  [m[[1;34mhttp-nio-8080-exec-2[m] [36mCalculationServiceImpl[m - PERF_ASSIGNMENT service=calculos operation=settleAccounts result=SUCCESS side=BUY fractionCount=1 totalMs=0 validationMs=0 calculationAndMappingMs=0 dbQueryCount=0
[30m2026-08-31T11:46:55,541[m [32mINFO  [m[[1;34mhttp-nio-8080-exec-10[m] [36mGlobalFilter[m - ----------- Client User: operaciones-orquestador-ext-back ----------
[30m2026-08-31T11:46:55,541[m [32mINFO  [m[[1;34mhttp-nio-8080-exec-10[m] [36mCalculationServiceImpl[m - Start method settleAccountsV1, side -> BUY
[30m2026-08-31T11:46:55,541[m [32mINFO  [m[[1;34mhttp-nio-8080-exec-10[m] [36mCalculationServiceImpl[m - End method settleAccountsV1
[30m2026-08-31T11:46:55,541[m [32mINFO  [m[[1;34mhttp-nio-8080-exec-10[m] [36mCalculationServiceImpl[m - PERF_ASSIGNMENT service=calculos operation=settleAccounts result=SUCCESS side=BUY fractionCount=1 totalMs=0 validationMs=0 calculationAndMappingMs=0 dbQueryCount=0
[30m2026-08-31T11:46:55,567[m [32mINFO  [m[[1;34mhttp-nio-8080-exec-5[m] [36mGlobalFilter[m - ----------- Client User: operaciones-orquestador-ext-back ----------
[30m2026-08-31T11:46:55,567[m [32mINFO  [m[[1;34mhttp-nio-8080-exec-5[m] [36mCalculationServiceImpl[m - Start method settleAccountsV1, side -> BUY
[30m2026-08-31T11:46:55,567[m [32mINFO  [m[[1;34mhttp-nio-8080-exec-5[m] [36mCalculationServiceImpl[m - End method settleAccountsV1
[30m2026-08-31T11:46:55,567[m [32mINFO  [m[[1;34mhttp-nio-8080-exec-5[m] [36mCalculationServiceImpl[m - PERF_ASSIGNMENT service=calculos operation=settleAccounts result=SUCCESS side=BUY fractionCount=1 totalMs=0 validationMs=0 calculationAndMappingMs=0 dbQueryCount=0
[30m2026-08-31T11:46:55,593[m [32mINFO  [m[[1;34mhttp-nio-8080-exec-1[m] [36mGlobalFilter[m - ----------- Client User: operaciones-orquestador-ext-back ----------
[30m2026-08-31T11:46:55,594[m [32mINFO  [m[[1;34mhttp-nio-8080-exec-1[m] [36mCalculationServiceImpl[m - Start method settleAccountsV1, side -> BUY
[30m2026-08-31T11:46:55,594[m [32mINFO  [m[[1;34mhttp-nio-8080-exec-1[m] [36mCalculationServiceImpl[m - End method settleAccountsV1
[30m2026-08-31T11:46:55,594[m [32mINFO  [m[[1;34mhttp-nio-8080-exec-1[m] [36mCalculationServiceImpl[m - PERF_ASSIGNMENT service=calculos operation=settleAccounts result=SUCCESS side=BUY fractionCount=1 totalMs=0 validationMs=0 calculationAndMappingMs=0 dbQueryCount=0
[30m2026-08-31T11:46:55,757[m [32mINFO  [m[[1;34mhttp-nio-8080-exec-3[m] [36mGlobalFilter[m - ----------- Client User: operaciones-orquestador-ext-back ----------
[30m2026-08-31T11:46:55,758[m [32mINFO  [m[[1;34mhttp-nio-8080-exec-3[m] [36mCalculationServiceImpl[m - Start method settleAccountsV1, side -> BUY
[30m2026-08-31T11:46:55,758[m [32mINFO  [m[[1;34mhttp-nio-8080-exec-3[m] [36mCalculationServiceImpl[m - End method settleAccountsV1
[30m2026-08-31T11:46:55,758[m [32mINFO  [m[[1;34mhttp-nio-8080-exec-3[m] [36mCalculationServiceImpl[m - PERF_ASSIGNMENT service=calculos operation=settleAccounts result=SUCCESS side=BUY fractionCount=1 totalMs=0 validationMs=0 calculationAndMappingMs=0 dbQueryCount=0
[30m2026-08-31T11:46:55,783[m [32mINFO  [m[[1;34mhttp-nio-8080-exec-4[m] [36mGlobalFilter[m - ----------- Client User: operaciones-orquestador-ext-back ----------
[30m2026-08-31T11:46:55,784[m [32mINFO  [m[[1;34mhttp-nio-8080-exec-4[m] [36mCalculationServiceImpl[m - Start method settleAccountsV1, side -> BUY
[30m2026-08-31T11:46:55,784[m [32mINFO  [m[[1;34mhttp-nio-8080-exec-4[m] [36mCalculationServiceImpl[m - End method settleAccountsV1
[30m2026-08-31T11:46:55,784[m [32mINFO  [m[[1;34mhttp-nio-8080-exec-4[m] [36mCalculationServiceImpl[m - PERF_ASSIGNMENT service=calculos operation=settleAccounts result=SUCCESS side=BUY fractionCount=1 totalMs=0 validationMs=0 calculationAndMappingMs=0 dbQueryCount=0
[30m2026-08-31T11:46:55,810[m [32mINFO  [m[[1;34mhttp-nio-8080-exec-6[m] [36mGlobalFilter[m - ----------- Client User: operaciones-orquestador-ext-back ----------
[30m2026-08-31T11:46:55,810[m [32mINFO  [m[[1;34mhttp-nio-8080-exec-6[m] [36mCalculationServiceImpl[m - Start method settleAccountsV1, side -> BUY
[30m2026-08-31T11:46:55,810[m [32mINFO  [m[[1;34mhttp-nio-8080-exec-6[m] [36mCalculationServiceImpl[m - End method settleAccountsV1
[30m2026-08-31T11:46:55,810[m [32mINFO  [m[[1;34mhttp-nio-8080-exec-6[m] [36mCalculationServiceImpl[m - PERF_ASSIGNMENT service=calculos operation=settleAccounts result=SUCCESS side=BUY fractionCount=1 totalMs=0 validationMs=0 calculationAndMappingMs=0 dbQueryCount=0
[30m2026-08-31T11:46:55,836[m [32mINFO  [m[[1;34mhttp-nio-8080-exec-8[m] [36mGlobalFilter[m - ----------- Client User: operaciones-orquestador-ext-back ----------
[30m2026-08-31T11:46:55,836[m [32mINFO  [m[[1;34mhttp-nio-8080-exec-8[m] [36mCalculationServiceImpl[m - Start method settleAccountsV1, side -> BUY
[30m2026-08-31T11:46:55,836[m [32mINFO  [m[[1;34mhttp-nio-8080-exec-8[m] [36mCalculationServiceImpl[m - End method settleAccountsV1
[30m2026-08-31T11:46:55,836[m [32mINFO  [m[[1;34mhttp-nio-8080-exec-8[m] [36mCalculationServiceImpl[m - PERF_ASSIGNMENT service=calculos operation=settleAccounts result=SUCCESS side=BUY fractionCount=1 totalMs=0 validationMs=0 calculationAndMappingMs=0 dbQueryCount=0
[30m2026-08-31T11:46:55,861[m [32mINFO  [m[[1;34mhttp-nio-8080-exec-7[m] [36mGlobalFilter[m - ----------- Client User: operaciones-orquestador-ext-back ----------
[30m2026-08-31T11:46:55,862[m [32mINFO  [m[[1;34mhttp-nio-8080-exec-7[m] [36mCalculationServiceImpl[m - Start method settleAccountsV1, side -> BUY
[30m2026-08-31T11:46:55,862[m [32mINFO  [m[[1;34mhttp-nio-8080-exec-7[m] [36mCalculationServiceImpl[m - End method settleAccountsV1
[30m2026-08-31T11:46:55,862[m [32mINFO  [m[[1;34mhttp-nio-8080-exec-7[m] [36mCalculationServiceImpl[m - PERF_ASSIGNMENT service=calculos operation=settleAccounts result=SUCCESS side=BUY fractionCount=1 totalMs=0 validationMs=0 calculationAndMappingMs=0 dbQueryCount=0
[30m2026-08-31T11:46:55,891[m [32mINFO  [m[[1;34mhttp-nio-8080-exec-9[m] [36mGlobalFilter[m - ----------- Client User: operaciones-orquestador-ext-back ----------
[30m2026-08-31T11:46:55,891[m [32mINFO  [m[[1;34mhttp-nio-8080-exec-9[m] [36mCalculationServiceImpl[m - Start method settleAccountsV1, side -> BUY
[30m2026-08-31T11:46:55,891[m [32mINFO  [m[[1;34mhttp-nio-8080-exec-9[m] [36mCalculationServiceImpl[m - End method settleAccountsV1
[30m2026-08-31T11:46:55,891[m [32mINFO  [m[[1;34mhttp-nio-8080-exec-9[m] [36mCalculationServiceImpl[m - PERF_ASSIGNMENT service=calculos operation=settleAccounts result=SUCCESS side=BUY fractionCount=1 totalMs=0 validationMs=0 calculationAndMappingMs=0 dbQueryCount=0
[30m2026-08-31T11:46:55,923[m [32mINFO  [m[[1;34mhttp-nio-8080-exec-2[m] [36mGlobalFilter[m - ----------- Client User: operaciones-orquestador-ext-back ----------
[30m2026-08-31T11:46:55,923[m [32mINFO  [m[[1;34mhttp-nio-8080-exec-2[m] [36mCalculationServiceImpl[m - Start method settleAccountsV1, side -> BUY
[30m2026-08-31T11:46:55,923[m [32mINFO  [m[[1;34mhttp-nio-8080-exec-2[m] [36mCalculationServiceImpl[m - End method settleAccountsV1
[30m2026-08-31T11:46:55,923[m [32mINFO  [m[[1;34mhttp-nio-8080-exec-2[m] [36mCalculationServiceImpl[m - PERF_ASSIGNMENT service=calculos operation=settleAccounts result=SUCCESS side=BUY fractionCount=1 totalMs=0 validationMs=0 calculationAndMappingMs=0 dbQueryCount=0
[30m2026-08-31T11:46:55,948[m [32mINFO  [m[[1;34mhttp-nio-8080-exec-10[m] [36mGlobalFilter[m - ----------- Client User: operaciones-orquestador-ext-back ----------
[30m2026-08-31T11:46:55,949[m [32mINFO  [m[[1;34mhttp-nio-8080-exec-10[m] [36mCalculationServiceImpl[m - Start method settleAccountsV1, side -> BUY
[30m2026-08-31T11:46:55,949[m [32mINFO  [m[[1;34mhttp-nio-8080-exec-10[m] [36mCalculationServiceImpl[m - End method settleAccountsV1
[30m2026-08-31T11:46:55,949[m [32mINFO  [m[[1;34mhttp-nio-8080-exec-10[m] [36mCalculationServiceImpl[m - PERF_ASSIGNMENT service=calculos operation=settleAccounts result=SUCCESS side=BUY fractionCount=1 totalMs=0 validationMs=0 calculationAndMappingMs=0 dbQueryCount=0
[30m2026-08-31T11:46:55,974[m [32mINFO  [m[[1;34mhttp-nio-8080-exec-5[m] [36mGlobalFilter[m - ----------- Client User: operaciones-orquestador-ext-back ----------
[30m2026-08-31T11:46:55,975[m [32mINFO  [m[[1;34mhttp-nio-8080-exec-5[m] [36mCalculationServiceImpl[m - Start method settleAccountsV1, side -> BUY
[30m2026-08-31T11:46:55,975[m [32mINFO  [m[[1;34mhttp-nio-8080-exec-5[m] [36mCalculationServiceImpl[m - End method settleAccountsV1
[30m2026-08-31T11:46:55,975[m [32mINFO  [m[[1;34mhttp-nio-8080-exec-5[m] [36mCalculationServiceImpl[m - PERF_ASSIGNMENT service=calculos operation=settleAccounts result=SUCCESS side=BUY fractionCount=1 totalMs=0 validationMs=0 calculationAndMappingMs=0 dbQueryCount=0
[30m2026-08-31T11:46:56,001[m [32mINFO  [m[[1;34mhttp-nio-8080-exec-1[m] [36mGlobalFilter[m - ----------- Client User: operaciones-orquestador-ext-back ----------
[30m2026-08-31T11:46:56,001[m [32mINFO  [m[[1;34mhttp-nio-8080-exec-1[m] [36mCalculationServiceImpl[m - Start method settleAccountsV1, side -> BUY
[30m2026-08-31T11:46:56,001[m [32mINFO  [m[[1;34mhttp-nio-8080-exec-1[m] [36mCalculationServiceImpl[m - End method settleAccountsV1
[30m2026-08-31T11:46:56,001[m [32mINFO  [m[[1;34mhttp-nio-8080-exec-1[m] [36mCalculationServiceImpl[m - PERF_ASSIGNMENT service=calculos operation=settleAccounts result=SUCCESS side=BUY fractionCount=1 totalMs=0 validationMs=0 calculationAndMappingMs=0 dbQueryCount=0
[30m2026-08-31T11:46:56,027[m [32mINFO  [m[[1;34mhttp-nio-8080-exec-3[m] [36mGlobalFilter[m - ----------- Client User: operaciones-orquestador-ext-back ----------
[30m2026-08-31T11:46:56,027[m [32mINFO  [m[[1;34mhttp-nio-8080-exec-3[m] [36mCalculationServiceImpl[m - Start method settleAccountsV1, side -> BUY
[30m2026-08-31T11:46:56,027[m [32mINFO  [m[[1;34mhttp-nio-8080-exec-3[m] [36mCalculationServiceImpl[m - End method settleAccountsV1
[30m2026-08-31T11:46:56,027[m [32mINFO  [m[[1;34mhttp-nio-8080-exec-3[m] [36mCalculationServiceImpl[m - PERF_ASSIGNMENT service=calculos operation=settleAccounts result=SUCCESS side=BUY fractionCount=1 totalMs=0 validationMs=0 calculationAndMappingMs=0 dbQueryCount=0
[30m2026-08-31T11:46:56,056[m [32mINFO  [m[[1;34mhttp-nio-8080-exec-4[m] [36mGlobalFilter[m - ----------- Client User: operaciones-orquestador-ext-back ----------
[30m2026-08-31T11:46:56,056[m [32mINFO  [m[[1;34mhttp-nio-8080-exec-4[m] [36mCalculationServiceImpl[m - Start method settleAccountsV1, side -> BUY
[30m2026-08-31T11:46:56,056[m [32mINFO  [m[[1;34mhttp-nio-8080-exec-4[m] [36mCalculationServiceImpl[m - End method settleAccountsV1
[30m2026-08-31T11:46:56,056[m [32mINFO  [m[[1;34mhttp-nio-8080-exec-4[m] [36mCalculationServiceImpl[m - PERF_ASSIGNMENT service=calculos operation=settleAccounts result=SUCCESS side=BUY fractionCount=1 totalMs=0 validationMs=0 calculationAndMappingMs=0 dbQueryCount=0
[30m2026-08-31T11:46:56,082[m [32mINFO  [m[[1;34mhttp-nio-8080-exec-6[m] [36mGlobalFilter[m - ----------- Client User: operaciones-orquestador-ext-back ----------
[30m2026-08-31T11:46:56,083[m [32mINFO  [m[[1;34mhttp-nio-8080-exec-6[m] [36mCalculationServiceImpl[m - Start method settleAccountsV1, side -> BUY
[30m2026-08-31T11:46:56,083[m [32mINFO  [m[[1;34mhttp-nio-8080-exec-6[m] [36mCalculationServiceImpl[m - End method settleAccountsV1
[30m2026-08-31T11:46:56,083[m [32mINFO  [m[[1;34mhttp-nio-8080-exec-6[m] [36mCalculationServiceImpl[m - PERF_ASSIGNMENT service=calculos operation=settleAccounts result=SUCCESS side=BUY fractionCount=1 totalMs=0 validationMs=0 calculationAndMappingMs=0 dbQueryCount=0
[30m2026-08-31T11:46:56,109[m [32mINFO  [m[[1;34mhttp-nio-8080-exec-8[m] [36mGlobalFilter[m - ----------- Client User: operaciones-orquestador-ext-back ----------
[30m2026-08-31T11:46:56,110[m [32mINFO  [m[[1;34mhttp-nio-8080-exec-8[m] [36mCalculationServiceImpl[m - Start method settleAccountsV1, side -> BUY
[30m2026-08-31T11:46:56,110[m [32mINFO  [m[[1;34mhttp-nio-8080-exec-8[m] [36mCalculationServiceImpl[m - End method settleAccountsV1
[30m2026-08-31T11:46:56,110[m [32mINFO  [m[[1;34mhttp-nio-8080-exec-8[m] [36mCalculationServiceImpl[m - PERF_ASSIGNMENT service=calculos operation=settleAccounts result=SUCCESS side=BUY fractionCount=1 totalMs=0 validationMs=0 calculationAndMappingMs=0 dbQueryCount=0
[30m2026-08-31T11:46:56,141[m [32mINFO  [m[[1;34mhttp-nio-8080-exec-7[m] [36mGlobalFilter[m - ----------- Client User: operaciones-orquestador-ext-back ----------
[30m2026-08-31T11:46:56,141[m [32mINFO  [m[[1;34mhttp-nio-8080-exec-7[m] [36mCalculationServiceImpl[m - Start method settleAccountsV1, side -> BUY
[30m2026-08-31T11:46:56,141[m [32mINFO  [m[[1;34mhttp-nio-8080-exec-7[m] [36mCalculationServiceImpl[m - End method settleAccountsV1
[30m2026-08-31T11:46:56,141[m [32mINFO  [m[[1;34mhttp-nio-8080-exec-7[m] [36mCalculationServiceImpl[m - PERF_ASSIGNMENT service=calculos operation=settleAccounts result=SUCCESS side=BUY fractionCount=1 totalMs=0 validationMs=0 calculationAndMappingMs=0 dbQueryCount=0
[30m2026-08-31T11:46:56,168[m [32mINFO  [m[[1;34mhttp-nio-8080-exec-9[m] [36mGlobalFilter[m - ----------- Client User: operaciones-orquestador-ext-back ----------
[30m2026-08-31T11:46:56,168[m [32mINFO  [m[[1;34mhttp-nio-8080-exec-9[m] [36mCalculationServiceImpl[m - Start method settleAccountsV1, side -> BUY
[30m2026-08-31T11:46:56,168[m [32mINFO  [m[[1;34mhttp-nio-8080-exec-9[m] [36mCalculationServiceImpl[m - End method settleAccountsV1
[30m2026-08-31T11:46:56,168[m [32mINFO  [m[[1;34mhttp-nio-8080-exec-9[m] [36mCalculationServiceImpl[m - PERF_ASSIGNMENT service=calculos operation=settleAccounts result=SUCCESS side=BUY fractionCount=1 totalMs=0 validationMs=0 calculationAndMappingMs=0 dbQueryCount=0
[30m2026-08-31T11:46:56,194[m [32mINFO  [m[[1;34mhttp-nio-8080-exec-2[m] [36mGlobalFilter[m - ----------- Client User: operaciones-orquestador-ext-back ----------
[30m2026-08-31T11:46:56,194[m [32mINFO  [m[[1;34mhttp-nio-8080-exec-2[m] [36mCalculationServiceImpl[m - Start method settleAccountsV1, side -> BUY
[30m2026-08-31T11:46:56,194[m [32mINFO  [m[[1;34mhttp-nio-8080-exec-2[m] [36mCalculationServiceImpl[m - End method settleAccountsV1
[30m2026-08-31T11:46:56,194[m [32mINFO  [m[[1;34mhttp-nio-8080-exec-2[m] [36mCalculationServiceImpl[m - PERF_ASSIGNMENT service=calculos operation=settleAccounts result=SUCCESS side=BUY fractionCount=1 totalMs=0 validationMs=0 calculationAndMappingMs=0 dbQueryCount=0
[30m2026-08-31T11:46:56,220[m [32mINFO  [m[[1;34mhttp-nio-8080-exec-10[m] [36mGlobalFilter[m - ----------- Client User: operaciones-orquestador-ext-back ----------
[30m2026-08-31T11:46:56,221[m [32mINFO  [m[[1;34mhttp-nio-8080-exec-10[m] [36mCalculationServiceImpl[m - Start method settleAccountsV1, side -> BUY
[30m2026-08-31T11:46:56,221[m [32mINFO  [m[[1;34mhttp-nio-8080-exec-10[m] [36mCalculationServiceImpl[m - End method settleAccountsV1
[30m2026-08-31T11:46:56,221[m [32mINFO  [m[[1;34mhttp-nio-8080-exec-10[m] [36mCalculationServiceImpl[m - PERF_ASSIGNMENT service=calculos operation=settleAccounts result=SUCCESS side=BUY fractionCount=1 totalMs=0 validationMs=0 calculationAndMappingMs=0 dbQueryCount=0
[30m2026-08-31T11:46:56,248[m [32mINFO  [m[[1;34mhttp-nio-8080-exec-5[m] [36mGlobalFilter[m - ----------- Client User: operaciones-orquestador-ext-back ----------
[30m2026-08-31T11:46:56,249[m [32mINFO  [m[[1;34mhttp-nio-8080-exec-5[m] [36mCalculationServiceImpl[m - Start method settleAccountsV1, side -> BUY
[30m2026-08-31T11:46:56,249[m [32mINFO  [m[[1;34mhttp-nio-8080-exec-5[m] [36mCalculationServiceImpl[m - End method settleAccountsV1
[30m2026-08-31T11:46:56,249[m [32mINFO  [m[[1;34mhttp-nio-8080-exec-5[m] [36mCalculationServiceImpl[m - PERF_ASSIGNMENT service=calculos operation=settleAccounts result=SUCCESS side=BUY fractionCount=1 totalMs=0 validationMs=0 calculationAndMappingMs=0 dbQueryCount=0
[30m2026-08-31T11:46:56,276[m [32mINFO  [m[[1;34mhttp-nio-8080-exec-1[m] [36mGlobalFilter[m - ----------- Client User: operaciones-orquestador-ext-back ----------
[30m2026-08-31T11:46:56,277[m [32mINFO  [m[[1;34mhttp-nio-8080-exec-1[m] [36mCalculationServiceImpl[m - Start method settleAccountsV1, side -> BUY
[30m2026-08-31T11:46:56,277[m [32mINFO  [m[[1;34mhttp-nio-8080-exec-1[m] [36mCalculationServiceImpl[m - End method settleAccountsV1
[30m2026-08-31T11:46:56,277[m [32mINFO  [m[[1;34mhttp-nio-8080-exec-1[m] [36mCalculationServiceImpl[m - PERF_ASSIGNMENT service=calculos operation=settleAccounts result=SUCCESS side=BUY fractionCount=1 totalMs=0 validationMs=0 calculationAndMappingMs=0 dbQueryCount=0
[30m2026-08-31T11:46:56,304[m [32mINFO  [m[[1;34mhttp-nio-8080-exec-3[m] [36mGlobalFilter[m - ----------- Client User: operaciones-orquestador-ext-back ----------
[30m2026-08-31T11:46:56,305[m [32mINFO  [m[[1;34mhttp-nio-8080-exec-3[m] [36mCalculationServiceImpl[m - Start method settleAccountsV1, side -> BUY
[30m2026-08-31T11:46:56,305[m [32mINFO  [m[[1;34mhttp-nio-8080-exec-3[m] [36mCalculationServiceImpl[m - End method settleAccountsV1
[30m2026-08-31T11:46:56,305[m [32mINFO  [m[[1;34mhttp-nio-8080-exec-3[m] [36mCalculationServiceImpl[m - PERF_ASSIGNMENT service=calculos operation=settleAccounts result=SUCCESS side=BUY fractionCount=1 totalMs=0 validationMs=0 calculationAndMappingMs=0 dbQueryCount=0
[30m2026-08-31T11:46:56,331[m [32mINFO  [m[[1;34mhttp-nio-8080-exec-4[m] [36mGlobalFilter[m - ----------- Client User: operaciones-orquestador-ext-back ----------
[30m2026-08-31T11:46:56,331[m [32mINFO  [m[[1;34mhttp-nio-8080-exec-4[m] [36mCalculationServiceImpl[m - Start method settleAccountsV1, side -> BUY
[30m2026-08-31T11:46:56,331[m [32mINFO  [m[[1;34mhttp-nio-8080-exec-4[m] [36mCalculationServiceImpl[m - End method settleAccountsV1
[30m2026-08-31T11:46:56,331[m [32mINFO  [m[[1;34mhttp-nio-8080-exec-4[m] [36mCalculationServiceImpl[m - PERF_ASSIGNMENT service=calculos operation=settleAccounts result=SUCCESS side=BUY fractionCount=1 totalMs=0 validationMs=0 calculationAndMappingMs=0 dbQueryCount=0
[30m2026-08-31T11:46:56,357[m [32mINFO  [m[[1;34mhttp-nio-8080-exec-6[m] [36mGlobalFilter[m - ----------- Client User: operaciones-orquestador-ext-back ----------
[30m2026-08-31T11:46:56,357[m [32mINFO  [m[[1;34mhttp-nio-8080-exec-6[m] [36mCalculationServiceImpl[m - Start method settleAccountsV1, side -> BUY
[30m2026-08-31T11:46:56,357[m [32mINFO  [m[[1;34mhttp-nio-8080-exec-6[m] [36mCalculationServiceImpl[m - End method settleAccountsV1
[30m2026-08-31T11:46:56,357[m [32mINFO  [m[[1;34mhttp-nio-8080-exec-6[m] [36mCalculationServiceImpl[m - PERF_ASSIGNMENT service=calculos operation=settleAccounts result=SUCCESS side=BUY fractionCount=1 totalMs=0 validationMs=0 calculationAndMappingMs=0 dbQueryCount=0
[30m2026-08-31T11:46:56,383[m [32mINFO  [m[[1;34mhttp-nio-8080-exec-8[m] [36mGlobalFilter[m - ----------- Client User: operaciones-orquestador-ext-back ----------
[30m2026-08-31T11:46:56,384[m [32mINFO  [m[[1;34mhttp-nio-8080-exec-8[m] [36mCalculationServiceImpl[m - Start method settleAccountsV1, side -> BUY
[30m2026-08-31T11:46:56,384[m [32mINFO  [m[[1;34mhttp-nio-8080-exec-8[m] [36mCalculationServiceImpl[m - End method settleAccountsV1
[30m2026-08-31T11:46:56,384[m [32mINFO  [m[[1;34mhttp-nio-8080-exec-8[m] [36mCalculationServiceImpl[m - PERF_ASSIGNMENT service=calculos operation=settleAccounts result=SUCCESS side=BUY fractionCount=1 totalMs=0 validationMs=0 calculationAndMappingMs=0 dbQueryCount=0
[30m2026-08-31T11:46:56,410[m [32mINFO  [m[[1;34mhttp-nio-8080-exec-7[m] [36mGlobalFilter[m - ----------- Client User: operaciones-orquestador-ext-back ----------
[30m2026-08-31T11:46:56,410[m [32mINFO  [m[[1;34mhttp-nio-8080-exec-7[m] [36mCalculationServiceImpl[m - Start method settleAccountsV1, side -> BUY
[30m2026-08-31T11:46:56,410[m [32mINFO  [m[[1;34mhttp-nio-8080-exec-7[m] [36mCalculationServiceImpl[m - End method settleAccountsV1
[30m2026-08-31T11:46:56,410[m [32mINFO  [m[[1;34mhttp-nio-8080-exec-7[m] [36mCalculationServiceImpl[m - PERF_ASSIGNMENT service=calculos operation=settleAccounts result=SUCCESS side=BUY fractionCount=1 totalMs=0 validationMs=0 calculationAndMappingMs=0 dbQueryCount=0
[30m2026-08-31T11:46:56,436[m [32mINFO  [m[[1;34mhttp-nio-8080-exec-9[m] [36mGlobalFilter[m - ----------- Client User: operaciones-orquestador-ext-back ----------
[30m2026-08-31T11:46:56,436[m [32mINFO  [m[[1;34mhttp-nio-8080-exec-9[m] [36mCalculationServiceImpl[m - Start method settleAccountsV1, side -> BUY
[30m2026-08-31T11:46:56,436[m [32mINFO  [m[[1;34mhttp-nio-8080-exec-9[m] [36mCalculationServiceImpl[m - End method settleAccountsV1
[30m2026-08-31T11:46:56,436[m [32mINFO  [m[[1;34mhttp-nio-8080-exec-9[m] [36mCalculationServiceImpl[m - PERF_ASSIGNMENT service=calculos operation=settleAccounts result=SUCCESS side=BUY fractionCount=1 totalMs=0 validationMs=0 calculationAndMappingMs=0 dbQueryCount=0
[30m2026-08-31T11:46:56,463[m [32mINFO  [m[[1;34mhttp-nio-8080-exec-2[m] [36mGlobalFilter[m - ----------- Client User: operaciones-orquestador-ext-back ----------
[30m2026-08-31T11:46:56,463[m [32mINFO  [m[[1;34mhttp-nio-8080-exec-2[m] [36mCalculationServiceImpl[m - Start method settleAccountsV1, side -> BUY
[30m2026-08-31T11:46:56,463[m [32mINFO  [m[[1;34mhttp-nio-8080-exec-2[m] [36mCalculationServiceImpl[m - End method settleAccountsV1
[30m2026-08-31T11:46:56,463[m [32mINFO  [m[[1;34mhttp-nio-8080-exec-2[m] [36mCalculationServiceImpl[m - PERF_ASSIGNMENT service=calculos operation=settleAccounts result=SUCCESS side=BUY fractionCount=1 totalMs=0 validationMs=0 calculationAndMappingMs=0 dbQueryCount=0
[30m2026-08-31T11:46:56,489[m [32mINFO  [m[[1;34mhttp-nio-8080-exec-10[m] [36mGlobalFilter[m - ----------- Client User: operaciones-orquestador-ext-back ----------
[30m2026-08-31T11:46:56,489[m [32mINFO  [m[[1;34mhttp-nio-8080-exec-10[m] [36mCalculationServiceImpl[m - Start method settleAccountsV1, side -> BUY
[30m2026-08-31T11:46:56,489[m [32mINFO  [m[[1;34mhttp-nio-8080-exec-10[m] [36mCalculationServiceImpl[m - End method settleAccountsV1
[30m2026-08-31T11:46:56,490[m [32mINFO  [m[[1;34mhttp-nio-8080-exec-10[m] [36mCalculationServiceImpl[m - PERF_ASSIGNMENT service=calculos operation=settleAccounts result=SUCCESS side=BUY fractionCount=1 totalMs=0 validationMs=0 calculationAndMappingMs=0 dbQueryCount=0
[30m2026-08-31T11:46:56,515[m [32mINFO  [m[[1;34mhttp-nio-8080-exec-5[m] [36mGlobalFilter[m - ----------- Client User: operaciones-orquestador-ext-back ----------
[30m2026-08-31T11:46:56,515[m [32mINFO  [m[[1;34mhttp-nio-8080-exec-5[m] [36mCalculationServiceImpl[m - Start method settleAccountsV1, side -> BUY
[30m2026-08-31T11:46:56,515[m [32mINFO  [m[[1;34mhttp-nio-8080-exec-5[m] [36mCalculationServiceImpl[m - End method settleAccountsV1
[30m2026-08-31T11:46:56,515[m [32mINFO  [m[[1;34mhttp-nio-8080-exec-5[m] [36mCalculationServiceImpl[m - PERF_ASSIGNMENT service=calculos operation=settleAccounts result=SUCCESS side=BUY fractionCount=1 totalMs=0 validationMs=0 calculationAndMappingMs=0 dbQueryCount=0
[30m2026-08-31T11:46:56,542[m [32mINFO  [m[[1;34mhttp-nio-8080-exec-1[m] [36mGlobalFilter[m - ----------- Client User: operaciones-orquestador-ext-back ----------
[30m2026-08-31T11:46:56,542[m [32mINFO  [m[[1;34mhttp-nio-8080-exec-1[m] [36mCalculationServiceImpl[m - Start method settleAccountsV1, side -> BUY
[30m2026-08-31T11:46:56,543[m [32mINFO  [m[[1;34mhttp-nio-8080-exec-1[m] [36mCalculationServiceImpl[m - End method settleAccountsV1
[30m2026-08-31T11:46:56,543[m [32mINFO  [m[[1;34mhttp-nio-8080-exec-1[m] [36mCalculationServiceImpl[m - PERF_ASSIGNMENT service=calculos operation=settleAccounts result=SUCCESS side=BUY fractionCount=1 totalMs=0 validationMs=0 calculationAndMappingMs=0 dbQueryCount=0
[30m2026-08-31T11:46:56,569[m [32mINFO  [m[[1;34mhttp-nio-8080-exec-3[m] [36mGlobalFilter[m - ----------- Client User: operaciones-orquestador-ext-back ----------
[30m2026-08-31T11:46:56,569[m [32mINFO  [m[[1;34mhttp-nio-8080-exec-3[m] [36mCalculationServiceImpl[m - Start method settleAccountsV1, side -> BUY
[30m2026-08-31T11:46:56,569[m [32mINFO  [m[[1;34mhttp-nio-8080-exec-3[m] [36mCalculationServiceImpl[m - End method settleAccountsV1
[30m2026-08-31T11:46:56,569[m [32mINFO  [m[[1;34mhttp-nio-8080-exec-3[m] [36mCalculationServiceImpl[m - PERF_ASSIGNMENT service=calculos operation=settleAccounts result=SUCCESS side=BUY fractionCount=1 totalMs=0 validationMs=0 calculationAndMappingMs=0 dbQueryCount=0
[30m2026-08-31T11:46:56,595[m [32mINFO  [m[[1;34mhttp-nio-8080-exec-4[m] [36mGlobalFilter[m - ----------- Client User: operaciones-orquestador-ext-back ----------
[30m2026-08-31T11:46:56,595[m [32mINFO  [m[[1;34mhttp-nio-8080-exec-4[m] [36mCalculationServiceImpl[m - Start method settleAccountsV1, side -> BUY
[30m2026-08-31T11:46:56,595[m [32mINFO  [m[[1;34mhttp-nio-8080-exec-4[m] [36mCalculationServiceImpl[m - End method settleAccountsV1
[30m2026-08-31T11:46:56,595[m [32mINFO  [m[[1;34mhttp-nio-8080-exec-4[m] [36mCalculationServiceImpl[m - PERF_ASSIGNMENT service=calculos operation=settleAccounts result=SUCCESS side=BUY fractionCount=1 totalMs=0 validationMs=0 calculationAndMappingMs=0 dbQueryCount=0
[30m2026-08-31T11:46:56,622[m [32mINFO  [m[[1;34mhttp-nio-8080-exec-6[m] [36mGlobalFilter[m - ----------- Client User: operaciones-orquestador-ext-back ----------
[30m2026-08-31T11:46:56,622[m [32mINFO  [m[[1;34mhttp-nio-8080-exec-6[m] [36mCalculationServiceImpl[m - Start method settleAccountsV1, side -> BUY
[30m2026-08-31T11:46:56,622[m [32mINFO  [m[[1;34mhttp-nio-8080-exec-6[m] [36mCalculationServiceImpl[m - End method settleAccountsV1
[30m2026-08-31T11:46:56,622[m [32mINFO  [m[[1;34mhttp-nio-8080-exec-6[m] [36mCalculationServiceImpl[m - PERF_ASSIGNMENT service=calculos operation=settleAccounts result=SUCCESS side=BUY fractionCount=1 totalMs=0 validationMs=0 calculationAndMappingMs=0 dbQueryCount=0
[30m2026-08-31T11:46:56,648[m [32mINFO  [m[[1;34mhttp-nio-8080-exec-8[m] [36mGlobalFilter[m - ----------- Client User: operaciones-orquestador-ext-back ----------
[30m2026-08-31T11:46:56,648[m [32mINFO  [m[[1;34mhttp-nio-8080-exec-8[m] [36mCalculationServiceImpl[m - Start method settleAccountsV1, side -> BUY
[30m2026-08-31T11:46:56,648[m [32mINFO  [m[[1;34mhttp-nio-8080-exec-8[m] [36mCalculationServiceImpl[m - End method settleAccountsV1
[30m2026-08-31T11:46:56,648[m [32mINFO  [m[[1;34mhttp-nio-8080-exec-8[m] [36mCalculationServiceImpl[m - PERF_ASSIGNMENT service=calculos operation=settleAccounts result=SUCCESS side=BUY fractionCount=1 totalMs=0 validationMs=0 calculationAndMappingMs=0 dbQueryCount=0
[30m2026-08-31T11:46:56,674[m [32mINFO  [m[[1;34mhttp-nio-8080-exec-7[m] [36mGlobalFilter[m - ----------- Client User: operaciones-orquestador-ext-back ----------
[30m2026-08-31T11:46:56,675[m [32mINFO  [m[[1;34mhttp-nio-8080-exec-7[m] [36mCalculationServiceImpl[m - Start method settleAccountsV1, side -> BUY
[30m2026-08-31T11:46:56,675[m [32mINFO  [m[[1;34mhttp-nio-8080-exec-7[m] [36mCalculationServiceImpl[m - End method settleAccountsV1
[30m2026-08-31T11:46:56,675[m [32mINFO  [m[[1;34mhttp-nio-8080-exec-7[m] [36mCalculationServiceImpl[m - PERF_ASSIGNMENT service=calculos operation=settleAccounts result=SUCCESS side=BUY fractionCount=1 totalMs=0 validationMs=0 calculationAndMappingMs=0 dbQueryCount=0
[30m2026-08-31T11:46:56,700[m [32mINFO  [m[[1;34mhttp-nio-8080-exec-9[m] [36mGlobalFilter[m - ----------- Client User: operaciones-orquestador-ext-back ----------
[30m2026-08-31T11:46:56,701[m [32mINFO  [m[[1;34mhttp-nio-8080-exec-9[m] [36mCalculationServiceImpl[m - Start method settleAccountsV1, side -> BUY
[30m2026-08-31T11:46:56,701[m [32mINFO  [m[[1;34mhttp-nio-8080-exec-9[m] [36mCalculationServiceImpl[m - End method settleAccountsV1
[30m2026-08-31T11:46:56,701[m [32mINFO  [m[[1;34mhttp-nio-8080-exec-9[m] [36mCalculationServiceImpl[m - PERF_ASSIGNMENT service=calculos operation=settleAccounts result=SUCCESS side=BUY fractionCount=1 totalMs=0 validationMs=0 calculationAndMappingMs=0 dbQueryCount=0
[30m2026-08-31T11:46:56,726[m [32mINFO  [m[[1;34mhttp-nio-8080-exec-2[m] [36mGlobalFilter[m - ----------- Client User: operaciones-orquestador-ext-back ----------
[30m2026-08-31T11:46:56,727[m [32mINFO  [m[[1;34mhttp-nio-8080-exec-2[m] [36mCalculationServiceImpl[m - Start method settleAccountsV1, side -> BUY
[30m2026-08-31T11:46:56,727[m [32mINFO  [m[[1;34mhttp-nio-8080-exec-2[m] [36mCalculationServiceImpl[m - End method settleAccountsV1
[30m2026-08-31T11:46:56,727[m [32mINFO  [m[[1;34mhttp-nio-8080-exec-2[m] [36mCalculationServiceImpl[m - PERF_ASSIGNMENT service=calculos operation=settleAccounts result=SUCCESS side=BUY fractionCount=1 totalMs=0 validationMs=0 calculationAndMappingMs=0 dbQueryCount=0
[30m2026-08-31T11:46:56,752[m [32mINFO  [m[[1;34mhttp-nio-8080-exec-10[m] [36mGlobalFilter[m - ----------- Client User: operaciones-orquestador-ext-back ----------
[30m2026-08-31T11:46:56,753[m [32mINFO  [m[[1;34mhttp-nio-8080-exec-10[m] [36mCalculationServiceImpl[m - Start method settleAccountsV1, side -> BUY
[30m2026-08-31T11:46:56,753[m [32mINFO  [m[[1;34mhttp-nio-8080-exec-10[m] [36mCalculationServiceImpl[m - End method settleAccountsV1
[30m2026-08-31T11:46:56,753[m [32mINFO  [m[[1;34mhttp-nio-8080-exec-10[m] [36mCalculationServiceImpl[m - PERF_ASSIGNMENT service=calculos operation=settleAccounts result=SUCCESS side=BUY fractionCount=1 totalMs=0 validationMs=0 calculationAndMappingMs=0 dbQueryCount=0
[30m2026-08-31T11:46:56,779[m [32mINFO  [m[[1;34mhttp-nio-8080-exec-5[m] [36mGlobalFilter[m - ----------- Client User: operaciones-orquestador-ext-back ----------
[30m2026-08-31T11:46:56,779[m [32mINFO  [m[[1;34mhttp-nio-8080-exec-5[m] [36mCalculationServiceImpl[m - Start method settleAccountsV1, side -> BUY
[30m2026-08-31T11:46:56,779[m [32mINFO  [m[[1;34mhttp-nio-8080-exec-5[m] [36mCalculationServiceImpl[m - End method settleAccountsV1
[30m2026-08-31T11:46:56,779[m [32mINFO  [m[[1;34mhttp-nio-8080-exec-5[m] [36mCalculationServiceImpl[m - PERF_ASSIGNMENT service=calculos operation=settleAccounts result=SUCCESS side=BUY fractionCount=1 totalMs=0 validationMs=0 calculationAndMappingMs=0 dbQueryCount=0
[30m2026-08-31T11:46:56,806[m [32mINFO  [m[[1;34mhttp-nio-8080-exec-1[m] [36mGlobalFilter[m - ----------- Client User: operaciones-orquestador-ext-back ----------
[30m2026-08-31T11:46:56,806[m [32mINFO  [m[[1;34mhttp-nio-8080-exec-1[m] [36mCalculationServiceImpl[m - Start method settleAccountsV1, side -> BUY
[30m2026-08-31T11:46:56,806[m [32mINFO  [m[[1;34mhttp-nio-8080-exec-1[m] [36mCalculationServiceImpl[m - End method settleAccountsV1
[30m2026-08-31T11:46:56,806[m [32mINFO  [m[[1;34mhttp-nio-8080-exec-1[m] [36mCalculationServiceImpl[m - PERF_ASSIGNMENT service=calculos operation=settleAccounts result=SUCCESS side=BUY fractionCount=1 totalMs=0 validationMs=0 calculationAndMappingMs=0 dbQueryCount=0
[30m2026-08-31T11:46:56,832[m [32mINFO  [m[[1;34mhttp-nio-8080-exec-3[m] [36mGlobalFilter[m - ----------- Client User: operaciones-orquestador-ext-back ----------
[30m2026-08-31T11:46:56,833[m [32mINFO  [m[[1;34mhttp-nio-8080-exec-3[m] [36mCalculationServiceImpl[m - Start method settleAccountsV1, side -> BUY
[30m2026-08-31T11:46:56,833[m [32mINFO  [m[[1;34mhttp-nio-8080-exec-3[m] [36mCalculationServiceImpl[m - End method settleAccountsV1
[30m2026-08-31T11:46:56,833[m [32mINFO  [m[[1;34mhttp-nio-8080-exec-3[m] [36mCalculationServiceImpl[m - PERF_ASSIGNMENT service=calculos operation=settleAccounts result=SUCCESS side=BUY fractionCount=1 totalMs=0 validationMs=0 calculationAndMappingMs=0 dbQueryCount=0
[30m2026-08-31T11:46:56,859[m [32mINFO  [m[[1;34mhttp-nio-8080-exec-4[m] [36mGlobalFilter[m - ----------- Client User: operaciones-orquestador-ext-back ----------
[30m2026-08-31T11:46:56,859[m [32mINFO  [m[[1;34mhttp-nio-8080-exec-4[m] [36mCalculationServiceImpl[m - Start method settleAccountsV1, side -> BUY
[30m2026-08-31T11:46:56,859[m [32mINFO  [m[[1;34mhttp-nio-8080-exec-4[m] [36mCalculationServiceImpl[m - End method settleAccountsV1
[30m2026-08-31T11:46:56,859[m [32mINFO  [m[[1;34mhttp-nio-8080-exec-4[m] [36mCalculationServiceImpl[m - PERF_ASSIGNMENT service=calculos operation=settleAccounts result=SUCCESS side=BUY fractionCount=1 totalMs=0 validationMs=0 calculationAndMappingMs=0 dbQueryCount=0
[30m2026-08-31T11:46:56,886[m [32mINFO  [m[[1;34mhttp-nio-8080-exec-6[m] [36mGlobalFilter[m - ----------- Client User: operaciones-orquestador-ext-back ----------
[30m2026-08-31T11:46:56,886[m [32mINFO  [m[[1;34mhttp-nio-8080-exec-6[m] [36mCalculationServiceImpl[m - Start method settleAccountsV1, side -> BUY
[30m2026-08-31T11:46:56,887[m [32mINFO  [m[[1;34mhttp-nio-8080-exec-6[m] [36mCalculationServiceImpl[m - End method settleAccountsV1
[30m2026-08-31T11:46:56,887[m [32mINFO  [m[[1;34mhttp-nio-8080-exec-6[m] [36mCalculationServiceImpl[m - PERF_ASSIGNMENT service=calculos operation=settleAccounts result=SUCCESS side=BUY fractionCount=1 totalMs=0 validationMs=0 calculationAndMappingMs=0 dbQueryCount=0
[30m2026-08-31T11:46:56,912[m [32mINFO  [m[[1;34mhttp-nio-8080-exec-8[m] [36mGlobalFilter[m - ----------- Client User: operaciones-orquestador-ext-back ----------
[30m2026-08-31T11:46:56,912[m [32mINFO  [m[[1;34mhttp-nio-8080-exec-8[m] [36mCalculationServiceImpl[m - Start method settleAccountsV1, side -> BUY
[30m2026-08-31T11:46:56,913[m [32mINFO  [m[[1;34mhttp-nio-8080-exec-8[m] [36mCalculationServiceImpl[m - End method settleAccountsV1
[30m2026-08-31T11:46:56,913[m [32mINFO  [m[[1;34mhttp-nio-8080-exec-8[m] [36mCalculationServiceImpl[m - PERF_ASSIGNMENT service=calculos operation=settleAccounts result=SUCCESS side=BUY fractionCount=1 totalMs=0 validationMs=0 calculationAndMappingMs=0 dbQueryCount=0
[30m2026-08-31T11:46:56,939[m [32mINFO  [m[[1;34mhttp-nio-8080-exec-7[m] [36mGlobalFilter[m - ----------- Client User: operaciones-orquestador-ext-back ----------
[30m2026-08-31T11:46:56,939[m [32mINFO  [m[[1;34mhttp-nio-8080-exec-7[m] [36mCalculationServiceImpl[m - Start method settleAccountsV1, side -> BUY
[30m2026-08-31T11:46:56,939[m [32mINFO  [m[[1;34mhttp-nio-8080-exec-7[m] [36mCalculationServiceImpl[m - End method settleAccountsV1
[30m2026-08-31T11:46:56,939[m [32mINFO  [m[[1;34mhttp-nio-8080-exec-7[m] [36mCalculationServiceImpl[m - PERF_ASSIGNMENT service=calculos operation=settleAccounts result=SUCCESS side=BUY fractionCount=1 totalMs=0 validationMs=0 calculationAndMappingMs=0 dbQueryCount=0
[30m2026-08-31T11:46:56,967[m [32mINFO  [m[[1;34mhttp-nio-8080-exec-9[m] [36mGlobalFilter[m - ----------- Client User: operaciones-orquestador-ext-back ----------
[30m2026-08-31T11:46:56,967[m [32mINFO  [m[[1;34mhttp-nio-8080-exec-9[m] [36mCalculationServiceImpl[m - Start method settleAccountsV1, side -> BUY
[30m2026-08-31T11:46:56,967[m [32mINFO  [m[[1;34mhttp-nio-8080-exec-9[m] [36mCalculationServiceImpl[m - End method settleAccountsV1
[30m2026-08-31T11:46:56,967[m [32mINFO  [m[[1;34mhttp-nio-8080-exec-9[m] [36mCalculationServiceImpl[m - PERF_ASSIGNMENT service=calculos operation=settleAccounts result=SUCCESS side=BUY fractionCount=1 totalMs=0 validationMs=0 calculationAndMappingMs=0 dbQueryCount=0
[30m2026-08-31T11:46:56,992[m [32mINFO  [m[[1;34mhttp-nio-8080-exec-2[m] [36mGlobalFilter[m - ----------- Client User: operaciones-orquestador-ext-back ----------
[30m2026-08-31T11:46:56,993[m [32mINFO  [m[[1;34mhttp-nio-8080-exec-2[m] [36mCalculationServiceImpl[m - Start method settleAccountsV1, side -> BUY
[30m2026-08-31T11:46:56,993[m [32mINFO  [m[[1;34mhttp-nio-8080-exec-2[m] [36mCalculationServiceImpl[m - End method settleAccountsV1
[30m2026-08-31T11:46:56,993[m [32mINFO  [m[[1;34mhttp-nio-8080-exec-2[m] [36mCalculationServiceImpl[m - PERF_ASSIGNMENT service=calculos operation=settleAccounts result=SUCCESS side=BUY fractionCount=1 totalMs=0 validationMs=0 calculationAndMappingMs=0 dbQueryCount=0
[30m2026-08-31T11:46:57,020[m [32mINFO  [m[[1;34mhttp-nio-8080-exec-10[m] [36mGlobalFilter[m - ----------- Client User: operaciones-orquestador-ext-back ----------
[30m2026-08-31T11:46:57,020[m [32mINFO  [m[[1;34mhttp-nio-8080-exec-10[m] [36mCalculationServiceImpl[m - Start method settleAccountsV1, side -> BUY
[30m2026-08-31T11:46:57,020[m [32mINFO  [m[[1;34mhttp-nio-8080-exec-10[m] [36mCalculationServiceImpl[m - End method settleAccountsV1
[30m2026-08-31T11:46:57,020[m [32mINFO  [m[[1;34mhttp-nio-8080-exec-10[m] [36mCalculationServiceImpl[m - PERF_ASSIGNMENT service=calculos operation=settleAccounts result=SUCCESS side=BUY fractionCount=1 totalMs=0 validationMs=0 calculationAndMappingMs=0 dbQueryCount=0
[30m2026-08-31T11:46:57,047[m [32mINFO  [m[[1;34mhttp-nio-8080-exec-5[m] [36mGlobalFilter[m - ----------- Client User: operaciones-orquestador-ext-back ----------
[30m2026-08-31T11:46:57,047[m [32mINFO  [m[[1;34mhttp-nio-8080-exec-5[m] [36mCalculationServiceImpl[m - Start method settleAccountsV1, side -> BUY
[30m2026-08-31T11:46:57,047[m [32mINFO  [m[[1;34mhttp-nio-8080-exec-5[m] [36mCalculationServiceImpl[m - End method settleAccountsV1
[30m2026-08-31T11:46:57,047[m [32mINFO  [m[[1;34mhttp-nio-8080-exec-5[m] [36mCalculationServiceImpl[m - PERF_ASSIGNMENT service=calculos operation=settleAccounts result=SUCCESS side=BUY fractionCount=1 totalMs=0 validationMs=0 calculationAndMappingMs=0 dbQueryCount=0
[30m2026-08-31T11:46:57,072[m [32mINFO  [m[[1;34mhttp-nio-8080-exec-1[m] [36mGlobalFilter[m - ----------- Client User: operaciones-orquestador-ext-back ----------
[30m2026-08-31T11:46:57,073[m [32mINFO  [m[[1;34mhttp-nio-8080-exec-1[m] [36mCalculationServiceImpl[m - Start method settleAccountsV1, side -> BUY
[30m2026-08-31T11:46:57,073[m [32mINFO  [m[[1;34mhttp-nio-8080-exec-1[m] [36mCalculationServiceImpl[m - End method settleAccountsV1
[30m2026-08-31T11:46:57,073[m [32mINFO  [m[[1;34mhttp-nio-8080-exec-1[m] [36mCalculationServiceImpl[m - PERF_ASSIGNMENT service=calculos operation=settleAccounts result=SUCCESS side=BUY fractionCount=1 totalMs=0 validationMs=0 calculationAndMappingMs=0 dbQueryCount=0
[30m2026-08-31T11:46:57,252[m [32mINFO  [m[[1;34mhttp-nio-8080-exec-3[m] [36mGlobalFilter[m - ----------- Client User: operaciones-orquestador-ext-back ----------
[30m2026-08-31T11:46:57,253[m [32mINFO  [m[[1;34mhttp-nio-8080-exec-3[m] [36mCalculationServiceImpl[m - Start method settleAccountsV1, side -> BUY
[30m2026-08-31T11:46:57,253[m [32mINFO  [m[[1;34mhttp-nio-8080-exec-3[m] [36mCalculationServiceImpl[m - End method settleAccountsV1
[30m2026-08-31T11:46:57,253[m [32mINFO  [m[[1;34mhttp-nio-8080-exec-3[m] [36mCalculationServiceImpl[m - PERF_ASSIGNMENT service=calculos operation=settleAccounts result=SUCCESS side=BUY fractionCount=1 totalMs=0 validationMs=0 calculationAndMappingMs=0 dbQueryCount=0
[30m2026-08-31T11:46:57,279[m [32mINFO  [m[[1;34mhttp-nio-8080-exec-4[m] [36mGlobalFilter[m - ----------- Client User: operaciones-orquestador-ext-back ----------
[30m2026-08-31T11:46:57,279[m [32mINFO  [m[[1;34mhttp-nio-8080-exec-4[m] [36mCalculationServiceImpl[m - Start method settleAccountsV1, side -> BUY
[30m2026-08-31T11:46:57,279[m [32mINFO  [m[[1;34mhttp-nio-8080-exec-4[m] [36mCalculationServiceImpl[m - End method settleAccountsV1
[30m2026-08-31T11:46:57,279[m [32mINFO  [m[[1;34mhttp-nio-8080-exec-4[m] [36mCalculationServiceImpl[m - PERF_ASSIGNMENT service=calculos operation=settleAccounts result=SUCCESS side=BUY fractionCount=1 totalMs=0 validationMs=0 calculationAndMappingMs=0 dbQueryCount=0
[30m2026-08-31T11:46:57,306[m [32mINFO  [m[[1;34mhttp-nio-8080-exec-6[m] [36mGlobalFilter[m - ----------- Client User: operaciones-orquestador-ext-back ----------
[30m2026-08-31T11:46:57,306[m [32mINFO  [m[[1;34mhttp-nio-8080-exec-6[m] [36mCalculationServiceImpl[m - Start method settleAccountsV1, side -> BUY
[30m2026-08-31T11:46:57,306[m [32mINFO  [m[[1;34mhttp-nio-8080-exec-6[m] [36mCalculationServiceImpl[m - End method settleAccountsV1
[30m2026-08-31T11:46:57,306[m [32mINFO  [m[[1;34mhttp-nio-8080-exec-6[m] [36mCalculationServiceImpl[m - PERF_ASSIGNMENT service=calculos operation=settleAccounts result=SUCCESS side=BUY fractionCount=1 totalMs=0 validationMs=0 calculationAndMappingMs=0 dbQueryCount=0
[30m2026-08-31T11:46:57,333[m [32mINFO  [m[[1;34mhttp-nio-8080-exec-8[m] [36mGlobalFilter[m - ----------- Client User: operaciones-orquestador-ext-back ----------
[30m2026-08-31T11:46:57,333[m [32mINFO  [m[[1;34mhttp-nio-8080-exec-8[m] [36mCalculationServiceImpl[m - Start method settleAccountsV1, side -> BUY
[30m2026-08-31T11:46:57,334[m [32mINFO  [m[[1;34mhttp-nio-8080-exec-8[m] [36mCalculationServiceImpl[m - End method settleAccountsV1
[30m2026-08-31T11:46:57,334[m [32mINFO  [m[[1;34mhttp-nio-8080-exec-8[m] [36mCalculationServiceImpl[m - PERF_ASSIGNMENT service=calculos operation=settleAccounts result=SUCCESS side=BUY fractionCount=1 totalMs=0 validationMs=0 calculationAndMappingMs=0 dbQueryCount=0
[30m2026-08-31T11:46:57,360[m [32mINFO  [m[[1;34mhttp-nio-8080-exec-7[m] [36mGlobalFilter[m - ----------- Client User: operaciones-orquestador-ext-back ----------
[30m2026-08-31T11:46:57,360[m [32mINFO  [m[[1;34mhttp-nio-8080-exec-7[m] [36mCalculationServiceImpl[m - Start method settleAccountsV1, side -> BUY
[30m2026-08-31T11:46:57,360[m [32mINFO  [m[[1;34mhttp-nio-8080-exec-7[m] [36mCalculationServiceImpl[m - End method settleAccountsV1
[30m2026-08-31T11:46:57,360[m [32mINFO  [m[[1;34mhttp-nio-8080-exec-7[m] [36mCalculationServiceImpl[m - PERF_ASSIGNMENT service=calculos operation=settleAccounts result=SUCCESS side=BUY fractionCount=1 totalMs=0 validationMs=0 calculationAndMappingMs=0 dbQueryCount=0
[30m2026-08-31T11:46:57,387[m [32mINFO  [m[[1;34mhttp-nio-8080-exec-9[m] [36mGlobalFilter[m - ----------- Client User: operaciones-orquestador-ext-back ----------
[30m2026-08-31T11:46:57,388[m [32mINFO  [m[[1;34mhttp-nio-8080-exec-9[m] [36mCalculationServiceImpl[m - Start method settleAccountsV1, side -> BUY
[30m2026-08-31T11:46:57,388[m [32mINFO  [m[[1;34mhttp-nio-8080-exec-9[m] [36mCalculationServiceImpl[m - End method settleAccountsV1
[30m2026-08-31T11:46:57,388[m [32mINFO  [m[[1;34mhttp-nio-8080-exec-9[m] [36mCalculationServiceImpl[m - PERF_ASSIGNMENT service=calculos operation=settleAccounts result=SUCCESS side=BUY fractionCount=1 totalMs=0 validationMs=0 calculationAndMappingMs=0 dbQueryCount=0
[30m2026-08-31T11:46:57,415[m [32mINFO  [m[[1;34mhttp-nio-8080-exec-2[m] [36mGlobalFilter[m - ----------- Client User: operaciones-orquestador-ext-back ----------
[30m2026-08-31T11:46:57,415[m [32mINFO  [m[[1;34mhttp-nio-8080-exec-2[m] [36mCalculationServiceImpl[m - Start method settleAccountsV1, side -> BUY
[30m2026-08-31T11:46:57,415[m [32mINFO  [m[[1;34mhttp-nio-8080-exec-2[m] [36mCalculationServiceImpl[m - End method settleAccountsV1
[30m2026-08-31T11:46:57,415[m [32mINFO  [m[[1;34mhttp-nio-8080-exec-2[m] [36mCalculationServiceImpl[m - PERF_ASSIGNMENT service=calculos operation=settleAccounts result=SUCCESS side=BUY fractionCount=1 totalMs=0 validationMs=0 calculationAndMappingMs=0 dbQueryCount=0
[30m2026-08-31T11:46:57,443[m [32mINFO  [m[[1;34mhttp-nio-8080-exec-10[m] [36mGlobalFilter[m - ----------- Client User: operaciones-orquestador-ext-back ----------
[30m2026-08-31T11:46:57,443[m [32mINFO  [m[[1;34mhttp-nio-8080-exec-10[m] [36mCalculationServiceImpl[m - Start method settleAccountsV1, side -> BUY
[30m2026-08-31T11:46:57,444[m [32mINFO  [m[[1;34mhttp-nio-8080-exec-10[m] [36mCalculationServiceImpl[m - End method settleAccountsV1
[30m2026-08-31T11:46:57,444[m [32mINFO  [m[[1;34mhttp-nio-8080-exec-10[m] [36mCalculationServiceImpl[m - PERF_ASSIGNMENT service=calculos operation=settleAccounts result=SUCCESS side=BUY fractionCount=1 totalMs=0 validationMs=0 calculationAndMappingMs=0 dbQueryCount=0
[30m2026-08-31T11:46:57,471[m [32mINFO  [m[[1;34mhttp-nio-8080-exec-5[m] [36mGlobalFilter[m - ----------- Client User: operaciones-orquestador-ext-back ----------
[30m2026-08-31T11:46:57,471[m [32mINFO  [m[[1;34mhttp-nio-8080-exec-5[m] [36mCalculationServiceImpl[m - Start method settleAccountsV1, side -> BUY
[30m2026-08-31T11:46:57,472[m [32mINFO  [m[[1;34mhttp-nio-8080-exec-5[m] [36mCalculationServiceImpl[m - End method settleAccountsV1
[30m2026-08-31T11:46:57,472[m [32mINFO  [m[[1;34mhttp-nio-8080-exec-5[m] [36mCalculationServiceImpl[m - PERF_ASSIGNMENT service=calculos operation=settleAccounts result=SUCCESS side=BUY fractionCount=1 totalMs=0 validationMs=0 calculationAndMappingMs=0 dbQueryCount=0
[30m2026-08-31T11:46:57,499[m [32mINFO  [m[[1;34mhttp-nio-8080-exec-1[m] [36mGlobalFilter[m - ----------- Client User: operaciones-orquestador-ext-back ----------
[30m2026-08-31T11:46:57,499[m [32mINFO  [m[[1;34mhttp-nio-8080-exec-1[m] [36mCalculationServiceImpl[m - Start method settleAccountsV1, side -> BUY
[30m2026-08-31T11:46:57,499[m [32mINFO  [m[[1;34mhttp-nio-8080-exec-1[m] [36mCalculationServiceImpl[m - End method settleAccountsV1
[30m2026-08-31T11:46:57,499[m [32mINFO  [m[[1;34mhttp-nio-8080-exec-1[m] [36mCalculationServiceImpl[m - PERF_ASSIGNMENT service=calculos operation=settleAccounts result=SUCCESS side=BUY fractionCount=1 totalMs=0 validationMs=0 calculationAndMappingMs=0 dbQueryCount=0
[30m2026-08-31T11:46:57,526[m [32mINFO  [m[[1;34mhttp-nio-8080-exec-3[m] [36mGlobalFilter[m - ----------- Client User: operaciones-orquestador-ext-back ----------
[30m2026-08-31T11:46:57,526[m [32mINFO  [m[[1;34mhttp-nio-8080-exec-3[m] [36mCalculationServiceImpl[m - Start method settleAccountsV1, side -> BUY
[30m2026-08-31T11:46:57,527[m [32mINFO  [m[[1;34mhttp-nio-8080-exec-3[m] [36mCalculationServiceImpl[m - End method settleAccountsV1
[30m2026-08-31T11:46:57,527[m [32mINFO  [m[[1;34mhttp-nio-8080-exec-3[m] [36mCalculationServiceImpl[m - PERF_ASSIGNMENT service=calculos operation=settleAccounts result=SUCCESS side=BUY fractionCount=1 totalMs=0 validationMs=0 calculationAndMappingMs=0 dbQueryCount=0
[30m2026-08-31T11:46:57,554[m [32mINFO  [m[[1;34mhttp-nio-8080-exec-4[m] [36mGlobalFilter[m - ----------- Client User: operaciones-orquestador-ext-back ----------
[30m2026-08-31T11:46:57,554[m [32mINFO  [m[[1;34mhttp-nio-8080-exec-4[m] [36mCalculationServiceImpl[m - Start method settleAccountsV1, side -> BUY
[30m2026-08-31T11:46:57,554[m [32mINFO  [m[[1;34mhttp-nio-8080-exec-4[m] [36mCalculationServiceImpl[m - End method settleAccountsV1
[30m2026-08-31T11:46:57,554[m [32mINFO  [m[[1;34mhttp-nio-8080-exec-4[m] [36mCalculationServiceImpl[m - PERF_ASSIGNMENT service=calculos operation=settleAccounts result=SUCCESS side=BUY fractionCount=1 totalMs=0 validationMs=0 calculationAndMappingMs=0 dbQueryCount=0
[30m2026-08-31T11:46:57,581[m [32mINFO  [m[[1;34mhttp-nio-8080-exec-6[m] [36mGlobalFilter[m - ----------- Client User: operaciones-orquestador-ext-back ----------
[30m2026-08-31T11:46:57,582[m [32mINFO  [m[[1;34mhttp-nio-8080-exec-6[m] [36mCalculationServiceImpl[m - Start method settleAccountsV1, side -> BUY
[30m2026-08-31T11:46:57,582[m [32mINFO  [m[[1;34mhttp-nio-8080-exec-6[m] [36mCalculationServiceImpl[m - End method settleAccountsV1
[30m2026-08-31T11:46:57,582[m [32mINFO  [m[[1;34mhttp-nio-8080-exec-6[m] [36mCalculationServiceImpl[m - PERF_ASSIGNMENT service=calculos operation=settleAccounts result=SUCCESS side=BUY fractionCount=1 totalMs=0 validationMs=0 calculationAndMappingMs=0 dbQueryCount=0
[30m2026-08-31T11:46:57,610[m [32mINFO  [m[[1;34mhttp-nio-8080-exec-8[m] [36mGlobalFilter[m - ----------- Client User: operaciones-orquestador-ext-back ----------
[30m2026-08-31T11:46:57,611[m [32mINFO  [m[[1;34mhttp-nio-8080-exec-8[m] [36mCalculationServiceImpl[m - Start method settleAccountsV1, side -> BUY
[30m2026-08-31T11:46:57,611[m [32mINFO  [m[[1;34mhttp-nio-8080-exec-8[m] [36mCalculationServiceImpl[m - End method settleAccountsV1
[30m2026-08-31T11:46:57,611[m [32mINFO  [m[[1;34mhttp-nio-8080-exec-8[m] [36mCalculationServiceImpl[m - PERF_ASSIGNMENT service=calculos operation=settleAccounts result=SUCCESS side=BUY fractionCount=1 totalMs=0 validationMs=0 calculationAndMappingMs=0 dbQueryCount=0
[30m2026-08-31T11:46:57,645[m [32mINFO  [m[[1;34mhttp-nio-8080-exec-7[m] [36mGlobalFilter[m - ----------- Client User: operaciones-orquestador-ext-back ----------
[30m2026-08-31T11:46:57,646[m [32mINFO  [m[[1;34mhttp-nio-8080-exec-7[m] [36mCalculationServiceImpl[m - Start method settleAccountsV1, side -> BUY
[30m2026-08-31T11:46:57,646[m [32mINFO  [m[[1;34mhttp-nio-8080-exec-7[m] [36mCalculationServiceImpl[m - End method settleAccountsV1
[30m2026-08-31T11:46:57,646[m [32mINFO  [m[[1;34mhttp-nio-8080-exec-7[m] [36mCalculationServiceImpl[m - PERF_ASSIGNMENT service=calculos operation=settleAccounts result=SUCCESS side=BUY fractionCount=1 totalMs=0 validationMs=0 calculationAndMappingMs=0 dbQueryCount=0
[30m2026-08-31T11:46:57,674[m [32mINFO  [m[[1;34mhttp-nio-8080-exec-9[m] [36mGlobalFilter[m - ----------- Client User: operaciones-orquestador-ext-back ----------
[30m2026-08-31T11:46:57,675[m [32mINFO  [m[[1;34mhttp-nio-8080-exec-9[m] [36mCalculationServiceImpl[m - Start method settleAccountsV1, side -> BUY
[30m2026-08-31T11:46:57,675[m [32mINFO  [m[[1;34mhttp-nio-8080-exec-9[m] [36mCalculationServiceImpl[m - End method settleAccountsV1
[30m2026-08-31T11:46:57,675[m [32mINFO  [m[[1;34mhttp-nio-8080-exec-9[m] [36mCalculationServiceImpl[m - PERF_ASSIGNMENT service=calculos operation=settleAccounts result=SUCCESS side=BUY fractionCount=1 totalMs=0 validationMs=0 calculationAndMappingMs=0 dbQueryCount=0
[30m2026-08-31T11:46:57,701[m [32mINFO  [m[[1;34mhttp-nio-8080-exec-2[m] [36mGlobalFilter[m - ----------- Client User: operaciones-orquestador-ext-back ----------
[30m2026-08-31T11:46:57,702[m [32mINFO  [m[[1;34mhttp-nio-8080-exec-2[m] [36mCalculationServiceImpl[m - Start method settleAccountsV1, side -> BUY
[30m2026-08-31T11:46:57,702[m [32mINFO  [m[[1;34mhttp-nio-8080-exec-2[m] [36mCalculationServiceImpl[m - End method settleAccountsV1
[30m2026-08-31T11:46:57,702[m [32mINFO  [m[[1;34mhttp-nio-8080-exec-2[m] [36mCalculationServiceImpl[m - PERF_ASSIGNMENT service=calculos operation=settleAccounts result=SUCCESS side=BUY fractionCount=1 totalMs=0 validationMs=0 calculationAndMappingMs=0 dbQueryCount=0
[30m2026-08-31T11:46:57,729[m [32mINFO  [m[[1;34mhttp-nio-8080-exec-10[m] [36mGlobalFilter[m - ----------- Client User: operaciones-orquestador-ext-back ----------
[30m2026-08-31T11:46:57,729[m [32mINFO  [m[[1;34mhttp-nio-8080-exec-10[m] [36mCalculationServiceImpl[m - Start method settleAccountsV1, side -> BUY
[30m2026-08-31T11:46:57,729[m [32mINFO  [m[[1;34mhttp-nio-8080-exec-10[m] [36mCalculationServiceImpl[m - End method settleAccountsV1
[30m2026-08-31T11:46:57,729[m [32mINFO  [m[[1;34mhttp-nio-8080-exec-10[m] [36mCalculationServiceImpl[m - PERF_ASSIGNMENT service=calculos operation=settleAccounts result=SUCCESS side=BUY fractionCount=1 totalMs=0 validationMs=0 calculationAndMappingMs=0 dbQueryCount=0
[30m2026-08-31T11:46:57,757[m [32mINFO  [m[[1;34mhttp-nio-8080-exec-5[m] [36mGlobalFilter[m - ----------- Client User: operaciones-orquestador-ext-back ----------
[30m2026-08-31T11:46:57,757[m [32mINFO  [m[[1;34mhttp-nio-8080-exec-5[m] [36mCalculationServiceImpl[m - Start method settleAccountsV1, side -> BUY
[30m2026-08-31T11:46:57,757[m [32mINFO  [m[[1;34mhttp-nio-8080-exec-5[m] [36mCalculationServiceImpl[m - End method settleAccountsV1
[30m2026-08-31T11:46:57,758[m [32mINFO  [m[[1;34mhttp-nio-8080-exec-5[m] [36mCalculationServiceImpl[m - PERF_ASSIGNMENT service=calculos operation=settleAccounts result=SUCCESS side=BUY fractionCount=1 totalMs=0 validationMs=0 calculationAndMappingMs=0 dbQueryCount=0
[30m2026-08-31T11:46:57,784[m [32mINFO  [m[[1;34mhttp-nio-8080-exec-1[m] [36mGlobalFilter[m - ----------- Client User: operaciones-orquestador-ext-back ----------
[30m2026-08-31T11:46:57,784[m [32mINFO  [m[[1;34mhttp-nio-8080-exec-1[m] [36mCalculationServiceImpl[m - Start method settleAccountsV1, side -> BUY
[30m2026-08-31T11:46:57,784[m [32mINFO  [m[[1;34mhttp-nio-8080-exec-1[m] [36mCalculationServiceImpl[m - End method settleAccountsV1
[30m2026-08-31T11:46:57,784[m [32mINFO  [m[[1;34mhttp-nio-8080-exec-1[m] [36mCalculationServiceImpl[m - PERF_ASSIGNMENT service=calculos operation=settleAccounts result=SUCCESS side=BUY fractionCount=1 totalMs=0 validationMs=0 calculationAndMappingMs=0 dbQueryCount=0
[30m2026-08-31T11:46:57,810[m [32mINFO  [m[[1;34mhttp-nio-8080-exec-3[m] [36mGlobalFilter[m - ----------- Client User: operaciones-orquestador-ext-back ----------
[30m2026-08-31T11:46:57,811[m [32mINFO  [m[[1;34mhttp-nio-8080-exec-3[m] [36mCalculationServiceImpl[m - Start method settleAccountsV1, side -> BUY
[30m2026-08-31T11:46:57,811[m [32mINFO  [m[[1;34mhttp-nio-8080-exec-3[m] [36mCalculationServiceImpl[m - End method settleAccountsV1
[30m2026-08-31T11:46:57,811[m [32mINFO  [m[[1;34mhttp-nio-8080-exec-3[m] [36mCalculationServiceImpl[m - PERF_ASSIGNMENT service=calculos operation=settleAccounts result=SUCCESS side=BUY fractionCount=1 totalMs=0 validationMs=0 calculationAndMappingMs=0 dbQueryCount=0
[30m2026-08-31T11:46:57,837[m [32mINFO  [m[[1;34mhttp-nio-8080-exec-4[m] [36mGlobalFilter[m - ----------- Client User: operaciones-orquestador-ext-back ----------
[30m2026-08-31T11:46:57,837[m [32mINFO  [m[[1;34mhttp-nio-8080-exec-4[m] [36mCalculationServiceImpl[m - Start method settleAccountsV1, side -> BUY
[30m2026-08-31T11:46:57,837[m [32mINFO  [m[[1;34mhttp-nio-8080-exec-4[m] [36mCalculationServiceImpl[m - End method settleAccountsV1
[30m2026-08-31T11:46:57,837[m [32mINFO  [m[[1;34mhttp-nio-8080-exec-4[m] [36mCalculationServiceImpl[m - PERF_ASSIGNMENT service=calculos operation=settleAccounts result=SUCCESS side=BUY fractionCount=1 totalMs=0 validationMs=0 calculationAndMappingMs=0 dbQueryCount=0
[30m2026-08-31T11:46:57,863[m [32mINFO  [m[[1;34mhttp-nio-8080-exec-6[m] [36mGlobalFilter[m - ----------- Client User: operaciones-orquestador-ext-back ----------
[30m2026-08-31T11:46:57,863[m [32mINFO  [m[[1;34mhttp-nio-8080-exec-6[m] [36mCalculationServiceImpl[m - Start method settleAccountsV1, side -> BUY
[30m2026-08-31T11:46:57,863[m [32mINFO  [m[[1;34mhttp-nio-8080-exec-6[m] [36mCalculationServiceImpl[m - End method settleAccountsV1
[30m2026-08-31T11:46:57,863[m [32mINFO  [m[[1;34mhttp-nio-8080-exec-6[m] [36mCalculationServiceImpl[m - PERF_ASSIGNMENT service=calculos operation=settleAccounts result=SUCCESS side=BUY fractionCount=1 totalMs=0 validationMs=0 calculationAndMappingMs=0 dbQueryCount=0
[30m2026-08-31T11:46:57,889[m [32mINFO  [m[[1;34mhttp-nio-8080-exec-8[m] [36mGlobalFilter[m - ----------- Client User: operaciones-orquestador-ext-back ----------
[30m2026-08-31T11:46:57,889[m [32mINFO  [m[[1;34mhttp-nio-8080-exec-8[m] [36mCalculationServiceImpl[m - Start method settleAccountsV1, side -> BUY
[30m2026-08-31T11:46:57,890[m [32mINFO  [m[[1;34mhttp-nio-8080-exec-8[m] [36mCalculationServiceImpl[m - End method settleAccountsV1
[30m2026-08-31T11:46:57,890[m [32mINFO  [m[[1;34mhttp-nio-8080-exec-8[m] [36mCalculationServiceImpl[m - PERF_ASSIGNMENT service=calculos operation=settleAccounts result=SUCCESS side=BUY fractionCount=1 totalMs=0 validationMs=0 calculationAndMappingMs=0 dbQueryCount=0
[30m2026-08-31T11:46:57,915[m [32mINFO  [m[[1;34mhttp-nio-8080-exec-7[m] [36mGlobalFilter[m - ----------- Client User: operaciones-orquestador-ext-back ----------
[30m2026-08-31T11:46:57,916[m [32mINFO  [m[[1;34mhttp-nio-8080-exec-7[m] [36mCalculationServiceImpl[m - Start method settleAccountsV1, side -> BUY
[30m2026-08-31T11:46:57,916[m [32mINFO  [m[[1;34mhttp-nio-8080-exec-7[m] [36mCalculationServiceImpl[m - End method settleAccountsV1
[30m2026-08-31T11:46:57,916[m [32mINFO  [m[[1;34mhttp-nio-8080-exec-7[m] [36mCalculationServiceImpl[m - PERF_ASSIGNMENT service=calculos operation=settleAccounts result=SUCCESS side=BUY fractionCount=1 totalMs=0 validationMs=0 calculationAndMappingMs=0 dbQueryCount=0
[30m2026-08-31T11:46:57,941[m [32mINFO  [m[[1;34mhttp-nio-8080-exec-9[m] [36mGlobalFilter[m - ----------- Client User: operaciones-orquestador-ext-back ----------
[30m2026-08-31T11:46:57,941[m [32mINFO  [m[[1;34mhttp-nio-8080-exec-9[m] [36mCalculationServiceImpl[m - Start method settleAccountsV1, side -> BUY
[30m2026-08-31T11:46:57,942[m [32mINFO  [m[[1;34mhttp-nio-8080-exec-9[m] [36mCalculationServiceImpl[m - End method settleAccountsV1
[30m2026-08-31T11:46:57,942[m [32mINFO  [m[[1;34mhttp-nio-8080-exec-9[m] [36mCalculationServiceImpl[m - PERF_ASSIGNMENT service=calculos operation=settleAccounts result=SUCCESS side=BUY fractionCount=1 totalMs=0 validationMs=0 calculationAndMappingMs=0 dbQueryCount=0
[30m2026-08-31T11:46:57,968[m [32mINFO  [m[[1;34mhttp-nio-8080-exec-2[m] [36mGlobalFilter[m - ----------- Client User: operaciones-orquestador-ext-back ----------
[30m2026-08-31T11:46:57,968[m [32mINFO  [m[[1;34mhttp-nio-8080-exec-2[m] [36mCalculationServiceImpl[m - Start method settleAccountsV1, side -> BUY
[30m2026-08-31T11:46:57,968[m [32mINFO  [m[[1;34mhttp-nio-8080-exec-2[m] [36mCalculationServiceImpl[m - End method settleAccountsV1
[30m2026-08-31T11:46:57,968[m [32mINFO  [m[[1;34mhttp-nio-8080-exec-2[m] [36mCalculationServiceImpl[m - PERF_ASSIGNMENT service=calculos operation=settleAccounts result=SUCCESS side=BUY fractionCount=1 totalMs=0 validationMs=0 calculationAndMappingMs=0 dbQueryCount=0
[30m2026-08-31T11:46:57,996[m [32mINFO  [m[[1;34mhttp-nio-8080-exec-10[m] [36mGlobalFilter[m - ----------- Client User: operaciones-orquestador-ext-back ----------
[30m2026-08-31T11:46:57,997[m [32mINFO  [m[[1;34mhttp-nio-8080-exec-10[m] [36mCalculationServiceImpl[m - Start method settleAccountsV1, side -> BUY
[30m2026-08-31T11:46:57,997[m [32mINFO  [m[[1;34mhttp-nio-8080-exec-10[m] [36mCalculationServiceImpl[m - End method settleAccountsV1
[30m2026-08-31T11:46:57,997[m [32mINFO  [m[[1;34mhttp-nio-8080-exec-10[m] [36mCalculationServiceImpl[m - PERF_ASSIGNMENT service=calculos operation=settleAccounts result=SUCCESS side=BUY fractionCount=1 totalMs=0 validationMs=0 calculationAndMappingMs=0 dbQueryCount=0
[30m2026-08-31T11:46:58,024[m [32mINFO  [m[[1;34mhttp-nio-8080-exec-5[m] [36mGlobalFilter[m - ----------- Client User: operaciones-orquestador-ext-back ----------
[30m2026-08-31T11:46:58,024[m [32mINFO  [m[[1;34mhttp-nio-8080-exec-5[m] [36mCalculationServiceImpl[m - Start method settleAccountsV1, side -> BUY
[30m2026-08-31T11:46:58,024[m [32mINFO  [m[[1;34mhttp-nio-8080-exec-5[m] [36mCalculationServiceImpl[m - End method settleAccountsV1
[30m2026-08-31T11:46:58,024[m [32mINFO  [m[[1;34mhttp-nio-8080-exec-5[m] [36mCalculationServiceImpl[m - PERF_ASSIGNMENT service=calculos operation=settleAccounts result=SUCCESS side=BUY fractionCount=1 totalMs=0 validationMs=0 calculationAndMappingMs=0 dbQueryCount=0
[30m2026-08-31T11:46:58,053[m [32mINFO  [m[[1;34mhttp-nio-8080-exec-1[m] [36mGlobalFilter[m - ----------- Client User: operaciones-orquestador-ext-back ----------
[30m2026-08-31T11:46:58,054[m [32mINFO  [m[[1;34mhttp-nio-8080-exec-1[m] [36mCalculationServiceImpl[m - Start method settleAccountsV1, side -> BUY
[30m2026-08-31T11:46:58,054[m [32mINFO  [m[[1;34mhttp-nio-8080-exec-1[m] [36mCalculationServiceImpl[m - End method settleAccountsV1
[30m2026-08-31T11:46:58,054[m [32mINFO  [m[[1;34mhttp-nio-8080-exec-1[m] [36mCalculationServiceImpl[m - PERF_ASSIGNMENT service=calculos operation=settleAccounts result=SUCCESS side=BUY fractionCount=1 totalMs=0 validationMs=0 calculationAndMappingMs=0 dbQueryCount=0
[30m2026-08-31T11:46:58,082[m [32mINFO  [m[[1;34mhttp-nio-8080-exec-3[m] [36mGlobalFilter[m - ----------- Client User: operaciones-orquestador-ext-back ----------
[30m2026-08-31T11:46:58,082[m [32mINFO  [m[[1;34mhttp-nio-8080-exec-3[m] [36mCalculationServiceImpl[m - Start method settleAccountsV1, side -> BUY
[30m2026-08-31T11:46:58,082[m [32mINFO  [m[[1;34mhttp-nio-8080-exec-3[m] [36mCalculationServiceImpl[m - End method settleAccountsV1
[30m2026-08-31T11:46:58,083[m [32mINFO  [m[[1;34mhttp-nio-8080-exec-3[m] [36mCalculationServiceImpl[m - PERF_ASSIGNMENT service=calculos operation=settleAccounts result=SUCCESS side=BUY fractionCount=1 totalMs=0 validationMs=0 calculationAndMappingMs=0 dbQueryCount=0
[30m2026-08-31T11:46:58,108[m [32mINFO  [m[[1;34mhttp-nio-8080-exec-4[m] [36mGlobalFilter[m - ----------- Client User: operaciones-orquestador-ext-back ----------
[30m2026-08-31T11:46:58,109[m [32mINFO  [m[[1;34mhttp-nio-8080-exec-4[m] [36mCalculationServiceImpl[m - Start method settleAccountsV1, side -> BUY
[30m2026-08-31T11:46:58,109[m [32mINFO  [m[[1;34mhttp-nio-8080-exec-4[m] [36mCalculationServiceImpl[m - End method settleAccountsV1
[30m2026-08-31T11:46:58,109[m [32mINFO  [m[[1;34mhttp-nio-8080-exec-4[m] [36mCalculationServiceImpl[m - PERF_ASSIGNMENT service=calculos operation=settleAccounts result=SUCCESS side=BUY fractionCount=1 totalMs=0 validationMs=0 calculationAndMappingMs=0 dbQueryCount=0
[30m2026-08-31T11:46:58,136[m [32mINFO  [m[[1;34mhttp-nio-8080-exec-6[m] [36mGlobalFilter[m - ----------- Client User: operaciones-orquestador-ext-back ----------
[30m2026-08-31T11:46:58,136[m [32mINFO  [m[[1;34mhttp-nio-8080-exec-6[m] [36mCalculationServiceImpl[m - Start method settleAccountsV1, side -> BUY
[30m2026-08-31T11:46:58,136[m [32mINFO  [m[[1;34mhttp-nio-8080-exec-6[m] [36mCalculationServiceImpl[m - End method settleAccountsV1
[30m2026-08-31T11:46:58,136[m [32mINFO  [m[[1;34mhttp-nio-8080-exec-6[m] [36mCalculationServiceImpl[m - PERF_ASSIGNMENT service=calculos operation=settleAccounts result=SUCCESS side=BUY fractionCount=1 totalMs=0 validationMs=0 calculationAndMappingMs=0 dbQueryCount=0
[30m2026-08-31T11:46:58,164[m [32mINFO  [m[[1;34mhttp-nio-8080-exec-8[m] [36mGlobalFilter[m - ----------- Client User: operaciones-orquestador-ext-back ----------
[30m2026-08-31T11:46:58,165[m [32mINFO  [m[[1;34mhttp-nio-8080-exec-8[m] [36mCalculationServiceImpl[m - Start method settleAccountsV1, side -> BUY
[30m2026-08-31T11:46:58,165[m [32mINFO  [m[[1;34mhttp-nio-8080-exec-8[m] [36mCalculationServiceImpl[m - End method settleAccountsV1
[30m2026-08-31T11:46:58,165[m [32mINFO  [m[[1;34mhttp-nio-8080-exec-8[m] [36mCalculationServiceImpl[m - PERF_ASSIGNMENT service=calculos operation=settleAccounts result=SUCCESS side=BUY fractionCount=1 totalMs=0 validationMs=0 calculationAndMappingMs=0 dbQueryCount=0
[30m2026-08-31T11:46:58,191[m [32mINFO  [m[[1;34mhttp-nio-8080-exec-7[m] [36mGlobalFilter[m - ----------- Client User: operaciones-orquestador-ext-back ----------
[30m2026-08-31T11:46:58,192[m [32mINFO  [m[[1;34mhttp-nio-8080-exec-7[m] [36mCalculationServiceImpl[m - Start method settleAccountsV1, side -> BUY
[30m2026-08-31T11:46:58,192[m [32mINFO  [m[[1;34mhttp-nio-8080-exec-7[m] [36mCalculationServiceImpl[m - End method settleAccountsV1
[30m2026-08-31T11:46:58,192[m [32mINFO  [m[[1;34mhttp-nio-8080-exec-7[m] [36mCalculationServiceImpl[m - PERF_ASSIGNMENT service=calculos operation=settleAccounts result=SUCCESS side=BUY fractionCount=1 totalMs=0 validationMs=0 calculationAndMappingMs=0 dbQueryCount=0
[30m2026-08-31T11:46:58,219[m [32mINFO  [m[[1;34mhttp-nio-8080-exec-9[m] [36mGlobalFilter[m - ----------- Client User: operaciones-orquestador-ext-back ----------
[30m2026-08-31T11:46:58,219[m [32mINFO  [m[[1;34mhttp-nio-8080-exec-9[m] [36mCalculationServiceImpl[m - Start method settleAccountsV1, side -> BUY
[30m2026-08-31T11:46:58,219[m [32mINFO  [m[[1;34mhttp-nio-8080-exec-9[m] [36mCalculationServiceImpl[m - End method settleAccountsV1
[30m2026-08-31T11:46:58,219[m [32mINFO  [m[[1;34mhttp-nio-8080-exec-9[m] [36mCalculationServiceImpl[m - PERF_ASSIGNMENT service=calculos operation=settleAccounts result=SUCCESS side=BUY fractionCount=1 totalMs=0 validationMs=0 calculationAndMappingMs=0 dbQueryCount=0
[30m2026-08-31T11:46:58,246[m [32mINFO  [m[[1;34mhttp-nio-8080-exec-2[m] [36mGlobalFilter[m - ----------- Client User: operaciones-orquestador-ext-back ----------
[30m2026-08-31T11:46:58,246[m [32mINFO  [m[[1;34mhttp-nio-8080-exec-2[m] [36mCalculationServiceImpl[m - Start method settleAccountsV1, side -> BUY
[30m2026-08-31T11:46:58,247[m [32mINFO  [m[[1;34mhttp-nio-8080-exec-2[m] [36mCalculationServiceImpl[m - End method settleAccountsV1
[30m2026-08-31T11:46:58,247[m [32mINFO  [m[[1;34mhttp-nio-8080-exec-2[m] [36mCalculationServiceImpl[m - PERF_ASSIGNMENT service=calculos operation=settleAccounts result=SUCCESS side=BUY fractionCount=1 totalMs=0 validationMs=0 calculationAndMappingMs=0 dbQueryCount=0
[30m2026-08-31T11:46:58,274[m [32mINFO  [m[[1;34mhttp-nio-8080-exec-10[m] [36mGlobalFilter[m - ----------- Client User: operaciones-orquestador-ext-back ----------
[30m2026-08-31T11:46:58,274[m [32mINFO  [m[[1;34mhttp-nio-8080-exec-10[m] [36mCalculationServiceImpl[m - Start method settleAccountsV1, side -> BUY
[30m2026-08-31T11:46:58,275[m [32mINFO  [m[[1;34mhttp-nio-8080-exec-10[m] [36mCalculationServiceImpl[m - End method settleAccountsV1
[30m2026-08-31T11:46:58,275[m [32mINFO  [m[[1;34mhttp-nio-8080-exec-10[m] [36mCalculationServiceImpl[m - PERF_ASSIGNMENT service=calculos operation=settleAccounts result=SUCCESS side=BUY fractionCount=1 totalMs=0 validationMs=0 calculationAndMappingMs=0 dbQueryCount=0
[30m2026-08-31T11:46:58,302[m [32mINFO  [m[[1;34mhttp-nio-8080-exec-5[m] [36mGlobalFilter[m - ----------- Client User: operaciones-orquestador-ext-back ----------
[30m2026-08-31T11:46:58,303[m [32mINFO  [m[[1;34mhttp-nio-8080-exec-5[m] [36mCalculationServiceImpl[m - Start method settleAccountsV1, side -> BUY
[30m2026-08-31T11:46:58,303[m [32mINFO  [m[[1;34mhttp-nio-8080-exec-5[m] [36mCalculationServiceImpl[m - End method settleAccountsV1
[30m2026-08-31T11:46:58,303[m [32mINFO  [m[[1;34mhttp-nio-8080-exec-5[m] [36mCalculationServiceImpl[m - PERF_ASSIGNMENT service=calculos operation=settleAccounts result=SUCCESS side=BUY fractionCount=1 totalMs=0 validationMs=0 calculationAndMappingMs=0 dbQueryCount=0
[30m2026-08-31T11:46:58,331[m [32mINFO  [m[[1;34mhttp-nio-8080-exec-1[m] [36mGlobalFilter[m - ----------- Client User: operaciones-orquestador-ext-back ----------
[30m2026-08-31T11:46:58,332[m [32mINFO  [m[[1;34mhttp-nio-8080-exec-1[m] [36mCalculationServiceImpl[m - Start method settleAccountsV1, side -> BUY
[30m2026-08-31T11:46:58,332[m [32mINFO  [m[[1;34mhttp-nio-8080-exec-1[m] [36mCalculationServiceImpl[m - End method settleAccountsV1
[30m2026-08-31T11:46:58,332[m [32mINFO  [m[[1;34mhttp-nio-8080-exec-1[m] [36mCalculationServiceImpl[m - PERF_ASSIGNMENT service=calculos operation=settleAccounts result=SUCCESS side=BUY fractionCount=1 totalMs=0 validationMs=0 calculationAndMappingMs=0 dbQueryCount=0
[30m2026-08-31T11:46:58,360[m [32mINFO  [m[[1;34mhttp-nio-8080-exec-3[m] [36mGlobalFilter[m - ----------- Client User: operaciones-orquestador-ext-back ----------
[30m2026-08-31T11:46:58,361[m [32mINFO  [m[[1;34mhttp-nio-8080-exec-3[m] [36mCalculationServiceImpl[m - Start method settleAccountsV1, side -> BUY
[30m2026-08-31T11:46:58,361[m [32mINFO  [m[[1;34mhttp-nio-8080-exec-3[m] [36mCalculationServiceImpl[m - End method settleAccountsV1
[30m2026-08-31T11:46:58,361[m [32mINFO  [m[[1;34mhttp-nio-8080-exec-3[m] [36mCalculationServiceImpl[m - PERF_ASSIGNMENT service=calculos operation=settleAccounts result=SUCCESS side=BUY fractionCount=1 totalMs=0 validationMs=0 calculationAndMappingMs=0 dbQueryCount=0
[30m2026-08-31T11:46:58,389[m [32mINFO  [m[[1;34mhttp-nio-8080-exec-4[m] [36mGlobalFilter[m - ----------- Client User: operaciones-orquestador-ext-back ----------
[30m2026-08-31T11:46:58,389[m [32mINFO  [m[[1;34mhttp-nio-8080-exec-4[m] [36mCalculationServiceImpl[m - Start method settleAccountsV1, side -> BUY
[30m2026-08-31T11:46:58,389[m [32mINFO  [m[[1;34mhttp-nio-8080-exec-4[m] [36mCalculationServiceImpl[m - End method settleAccountsV1
[30m2026-08-31T11:46:58,389[m [32mINFO  [m[[1;34mhttp-nio-8080-exec-4[m] [36mCalculationServiceImpl[m - PERF_ASSIGNMENT service=calculos operation=settleAccounts result=SUCCESS side=BUY fractionCount=1 totalMs=0 validationMs=0 calculationAndMappingMs=0 dbQueryCount=0
[30m2026-08-31T11:46:58,416[m [32mINFO  [m[[1;34mhttp-nio-8080-exec-6[m] [36mGlobalFilter[m - ----------- Client User: operaciones-orquestador-ext-back ----------
[30m2026-08-31T11:46:58,417[m [32mINFO  [m[[1;34mhttp-nio-8080-exec-6[m] [36mCalculationServiceImpl[m - Start method settleAccountsV1, side -> BUY
[30m2026-08-31T11:46:58,417[m [32mINFO  [m[[1;34mhttp-nio-8080-exec-6[m] [36mCalculationServiceImpl[m - End method settleAccountsV1
[30m2026-08-31T11:46:58,417[m [32mINFO  [m[[1;34mhttp-nio-8080-exec-6[m] [36mCalculationServiceImpl[m - PERF_ASSIGNMENT service=calculos operation=settleAccounts result=SUCCESS side=BUY fractionCount=1 totalMs=0 validationMs=0 calculationAndMappingMs=0 dbQueryCount=0
[30m2026-08-31T11:46:58,443[m [32mINFO  [m[[1;34mhttp-nio-8080-exec-8[m] [36mGlobalFilter[m - ----------- Client User: operaciones-orquestador-ext-back ----------
[30m2026-08-31T11:46:58,444[m [32mINFO  [m[[1;34mhttp-nio-8080-exec-8[m] [36mCalculationServiceImpl[m - Start method settleAccountsV1, side -> BUY
[30m2026-08-31T11:46:58,444[m [32mINFO  [m[[1;34mhttp-nio-8080-exec-8[m] [36mCalculationServiceImpl[m - End method settleAccountsV1
[30m2026-08-31T11:46:58,444[m [32mINFO  [m[[1;34mhttp-nio-8080-exec-8[m] [36mCalculationServiceImpl[m - PERF_ASSIGNMENT service=calculos operation=settleAccounts result=SUCCESS side=BUY fractionCount=1 totalMs=0 validationMs=0 calculationAndMappingMs=0 dbQueryCount=0
[30m2026-08-31T11:46:58,472[m [32mINFO  [m[[1;34mhttp-nio-8080-exec-7[m] [36mGlobalFilter[m - ----------- Client User: operaciones-orquestador-ext-back ----------
[30m2026-08-31T11:46:58,472[m [32mINFO  [m[[1;34mhttp-nio-8080-exec-7[m] [36mCalculationServiceImpl[m - Start method settleAccountsV1, side -> BUY
[30m2026-08-31T11:46:58,472[m [32mINFO  [m[[1;34mhttp-nio-8080-exec-7[m] [36mCalculationServiceImpl[m - End method settleAccountsV1
[30m2026-08-31T11:46:58,472[m [32mINFO  [m[[1;34mhttp-nio-8080-exec-7[m] [36mCalculationServiceImpl[m - PERF_ASSIGNMENT service=calculos operation=settleAccounts result=SUCCESS side=BUY fractionCount=1 totalMs=0 validationMs=0 calculationAndMappingMs=0 dbQueryCount=0
[30m2026-08-31T11:46:58,501[m [32mINFO  [m[[1;34mhttp-nio-8080-exec-9[m] [36mGlobalFilter[m - ----------- Client User: operaciones-orquestador-ext-back ----------
[30m2026-08-31T11:46:58,501[m [32mINFO  [m[[1;34mhttp-nio-8080-exec-9[m] [36mCalculationServiceImpl[m - Start method settleAccountsV1, side -> BUY
[30m2026-08-31T11:46:58,501[m [32mINFO  [m[[1;34mhttp-nio-8080-exec-9[m] [36mCalculationServiceImpl[m - End method settleAccountsV1
[30m2026-08-31T11:46:58,501[m [32mINFO  [m[[1;34mhttp-nio-8080-exec-9[m] [36mCalculationServiceImpl[m - PERF_ASSIGNMENT service=calculos operation=settleAccounts result=SUCCESS side=BUY fractionCount=1 totalMs=0 validationMs=0 calculationAndMappingMs=0 dbQueryCount=0
[30m2026-08-31T11:46:58,529[m [32mINFO  [m[[1;34mhttp-nio-8080-exec-2[m] [36mGlobalFilter[m - ----------- Client User: operaciones-orquestador-ext-back ----------
[30m2026-08-31T11:46:58,529[m [32mINFO  [m[[1;34mhttp-nio-8080-exec-2[m] [36mCalculationServiceImpl[m - Start method settleAccountsV1, side -> BUY
[30m2026-08-31T11:46:58,529[m [32mINFO  [m[[1;34mhttp-nio-8080-exec-2[m] [36mCalculationServiceImpl[m - End method settleAccountsV1
[30m2026-08-31T11:46:58,529[m [32mINFO  [m[[1;34mhttp-nio-8080-exec-2[m] [36mCalculationServiceImpl[m - PERF_ASSIGNMENT service=calculos operation=settleAccounts result=SUCCESS side=BUY fractionCount=1 totalMs=0 validationMs=0 calculationAndMappingMs=0 dbQueryCount=0
[30m2026-08-31T11:46:58,557[m [32mINFO  [m[[1;34mhttp-nio-8080-exec-10[m] [36mGlobalFilter[m - ----------- Client User: operaciones-orquestador-ext-back ----------
[30m2026-08-31T11:46:58,557[m [32mINFO  [m[[1;34mhttp-nio-8080-exec-10[m] [36mCalculationServiceImpl[m - Start method settleAccountsV1, side -> BUY
[30m2026-08-31T11:46:58,558[m [32mINFO  [m[[1;34mhttp-nio-8080-exec-10[m] [36mCalculationServiceImpl[m - End method settleAccountsV1
[30m2026-08-31T11:46:58,558[m [32mINFO  [m[[1;34mhttp-nio-8080-exec-10[m] [36mCalculationServiceImpl[m - PERF_ASSIGNMENT service=calculos operation=settleAccounts result=SUCCESS side=BUY fractionCount=1 totalMs=0 validationMs=0 calculationAndMappingMs=0 dbQueryCount=0
[30m2026-08-31T11:46:58,584[m [32mINFO  [m[[1;34mhttp-nio-8080-exec-5[m] [36mGlobalFilter[m - ----------- Client User: operaciones-orquestador-ext-back ----------
[30m2026-08-31T11:46:58,585[m [32mINFO  [m[[1;34mhttp-nio-8080-exec-5[m] [36mCalculationServiceImpl[m - Start method settleAccountsV1, side -> BUY
[30m2026-08-31T11:46:58,585[m [32mINFO  [m[[1;34mhttp-nio-8080-exec-5[m] [36mCalculationServiceImpl[m - End method settleAccountsV1
[30m2026-08-31T11:46:58,585[m [32mINFO  [m[[1;34mhttp-nio-8080-exec-5[m] [36mCalculationServiceImpl[m - PERF_ASSIGNMENT service=calculos operation=settleAccounts result=SUCCESS side=BUY fractionCount=1 totalMs=0 validationMs=0 calculationAndMappingMs=0 dbQueryCount=0
[30m2026-08-31T11:46:58,612[m [32mINFO  [m[[1;34mhttp-nio-8080-exec-1[m] [36mGlobalFilter[m - ----------- Client User: operaciones-orquestador-ext-back ----------
[30m2026-08-31T11:46:58,612[m [32mINFO  [m[[1;34mhttp-nio-8080-exec-1[m] [36mCalculationServiceImpl[m - Start method settleAccountsV1, side -> BUY
[30m2026-08-31T11:46:58,612[m [32mINFO  [m[[1;34mhttp-nio-8080-exec-1[m] [36mCalculationServiceImpl[m - End method settleAccountsV1
[30m2026-08-31T11:46:58,613[m [32mINFO  [m[[1;34mhttp-nio-8080-exec-1[m] [36mCalculationServiceImpl[m - PERF_ASSIGNMENT service=calculos operation=settleAccounts result=SUCCESS side=BUY fractionCount=1 totalMs=0 validationMs=0 calculationAndMappingMs=0 dbQueryCount=0
[30m2026-08-31T11:46:58,783[m [32mINFO  [m[[1;34mhttp-nio-8080-exec-3[m] [36mGlobalFilter[m - ----------- Client User: operaciones-orquestador-ext-back ----------
[30m2026-08-31T11:46:58,783[m [32mINFO  [m[[1;34mhttp-nio-8080-exec-3[m] [36mCalculationServiceImpl[m - Start method settleAccountsV1, side -> BUY
[30m2026-08-31T11:46:58,783[m [32mINFO  [m[[1;34mhttp-nio-8080-exec-3[m] [36mCalculationServiceImpl[m - End method settleAccountsV1
[30m2026-08-31T11:46:58,783[m [32mINFO  [m[[1;34mhttp-nio-8080-exec-3[m] [36mCalculationServiceImpl[m - PERF_ASSIGNMENT service=calculos operation=settleAccounts result=SUCCESS side=BUY fractionCount=1 totalMs=0 validationMs=0 calculationAndMappingMs=0 dbQueryCount=0
[30m2026-08-31T11:46:58,814[m [32mINFO  [m[[1;34mhttp-nio-8080-exec-4[m] [36mGlobalFilter[m - ----------- Client User: operaciones-orquestador-ext-back ----------
[30m2026-08-31T11:46:58,815[m [32mINFO  [m[[1;34mhttp-nio-8080-exec-4[m] [36mCalculationServiceImpl[m - Start method settleAccountsV1, side -> BUY
[30m2026-08-31T11:46:58,815[m [32mINFO  [m[[1;34mhttp-nio-8080-exec-4[m] [36mCalculationServiceImpl[m - End method settleAccountsV1
[30m2026-08-31T11:46:58,815[m [32mINFO  [m[[1;34mhttp-nio-8080-exec-4[m] [36mCalculationServiceImpl[m - PERF_ASSIGNMENT service=calculos operation=settleAccounts result=SUCCESS side=BUY fractionCount=1 totalMs=0 validationMs=0 calculationAndMappingMs=0 dbQueryCount=0
[30m2026-08-31T11:46:58,843[m [32mINFO  [m[[1;34mhttp-nio-8080-exec-6[m] [36mGlobalFilter[m - ----------- Client User: operaciones-orquestador-ext-back ----------
[30m2026-08-31T11:46:58,843[m [32mINFO  [m[[1;34mhttp-nio-8080-exec-6[m] [36mCalculationServiceImpl[m - Start method settleAccountsV1, side -> BUY
[30m2026-08-31T11:46:58,843[m [32mINFO  [m[[1;34mhttp-nio-8080-exec-6[m] [36mCalculationServiceImpl[m - End method settleAccountsV1
[30m2026-08-31T11:46:58,843[m [32mINFO  [m[[1;34mhttp-nio-8080-exec-6[m] [36mCalculationServiceImpl[m - PERF_ASSIGNMENT service=calculos operation=settleAccounts result=SUCCESS side=BUY fractionCount=1 totalMs=0 validationMs=0 calculationAndMappingMs=0 dbQueryCount=0
[30m2026-08-31T11:46:58,871[m [32mINFO  [m[[1;34mhttp-nio-8080-exec-8[m] [36mGlobalFilter[m - ----------- Client User: operaciones-orquestador-ext-back ----------
[30m2026-08-31T11:46:58,871[m [32mINFO  [m[[1;34mhttp-nio-8080-exec-8[m] [36mCalculationServiceImpl[m - Start method settleAccountsV1, side -> BUY
[30m2026-08-31T11:46:58,872[m [32mINFO  [m[[1;34mhttp-nio-8080-exec-8[m] [36mCalculationServiceImpl[m - End method settleAccountsV1
[30m2026-08-31T11:46:58,872[m [32mINFO  [m[[1;34mhttp-nio-8080-exec-8[m] [36mCalculationServiceImpl[m - PERF_ASSIGNMENT service=calculos operation=settleAccounts result=SUCCESS side=BUY fractionCount=1 totalMs=0 validationMs=0 calculationAndMappingMs=0 dbQueryCount=0
[30m2026-08-31T11:46:58,899[m [32mINFO  [m[[1;34mhttp-nio-8080-exec-7[m] [36mGlobalFilter[m - ----------- Client User: operaciones-orquestador-ext-back ----------
[30m2026-08-31T11:46:58,899[m [32mINFO  [m[[1;34mhttp-nio-8080-exec-7[m] [36mCalculationServiceImpl[m - Start method settleAccountsV1, side -> BUY
[30m2026-08-31T11:46:58,899[m [32mINFO  [m[[1;34mhttp-nio-8080-exec-7[m] [36mCalculationServiceImpl[m - End method settleAccountsV1
[30m2026-08-31T11:46:58,900[m [32mINFO  [m[[1;34mhttp-nio-8080-exec-7[m] [36mCalculationServiceImpl[m - PERF_ASSIGNMENT service=calculos operation=settleAccounts result=SUCCESS side=BUY fractionCount=1 totalMs=0 validationMs=0 calculationAndMappingMs=0 dbQueryCount=0
[30m2026-08-31T11:46:58,927[m [32mINFO  [m[[1;34mhttp-nio-8080-exec-9[m] [36mGlobalFilter[m - ----------- Client User: operaciones-orquestador-ext-back ----------
[30m2026-08-31T11:46:58,928[m [32mINFO  [m[[1;34mhttp-nio-8080-exec-9[m] [36mCalculationServiceImpl[m - Start method settleAccountsV1, side -> BUY
[30m2026-08-31T11:46:58,928[m [32mINFO  [m[[1;34mhttp-nio-8080-exec-9[m] [36mCalculationServiceImpl[m - End method settleAccountsV1
[30m2026-08-31T11:46:58,928[m [32mINFO  [m[[1;34mhttp-nio-8080-exec-9[m] [36mCalculationServiceImpl[m - PERF_ASSIGNMENT service=calculos operation=settleAccounts result=SUCCESS side=BUY fractionCount=1 totalMs=0 validationMs=0 calculationAndMappingMs=0 dbQueryCount=0
[30m2026-08-31T11:46:58,955[m [32mINFO  [m[[1;34mhttp-nio-8080-exec-2[m] [36mGlobalFilter[m - ----------- Client User: operaciones-orquestador-ext-back ----------
[30m2026-08-31T11:46:58,956[m [32mINFO  [m[[1;34mhttp-nio-8080-exec-2[m] [36mCalculationServiceImpl[m - Start method settleAccountsV1, side -> BUY
[30m2026-08-31T11:46:58,956[m [32mINFO  [m[[1;34mhttp-nio-8080-exec-2[m] [36mCalculationServiceImpl[m - End method settleAccountsV1
[30m2026-08-31T11:46:58,956[m [32mINFO  [m[[1;34mhttp-nio-8080-exec-2[m] [36mCalculationServiceImpl[m - PERF_ASSIGNMENT service=calculos operation=settleAccounts result=SUCCESS side=BUY fractionCount=1 totalMs=0 validationMs=0 calculationAndMappingMs=0 dbQueryCount=0
[30m2026-08-31T11:46:58,982[m [32mINFO  [m[[1;34mhttp-nio-8080-exec-10[m] [36mGlobalFilter[m - ----------- Client User: operaciones-orquestador-ext-back ----------
[30m2026-08-31T11:46:58,982[m [32mINFO  [m[[1;34mhttp-nio-8080-exec-10[m] [36mCalculationServiceImpl[m - Start method settleAccountsV1, side -> BUY
[30m2026-08-31T11:46:58,982[m [32mINFO  [m[[1;34mhttp-nio-8080-exec-10[m] [36mCalculationServiceImpl[m - End method settleAccountsV1
[30m2026-08-31T11:46:58,982[m [32mINFO  [m[[1;34mhttp-nio-8080-exec-10[m] [36mCalculationServiceImpl[m - PERF_ASSIGNMENT service=calculos operation=settleAccounts result=SUCCESS side=BUY fractionCount=1 totalMs=0 validationMs=0 calculationAndMappingMs=0 dbQueryCount=0
[30m2026-08-31T11:46:59,011[m [32mINFO  [m[[1;34mhttp-nio-8080-exec-5[m] [36mGlobalFilter[m - ----------- Client User: operaciones-orquestador-ext-back ----------
[30m2026-08-31T11:46:59,012[m [32mINFO  [m[[1;34mhttp-nio-8080-exec-5[m] [36mCalculationServiceImpl[m - Start method settleAccountsV1, side -> BUY
[30m2026-08-31T11:46:59,012[m [32mINFO  [m[[1;34mhttp-nio-8080-exec-5[m] [36mCalculationServiceImpl[m - End method settleAccountsV1
[30m2026-08-31T11:46:59,012[m [32mINFO  [m[[1;34mhttp-nio-8080-exec-5[m] [36mCalculationServiceImpl[m - PERF_ASSIGNMENT service=calculos operation=settleAccounts result=SUCCESS side=BUY fractionCount=1 totalMs=0 validationMs=0 calculationAndMappingMs=0 dbQueryCount=0
[30m2026-08-31T11:46:59,039[m [32mINFO  [m[[1;34mhttp-nio-8080-exec-1[m] [36mGlobalFilter[m - ----------- Client User: operaciones-orquestador-ext-back ----------
[30m2026-08-31T11:46:59,039[m [32mINFO  [m[[1;34mhttp-nio-8080-exec-1[m] [36mCalculationServiceImpl[m - Start method settleAccountsV1, side -> BUY
[30m2026-08-31T11:46:59,039[m [32mINFO  [m[[1;34mhttp-nio-8080-exec-1[m] [36mCalculationServiceImpl[m - End method settleAccountsV1
[30m2026-08-31T11:46:59,039[m [32mINFO  [m[[1;34mhttp-nio-8080-exec-1[m] [36mCalculationServiceImpl[m - PERF_ASSIGNMENT service=calculos operation=settleAccounts result=SUCCESS side=BUY fractionCount=1 totalMs=0 validationMs=0 calculationAndMappingMs=0 dbQueryCount=0
[30m2026-08-31T11:46:59,066[m [32mINFO  [m[[1;34mhttp-nio-8080-exec-3[m] [36mGlobalFilter[m - ----------- Client User: operaciones-orquestador-ext-back ----------
[30m2026-08-31T11:46:59,066[m [32mINFO  [m[[1;34mhttp-nio-8080-exec-3[m] [36mCalculationServiceImpl[m - Start method settleAccountsV1, side -> BUY
[30m2026-08-31T11:46:59,066[m [32mINFO  [m[[1;34mhttp-nio-8080-exec-3[m] [36mCalculationServiceImpl[m - End method settleAccountsV1
[30m2026-08-31T11:46:59,066[m [32mINFO  [m[[1;34mhttp-nio-8080-exec-3[m] [36mCalculationServiceImpl[m - PERF_ASSIGNMENT service=calculos operation=settleAccounts result=SUCCESS side=BUY fractionCount=1 totalMs=0 validationMs=0 calculationAndMappingMs=0 dbQueryCount=0
[30m2026-08-31T11:46:59,093[m [32mINFO  [m[[1;34mhttp-nio-8080-exec-4[m] [36mGlobalFilter[m - ----------- Client User: operaciones-orquestador-ext-back ----------
[30m2026-08-31T11:46:59,093[m [32mINFO  [m[[1;34mhttp-nio-8080-exec-4[m] [36mCalculationServiceImpl[m - Start method settleAccountsV1, side -> BUY
[30m2026-08-31T11:46:59,093[m [32mINFO  [m[[1;34mhttp-nio-8080-exec-4[m] [36mCalculationServiceImpl[m - End method settleAccountsV1
[30m2026-08-31T11:46:59,093[m [32mINFO  [m[[1;34mhttp-nio-8080-exec-4[m] [36mCalculationServiceImpl[m - PERF_ASSIGNMENT service=calculos operation=settleAccounts result=SUCCESS side=BUY fractionCount=1 totalMs=0 validationMs=0 calculationAndMappingMs=0 dbQueryCount=0
[30m2026-08-31T11:46:59,120[m [32mINFO  [m[[1;34mhttp-nio-8080-exec-6[m] [36mGlobalFilter[m - ----------- Client User: operaciones-orquestador-ext-back ----------
[30m2026-08-31T11:46:59,120[m [32mINFO  [m[[1;34mhttp-nio-8080-exec-6[m] [36mCalculationServiceImpl[m - Start method settleAccountsV1, side -> BUY
[30m2026-08-31T11:46:59,121[m [32mINFO  [m[[1;34mhttp-nio-8080-exec-6[m] [36mCalculationServiceImpl[m - End method settleAccountsV1
[30m2026-08-31T11:46:59,121[m [32mINFO  [m[[1;34mhttp-nio-8080-exec-6[m] [36mCalculationServiceImpl[m - PERF_ASSIGNMENT service=calculos operation=settleAccounts result=SUCCESS side=BUY fractionCount=1 totalMs=0 validationMs=0 calculationAndMappingMs=0 dbQueryCount=0
[30m2026-08-31T11:46:59,148[m [32mINFO  [m[[1;34mhttp-nio-8080-exec-8[m] [36mGlobalFilter[m - ----------- Client User: operaciones-orquestador-ext-back ----------
[30m2026-08-31T11:46:59,148[m [32mINFO  [m[[1;34mhttp-nio-8080-exec-8[m] [36mCalculationServiceImpl[m - Start method settleAccountsV1, side -> BUY
[30m2026-08-31T11:46:59,148[m [32mINFO  [m[[1;34mhttp-nio-8080-exec-8[m] [36mCalculationServiceImpl[m - End method settleAccountsV1
[30m2026-08-31T11:46:59,148[m [32mINFO  [m[[1;34mhttp-nio-8080-exec-8[m] [36mCalculationServiceImpl[m - PERF_ASSIGNMENT service=calculos operation=settleAccounts result=SUCCESS side=BUY fractionCount=1 totalMs=0 validationMs=0 calculationAndMappingMs=0 dbQueryCount=0
[30m2026-08-31T11:46:59,175[m [32mINFO  [m[[1;34mhttp-nio-8080-exec-7[m] [36mGlobalFilter[m - ----------- Client User: operaciones-orquestador-ext-back ----------
[30m2026-08-31T11:46:59,176[m [32mINFO  [m[[1;34mhttp-nio-8080-exec-7[m] [36mCalculationServiceImpl[m - Start method settleAccountsV1, side -> BUY
[30m2026-08-31T11:46:59,176[m [32mINFO  [m[[1;34mhttp-nio-8080-exec-7[m] [36mCalculationServiceImpl[m - End method settleAccountsV1
[30m2026-08-31T11:46:59,176[m [32mINFO  [m[[1;34mhttp-nio-8080-exec-7[m] [36mCalculationServiceImpl[m - PERF_ASSIGNMENT service=calculos operation=settleAccounts result=SUCCESS side=BUY fractionCount=1 totalMs=0 validationMs=0 calculationAndMappingMs=0 dbQueryCount=0
[30m2026-08-31T11:46:59,203[m [32mINFO  [m[[1;34mhttp-nio-8080-exec-9[m] [36mGlobalFilter[m - ----------- Client User: operaciones-orquestador-ext-back ----------
[30m2026-08-31T11:46:59,203[m [32mINFO  [m[[1;34mhttp-nio-8080-exec-9[m] [36mCalculationServiceImpl[m - Start method settleAccountsV1, side -> BUY
[30m2026-08-31T11:46:59,203[m [32mINFO  [m[[1;34mhttp-nio-8080-exec-9[m] [36mCalculationServiceImpl[m - End method settleAccountsV1
[30m2026-08-31T11:46:59,203[m [32mINFO  [m[[1;34mhttp-nio-8080-exec-9[m] [36mCalculationServiceImpl[m - PERF_ASSIGNMENT service=calculos operation=settleAccounts result=SUCCESS side=BUY fractionCount=1 totalMs=0 validationMs=0 calculationAndMappingMs=0 dbQueryCount=0
[30m2026-08-31T11:46:59,231[m [32mINFO  [m[[1;34mhttp-nio-8080-exec-2[m] [36mGlobalFilter[m - ----------- Client User: operaciones-orquestador-ext-back ----------
[30m2026-08-31T11:46:59,231[m [32mINFO  [m[[1;34mhttp-nio-8080-exec-2[m] [36mCalculationServiceImpl[m - Start method settleAccountsV1, side -> BUY
[30m2026-08-31T11:46:59,231[m [32mINFO  [m[[1;34mhttp-nio-8080-exec-2[m] [36mCalculationServiceImpl[m - End method settleAccountsV1
[30m2026-08-31T11:46:59,231[m [32mINFO  [m[[1;34mhttp-nio-8080-exec-2[m] [36mCalculationServiceImpl[m - PERF_ASSIGNMENT service=calculos operation=settleAccounts result=SUCCESS side=BUY fractionCount=1 totalMs=0 validationMs=0 calculationAndMappingMs=0 dbQueryCount=0
[30m2026-08-31T11:46:59,259[m [32mINFO  [m[[1;34mhttp-nio-8080-exec-10[m] [36mGlobalFilter[m - ----------- Client User: operaciones-orquestador-ext-back ----------
[30m2026-08-31T11:46:59,260[m [32mINFO  [m[[1;34mhttp-nio-8080-exec-10[m] [36mCalculationServiceImpl[m - Start method settleAccountsV1, side -> BUY
[30m2026-08-31T11:46:59,260[m [32mINFO  [m[[1;34mhttp-nio-8080-exec-10[m] [36mCalculationServiceImpl[m - End method settleAccountsV1
[30m2026-08-31T11:46:59,260[m [32mINFO  [m[[1;34mhttp-nio-8080-exec-10[m] [36mCalculationServiceImpl[m - PERF_ASSIGNMENT service=calculos operation=settleAccounts result=SUCCESS side=BUY fractionCount=1 totalMs=0 validationMs=0 calculationAndMappingMs=0 dbQueryCount=0
[30m2026-08-31T11:46:59,286[m [32mINFO  [m[[1;34mhttp-nio-8080-exec-5[m] [36mGlobalFilter[m - ----------- Client User: operaciones-orquestador-ext-back ----------
[30m2026-08-31T11:46:59,286[m [32mINFO  [m[[1;34mhttp-nio-8080-exec-5[m] [36mCalculationServiceImpl[m - Start method settleAccountsV1, side -> BUY
[30m2026-08-31T11:46:59,286[m [32mINFO  [m[[1;34mhttp-nio-8080-exec-5[m] [36mCalculationServiceImpl[m - End method settleAccountsV1
[30m2026-08-31T11:46:59,286[m [32mINFO  [m[[1;34mhttp-nio-8080-exec-5[m] [36mCalculationServiceImpl[m - PERF_ASSIGNMENT service=calculos operation=settleAccounts result=SUCCESS side=BUY fractionCount=1 totalMs=0 validationMs=0 calculationAndMappingMs=0 dbQueryCount=0
[30m2026-08-31T11:46:59,313[m [32mINFO  [m[[1;34mhttp-nio-8080-exec-1[m] [36mGlobalFilter[m - ----------- Client User: operaciones-orquestador-ext-back ----------
[30m2026-08-31T11:46:59,313[m [32mINFO  [m[[1;34mhttp-nio-8080-exec-1[m] [36mCalculationServiceImpl[m - Start method settleAccountsV1, side -> BUY
[30m2026-08-31T11:46:59,313[m [32mINFO  [m[[1;34mhttp-nio-8080-exec-1[m] [36mCalculationServiceImpl[m - End method settleAccountsV1
[30m2026-08-31T11:46:59,313[m [32mINFO  [m[[1;34mhttp-nio-8080-exec-1[m] [36mCalculationServiceImpl[m - PERF_ASSIGNMENT service=calculos operation=settleAccounts result=SUCCESS side=BUY fractionCount=1 totalMs=0 validationMs=0 calculationAndMappingMs=0 dbQueryCount=0
[30m2026-08-31T11:46:59,341[m [32mINFO  [m[[1;34mhttp-nio-8080-exec-3[m] [36mGlobalFilter[m - ----------- Client User: operaciones-orquestador-ext-back ----------
[30m2026-08-31T11:46:59,341[m [32mINFO  [m[[1;34mhttp-nio-8080-exec-3[m] [36mCalculationServiceImpl[m - Start method settleAccountsV1, side -> BUY
[30m2026-08-31T11:46:59,341[m [32mINFO  [m[[1;34mhttp-nio-8080-exec-3[m] [36mCalculationServiceImpl[m - End method settleAccountsV1
[30m2026-08-31T11:46:59,341[m [32mINFO  [m[[1;34mhttp-nio-8080-exec-3[m] [36mCalculationServiceImpl[m - PERF_ASSIGNMENT service=calculos operation=settleAccounts result=SUCCESS side=BUY fractionCount=1 totalMs=0 validationMs=0 calculationAndMappingMs=0 dbQueryCount=0
[30m2026-08-31T11:46:59,369[m [32mINFO  [m[[1;34mhttp-nio-8080-exec-4[m] [36mGlobalFilter[m - ----------- Client User: operaciones-orquestador-ext-back ----------
[30m2026-08-31T11:46:59,369[m [32mINFO  [m[[1;34mhttp-nio-8080-exec-4[m] [36mCalculationServiceImpl[m - Start method settleAccountsV1, side -> BUY
[30m2026-08-31T11:46:59,369[m [32mINFO  [m[[1;34mhttp-nio-8080-exec-4[m] [36mCalculationServiceImpl[m - End method settleAccountsV1
[30m2026-08-31T11:46:59,369[m [32mINFO  [m[[1;34mhttp-nio-8080-exec-4[m] [36mCalculationServiceImpl[m - PERF_ASSIGNMENT service=calculos operation=settleAccounts result=SUCCESS side=BUY fractionCount=1 totalMs=0 validationMs=0 calculationAndMappingMs=0 dbQueryCount=0
[30m2026-08-31T11:46:59,397[m [32mINFO  [m[[1;34mhttp-nio-8080-exec-6[m] [36mGlobalFilter[m - ----------- Client User: operaciones-orquestador-ext-back ----------
[30m2026-08-31T11:46:59,397[m [32mINFO  [m[[1;34mhttp-nio-8080-exec-6[m] [36mCalculationServiceImpl[m - Start method settleAccountsV1, side -> BUY
[30m2026-08-31T11:46:59,397[m [32mINFO  [m[[1;34mhttp-nio-8080-exec-6[m] [36mCalculationServiceImpl[m - End method settleAccountsV1
[30m2026-08-31T11:46:59,397[m [32mINFO  [m[[1;34mhttp-nio-8080-exec-6[m] [36mCalculationServiceImpl[m - PERF_ASSIGNMENT service=calculos operation=settleAccounts result=SUCCESS side=BUY fractionCount=1 totalMs=0 validationMs=0 calculationAndMappingMs=0 dbQueryCount=0
[30m2026-08-31T11:46:59,424[m [32mINFO  [m[[1;34mhttp-nio-8080-exec-8[m] [36mGlobalFilter[m - ----------- Client User: operaciones-orquestador-ext-back ----------
[30m2026-08-31T11:46:59,425[m [32mINFO  [m[[1;34mhttp-nio-8080-exec-8[m] [36mCalculationServiceImpl[m - Start method settleAccountsV1, side -> BUY
[30m2026-08-31T11:46:59,425[m [32mINFO  [m[[1;34mhttp-nio-8080-exec-8[m] [36mCalculationServiceImpl[m - End method settleAccountsV1
[30m2026-08-31T11:46:59,425[m [32mINFO  [m[[1;34mhttp-nio-8080-exec-8[m] [36mCalculationServiceImpl[m - PERF_ASSIGNMENT service=calculos operation=settleAccounts result=SUCCESS side=BUY fractionCount=1 totalMs=0 validationMs=0 calculationAndMappingMs=0 dbQueryCount=0
[30m2026-08-31T11:46:59,452[m [32mINFO  [m[[1;34mhttp-nio-8080-exec-7[m] [36mGlobalFilter[m - ----------- Client User: operaciones-orquestador-ext-back ----------
[30m2026-08-31T11:46:59,453[m [32mINFO  [m[[1;34mhttp-nio-8080-exec-7[m] [36mCalculationServiceImpl[m - Start method settleAccountsV1, side -> BUY
[30m2026-08-31T11:46:59,453[m [32mINFO  [m[[1;34mhttp-nio-8080-exec-7[m] [36mCalculationServiceImpl[m - End method settleAccountsV1
[30m2026-08-31T11:46:59,453[m [32mINFO  [m[[1;34mhttp-nio-8080-exec-7[m] [36mCalculationServiceImpl[m - PERF_ASSIGNMENT service=calculos operation=settleAccounts result=SUCCESS side=BUY fractionCount=1 totalMs=0 validationMs=0 calculationAndMappingMs=0 dbQueryCount=0
[30m2026-08-31T11:46:59,479[m [32mINFO  [m[[1;34mhttp-nio-8080-exec-9[m] [36mGlobalFilter[m - ----------- Client User: operaciones-orquestador-ext-back ----------
[30m2026-08-31T11:46:59,480[m [32mINFO  [m[[1;34mhttp-nio-8080-exec-9[m] [36mCalculationServiceImpl[m - Start method settleAccountsV1, side -> BUY
[30m2026-08-31T11:46:59,480[m [32mINFO  [m[[1;34mhttp-nio-8080-exec-9[m] [36mCalculationServiceImpl[m - End method settleAccountsV1
[30m2026-08-31T11:46:59,480[m [32mINFO  [m[[1;34mhttp-nio-8080-exec-9[m] [36mCalculationServiceImpl[m - PERF_ASSIGNMENT service=calculos operation=settleAccounts result=SUCCESS side=BUY fractionCount=1 totalMs=0 validationMs=0 calculationAndMappingMs=0 dbQueryCount=0
[30m2026-08-31T11:46:59,508[m [32mINFO  [m[[1;34mhttp-nio-8080-exec-2[m] [36mGlobalFilter[m - ----------- Client User: operaciones-orquestador-ext-back ----------
[30m2026-08-31T11:46:59,509[m [32mINFO  [m[[1;34mhttp-nio-8080-exec-2[m] [36mCalculationServiceImpl[m - Start method settleAccountsV1, side -> BUY
[30m2026-08-31T11:46:59,509[m [32mINFO  [m[[1;34mhttp-nio-8080-exec-2[m] [36mCalculationServiceImpl[m - End method settleAccountsV1
[30m2026-08-31T11:46:59,509[m [32mINFO  [m[[1;34mhttp-nio-8080-exec-2[m] [36mCalculationServiceImpl[m - PERF_ASSIGNMENT service=calculos operation=settleAccounts result=SUCCESS side=BUY fractionCount=1 totalMs=0 validationMs=0 calculationAndMappingMs=0 dbQueryCount=0
[30m2026-08-31T11:46:59,538[m [32mINFO  [m[[1;34mhttp-nio-8080-exec-10[m] [36mGlobalFilter[m - ----------- Client User: operaciones-orquestador-ext-back ----------
[30m2026-08-31T11:46:59,539[m [32mINFO  [m[[1;34mhttp-nio-8080-exec-10[m] [36mCalculationServiceImpl[m - Start method settleAccountsV1, side -> BUY
[30m2026-08-31T11:46:59,539[m [32mINFO  [m[[1;34mhttp-nio-8080-exec-10[m] [36mCalculationServiceImpl[m - End method settleAccountsV1
[30m2026-08-31T11:46:59,539[m [32mINFO  [m[[1;34mhttp-nio-8080-exec-10[m] [36mCalculationServiceImpl[m - PERF_ASSIGNMENT service=calculos operation=settleAccounts result=SUCCESS side=BUY fractionCount=1 totalMs=0 validationMs=0 calculationAndMappingMs=0 dbQueryCount=0
[30m2026-08-31T11:46:59,566[m [32mINFO  [m[[1;34mhttp-nio-8080-exec-5[m] [36mGlobalFilter[m - ----------- Client User: operaciones-orquestador-ext-back ----------
[30m2026-08-31T11:46:59,566[m [32mINFO  [m[[1;34mhttp-nio-8080-exec-5[m] [36mCalculationServiceImpl[m - Start method settleAccountsV1, side -> BUY
[30m2026-08-31T11:46:59,566[m [32mINFO  [m[[1;34mhttp-nio-8080-exec-5[m] [36mCalculationServiceImpl[m - End method settleAccountsV1
[30m2026-08-31T11:46:59,566[m [32mINFO  [m[[1;34mhttp-nio-8080-exec-5[m] [36mCalculationServiceImpl[m - PERF_ASSIGNMENT service=calculos operation=settleAccounts result=SUCCESS side=BUY fractionCount=1 totalMs=0 validationMs=0 calculationAndMappingMs=0 dbQueryCount=0
[30m2026-08-31T11:46:59,593[m [32mINFO  [m[[1;34mhttp-nio-8080-exec-1[m] [36mGlobalFilter[m - ----------- Client User: operaciones-orquestador-ext-back ----------
[30m2026-08-31T11:46:59,593[m [32mINFO  [m[[1;34mhttp-nio-8080-exec-1[m] [36mCalculationServiceImpl[m - Start method settleAccountsV1, side -> BUY
[30m2026-08-31T11:46:59,593[m [32mINFO  [m[[1;34mhttp-nio-8080-exec-1[m] [36mCalculationServiceImpl[m - End method settleAccountsV1
[30m2026-08-31T11:46:59,593[m [32mINFO  [m[[1;34mhttp-nio-8080-exec-1[m] [36mCalculationServiceImpl[m - PERF_ASSIGNMENT service=calculos operation=settleAccounts result=SUCCESS side=BUY fractionCount=1 totalMs=0 validationMs=0 calculationAndMappingMs=0 dbQueryCount=0
[30m2026-08-31T11:46:59,619[m [32mINFO  [m[[1;34mhttp-nio-8080-exec-3[m] [36mGlobalFilter[m - ----------- Client User: operaciones-orquestador-ext-back ----------
[30m2026-08-31T11:46:59,620[m [32mINFO  [m[[1;34mhttp-nio-8080-exec-3[m] [36mCalculationServiceImpl[m - Start method settleAccountsV1, side -> BUY
[30m2026-08-31T11:46:59,620[m [32mINFO  [m[[1;34mhttp-nio-8080-exec-3[m] [36mCalculationServiceImpl[m - End method settleAccountsV1
[30m2026-08-31T11:46:59,620[m [32mINFO  [m[[1;34mhttp-nio-8080-exec-3[m] [36mCalculationServiceImpl[m - PERF_ASSIGNMENT service=calculos operation=settleAccounts result=SUCCESS side=BUY fractionCount=1 totalMs=0 validationMs=0 calculationAndMappingMs=0 dbQueryCount=0
[30m2026-08-31T11:46:59,646[m [32mINFO  [m[[1;34mhttp-nio-8080-exec-4[m] [36mGlobalFilter[m - ----------- Client User: operaciones-orquestador-ext-back ----------
[30m2026-08-31T11:46:59,647[m [32mINFO  [m[[1;34mhttp-nio-8080-exec-4[m] [36mCalculationServiceImpl[m - Start method settleAccountsV1, side -> BUY
[30m2026-08-31T11:46:59,647[m [32mINFO  [m[[1;34mhttp-nio-8080-exec-4[m] [36mCalculationServiceImpl[m - End method settleAccountsV1
[30m2026-08-31T11:46:59,647[m [32mINFO  [m[[1;34mhttp-nio-8080-exec-4[m] [36mCalculationServiceImpl[m - PERF_ASSIGNMENT service=calculos operation=settleAccounts result=SUCCESS side=BUY fractionCount=1 totalMs=0 validationMs=0 calculationAndMappingMs=0 dbQueryCount=0
[30m2026-08-31T11:46:59,675[m [32mINFO  [m[[1;34mhttp-nio-8080-exec-6[m] [36mGlobalFilter[m - ----------- Client User: operaciones-orquestador-ext-back ----------
[30m2026-08-31T11:46:59,675[m [32mINFO  [m[[1;34mhttp-nio-8080-exec-6[m] [36mCalculationServiceImpl[m - Start method settleAccountsV1, side -> BUY
[30m2026-08-31T11:46:59,675[m [32mINFO  [m[[1;34mhttp-nio-8080-exec-6[m] [36mCalculationServiceImpl[m - End method settleAccountsV1
[30m2026-08-31T11:46:59,675[m [32mINFO  [m[[1;34mhttp-nio-8080-exec-6[m] [36mCalculationServiceImpl[m - PERF_ASSIGNMENT service=calculos operation=settleAccounts result=SUCCESS side=BUY fractionCount=1 totalMs=0 validationMs=0 calculationAndMappingMs=0 dbQueryCount=0
[30m2026-08-31T11:46:59,701[m [32mINFO  [m[[1;34mhttp-nio-8080-exec-8[m] [36mGlobalFilter[m - ----------- Client User: operaciones-orquestador-ext-back ----------
[30m2026-08-31T11:46:59,701[m [32mINFO  [m[[1;34mhttp-nio-8080-exec-8[m] [36mCalculationServiceImpl[m - Start method settleAccountsV1, side -> BUY
[30m2026-08-31T11:46:59,701[m [32mINFO  [m[[1;34mhttp-nio-8080-exec-8[m] [36mCalculationServiceImpl[m - End method settleAccountsV1
[30m2026-08-31T11:46:59,701[m [32mINFO  [m[[1;34mhttp-nio-8080-exec-8[m] [36mCalculationServiceImpl[m - PERF_ASSIGNMENT service=calculos operation=settleAccounts result=SUCCESS side=BUY fractionCount=1 totalMs=0 validationMs=0 calculationAndMappingMs=0 dbQueryCount=0
[30m2026-08-31T11:46:59,727[m [32mINFO  [m[[1;34mhttp-nio-8080-exec-7[m] [36mGlobalFilter[m - ----------- Client User: operaciones-orquestador-ext-back ----------
[30m2026-08-31T11:46:59,728[m [32mINFO  [m[[1;34mhttp-nio-8080-exec-7[m] [36mCalculationServiceImpl[m - Start method settleAccountsV1, side -> BUY
[30m2026-08-31T11:46:59,728[m [32mINFO  [m[[1;34mhttp-nio-8080-exec-7[m] [36mCalculationServiceImpl[m - End method settleAccountsV1
[30m2026-08-31T11:46:59,728[m [32mINFO  [m[[1;34mhttp-nio-8080-exec-7[m] [36mCalculationServiceImpl[m - PERF_ASSIGNMENT service=calculos operation=settleAccounts result=SUCCESS side=BUY fractionCount=1 totalMs=0 validationMs=0 calculationAndMappingMs=0 dbQueryCount=0
[30m2026-08-31T11:46:59,755[m [32mINFO  [m[[1;34mhttp-nio-8080-exec-9[m] [36mGlobalFilter[m - ----------- Client User: operaciones-orquestador-ext-back ----------
[30m2026-08-31T11:46:59,755[m [32mINFO  [m[[1;34mhttp-nio-8080-exec-9[m] [36mCalculationServiceImpl[m - Start method settleAccountsV1, side -> BUY
[30m2026-08-31T11:46:59,756[m [32mINFO  [m[[1;34mhttp-nio-8080-exec-9[m] [36mCalculationServiceImpl[m - End method settleAccountsV1
[30m2026-08-31T11:46:59,756[m [32mINFO  [m[[1;34mhttp-nio-8080-exec-9[m] [36mCalculationServiceImpl[m - PERF_ASSIGNMENT service=calculos operation=settleAccounts result=SUCCESS side=BUY fractionCount=1 totalMs=0 validationMs=0 calculationAndMappingMs=0 dbQueryCount=0
[30m2026-08-31T11:46:59,783[m [32mINFO  [m[[1;34mhttp-nio-8080-exec-2[m] [36mGlobalFilter[m - ----------- Client User: operaciones-orquestador-ext-back ----------
[30m2026-08-31T11:46:59,783[m [32mINFO  [m[[1;34mhttp-nio-8080-exec-2[m] [36mCalculationServiceImpl[m - Start method settleAccountsV1, side -> BUY
[30m2026-08-31T11:46:59,784[m [32mINFO  [m[[1;34mhttp-nio-8080-exec-2[m] [36mCalculationServiceImpl[m - End method settleAccountsV1
[30m2026-08-31T11:46:59,784[m [32mINFO  [m[[1;34mhttp-nio-8080-exec-2[m] [36mCalculationServiceImpl[m - PERF_ASSIGNMENT service=calculos operation=settleAccounts result=SUCCESS side=BUY fractionCount=1 totalMs=0 validationMs=0 calculationAndMappingMs=0 dbQueryCount=0
[30m2026-08-31T11:46:59,809[m [32mINFO  [m[[1;34mhttp-nio-8080-exec-10[m] [36mGlobalFilter[m - ----------- Client User: operaciones-orquestador-ext-back ----------
[30m2026-08-31T11:46:59,809[m [32mINFO  [m[[1;34mhttp-nio-8080-exec-10[m] [36mCalculationServiceImpl[m - Start method settleAccountsV1, side -> BUY
[30m2026-08-31T11:46:59,809[m [32mINFO  [m[[1;34mhttp-nio-8080-exec-10[m] [36mCalculationServiceImpl[m - End method settleAccountsV1
[30m2026-08-31T11:46:59,809[m [32mINFO  [m[[1;34mhttp-nio-8080-exec-10[m] [36mCalculationServiceImpl[m - PERF_ASSIGNMENT service=calculos operation=settleAccounts result=SUCCESS side=BUY fractionCount=1 totalMs=0 validationMs=0 calculationAndMappingMs=0 dbQueryCount=0
[30m2026-08-31T11:46:59,835[m [32mINFO  [m[[1;34mhttp-nio-8080-exec-5[m] [36mGlobalFilter[m - ----------- Client User: operaciones-orquestador-ext-back ----------
[30m2026-08-31T11:46:59,836[m [32mINFO  [m[[1;34mhttp-nio-8080-exec-5[m] [36mCalculationServiceImpl[m - Start method settleAccountsV1, side -> BUY
[30m2026-08-31T11:46:59,836[m [32mINFO  [m[[1;34mhttp-nio-8080-exec-5[m] [36mCalculationServiceImpl[m - End method settleAccountsV1
[30m2026-08-31T11:46:59,836[m [32mINFO  [m[[1;34mhttp-nio-8080-exec-5[m] [36mCalculationServiceImpl[m - PERF_ASSIGNMENT service=calculos operation=settleAccounts result=SUCCESS side=BUY fractionCount=1 totalMs=0 validationMs=0 calculationAndMappingMs=0 dbQueryCount=0
[30m2026-08-31T11:46:59,862[m [32mINFO  [m[[1;34mhttp-nio-8080-exec-1[m] [36mGlobalFilter[m - ----------- Client User: operaciones-orquestador-ext-back ----------
[30m2026-08-31T11:46:59,862[m [32mINFO  [m[[1;34mhttp-nio-8080-exec-1[m] [36mCalculationServiceImpl[m - Start method settleAccountsV1, side -> BUY
[30m2026-08-31T11:46:59,862[m [32mINFO  [m[[1;34mhttp-nio-8080-exec-1[m] [36mCalculationServiceImpl[m - End method settleAccountsV1
[30m2026-08-31T11:46:59,862[m [32mINFO  [m[[1;34mhttp-nio-8080-exec-1[m] [36mCalculationServiceImpl[m - PERF_ASSIGNMENT service=calculos operation=settleAccounts result=SUCCESS side=BUY fractionCount=1 totalMs=0 validationMs=0 calculationAndMappingMs=0 dbQueryCount=0
[30m2026-08-31T11:46:59,887[m [32mINFO  [m[[1;34mhttp-nio-8080-exec-3[m] [36mGlobalFilter[m - ----------- Client User: operaciones-orquestador-ext-back ----------
[30m2026-08-31T11:46:59,887[m [32mINFO  [m[[1;34mhttp-nio-8080-exec-3[m] [36mCalculationServiceImpl[m - Start method settleAccountsV1, side -> BUY
[30m2026-08-31T11:46:59,888[m [32mINFO  [m[[1;34mhttp-nio-8080-exec-3[m] [36mCalculationServiceImpl[m - End method settleAccountsV1
[30m2026-08-31T11:46:59,888[m [32mINFO  [m[[1;34mhttp-nio-8080-exec-3[m] [36mCalculationServiceImpl[m - PERF_ASSIGNMENT service=calculos operation=settleAccounts result=SUCCESS side=BUY fractionCount=1 totalMs=0 validationMs=0 calculationAndMappingMs=0 dbQueryCount=0
[30m2026-08-31T11:46:59,914[m [32mINFO  [m[[1;34mhttp-nio-8080-exec-4[m] [36mGlobalFilter[m - ----------- Client User: operaciones-orquestador-ext-back ----------
[30m2026-08-31T11:46:59,915[m [32mINFO  [m[[1;34mhttp-nio-8080-exec-4[m] [36mCalculationServiceImpl[m - Start method settleAccountsV1, side -> BUY
[30m2026-08-31T11:46:59,915[m [32mINFO  [m[[1;34mhttp-nio-8080-exec-4[m] [36mCalculationServiceImpl[m - End method settleAccountsV1
[30m2026-08-31T11:46:59,915[m [32mINFO  [m[[1;34mhttp-nio-8080-exec-4[m] [36mCalculationServiceImpl[m - PERF_ASSIGNMENT service=calculos operation=settleAccounts result=SUCCESS side=BUY fractionCount=1 totalMs=0 validationMs=0 calculationAndMappingMs=0 dbQueryCount=0
[30m2026-08-31T11:46:59,943[m [32mINFO  [m[[1;34mhttp-nio-8080-exec-6[m] [36mGlobalFilter[m - ----------- Client User: operaciones-orquestador-ext-back ----------
[30m2026-08-31T11:46:59,944[m [32mINFO  [m[[1;34mhttp-nio-8080-exec-6[m] [36mCalculationServiceImpl[m - Start method settleAccountsV1, side -> BUY
[30m2026-08-31T11:46:59,944[m [32mINFO  [m[[1;34mhttp-nio-8080-exec-6[m] [36mCalculationServiceImpl[m - End method settleAccountsV1
[30m2026-08-31T11:46:59,944[m [32mINFO  [m[[1;34mhttp-nio-8080-exec-6[m] [36mCalculationServiceImpl[m - PERF_ASSIGNMENT service=calculos operation=settleAccounts result=SUCCESS side=BUY fractionCount=1 totalMs=0 validationMs=0 calculationAndMappingMs=0 dbQueryCount=0
[30m2026-08-31T11:46:59,970[m [32mINFO  [m[[1;34mhttp-nio-8080-exec-8[m] [36mGlobalFilter[m - ----------- Client User: operaciones-orquestador-ext-back ----------
[30m2026-08-31T11:46:59,970[m [32mINFO  [m[[1;34mhttp-nio-8080-exec-8[m] [36mCalculationServiceImpl[m - Start method settleAccountsV1, side -> BUY
[30m2026-08-31T11:46:59,970[m [32mINFO  [m[[1;34mhttp-nio-8080-exec-8[m] [36mCalculationServiceImpl[m - End method settleAccountsV1
[30m2026-08-31T11:46:59,970[m [32mINFO  [m[[1;34mhttp-nio-8080-exec-8[m] [36mCalculationServiceImpl[m - PERF_ASSIGNMENT service=calculos operation=settleAccounts result=SUCCESS side=BUY fractionCount=1 totalMs=0 validationMs=0 calculationAndMappingMs=0 dbQueryCount=0
[30m2026-08-31T11:46:59,995[m [32mINFO  [m[[1;34mhttp-nio-8080-exec-7[m] [36mGlobalFilter[m - ----------- Client User: operaciones-orquestador-ext-back ----------
[30m2026-08-31T11:46:59,996[m [32mINFO  [m[[1;34mhttp-nio-8080-exec-7[m] [36mCalculationServiceImpl[m - Start method settleAccountsV1, side -> BUY
[30m2026-08-31T11:46:59,996[m [32mINFO  [m[[1;34mhttp-nio-8080-exec-7[m] [36mCalculationServiceImpl[m - End method settleAccountsV1
[30m2026-08-31T11:46:59,996[m [32mINFO  [m[[1;34mhttp-nio-8080-exec-7[m] [36mCalculationServiceImpl[m - PERF_ASSIGNMENT service=calculos operation=settleAccounts result=SUCCESS side=BUY fractionCount=1 totalMs=0 validationMs=0 calculationAndMappingMs=0 dbQueryCount=0
[30m2026-08-31T11:47:00,043[m [32mINFO  [m[[1;34mhttp-nio-8080-exec-9[m] [36mGlobalFilter[m - ----------- Client User: operaciones-orquestador-ext-back ----------
[30m2026-08-31T11:47:00,044[m [32mINFO  [m[[1;34mhttp-nio-8080-exec-9[m] [36mCalculationServiceImpl[m - Start method settleAccountsV1, side -> BUY
[30m2026-08-31T11:47:00,044[m [32mINFO  [m[[1;34mhttp-nio-8080-exec-9[m] [36mCalculationServiceImpl[m - End method settleAccountsV1
[30m2026-08-31T11:47:00,044[m [32mINFO  [m[[1;34mhttp-nio-8080-exec-9[m] [36mCalculationServiceImpl[m - PERF_ASSIGNMENT service=calculos operation=settleAccounts result=SUCCESS side=BUY fractionCount=1 totalMs=0 validationMs=0 calculationAndMappingMs=0 dbQueryCount=0
[30m2026-08-31T11:47:00,071[m [32mINFO  [m[[1;34mhttp-nio-8080-exec-2[m] [36mGlobalFilter[m - ----------- Client User: operaciones-orquestador-ext-back ----------
[30m2026-08-31T11:47:00,072[m [32mINFO  [m[[1;34mhttp-nio-8080-exec-2[m] [36mCalculationServiceImpl[m - Start method settleAccountsV1, side -> BUY
[30m2026-08-31T11:47:00,072[m [32mINFO  [m[[1;34mhttp-nio-8080-exec-2[m] [36mCalculationServiceImpl[m - End method settleAccountsV1
[30m2026-08-31T11:47:00,072[m [32mINFO  [m[[1;34mhttp-nio-8080-exec-2[m] [36mCalculationServiceImpl[m - PERF_ASSIGNMENT service=calculos operation=settleAccounts result=SUCCESS side=BUY fractionCount=1 totalMs=0 validationMs=0 calculationAndMappingMs=0 dbQueryCount=0
[30m2026-08-31T11:47:00,100[m [32mINFO  [m[[1;34mhttp-nio-8080-exec-10[m] [36mGlobalFilter[m - ----------- Client User: operaciones-orquestador-ext-back ----------
[30m2026-08-31T11:47:00,101[m [32mINFO  [m[[1;34mhttp-nio-8080-exec-10[m] [36mCalculationServiceImpl[m - Start method settleAccountsV1, side -> BUY
[30m2026-08-31T11:47:00,101[m [32mINFO  [m[[1;34mhttp-nio-8080-exec-10[m] [36mCalculationServiceImpl[m - End method settleAccountsV1
[30m2026-08-31T11:47:00,101[m [32mINFO  [m[[1;34mhttp-nio-8080-exec-10[m] [36mCalculationServiceImpl[m - PERF_ASSIGNMENT service=calculos operation=settleAccounts result=SUCCESS side=BUY fractionCount=1 totalMs=0 validationMs=0 calculationAndMappingMs=0 dbQueryCount=0
[30m2026-08-31T11:47:00,137[m [32mINFO  [m[[1;34mhttp-nio-8080-exec-5[m] [36mGlobalFilter[m - ----------- Client User: operaciones-orquestador-ext-back ----------
[30m2026-08-31T11:47:00,138[m [32mINFO  [m[[1;34mhttp-nio-8080-exec-5[m] [36mCalculationServiceImpl[m - Start method settleAccountsV1, side -> BUY
[30m2026-08-31T11:47:00,138[m [32mINFO  [m[[1;34mhttp-nio-8080-exec-5[m] [36mCalculationServiceImpl[m - End method settleAccountsV1
[30m2026-08-31T11:47:00,138[m [32mINFO  [m[[1;34mhttp-nio-8080-exec-5[m] [36mCalculationServiceImpl[m - PERF_ASSIGNMENT service=calculos operation=settleAccounts result=SUCCESS side=BUY fractionCount=1 totalMs=0 validationMs=0 calculationAndMappingMs=0 dbQueryCount=0
[30m2026-08-31T11:47:00,166[m [32mINFO  [m[[1;34mhttp-nio-8080-exec-1[m] [36mGlobalFilter[m - ----------- Client User: operaciones-orquestador-ext-back ----------
[30m2026-08-31T11:47:00,167[m [32mINFO  [m[[1;34mhttp-nio-8080-exec-1[m] [36mCalculationServiceImpl[m - Start method settleAccountsV1, side -> BUY
[30m2026-08-31T11:47:00,167[m [32mINFO  [m[[1;34mhttp-nio-8080-exec-1[m] [36mCalculationServiceImpl[m - End method settleAccountsV1
[30m2026-08-31T11:47:00,167[m [32mINFO  [m[[1;34mhttp-nio-8080-exec-1[m] [36mCalculationServiceImpl[m - PERF_ASSIGNMENT service=calculos operation=settleAccounts result=SUCCESS side=BUY fractionCount=1 totalMs=0 validationMs=0 calculationAndMappingMs=0 dbQueryCount=0
[30m2026-08-31T11:47:00,360[m [32mINFO  [m[[1;34mhttp-nio-8080-exec-3[m] [36mGlobalFilter[m - ----------- Client User: operaciones-orquestador-ext-back ----------
[30m2026-08-31T11:47:00,361[m [32mINFO  [m[[1;34mhttp-nio-8080-exec-3[m] [36mCalculationServiceImpl[m - Start method settleAccountsV1, side -> BUY
[30m2026-08-31T11:47:00,361[m [32mINFO  [m[[1;34mhttp-nio-8080-exec-3[m] [36mCalculationServiceImpl[m - End method settleAccountsV1
[30m2026-08-31T11:47:00,361[m [32mINFO  [m[[1;34mhttp-nio-8080-exec-3[m] [36mCalculationServiceImpl[m - PERF_ASSIGNMENT service=calculos operation=settleAccounts result=SUCCESS side=BUY fractionCount=1 totalMs=0 validationMs=0 calculationAndMappingMs=0 dbQueryCount=0
[30m2026-08-31T11:47:00,388[m [32mINFO  [m[[1;34mhttp-nio-8080-exec-4[m] [36mGlobalFilter[m - ----------- Client User: operaciones-orquestador-ext-back ----------
[30m2026-08-31T11:47:00,389[m [32mINFO  [m[[1;34mhttp-nio-8080-exec-4[m] [36mCalculationServiceImpl[m - Start method settleAccountsV1, side -> BUY
[30m2026-08-31T11:47:00,389[m [32mINFO  [m[[1;34mhttp-nio-8080-exec-4[m] [36mCalculationServiceImpl[m - End method settleAccountsV1
[30m2026-08-31T11:47:00,389[m [32mINFO  [m[[1;34mhttp-nio-8080-exec-4[m] [36mCalculationServiceImpl[m - PERF_ASSIGNMENT service=calculos operation=settleAccounts result=SUCCESS side=BUY fractionCount=1 totalMs=0 validationMs=0 calculationAndMappingMs=0 dbQueryCount=0
[30m2026-08-31T11:47:00,416[m [32mINFO  [m[[1;34mhttp-nio-8080-exec-6[m] [36mGlobalFilter[m - ----------- Client User: operaciones-orquestador-ext-back ----------
[30m2026-08-31T11:47:00,417[m [32mINFO  [m[[1;34mhttp-nio-8080-exec-6[m] [36mCalculationServiceImpl[m - Start method settleAccountsV1, side -> BUY
[30m2026-08-31T11:47:00,417[m [32mINFO  [m[[1;34mhttp-nio-8080-exec-6[m] [36mCalculationServiceImpl[m - End method settleAccountsV1
[30m2026-08-31T11:47:00,417[m [32mINFO  [m[[1;34mhttp-nio-8080-exec-6[m] [36mCalculationServiceImpl[m - PERF_ASSIGNMENT service=calculos operation=settleAccounts result=SUCCESS side=BUY fractionCount=1 totalMs=0 validationMs=0 calculationAndMappingMs=0 dbQueryCount=0
[30m2026-08-31T11:47:00,444[m [32mINFO  [m[[1;34mhttp-nio-8080-exec-8[m] [36mGlobalFilter[m - ----------- Client User: operaciones-orquestador-ext-back ----------
[30m2026-08-31T11:47:00,445[m [32mINFO  [m[[1;34mhttp-nio-8080-exec-8[m] [36mCalculationServiceImpl[m - Start method settleAccountsV1, side -> BUY
[30m2026-08-31T11:47:00,445[m [32mINFO  [m[[1;34mhttp-nio-8080-exec-8[m] [36mCalculationServiceImpl[m - End method settleAccountsV1
[30m2026-08-31T11:47:00,445[m [32mINFO  [m[[1;34mhttp-nio-8080-exec-8[m] [36mCalculationServiceImpl[m - PERF_ASSIGNMENT service=calculos operation=settleAccounts result=SUCCESS side=BUY fractionCount=1 totalMs=0 validationMs=0 calculationAndMappingMs=0 dbQueryCount=0
[30m2026-08-31T11:47:00,473[m [32mINFO  [m[[1;34mhttp-nio-8080-exec-7[m] [36mGlobalFilter[m - ----------- Client User: operaciones-orquestador-ext-back ----------
[30m2026-08-31T11:47:00,473[m [32mINFO  [m[[1;34mhttp-nio-8080-exec-7[m] [36mCalculationServiceImpl[m - Start method settleAccountsV1, side -> BUY
[30m2026-08-31T11:47:00,473[m [32mINFO  [m[[1;34mhttp-nio-8080-exec-7[m] [36mCalculationServiceImpl[m - End method settleAccountsV1
[30m2026-08-31T11:47:00,473[m [32mINFO  [m[[1;34mhttp-nio-8080-exec-7[m] [36mCalculationServiceImpl[m - PERF_ASSIGNMENT service=calculos operation=settleAccounts result=SUCCESS side=BUY fractionCount=1 totalMs=0 validationMs=0 calculationAndMappingMs=0 dbQueryCount=0
[30m2026-08-31T11:47:00,500[m [32mINFO  [m[[1;34mhttp-nio-8080-exec-9[m] [36mGlobalFilter[m - ----------- Client User: operaciones-orquestador-ext-back ----------
[30m2026-08-31T11:47:00,500[m [32mINFO  [m[[1;34mhttp-nio-8080-exec-9[m] [36mCalculationServiceImpl[m - Start method settleAccountsV1, side -> BUY
[30m2026-08-31T11:47:00,500[m [32mINFO  [m[[1;34mhttp-nio-8080-exec-9[m] [36mCalculationServiceImpl[m - End method settleAccountsV1
[30m2026-08-31T11:47:00,500[m [32mINFO  [m[[1;34mhttp-nio-8080-exec-9[m] [36mCalculationServiceImpl[m - PERF_ASSIGNMENT service=calculos operation=settleAccounts result=SUCCESS side=BUY fractionCount=1 totalMs=0 validationMs=0 calculationAndMappingMs=0 dbQueryCount=0
[30m2026-08-31T11:47:00,527[m [32mINFO  [m[[1;34mhttp-nio-8080-exec-2[m] [36mGlobalFilter[m - ----------- Client User: operaciones-orquestador-ext-back ----------
[30m2026-08-31T11:47:00,527[m [32mINFO  [m[[1;34mhttp-nio-8080-exec-2[m] [36mCalculationServiceImpl[m - Start method settleAccountsV1, side -> BUY
[30m2026-08-31T11:47:00,527[m [32mINFO  [m[[1;34mhttp-nio-8080-exec-2[m] [36mCalculationServiceImpl[m - End method settleAccountsV1
[30m2026-08-31T11:47:00,527[m [32mINFO  [m[[1;34mhttp-nio-8080-exec-2[m] [36mCalculationServiceImpl[m - PERF_ASSIGNMENT service=calculos operation=settleAccounts result=SUCCESS side=BUY fractionCount=1 totalMs=0 validationMs=0 calculationAndMappingMs=0 dbQueryCount=0
[30m2026-08-31T11:47:00,555[m [32mINFO  [m[[1;34mhttp-nio-8080-exec-10[m] [36mGlobalFilter[m - ----------- Client User: operaciones-orquestador-ext-back ----------
[30m2026-08-31T11:47:00,555[m [32mINFO  [m[[1;34mhttp-nio-8080-exec-10[m] [36mCalculationServiceImpl[m - Start method settleAccountsV1, side -> BUY
[30m2026-08-31T11:47:00,555[m [32mINFO  [m[[1;34mhttp-nio-8080-exec-10[m] [36mCalculationServiceImpl[m - End method settleAccountsV1
[30m2026-08-31T11:47:00,555[m [32mINFO  [m[[1;34mhttp-nio-8080-exec-10[m] [36mCalculationServiceImpl[m - PERF_ASSIGNMENT service=calculos operation=settleAccounts result=SUCCESS side=BUY fractionCount=1 totalMs=0 validationMs=0 calculationAndMappingMs=0 dbQueryCount=0
[30m2026-08-31T11:47:00,582[m [32mINFO  [m[[1;34mhttp-nio-8080-exec-5[m] [36mGlobalFilter[m - ----------- Client User: operaciones-orquestador-ext-back ----------
[30m2026-08-31T11:47:00,583[m [32mINFO  [m[[1;34mhttp-nio-8080-exec-5[m] [36mCalculationServiceImpl[m - Start method settleAccountsV1, side -> BUY
[30m2026-08-31T11:47:00,583[m [32mINFO  [m[[1;34mhttp-nio-8080-exec-5[m] [36mCalculationServiceImpl[m - End method settleAccountsV1
[30m2026-08-31T11:47:00,583[m [32mINFO  [m[[1;34mhttp-nio-8080-exec-5[m] [36mCalculationServiceImpl[m - PERF_ASSIGNMENT service=calculos operation=settleAccounts result=SUCCESS side=BUY fractionCount=1 totalMs=0 validationMs=0 calculationAndMappingMs=0 dbQueryCount=0
[30m2026-08-31T11:47:00,610[m [32mINFO  [m[[1;34mhttp-nio-8080-exec-1[m] [36mGlobalFilter[m - ----------- Client User: operaciones-orquestador-ext-back ----------
[30m2026-08-31T11:47:00,611[m [32mINFO  [m[[1;34mhttp-nio-8080-exec-1[m] [36mCalculationServiceImpl[m - Start method settleAccountsV1, side -> BUY
[30m2026-08-31T11:47:00,611[m [32mINFO  [m[[1;34mhttp-nio-8080-exec-1[m] [36mCalculationServiceImpl[m - End method settleAccountsV1
[30m2026-08-31T11:47:00,611[m [32mINFO  [m[[1;34mhttp-nio-8080-exec-1[m] [36mCalculationServiceImpl[m - PERF_ASSIGNMENT service=calculos operation=settleAccounts result=SUCCESS side=BUY fractionCount=1 totalMs=0 validationMs=0 calculationAndMappingMs=0 dbQueryCount=0
[30m2026-08-31T11:47:00,641[m [32mINFO  [m[[1;34mhttp-nio-8080-exec-3[m] [36mGlobalFilter[m - ----------- Client User: operaciones-orquestador-ext-back ----------
[30m2026-08-31T11:47:00,641[m [32mINFO  [m[[1;34mhttp-nio-8080-exec-3[m] [36mCalculationServiceImpl[m - Start method settleAccountsV1, side -> BUY
[30m2026-08-31T11:47:00,641[m [32mINFO  [m[[1;34mhttp-nio-8080-exec-3[m] [36mCalculationServiceImpl[m - End method settleAccountsV1
[30m2026-08-31T11:47:00,641[m [32mINFO  [m[[1;34mhttp-nio-8080-exec-3[m] [36mCalculationServiceImpl[m - PERF_ASSIGNMENT service=calculos operation=settleAccounts result=SUCCESS side=BUY fractionCount=1 totalMs=0 validationMs=0 calculationAndMappingMs=0 dbQueryCount=0
