[30m2026-09-03T17:43:58,790[m [32mINFO  [m[[1;34mhttp-nio-8080-exec-2[m] [36mFractionationCountedServiceImpl[m - PERF_ASSIGNMENT_BATCH service=cmd batchId=ac48933c-b581-4990-903b-01e586a6ae59 mode=RAW_VALIDATED configuredMaxBatchSize=80 receivedBatchSize=40 processedCount=40 successCount=40 failureCount=0 fractionationMs=1106 totalMs=1106
[30m2026-09-03T17:43:58,790[m [32mINFO  [m[[1;34mhttp-nio-8080-exec-2[m] [36mFractionationCountedServiceImpl[m - PERF_ASSIGNMENT_BATCH service=cmd batchId=ac48933c-b581-4990-903b-01e586a6ae59 mode=RAW configuredMaxBatchSize=80 receivedBatchSize=40 validCount=40 invalidCount=0 sentToFractionationCount=40 successCount=40 failureCount=0 totalMs=1146
[30m2026-09-03T17:43:58,791[m [32mINFO  [m[[1;34mhttp-nio-8080-exec-2[m] [36mGlobalFilter[m - Request [POST /operations-cmd-api/v1/fractionation/counted-operation/batch] completed in 1149 ms with status 200
[30m2026-09-03T17:43:59,030[m [32mINFO  [m[[1;34mhttp-nio-8080-exec-9[m] [36mFractionationCountedServiceImpl[m - PERF_ASSIGNMENT_BATCH service=cmd batchId=ac48933c-b581-4990-903b-01e586a6ae59 mode=RAW_VALIDATED configuredMaxBatchSize=80 receivedBatchSize=38 processedCount=38 successCount=38 failureCount=0 fractionationMs=1330 totalMs=1330
[30m2026-09-03T17:43:59,030[m [32mINFO  [m[[1;34mhttp-nio-8080-exec-9[m] [36mFractionationCountedServiceImpl[m - PERF_ASSIGNMENT_BATCH service=cmd batchId=ac48933c-b581-4990-903b-01e586a6ae59 mode=RAW configuredMaxBatchSize=80 receivedBatchSize=38 validCount=38 invalidCount=0 sentToFractionationCount=38 successCount=38 failureCount=0 totalMs=1387
[30m2026-09-03T17:43:59,031[m [32mINFO  [m[[1;34mhttp-nio-8080-exec-9[m] [36mGlobalFilter[m - Request [POST /operations-cmd-api/v1/fractionation/counted-operation/batch] completed in 1390 ms with status 200
[30m2026-09-03T17:43:59,131[m [32mINFO  [m[[1;34mhttp-nio-8080-exec-4[m] [36mFractionationCountedServiceImpl[m - PERF_ASSIGNMENT_BATCH service=cmd batchId=ac48933c-b581-4990-903b-01e586a6ae59 mode=RAW_VALIDATED configuredMaxBatchSize=80 receivedBatchSize=40 processedCount=40 successCount=40 failureCount=0 fractionationMs=1447 totalMs=1447
[30m2026-09-03T17:43:59,131[m [32mINFO  [m[[1;34mhttp-nio-8080-exec-4[m] [36mFractionationCountedServiceImpl[m - PERF_ASSIGNMENT_BATCH service=cmd batchId=ac48933c-b581-4990-903b-01e586a6ae59 mode=RAW configuredMaxBatchSize=80 receivedBatchSize=40 validCount=40 invalidCount=0 sentToFractionationCount=40 successCount=40 failureCount=0 totalMs=1488
[30m2026-09-03T17:43:59,132[m [32mINFO  [m[[1;34mhttp-nio-8080-exec-4[m] [36mGlobalFilter[m - Request [POST /operations-cmd-api/v1/fractionation/counted-operation/batch] completed in 1491 ms with status 200
[30m2026-09-03T17:43:59,150[m [32mINFO  [m[[1;34mhttp-nio-8080-exec-1[m] [36mFractionationCountedServiceImpl[m - PERF_ASSIGNMENT_BATCH service=cmd batchId=ac48933c-b581-4990-903b-01e586a6ae59 mode=RAW_VALIDATED configuredMaxBatchSize=80 receivedBatchSize=39 processedCount=39 successCount=39 failureCount=0 fractionationMs=1451 totalMs=1451
[30m2026-09-03T17:43:59,150[m [32mINFO  [m[[1;34mhttp-nio-8080-exec-1[m] [36mFractionationCountedServiceImpl[m - PERF_ASSIGNMENT_BATCH service=cmd batchId=ac48933c-b581-4990-903b-01e586a6ae59 mode=RAW configuredMaxBatchSize=80 receivedBatchSize=39 validCount=39 invalidCount=0 sentToFractionationCount=39 successCount=39 failureCount=0 totalMs=1507
[30m2026-09-03T17:43:59,152[m [32mINFO  [m[[1;34mhttp-nio-8080-exec-1[m] [36mGlobalFilter[m - Request [POST /operations-cmd-api/v1/fractionation/counted-operation/batch] completed in 1511 ms with status 200
[30m2026-09-03T17:43:59,161[m [32mINFO  [m[[1;34mhttp-nio-8080-exec-8[m] [36mFractionationCountedServiceImpl[m - PERF_ASSIGNMENT_BATCH service=cmd batchId=ac48933c-b581-4990-903b-01e586a6ae59 mode=RAW_VALIDATED configuredMaxBatchSize=80 receivedBatchSize=43 processedCount=43 successCount=43 failureCount=0 fractionationMs=1461 totalMs=1461
[30m2026-09-03T17:43:59,161[m [32mINFO  [m[[1;34mhttp-nio-8080-exec-8[m] [36mFractionationCountedServiceImpl[m - PERF_ASSIGNMENT_BATCH service=cmd batchId=ac48933c-b581-4990-903b-01e586a6ae59 mode=RAW configuredMaxBatchSize=80 receivedBatchSize=43 validCount=43 invalidCount=0 sentToFractionationCount=43 successCount=43 failureCount=0 totalMs=1517
[30m2026-09-03T17:43:59,162[m [32mINFO  [m[[1;34mhttp-nio-8080-exec-8[m] [36mGlobalFilter[m - Request [POST /operations-cmd-api/v1/fractionation/counted-operation/batch] completed in 1521 ms with status 200
[30m2026-09-03T17:43:59,193[m [32mINFO  [m[[1;34mhttp-nio-8080-exec-10[m] [36mGlobalFilter[m - ----------- Client User: operaciones-orquestador-ext-back ----------
[30m2026-09-03T17:43:59,193[m [32mINFO  [m[[1;34mhttp-nio-8080-exec-7[m] [36mGlobalFilter[m - ----------- Client User: operaciones-orquestador-ext-back ----------
[30m2026-09-03T17:43:59,193[m [32mINFO  [m[[1;34mhttp-nio-8080-exec-6[m] [36mGlobalFilter[m - ----------- Client User: operaciones-orquestador-ext-back ----------
[30m2026-09-03T17:43:59,193[m [32mINFO  [m[[1;34mhttp-nio-8080-exec-3[m] [36mGlobalFilter[m - ----------- Client User: operaciones-orquestador-ext-back ----------
[30m2026-09-03T17:43:59,193[m [32mINFO  [m[[1;34mhttp-nio-8080-exec-5[m] [36mGlobalFilter[m - ----------- Client User: operaciones-orquestador-ext-back ----------
[30m2026-09-03T17:43:59,195[m [36mDEBUG [m[[1;34mhttp-nio-8080-exec-5[m] [36mSqlStatementLogger[m - select te1_0."TRADE_ID",te1_0."MATCH_ID",te1_0."MATCH_DATE",te1_0."CLEARING_DATE",te1_0."QUANTITY",t1_0."TYPE_ID",c1_0."COUNTRY_ID",pb1_0."PARTICIPANT_ID",pb1_0."DOCUMENT_NUMBER",c2_0."COUNTRY_ID",pb1_0."DIRECT_ALLOCATION",ps1_0."PARTICIPANT_ID",ps1_0."DOCUMENT_NUMBER",c3_0."COUNTRY_ID",ps1_0."DIRECT_ALLOCATION",db1_0."DEPOSITORY_ID",ds1_0."DEPOSITORY_ID",sqbt1_0."TYPE_ID",sqst1_0."TYPE_ID",st1_0."COUNTRY_ID" from "NUANBODB"."TRADE" te1_0 left join "NUANBODB"."TYPE" t1_0 on t1_0."TYPE_ID"=te1_0."TYPE_ID" left join "NUANBODB"."COUNTRY" c1_0 on c1_0."COUNTRY_ID"=te1_0."COUNTRY_ID" left join "NUANBODB"."PARTICIPANT" pb1_0 on pb1_0."PARTICIPANT_ID"=te1_0."PARTICIPANT_ID_BUY" left join "NUANBODB"."COUNTRY" c2_0 on c2_0."COUNTRY_ID"=pb1_0."COUNTRY_ID" left join "NUANBODB"."PARTICIPANT" ps1_0 on ps1_0."PARTICIPANT_ID"=te1_0."PARTICIPANT_ID_SELL" left join "NUANBODB"."COUNTRY" c3_0 on c3_0."COUNTRY_ID"=ps1_0."COUNTRY_ID" left join "NUANBODB"."DEPOSITORY" db1_0 on db1_0."DEPOSITORY_ID"=te1_0."DEPOSITORY_ID_BUY" left join "NUANBODB"."DEPOSITORY" ds1_0 on ds1_0."DEPOSITORY_ID"=te1_0."DEPOSITORY_ID_SELL" left join "NUANBODB"."TYPE" sqbt1_0 on sqbt1_0."TYPE_ID"=te1_0."SOURCE_QUOTE_BUY_TYPE" left join "NUANBODB"."TYPE" sqst1_0 on sqst1_0."TYPE_ID"=te1_0."SOURCE_QUOTE_SELL_TYPE" left join "NUANBODB"."SECURITY_TITLE" st1_0 on st1_0."SECURITY_ID"=te1_0."SECURITY_ID" where te1_0."MATCH_ID" in (?,?,?,?,?,?,?,?,?,?,?,?,?,?,?,?,?,?,?,?,?,?,?,?,?,?,?,?,?,?,?,?,?,?,?,?,?,?,?,?)
[30m2026-09-03T17:43:59,195[m [36mDEBUG [m[[1;34mhttp-nio-8080-exec-10[m] [36mSqlStatementLogger[m - select te1_0."TRADE_ID",te1_0."MATCH_ID",te1_0."MATCH_DATE",te1_0."CLEARING_DATE",te1_0."QUANTITY",t1_0."TYPE_ID",c1_0."COUNTRY_ID",pb1_0."PARTICIPANT_ID",pb1_0."DOCUMENT_NUMBER",c2_0."COUNTRY_ID",pb1_0."DIRECT_ALLOCATION",ps1_0."PARTICIPANT_ID",ps1_0."DOCUMENT_NUMBER",c3_0."COUNTRY_ID",ps1_0."DIRECT_ALLOCATION",db1_0."DEPOSITORY_ID",ds1_0."DEPOSITORY_ID",sqbt1_0."TYPE_ID",sqst1_0."TYPE_ID",st1_0."COUNTRY_ID" from "NUANBODB"."TRADE" te1_0 left join "NUANBODB"."TYPE" t1_0 on t1_0."TYPE_ID"=te1_0."TYPE_ID" left join "NUANBODB"."COUNTRY" c1_0 on c1_0."COUNTRY_ID"=te1_0."COUNTRY_ID" left join "NUANBODB"."PARTICIPANT" pb1_0 on pb1_0."PARTICIPANT_ID"=te1_0."PARTICIPANT_ID_BUY" left join "NUANBODB"."COUNTRY" c2_0 on c2_0."COUNTRY_ID"=pb1_0."COUNTRY_ID" left join "NUANBODB"."PARTICIPANT" ps1_0 on ps1_0."PARTICIPANT_ID"=te1_0."PARTICIPANT_ID_SELL" left join "NUANBODB"."COUNTRY" c3_0 on c3_0."COUNTRY_ID"=ps1_0."COUNTRY_ID" left join "NUANBODB"."DEPOSITORY" db1_0 on db1_0."DEPOSITORY_ID"=te1_0."DEPOSITORY_ID_BUY" left join "NUANBODB"."DEPOSITORY" ds1_0 on ds1_0."DEPOSITORY_ID"=te1_0."DEPOSITORY_ID_SELL" left join "NUANBODB"."TYPE" sqbt1_0 on sqbt1_0."TYPE_ID"=te1_0."SOURCE_QUOTE_BUY_TYPE" left join "NUANBODB"."TYPE" sqst1_0 on sqst1_0."TYPE_ID"=te1_0."SOURCE_QUOTE_SELL_TYPE" left join "NUANBODB"."SECURITY_TITLE" st1_0 on st1_0."SECURITY_ID"=te1_0."SECURITY_ID" where te1_0."MATCH_ID" in (?,?,?,?,?,?,?,?,?,?,?,?,?,?,?,?,?,?,?,?,?,?,?,?,?,?,?,?,?,?,?,?,?,?,?,?,?,?,?)
[30m2026-09-03T17:43:59,195[m [36mDEBUG [m[[1;34mhttp-nio-8080-exec-7[m] [36mSqlStatementLogger[m - select te1_0."TRADE_ID",te1_0."MATCH_ID",te1_0."MATCH_DATE",te1_0."CLEARING_DATE",te1_0."QUANTITY",t1_0."TYPE_ID",c1_0."COUNTRY_ID",pb1_0."PARTICIPANT_ID",pb1_0."DOCUMENT_NUMBER",c2_0."COUNTRY_ID",pb1_0."DIRECT_ALLOCATION",ps1_0."PARTICIPANT_ID",ps1_0."DOCUMENT_NUMBER",c3_0."COUNTRY_ID",ps1_0."DIRECT_ALLOCATION",db1_0."DEPOSITORY_ID",ds1_0."DEPOSITORY_ID",sqbt1_0."TYPE_ID",sqst1_0."TYPE_ID",st1_0."COUNTRY_ID" from "NUANBODB"."TRADE" te1_0 left join "NUANBODB"."TYPE" t1_0 on t1_0."TYPE_ID"=te1_0."TYPE_ID" left join "NUANBODB"."COUNTRY" c1_0 on c1_0."COUNTRY_ID"=te1_0."COUNTRY_ID" left join "NUANBODB"."PARTICIPANT" pb1_0 on pb1_0."PARTICIPANT_ID"=te1_0."PARTICIPANT_ID_BUY" left join "NUANBODB"."COUNTRY" c2_0 on c2_0."COUNTRY_ID"=pb1_0."COUNTRY_ID" left join "NUANBODB"."PARTICIPANT" ps1_0 on ps1_0."PARTICIPANT_ID"=te1_0."PARTICIPANT_ID_SELL" left join "NUANBODB"."COUNTRY" c3_0 on c3_0."COUNTRY_ID"=ps1_0."COUNTRY_ID" left join "NUANBODB"."DEPOSITORY" db1_0 on db1_0."DEPOSITORY_ID"=te1_0."DEPOSITORY_ID_BUY" left join "NUANBODB"."DEPOSITORY" ds1_0 on ds1_0."DEPOSITORY_ID"=te1_0."DEPOSITORY_ID_SELL" left join "NUANBODB"."TYPE" sqbt1_0 on sqbt1_0."TYPE_ID"=te1_0."SOURCE_QUOTE_BUY_TYPE" left join "NUANBODB"."TYPE" sqst1_0 on sqst1_0."TYPE_ID"=te1_0."SOURCE_QUOTE_SELL_TYPE" left join "NUANBODB"."SECURITY_TITLE" st1_0 on st1_0."SECURITY_ID"=te1_0."SECURITY_ID" where te1_0."MATCH_ID" in (?,?,?,?,?,?,?,?,?,?,?,?,?,?,?,?,?,?,?,?,?,?,?,?,?,?,?,?,?,?,?,?,?,?,?,?,?,?,?,?)
[30m2026-09-03T17:43:59,195[m [36mDEBUG [m[[1;34mhttp-nio-8080-exec-6[m] [36mSqlStatementLogger[m - select te1_0."TRADE_ID",te1_0."MATCH_ID",te1_0."MATCH_DATE",te1_0."CLEARING_DATE",te1_0."QUANTITY",t1_0."TYPE_ID",c1_0."COUNTRY_ID",pb1_0."PARTICIPANT_ID",pb1_0."DOCUMENT_NUMBER",c2_0."COUNTRY_ID",pb1_0."DIRECT_ALLOCATION",ps1_0."PARTICIPANT_ID",ps1_0."DOCUMENT_NUMBER",c3_0."COUNTRY_ID",ps1_0."DIRECT_ALLOCATION",db1_0."DEPOSITORY_ID",ds1_0."DEPOSITORY_ID",sqbt1_0."TYPE_ID",sqst1_0."TYPE_ID",st1_0."COUNTRY_ID" from "NUANBODB"."TRADE" te1_0 left join "NUANBODB"."TYPE" t1_0 on t1_0."TYPE_ID"=te1_0."TYPE_ID" left join "NUANBODB"."COUNTRY" c1_0 on c1_0."COUNTRY_ID"=te1_0."COUNTRY_ID" left join "NUANBODB"."PARTICIPANT" pb1_0 on pb1_0."PARTICIPANT_ID"=te1_0."PARTICIPANT_ID_BUY" left join "NUANBODB"."COUNTRY" c2_0 on c2_0."COUNTRY_ID"=pb1_0."COUNTRY_ID" left join "NUANBODB"."PARTICIPANT" ps1_0 on ps1_0."PARTICIPANT_ID"=te1_0."PARTICIPANT_ID_SELL" left join "NUANBODB"."COUNTRY" c3_0 on c3_0."COUNTRY_ID"=ps1_0."COUNTRY_ID" left join "NUANBODB"."DEPOSITORY" db1_0 on db1_0."DEPOSITORY_ID"=te1_0."DEPOSITORY_ID_BUY" left join "NUANBODB"."DEPOSITORY" ds1_0 on ds1_0."DEPOSITORY_ID"=te1_0."DEPOSITORY_ID_SELL" left join "NUANBODB"."TYPE" sqbt1_0 on sqbt1_0."TYPE_ID"=te1_0."SOURCE_QUOTE_BUY_TYPE" left join "NUANBODB"."TYPE" sqst1_0 on sqst1_0."TYPE_ID"=te1_0."SOURCE_QUOTE_SELL_TYPE" left join "NUANBODB"."SECURITY_TITLE" st1_0 on st1_0."SECURITY_ID"=te1_0."SECURITY_ID" where te1_0."MATCH_ID" in (?,?,?,?,?,?,?,?,?,?,?,?,?,?,?,?,?,?,?,?,?,?,?,?,?,?,?,?,?,?,?,?,?,?,?,?,?,?,?,?,?)
[30m2026-09-03T17:43:59,195[m [36mDEBUG [m[[1;34mhttp-nio-8080-exec-3[m] [36mSqlStatementLogger[m - select te1_0."TRADE_ID",te1_0."MATCH_ID",te1_0."MATCH_DATE",te1_0."CLEARING_DATE",te1_0."QUANTITY",t1_0."TYPE_ID",c1_0."COUNTRY_ID",pb1_0."PARTICIPANT_ID",pb1_0."DOCUMENT_NUMBER",c2_0."COUNTRY_ID",pb1_0."DIRECT_ALLOCATION",ps1_0."PARTICIPANT_ID",ps1_0."DOCUMENT_NUMBER",c3_0."COUNTRY_ID",ps1_0."DIRECT_ALLOCATION",db1_0."DEPOSITORY_ID",ds1_0."DEPOSITORY_ID",sqbt1_0."TYPE_ID",sqst1_0."TYPE_ID",st1_0."COUNTRY_ID" from "NUANBODB"."TRADE" te1_0 left join "NUANBODB"."TYPE" t1_0 on t1_0."TYPE_ID"=te1_0."TYPE_ID" left join "NUANBODB"."COUNTRY" c1_0 on c1_0."COUNTRY_ID"=te1_0."COUNTRY_ID" left join "NUANBODB"."PARTICIPANT" pb1_0 on pb1_0."PARTICIPANT_ID"=te1_0."PARTICIPANT_ID_BUY" left join "NUANBODB"."COUNTRY" c2_0 on c2_0."COUNTRY_ID"=pb1_0."COUNTRY_ID" left join "NUANBODB"."PARTICIPANT" ps1_0 on ps1_0."PARTICIPANT_ID"=te1_0."PARTICIPANT_ID_SELL" left join "NUANBODB"."COUNTRY" c3_0 on c3_0."COUNTRY_ID"=ps1_0."COUNTRY_ID" left join "NUANBODB"."DEPOSITORY" db1_0 on db1_0."DEPOSITORY_ID"=te1_0."DEPOSITORY_ID_BUY" left join "NUANBODB"."DEPOSITORY" ds1_0 on ds1_0."DEPOSITORY_ID"=te1_0."DEPOSITORY_ID_SELL" left join "NUANBODB"."TYPE" sqbt1_0 on sqbt1_0."TYPE_ID"=te1_0."SOURCE_QUOTE_BUY_TYPE" left join "NUANBODB"."TYPE" sqst1_0 on sqst1_0."TYPE_ID"=te1_0."SOURCE_QUOTE_SELL_TYPE" left join "NUANBODB"."SECURITY_TITLE" st1_0 on st1_0."SECURITY_ID"=te1_0."SECURITY_ID" where te1_0."MATCH_ID" in (?,?,?,?,?,?,?,?,?,?,?,?,?,?,?,?,?,?,?,?,?,?,?,?,?,?,?,?,?,?,?,?,?,?,?,?,?,?,?,?)
[30m2026-09-03T17:43:59,196[m [30mTRACE [m[[1;34mhttp-nio-8080-exec-3[m] [36mJdbcBindingLogging[m - binding parameter (1:BIGINT) <- [642760]
[30m2026-09-03T17:43:59,196[m [30mTRACE [m[[1;34mhttp-nio-8080-exec-6[m] [36mJdbcBindingLogging[m - binding parameter (1:BIGINT) <- [642761]
[30m2026-09-03T17:43:59,196[m [30mTRACE [m[[1;34mhttp-nio-8080-exec-3[m] [36mJdbcBindingLogging[m - binding parameter (2:BIGINT) <- [642827]
[30m2026-09-03T17:43:59,196[m [30mTRACE [m[[1;34mhttp-nio-8080-exec-3[m] [36mJdbcBindingLogging[m - binding parameter (3:BIGINT) <- [642891]
[30m2026-09-03T17:43:59,196[m [30mTRACE [m[[1;34mhttp-nio-8080-exec-5[m] [36mJdbcBindingLogging[m - binding parameter (1:BIGINT) <- [642826]
[30m2026-09-03T17:43:59,196[m [30mTRACE [m[[1;34mhttp-nio-8080-exec-6[m] [36mJdbcBindingLogging[m - binding parameter (2:BIGINT) <- [642829]
[30m2026-09-03T17:43:59,196[m [30mTRACE [m[[1;34mhttp-nio-8080-exec-3[m] [36mJdbcBindingLogging[m - binding parameter (4:BIGINT) <- [642828]
[30m2026-09-03T17:43:59,196[m [30mTRACE [m[[1;34mhttp-nio-8080-exec-6[m] [36mJdbcBindingLogging[m - binding parameter (3:BIGINT) <- [642893]
[30m2026-09-03T17:43:59,196[m [30mTRACE [m[[1;34mhttp-nio-8080-exec-5[m] [36mJdbcBindingLogging[m - binding parameter (2:BIGINT) <- [642890]
[30m2026-09-03T17:43:59,197[m [30mTRACE [m[[1;34mhttp-nio-8080-exec-6[m] [36mJdbcBindingLogging[m - binding parameter (4:BIGINT) <- [642754]
[30m2026-09-03T17:43:59,197[m [30mTRACE [m[[1;34mhttp-nio-8080-exec-5[m] [36mJdbcBindingLogging[m - binding parameter (3:BIGINT) <- [642765]
[30m2026-09-03T17:43:59,197[m [30mTRACE [m[[1;34mhttp-nio-8080-exec-6[m] [36mJdbcBindingLogging[m - binding parameter (5:BIGINT) <- [642822]
[30m2026-09-03T17:43:59,196[m [30mTRACE [m[[1;34mhttp-nio-8080-exec-3[m] [36mJdbcBindingLogging[m - binding parameter (5:BIGINT) <- [642892]
[30m2026-09-03T17:43:59,197[m [30mTRACE [m[[1;34mhttp-nio-8080-exec-6[m] [36mJdbcBindingLogging[m - binding parameter (6:BIGINT) <- [642886]
[30m2026-09-03T17:43:59,197[m [30mTRACE [m[[1;34mhttp-nio-8080-exec-5[m] [36mJdbcBindingLogging[m - binding parameter (4:BIGINT) <- [642819]
[30m2026-09-03T17:43:59,197[m [30mTRACE [m[[1;34mhttp-nio-8080-exec-7[m] [36mJdbcBindingLogging[m - binding parameter (1:BIGINT) <- [642763]
[30m2026-09-03T17:43:59,197[m [30mTRACE [m[[1;34mhttp-nio-8080-exec-6[m] [36mJdbcBindingLogging[m - binding parameter (7:BIGINT) <- [642904]
[30m2026-09-03T17:43:59,197[m [30mTRACE [m[[1;34mhttp-nio-8080-exec-3[m] [36mJdbcBindingLogging[m - binding parameter (6:BIGINT) <- [642767]
[30m2026-09-03T17:43:59,197[m [30mTRACE [m[[1;34mhttp-nio-8080-exec-5[m] [36mJdbcBindingLogging[m - binding parameter (5:BIGINT) <- [642883]
[30m2026-09-03T17:43:59,197[m [30mTRACE [m[[1;34mhttp-nio-8080-exec-6[m] [36mJdbcBindingLogging[m - binding parameter (8:BIGINT) <- [642843]
[30m2026-09-03T17:43:59,197[m [30mTRACE [m[[1;34mhttp-nio-8080-exec-3[m] [36mJdbcBindingLogging[m - binding parameter (7:BIGINT) <- [642766]
[30m2026-09-03T17:43:59,197[m [30mTRACE [m[[1;34mhttp-nio-8080-exec-5[m] [36mJdbcBindingLogging[m - binding parameter (6:BIGINT) <- [642758]
[30m2026-09-03T17:43:59,197[m [30mTRACE [m[[1;34mhttp-nio-8080-exec-3[m] [36mJdbcBindingLogging[m - binding parameter (8:BIGINT) <- [642753]
[30m2026-09-03T17:43:59,197[m [30mTRACE [m[[1;34mhttp-nio-8080-exec-10[m] [36mJdbcBindingLogging[m - binding parameter (1:BIGINT) <- [642825]
[30m2026-09-03T17:43:59,197[m [30mTRACE [m[[1;34mhttp-nio-8080-exec-6[m] [36mJdbcBindingLogging[m - binding parameter (9:BIGINT) <- [642783]
[30m2026-09-03T17:43:59,197[m [30mTRACE [m[[1;34mhttp-nio-8080-exec-7[m] [36mJdbcBindingLogging[m - binding parameter (2:BIGINT) <- [642762]
[30m2026-09-03T17:43:59,197[m [30mTRACE [m[[1;34mhttp-nio-8080-exec-10[m] [36mJdbcBindingLogging[m - binding parameter (2:BIGINT) <- [642889]
[30m2026-09-03T17:43:59,197[m [30mTRACE [m[[1;34mhttp-nio-8080-exec-3[m] [36mJdbcBindingLogging[m - binding parameter (9:BIGINT) <- [642752]
[30m2026-09-03T17:43:59,197[m [30mTRACE [m[[1;34mhttp-nio-8080-exec-5[m] [36mJdbcBindingLogging[m - binding parameter (7:BIGINT) <- [642841]
[30m2026-09-03T17:43:59,197[m [30mTRACE [m[[1;34mhttp-nio-8080-exec-10[m] [36mJdbcBindingLogging[m - binding parameter (3:BIGINT) <- [642824]
[30m2026-09-03T17:43:59,197[m [30mTRACE [m[[1;34mhttp-nio-8080-exec-6[m] [36mJdbcBindingLogging[m - binding parameter (10:BIGINT) <- [642718]
[30m2026-09-03T17:43:59,197[m [30mTRACE [m[[1;34mhttp-nio-8080-exec-10[m] [36mJdbcBindingLogging[m - binding parameter (4:BIGINT) <- [642888]
[30m2026-09-03T17:43:59,197[m [30mTRACE [m[[1;34mhttp-nio-8080-exec-3[m] [36mJdbcBindingLogging[m - binding parameter (10:BIGINT) <- [642821]
[30m2026-09-03T17:43:59,197[m [30mTRACE [m[[1;34mhttp-nio-8080-exec-5[m] [36mJdbcBindingLogging[m - binding parameter (8:BIGINT) <- [642840]
[30m2026-09-03T17:43:59,197[m [30mTRACE [m[[1;34mhttp-nio-8080-exec-6[m] [36mJdbcBindingLogging[m - binding parameter (11:BIGINT) <- [642782]
[30m2026-09-03T17:43:59,197[m [30mTRACE [m[[1;34mhttp-nio-8080-exec-7[m] [36mJdbcBindingLogging[m - binding parameter (3:BIGINT) <- [642831]
[30m2026-09-03T17:43:59,197[m [30mTRACE [m[[1;34mhttp-nio-8080-exec-6[m] [36mJdbcBindingLogging[m - binding parameter (12:BIGINT) <- [642768]
[30m2026-09-03T17:43:59,197[m [30mTRACE [m[[1;34mhttp-nio-8080-exec-10[m] [36mJdbcBindingLogging[m - binding parameter (5:BIGINT) <- [642764]
[30m2026-09-03T17:43:59,197[m [30mTRACE [m[[1;34mhttp-nio-8080-exec-3[m] [36mJdbcBindingLogging[m - binding parameter (11:BIGINT) <- [642885]
[30m2026-09-03T17:43:59,197[m [30mTRACE [m[[1;34mhttp-nio-8080-exec-6[m] [36mJdbcBindingLogging[m - binding parameter (13:BIGINT) <- [642836]
[30m2026-09-03T17:43:59,197[m [30mTRACE [m[[1;34mhttp-nio-8080-exec-7[m] [36mJdbcBindingLogging[m - binding parameter (4:BIGINT) <- [642895]
[30m2026-09-03T17:43:59,197[m [30mTRACE [m[[1;34mhttp-nio-8080-exec-5[m] [36mJdbcBindingLogging[m - binding parameter (9:BIGINT) <- [642715]
[30m2026-09-03T17:43:59,197[m [30mTRACE [m[[1;34mhttp-nio-8080-exec-10[m] [36mJdbcBindingLogging[m - binding parameter (6:BIGINT) <- [642817]
[30m2026-09-03T17:43:59,197[m [30mTRACE [m[[1;34mhttp-nio-8080-exec-6[m] [36mJdbcBindingLogging[m - binding parameter (14:BIGINT) <- [642711]
[30m2026-09-03T17:43:59,197[m [30mTRACE [m[[1;34mhttp-nio-8080-exec-7[m] [36mJdbcBindingLogging[m - binding parameter (5:BIGINT) <- [642830]
[30m2026-09-03T17:43:59,197[m [30mTRACE [m[[1;34mhttp-nio-8080-exec-3[m] [36mJdbcBindingLogging[m - binding parameter (12:BIGINT) <- [642820]
[30m2026-09-03T17:43:59,197[m [30mTRACE [m[[1;34mhttp-nio-8080-exec-5[m] [36mJdbcBindingLogging[m - binding parameter (10:BIGINT) <- [642779]
[30m2026-09-03T17:43:59,197[m [30mTRACE [m[[1;34mhttp-nio-8080-exec-10[m] [36mJdbcBindingLogging[m - binding parameter (7:BIGINT) <- [642881]
[30m2026-09-03T17:43:59,197[m [30mTRACE [m[[1;34mhttp-nio-8080-exec-6[m] [36mJdbcBindingLogging[m - binding parameter (15:BIGINT) <- [642775]
[30m2026-09-03T17:43:59,197[m [30mTRACE [m[[1;34mhttp-nio-8080-exec-3[m] [36mJdbcBindingLogging[m - binding parameter (13:BIGINT) <- [642884]
[30m2026-09-03T17:43:59,197[m [30mTRACE [m[[1;34mhttp-nio-8080-exec-5[m] [36mJdbcBindingLogging[m - binding parameter (11:BIGINT) <- [642780]
[30m2026-09-03T17:43:59,197[m [30mTRACE [m[[1;34mhttp-nio-8080-exec-6[m] [36mJdbcBindingLogging[m - binding parameter (16:BIGINT) <- [642857]
[30m2026-09-03T17:43:59,197[m [30mTRACE [m[[1;34mhttp-nio-8080-exec-10[m] [36mJdbcBindingLogging[m - binding parameter (8:BIGINT) <- [642818]
[30m2026-09-03T17:43:59,197[m [30mTRACE [m[[1;34mhttp-nio-8080-exec-7[m] [36mJdbcBindingLogging[m - binding parameter (6:BIGINT) <- [642894]
[30m2026-09-03T17:43:59,197[m [30mTRACE [m[[1;34mhttp-nio-8080-exec-3[m] [36mJdbcBindingLogging[m - binding parameter (14:BIGINT) <- [642759]
[30m2026-09-03T17:43:59,197[m [30mTRACE [m[[1;34mhttp-nio-8080-exec-5[m] [36mJdbcBindingLogging[m - binding parameter (12:BIGINT) <- [642847]
[30m2026-09-03T17:43:59,197[m [30mTRACE [m[[1;34mhttp-nio-8080-exec-6[m] [36mJdbcBindingLogging[m - binding parameter (17:BIGINT) <- [642858]
[30m2026-09-03T17:43:59,197[m [30mTRACE [m[[1;34mhttp-nio-8080-exec-10[m] [36mJdbcBindingLogging[m - binding parameter (9:BIGINT) <- [642882]
[30m2026-09-03T17:43:59,197[m [30mTRACE [m[[1;34mhttp-nio-8080-exec-3[m] [36mJdbcBindingLogging[m - binding parameter (15:BIGINT) <- [642842]
[30m2026-09-03T17:43:59,197[m [30mTRACE [m[[1;34mhttp-nio-8080-exec-5[m] [36mJdbcBindingLogging[m - binding parameter (13:BIGINT) <- [642833]
[30m2026-09-03T17:43:59,197[m [30mTRACE [m[[1;34mhttp-nio-8080-exec-6[m] [36mJdbcBindingLogging[m - binding parameter (18:BIGINT) <- [642733]
[30m2026-09-03T17:43:59,197[m [30mTRACE [m[[1;34mhttp-nio-8080-exec-7[m] [36mJdbcBindingLogging[m - binding parameter (7:BIGINT) <- [642816]
[30m2026-09-03T17:43:59,197[m [30mTRACE [m[[1;34mhttp-nio-8080-exec-10[m] [36mJdbcBindingLogging[m - binding parameter (10:BIGINT) <- [642757]
[30m2026-09-03T17:43:59,197[m [30mTRACE [m[[1;34mhttp-nio-8080-exec-3[m] [36mJdbcBindingLogging[m - binding parameter (16:BIGINT) <- [642717]
[30m2026-09-03T17:43:59,197[m [30mTRACE [m[[1;34mhttp-nio-8080-exec-5[m] [36mJdbcBindingLogging[m - binding parameter (14:BIGINT) <- [642897]
[30m2026-09-03T17:43:59,197[m [30mTRACE [m[[1;34mhttp-nio-8080-exec-10[m] [36mJdbcBindingLogging[m - binding parameter (11:BIGINT) <- [642756]
[30m2026-09-03T17:43:59,197[m [30mTRACE [m[[1;34mhttp-nio-8080-exec-3[m] [36mJdbcBindingLogging[m - binding parameter (17:BIGINT) <- [642781]
[30m2026-09-03T17:43:59,197[m [30mTRACE [m[[1;34mhttp-nio-8080-exec-7[m] [36mJdbcBindingLogging[m - binding parameter (8:BIGINT) <- [642880]
[30m2026-09-03T17:43:59,197[m [30mTRACE [m[[1;34mhttp-nio-8080-exec-6[m] [36mJdbcBindingLogging[m - binding parameter (19:BIGINT) <- [642797]
[30m2026-09-03T17:43:59,197[m [30mTRACE [m[[1;34mhttp-nio-8080-exec-3[m] [36mJdbcBindingLogging[m - binding parameter (18:BIGINT) <- [642716]
[30m2026-09-03T17:43:59,197[m [30mTRACE [m[[1;34mhttp-nio-8080-exec-10[m] [36mJdbcBindingLogging[m - binding parameter (12:BIGINT) <- [642907]
[30m2026-09-03T17:43:59,197[m [30mTRACE [m[[1;34mhttp-nio-8080-exec-7[m] [36mJdbcBindingLogging[m - binding parameter (9:BIGINT) <- [642755]
[30m2026-09-03T17:43:59,197[m [30mTRACE [m[[1;34mhttp-nio-8080-exec-5[m] [36mJdbcBindingLogging[m - binding parameter (15:BIGINT) <- [642773]
[30m2026-09-03T17:43:59,197[m [30mTRACE [m[[1;34mhttp-nio-8080-exec-3[m] [36mJdbcBindingLogging[m - binding parameter (19:BIGINT) <- [642835]
[30m2026-09-03T17:43:59,197[m [30mTRACE [m[[1;34mhttp-nio-8080-exec-5[m] [36mJdbcBindingLogging[m - binding parameter (16:BIGINT) <- [642901]
[30m2026-09-03T17:43:59,197[m [30mTRACE [m[[1;34mhttp-nio-8080-exec-10[m] [36mJdbcBindingLogging[m - binding parameter (13:BIGINT) <- [642714]
[30m2026-09-03T17:43:59,197[m [30mTRACE [m[[1;34mhttp-nio-8080-exec-6[m] [36mJdbcBindingLogging[m - binding parameter (20:BIGINT) <- [642732]
[30m2026-09-03T17:43:59,197[m [30mTRACE [m[[1;34mhttp-nio-8080-exec-5[m] [36mJdbcBindingLogging[m - binding parameter (17:BIGINT) <- [642708]
[30m2026-09-03T17:43:59,197[m [30mTRACE [m[[1;34mhttp-nio-8080-exec-10[m] [36mJdbcBindingLogging[m - binding parameter (14:BIGINT) <- [642778]
[30m2026-09-03T17:43:59,197[m [30mTRACE [m[[1;34mhttp-nio-8080-exec-6[m] [36mJdbcBindingLogging[m - binding parameter (21:BIGINT) <- [642796]
[30m2026-09-03T17:43:59,197[m [30mTRACE [m[[1;34mhttp-nio-8080-exec-7[m] [36mJdbcBindingLogging[m - binding parameter (10:BIGINT) <- [642823]
[30m2026-09-03T17:43:59,197[m [30mTRACE [m[[1;34mhttp-nio-8080-exec-10[m] [36mJdbcBindingLogging[m - binding parameter (15:BIGINT) <- [642846]
[30m2026-09-03T17:43:59,197[m [30mTRACE [m[[1;34mhttp-nio-8080-exec-6[m] [36mJdbcBindingLogging[m - binding parameter (22:BIGINT) <- [642850]
[30m2026-09-03T17:43:59,197[m [30mTRACE [m[[1;34mhttp-nio-8080-exec-3[m] [36mJdbcBindingLogging[m - binding parameter (20:BIGINT) <- [642899]
[30m2026-09-03T17:43:59,197[m [30mTRACE [m[[1;34mhttp-nio-8080-exec-6[m] [36mJdbcBindingLogging[m - binding parameter (23:BIGINT) <- [642725]
[30m2026-09-03T17:43:59,197[m [30mTRACE [m[[1;34mhttp-nio-8080-exec-3[m] [36mJdbcBindingLogging[m - binding parameter (21:BIGINT) <- [642834]
[30m2026-09-03T17:43:59,197[m [30mTRACE [m[[1;34mhttp-nio-8080-exec-7[m] [36mJdbcBindingLogging[m - binding parameter (11:BIGINT) <- [642887]
[30m2026-09-03T17:43:59,198[m [30mTRACE [m[[1;34mhttp-nio-8080-exec-6[m] [36mJdbcBindingLogging[m - binding parameter (24:BIGINT) <- [642789]
[30m2026-09-03T17:43:59,198[m [30mTRACE [m[[1;34mhttp-nio-8080-exec-3[m] [36mJdbcBindingLogging[m - binding parameter (22:BIGINT) <- [642898]
[30m2026-09-03T17:43:59,198[m [30mTRACE [m[[1;34mhttp-nio-8080-exec-7[m] [36mJdbcBindingLogging[m - binding parameter (12:BIGINT) <- [642713]
[30m2026-09-03T17:43:59,198[m [30mTRACE [m[[1;34mhttp-nio-8080-exec-7[m] [36mJdbcBindingLogging[m - binding parameter (13:BIGINT) <- [642777]
[30m2026-09-03T17:43:59,197[m [30mTRACE [m[[1;34mhttp-nio-8080-exec-5[m] [36mJdbcBindingLogging[m - binding parameter (18:BIGINT) <- [642772]
[30m2026-09-03T17:43:59,198[m [30mTRACE [m[[1;34mhttp-nio-8080-exec-7[m] [36mJdbcBindingLogging[m - binding parameter (14:BIGINT) <- [642905]
[30m2026-09-03T17:43:59,198[m [30mTRACE [m[[1;34mhttp-nio-8080-exec-3[m] [36mJdbcBindingLogging[m - binding parameter (23:BIGINT) <- [642709]
[30m2026-09-03T17:43:59,198[m [30mTRACE [m[[1;34mhttp-nio-8080-exec-6[m] [36mJdbcBindingLogging[m - binding parameter (25:BIGINT) <- [642790]
[30m2026-09-03T17:43:59,198[m [30mTRACE [m[[1;34mhttp-nio-8080-exec-5[m] [36mJdbcBindingLogging[m - binding parameter (19:BIGINT) <- [642729]
[30m2026-09-03T17:43:59,197[m [30mTRACE [m[[1;34mhttp-nio-8080-exec-10[m] [36mJdbcBindingLogging[m - binding parameter (16:BIGINT) <- [642832]
[30m2026-09-03T17:43:59,198[m [30mTRACE [m[[1;34mhttp-nio-8080-exec-3[m] [36mJdbcBindingLogging[m - binding parameter (24:BIGINT) <- [642903]
[30m2026-09-03T17:43:59,198[m [30mTRACE [m[[1;34mhttp-nio-8080-exec-7[m] [36mJdbcBindingLogging[m - binding parameter (15:BIGINT) <- [642712]
[30m2026-09-03T17:43:59,198[m [30mTRACE [m[[1;34mhttp-nio-8080-exec-5[m] [36mJdbcBindingLogging[m - binding parameter (20:BIGINT) <- [642793]
[30m2026-09-03T17:43:59,198[m [30mTRACE [m[[1;34mhttp-nio-8080-exec-3[m] [36mJdbcBindingLogging[m - binding parameter (25:BIGINT) <- [642710]
[30m2026-09-03T17:43:59,198[m [30mTRACE [m[[1;34mhttp-nio-8080-exec-6[m] [36mJdbcBindingLogging[m - binding parameter (26:BIGINT) <- [642808]
[30m2026-09-03T17:43:59,198[m [30mTRACE [m[[1;34mhttp-nio-8080-exec-5[m] [36mJdbcBindingLogging[m - binding parameter (21:BIGINT) <- [642730]
[30m2026-09-03T17:43:59,198[m [30mTRACE [m[[1;34mhttp-nio-8080-exec-3[m] [36mJdbcBindingLogging[m - binding parameter (26:BIGINT) <- [642774]
[30m2026-09-03T17:43:59,198[m [30mTRACE [m[[1;34mhttp-nio-8080-exec-10[m] [36mJdbcBindingLogging[m - binding parameter (17:BIGINT) <- [642896]
[30m2026-09-03T17:43:59,198[m [30mTRACE [m[[1;34mhttp-nio-8080-exec-3[m] [36mJdbcBindingLogging[m - binding parameter (27:BIGINT) <- [642902]
[30m2026-09-03T17:43:59,198[m [30mTRACE [m[[1;34mhttp-nio-8080-exec-7[m] [36mJdbcBindingLogging[m - binding parameter (16:BIGINT) <- [642776]
[30m2026-09-03T17:43:59,198[m [30mTRACE [m[[1;34mhttp-nio-8080-exec-5[m] [36mJdbcBindingLogging[m - binding parameter (22:BIGINT) <- [642794]
[30m2026-09-03T17:43:59,198[m [30mTRACE [m[[1;34mhttp-nio-8080-exec-3[m] [36mJdbcBindingLogging[m - binding parameter (28:BIGINT) <- [642856]
[30m2026-09-03T17:43:59,198[m [30mTRACE [m[[1;34mhttp-nio-8080-exec-10[m] [36mJdbcBindingLogging[m - binding parameter (18:BIGINT) <- [642771]
[30m2026-09-03T17:43:59,198[m [30mTRACE [m[[1;34mhttp-nio-8080-exec-7[m] [36mJdbcBindingLogging[m - binding parameter (17:BIGINT) <- [642906]
[30m2026-09-03T17:43:59,198[m [30mTRACE [m[[1;34mhttp-nio-8080-exec-3[m] [36mJdbcBindingLogging[m - binding parameter (29:BIGINT) <- [642731]
[30m2026-09-03T17:43:59,198[m [30mTRACE [m[[1;34mhttp-nio-8080-exec-6[m] [36mJdbcBindingLogging[m - binding parameter (27:BIGINT) <- [642872]
[30m2026-09-03T17:43:59,198[m [30mTRACE [m[[1;34mhttp-nio-8080-exec-3[m] [36mJdbcBindingLogging[m - binding parameter (30:BIGINT) <- [642795]
[30m2026-09-03T17:43:59,198[m [30mTRACE [m[[1;34mhttp-nio-8080-exec-7[m] [36mJdbcBindingLogging[m - binding parameter (18:BIGINT) <- [642845]
[30m2026-09-03T17:43:59,198[m [30mTRACE [m[[1;34mhttp-nio-8080-exec-3[m] [36mJdbcBindingLogging[m - binding parameter (31:BIGINT) <- [642863]
[30m2026-09-03T17:43:59,198[m [30mTRACE [m[[1;34mhttp-nio-8080-exec-3[m] [36mJdbcBindingLogging[m - binding parameter (32:BIGINT) <- [642849]
[30m2026-09-03T17:43:59,198[m [30mTRACE [m[[1;34mhttp-nio-8080-exec-7[m] [36mJdbcBindingLogging[m - binding parameter (19:BIGINT) <- [642844]
[30m2026-09-03T17:43:59,198[m [30mTRACE [m[[1;34mhttp-nio-8080-exec-6[m] [36mJdbcBindingLogging[m - binding parameter (28:BIGINT) <- [642747]
[30m2026-09-03T17:43:59,198[m [30mTRACE [m[[1;34mhttp-nio-8080-exec-3[m] [36mJdbcBindingLogging[m - binding parameter (33:BIGINT) <- [642724]
[30m2026-09-03T17:43:59,198[m [30mTRACE [m[[1;34mhttp-nio-8080-exec-5[m] [36mJdbcBindingLogging[m - binding parameter (23:BIGINT) <- [642861]
[30m2026-09-03T17:43:59,198[m [30mTRACE [m[[1;34mhttp-nio-8080-exec-10[m] [36mJdbcBindingLogging[m - binding parameter (19:BIGINT) <- [642900]
[30m2026-09-03T17:43:59,198[m [30mTRACE [m[[1;34mhttp-nio-8080-exec-7[m] [36mJdbcBindingLogging[m - binding parameter (20:BIGINT) <- [642719]
[30m2026-09-03T17:43:59,198[m [30mTRACE [m[[1;34mhttp-nio-8080-exec-3[m] [36mJdbcBindingLogging[m - binding parameter (34:BIGINT) <- [642788]
[30m2026-09-03T17:43:59,198[m [30mTRACE [m[[1;34mhttp-nio-8080-exec-5[m] [36mJdbcBindingLogging[m - binding parameter (24:BIGINT) <- [642862]
[30m2026-09-03T17:43:59,198[m [30mTRACE [m[[1;34mhttp-nio-8080-exec-3[m] [36mJdbcBindingLogging[m - binding parameter (35:BIGINT) <- [642745]
[30m2026-09-03T17:43:59,198[m [30mTRACE [m[[1;34mhttp-nio-8080-exec-7[m] [36mJdbcBindingLogging[m - binding parameter (21:BIGINT) <- [642769]
[30m2026-09-03T17:43:59,198[m [30mTRACE [m[[1;34mhttp-nio-8080-exec-5[m] [36mJdbcBindingLogging[m - binding parameter (25:BIGINT) <- [642848]
[30m2026-09-03T17:43:59,198[m [30mTRACE [m[[1;34mhttp-nio-8080-exec-10[m] [36mJdbcBindingLogging[m - binding parameter (20:BIGINT) <- [642839]
[30m2026-09-03T17:43:59,198[m [30mTRACE [m[[1;34mhttp-nio-8080-exec-3[m] [36mJdbcBindingLogging[m - binding parameter (36:BIGINT) <- [642813]
[30m2026-09-03T17:43:59,198[m [30mTRACE [m[[1;34mhttp-nio-8080-exec-6[m] [36mJdbcBindingLogging[m - binding parameter (29:BIGINT) <- [642746]
[30m2026-09-03T17:43:59,198[m [30mTRACE [m[[1;34mhttp-nio-8080-exec-7[m] [36mJdbcBindingLogging[m - binding parameter (22:BIGINT) <- [642770]
[30m2026-09-03T17:43:59,198[m [30mTRACE [m[[1;34mhttp-nio-8080-exec-5[m] [36mJdbcBindingLogging[m - binding parameter (26:BIGINT) <- [642723]
[30m2026-09-03T17:43:59,198[m [30mTRACE [m[[1;34mhttp-nio-8080-exec-3[m] [36mJdbcBindingLogging[m - binding parameter (37:BIGINT) <- [642877]
[30m2026-09-03T17:43:59,198[m [30mTRACE [m[[1;34mhttp-nio-8080-exec-10[m] [36mJdbcBindingLogging[m - binding parameter (21:BIGINT) <- [642728]
[30m2026-09-03T17:43:59,198[m [30mTRACE [m[[1;34mhttp-nio-8080-exec-7[m] [36mJdbcBindingLogging[m - binding parameter (23:BIGINT) <- [642837]
[30m2026-09-03T17:43:59,198[m [30mTRACE [m[[1;34mhttp-nio-8080-exec-5[m] [36mJdbcBindingLogging[m - binding parameter (27:BIGINT) <- [642787]
[30m2026-09-03T17:43:59,198[m [30mTRACE [m[[1;34mhttp-nio-8080-exec-3[m] [36mJdbcBindingLogging[m - binding parameter (38:BIGINT) <- [642738]
[30m2026-09-03T17:43:59,198[m [30mTRACE [m[[1;34mhttp-nio-8080-exec-6[m] [36mJdbcBindingLogging[m - binding parameter (30:BIGINT) <- [642815]
[30m2026-09-03T17:43:59,198[m [30mTRACE [m[[1;34mhttp-nio-8080-exec-10[m] [36mJdbcBindingLogging[m - binding parameter (22:BIGINT) <- [642792]
[30m2026-09-03T17:43:59,198[m [30mTRACE [m[[1;34mhttp-nio-8080-exec-3[m] [36mJdbcBindingLogging[m - binding parameter (39:BIGINT) <- [642806]
[30m2026-09-03T17:43:59,198[m [30mTRACE [m[[1;34mhttp-nio-8080-exec-7[m] [36mJdbcBindingLogging[m - binding parameter (24:BIGINT) <- [642838]
[30m2026-09-03T17:43:59,198[m [30mTRACE [m[[1;34mhttp-nio-8080-exec-5[m] [36mJdbcBindingLogging[m - binding parameter (28:BIGINT) <- [642722]
[30m2026-09-03T17:43:59,198[m [30mTRACE [m[[1;34mhttp-nio-8080-exec-3[m] [36mJdbcBindingLogging[m - binding parameter (40:BIGINT) <- [642870]
[30m2026-09-03T17:43:59,198[m [30mTRACE [m[[1;34mhttp-nio-8080-exec-6[m] [36mJdbcBindingLogging[m - binding parameter (31:BIGINT) <- [642879]
[30m2026-09-03T17:43:59,198[m [30mTRACE [m[[1;34mhttp-nio-8080-exec-10[m] [36mJdbcBindingLogging[m - binding parameter (23:BIGINT) <- [642860]
[30m2026-09-03T17:43:59,198[m [30mTRACE [m[[1;34mhttp-nio-8080-exec-7[m] [36mJdbcBindingLogging[m - binding parameter (25:BIGINT) <- [642859]
[30m2026-09-03T17:43:59,198[m [30mTRACE [m[[1;34mhttp-nio-8080-exec-5[m] [36mJdbcBindingLogging[m - binding parameter (29:BIGINT) <- [642786]
[30m2026-09-03T17:43:59,198[m [30mTRACE [m[[1;34mhttp-nio-8080-exec-6[m] [36mJdbcBindingLogging[m - binding parameter (32:BIGINT) <- [642814]
[30m2026-09-03T17:43:59,198[m [30mTRACE [m[[1;34mhttp-nio-8080-exec-10[m] [36mJdbcBindingLogging[m - binding parameter (24:BIGINT) <- [642735]
[30m2026-09-03T17:43:59,198[m [30mTRACE [m[[1;34mhttp-nio-8080-exec-5[m] [36mJdbcBindingLogging[m - binding parameter (30:BIGINT) <- [642855]
[30m2026-09-03T17:43:59,198[m [30mTRACE [m[[1;34mhttp-nio-8080-exec-7[m] [36mJdbcBindingLogging[m - binding parameter (26:BIGINT) <- [642734]
[30m2026-09-03T17:43:59,198[m [30mTRACE [m[[1;34mhttp-nio-8080-exec-6[m] [36mJdbcBindingLogging[m - binding parameter (33:BIGINT) <- [642878]
[30m2026-09-03T17:43:59,198[m [30mTRACE [m[[1;34mhttp-nio-8080-exec-10[m] [36mJdbcBindingLogging[m - binding parameter (25:BIGINT) <- [642799]
[30m2026-09-03T17:43:59,198[m [30mTRACE [m[[1;34mhttp-nio-8080-exec-5[m] [36mJdbcBindingLogging[m - binding parameter (31:BIGINT) <- [642854]
[30m2026-09-03T17:43:59,198[m [30mTRACE [m[[1;34mhttp-nio-8080-exec-7[m] [36mJdbcBindingLogging[m - binding parameter (27:BIGINT) <- [642798]
[30m2026-09-03T17:43:59,198[m [30mTRACE [m[[1;34mhttp-nio-8080-exec-6[m] [36mJdbcBindingLogging[m - binding parameter (34:BIGINT) <- [642801]
[30m2026-09-03T17:43:59,198[m [30mTRACE [m[[1;34mhttp-nio-8080-exec-10[m] [36mJdbcBindingLogging[m - binding parameter (26:BIGINT) <- [642721]
[30m2026-09-03T17:43:59,198[m [30mTRACE [m[[1;34mhttp-nio-8080-exec-5[m] [36mJdbcBindingLogging[m - binding parameter (32:BIGINT) <- [642744]
[30m2026-09-03T17:43:59,198[m [30mTRACE [m[[1;34mhttp-nio-8080-exec-7[m] [36mJdbcBindingLogging[m - binding parameter (28:BIGINT) <- [642720]
[30m2026-09-03T17:43:59,198[m [30mTRACE [m[[1;34mhttp-nio-8080-exec-10[m] [36mJdbcBindingLogging[m - binding parameter (27:BIGINT) <- [642785]
[30m2026-09-03T17:43:59,198[m [30mTRACE [m[[1;34mhttp-nio-8080-exec-7[m] [36mJdbcBindingLogging[m - binding parameter (29:BIGINT) <- [642784]
[30m2026-09-03T17:43:59,198[m [30mTRACE [m[[1;34mhttp-nio-8080-exec-6[m] [36mJdbcBindingLogging[m - binding parameter (35:BIGINT) <- [642865]
[30m2026-09-03T17:43:59,198[m [30mTRACE [m[[1;34mhttp-nio-8080-exec-5[m] [36mJdbcBindingLogging[m - binding parameter (33:BIGINT) <- [642812]
[30m2026-09-03T17:43:59,198[m [30mTRACE [m[[1;34mhttp-nio-8080-exec-10[m] [36mJdbcBindingLogging[m - binding parameter (28:BIGINT) <- [642853]
[30m2026-09-03T17:43:59,198[m [30mTRACE [m[[1;34mhttp-nio-8080-exec-6[m] [36mJdbcBindingLogging[m - binding parameter (36:BIGINT) <- [642800]
[30m2026-09-03T17:43:59,198[m [30mTRACE [m[[1;34mhttp-nio-8080-exec-7[m] [36mJdbcBindingLogging[m - binding parameter (30:BIGINT) <- [642851]
[30m2026-09-03T17:43:59,198[m [30mTRACE [m[[1;34mhttp-nio-8080-exec-5[m] [36mJdbcBindingLogging[m - binding parameter (34:BIGINT) <- [642876]
[30m2026-09-03T17:43:59,198[m [30mTRACE [m[[1;34mhttp-nio-8080-exec-6[m] [36mJdbcBindingLogging[m - binding parameter (37:BIGINT) <- [642864]
[30m2026-09-03T17:43:59,198[m [30mTRACE [m[[1;34mhttp-nio-8080-exec-10[m] [36mJdbcBindingLogging[m - binding parameter (29:BIGINT) <- [642811]
[30m2026-09-03T17:43:59,198[m [30mTRACE [m[[1;34mhttp-nio-8080-exec-5[m] [36mJdbcBindingLogging[m - binding parameter (35:BIGINT) <- [642751]
[30m2026-09-03T17:43:59,198[m [30mTRACE [m[[1;34mhttp-nio-8080-exec-6[m] [36mJdbcBindingLogging[m - binding parameter (38:BIGINT) <- [642739]
[30m2026-09-03T17:43:59,198[m [30mTRACE [m[[1;34mhttp-nio-8080-exec-7[m] [36mJdbcBindingLogging[m - binding parameter (31:BIGINT) <- [642852]
[30m2026-09-03T17:43:59,198[m [30mTRACE [m[[1;34mhttp-nio-8080-exec-5[m] [36mJdbcBindingLogging[m - binding parameter (36:BIGINT) <- [642737]
[30m2026-09-03T17:43:59,199[m [30mTRACE [m[[1;34mhttp-nio-8080-exec-7[m] [36mJdbcBindingLogging[m - binding parameter (32:BIGINT) <- [642727]
[30m2026-09-03T17:43:59,199[m [30mTRACE [m[[1;34mhttp-nio-8080-exec-10[m] [36mJdbcBindingLogging[m - binding parameter (30:BIGINT) <- [642875]
[30m2026-09-03T17:43:59,199[m [30mTRACE [m[[1;34mhttp-nio-8080-exec-6[m] [36mJdbcBindingLogging[m - binding parameter (39:BIGINT) <- [642740]
[30m2026-09-03T17:43:59,199[m [30mTRACE [m[[1;34mhttp-nio-8080-exec-5[m] [36mJdbcBindingLogging[m - binding parameter (37:BIGINT) <- [642736]
[30m2026-09-03T17:43:59,199[m [30mTRACE [m[[1;34mhttp-nio-8080-exec-5[m] [36mJdbcBindingLogging[m - binding parameter (38:BIGINT) <- [642805]
[30m2026-09-03T17:43:59,199[m [30mTRACE [m[[1;34mhttp-nio-8080-exec-10[m] [36mJdbcBindingLogging[m - binding parameter (31:BIGINT) <- [642810]
[30m2026-09-03T17:43:59,199[m [30mTRACE [m[[1;34mhttp-nio-8080-exec-7[m] [36mJdbcBindingLogging[m - binding parameter (33:BIGINT) <- [642791]
[30m2026-09-03T17:43:59,199[m [30mTRACE [m[[1;34mhttp-nio-8080-exec-6[m] [36mJdbcBindingLogging[m - binding parameter (40:BIGINT) <- [642807]
[30m2026-09-03T17:43:59,199[m [30mTRACE [m[[1;34mhttp-nio-8080-exec-5[m] [36mJdbcBindingLogging[m - binding parameter (39:BIGINT) <- [642869]
[30m2026-09-03T17:43:59,199[m [30mTRACE [m[[1;34mhttp-nio-8080-exec-7[m] [36mJdbcBindingLogging[m - binding parameter (34:BIGINT) <- [642726]
[30m2026-09-03T17:43:59,199[m [30mTRACE [m[[1;34mhttp-nio-8080-exec-6[m] [36mJdbcBindingLogging[m - binding parameter (41:BIGINT) <- [642871]
[30m2026-09-03T17:43:59,199[m [30mTRACE [m[[1;34mhttp-nio-8080-exec-5[m] [36mJdbcBindingLogging[m - binding parameter (40:BIGINT) <- [642804]
[30m2026-09-03T17:43:59,199[m [30mTRACE [m[[1;34mhttp-nio-8080-exec-10[m] [36mJdbcBindingLogging[m - binding parameter (32:BIGINT) <- [642874]
[30m2026-09-03T17:43:59,199[m [30mTRACE [m[[1;34mhttp-nio-8080-exec-7[m] [36mJdbcBindingLogging[m - binding parameter (35:BIGINT) <- [642809]
[30m2026-09-03T17:43:59,199[m [30mTRACE [m[[1;34mhttp-nio-8080-exec-10[m] [36mJdbcBindingLogging[m - binding parameter (33:BIGINT) <- [642749]
[30m2026-09-03T17:43:59,199[m [30mTRACE [m[[1;34mhttp-nio-8080-exec-7[m] [36mJdbcBindingLogging[m - binding parameter (36:BIGINT) <- [642873]
[30m2026-09-03T17:43:59,199[m [30mTRACE [m[[1;34mhttp-nio-8080-exec-10[m] [36mJdbcBindingLogging[m - binding parameter (34:BIGINT) <- [642750]
[30m2026-09-03T17:43:59,199[m [30mTRACE [m[[1;34mhttp-nio-8080-exec-7[m] [36mJdbcBindingLogging[m - binding parameter (37:BIGINT) <- [642748]
[30m2026-09-03T17:43:59,199[m [30mTRACE [m[[1;34mhttp-nio-8080-exec-10[m] [36mJdbcBindingLogging[m - binding parameter (35:BIGINT) <- [642803]
[30m2026-09-03T17:43:59,199[m [30mTRACE [m[[1;34mhttp-nio-8080-exec-10[m] [36mJdbcBindingLogging[m - binding parameter (36:BIGINT) <- [642867]
[30m2026-09-03T17:43:59,199[m [30mTRACE [m[[1;34mhttp-nio-8080-exec-7[m] [36mJdbcBindingLogging[m - binding parameter (38:BIGINT) <- [642802]
[30m2026-09-03T17:43:59,199[m [30mTRACE [m[[1;34mhttp-nio-8080-exec-7[m] [36mJdbcBindingLogging[m - binding parameter (39:BIGINT) <- [642866]
[30m2026-09-03T17:43:59,199[m [30mTRACE [m[[1;34mhttp-nio-8080-exec-10[m] [36mJdbcBindingLogging[m - binding parameter (37:BIGINT) <- [642868]
[30m2026-09-03T17:43:59,199[m [30mTRACE [m[[1;34mhttp-nio-8080-exec-7[m] [36mJdbcBindingLogging[m - binding parameter (40:BIGINT) <- [642741]
[30m2026-09-03T17:43:59,199[m [30mTRACE [m[[1;34mhttp-nio-8080-exec-10[m] [36mJdbcBindingLogging[m - binding parameter (38:BIGINT) <- [642743]
[30m2026-09-03T17:43:59,199[m [30mTRACE [m[[1;34mhttp-nio-8080-exec-10[m] [36mJdbcBindingLogging[m - binding parameter (39:BIGINT) <- [642742]
[30m2026-09-03T17:43:59,203[m [36mDEBUG [m[[1;34mhttp-nio-8080-exec-3[m] [36mSqlStatementLogger[m - select pe1_0."PARTICIPANT_ID",pe1_0."CODE",pe1_0."COUNTRY_ID",pe1_0."CUSTODIAN",pe1_0."DIRECT_ALLOCATION",pe1_0."DOCUMENT_NUMBER",pe1_0."ENABLED",pe1_0."IDENTIFICATION_TYPE_ID",pe1_0."MARGIN_ACCOUNT",pe1_0."MARKET_MAKER",pe1_0."MASTER_ACCOUNT",pe1_0."MNEMONIC",pe1_0."NAME",pe1_0."NIT_CLEARING_HOUSE",pe1_0."REGISTRATION_DATE",pe1_0."SHORT_NAME",pe1_0."STATUS_ID",pe1_0."TAX_CODE",pe1_0."TAX_STATUS_ID",pe1_0."TYPE_ID",pe1_0."TYPE_ENTITY" from "NUANBODB"."PARTICIPANT" pe1_0 where lower(pe1_0."CODE") in (?)
[30m2026-09-03T17:43:59,203[m [36mDEBUG [m[[1;34mhttp-nio-8080-exec-5[m] [36mSqlStatementLogger[m - select pe1_0."PARTICIPANT_ID",pe1_0."CODE",pe1_0."COUNTRY_ID",pe1_0."CUSTODIAN",pe1_0."DIRECT_ALLOCATION",pe1_0."DOCUMENT_NUMBER",pe1_0."ENABLED",pe1_0."IDENTIFICATION_TYPE_ID",pe1_0."MARGIN_ACCOUNT",pe1_0."MARKET_MAKER",pe1_0."MASTER_ACCOUNT",pe1_0."MNEMONIC",pe1_0."NAME",pe1_0."NIT_CLEARING_HOUSE",pe1_0."REGISTRATION_DATE",pe1_0."SHORT_NAME",pe1_0."STATUS_ID",pe1_0."TAX_CODE",pe1_0."TAX_STATUS_ID",pe1_0."TYPE_ID",pe1_0."TYPE_ENTITY" from "NUANBODB"."PARTICIPANT" pe1_0 where lower(pe1_0."CODE") in (?)
[30m2026-09-03T17:43:59,203[m [36mDEBUG [m[[1;34mhttp-nio-8080-exec-6[m] [36mSqlStatementLogger[m - select pe1_0."PARTICIPANT_ID",pe1_0."CODE",pe1_0."COUNTRY_ID",pe1_0."CUSTODIAN",pe1_0."DIRECT_ALLOCATION",pe1_0."DOCUMENT_NUMBER",pe1_0."ENABLED",pe1_0."IDENTIFICATION_TYPE_ID",pe1_0."MARGIN_ACCOUNT",pe1_0."MARKET_MAKER",pe1_0."MASTER_ACCOUNT",pe1_0."MNEMONIC",pe1_0."NAME",pe1_0."NIT_CLEARING_HOUSE",pe1_0."REGISTRATION_DATE",pe1_0."SHORT_NAME",pe1_0."STATUS_ID",pe1_0."TAX_CODE",pe1_0."TAX_STATUS_ID",pe1_0."TYPE_ID",pe1_0."TYPE_ENTITY" from "NUANBODB"."PARTICIPANT" pe1_0 where lower(pe1_0."CODE") in (?)
[30m2026-09-03T17:43:59,203[m [30mTRACE [m[[1;34mhttp-nio-8080-exec-5[m] [36mJdbcBindingLogging[m - binding parameter (1:VARCHAR) <- [co0010]
[30m2026-09-03T17:43:59,203[m [30mTRACE [m[[1;34mhttp-nio-8080-exec-6[m] [36mJdbcBindingLogging[m - binding parameter (1:VARCHAR) <- [co0010]
[30m2026-09-03T17:43:59,203[m [30mTRACE [m[[1;34mhttp-nio-8080-exec-3[m] [36mJdbcBindingLogging[m - binding parameter (1:VARCHAR) <- [co0010]
[30m2026-09-03T17:43:59,204[m [36mDEBUG [m[[1;34mhttp-nio-8080-exec-7[m] [36mSqlStatementLogger[m - select pe1_0."PARTICIPANT_ID",pe1_0."CODE",pe1_0."COUNTRY_ID",pe1_0."CUSTODIAN",pe1_0."DIRECT_ALLOCATION",pe1_0."DOCUMENT_NUMBER",pe1_0."ENABLED",pe1_0."IDENTIFICATION_TYPE_ID",pe1_0."MARGIN_ACCOUNT",pe1_0."MARKET_MAKER",pe1_0."MASTER_ACCOUNT",pe1_0."MNEMONIC",pe1_0."NAME",pe1_0."NIT_CLEARING_HOUSE",pe1_0."REGISTRATION_DATE",pe1_0."SHORT_NAME",pe1_0."STATUS_ID",pe1_0."TAX_CODE",pe1_0."TAX_STATUS_ID",pe1_0."TYPE_ID",pe1_0."TYPE_ENTITY" from "NUANBODB"."PARTICIPANT" pe1_0 where lower(pe1_0."CODE") in (?)
[30m2026-09-03T17:43:59,204[m [30mTRACE [m[[1;34mhttp-nio-8080-exec-7[m] [36mJdbcBindingLogging[m - binding parameter (1:VARCHAR) <- [co0010]
[30m2026-09-03T17:43:59,208[m [36mDEBUG [m[[1;34mhttp-nio-8080-exec-10[m] [36mSqlStatementLogger[m - select pe1_0."PARTICIPANT_ID",pe1_0."CODE",pe1_0."COUNTRY_ID",pe1_0."CUSTODIAN",pe1_0."DIRECT_ALLOCATION",pe1_0."DOCUMENT_NUMBER",pe1_0."ENABLED",pe1_0."IDENTIFICATION_TYPE_ID",pe1_0."MARGIN_ACCOUNT",pe1_0."MARKET_MAKER",pe1_0."MASTER_ACCOUNT",pe1_0."MNEMONIC",pe1_0."NAME",pe1_0."NIT_CLEARING_HOUSE",pe1_0."REGISTRATION_DATE",pe1_0."SHORT_NAME",pe1_0."STATUS_ID",pe1_0."TAX_CODE",pe1_0."TAX_STATUS_ID",pe1_0."TYPE_ID",pe1_0."TYPE_ENTITY" from "NUANBODB"."PARTICIPANT" pe1_0 where lower(pe1_0."CODE") in (?)
[30m2026-09-03T17:43:59,208[m [30mTRACE [m[[1;34mhttp-nio-8080-exec-10[m] [36mJdbcBindingLogging[m - binding parameter (1:VARCHAR) <- [co0010]
[30m2026-09-03T17:43:59,208[m [36mDEBUG [m[[1;34mhttp-nio-8080-exec-5[m] [36mSqlStatementLogger[m - select ce1_0."COUNTRY_ID",ce1_0."CODE",ce1_0."CURRENCY_ID",c1_0."CURRENCY_ID",c1_0."CODE",c1_0."NAME",ce1_0."NAME",ce1_0."TIME_ZONE" from "NUANBODB"."COUNTRY" ce1_0 join "NUANBODB"."CURRENCY" c1_0 on c1_0."CURRENCY_ID"=ce1_0."CURRENCY_ID" where ce1_0."COUNTRY_ID"=?
[30m2026-09-03T17:43:59,209[m [30mTRACE [m[[1;34mhttp-nio-8080-exec-5[m] [36mJdbcBindingLogging[m - binding parameter (1:BIGINT) <- [37]
[30m2026-09-03T17:43:59,209[m [36mDEBUG [m[[1;34mhttp-nio-8080-exec-3[m] [36mSqlStatementLogger[m - select ce1_0."COUNTRY_ID",ce1_0."CODE",ce1_0."CURRENCY_ID",c1_0."CURRENCY_ID",c1_0."CODE",c1_0."NAME",ce1_0."NAME",ce1_0."TIME_ZONE" from "NUANBODB"."COUNTRY" ce1_0 join "NUANBODB"."CURRENCY" c1_0 on c1_0."CURRENCY_ID"=ce1_0."CURRENCY_ID" where ce1_0."COUNTRY_ID"=?
[30m2026-09-03T17:43:59,209[m [30mTRACE [m[[1;34mhttp-nio-8080-exec-3[m] [36mJdbcBindingLogging[m - binding parameter (1:BIGINT) <- [37]
[30m2026-09-03T17:43:59,209[m [36mDEBUG [m[[1;34mhttp-nio-8080-exec-7[m] [36mSqlStatementLogger[m - select ce1_0."COUNTRY_ID",ce1_0."CODE",ce1_0."CURRENCY_ID",c1_0."CURRENCY_ID",c1_0."CODE",c1_0."NAME",ce1_0."NAME",ce1_0."TIME_ZONE" from "NUANBODB"."COUNTRY" ce1_0 join "NUANBODB"."CURRENCY" c1_0 on c1_0."CURRENCY_ID"=ce1_0."CURRENCY_ID" where ce1_0."COUNTRY_ID"=?
[30m2026-09-03T17:43:59,209[m [30mTRACE [m[[1;34mhttp-nio-8080-exec-7[m] [36mJdbcBindingLogging[m - binding parameter (1:BIGINT) <- [37]
[30m2026-09-03T17:43:59,209[m [36mDEBUG [m[[1;34mhttp-nio-8080-exec-5[m] [36mSqlStatementLogger[m - select ite1_0."IDENTIFICATION_TYPE_ID",ite1_0."CODE",ite1_0."DESCRIPTION" from "NUANBODB"."IDENTIFICATION_TYPE" ite1_0 where ite1_0."IDENTIFICATION_TYPE_ID"=?
[30m2026-09-03T17:43:59,209[m [30mTRACE [m[[1;34mhttp-nio-8080-exec-5[m] [36mJdbcBindingLogging[m - binding parameter (1:BIGINT) <- [7]
[30m2026-09-03T17:43:59,209[m [36mDEBUG [m[[1;34mhttp-nio-8080-exec-6[m] [36mSqlStatementLogger[m - select ce1_0."COUNTRY_ID",ce1_0."CODE",ce1_0."CURRENCY_ID",c1_0."CURRENCY_ID",c1_0."CODE",c1_0."NAME",ce1_0."NAME",ce1_0."TIME_ZONE" from "NUANBODB"."COUNTRY" ce1_0 join "NUANBODB"."CURRENCY" c1_0 on c1_0."CURRENCY_ID"=ce1_0."CURRENCY_ID" where ce1_0."COUNTRY_ID"=?
[30m2026-09-03T17:43:59,209[m [30mTRACE [m[[1;34mhttp-nio-8080-exec-6[m] [36mJdbcBindingLogging[m - binding parameter (1:BIGINT) <- [37]
[30m2026-09-03T17:43:59,210[m [36mDEBUG [m[[1;34mhttp-nio-8080-exec-3[m] [36mSqlStatementLogger[m - select ite1_0."IDENTIFICATION_TYPE_ID",ite1_0."CODE",ite1_0."DESCRIPTION" from "NUANBODB"."IDENTIFICATION_TYPE" ite1_0 where ite1_0."IDENTIFICATION_TYPE_ID"=?
[30m2026-09-03T17:43:59,210[m [36mDEBUG [m[[1;34mhttp-nio-8080-exec-7[m] [36mSqlStatementLogger[m - select ite1_0."IDENTIFICATION_TYPE_ID",ite1_0."CODE",ite1_0."DESCRIPTION" from "NUANBODB"."IDENTIFICATION_TYPE" ite1_0 where ite1_0."IDENTIFICATION_TYPE_ID"=?
[30m2026-09-03T17:43:59,210[m [30mTRACE [m[[1;34mhttp-nio-8080-exec-3[m] [36mJdbcBindingLogging[m - binding parameter (1:BIGINT) <- [7]
[30m2026-09-03T17:43:59,210[m [30mTRACE [m[[1;34mhttp-nio-8080-exec-7[m] [36mJdbcBindingLogging[m - binding parameter (1:BIGINT) <- [7]
[30m2026-09-03T17:43:59,210[m [36mDEBUG [m[[1;34mhttp-nio-8080-exec-6[m] [36mSqlStatementLogger[m - select ite1_0."IDENTIFICATION_TYPE_ID",ite1_0."CODE",ite1_0."DESCRIPTION" from "NUANBODB"."IDENTIFICATION_TYPE" ite1_0 where ite1_0."IDENTIFICATION_TYPE_ID"=?
[30m2026-09-03T17:43:59,210[m [30mTRACE [m[[1;34mhttp-nio-8080-exec-6[m] [36mJdbcBindingLogging[m - binding parameter (1:BIGINT) <- [7]
[30m2026-09-03T17:43:59,210[m [36mDEBUG [m[[1;34mhttp-nio-8080-exec-3[m] [36mSqlStatementLogger[m - select se1_0."STATUS_ID",se1_0."CATEGORY",se1_0."DESCRIPTION" from "NUANBODB"."STATUS" se1_0 where se1_0."STATUS_ID"=?
[30m2026-09-03T17:43:59,210[m [30mTRACE [m[[1;34mhttp-nio-8080-exec-3[m] [36mJdbcBindingLogging[m - binding parameter (1:BIGINT) <- [510]
[30m2026-09-03T17:43:59,210[m [36mDEBUG [m[[1;34mhttp-nio-8080-exec-7[m] [36mSqlStatementLogger[m - select se1_0."STATUS_ID",se1_0."CATEGORY",se1_0."DESCRIPTION" from "NUANBODB"."STATUS" se1_0 where se1_0."STATUS_ID"=?
[30m2026-09-03T17:43:59,210[m [36mDEBUG [m[[1;34mhttp-nio-8080-exec-5[m] [36mSqlStatementLogger[m - select se1_0."STATUS_ID",se1_0."CATEGORY",se1_0."DESCRIPTION" from "NUANBODB"."STATUS" se1_0 where se1_0."STATUS_ID"=?
[30m2026-09-03T17:43:59,210[m [30mTRACE [m[[1;34mhttp-nio-8080-exec-7[m] [36mJdbcBindingLogging[m - binding parameter (1:BIGINT) <- [510]
[30m2026-09-03T17:43:59,211[m [30mTRACE [m[[1;34mhttp-nio-8080-exec-5[m] [36mJdbcBindingLogging[m - binding parameter (1:BIGINT) <- [510]
[30m2026-09-03T17:43:59,211[m [36mDEBUG [m[[1;34mhttp-nio-8080-exec-6[m] [36mSqlStatementLogger[m - select se1_0."STATUS_ID",se1_0."CATEGORY",se1_0."DESCRIPTION" from "NUANBODB"."STATUS" se1_0 where se1_0."STATUS_ID"=?
[30m2026-09-03T17:43:59,211[m [30mTRACE [m[[1;34mhttp-nio-8080-exec-6[m] [36mJdbcBindingLogging[m - binding parameter (1:BIGINT) <- [510]
[30m2026-09-03T17:43:59,211[m [36mDEBUG [m[[1;34mhttp-nio-8080-exec-3[m] [36mSqlStatementLogger[m - select tse1_0."TAX_STATUS_ID",tse1_0."DESCRIPTION",tse1_0."LAST_MODIFY_APPLIC",tse1_0."LAST_MODIFY_DATE",tse1_0."LAST_MODIFY_IP",tse1_0."LAST_MODIFY_USER" from "NUANBODB"."TAX_STATUS" tse1_0 where tse1_0."TAX_STATUS_ID"=?
[30m2026-09-03T17:43:59,211[m [30mTRACE [m[[1;34mhttp-nio-8080-exec-3[m] [36mJdbcBindingLogging[m - binding parameter (1:BIGINT) <- [0]
[30m2026-09-03T17:43:59,211[m [36mDEBUG [m[[1;34mhttp-nio-8080-exec-5[m] [36mSqlStatementLogger[m - select tse1_0."TAX_STATUS_ID",tse1_0."DESCRIPTION",tse1_0."LAST_MODIFY_APPLIC",tse1_0."LAST_MODIFY_DATE",tse1_0."LAST_MODIFY_IP",tse1_0."LAST_MODIFY_USER" from "NUANBODB"."TAX_STATUS" tse1_0 where tse1_0."TAX_STATUS_ID"=?
[30m2026-09-03T17:43:59,211[m [30mTRACE [m[[1;34mhttp-nio-8080-exec-5[m] [36mJdbcBindingLogging[m - binding parameter (1:BIGINT) <- [0]
[30m2026-09-03T17:43:59,211[m [36mDEBUG [m[[1;34mhttp-nio-8080-exec-7[m] [36mSqlStatementLogger[m - select tse1_0."TAX_STATUS_ID",tse1_0."DESCRIPTION",tse1_0."LAST_MODIFY_APPLIC",tse1_0."LAST_MODIFY_DATE",tse1_0."LAST_MODIFY_IP",tse1_0."LAST_MODIFY_USER" from "NUANBODB"."TAX_STATUS" tse1_0 where tse1_0."TAX_STATUS_ID"=?
[30m2026-09-03T17:43:59,211[m [30mTRACE [m[[1;34mhttp-nio-8080-exec-7[m] [36mJdbcBindingLogging[m - binding parameter (1:BIGINT) <- [0]
[30m2026-09-03T17:43:59,211[m [36mDEBUG [m[[1;34mhttp-nio-8080-exec-6[m] [36mSqlStatementLogger[m - select tse1_0."TAX_STATUS_ID",tse1_0."DESCRIPTION",tse1_0."LAST_MODIFY_APPLIC",tse1_0."LAST_MODIFY_DATE",tse1_0."LAST_MODIFY_IP",tse1_0."LAST_MODIFY_USER" from "NUANBODB"."TAX_STATUS" tse1_0 where tse1_0."TAX_STATUS_ID"=?
[30m2026-09-03T17:43:59,211[m [30mTRACE [m[[1;34mhttp-nio-8080-exec-6[m] [36mJdbcBindingLogging[m - binding parameter (1:BIGINT) <- [0]
[30m2026-09-03T17:43:59,211[m [36mDEBUG [m[[1;34mhttp-nio-8080-exec-3[m] [36mSqlStatementLogger[m - select te1_0."TYPE_ID",te1_0."CATEGORY",te1_0."DESCRIPTION" from "NUANBODB"."TYPE" te1_0 where te1_0."TYPE_ID"=?
[30m2026-09-03T17:43:59,212[m [30mTRACE [m[[1;34mhttp-nio-8080-exec-3[m] [36mJdbcBindingLogging[m - binding parameter (1:BIGINT) <- [31]
[30m2026-09-03T17:43:59,212[m [36mDEBUG [m[[1;34mhttp-nio-8080-exec-7[m] [36mSqlStatementLogger[m - select te1_0."TYPE_ID",te1_0."CATEGORY",te1_0."DESCRIPTION" from "NUANBODB"."TYPE" te1_0 where te1_0."TYPE_ID"=?
[30m2026-09-03T17:43:59,212[m [36mDEBUG [m[[1;34mhttp-nio-8080-exec-5[m] [36mSqlStatementLogger[m - select te1_0."TYPE_ID",te1_0."CATEGORY",te1_0."DESCRIPTION" from "NUANBODB"."TYPE" te1_0 where te1_0."TYPE_ID"=?
[30m2026-09-03T17:43:59,212[m [30mTRACE [m[[1;34mhttp-nio-8080-exec-7[m] [36mJdbcBindingLogging[m - binding parameter (1:BIGINT) <- [31]
[30m2026-09-03T17:43:59,212[m [30mTRACE [m[[1;34mhttp-nio-8080-exec-5[m] [36mJdbcBindingLogging[m - binding parameter (1:BIGINT) <- [31]
[30m2026-09-03T17:43:59,212[m [36mDEBUG [m[[1;34mhttp-nio-8080-exec-6[m] [36mSqlStatementLogger[m - select te1_0."TYPE_ID",te1_0."CATEGORY",te1_0."DESCRIPTION" from "NUANBODB"."TYPE" te1_0 where te1_0."TYPE_ID"=?
[30m2026-09-03T17:43:59,212[m [30mTRACE [m[[1;34mhttp-nio-8080-exec-6[m] [36mJdbcBindingLogging[m - binding parameter (1:BIGINT) <- [31]
[30m2026-09-03T17:43:59,213[m [36mDEBUG [m[[1;34mhttp-nio-8080-exec-3[m] [36mSqlStatementLogger[m - select pae1_0."PARTICIPANT_ACCOUNT_ID",pae1_0."ACCOUNT_NUMBER",pae1_0."DEPOSITORY_ID",pae1_0."IND_MASTER",pae1_0."LAST_MODIFY_APPLIC",pae1_0."LAST_MODIFY_DATE",pae1_0."LAST_MODIFY_IP",pae1_0."LAST_MODIFY_USER",pae1_0."ORIGIN_TYPE_ID",pae1_0."PARTICIPANT_ID",pae1_0."STATUS_ID",pae1_0."TAX_EXEMP",pae1_0."TYPE_ID" from "NUANBODB"."PARTICIPANT_ACCOUNT" pae1_0 left join "NUANBODB"."DEPOSITORY" d1_0 on d1_0."DEPOSITORY_ID"=pae1_0."DEPOSITORY_ID" left join "NUANBODB"."TYPE" ot1_0 on ot1_0."TYPE_ID"=pae1_0."ORIGIN_TYPE_ID" where pae1_0."ACCOUNT_NUMBER"=? and d1_0."DEPOSITORY_ID"=? and ot1_0."TYPE_ID"<>? fetch first ? rows only
[30m2026-09-03T17:43:59,213[m [30mTRACE [m[[1;34mhttp-nio-8080-exec-3[m] [36mJdbcBindingLogging[m - binding parameter (1:VARCHAR) <- [4021801]
[30m2026-09-03T17:43:59,213[m [30mTRACE [m[[1;34mhttp-nio-8080-exec-3[m] [36mJdbcBindingLogging[m - binding parameter (2:VARCHAR) <- [1]
[30m2026-09-03T17:43:59,213[m [30mTRACE [m[[1;34mhttp-nio-8080-exec-3[m] [36mJdbcBindingLogging[m - binding parameter (3:BIGINT) <- [121]
[30m2026-09-03T17:43:59,213[m [36mDEBUG [m[[1;34mhttp-nio-8080-exec-7[m] [36mSqlStatementLogger[m - select pae1_0."PARTICIPANT_ACCOUNT_ID",pae1_0."ACCOUNT_NUMBER",pae1_0."DEPOSITORY_ID",pae1_0."IND_MASTER",pae1_0."LAST_MODIFY_APPLIC",pae1_0."LAST_MODIFY_DATE",pae1_0."LAST_MODIFY_IP",pae1_0."LAST_MODIFY_USER",pae1_0."ORIGIN_TYPE_ID",pae1_0."PARTICIPANT_ID",pae1_0."STATUS_ID",pae1_0."TAX_EXEMP",pae1_0."TYPE_ID" from "NUANBODB"."PARTICIPANT_ACCOUNT" pae1_0 left join "NUANBODB"."DEPOSITORY" d1_0 on d1_0."DEPOSITORY_ID"=pae1_0."DEPOSITORY_ID" left join "NUANBODB"."TYPE" ot1_0 on ot1_0."TYPE_ID"=pae1_0."ORIGIN_TYPE_ID" where pae1_0."ACCOUNT_NUMBER"=? and d1_0."DEPOSITORY_ID"=? and ot1_0."TYPE_ID"<>? fetch first ? rows only
[30m2026-09-03T17:43:59,213[m [30mTRACE [m[[1;34mhttp-nio-8080-exec-3[m] [36mJdbcBindingLogging[m - binding parameter (4:INTEGER) <- [1]
[30m2026-09-03T17:43:59,213[m [30mTRACE [m[[1;34mhttp-nio-8080-exec-7[m] [36mJdbcBindingLogging[m - binding parameter (1:VARCHAR) <- [4021801]
[30m2026-09-03T17:43:59,213[m [36mDEBUG [m[[1;34mhttp-nio-8080-exec-5[m] [36mSqlStatementLogger[m - select pae1_0."PARTICIPANT_ACCOUNT_ID",pae1_0."ACCOUNT_NUMBER",pae1_0."DEPOSITORY_ID",pae1_0."IND_MASTER",pae1_0."LAST_MODIFY_APPLIC",pae1_0."LAST_MODIFY_DATE",pae1_0."LAST_MODIFY_IP",pae1_0."LAST_MODIFY_USER",pae1_0."ORIGIN_TYPE_ID",pae1_0."PARTICIPANT_ID",pae1_0."STATUS_ID",pae1_0."TAX_EXEMP",pae1_0."TYPE_ID" from "NUANBODB"."PARTICIPANT_ACCOUNT" pae1_0 left join "NUANBODB"."DEPOSITORY" d1_0 on d1_0."DEPOSITORY_ID"=pae1_0."DEPOSITORY_ID" left join "NUANBODB"."TYPE" ot1_0 on ot1_0."TYPE_ID"=pae1_0."ORIGIN_TYPE_ID" where pae1_0."ACCOUNT_NUMBER"=? and d1_0."DEPOSITORY_ID"=? and ot1_0."TYPE_ID"<>? fetch first ? rows only
[30m2026-09-03T17:43:59,213[m [36mDEBUG [m[[1;34mhttp-nio-8080-exec-6[m] [36mSqlStatementLogger[m - select pae1_0."PARTICIPANT_ACCOUNT_ID",pae1_0."ACCOUNT_NUMBER",pae1_0."DEPOSITORY_ID",pae1_0."IND_MASTER",pae1_0."LAST_MODIFY_APPLIC",pae1_0."LAST_MODIFY_DATE",pae1_0."LAST_MODIFY_IP",pae1_0."LAST_MODIFY_USER",pae1_0."ORIGIN_TYPE_ID",pae1_0."PARTICIPANT_ID",pae1_0."STATUS_ID",pae1_0."TAX_EXEMP",pae1_0."TYPE_ID" from "NUANBODB"."PARTICIPANT_ACCOUNT" pae1_0 left join "NUANBODB"."DEPOSITORY" d1_0 on d1_0."DEPOSITORY_ID"=pae1_0."DEPOSITORY_ID" left join "NUANBODB"."TYPE" ot1_0 on ot1_0."TYPE_ID"=pae1_0."ORIGIN_TYPE_ID" where pae1_0."ACCOUNT_NUMBER"=? and d1_0."DEPOSITORY_ID"=? and ot1_0."TYPE_ID"<>? fetch first ? rows only
[30m2026-09-03T17:43:59,213[m [30mTRACE [m[[1;34mhttp-nio-8080-exec-7[m] [36mJdbcBindingLogging[m - binding parameter (2:VARCHAR) <- [1]
[30m2026-09-03T17:43:59,213[m [30mTRACE [m[[1;34mhttp-nio-8080-exec-5[m] [36mJdbcBindingLogging[m - binding parameter (1:VARCHAR) <- [4021801]
[30m2026-09-03T17:43:59,213[m [30mTRACE [m[[1;34mhttp-nio-8080-exec-7[m] [36mJdbcBindingLogging[m - binding parameter (3:BIGINT) <- [121]
[30m2026-09-03T17:43:59,213[m [30mTRACE [m[[1;34mhttp-nio-8080-exec-6[m] [36mJdbcBindingLogging[m - binding parameter (1:VARCHAR) <- [4021801]
[30m2026-09-03T17:43:59,213[m [30mTRACE [m[[1;34mhttp-nio-8080-exec-5[m] [36mJdbcBindingLogging[m - binding parameter (2:VARCHAR) <- [1]
[30m2026-09-03T17:43:59,213[m [30mTRACE [m[[1;34mhttp-nio-8080-exec-7[m] [36mJdbcBindingLogging[m - binding parameter (4:INTEGER) <- [1]
[30m2026-09-03T17:43:59,213[m [30mTRACE [m[[1;34mhttp-nio-8080-exec-5[m] [36mJdbcBindingLogging[m - binding parameter (3:BIGINT) <- [121]
[30m2026-09-03T17:43:59,213[m [30mTRACE [m[[1;34mhttp-nio-8080-exec-6[m] [36mJdbcBindingLogging[m - binding parameter (2:VARCHAR) <- [1]
[30m2026-09-03T17:43:59,213[m [30mTRACE [m[[1;34mhttp-nio-8080-exec-5[m] [36mJdbcBindingLogging[m - binding parameter (4:INTEGER) <- [1]
[30m2026-09-03T17:43:59,213[m [30mTRACE [m[[1;34mhttp-nio-8080-exec-6[m] [36mJdbcBindingLogging[m - binding parameter (3:BIGINT) <- [121]
[30m2026-09-03T17:43:59,213[m [30mTRACE [m[[1;34mhttp-nio-8080-exec-6[m] [36mJdbcBindingLogging[m - binding parameter (4:INTEGER) <- [1]
[30m2026-09-03T17:43:59,214[m [36mDEBUG [m[[1;34mhttp-nio-8080-exec-5[m] [36mSqlStatementLogger[m - select iae1_0."INVESTOR_ACCOUNT_ID",iae1_0."ACCOUNT_NAME",iae1_0."ACCOUNT_NUMBER",iae1_0."DEPOSITORY_ID",iae1_0."INVESTOR_ID",iae1_0."LAST_MODIFY_APPLIC",iae1_0."LAST_MODIFY_DATE",iae1_0."LAST_MODIFY_IP",iae1_0."LAST_MODIFY_USER",iae1_0."ORIGIN_TYPE_ID",iae1_0."PARTICIPANT_ID",iae1_0."STATUS_ID",iae1_0."TAX_EXEMP",iae1_0."TYPE_ID" from "NUANBODB"."INVESTOR_ACCOUNT" iae1_0 left join "NUANBODB"."INVESTOR" i1_0 on i1_0."INVESTOR_ID"=iae1_0."INVESTOR_ID" left join "NUANBODB"."DEPOSITORY" d1_0 on d1_0."DEPOSITORY_ID"=iae1_0."DEPOSITORY_ID" left join "NUANBODB"."TYPE" ot1_0 on ot1_0."TYPE_ID"=iae1_0."ORIGIN_TYPE_ID" where iae1_0."ACCOUNT_NUMBER"=? and i1_0."DOCUMENT_NUMBER"<>? and d1_0."DEPOSITORY_ID"=? and ot1_0."TYPE_ID"<>? fetch first ? rows only
[30m2026-09-03T17:43:59,214[m [36mDEBUG [m[[1;34mhttp-nio-8080-exec-7[m] [36mSqlStatementLogger[m - select iae1_0."INVESTOR_ACCOUNT_ID",iae1_0."ACCOUNT_NAME",iae1_0."ACCOUNT_NUMBER",iae1_0."DEPOSITORY_ID",iae1_0."INVESTOR_ID",iae1_0."LAST_MODIFY_APPLIC",iae1_0."LAST_MODIFY_DATE",iae1_0."LAST_MODIFY_IP",iae1_0."LAST_MODIFY_USER",iae1_0."ORIGIN_TYPE_ID",iae1_0."PARTICIPANT_ID",iae1_0."STATUS_ID",iae1_0."TAX_EXEMP",iae1_0."TYPE_ID" from "NUANBODB"."INVESTOR_ACCOUNT" iae1_0 left join "NUANBODB"."INVESTOR" i1_0 on i1_0."INVESTOR_ID"=iae1_0."INVESTOR_ID" left join "NUANBODB"."DEPOSITORY" d1_0 on d1_0."DEPOSITORY_ID"=iae1_0."DEPOSITORY_ID" left join "NUANBODB"."TYPE" ot1_0 on ot1_0."TYPE_ID"=iae1_0."ORIGIN_TYPE_ID" where iae1_0."ACCOUNT_NUMBER"=? and i1_0."DOCUMENT_NUMBER"<>? and d1_0."DEPOSITORY_ID"=? and ot1_0."TYPE_ID"<>? fetch first ? rows only
[30m2026-09-03T17:43:59,214[m [30mTRACE [m[[1;34mhttp-nio-8080-exec-5[m] [36mJdbcBindingLogging[m - binding parameter (1:VARCHAR) <- [4021801]
[30m2026-09-03T17:43:59,214[m [30mTRACE [m[[1;34mhttp-nio-8080-exec-5[m] [36mJdbcBindingLogging[m - binding parameter (2:VARCHAR) <- [800128735-8]
[30m2026-09-03T17:43:59,214[m [36mDEBUG [m[[1;34mhttp-nio-8080-exec-3[m] [36mSqlStatementLogger[m - select iae1_0."INVESTOR_ACCOUNT_ID",iae1_0."ACCOUNT_NAME",iae1_0."ACCOUNT_NUMBER",iae1_0."DEPOSITORY_ID",iae1_0."INVESTOR_ID",iae1_0."LAST_MODIFY_APPLIC",iae1_0."LAST_MODIFY_DATE",iae1_0."LAST_MODIFY_IP",iae1_0."LAST_MODIFY_USER",iae1_0."ORIGIN_TYPE_ID",iae1_0."PARTICIPANT_ID",iae1_0."STATUS_ID",iae1_0."TAX_EXEMP",iae1_0."TYPE_ID" from "NUANBODB"."INVESTOR_ACCOUNT" iae1_0 left join "NUANBODB"."INVESTOR" i1_0 on i1_0."INVESTOR_ID"=iae1_0."INVESTOR_ID" left join "NUANBODB"."DEPOSITORY" d1_0 on d1_0."DEPOSITORY_ID"=iae1_0."DEPOSITORY_ID" left join "NUANBODB"."TYPE" ot1_0 on ot1_0."TYPE_ID"=iae1_0."ORIGIN_TYPE_ID" where iae1_0."ACCOUNT_NUMBER"=? and i1_0."DOCUMENT_NUMBER"<>? and d1_0."DEPOSITORY_ID"=? and ot1_0."TYPE_ID"<>? fetch first ? rows only
[30m2026-09-03T17:43:59,214[m [30mTRACE [m[[1;34mhttp-nio-8080-exec-5[m] [36mJdbcBindingLogging[m - binding parameter (3:VARCHAR) <- [1]
[30m2026-09-03T17:43:59,214[m [36mDEBUG [m[[1;34mhttp-nio-8080-exec-6[m] [36mSqlStatementLogger[m - select iae1_0."INVESTOR_ACCOUNT_ID",iae1_0."ACCOUNT_NAME",iae1_0."ACCOUNT_NUMBER",iae1_0."DEPOSITORY_ID",iae1_0."INVESTOR_ID",iae1_0."LAST_MODIFY_APPLIC",iae1_0."LAST_MODIFY_DATE",iae1_0."LAST_MODIFY_IP",iae1_0."LAST_MODIFY_USER",iae1_0."ORIGIN_TYPE_ID",iae1_0."PARTICIPANT_ID",iae1_0."STATUS_ID",iae1_0."TAX_EXEMP",iae1_0."TYPE_ID" from "NUANBODB"."INVESTOR_ACCOUNT" iae1_0 left join "NUANBODB"."INVESTOR" i1_0 on i1_0."INVESTOR_ID"=iae1_0."INVESTOR_ID" left join "NUANBODB"."DEPOSITORY" d1_0 on d1_0."DEPOSITORY_ID"=iae1_0."DEPOSITORY_ID" left join "NUANBODB"."TYPE" ot1_0 on ot1_0."TYPE_ID"=iae1_0."ORIGIN_TYPE_ID" where iae1_0."ACCOUNT_NUMBER"=? and i1_0."DOCUMENT_NUMBER"<>? and d1_0."DEPOSITORY_ID"=? and ot1_0."TYPE_ID"<>? fetch first ? rows only
[30m2026-09-03T17:43:59,214[m [30mTRACE [m[[1;34mhttp-nio-8080-exec-5[m] [36mJdbcBindingLogging[m - binding parameter (4:BIGINT) <- [121]
[30m2026-09-03T17:43:59,214[m [30mTRACE [m[[1;34mhttp-nio-8080-exec-6[m] [36mJdbcBindingLogging[m - binding parameter (1:VARCHAR) <- [4021801]
[30m2026-09-03T17:43:59,214[m [30mTRACE [m[[1;34mhttp-nio-8080-exec-5[m] [36mJdbcBindingLogging[m - binding parameter (5:INTEGER) <- [1]
[30m2026-09-03T17:43:59,214[m [30mTRACE [m[[1;34mhttp-nio-8080-exec-6[m] [36mJdbcBindingLogging[m - binding parameter (2:VARCHAR) <- [800128735-8]
[30m2026-09-03T17:43:59,214[m [30mTRACE [m[[1;34mhttp-nio-8080-exec-7[m] [36mJdbcBindingLogging[m - binding parameter (1:VARCHAR) <- [4021801]
[30m2026-09-03T17:43:59,214[m [30mTRACE [m[[1;34mhttp-nio-8080-exec-6[m] [36mJdbcBindingLogging[m - binding parameter (3:VARCHAR) <- [1]
[30m2026-09-03T17:43:59,214[m [30mTRACE [m[[1;34mhttp-nio-8080-exec-3[m] [36mJdbcBindingLogging[m - binding parameter (1:VARCHAR) <- [4021801]
[30m2026-09-03T17:43:59,214[m [30mTRACE [m[[1;34mhttp-nio-8080-exec-6[m] [36mJdbcBindingLogging[m - binding parameter (4:BIGINT) <- [121]
[30m2026-09-03T17:43:59,214[m [30mTRACE [m[[1;34mhttp-nio-8080-exec-6[m] [36mJdbcBindingLogging[m - binding parameter (5:INTEGER) <- [1]
[30m2026-09-03T17:43:59,214[m [30mTRACE [m[[1;34mhttp-nio-8080-exec-3[m] [36mJdbcBindingLogging[m - binding parameter (2:VARCHAR) <- [800128735-8]
[30m2026-09-03T17:43:59,215[m [30mTRACE [m[[1;34mhttp-nio-8080-exec-7[m] [36mJdbcBindingLogging[m - binding parameter (2:VARCHAR) <- [800128735-8]
[30m2026-09-03T17:43:59,215[m [30mTRACE [m[[1;34mhttp-nio-8080-exec-3[m] [36mJdbcBindingLogging[m - binding parameter (3:VARCHAR) <- [1]
[30m2026-09-03T17:43:59,215[m [36mDEBUG [m[[1;34mhttp-nio-8080-exec-10[m] [36mSqlStatementLogger[m - select ce1_0."COUNTRY_ID",ce1_0."CODE",ce1_0."CURRENCY_ID",c1_0."CURRENCY_ID",c1_0."CODE",c1_0."NAME",ce1_0."NAME",ce1_0."TIME_ZONE" from "NUANBODB"."COUNTRY" ce1_0 join "NUANBODB"."CURRENCY" c1_0 on c1_0."CURRENCY_ID"=ce1_0."CURRENCY_ID" where ce1_0."COUNTRY_ID"=?
[30m2026-09-03T17:43:59,215[m [30mTRACE [m[[1;34mhttp-nio-8080-exec-3[m] [36mJdbcBindingLogging[m - binding parameter (4:BIGINT) <- [121]
[30m2026-09-03T17:43:59,215[m [30mTRACE [m[[1;34mhttp-nio-8080-exec-7[m] [36mJdbcBindingLogging[m - binding parameter (3:VARCHAR) <- [1]
[30m2026-09-03T17:43:59,215[m [30mTRACE [m[[1;34mhttp-nio-8080-exec-10[m] [36mJdbcBindingLogging[m - binding parameter (1:BIGINT) <- [37]
[30m2026-09-03T17:43:59,215[m [30mTRACE [m[[1;34mhttp-nio-8080-exec-3[m] [36mJdbcBindingLogging[m - binding parameter (5:INTEGER) <- [1]
[30m2026-09-03T17:43:59,215[m [30mTRACE [m[[1;34mhttp-nio-8080-exec-7[m] [36mJdbcBindingLogging[m - binding parameter (4:BIGINT) <- [121]
[30m2026-09-03T17:43:59,215[m [30mTRACE [m[[1;34mhttp-nio-8080-exec-7[m] [36mJdbcBindingLogging[m - binding parameter (5:INTEGER) <- [1]
[30m2026-09-03T17:43:59,215[m [36mDEBUG [m[[1;34mhttp-nio-8080-exec-5[m] [36mSqlStatementLogger[m - select de1_0."DEPOSITORY_ID",de1_0."DESCRIPTION" from "NUANBODB"."DEPOSITORY" de1_0 where de1_0."DEPOSITORY_ID"=?
[30m2026-09-03T17:43:59,215[m [30mTRACE [m[[1;34mhttp-nio-8080-exec-5[m] [36mJdbcBindingLogging[m - binding parameter (1:VARCHAR) <- [1]
[30m2026-09-03T17:43:59,215[m [36mDEBUG [m[[1;34mhttp-nio-8080-exec-6[m] [36mSqlStatementLogger[m - select de1_0."DEPOSITORY_ID",de1_0."DESCRIPTION" from "NUANBODB"."DEPOSITORY" de1_0 where de1_0."DEPOSITORY_ID"=?
[30m2026-09-03T17:43:59,215[m [36mDEBUG [m[[1;34mhttp-nio-8080-exec-3[m] [36mSqlStatementLogger[m - select de1_0."DEPOSITORY_ID",de1_0."DESCRIPTION" from "NUANBODB"."DEPOSITORY" de1_0 where de1_0."DEPOSITORY_ID"=?
[30m2026-09-03T17:43:59,215[m [30mTRACE [m[[1;34mhttp-nio-8080-exec-6[m] [36mJdbcBindingLogging[m - binding parameter (1:VARCHAR) <- [1]
[30m2026-09-03T17:43:59,215[m [30mTRACE [m[[1;34mhttp-nio-8080-exec-3[m] [36mJdbcBindingLogging[m - binding parameter (1:VARCHAR) <- [1]
[30m2026-09-03T17:43:59,216[m [36mDEBUG [m[[1;34mhttp-nio-8080-exec-7[m] [36mSqlStatementLogger[m - select de1_0."DEPOSITORY_ID",de1_0."DESCRIPTION" from "NUANBODB"."DEPOSITORY" de1_0 where de1_0."DEPOSITORY_ID"=?
[30m2026-09-03T17:43:59,216[m [30mTRACE [m[[1;34mhttp-nio-8080-exec-7[m] [36mJdbcBindingLogging[m - binding parameter (1:VARCHAR) <- [1]
[30m2026-09-03T17:43:59,216[m [36mDEBUG [m[[1;34mhttp-nio-8080-exec-10[m] [36mSqlStatementLogger[m - select ite1_0."IDENTIFICATION_TYPE_ID",ite1_0."CODE",ite1_0."DESCRIPTION" from "NUANBODB"."IDENTIFICATION_TYPE" ite1_0 where ite1_0."IDENTIFICATION_TYPE_ID"=?
[30m2026-09-03T17:43:59,216[m [30mTRACE [m[[1;34mhttp-nio-8080-exec-10[m] [36mJdbcBindingLogging[m - binding parameter (1:BIGINT) <- [7]
[30m2026-09-03T17:43:59,216[m [36mDEBUG [m[[1;34mhttp-nio-8080-exec-3[m] [36mSqlStatementLogger[m - select ie1_0."INVESTOR_ID",ie1_0."CLEARINGHOUSE_CODE",ie1_0."CODE",ie1_0."COMPANY_NAME",ie1_0."COUNTRY_ID",c1_0."COUNTRY_ID",c1_0."CODE",c1_0."CURRENCY_ID",c2_0."CURRENCY_ID",c2_0."CODE",c2_0."NAME",c1_0."NAME",c1_0."TIME_ZONE",ie1_0."DOCUMENT_NUMBER",ie1_0."FIRST_NAME",g1_0."GICS_ID",g1_0."DESCRIPTION",ie1_0."IDENTIFICATION_TYPE_ID",it1_0."IDENTIFICATION_TYPE_ID",it1_0."CODE",it1_0."DESCRIPTION",ie1_0."LAST_MODIFY_APPLIC",ie1_0."LAST_MODIFY_DATE",ie1_0."LAST_MODIFY_IP",ie1_0."LAST_MODIFY_USER",ie1_0."LAST_NAME",ie1_0."MONEY_LAUNDERING_FLAG",ie1_0."NATIONALITY",ie1_0."STATUS_ID",s1_0."STATUS_ID",s1_0."CATEGORY",s1_0."DESCRIPTION",ie1_0."TAX_EXEMP",ts1_0."TAX_STATUS_ID",ts1_0."DESCRIPTION",ts1_0."LAST_MODIFY_APPLIC",ts1_0."LAST_MODIFY_DATE",ts1_0."LAST_MODIFY_IP",ts1_0."LAST_MODIFY_USER",ie1_0."TYPE_ID",t1_0."TYPE_ID",t1_0."CATEGORY",t1_0."DESCRIPTION" from "NUANBODB"."INVESTOR" ie1_0 join "NUANBODB"."COUNTRY" c1_0 on c1_0."COUNTRY_ID"=ie1_0."COUNTRY_ID" join "NUANBODB"."CURRENCY" c2_0 on c2_0."CURRENCY_ID"=c1_0."CURRENCY_ID" left join "NUANBODB"."GICS" g1_0 on g1_0."GICS_ID"=ie1_0."GICS_ID" join "NUANBODB"."IDENTIFICATION_TYPE" it1_0 on it1_0."IDENTIFICATION_TYPE_ID"=ie1_0."IDENTIFICATION_TYPE_ID" join "NUANBODB"."STATUS" s1_0 on s1_0."STATUS_ID"=ie1_0."STATUS_ID" left join "NUANBODB"."TAX_STATUS" ts1_0 on ts1_0."TAX_STATUS_ID"=ie1_0."TAX_STATUS_ID" join "NUANBODB"."TYPE" t1_0 on t1_0."TYPE_ID"=ie1_0."TYPE_ID" where ie1_0."INVESTOR_ID"=?
[30m2026-09-03T17:43:59,216[m [30mTRACE [m[[1;34mhttp-nio-8080-exec-3[m] [36mJdbcBindingLogging[m - binding parameter (1:BIGINT) <- [167]
[30m2026-09-03T17:43:59,216[m [36mDEBUG [m[[1;34mhttp-nio-8080-exec-6[m] [36mSqlStatementLogger[m - select ie1_0."INVESTOR_ID",ie1_0."CLEARINGHOUSE_CODE",ie1_0."CODE",ie1_0."COMPANY_NAME",ie1_0."COUNTRY_ID",c1_0."COUNTRY_ID",c1_0."CODE",c1_0."CURRENCY_ID",c2_0."CURRENCY_ID",c2_0."CODE",c2_0."NAME",c1_0."NAME",c1_0."TIME_ZONE",ie1_0."DOCUMENT_NUMBER",ie1_0."FIRST_NAME",g1_0."GICS_ID",g1_0."DESCRIPTION",ie1_0."IDENTIFICATION_TYPE_ID",it1_0."IDENTIFICATION_TYPE_ID",it1_0."CODE",it1_0."DESCRIPTION",ie1_0."LAST_MODIFY_APPLIC",ie1_0."LAST_MODIFY_DATE",ie1_0."LAST_MODIFY_IP",ie1_0."LAST_MODIFY_USER",ie1_0."LAST_NAME",ie1_0."MONEY_LAUNDERING_FLAG",ie1_0."NATIONALITY",ie1_0."STATUS_ID",s1_0."STATUS_ID",s1_0."CATEGORY",s1_0."DESCRIPTION",ie1_0."TAX_EXEMP",ts1_0."TAX_STATUS_ID",ts1_0."DESCRIPTION",ts1_0."LAST_MODIFY_APPLIC",ts1_0."LAST_MODIFY_DATE",ts1_0."LAST_MODIFY_IP",ts1_0."LAST_MODIFY_USER",ie1_0."TYPE_ID",t1_0."TYPE_ID",t1_0."CATEGORY",t1_0."DESCRIPTION" from "NUANBODB"."INVESTOR" ie1_0 join "NUANBODB"."COUNTRY" c1_0 on c1_0."COUNTRY_ID"=ie1_0."COUNTRY_ID" join "NUANBODB"."CURRENCY" c2_0 on c2_0."CURRENCY_ID"=c1_0."CURRENCY_ID" left join "NUANBODB"."GICS" g1_0 on g1_0."GICS_ID"=ie1_0."GICS_ID" join "NUANBODB"."IDENTIFICATION_TYPE" it1_0 on it1_0."IDENTIFICATION_TYPE_ID"=ie1_0."IDENTIFICATION_TYPE_ID" join "NUANBODB"."STATUS" s1_0 on s1_0."STATUS_ID"=ie1_0."STATUS_ID" left join "NUANBODB"."TAX_STATUS" ts1_0 on ts1_0."TAX_STATUS_ID"=ie1_0."TAX_STATUS_ID" join "NUANBODB"."TYPE" t1_0 on t1_0."TYPE_ID"=ie1_0."TYPE_ID" where ie1_0."INVESTOR_ID"=?
[30m2026-09-03T17:43:59,216[m [30mTRACE [m[[1;34mhttp-nio-8080-exec-6[m] [36mJdbcBindingLogging[m - binding parameter (1:BIGINT) <- [167]
[30m2026-09-03T17:43:59,216[m [36mDEBUG [m[[1;34mhttp-nio-8080-exec-5[m] [36mSqlStatementLogger[m - select ie1_0."INVESTOR_ID",ie1_0."CLEARINGHOUSE_CODE",ie1_0."CODE",ie1_0."COMPANY_NAME",ie1_0."COUNTRY_ID",c1_0."COUNTRY_ID",c1_0."CODE",c1_0."CURRENCY_ID",c2_0."CURRENCY_ID",c2_0."CODE",c2_0."NAME",c1_0."NAME",c1_0."TIME_ZONE",ie1_0."DOCUMENT_NUMBER",ie1_0."FIRST_NAME",g1_0."GICS_ID",g1_0."DESCRIPTION",ie1_0."IDENTIFICATION_TYPE_ID",it1_0."IDENTIFICATION_TYPE_ID",it1_0."CODE",it1_0."DESCRIPTION",ie1_0."LAST_MODIFY_APPLIC",ie1_0."LAST_MODIFY_DATE",ie1_0."LAST_MODIFY_IP",ie1_0."LAST_MODIFY_USER",ie1_0."LAST_NAME",ie1_0."MONEY_LAUNDERING_FLAG",ie1_0."NATIONALITY",ie1_0."STATUS_ID",s1_0."STATUS_ID",s1_0."CATEGORY",s1_0."DESCRIPTION",ie1_0."TAX_EXEMP",ts1_0."TAX_STATUS_ID",ts1_0."DESCRIPTION",ts1_0."LAST_MODIFY_APPLIC",ts1_0."LAST_MODIFY_DATE",ts1_0."LAST_MODIFY_IP",ts1_0."LAST_MODIFY_USER",ie1_0."TYPE_ID",t1_0."TYPE_ID",t1_0."CATEGORY",t1_0."DESCRIPTION" from "NUANBODB"."INVESTOR" ie1_0 join "NUANBODB"."COUNTRY" c1_0 on c1_0."COUNTRY_ID"=ie1_0."COUNTRY_ID" join "NUANBODB"."CURRENCY" c2_0 on c2_0."CURRENCY_ID"=c1_0."CURRENCY_ID" left join "NUANBODB"."GICS" g1_0 on g1_0."GICS_ID"=ie1_0."GICS_ID" join "NUANBODB"."IDENTIFICATION_TYPE" it1_0 on it1_0."IDENTIFICATION_TYPE_ID"=ie1_0."IDENTIFICATION_TYPE_ID" join "NUANBODB"."STATUS" s1_0 on s1_0."STATUS_ID"=ie1_0."STATUS_ID" left join "NUANBODB"."TAX_STATUS" ts1_0 on ts1_0."TAX_STATUS_ID"=ie1_0."TAX_STATUS_ID" join "NUANBODB"."TYPE" t1_0 on t1_0."TYPE_ID"=ie1_0."TYPE_ID" where ie1_0."INVESTOR_ID"=?
[30m2026-09-03T17:43:59,216[m [30mTRACE [m[[1;34mhttp-nio-8080-exec-5[m] [36mJdbcBindingLogging[m - binding parameter (1:BIGINT) <- [167]
[30m2026-09-03T17:43:59,216[m [36mDEBUG [m[[1;34mhttp-nio-8080-exec-7[m] [36mSqlStatementLogger[m - select ie1_0."INVESTOR_ID",ie1_0."CLEARINGHOUSE_CODE",ie1_0."CODE",ie1_0."COMPANY_NAME",ie1_0."COUNTRY_ID",c1_0."COUNTRY_ID",c1_0."CODE",c1_0."CURRENCY_ID",c2_0."CURRENCY_ID",c2_0."CODE",c2_0."NAME",c1_0."NAME",c1_0."TIME_ZONE",ie1_0."DOCUMENT_NUMBER",ie1_0."FIRST_NAME",g1_0."GICS_ID",g1_0."DESCRIPTION",ie1_0."IDENTIFICATION_TYPE_ID",it1_0."IDENTIFICATION_TYPE_ID",it1_0."CODE",it1_0."DESCRIPTION",ie1_0."LAST_MODIFY_APPLIC",ie1_0."LAST_MODIFY_DATE",ie1_0."LAST_MODIFY_IP",ie1_0."LAST_MODIFY_USER",ie1_0."LAST_NAME",ie1_0."MONEY_LAUNDERING_FLAG",ie1_0."NATIONALITY",ie1_0."STATUS_ID",s1_0."STATUS_ID",s1_0."CATEGORY",s1_0."DESCRIPTION",ie1_0."TAX_EXEMP",ts1_0."TAX_STATUS_ID",ts1_0."DESCRIPTION",ts1_0."LAST_MODIFY_APPLIC",ts1_0."LAST_MODIFY_DATE",ts1_0."LAST_MODIFY_IP",ts1_0."LAST_MODIFY_USER",ie1_0."TYPE_ID",t1_0."TYPE_ID",t1_0."CATEGORY",t1_0."DESCRIPTION" from "NUANBODB"."INVESTOR" ie1_0 join "NUANBODB"."COUNTRY" c1_0 on c1_0."COUNTRY_ID"=ie1_0."COUNTRY_ID" join "NUANBODB"."CURRENCY" c2_0 on c2_0."CURRENCY_ID"=c1_0."CURRENCY_ID" left join "NUANBODB"."GICS" g1_0 on g1_0."GICS_ID"=ie1_0."GICS_ID" join "NUANBODB"."IDENTIFICATION_TYPE" it1_0 on it1_0."IDENTIFICATION_TYPE_ID"=ie1_0."IDENTIFICATION_TYPE_ID" join "NUANBODB"."STATUS" s1_0 on s1_0."STATUS_ID"=ie1_0."STATUS_ID" left join "NUANBODB"."TAX_STATUS" ts1_0 on ts1_0."TAX_STATUS_ID"=ie1_0."TAX_STATUS_ID" join "NUANBODB"."TYPE" t1_0 on t1_0."TYPE_ID"=ie1_0."TYPE_ID" where ie1_0."INVESTOR_ID"=?
[30m2026-09-03T17:43:59,217[m [30mTRACE [m[[1;34mhttp-nio-8080-exec-7[m] [36mJdbcBindingLogging[m - binding parameter (1:BIGINT) <- [167]
[30m2026-09-03T17:43:59,217[m [36mDEBUG [m[[1;34mhttp-nio-8080-exec-10[m] [36mSqlStatementLogger[m - select se1_0."STATUS_ID",se1_0."CATEGORY",se1_0."DESCRIPTION" from "NUANBODB"."STATUS" se1_0 where se1_0."STATUS_ID"=?
[30m2026-09-03T17:43:59,217[m [36mDEBUG [m[[1;34mhttp-nio-8080-exec-6[m] [36mSqlStatementLogger[m - select te1_0."TYPE_ID",te1_0."CATEGORY",te1_0."DESCRIPTION" from "NUANBODB"."TYPE" te1_0 where te1_0."TYPE_ID"=?
[30m2026-09-03T17:43:59,217[m [30mTRACE [m[[1;34mhttp-nio-8080-exec-6[m] [36mJdbcBindingLogging[m - binding parameter (1:BIGINT) <- [120]
[30m2026-09-03T17:43:59,217[m [30mTRACE [m[[1;34mhttp-nio-8080-exec-10[m] [36mJdbcBindingLogging[m - binding parameter (1:BIGINT) <- [510]
[30m2026-09-03T17:43:59,218[m [36mDEBUG [m[[1;34mhttp-nio-8080-exec-5[m] [36mSqlStatementLogger[m - select te1_0."TYPE_ID",te1_0."CATEGORY",te1_0."DESCRIPTION" from "NUANBODB"."TYPE" te1_0 where te1_0."TYPE_ID"=?
[30m2026-09-03T17:43:59,218[m [36mDEBUG [m[[1;34mhttp-nio-8080-exec-7[m] [36mSqlStatementLogger[m - select te1_0."TYPE_ID",te1_0."CATEGORY",te1_0."DESCRIPTION" from "NUANBODB"."TYPE" te1_0 where te1_0."TYPE_ID"=?
[30m2026-09-03T17:43:59,218[m [30mTRACE [m[[1;34mhttp-nio-8080-exec-5[m] [36mJdbcBindingLogging[m - binding parameter (1:BIGINT) <- [120]
[30m2026-09-03T17:43:59,218[m [36mDEBUG [m[[1;34mhttp-nio-8080-exec-10[m] [36mSqlStatementLogger[m - select tse1_0."TAX_STATUS_ID",tse1_0."DESCRIPTION",tse1_0."LAST_MODIFY_APPLIC",tse1_0."LAST_MODIFY_DATE",tse1_0."LAST_MODIFY_IP",tse1_0."LAST_MODIFY_USER" from "NUANBODB"."TAX_STATUS" tse1_0 where tse1_0."TAX_STATUS_ID"=?
[30m2026-09-03T17:43:59,218[m [30mTRACE [m[[1;34mhttp-nio-8080-exec-7[m] [36mJdbcBindingLogging[m - binding parameter (1:BIGINT) <- [120]
[30m2026-09-03T17:43:59,218[m [30mTRACE [m[[1;34mhttp-nio-8080-exec-10[m] [36mJdbcBindingLogging[m - binding parameter (1:BIGINT) <- [0]
[30m2026-09-03T17:43:59,218[m [36mDEBUG [m[[1;34mhttp-nio-8080-exec-6[m] [36mSqlStatementLogger[m - select se1_0."STATUS_ID",se1_0."CATEGORY",se1_0."DESCRIPTION" from "NUANBODB"."STATUS" se1_0 where se1_0."STATUS_ID"=?
[30m2026-09-03T17:43:59,218[m [30mTRACE [m[[1;34mhttp-nio-8080-exec-6[m] [36mJdbcBindingLogging[m - binding parameter (1:BIGINT) <- [570]
[30m2026-09-03T17:43:59,218[m [36mDEBUG [m[[1;34mhttp-nio-8080-exec-3[m] [36mSqlStatementLogger[m - select te1_0."TYPE_ID",te1_0."CATEGORY",te1_0."DESCRIPTION" from "NUANBODB"."TYPE" te1_0 where te1_0."TYPE_ID"=?
[30m2026-09-03T17:43:59,218[m [30mTRACE [m[[1;34mhttp-nio-8080-exec-3[m] [36mJdbcBindingLogging[m - binding parameter (1:BIGINT) <- [120]
[30m2026-09-03T17:43:59,219[m [36mDEBUG [m[[1;34mhttp-nio-8080-exec-7[m] [36mSqlStatementLogger[m - select se1_0."STATUS_ID",se1_0."CATEGORY",se1_0."DESCRIPTION" from "NUANBODB"."STATUS" se1_0 where se1_0."STATUS_ID"=?
[30m2026-09-03T17:43:59,219[m [36mDEBUG [m[[1;34mhttp-nio-8080-exec-6[m] [36mSqlStatementLogger[m - select te1_0."TYPE_ID",te1_0."CATEGORY",te1_0."DESCRIPTION" from "NUANBODB"."TYPE" te1_0 where te1_0."TYPE_ID"=?
[30m2026-09-03T17:43:59,219[m [36mDEBUG [m[[1;34mhttp-nio-8080-exec-5[m] [36mSqlStatementLogger[m - select se1_0."STATUS_ID",se1_0."CATEGORY",se1_0."DESCRIPTION" from "NUANBODB"."STATUS" se1_0 where se1_0."STATUS_ID"=?
[30m2026-09-03T17:43:59,219[m [30mTRACE [m[[1;34mhttp-nio-8080-exec-7[m] [36mJdbcBindingLogging[m - binding parameter (1:BIGINT) <- [570]
[30m2026-09-03T17:43:59,219[m [30mTRACE [m[[1;34mhttp-nio-8080-exec-6[m] [36mJdbcBindingLogging[m - binding parameter (1:BIGINT) <- [26]
[30m2026-09-03T17:43:59,219[m [30mTRACE [m[[1;34mhttp-nio-8080-exec-5[m] [36mJdbcBindingLogging[m - binding parameter (1:BIGINT) <- [570]
[30m2026-09-03T17:43:59,219[m [36mDEBUG [m[[1;34mhttp-nio-8080-exec-3[m] [36mSqlStatementLogger[m - select se1_0."STATUS_ID",se1_0."CATEGORY",se1_0."DESCRIPTION" from "NUANBODB"."STATUS" se1_0 where se1_0."STATUS_ID"=?
[30m2026-09-03T17:43:59,219[m [30mTRACE [m[[1;34mhttp-nio-8080-exec-3[m] [36mJdbcBindingLogging[m - binding parameter (1:BIGINT) <- [570]
[30m2026-09-03T17:43:59,219[m [36mDEBUG [m[[1;34mhttp-nio-8080-exec-10[m] [36mSqlStatementLogger[m - select te1_0."TYPE_ID",te1_0."CATEGORY",te1_0."DESCRIPTION" from "NUANBODB"."TYPE" te1_0 where te1_0."TYPE_ID"=?
[30m2026-09-03T17:43:59,219[m [30mTRACE [m[[1;34mhttp-nio-8080-exec-10[m] [36mJdbcBindingLogging[m - binding parameter (1:BIGINT) <- [31]
[30m2026-09-03T17:43:59,219[m [36mDEBUG [m[[1;34mhttp-nio-8080-exec-5[m] [36mSqlStatementLogger[m - select te1_0."TYPE_ID",te1_0."CATEGORY",te1_0."DESCRIPTION" from "NUANBODB"."TYPE" te1_0 where te1_0."TYPE_ID"=?
[30m2026-09-03T17:43:59,219[m [30mTRACE [m[[1;34mhttp-nio-8080-exec-5[m] [36mJdbcBindingLogging[m - binding parameter (1:BIGINT) <- [26]
[30m2026-09-03T17:43:59,219[m [36mDEBUG [m[[1;34mhttp-nio-8080-exec-6[m] [36mSqlStatementLogger[m - select cre1_0."CUSTODIAN_RELATION_ID",cre1_0."CUSTODIAN_ID",cre1_0."DEPOSITORY_ID",cre1_0."INVESTOR_ACCOUNT_ID",cre1_0."LAST_MODIFY_APPLIC",cre1_0."LAST_MODIFY_DATE",cre1_0."LAST_MODIFY_IP",cre1_0."LAST_MODIFY_USER",cre1_0."PARTICIPANT_ID",cre1_0."STATUS_ID" from "NUANBODB"."CUSTODIAN_RELATION" cre1_0 where cre1_0."PARTICIPANT_ID"=? and cre1_0."DEPOSITORY_ID"=? and cre1_0."INVESTOR_ACCOUNT_ID"=? and cre1_0."STATUS_ID"=?
[30m2026-09-03T17:43:59,219[m [36mDEBUG [m[[1;34mhttp-nio-8080-exec-7[m] [36mSqlStatementLogger[m - select te1_0."TYPE_ID",te1_0."CATEGORY",te1_0."DESCRIPTION" from "NUANBODB"."TYPE" te1_0 where te1_0."TYPE_ID"=?
[30m2026-09-03T17:43:59,219[m [30mTRACE [m[[1;34mhttp-nio-8080-exec-6[m] [36mJdbcBindingLogging[m - binding parameter (1:BIGINT) <- [15]
[30m2026-09-03T17:43:59,220[m [30mTRACE [m[[1;34mhttp-nio-8080-exec-7[m] [36mJdbcBindingLogging[m - binding parameter (1:BIGINT) <- [26]
[30m2026-09-03T17:43:59,220[m [30mTRACE [m[[1;34mhttp-nio-8080-exec-6[m] [36mJdbcBindingLogging[m - binding parameter (2:VARCHAR) <- [1]
[30m2026-09-03T17:43:59,220[m [30mTRACE [m[[1;34mhttp-nio-8080-exec-6[m] [36mJdbcBindingLogging[m - binding parameter (3:BIGINT) <- [57]
[30m2026-09-03T17:43:59,220[m [30mTRACE [m[[1;34mhttp-nio-8080-exec-6[m] [36mJdbcBindingLogging[m - binding parameter (4:BIGINT) <- [1163]
[30m2026-09-03T17:43:59,220[m [36mDEBUG [m[[1;34mhttp-nio-8080-exec-3[m] [36mSqlStatementLogger[m - select te1_0."TYPE_ID",te1_0."CATEGORY",te1_0."DESCRIPTION" from "NUANBODB"."TYPE" te1_0 where te1_0."TYPE_ID"=?
[30m2026-09-03T17:43:59,220[m [30mTRACE [m[[1;34mhttp-nio-8080-exec-3[m] [36mJdbcBindingLogging[m - binding parameter (1:BIGINT) <- [26]
[30m2026-09-03T17:43:59,220[m [36mDEBUG [m[[1;34mhttp-nio-8080-exec-5[m] [36mSqlStatementLogger[m - select cre1_0."CUSTODIAN_RELATION_ID",cre1_0."CUSTODIAN_ID",cre1_0."DEPOSITORY_ID",cre1_0."INVESTOR_ACCOUNT_ID",cre1_0."LAST_MODIFY_APPLIC",cre1_0."LAST_MODIFY_DATE",cre1_0."LAST_MODIFY_IP",cre1_0."LAST_MODIFY_USER",cre1_0."PARTICIPANT_ID",cre1_0."STATUS_ID" from "NUANBODB"."CUSTODIAN_RELATION" cre1_0 where cre1_0."PARTICIPANT_ID"=? and cre1_0."DEPOSITORY_ID"=? and cre1_0."INVESTOR_ACCOUNT_ID"=? and cre1_0."STATUS_ID"=?
[30m2026-09-03T17:43:59,220[m [30mTRACE [m[[1;34mhttp-nio-8080-exec-5[m] [36mJdbcBindingLogging[m - binding parameter (1:BIGINT) <- [15]
[30m2026-09-03T17:43:59,220[m [30mTRACE [m[[1;34mhttp-nio-8080-exec-5[m] [36mJdbcBindingLogging[m - binding parameter (2:VARCHAR) <- [1]
[30m2026-09-03T17:43:59,220[m [30mTRACE [m[[1;34mhttp-nio-8080-exec-5[m] [36mJdbcBindingLogging[m - binding parameter (3:BIGINT) <- [57]
[30m2026-09-03T17:43:59,220[m [30mTRACE [m[[1;34mhttp-nio-8080-exec-5[m] [36mJdbcBindingLogging[m - binding parameter (4:BIGINT) <- [1163]
[30m2026-09-03T17:43:59,220[m [36mDEBUG [m[[1;34mhttp-nio-8080-exec-3[m] [36mSqlStatementLogger[m - select cre1_0."CUSTODIAN_RELATION_ID",cre1_0."CUSTODIAN_ID",cre1_0."DEPOSITORY_ID",cre1_0."INVESTOR_ACCOUNT_ID",cre1_0."LAST_MODIFY_APPLIC",cre1_0."LAST_MODIFY_DATE",cre1_0."LAST_MODIFY_IP",cre1_0."LAST_MODIFY_USER",cre1_0."PARTICIPANT_ID",cre1_0."STATUS_ID" from "NUANBODB"."CUSTODIAN_RELATION" cre1_0 where cre1_0."PARTICIPANT_ID"=? and cre1_0."DEPOSITORY_ID"=? and cre1_0."INVESTOR_ACCOUNT_ID"=? and cre1_0."STATUS_ID"=?
[30m2026-09-03T17:43:59,220[m [30mTRACE [m[[1;34mhttp-nio-8080-exec-3[m] [36mJdbcBindingLogging[m - binding parameter (1:BIGINT) <- [15]
[30m2026-09-03T17:43:59,220[m [30mTRACE [m[[1;34mhttp-nio-8080-exec-3[m] [36mJdbcBindingLogging[m - binding parameter (2:VARCHAR) <- [1]
[30m2026-09-03T17:43:59,220[m [36mDEBUG [m[[1;34mhttp-nio-8080-exec-7[m] [36mSqlStatementLogger[m - select cre1_0."CUSTODIAN_RELATION_ID",cre1_0."CUSTODIAN_ID",cre1_0."DEPOSITORY_ID",cre1_0."INVESTOR_ACCOUNT_ID",cre1_0."LAST_MODIFY_APPLIC",cre1_0."LAST_MODIFY_DATE",cre1_0."LAST_MODIFY_IP",cre1_0."LAST_MODIFY_USER",cre1_0."PARTICIPANT_ID",cre1_0."STATUS_ID" from "NUANBODB"."CUSTODIAN_RELATION" cre1_0 where cre1_0."PARTICIPANT_ID"=? and cre1_0."DEPOSITORY_ID"=? and cre1_0."INVESTOR_ACCOUNT_ID"=? and cre1_0."STATUS_ID"=?
[30m2026-09-03T17:43:59,221[m [30mTRACE [m[[1;34mhttp-nio-8080-exec-3[m] [36mJdbcBindingLogging[m - binding parameter (3:BIGINT) <- [57]
[30m2026-09-03T17:43:59,221[m [30mTRACE [m[[1;34mhttp-nio-8080-exec-7[m] [36mJdbcBindingLogging[m - binding parameter (1:BIGINT) <- [15]
[30m2026-09-03T17:43:59,221[m [30mTRACE [m[[1;34mhttp-nio-8080-exec-3[m] [36mJdbcBindingLogging[m - binding parameter (4:BIGINT) <- [1163]
[30m2026-09-03T17:43:59,221[m [36mDEBUG [m[[1;34mhttp-nio-8080-exec-6[m] [36mSqlStatementLogger[m - select mde1_0."MILA_DEPOSITORY_ID",mde1_0."CODE",mde1_0."DIRECT_DEPOSITORY_NUMBER",mde1_0."DOCUMENT_NUMBER",mde1_0."IDENTIFICATION_TYPE_ID",mde1_0."LAST_MODIFY_APPLIC",mde1_0."LAST_MODIFY_DATE",mde1_0."LAST_MODIFY_IP",mde1_0."LAST_MODIFY_USER" from "NUANBODB"."MILA_DEPOSITORY" mde1_0 where mde1_0."IDENTIFICATION_TYPE_ID"=? and mde1_0."DOCUMENT_NUMBER"=? fetch first ? rows only
[30m2026-09-03T17:43:59,221[m [30mTRACE [m[[1;34mhttp-nio-8080-exec-7[m] [36mJdbcBindingLogging[m - binding parameter (2:VARCHAR) <- [1]
[30m2026-09-03T17:43:59,221[m [30mTRACE [m[[1;34mhttp-nio-8080-exec-7[m] [36mJdbcBindingLogging[m - binding parameter (3:BIGINT) <- [57]
[30m2026-09-03T17:43:59,221[m [30mTRACE [m[[1;34mhttp-nio-8080-exec-6[m] [36mJdbcBindingLogging[m - binding parameter (1:BIGINT) <- [5]
[30m2026-09-03T17:43:59,221[m [30mTRACE [m[[1;34mhttp-nio-8080-exec-7[m] [36mJdbcBindingLogging[m - binding parameter (4:BIGINT) <- [1163]
[30m2026-09-03T17:43:59,221[m [30mTRACE [m[[1;34mhttp-nio-8080-exec-6[m] [36mJdbcBindingLogging[m - binding parameter (2:VARCHAR) <- [8605303170]
[30m2026-09-03T17:43:59,221[m [30mTRACE [m[[1;34mhttp-nio-8080-exec-6[m] [36mJdbcBindingLogging[m - binding parameter (3:INTEGER) <- [1]
[30m2026-09-03T17:43:59,221[m [36mDEBUG [m[[1;34mhttp-nio-8080-exec-10[m] [36mSqlStatementLogger[m - select pae1_0."PARTICIPANT_ACCOUNT_ID",pae1_0."ACCOUNT_NUMBER",pae1_0."DEPOSITORY_ID",pae1_0."IND_MASTER",pae1_0."LAST_MODIFY_APPLIC",pae1_0."LAST_MODIFY_DATE",pae1_0."LAST_MODIFY_IP",pae1_0."LAST_MODIFY_USER",pae1_0."ORIGIN_TYPE_ID",pae1_0."PARTICIPANT_ID",pae1_0."STATUS_ID",pae1_0."TAX_EXEMP",pae1_0."TYPE_ID" from "NUANBODB"."PARTICIPANT_ACCOUNT" pae1_0 left join "NUANBODB"."DEPOSITORY" d1_0 on d1_0."DEPOSITORY_ID"=pae1_0."DEPOSITORY_ID" left join "NUANBODB"."TYPE" ot1_0 on ot1_0."TYPE_ID"=pae1_0."ORIGIN_TYPE_ID" where pae1_0."ACCOUNT_NUMBER"=? and d1_0."DEPOSITORY_ID"=? and ot1_0."TYPE_ID"<>? fetch first ? rows only
[30m2026-09-03T17:43:59,221[m [30mTRACE [m[[1;34mhttp-nio-8080-exec-10[m] [36mJdbcBindingLogging[m - binding parameter (1:VARCHAR) <- [4021801]
[30m2026-09-03T17:43:59,221[m [30mTRACE [m[[1;34mhttp-nio-8080-exec-10[m] [36mJdbcBindingLogging[m - binding parameter (2:VARCHAR) <- [1]
[30m2026-09-03T17:43:59,221[m [30mTRACE [m[[1;34mhttp-nio-8080-exec-10[m] [36mJdbcBindingLogging[m - binding parameter (3:BIGINT) <- [121]
[30m2026-09-03T17:43:59,221[m [36mDEBUG [m[[1;34mhttp-nio-8080-exec-5[m] [36mSqlStatementLogger[m - select mde1_0."MILA_DEPOSITORY_ID",mde1_0."CODE",mde1_0."DIRECT_DEPOSITORY_NUMBER",mde1_0."DOCUMENT_NUMBER",mde1_0."IDENTIFICATION_TYPE_ID",mde1_0."LAST_MODIFY_APPLIC",mde1_0."LAST_MODIFY_DATE",mde1_0."LAST_MODIFY_IP",mde1_0."LAST_MODIFY_USER" from "NUANBODB"."MILA_DEPOSITORY" mde1_0 where mde1_0."IDENTIFICATION_TYPE_ID"=? and mde1_0."DOCUMENT_NUMBER"=? fetch first ? rows only
[30m2026-09-03T17:43:59,221[m [36mDEBUG [m[[1;34mhttp-nio-8080-exec-3[m] [36mSqlStatementLogger[m - select mde1_0."MILA_DEPOSITORY_ID",mde1_0."CODE",mde1_0."DIRECT_DEPOSITORY_NUMBER",mde1_0."DOCUMENT_NUMBER",mde1_0."IDENTIFICATION_TYPE_ID",mde1_0."LAST_MODIFY_APPLIC",mde1_0."LAST_MODIFY_DATE",mde1_0."LAST_MODIFY_IP",mde1_0."LAST_MODIFY_USER" from "NUANBODB"."MILA_DEPOSITORY" mde1_0 where mde1_0."IDENTIFICATION_TYPE_ID"=? and mde1_0."DOCUMENT_NUMBER"=? fetch first ? rows only
[30m2026-09-03T17:43:59,221[m [30mTRACE [m[[1;34mhttp-nio-8080-exec-5[m] [36mJdbcBindingLogging[m - binding parameter (1:BIGINT) <- [5]
[30m2026-09-03T17:43:59,221[m [30mTRACE [m[[1;34mhttp-nio-8080-exec-3[m] [36mJdbcBindingLogging[m - binding parameter (1:BIGINT) <- [5]
[30m2026-09-03T17:43:59,221[m [36mDEBUG [m[[1;34mhttp-nio-8080-exec-7[m] [36mSqlStatementLogger[m - select mde1_0."MILA_DEPOSITORY_ID",mde1_0."CODE",mde1_0."DIRECT_DEPOSITORY_NUMBER",mde1_0."DOCUMENT_NUMBER",mde1_0."IDENTIFICATION_TYPE_ID",mde1_0."LAST_MODIFY_APPLIC",mde1_0."LAST_MODIFY_DATE",mde1_0."LAST_MODIFY_IP",mde1_0."LAST_MODIFY_USER" from "NUANBODB"."MILA_DEPOSITORY" mde1_0 where mde1_0."IDENTIFICATION_TYPE_ID"=? and mde1_0."DOCUMENT_NUMBER"=? fetch first ? rows only
[30m2026-09-03T17:43:59,221[m [30mTRACE [m[[1;34mhttp-nio-8080-exec-10[m] [36mJdbcBindingLogging[m - binding parameter (4:INTEGER) <- [1]
[30m2026-09-03T17:43:59,221[m [30mTRACE [m[[1;34mhttp-nio-8080-exec-3[m] [36mJdbcBindingLogging[m - binding parameter (2:VARCHAR) <- [8605303170]
[30m2026-09-03T17:43:59,221[m [30mTRACE [m[[1;34mhttp-nio-8080-exec-5[m] [36mJdbcBindingLogging[m - binding parameter (2:VARCHAR) <- [8605303170]
[30m2026-09-03T17:43:59,222[m [30mTRACE [m[[1;34mhttp-nio-8080-exec-3[m] [36mJdbcBindingLogging[m - binding parameter (3:INTEGER) <- [1]
[30m2026-09-03T17:43:59,222[m [30mTRACE [m[[1;34mhttp-nio-8080-exec-7[m] [36mJdbcBindingLogging[m - binding parameter (1:BIGINT) <- [5]
[30m2026-09-03T17:43:59,222[m [30mTRACE [m[[1;34mhttp-nio-8080-exec-5[m] [36mJdbcBindingLogging[m - binding parameter (3:INTEGER) <- [1]
[30m2026-09-03T17:43:59,222[m [30mTRACE [m[[1;34mhttp-nio-8080-exec-7[m] [36mJdbcBindingLogging[m - binding parameter (2:VARCHAR) <- [8605303170]
[30m2026-09-03T17:43:59,222[m [30mTRACE [m[[1;34mhttp-nio-8080-exec-7[m] [36mJdbcBindingLogging[m - binding parameter (3:INTEGER) <- [1]
[30m2026-09-03T17:43:59,222[m [36mDEBUG [m[[1;34mhttp-nio-8080-exec-6[m] [36mSqlStatementLogger[m - select iae1_0."INVESTOR_ACCOUNT_ID",iae1_0."ACCOUNT_NAME",iae1_0."ACCOUNT_NUMBER",iae1_0."DEPOSITORY_ID",iae1_0."INVESTOR_ID",iae1_0."LAST_MODIFY_APPLIC",iae1_0."LAST_MODIFY_DATE",iae1_0."LAST_MODIFY_IP",iae1_0."LAST_MODIFY_USER",iae1_0."ORIGIN_TYPE_ID",iae1_0."PARTICIPANT_ID",iae1_0."STATUS_ID",iae1_0."TAX_EXEMP",iae1_0."TYPE_ID" from "NUANBODB"."INVESTOR_ACCOUNT" iae1_0 where iae1_0."INVESTOR_ACCOUNT_ID" in (?)
[30m2026-09-03T17:43:59,222[m [30mTRACE [m[[1;34mhttp-nio-8080-exec-6[m] [36mJdbcBindingLogging[m - binding parameter (1:BIGINT) <- [57]
[30m2026-09-03T17:43:59,223[m [36mDEBUG [m[[1;34mhttp-nio-8080-exec-10[m] [36mSqlStatementLogger[m - select iae1_0."INVESTOR_ACCOUNT_ID",iae1_0."ACCOUNT_NAME",iae1_0."ACCOUNT_NUMBER",iae1_0."DEPOSITORY_ID",iae1_0."INVESTOR_ID",iae1_0."LAST_MODIFY_APPLIC",iae1_0."LAST_MODIFY_DATE",iae1_0."LAST_MODIFY_IP",iae1_0."LAST_MODIFY_USER",iae1_0."ORIGIN_TYPE_ID",iae1_0."PARTICIPANT_ID",iae1_0."STATUS_ID",iae1_0."TAX_EXEMP",iae1_0."TYPE_ID" from "NUANBODB"."INVESTOR_ACCOUNT" iae1_0 left join "NUANBODB"."INVESTOR" i1_0 on i1_0."INVESTOR_ID"=iae1_0."INVESTOR_ID" left join "NUANBODB"."DEPOSITORY" d1_0 on d1_0."DEPOSITORY_ID"=iae1_0."DEPOSITORY_ID" left join "NUANBODB"."TYPE" ot1_0 on ot1_0."TYPE_ID"=iae1_0."ORIGIN_TYPE_ID" where iae1_0."ACCOUNT_NUMBER"=? and i1_0."DOCUMENT_NUMBER"<>? and d1_0."DEPOSITORY_ID"=? and ot1_0."TYPE_ID"<>? fetch first ? rows only
[30m2026-09-03T17:43:59,223[m [36mDEBUG [m[[1;34mhttp-nio-8080-exec-3[m] [36mSqlStatementLogger[m - select iae1_0."INVESTOR_ACCOUNT_ID",iae1_0."ACCOUNT_NAME",iae1_0."ACCOUNT_NUMBER",iae1_0."DEPOSITORY_ID",iae1_0."INVESTOR_ID",iae1_0."LAST_MODIFY_APPLIC",iae1_0."LAST_MODIFY_DATE",iae1_0."LAST_MODIFY_IP",iae1_0."LAST_MODIFY_USER",iae1_0."ORIGIN_TYPE_ID",iae1_0."PARTICIPANT_ID",iae1_0."STATUS_ID",iae1_0."TAX_EXEMP",iae1_0."TYPE_ID" from "NUANBODB"."INVESTOR_ACCOUNT" iae1_0 where iae1_0."INVESTOR_ACCOUNT_ID" in (?)
[30m2026-09-03T17:43:59,223[m [36mDEBUG [m[[1;34mhttp-nio-8080-exec-5[m] [36mSqlStatementLogger[m - select iae1_0."INVESTOR_ACCOUNT_ID",iae1_0."ACCOUNT_NAME",iae1_0."ACCOUNT_NUMBER",iae1_0."DEPOSITORY_ID",iae1_0."INVESTOR_ID",iae1_0."LAST_MODIFY_APPLIC",iae1_0."LAST_MODIFY_DATE",iae1_0."LAST_MODIFY_IP",iae1_0."LAST_MODIFY_USER",iae1_0."ORIGIN_TYPE_ID",iae1_0."PARTICIPANT_ID",iae1_0."STATUS_ID",iae1_0."TAX_EXEMP",iae1_0."TYPE_ID" from "NUANBODB"."INVESTOR_ACCOUNT" iae1_0 where iae1_0."INVESTOR_ACCOUNT_ID" in (?)
[30m2026-09-03T17:43:59,223[m [30mTRACE [m[[1;34mhttp-nio-8080-exec-3[m] [36mJdbcBindingLogging[m - binding parameter (1:BIGINT) <- [57]
[30m2026-09-03T17:43:59,223[m [30mTRACE [m[[1;34mhttp-nio-8080-exec-10[m] [36mJdbcBindingLogging[m - binding parameter (1:VARCHAR) <- [4021801]
[30m2026-09-03T17:43:59,223[m [36mDEBUG [m[[1;34mhttp-nio-8080-exec-7[m] [36mSqlStatementLogger[m - select iae1_0."INVESTOR_ACCOUNT_ID",iae1_0."ACCOUNT_NAME",iae1_0."ACCOUNT_NUMBER",iae1_0."DEPOSITORY_ID",iae1_0."INVESTOR_ID",iae1_0."LAST_MODIFY_APPLIC",iae1_0."LAST_MODIFY_DATE",iae1_0."LAST_MODIFY_IP",iae1_0."LAST_MODIFY_USER",iae1_0."ORIGIN_TYPE_ID",iae1_0."PARTICIPANT_ID",iae1_0."STATUS_ID",iae1_0."TAX_EXEMP",iae1_0."TYPE_ID" from "NUANBODB"."INVESTOR_ACCOUNT" iae1_0 where iae1_0."INVESTOR_ACCOUNT_ID" in (?)
[30m2026-09-03T17:43:59,223[m [30mTRACE [m[[1;34mhttp-nio-8080-exec-5[m] [36mJdbcBindingLogging[m - binding parameter (1:BIGINT) <- [57]
[30m2026-09-03T17:43:59,223[m [30mTRACE [m[[1;34mhttp-nio-8080-exec-7[m] [36mJdbcBindingLogging[m - binding parameter (1:BIGINT) <- [57]
[30m2026-09-03T17:43:59,223[m [30mTRACE [m[[1;34mhttp-nio-8080-exec-10[m] [36mJdbcBindingLogging[m - binding parameter (2:VARCHAR) <- [800128735-8]
[30m2026-09-03T17:43:59,223[m [30mTRACE [m[[1;34mhttp-nio-8080-exec-10[m] [36mJdbcBindingLogging[m - binding parameter (3:VARCHAR) <- [1]
[30m2026-09-03T17:43:59,223[m [30mTRACE [m[[1;34mhttp-nio-8080-exec-10[m] [36mJdbcBindingLogging[m - binding parameter (4:BIGINT) <- [121]
[30m2026-09-03T17:43:59,223[m [30mTRACE [m[[1;34mhttp-nio-8080-exec-10[m] [36mJdbcBindingLogging[m - binding parameter (5:INTEGER) <- [1]
[30m2026-09-03T17:43:59,223[m [36mDEBUG [m[[1;34mhttp-nio-8080-exec-6[m] [36mSqlStatementLogger[m - select de1_0."DEPOSITORY_ID",de1_0."DESCRIPTION" from "NUANBODB"."DEPOSITORY" de1_0 where de1_0."DEPOSITORY_ID"=?
[30m2026-09-03T17:43:59,223[m [30mTRACE [m[[1;34mhttp-nio-8080-exec-6[m] [36mJdbcBindingLogging[m - binding parameter (1:VARCHAR) <- [1]
[30m2026-09-03T17:43:59,224[m [36mDEBUG [m[[1;34mhttp-nio-8080-exec-5[m] [36mSqlStatementLogger[m - select de1_0."DEPOSITORY_ID",de1_0."DESCRIPTION" from "NUANBODB"."DEPOSITORY" de1_0 where de1_0."DEPOSITORY_ID"=?
[30m2026-09-03T17:43:59,224[m [36mDEBUG [m[[1;34mhttp-nio-8080-exec-10[m] [36mSqlStatementLogger[m - select de1_0."DEPOSITORY_ID",de1_0."DESCRIPTION" from "NUANBODB"."DEPOSITORY" de1_0 where de1_0."DEPOSITORY_ID"=?
[30m2026-09-03T17:43:59,224[m [36mDEBUG [m[[1;34mhttp-nio-8080-exec-6[m] [36mSqlStatementLogger[m - select ie1_0."INVESTOR_ID",ie1_0."CLEARINGHOUSE_CODE",ie1_0."CODE",ie1_0."COMPANY_NAME",ie1_0."COUNTRY_ID",c1_0."COUNTRY_ID",c1_0."CODE",c1_0."CURRENCY_ID",c2_0."CURRENCY_ID",c2_0."CODE",c2_0."NAME",c1_0."NAME",c1_0."TIME_ZONE",ie1_0."DOCUMENT_NUMBER",ie1_0."FIRST_NAME",g1_0."GICS_ID",g1_0."DESCRIPTION",ie1_0."IDENTIFICATION_TYPE_ID",it1_0."IDENTIFICATION_TYPE_ID",it1_0."CODE",it1_0."DESCRIPTION",ie1_0."LAST_MODIFY_APPLIC",ie1_0."LAST_MODIFY_DATE",ie1_0."LAST_MODIFY_IP",ie1_0."LAST_MODIFY_USER",ie1_0."LAST_NAME",ie1_0."MONEY_LAUNDERING_FLAG",ie1_0."NATIONALITY",ie1_0."STATUS_ID",s1_0."STATUS_ID",s1_0."CATEGORY",s1_0."DESCRIPTION",ie1_0."TAX_EXEMP",ts1_0."TAX_STATUS_ID",ts1_0."DESCRIPTION",ts1_0."LAST_MODIFY_APPLIC",ts1_0."LAST_MODIFY_DATE",ts1_0."LAST_MODIFY_IP",ts1_0."LAST_MODIFY_USER",ie1_0."TYPE_ID",t1_0."TYPE_ID",t1_0."CATEGORY",t1_0."DESCRIPTION" from "NUANBODB"."INVESTOR" ie1_0 join "NUANBODB"."COUNTRY" c1_0 on c1_0."COUNTRY_ID"=ie1_0."COUNTRY_ID" join "NUANBODB"."CURRENCY" c2_0 on c2_0."CURRENCY_ID"=c1_0."CURRENCY_ID" left join "NUANBODB"."GICS" g1_0 on g1_0."GICS_ID"=ie1_0."GICS_ID" join "NUANBODB"."IDENTIFICATION_TYPE" it1_0 on it1_0."IDENTIFICATION_TYPE_ID"=ie1_0."IDENTIFICATION_TYPE_ID" join "NUANBODB"."STATUS" s1_0 on s1_0."STATUS_ID"=ie1_0."STATUS_ID" left join "NUANBODB"."TAX_STATUS" ts1_0 on ts1_0."TAX_STATUS_ID"=ie1_0."TAX_STATUS_ID" join "NUANBODB"."TYPE" t1_0 on t1_0."TYPE_ID"=ie1_0."TYPE_ID" where ie1_0."INVESTOR_ID"=?
[30m2026-09-03T17:43:59,224[m [30mTRACE [m[[1;34mhttp-nio-8080-exec-10[m] [36mJdbcBindingLogging[m - binding parameter (1:VARCHAR) <- [1]
[30m2026-09-03T17:43:59,224[m [30mTRACE [m[[1;34mhttp-nio-8080-exec-5[m] [36mJdbcBindingLogging[m - binding parameter (1:VARCHAR) <- [1]
[30m2026-09-03T17:43:59,224[m [30mTRACE [m[[1;34mhttp-nio-8080-exec-6[m] [36mJdbcBindingLogging[m - binding parameter (1:BIGINT) <- [167]
[30m2026-09-03T17:43:59,224[m [36mDEBUG [m[[1;34mhttp-nio-8080-exec-7[m] [36mSqlStatementLogger[m - select de1_0."DEPOSITORY_ID",de1_0."DESCRIPTION" from "NUANBODB"."DEPOSITORY" de1_0 where de1_0."DEPOSITORY_ID"=?
[30m2026-09-03T17:43:59,224[m [30mTRACE [m[[1;34mhttp-nio-8080-exec-7[m] [36mJdbcBindingLogging[m - binding parameter (1:VARCHAR) <- [1]
[30m2026-09-03T17:43:59,224[m [36mDEBUG [m[[1;34mhttp-nio-8080-exec-10[m] [36mSqlStatementLogger[m - select ie1_0."INVESTOR_ID",ie1_0."CLEARINGHOUSE_CODE",ie1_0."CODE",ie1_0."COMPANY_NAME",ie1_0."COUNTRY_ID",c1_0."COUNTRY_ID",c1_0."CODE",c1_0."CURRENCY_ID",c2_0."CURRENCY_ID",c2_0."CODE",c2_0."NAME",c1_0."NAME",c1_0."TIME_ZONE",ie1_0."DOCUMENT_NUMBER",ie1_0."FIRST_NAME",g1_0."GICS_ID",g1_0."DESCRIPTION",ie1_0."IDENTIFICATION_TYPE_ID",it1_0."IDENTIFICATION_TYPE_ID",it1_0."CODE",it1_0."DESCRIPTION",ie1_0."LAST_MODIFY_APPLIC",ie1_0."LAST_MODIFY_DATE",ie1_0."LAST_MODIFY_IP",ie1_0."LAST_MODIFY_USER",ie1_0."LAST_NAME",ie1_0."MONEY_LAUNDERING_FLAG",ie1_0."NATIONALITY",ie1_0."STATUS_ID",s1_0."STATUS_ID",s1_0."CATEGORY",s1_0."DESCRIPTION",ie1_0."TAX_EXEMP",ts1_0."TAX_STATUS_ID",ts1_0."DESCRIPTION",ts1_0."LAST_MODIFY_APPLIC",ts1_0."LAST_MODIFY_DATE",ts1_0."LAST_MODIFY_IP",ts1_0."LAST_MODIFY_USER",ie1_0."TYPE_ID",t1_0."TYPE_ID",t1_0."CATEGORY",t1_0."DESCRIPTION" from "NUANBODB"."INVESTOR" ie1_0 join "NUANBODB"."COUNTRY" c1_0 on c1_0."COUNTRY_ID"=ie1_0."COUNTRY_ID" join "NUANBODB"."CURRENCY" c2_0 on c2_0."CURRENCY_ID"=c1_0."CURRENCY_ID" left join "NUANBODB"."GICS" g1_0 on g1_0."GICS_ID"=ie1_0."GICS_ID" join "NUANBODB"."IDENTIFICATION_TYPE" it1_0 on it1_0."IDENTIFICATION_TYPE_ID"=ie1_0."IDENTIFICATION_TYPE_ID" join "NUANBODB"."STATUS" s1_0 on s1_0."STATUS_ID"=ie1_0."STATUS_ID" left join "NUANBODB"."TAX_STATUS" ts1_0 on ts1_0."TAX_STATUS_ID"=ie1_0."TAX_STATUS_ID" join "NUANBODB"."TYPE" t1_0 on t1_0."TYPE_ID"=ie1_0."TYPE_ID" where ie1_0."INVESTOR_ID"=?
[30m2026-09-03T17:43:59,224[m [36mDEBUG [m[[1;34mhttp-nio-8080-exec-5[m] [36mSqlStatementLogger[m - select ie1_0."INVESTOR_ID",ie1_0."CLEARINGHOUSE_CODE",ie1_0."CODE",ie1_0."COMPANY_NAME",ie1_0."COUNTRY_ID",c1_0."COUNTRY_ID",c1_0."CODE",c1_0."CURRENCY_ID",c2_0."CURRENCY_ID",c2_0."CODE",c2_0."NAME",c1_0."NAME",c1_0."TIME_ZONE",ie1_0."DOCUMENT_NUMBER",ie1_0."FIRST_NAME",g1_0."GICS_ID",g1_0."DESCRIPTION",ie1_0."IDENTIFICATION_TYPE_ID",it1_0."IDENTIFICATION_TYPE_ID",it1_0."CODE",it1_0."DESCRIPTION",ie1_0."LAST_MODIFY_APPLIC",ie1_0."LAST_MODIFY_DATE",ie1_0."LAST_MODIFY_IP",ie1_0."LAST_MODIFY_USER",ie1_0."LAST_NAME",ie1_0."MONEY_LAUNDERING_FLAG",ie1_0."NATIONALITY",ie1_0."STATUS_ID",s1_0."STATUS_ID",s1_0."CATEGORY",s1_0."DESCRIPTION",ie1_0."TAX_EXEMP",ts1_0."TAX_STATUS_ID",ts1_0."DESCRIPTION",ts1_0."LAST_MODIFY_APPLIC",ts1_0."LAST_MODIFY_DATE",ts1_0."LAST_MODIFY_IP",ts1_0."LAST_MODIFY_USER",ie1_0."TYPE_ID",t1_0."TYPE_ID",t1_0."CATEGORY",t1_0."DESCRIPTION" from "NUANBODB"."INVESTOR" ie1_0 join "NUANBODB"."COUNTRY" c1_0 on c1_0."COUNTRY_ID"=ie1_0."COUNTRY_ID" join "NUANBODB"."CURRENCY" c2_0 on c2_0."CURRENCY_ID"=c1_0."CURRENCY_ID" left join "NUANBODB"."GICS" g1_0 on g1_0."GICS_ID"=ie1_0."GICS_ID" join "NUANBODB"."IDENTIFICATION_TYPE" it1_0 on it1_0."IDENTIFICATION_TYPE_ID"=ie1_0."IDENTIFICATION_TYPE_ID" join "NUANBODB"."STATUS" s1_0 on s1_0."STATUS_ID"=ie1_0."STATUS_ID" left join "NUANBODB"."TAX_STATUS" ts1_0 on ts1_0."TAX_STATUS_ID"=ie1_0."TAX_STATUS_ID" join "NUANBODB"."TYPE" t1_0 on t1_0."TYPE_ID"=ie1_0."TYPE_ID" where ie1_0."INVESTOR_ID"=?
[30m2026-09-03T17:43:59,224[m [30mTRACE [m[[1;34mhttp-nio-8080-exec-10[m] [36mJdbcBindingLogging[m - binding parameter (1:BIGINT) <- [167]
[30m2026-09-03T17:43:59,224[m [30mTRACE [m[[1;34mhttp-nio-8080-exec-5[m] [36mJdbcBindingLogging[m - binding parameter (1:BIGINT) <- [167]
[30m2026-09-03T17:43:59,224[m [36mDEBUG [m[[1;34mhttp-nio-8080-exec-7[m] [36mSqlStatementLogger[m - select ie1_0."INVESTOR_ID",ie1_0."CLEARINGHOUSE_CODE",ie1_0."CODE",ie1_0."COMPANY_NAME",ie1_0."COUNTRY_ID",c1_0."COUNTRY_ID",c1_0."CODE",c1_0."CURRENCY_ID",c2_0."CURRENCY_ID",c2_0."CODE",c2_0."NAME",c1_0."NAME",c1_0."TIME_ZONE",ie1_0."DOCUMENT_NUMBER",ie1_0."FIRST_NAME",g1_0."GICS_ID",g1_0."DESCRIPTION",ie1_0."IDENTIFICATION_TYPE_ID",it1_0."IDENTIFICATION_TYPE_ID",it1_0."CODE",it1_0."DESCRIPTION",ie1_0."LAST_MODIFY_APPLIC",ie1_0."LAST_MODIFY_DATE",ie1_0."LAST_MODIFY_IP",ie1_0."LAST_MODIFY_USER",ie1_0."LAST_NAME",ie1_0."MONEY_LAUNDERING_FLAG",ie1_0."NATIONALITY",ie1_0."STATUS_ID",s1_0."STATUS_ID",s1_0."CATEGORY",s1_0."DESCRIPTION",ie1_0."TAX_EXEMP",ts1_0."TAX_STATUS_ID",ts1_0."DESCRIPTION",ts1_0."LAST_MODIFY_APPLIC",ts1_0."LAST_MODIFY_DATE",ts1_0."LAST_MODIFY_IP",ts1_0."LAST_MODIFY_USER",ie1_0."TYPE_ID",t1_0."TYPE_ID",t1_0."CATEGORY",t1_0."DESCRIPTION" from "NUANBODB"."INVESTOR" ie1_0 join "NUANBODB"."COUNTRY" c1_0 on c1_0."COUNTRY_ID"=ie1_0."COUNTRY_ID" join "NUANBODB"."CURRENCY" c2_0 on c2_0."CURRENCY_ID"=c1_0."CURRENCY_ID" left join "NUANBODB"."GICS" g1_0 on g1_0."GICS_ID"=ie1_0."GICS_ID" join "NUANBODB"."IDENTIFICATION_TYPE" it1_0 on it1_0."IDENTIFICATION_TYPE_ID"=ie1_0."IDENTIFICATION_TYPE_ID" join "NUANBODB"."STATUS" s1_0 on s1_0."STATUS_ID"=ie1_0."STATUS_ID" left join "NUANBODB"."TAX_STATUS" ts1_0 on ts1_0."TAX_STATUS_ID"=ie1_0."TAX_STATUS_ID" join "NUANBODB"."TYPE" t1_0 on t1_0."TYPE_ID"=ie1_0."TYPE_ID" where ie1_0."INVESTOR_ID"=?
[30m2026-09-03T17:43:59,225[m [30mTRACE [m[[1;34mhttp-nio-8080-exec-7[m] [36mJdbcBindingLogging[m - binding parameter (1:BIGINT) <- [167]
[30m2026-09-03T17:43:59,225[m [36mDEBUG [m[[1;34mhttp-nio-8080-exec-6[m] [36mSqlStatementLogger[m - select te1_0."TYPE_ID",te1_0."CATEGORY",te1_0."DESCRIPTION" from "NUANBODB"."TYPE" te1_0 where te1_0."TYPE_ID"=?
[30m2026-09-03T17:43:59,225[m [30mTRACE [m[[1;34mhttp-nio-8080-exec-6[m] [36mJdbcBindingLogging[m - binding parameter (1:BIGINT) <- [120]
[30m2026-09-03T17:43:59,225[m [36mDEBUG [m[[1;34mhttp-nio-8080-exec-5[m] [36mSqlStatementLogger[m - select te1_0."TYPE_ID",te1_0."CATEGORY",te1_0."DESCRIPTION" from "NUANBODB"."TYPE" te1_0 where te1_0."TYPE_ID"=?
[30m2026-09-03T17:43:59,225[m [30mTRACE [m[[1;34mhttp-nio-8080-exec-5[m] [36mJdbcBindingLogging[m - binding parameter (1:BIGINT) <- [120]
[30m2026-09-03T17:43:59,225[m [36mDEBUG [m[[1;34mhttp-nio-8080-exec-6[m] [36mSqlStatementLogger[m - select se1_0."STATUS_ID",se1_0."CATEGORY",se1_0."DESCRIPTION" from "NUANBODB"."STATUS" se1_0 where se1_0."STATUS_ID"=?
[30m2026-09-03T17:43:59,225[m [30mTRACE [m[[1;34mhttp-nio-8080-exec-6[m] [36mJdbcBindingLogging[m - binding parameter (1:BIGINT) <- [570]
[30m2026-09-03T17:43:59,225[m [36mDEBUG [m[[1;34mhttp-nio-8080-exec-10[m] [36mSqlStatementLogger[m - select te1_0."TYPE_ID",te1_0."CATEGORY",te1_0."DESCRIPTION" from "NUANBODB"."TYPE" te1_0 where te1_0."TYPE_ID"=?
[30m2026-09-03T17:43:59,225[m [36mDEBUG [m[[1;34mhttp-nio-8080-exec-7[m] [36mSqlStatementLogger[m - select te1_0."TYPE_ID",te1_0."CATEGORY",te1_0."DESCRIPTION" from "NUANBODB"."TYPE" te1_0 where te1_0."TYPE_ID"=?
[30m2026-09-03T17:43:59,225[m [30mTRACE [m[[1;34mhttp-nio-8080-exec-10[m] [36mJdbcBindingLogging[m - binding parameter (1:BIGINT) <- [120]
[30m2026-09-03T17:43:59,225[m [30mTRACE [m[[1;34mhttp-nio-8080-exec-7[m] [36mJdbcBindingLogging[m - binding parameter (1:BIGINT) <- [120]
[30m2026-09-03T17:43:59,226[m [36mDEBUG [m[[1;34mhttp-nio-8080-exec-5[m] [36mSqlStatementLogger[m - select se1_0."STATUS_ID",se1_0."CATEGORY",se1_0."DESCRIPTION" from "NUANBODB"."STATUS" se1_0 where se1_0."STATUS_ID"=?
[30m2026-09-03T17:43:59,226[m [36mDEBUG [m[[1;34mhttp-nio-8080-exec-3[m] [36mSqlStatementLogger[m - select de1_0."DEPOSITORY_ID",de1_0."DESCRIPTION" from "NUANBODB"."DEPOSITORY" de1_0 where de1_0."DEPOSITORY_ID"=?
[30m2026-09-03T17:43:59,226[m [30mTRACE [m[[1;34mhttp-nio-8080-exec-3[m] [36mJdbcBindingLogging[m - binding parameter (1:VARCHAR) <- [1]
[30m2026-09-03T17:43:59,226[m [30mTRACE [m[[1;34mhttp-nio-8080-exec-5[m] [36mJdbcBindingLogging[m - binding parameter (1:BIGINT) <- [570]
[30m2026-09-03T17:43:59,226[m [36mDEBUG [m[[1;34mhttp-nio-8080-exec-6[m] [36mSqlStatementLogger[m - select te1_0."TYPE_ID",te1_0."CATEGORY",te1_0."DESCRIPTION" from "NUANBODB"."TYPE" te1_0 where te1_0."TYPE_ID"=?
[30m2026-09-03T17:43:59,226[m [30mTRACE [m[[1;34mhttp-nio-8080-exec-6[m] [36mJdbcBindingLogging[m - binding parameter (1:BIGINT) <- [26]
[30m2026-09-03T17:43:59,226[m [36mDEBUG [m[[1;34mhttp-nio-8080-exec-10[m] [36mSqlStatementLogger[m - select se1_0."STATUS_ID",se1_0."CATEGORY",se1_0."DESCRIPTION" from "NUANBODB"."STATUS" se1_0 where se1_0."STATUS_ID"=?
[30m2026-09-03T17:43:59,226[m [30mTRACE [m[[1;34mhttp-nio-8080-exec-10[m] [36mJdbcBindingLogging[m - binding parameter (1:BIGINT) <- [570]
[30m2026-09-03T17:43:59,226[m [36mDEBUG [m[[1;34mhttp-nio-8080-exec-7[m] [36mSqlStatementLogger[m - select se1_0."STATUS_ID",se1_0."CATEGORY",se1_0."DESCRIPTION" from "NUANBODB"."STATUS" se1_0 where se1_0."STATUS_ID"=?
[30m2026-09-03T17:43:59,226[m [30mTRACE [m[[1;34mhttp-nio-8080-exec-7[m] [36mJdbcBindingLogging[m - binding parameter (1:BIGINT) <- [570]
[30m2026-09-03T17:43:59,227[m [36mDEBUG [m[[1;34mhttp-nio-8080-exec-5[m] [36mSqlStatementLogger[m - select te1_0."TYPE_ID",te1_0."CATEGORY",te1_0."DESCRIPTION" from "NUANBODB"."TYPE" te1_0 where te1_0."TYPE_ID"=?
[30m2026-09-03T17:43:59,227[m [36mDEBUG [m[[1;34mhttp-nio-8080-exec-3[m] [36mSqlStatementLogger[m - select ie1_0."INVESTOR_ID",ie1_0."CLEARINGHOUSE_CODE",ie1_0."CODE",ie1_0."COMPANY_NAME",ie1_0."COUNTRY_ID",c1_0."COUNTRY_ID",c1_0."CODE",c1_0."CURRENCY_ID",c2_0."CURRENCY_ID",c2_0."CODE",c2_0."NAME",c1_0."NAME",c1_0."TIME_ZONE",ie1_0."DOCUMENT_NUMBER",ie1_0."FIRST_NAME",g1_0."GICS_ID",g1_0."DESCRIPTION",ie1_0."IDENTIFICATION_TYPE_ID",it1_0."IDENTIFICATION_TYPE_ID",it1_0."CODE",it1_0."DESCRIPTION",ie1_0."LAST_MODIFY_APPLIC",ie1_0."LAST_MODIFY_DATE",ie1_0."LAST_MODIFY_IP",ie1_0."LAST_MODIFY_USER",ie1_0."LAST_NAME",ie1_0."MONEY_LAUNDERING_FLAG",ie1_0."NATIONALITY",ie1_0."STATUS_ID",s1_0."STATUS_ID",s1_0."CATEGORY",s1_0."DESCRIPTION",ie1_0."TAX_EXEMP",ts1_0."TAX_STATUS_ID",ts1_0."DESCRIPTION",ts1_0."LAST_MODIFY_APPLIC",ts1_0."LAST_MODIFY_DATE",ts1_0."LAST_MODIFY_IP",ts1_0."LAST_MODIFY_USER",ie1_0."TYPE_ID",t1_0."TYPE_ID",t1_0."CATEGORY",t1_0."DESCRIPTION" from "NUANBODB"."INVESTOR" ie1_0 join "NUANBODB"."COUNTRY" c1_0 on c1_0."COUNTRY_ID"=ie1_0."COUNTRY_ID" join "NUANBODB"."CURRENCY" c2_0 on c2_0."CURRENCY_ID"=c1_0."CURRENCY_ID" left join "NUANBODB"."GICS" g1_0 on g1_0."GICS_ID"=ie1_0."GICS_ID" join "NUANBODB"."IDENTIFICATION_TYPE" it1_0 on it1_0."IDENTIFICATION_TYPE_ID"=ie1_0."IDENTIFICATION_TYPE_ID" join "NUANBODB"."STATUS" s1_0 on s1_0."STATUS_ID"=ie1_0."STATUS_ID" left join "NUANBODB"."TAX_STATUS" ts1_0 on ts1_0."TAX_STATUS_ID"=ie1_0."TAX_STATUS_ID" join "NUANBODB"."TYPE" t1_0 on t1_0."TYPE_ID"=ie1_0."TYPE_ID" where ie1_0."INVESTOR_ID"=?
[30m2026-09-03T17:43:59,227[m [30mTRACE [m[[1;34mhttp-nio-8080-exec-5[m] [36mJdbcBindingLogging[m - binding parameter (1:BIGINT) <- [26]
[30m2026-09-03T17:43:59,227[m [30mTRACE [m[[1;34mhttp-nio-8080-exec-3[m] [36mJdbcBindingLogging[m - binding parameter (1:BIGINT) <- [167]
[30m2026-09-03T17:43:59,227[m [36mDEBUG [m[[1;34mhttp-nio-8080-exec-10[m] [36mSqlStatementLogger[m - select te1_0."TYPE_ID",te1_0."CATEGORY",te1_0."DESCRIPTION" from "NUANBODB"."TYPE" te1_0 where te1_0."TYPE_ID"=?
[30m2026-09-03T17:43:59,227[m [30mTRACE [m[[1;34mhttp-nio-8080-exec-10[m] [36mJdbcBindingLogging[m - binding parameter (1:BIGINT) <- [26]
[30m2026-09-03T17:43:59,227[m [36mDEBUG [m[[1;34mhttp-nio-8080-exec-7[m] [36mSqlStatementLogger[m - select te1_0."TYPE_ID",te1_0."CATEGORY",te1_0."DESCRIPTION" from "NUANBODB"."TYPE" te1_0 where te1_0."TYPE_ID"=?
[30m2026-09-03T17:43:59,227[m [30mTRACE [m[[1;34mhttp-nio-8080-exec-7[m] [36mJdbcBindingLogging[m - binding parameter (1:BIGINT) <- [26]
[30m2026-09-03T17:43:59,227[m [36mDEBUG [m[[1;34mhttp-nio-8080-exec-3[m] [36mSqlStatementLogger[m - select te1_0."TYPE_ID",te1_0."CATEGORY",te1_0."DESCRIPTION" from "NUANBODB"."TYPE" te1_0 where te1_0."TYPE_ID"=?
[30m2026-09-03T17:43:59,227[m [30mTRACE [m[[1;34mhttp-nio-8080-exec-3[m] [36mJdbcBindingLogging[m - binding parameter (1:BIGINT) <- [120]
[30m2026-09-03T17:43:59,227[m [36mDEBUG [m[[1;34mhttp-nio-8080-exec-10[m] [36mSqlStatementLogger[m - select cre1_0."CUSTODIAN_RELATION_ID",cre1_0."CUSTODIAN_ID",cre1_0."DEPOSITORY_ID",cre1_0."INVESTOR_ACCOUNT_ID",cre1_0."LAST_MODIFY_APPLIC",cre1_0."LAST_MODIFY_DATE",cre1_0."LAST_MODIFY_IP",cre1_0."LAST_MODIFY_USER",cre1_0."PARTICIPANT_ID",cre1_0."STATUS_ID" from "NUANBODB"."CUSTODIAN_RELATION" cre1_0 where cre1_0."PARTICIPANT_ID"=? and cre1_0."DEPOSITORY_ID"=? and cre1_0."INVESTOR_ACCOUNT_ID"=? and cre1_0."STATUS_ID"=?
[30m2026-09-03T17:43:59,228[m [30mTRACE [m[[1;34mhttp-nio-8080-exec-10[m] [36mJdbcBindingLogging[m - binding parameter (1:BIGINT) <- [15]
[30m2026-09-03T17:43:59,228[m [30mTRACE [m[[1;34mhttp-nio-8080-exec-10[m] [36mJdbcBindingLogging[m - binding parameter (2:VARCHAR) <- [1]
[30m2026-09-03T17:43:59,228[m [30mTRACE [m[[1;34mhttp-nio-8080-exec-10[m] [36mJdbcBindingLogging[m - binding parameter (3:BIGINT) <- [57]
[30m2026-09-03T17:43:59,228[m [30mTRACE [m[[1;34mhttp-nio-8080-exec-10[m] [36mJdbcBindingLogging[m - binding parameter (4:BIGINT) <- [1163]
[30m2026-09-03T17:43:59,228[m [36mDEBUG [m[[1;34mhttp-nio-8080-exec-3[m] [36mSqlStatementLogger[m - select se1_0."STATUS_ID",se1_0."CATEGORY",se1_0."DESCRIPTION" from "NUANBODB"."STATUS" se1_0 where se1_0."STATUS_ID"=?
[30m2026-09-03T17:43:59,228[m [30mTRACE [m[[1;34mhttp-nio-8080-exec-3[m] [36mJdbcBindingLogging[m - binding parameter (1:BIGINT) <- [570]
[30m2026-09-03T17:43:59,228[m [36mDEBUG [m[[1;34mhttp-nio-8080-exec-6[m] [36mSqlStatementLogger[m - select se1_0."FRACTION",se1_0."SIDE_ID",se1_0."TRADE_ID",se1_0."BANK_ACCOUNT_ID",se1_0."BROKERAGE_SERVICE",se1_0."CAPITAL_GAIN_VALUE",se1_0."CASH_ACCOUNT",se1_0."COMMISSION_AMOUNT",se1_0."COMMISSION_PERCENTAGE",c1_0."PARTICIPANT_ID",c1_0."CODE",c1_0."COUNTRY_ID",c1_0."CUSTODIAN",c1_0."DIRECT_ALLOCATION",c1_0."DOCUMENT_NUMBER",c1_0."ENABLED",c1_0."IDENTIFICATION_TYPE_ID",c1_0."MARGIN_ACCOUNT",c1_0."MARKET_MAKER",c1_0."MASTER_ACCOUNT",c1_0."MNEMONIC",c1_0."NAME",c1_0."NIT_CLEARING_HOUSE",c1_0."REGISTRATION_DATE",c1_0."SHORT_NAME",c1_0."STATUS_ID",c1_0."TAX_CODE",c1_0."TAX_STATUS_ID",c1_0."TYPE_ID",c1_0."TYPE_ENTITY",cs1_0."STATUS_ID",cs1_0."CATEGORY",cs1_0."DESCRIPTION",se1_0."DELIVERY_VERSUS_PAYMENT_VALUE",se1_0."DIRECT_DEPOSITOR",se1_0."DISBURSEMENT_VALUE",fa1_0."PARTICIPANT_ID",fa1_0."CODE",fa1_0."COUNTRY_ID",fa1_0."CUSTODIAN",fa1_0."DIRECT_ALLOCATION",fa1_0."DOCUMENT_NUMBER",fa1_0."ENABLED",fa1_0."IDENTIFICATION_TYPE_ID",fa1_0."MARGIN_ACCOUNT",fa1_0."MARKET_MAKER",fa1_0."MASTER_ACCOUNT",fa1_0."MNEMONIC",fa1_0."NAME",fa1_0."NIT_CLEARING_HOUSE",fa1_0."REGISTRATION_DATE",fa1_0."SHORT_NAME",fa1_0."STATUS_ID",fa1_0."TAX_CODE",fa1_0."TAX_STATUS_ID",fa1_0."TYPE_ID",fa1_0."TYPE_ENTITY",se1_0."FIDUCIARY_SPECIALIST",se1_0."FRACTION_QUANTITY",se1_0."FRACTION_VOLUME",se1_0."FUNDING_AMOUNT",se1_0."IND_MASTER",se1_0."INVESTOR_ID",ia1_0."INVESTOR_ACCOUNT_ID",ia1_0."ACCOUNT_NAME",ia1_0."ACCOUNT_NUMBER",ia1_0."DEPOSITORY_ID",ia1_0."INVESTOR_ID",ia1_0."LAST_MODIFY_APPLIC",ia1_0."LAST_MODIFY_DATE",ia1_0."LAST_MODIFY_IP",ia1_0."LAST_MODIFY_USER",ia1_0."ORIGIN_TYPE_ID",ia1_0."PARTICIPANT_ID",ia1_0."STATUS_ID",ia1_0."TAX_EXEMP",ia1_0."TYPE_ID",se1_0."ISSUED_RECEIPT",se1_0."ISSUED_RECEIPT_NUMBER",se1_0."LAST_MODIFY_APPLIC",se1_0."LAST_MODIFY_DATE",se1_0."LAST_MODIFY_IP",se1_0."LAST_MODIFY_USER",se1_0."MILA_DIRECT_DEPOSITOR",se1_0."NET_AMOUNT",se1_0."NET_OUTFLOW_TOTAL",se1_0."OUTFLOW_TURNOVER_VALUE",pa1_0."PARTICIPANT_ACCOUNT_ID",pa1_0."ACCOUNT_NUMBER",pa1_0."DEPOSITORY_ID",pa1_0."IND_MASTER",pa1_0."LAST_MODIFY_APPLIC",pa1_0."LAST_MODIFY_DATE",pa1_0."LAST_MODIFY_IP",pa1_0."LAST_MODIFY_USER",pa1_0."ORIGIN_TYPE_ID",pa1_0."PARTICIPANT_ID",pa1_0."STATUS_ID",pa1_0."TAX_EXEMP",pa1_0."TYPE_ID",se1_0."PARTICIPANT_BANK_ACCOUNT_ID",se1_0."REFERENCE",se1_0."REFERENCE_ALLOC_ID",se1_0."REFERENCE_PACKAGE",se1_0."REPO_AMOUNT",se1_0."RETURN_TURNOVER_VALUE",se1_0."SETTLEMENT_AMOUNT",se1_0."SOURCE_QUOTE_TYPE_ID",se1_0."STATUS_ID",se1_0."TRADING_SYSTEM_ID",se1_0."TRANSFER_VALUE",se1_0."UNIQUE_FRACTION_ID",se1_0."VAL_TAX",se1_0."VAL_TAX_AMOUNT",se1_0."WITHHOLDING_TAX",se1_0."WITHHOLDING_TAX_AMOUNT" from "NUANBODB"."SETTLEMENT" se1_0 left join "NUANBODB"."TRADE" t1_0 on t1_0."TRADE_ID"=se1_0."TRADE_ID" left join "NUANBODB"."SIDE" s1_0 on s1_0."SIDE_ID"=se1_0."SIDE_ID" left join "NUANBODB"."PARTICIPANT" c1_0 on c1_0."PARTICIPANT_ID"=se1_0."CUSTODIAN_ID" left join "NUANBODB"."STATUS" cs1_0 on cs1_0."STATUS_ID"=se1_0."CUSTODIAN_STATUS_ID" left join "NUANBODB"."PARTICIPANT" fa1_0 on fa1_0."PARTICIPANT_ID"=se1_0."FIC_ADMINISTRATOR_ID" left join "NUANBODB"."INVESTOR_ACCOUNT" ia1_0 on ia1_0."INVESTOR_ACCOUNT_ID"=se1_0."INVESTOR_ACCOUNT_ID" left join "NUANBODB"."PARTICIPANT_ACCOUNT" pa1_0 on pa1_0."PARTICIPANT_ACCOUNT_ID"=se1_0."PARTICIPANT_ACCOUNT_ID" where t1_0."TRADE_ID" in (?,?,?,?,?,?,?,?,?,?,?,?,?,?,?,?,?,?,?,?,?,?,?,?,?,?,?,?,?,?,?,?,?,?,?,?,?,?,?,?,?) and s1_0."SIDE_ID"=?
[30m2026-09-03T17:43:59,228[m [30mTRACE [m[[1;34mhttp-nio-8080-exec-6[m] [36mJdbcBindingLogging[m - binding parameter (1:BIGINT) <- [1385365]
[30m2026-09-03T17:43:59,228[m [30mTRACE [m[[1;34mhttp-nio-8080-exec-6[m] [36mJdbcBindingLogging[m - binding parameter (2:BIGINT) <- [1380309]
[30m2026-09-03T17:43:59,228[m [30mTRACE [m[[1;34mhttp-nio-8080-exec-6[m] [36mJdbcBindingLogging[m - binding parameter (3:BIGINT) <- [1382612]
[30m2026-09-03T17:43:59,228[m [30mTRACE [m[[1;34mhttp-nio-8080-exec-6[m] [36mJdbcBindingLogging[m - binding parameter (4:BIGINT) <- [1382615]
[30m2026-09-03T17:43:59,229[m [30mTRACE [m[[1;34mhttp-nio-8080-exec-6[m] [36mJdbcBindingLogging[m - binding parameter (5:BIGINT) <- [1387280]
[30m2026-09-03T17:43:59,229[m [36mDEBUG [m[[1;34mhttp-nio-8080-exec-3[m] [36mSqlStatementLogger[m - select te1_0."TYPE_ID",te1_0."CATEGORY",te1_0."DESCRIPTION" from "NUANBODB"."TYPE" te1_0 where te1_0."TYPE_ID"=?
[30m2026-09-03T17:43:59,229[m [36mDEBUG [m[[1;34mhttp-nio-8080-exec-10[m] [36mSqlStatementLogger[m - select mde1_0."MILA_DEPOSITORY_ID",mde1_0."CODE",mde1_0."DIRECT_DEPOSITORY_NUMBER",mde1_0."DOCUMENT_NUMBER",mde1_0."IDENTIFICATION_TYPE_ID",mde1_0."LAST_MODIFY_APPLIC",mde1_0."LAST_MODIFY_DATE",mde1_0."LAST_MODIFY_IP",mde1_0."LAST_MODIFY_USER" from "NUANBODB"."MILA_DEPOSITORY" mde1_0 where mde1_0."IDENTIFICATION_TYPE_ID"=? and mde1_0."DOCUMENT_NUMBER"=? fetch first ? rows only
[30m2026-09-03T17:43:59,229[m [36mDEBUG [m[[1;34mhttp-nio-8080-exec-5[m] [36mSqlStatementLogger[m - select se1_0."FRACTION",se1_0."SIDE_ID",se1_0."TRADE_ID",se1_0."BANK_ACCOUNT_ID",se1_0."BROKERAGE_SERVICE",se1_0."CAPITAL_GAIN_VALUE",se1_0."CASH_ACCOUNT",se1_0."COMMISSION_AMOUNT",se1_0."COMMISSION_PERCENTAGE",c1_0."PARTICIPANT_ID",c1_0."CODE",c1_0."COUNTRY_ID",c1_0."CUSTODIAN",c1_0."DIRECT_ALLOCATION",c1_0."DOCUMENT_NUMBER",c1_0."ENABLED",c1_0."IDENTIFICATION_TYPE_ID",c1_0."MARGIN_ACCOUNT",c1_0."MARKET_MAKER",c1_0."MASTER_ACCOUNT",c1_0."MNEMONIC",c1_0."NAME",c1_0."NIT_CLEARING_HOUSE",c1_0."REGISTRATION_DATE",c1_0."SHORT_NAME",c1_0."STATUS_ID",c1_0."TAX_CODE",c1_0."TAX_STATUS_ID",c1_0."TYPE_ID",c1_0."TYPE_ENTITY",cs1_0."STATUS_ID",cs1_0."CATEGORY",cs1_0."DESCRIPTION",se1_0."DELIVERY_VERSUS_PAYMENT_VALUE",se1_0."DIRECT_DEPOSITOR",se1_0."DISBURSEMENT_VALUE",fa1_0."PARTICIPANT_ID",fa1_0."CODE",fa1_0."COUNTRY_ID",fa1_0."CUSTODIAN",fa1_0."DIRECT_ALLOCATION",fa1_0."DOCUMENT_NUMBER",fa1_0."ENABLED",fa1_0."IDENTIFICATION_TYPE_ID",fa1_0."MARGIN_ACCOUNT",fa1_0."MARKET_MAKER",fa1_0."MASTER_ACCOUNT",fa1_0."MNEMONIC",fa1_0."NAME",fa1_0."NIT_CLEARING_HOUSE",fa1_0."REGISTRATION_DATE",fa1_0."SHORT_NAME",fa1_0."STATUS_ID",fa1_0."TAX_CODE",fa1_0."TAX_STATUS_ID",fa1_0."TYPE_ID",fa1_0."TYPE_ENTITY",se1_0."FIDUCIARY_SPECIALIST",se1_0."FRACTION_QUANTITY",se1_0."FRACTION_VOLUME",se1_0."FUNDING_AMOUNT",se1_0."IND_MASTER",se1_0."INVESTOR_ID",ia1_0."INVESTOR_ACCOUNT_ID",ia1_0."ACCOUNT_NAME",ia1_0."ACCOUNT_NUMBER",ia1_0."DEPOSITORY_ID",ia1_0."INVESTOR_ID",ia1_0."LAST_MODIFY_APPLIC",ia1_0."LAST_MODIFY_DATE",ia1_0."LAST_MODIFY_IP",ia1_0."LAST_MODIFY_USER",ia1_0."ORIGIN_TYPE_ID",ia1_0."PARTICIPANT_ID",ia1_0."STATUS_ID",ia1_0."TAX_EXEMP",ia1_0."TYPE_ID",se1_0."ISSUED_RECEIPT",se1_0."ISSUED_RECEIPT_NUMBER",se1_0."LAST_MODIFY_APPLIC",se1_0."LAST_MODIFY_DATE",se1_0."LAST_MODIFY_IP",se1_0."LAST_MODIFY_USER",se1_0."MILA_DIRECT_DEPOSITOR",se1_0."NET_AMOUNT",se1_0."NET_OUTFLOW_TOTAL",se1_0."OUTFLOW_TURNOVER_VALUE",pa1_0."PARTICIPANT_ACCOUNT_ID",pa1_0."ACCOUNT_NUMBER",pa1_0."DEPOSITORY_ID",pa1_0."IND_MASTER",pa1_0."LAST_MODIFY_APPLIC",pa1_0."LAST_MODIFY_DATE",pa1_0."LAST_MODIFY_IP",pa1_0."LAST_MODIFY_USER",pa1_0."ORIGIN_TYPE_ID",pa1_0."PARTICIPANT_ID",pa1_0."STATUS_ID",pa1_0."TAX_EXEMP",pa1_0."TYPE_ID",se1_0."PARTICIPANT_BANK_ACCOUNT_ID",se1_0."REFERENCE",se1_0."REFERENCE_ALLOC_ID",se1_0."REFERENCE_PACKAGE",se1_0."REPO_AMOUNT",se1_0."RETURN_TURNOVER_VALUE",se1_0."SETTLEMENT_AMOUNT",se1_0."SOURCE_QUOTE_TYPE_ID",se1_0."STATUS_ID",se1_0."TRADING_SYSTEM_ID",se1_0."TRANSFER_VALUE",se1_0."UNIQUE_FRACTION_ID",se1_0."VAL_TAX",se1_0."VAL_TAX_AMOUNT",se1_0."WITHHOLDING_TAX",se1_0."WITHHOLDING_TAX_AMOUNT" from "NUANBODB"."SETTLEMENT" se1_0 left join "NUANBODB"."TRADE" t1_0 on t1_0."TRADE_ID"=se1_0."TRADE_ID" left join "NUANBODB"."SIDE" s1_0 on s1_0."SIDE_ID"=se1_0."SIDE_ID" left join "NUANBODB"."PARTICIPANT" c1_0 on c1_0."PARTICIPANT_ID"=se1_0."CUSTODIAN_ID" left join "NUANBODB"."STATUS" cs1_0 on cs1_0."STATUS_ID"=se1_0."CUSTODIAN_STATUS_ID" left join "NUANBODB"."PARTICIPANT" fa1_0 on fa1_0."PARTICIPANT_ID"=se1_0."FIC_ADMINISTRATOR_ID" left join "NUANBODB"."INVESTOR_ACCOUNT" ia1_0 on ia1_0."INVESTOR_ACCOUNT_ID"=se1_0."INVESTOR_ACCOUNT_ID" left join "NUANBODB"."PARTICIPANT_ACCOUNT" pa1_0 on pa1_0."PARTICIPANT_ACCOUNT_ID"=se1_0."PARTICIPANT_ACCOUNT_ID" where t1_0."TRADE_ID" in (?,?,?,?,?,?,?,?,?,?,?,?,?,?,?,?,?,?,?,?,?,?,?,?,?,?,?,?,?,?,?,?,?,?,?,?,?,?,?,?) and s1_0."SIDE_ID"=?
[30m2026-09-03T17:43:59,229[m [36mDEBUG [m[[1;34mhttp-nio-8080-exec-7[m] [36mSqlStatementLogger[m - select se1_0."FRACTION",se1_0."SIDE_ID",se1_0."TRADE_ID",se1_0."BANK_ACCOUNT_ID",se1_0."BROKERAGE_SERVICE",se1_0."CAPITAL_GAIN_VALUE",se1_0."CASH_ACCOUNT",se1_0."COMMISSION_AMOUNT",se1_0."COMMISSION_PERCENTAGE",c1_0."PARTICIPANT_ID",c1_0."CODE",c1_0."COUNTRY_ID",c1_0."CUSTODIAN",c1_0."DIRECT_ALLOCATION",c1_0."DOCUMENT_NUMBER",c1_0."ENABLED",c1_0."IDENTIFICATION_TYPE_ID",c1_0."MARGIN_ACCOUNT",c1_0."MARKET_MAKER",c1_0."MASTER_ACCOUNT",c1_0."MNEMONIC",c1_0."NAME",c1_0."NIT_CLEARING_HOUSE",c1_0."REGISTRATION_DATE",c1_0."SHORT_NAME",c1_0."STATUS_ID",c1_0."TAX_CODE",c1_0."TAX_STATUS_ID",c1_0."TYPE_ID",c1_0."TYPE_ENTITY",cs1_0."STATUS_ID",cs1_0."CATEGORY",cs1_0."DESCRIPTION",se1_0."DELIVERY_VERSUS_PAYMENT_VALUE",se1_0."DIRECT_DEPOSITOR",se1_0."DISBURSEMENT_VALUE",fa1_0."PARTICIPANT_ID",fa1_0."CODE",fa1_0."COUNTRY_ID",fa1_0."CUSTODIAN",fa1_0."DIRECT_ALLOCATION",fa1_0."DOCUMENT_NUMBER",fa1_0."ENABLED",fa1_0."IDENTIFICATION_TYPE_ID",fa1_0."MARGIN_ACCOUNT",fa1_0."MARKET_MAKER",fa1_0."MASTER_ACCOUNT",fa1_0."MNEMONIC",fa1_0."NAME",fa1_0."NIT_CLEARING_HOUSE",fa1_0."REGISTRATION_DATE",fa1_0."SHORT_NAME",fa1_0."STATUS_ID",fa1_0."TAX_CODE",fa1_0."TAX_STATUS_ID",fa1_0."TYPE_ID",fa1_0."TYPE_ENTITY",se1_0."FIDUCIARY_SPECIALIST",se1_0."FRACTION_QUANTITY",se1_0."FRACTION_VOLUME",se1_0."FUNDING_AMOUNT",se1_0."IND_MASTER",se1_0."INVESTOR_ID",ia1_0."INVESTOR_ACCOUNT_ID",ia1_0."ACCOUNT_NAME",ia1_0."ACCOUNT_NUMBER",ia1_0."DEPOSITORY_ID",ia1_0."INVESTOR_ID",ia1_0."LAST_MODIFY_APPLIC",ia1_0."LAST_MODIFY_DATE",ia1_0."LAST_MODIFY_IP",ia1_0."LAST_MODIFY_USER",ia1_0."ORIGIN_TYPE_ID",ia1_0."PARTICIPANT_ID",ia1_0."STATUS_ID",ia1_0."TAX_EXEMP",ia1_0."TYPE_ID",se1_0."ISSUED_RECEIPT",se1_0."ISSUED_RECEIPT_NUMBER",se1_0."LAST_MODIFY_APPLIC",se1_0."LAST_MODIFY_DATE",se1_0."LAST_MODIFY_IP",se1_0."LAST_MODIFY_USER",se1_0."MILA_DIRECT_DEPOSITOR",se1_0."NET_AMOUNT",se1_0."NET_OUTFLOW_TOTAL",se1_0."OUTFLOW_TURNOVER_VALUE",pa1_0."PARTICIPANT_ACCOUNT_ID",pa1_0."ACCOUNT_NUMBER",pa1_0."DEPOSITORY_ID",pa1_0."IND_MASTER",pa1_0."LAST_MODIFY_APPLIC",pa1_0."LAST_MODIFY_DATE",pa1_0."LAST_MODIFY_IP",pa1_0."LAST_MODIFY_USER",pa1_0."ORIGIN_TYPE_ID",pa1_0."PARTICIPANT_ID",pa1_0."STATUS_ID",pa1_0."TAX_EXEMP",pa1_0."TYPE_ID",se1_0."PARTICIPANT_BANK_ACCOUNT_ID",se1_0."REFERENCE",se1_0."REFERENCE_ALLOC_ID",se1_0."REFERENCE_PACKAGE",se1_0."REPO_AMOUNT",se1_0."RETURN_TURNOVER_VALUE",se1_0."SETTLEMENT_AMOUNT",se1_0."SOURCE_QUOTE_TYPE_ID",se1_0."STATUS_ID",se1_0."TRADING_SYSTEM_ID",se1_0."TRANSFER_VALUE",se1_0."UNIQUE_FRACTION_ID",se1_0."VAL_TAX",se1_0."VAL_TAX_AMOUNT",se1_0."WITHHOLDING_TAX",se1_0."WITHHOLDING_TAX_AMOUNT" from "NUANBODB"."SETTLEMENT" se1_0 left join "NUANBODB"."TRADE" t1_0 on t1_0."TRADE_ID"=se1_0."TRADE_ID" left join "NUANBODB"."SIDE" s1_0 on s1_0."SIDE_ID"=se1_0."SIDE_ID" left join "NUANBODB"."PARTICIPANT" c1_0 on c1_0."PARTICIPANT_ID"=se1_0."CUSTODIAN_ID" left join "NUANBODB"."STATUS" cs1_0 on cs1_0."STATUS_ID"=se1_0."CUSTODIAN_STATUS_ID" left join "NUANBODB"."PARTICIPANT" fa1_0 on fa1_0."PARTICIPANT_ID"=se1_0."FIC_ADMINISTRATOR_ID" left join "NUANBODB"."INVESTOR_ACCOUNT" ia1_0 on ia1_0."INVESTOR_ACCOUNT_ID"=se1_0."INVESTOR_ACCOUNT_ID" left join "NUANBODB"."PARTICIPANT_ACCOUNT" pa1_0 on pa1_0."PARTICIPANT_ACCOUNT_ID"=se1_0."PARTICIPANT_ACCOUNT_ID" where t1_0."TRADE_ID" in (?,?,?,?,?,?,?,?,?,?,?,?,?,?,?,?,?,?,?,?,?,?,?,?,?,?,?,?,?,?,?,?,?,?,?,?,?,?,?,?) and s1_0."SIDE_ID"=?
[30m2026-09-03T17:43:59,229[m [30mTRACE [m[[1;34mhttp-nio-8080-exec-6[m] [36mJdbcBindingLogging[m - binding parameter (6:BIGINT) <- [1381149]
[30m2026-09-03T17:43:59,229[m [30mTRACE [m[[1;34mhttp-nio-8080-exec-3[m] [36mJdbcBindingLogging[m - binding parameter (1:BIGINT) <- [26]
[30m2026-09-03T17:43:59,229[m [30mTRACE [m[[1;34mhttp-nio-8080-exec-7[m] [36mJdbcBindingLogging[m - binding parameter (1:BIGINT) <- [1382613]
[30m2026-09-03T17:43:59,229[m [30mTRACE [m[[1;34mhttp-nio-8080-exec-10[m] [36mJdbcBindingLogging[m - binding parameter (1:BIGINT) <- [5]
[30m2026-09-03T17:43:59,229[m [30mTRACE [m[[1;34mhttp-nio-8080-exec-7[m] [36mJdbcBindingLogging[m - binding parameter (2:BIGINT) <- [1387284]
[30m2026-09-03T17:43:59,229[m [30mTRACE [m[[1;34mhttp-nio-8080-exec-6[m] [36mJdbcBindingLogging[m - binding parameter (7:BIGINT) <- [1380317]
[30m2026-09-03T17:43:59,229[m [30mTRACE [m[[1;34mhttp-nio-8080-exec-5[m] [36mJdbcBindingLogging[m - binding parameter (1:BIGINT) <- [1382550]
[30m2026-09-03T17:43:59,229[m [30mTRACE [m[[1;34mhttp-nio-8080-exec-10[m] [36mJdbcBindingLogging[m - binding parameter (2:VARCHAR) <- [8605303170]
[30m2026-09-03T17:43:59,229[m [30mTRACE [m[[1;34mhttp-nio-8080-exec-5[m] [36mJdbcBindingLogging[m - binding parameter (2:BIGINT) <- [1387282]
[30m2026-09-03T17:43:59,229[m [30mTRACE [m[[1;34mhttp-nio-8080-exec-7[m] [36mJdbcBindingLogging[m - binding parameter (3:BIGINT) <- [1380310]
[30m2026-09-03T17:43:59,229[m [30mTRACE [m[[1;34mhttp-nio-8080-exec-6[m] [36mJdbcBindingLogging[m - binding parameter (8:BIGINT) <- [1389023]
[30m2026-09-03T17:43:59,229[m [30mTRACE [m[[1;34mhttp-nio-8080-exec-5[m] [36mJdbcBindingLogging[m - binding parameter (3:BIGINT) <- [1387295]
[30m2026-09-03T17:43:59,229[m [30mTRACE [m[[1;34mhttp-nio-8080-exec-10[m] [36mJdbcBindingLogging[m - binding parameter (3:INTEGER) <- [1]
[30m2026-09-03T17:43:59,229[m [30mTRACE [m[[1;34mhttp-nio-8080-exec-6[m] [36mJdbcBindingLogging[m - binding parameter (9:BIGINT) <- [1382623]
[30m2026-09-03T17:43:59,229[m [30mTRACE [m[[1;34mhttp-nio-8080-exec-7[m] [36mJdbcBindingLogging[m - binding parameter (4:BIGINT) <- [1387281]
[30m2026-09-03T17:43:59,229[m [30mTRACE [m[[1;34mhttp-nio-8080-exec-5[m] [36mJdbcBindingLogging[m - binding parameter (4:BIGINT) <- [1380312]
[30m2026-09-03T17:43:59,229[m [30mTRACE [m[[1;34mhttp-nio-8080-exec-6[m] [36mJdbcBindingLogging[m - binding parameter (10:BIGINT) <- [1390046]
[30m2026-09-03T17:43:59,229[m [30mTRACE [m[[1;34mhttp-nio-8080-exec-7[m] [36mJdbcBindingLogging[m - binding parameter (5:BIGINT) <- [1381139]
[30m2026-09-03T17:43:59,229[m [30mTRACE [m[[1;34mhttp-nio-8080-exec-6[m] [36mJdbcBindingLogging[m - binding parameter (11:BIGINT) <- [1387291]
[30m2026-09-03T17:43:59,229[m [30mTRACE [m[[1;34mhttp-nio-8080-exec-5[m] [36mJdbcBindingLogging[m - binding parameter (5:BIGINT) <- [1381124]
[30m2026-09-03T17:43:59,229[m [30mTRACE [m[[1;34mhttp-nio-8080-exec-7[m] [36mJdbcBindingLogging[m - binding parameter (6:BIGINT) <- [1389074]
[30m2026-09-03T17:43:59,229[m [30mTRACE [m[[1;34mhttp-nio-8080-exec-6[m] [36mJdbcBindingLogging[m - binding parameter (12:BIGINT) <- [1389057]
[30m2026-09-03T17:43:59,229[m [30mTRACE [m[[1;34mhttp-nio-8080-exec-7[m] [36mJdbcBindingLogging[m - binding parameter (7:BIGINT) <- [1385362]
[30m2026-09-03T17:43:59,229[m [30mTRACE [m[[1;34mhttp-nio-8080-exec-6[m] [36mJdbcBindingLogging[m - binding parameter (13:BIGINT) <- [1390019]
[30m2026-09-03T17:43:59,229[m [30mTRACE [m[[1;34mhttp-nio-8080-exec-7[m] [36mJdbcBindingLogging[m - binding parameter (8:BIGINT) <- [1385426]
[30m2026-09-03T17:43:59,229[m [30mTRACE [m[[1;34mhttp-nio-8080-exec-5[m] [36mJdbcBindingLogging[m - binding parameter (6:BIGINT) <- [1385351]
[30m2026-09-03T17:43:59,229[m [30mTRACE [m[[1;34mhttp-nio-8080-exec-7[m] [36mJdbcBindingLogging[m - binding parameter (9:BIGINT) <- [1387293]
[30m2026-09-03T17:43:59,229[m [30mTRACE [m[[1;34mhttp-nio-8080-exec-5[m] [36mJdbcBindingLogging[m - binding parameter (7:BIGINT) <- [1382534]
[30m2026-09-03T17:43:59,229[m [30mTRACE [m[[1;34mhttp-nio-8080-exec-6[m] [36mJdbcBindingLogging[m - binding parameter (14:BIGINT) <- [1387276]
[30m2026-09-03T17:43:59,229[m [30mTRACE [m[[1;34mhttp-nio-8080-exec-7[m] [36mJdbcBindingLogging[m - binding parameter (10:BIGINT) <- [1381148]
[30m2026-09-03T17:43:59,229[m [30mTRACE [m[[1;34mhttp-nio-8080-exec-5[m] [36mJdbcBindingLogging[m - binding parameter (8:BIGINT) <- [1381126]
[30m2026-09-03T17:43:59,229[m [30mTRACE [m[[1;34mhttp-nio-8080-exec-6[m] [36mJdbcBindingLogging[m - binding parameter (15:BIGINT) <- [1382607]
[30m2026-09-03T17:43:59,229[m [30mTRACE [m[[1;34mhttp-nio-8080-exec-5[m] [36mJdbcBindingLogging[m - binding parameter (9:BIGINT) <- [1390018]
[30m2026-09-03T17:43:59,229[m [30mTRACE [m[[1;34mhttp-nio-8080-exec-7[m] [36mJdbcBindingLogging[m - binding parameter (11:BIGINT) <- [1385368]
[30m2026-09-03T17:43:59,229[m [30mTRACE [m[[1;34mhttp-nio-8080-exec-5[m] [36mJdbcBindingLogging[m - binding parameter (10:BIGINT) <- [1382541]
[30m2026-09-03T17:43:59,229[m [30mTRACE [m[[1;34mhttp-nio-8080-exec-6[m] [36mJdbcBindingLogging[m - binding parameter (16:BIGINT) <- [1385353]
[30m2026-09-03T17:43:59,229[m [30mTRACE [m[[1;34mhttp-nio-8080-exec-5[m] [36mJdbcBindingLogging[m - binding parameter (11:BIGINT) <- [1382605]
[30m2026-09-03T17:43:59,229[m [30mTRACE [m[[1;34mhttp-nio-8080-exec-7[m] [36mJdbcBindingLogging[m - binding parameter (12:BIGINT) <- [1382616]
[30m2026-09-03T17:43:59,229[m [30mTRACE [m[[1;34mhttp-nio-8080-exec-6[m] [36mJdbcBindingLogging[m - binding parameter (17:BIGINT) <- [1382539]
[30m2026-09-03T17:43:59,229[m [30mTRACE [m[[1;34mhttp-nio-8080-exec-7[m] [36mJdbcBindingLogging[m - binding parameter (13:BIGINT) <- [1387227]
[30m2026-09-03T17:43:59,229[m [30mTRACE [m[[1;34mhttp-nio-8080-exec-6[m] [36mJdbcBindingLogging[m - binding parameter (18:BIGINT) <- [1387275]
[30m2026-09-03T17:43:59,230[m [30mTRACE [m[[1;34mhttp-nio-8080-exec-6[m] [36mJdbcBindingLogging[m - binding parameter (19:BIGINT) <- [1389066]
[30m2026-09-03T17:43:59,229[m [30mTRACE [m[[1;34mhttp-nio-8080-exec-5[m] [36mJdbcBindingLogging[m - binding parameter (12:BIGINT) <- [1387277]
[30m2026-09-03T17:43:59,230[m [30mTRACE [m[[1;34mhttp-nio-8080-exec-6[m] [36mJdbcBindingLogging[m - binding parameter (20:BIGINT) <- [1387254]
[30m2026-09-03T17:43:59,230[m [30mTRACE [m[[1;34mhttp-nio-8080-exec-6[m] [36mJdbcBindingLogging[m - binding parameter (21:BIGINT) <- [1385393]
[30m2026-09-03T17:43:59,230[m [30mTRACE [m[[1;34mhttp-nio-8080-exec-7[m] [36mJdbcBindingLogging[m - binding parameter (14:BIGINT) <- [1387226]
[30m2026-09-03T17:43:59,230[m [30mTRACE [m[[1;34mhttp-nio-8080-exec-6[m] [36mJdbcBindingLogging[m - binding parameter (22:BIGINT) <- [1387313]
[30m2026-09-03T17:43:59,230[m [30mTRACE [m[[1;34mhttp-nio-8080-exec-7[m] [36mJdbcBindingLogging[m - binding parameter (15:BIGINT) <- [1382532]
[30m2026-09-03T17:43:59,230[m [30mTRACE [m[[1;34mhttp-nio-8080-exec-7[m] [36mJdbcBindingLogging[m - binding parameter (16:BIGINT) <- [1390023]
[30m2026-09-03T17:43:59,230[m [30mTRACE [m[[1;34mhttp-nio-8080-exec-6[m] [36mJdbcBindingLogging[m - binding parameter (23:BIGINT) <- [1389040]
[30m2026-09-03T17:43:59,230[m [30mTRACE [m[[1;34mhttp-nio-8080-exec-7[m] [36mJdbcBindingLogging[m - binding parameter (17:BIGINT) <- [1389056]
[30m2026-09-03T17:43:59,230[m [30mTRACE [m[[1;34mhttp-nio-8080-exec-6[m] [36mJdbcBindingLogging[m - binding parameter (24:BIGINT) <- [1389043]
[30m2026-09-03T17:43:59,230[m [30mTRACE [m[[1;34mhttp-nio-8080-exec-7[m] [36mJdbcBindingLogging[m - binding parameter (18:BIGINT) <- [1385411]
[30m2026-09-03T17:43:59,230[m [30mTRACE [m[[1;34mhttp-nio-8080-exec-6[m] [36mJdbcBindingLogging[m - binding parameter (25:BIGINT) <- [1385341]
[30m2026-09-03T17:43:59,230[m [30mTRACE [m[[1;34mhttp-nio-8080-exec-7[m] [36mJdbcBindingLogging[m - binding parameter (19:BIGINT) <- [1385356]
[30m2026-09-03T17:43:59,230[m [30mTRACE [m[[1;34mhttp-nio-8080-exec-6[m] [36mJdbcBindingLogging[m - binding parameter (26:BIGINT) <- [1390012]
[30m2026-09-03T17:43:59,230[m [30mTRACE [m[[1;34mhttp-nio-8080-exec-7[m] [36mJdbcBindingLogging[m - binding parameter (20:BIGINT) <- [1385359]
[30m2026-09-03T17:43:59,230[m [30mTRACE [m[[1;34mhttp-nio-8080-exec-7[m] [36mJdbcBindingLogging[m - binding parameter (21:BIGINT) <- [1389067]
[30m2026-09-03T17:43:59,230[m [30mTRACE [m[[1;34mhttp-nio-8080-exec-5[m] [36mJdbcBindingLogging[m - binding parameter (13:BIGINT) <- [1381133]
[30m2026-09-03T17:43:59,230[m [30mTRACE [m[[1;34mhttp-nio-8080-exec-6[m] [36mJdbcBindingLogging[m - binding parameter (27:BIGINT) <- [1381180]
[30m2026-09-03T17:43:59,230[m [30mTRACE [m[[1;34mhttp-nio-8080-exec-7[m] [36mJdbcBindingLogging[m - binding parameter (22:BIGINT) <- [1381109]
[30m2026-09-03T17:43:59,230[m [30mTRACE [m[[1;34mhttp-nio-8080-exec-5[m] [36mJdbcBindingLogging[m - binding parameter (14:BIGINT) <- [1390029]
[30m2026-09-03T17:43:59,230[m [30mTRACE [m[[1;34mhttp-nio-8080-exec-6[m] [36mJdbcBindingLogging[m - binding parameter (28:BIGINT) <- [1390009]
[30m2026-09-03T17:43:59,230[m [30mTRACE [m[[1;34mhttp-nio-8080-exec-7[m] [36mJdbcBindingLogging[m - binding parameter (23:BIGINT) <- [1380340]
[30m2026-09-03T17:43:59,230[m [30mTRACE [m[[1;34mhttp-nio-8080-exec-5[m] [36mJdbcBindingLogging[m - binding parameter (15:BIGINT) <- [1389068]
[30m2026-09-03T17:43:59,230[m [30mTRACE [m[[1;34mhttp-nio-8080-exec-5[m] [36mJdbcBindingLogging[m - binding parameter (16:BIGINT) <- [1390028]
[30m2026-09-03T17:43:59,230[m [30mTRACE [m[[1;34mhttp-nio-8080-exec-7[m] [36mJdbcBindingLogging[m - binding parameter (24:BIGINT) <- [1382582]
[30m2026-09-03T17:43:59,230[m [30mTRACE [m[[1;34mhttp-nio-8080-exec-5[m] [36mJdbcBindingLogging[m - binding parameter (17:BIGINT) <- [1381130]
[30m2026-09-03T17:43:59,230[m [30mTRACE [m[[1;34mhttp-nio-8080-exec-6[m] [36mJdbcBindingLogging[m - binding parameter (29:BIGINT) <- [1385400]
[30m2026-09-03T17:43:59,230[m [30mTRACE [m[[1;34mhttp-nio-8080-exec-7[m] [36mJdbcBindingLogging[m - binding parameter (25:BIGINT) <- [1387318]
[30m2026-09-03T17:43:59,230[m [30mTRACE [m[[1;34mhttp-nio-8080-exec-6[m] [36mJdbcBindingLogging[m - binding parameter (30:BIGINT) <- [1381176]
[30m2026-09-03T17:43:59,230[m [30mTRACE [m[[1;34mhttp-nio-8080-exec-5[m] [36mJdbcBindingLogging[m - binding parameter (18:BIGINT) <- [1389045]
[30m2026-09-03T17:43:59,230[m [30mTRACE [m[[1;34mhttp-nio-8080-exec-7[m] [36mJdbcBindingLogging[m - binding parameter (26:BIGINT) <- [1389041]
[30m2026-09-03T17:43:59,230[m [30mTRACE [m[[1;34mhttp-nio-8080-exec-5[m] [36mJdbcBindingLogging[m - binding parameter (19:BIGINT) <- [1390004]
[30m2026-09-03T17:43:59,230[m [30mTRACE [m[[1;34mhttp-nio-8080-exec-6[m] [36mJdbcBindingLogging[m - binding parameter (31:BIGINT) <- [1382564]
[30m2026-09-03T17:43:59,230[m [30mTRACE [m[[1;34mhttp-nio-8080-exec-7[m] [36mJdbcBindingLogging[m - binding parameter (27:BIGINT) <- [1382579]
[30m2026-09-03T17:43:59,230[m [30mTRACE [m[[1;34mhttp-nio-8080-exec-5[m] [36mJdbcBindingLogging[m - binding parameter (20:BIGINT) <- [1382641]
[30m2026-09-03T17:43:59,230[m [30mTRACE [m[[1;34mhttp-nio-8080-exec-7[m] [36mJdbcBindingLogging[m - binding parameter (28:BIGINT) <- [1385330]
[30m2026-09-03T17:43:59,230[m [30mTRACE [m[[1;34mhttp-nio-8080-exec-6[m] [36mJdbcBindingLogging[m - binding parameter (32:BIGINT) <- [1389092]
[30m2026-09-03T17:43:59,230[m [36mDEBUG [m[[1;34mhttp-nio-8080-exec-10[m] [36mSqlStatementLogger[m - select iae1_0."INVESTOR_ACCOUNT_ID",iae1_0."ACCOUNT_NAME",iae1_0."ACCOUNT_NUMBER",iae1_0."DEPOSITORY_ID",iae1_0."INVESTOR_ID",iae1_0."LAST_MODIFY_APPLIC",iae1_0."LAST_MODIFY_DATE",iae1_0."LAST_MODIFY_IP",iae1_0."LAST_MODIFY_USER",iae1_0."ORIGIN_TYPE_ID",iae1_0."PARTICIPANT_ID",iae1_0."STATUS_ID",iae1_0."TAX_EXEMP",iae1_0."TYPE_ID" from "NUANBODB"."INVESTOR_ACCOUNT" iae1_0 where iae1_0."INVESTOR_ACCOUNT_ID" in (?)
[30m2026-09-03T17:43:59,230[m [30mTRACE [m[[1;34mhttp-nio-8080-exec-7[m] [36mJdbcBindingLogging[m - binding parameter (29:BIGINT) <- [1381177]
[30m2026-09-03T17:43:59,230[m [30mTRACE [m[[1;34mhttp-nio-8080-exec-6[m] [36mJdbcBindingLogging[m - binding parameter (33:BIGINT) <- [1385380]
[30m2026-09-03T17:43:59,230[m [30mTRACE [m[[1;34mhttp-nio-8080-exec-5[m] [36mJdbcBindingLogging[m - binding parameter (21:BIGINT) <- [1382643]
[30m2026-09-03T17:43:59,230[m [30mTRACE [m[[1;34mhttp-nio-8080-exec-10[m] [36mJdbcBindingLogging[m - binding parameter (1:BIGINT) <- [57]
[30m2026-09-03T17:43:59,230[m [30mTRACE [m[[1;34mhttp-nio-8080-exec-6[m] [36mJdbcBindingLogging[m - binding parameter (34:BIGINT) <- [1390055]
[30m2026-09-03T17:43:59,230[m [30mTRACE [m[[1;34mhttp-nio-8080-exec-7[m] [36mJdbcBindingLogging[m - binding parameter (30:BIGINT) <- [1390010]
[30m2026-09-03T17:43:59,230[m [30mTRACE [m[[1;34mhttp-nio-8080-exec-5[m] [36mJdbcBindingLogging[m - binding parameter (22:BIGINT) <- [1380339]
[30m2026-09-03T17:43:59,230[m [30mTRACE [m[[1;34mhttp-nio-8080-exec-6[m] [36mJdbcBindingLogging[m - binding parameter (35:BIGINT) <- [1387235]
[30m2026-09-03T17:43:59,230[m [30mTRACE [m[[1;34mhttp-nio-8080-exec-7[m] [36mJdbcBindingLogging[m - binding parameter (31:BIGINT) <- [1387237]
[30m2026-09-03T17:43:59,230[m [30mTRACE [m[[1;34mhttp-nio-8080-exec-6[m] [36mJdbcBindingLogging[m - binding parameter (36:BIGINT) <- [1380323]
[30m2026-09-03T17:43:59,230[m [30mTRACE [m[[1;34mhttp-nio-8080-exec-5[m] [36mJdbcBindingLogging[m - binding parameter (23:BIGINT) <- [1381170]
[30m2026-09-03T17:43:59,231[m [30mTRACE [m[[1;34mhttp-nio-8080-exec-7[m] [36mJdbcBindingLogging[m - binding parameter (32:BIGINT) <- [1385319]
[30m2026-09-03T17:43:59,231[m [30mTRACE [m[[1;34mhttp-nio-8080-exec-7[m] [36mJdbcBindingLogging[m - binding parameter (33:BIGINT) <- [1387303]
[30m2026-09-03T17:43:59,231[m [30mTRACE [m[[1;34mhttp-nio-8080-exec-6[m] [36mJdbcBindingLogging[m - binding parameter (37:BIGINT) <- [1385324]
[30m2026-09-03T17:43:59,231[m [30mTRACE [m[[1;34mhttp-nio-8080-exec-5[m] [36mJdbcBindingLogging[m - binding parameter (24:BIGINT) <- [1382526]
[30m2026-09-03T17:43:59,231[m [30mTRACE [m[[1;34mhttp-nio-8080-exec-7[m] [36mJdbcBindingLogging[m - binding parameter (34:BIGINT) <- [1389025]
[30m2026-09-03T17:43:59,231[m [30mTRACE [m[[1;34mhttp-nio-8080-exec-6[m] [36mJdbcBindingLogging[m - binding parameter (38:BIGINT) <- [1382572]
[30m2026-09-03T17:43:59,231[m [30mTRACE [m[[1;34mhttp-nio-8080-exec-7[m] [36mJdbcBindingLogging[m - binding parameter (35:BIGINT) <- [1382624]
[30m2026-09-03T17:43:59,231[m [30mTRACE [m[[1;34mhttp-nio-8080-exec-6[m] [36mJdbcBindingLogging[m - binding parameter (39:BIGINT) <- [1389097]
[30m2026-09-03T17:43:59,231[m [30mTRACE [m[[1;34mhttp-nio-8080-exec-5[m] [36mJdbcBindingLogging[m - binding parameter (25:BIGINT) <- [1389054]
[30m2026-09-03T17:43:59,231[m [30mTRACE [m[[1;34mhttp-nio-8080-exec-7[m] [36mJdbcBindingLogging[m - binding parameter (36:BIGINT) <- [1382626]
[30m2026-09-03T17:43:59,231[m [36mDEBUG [m[[1;34mhttp-nio-8080-exec-3[m] [36mSqlStatementLogger[m - select se1_0."FRACTION",se1_0."SIDE_ID",se1_0."TRADE_ID",se1_0."BANK_ACCOUNT_ID",se1_0."BROKERAGE_SERVICE",se1_0."CAPITAL_GAIN_VALUE",se1_0."CASH_ACCOUNT",se1_0."COMMISSION_AMOUNT",se1_0."COMMISSION_PERCENTAGE",c1_0."PARTICIPANT_ID",c1_0."CODE",c1_0."COUNTRY_ID",c1_0."CUSTODIAN",c1_0."DIRECT_ALLOCATION",c1_0."DOCUMENT_NUMBER",c1_0."ENABLED",c1_0."IDENTIFICATION_TYPE_ID",c1_0."MARGIN_ACCOUNT",c1_0."MARKET_MAKER",c1_0."MASTER_ACCOUNT",c1_0."MNEMONIC",c1_0."NAME",c1_0."NIT_CLEARING_HOUSE",c1_0."REGISTRATION_DATE",c1_0."SHORT_NAME",c1_0."STATUS_ID",c1_0."TAX_CODE",c1_0."TAX_STATUS_ID",c1_0."TYPE_ID",c1_0."TYPE_ENTITY",cs1_0."STATUS_ID",cs1_0."CATEGORY",cs1_0."DESCRIPTION",se1_0."DELIVERY_VERSUS_PAYMENT_VALUE",se1_0."DIRECT_DEPOSITOR",se1_0."DISBURSEMENT_VALUE",fa1_0."PARTICIPANT_ID",fa1_0."CODE",fa1_0."COUNTRY_ID",fa1_0."CUSTODIAN",fa1_0."DIRECT_ALLOCATION",fa1_0."DOCUMENT_NUMBER",fa1_0."ENABLED",fa1_0."IDENTIFICATION_TYPE_ID",fa1_0."MARGIN_ACCOUNT",fa1_0."MARKET_MAKER",fa1_0."MASTER_ACCOUNT",fa1_0."MNEMONIC",fa1_0."NAME",fa1_0."NIT_CLEARING_HOUSE",fa1_0."REGISTRATION_DATE",fa1_0."SHORT_NAME",fa1_0."STATUS_ID",fa1_0."TAX_CODE",fa1_0."TAX_STATUS_ID",fa1_0."TYPE_ID",fa1_0."TYPE_ENTITY",se1_0."FIDUCIARY_SPECIALIST",se1_0."FRACTION_QUANTITY",se1_0."FRACTION_VOLUME",se1_0."FUNDING_AMOUNT",se1_0."IND_MASTER",se1_0."INVESTOR_ID",ia1_0."INVESTOR_ACCOUNT_ID",ia1_0."ACCOUNT_NAME",ia1_0."ACCOUNT_NUMBER",ia1_0."DEPOSITORY_ID",ia1_0."INVESTOR_ID",ia1_0."LAST_MODIFY_APPLIC",ia1_0."LAST_MODIFY_DATE",ia1_0."LAST_MODIFY_IP",ia1_0."LAST_MODIFY_USER",ia1_0."ORIGIN_TYPE_ID",ia1_0."PARTICIPANT_ID",ia1_0."STATUS_ID",ia1_0."TAX_EXEMP",ia1_0."TYPE_ID",se1_0."ISSUED_RECEIPT",se1_0."ISSUED_RECEIPT_NUMBER",se1_0."LAST_MODIFY_APPLIC",se1_0."LAST_MODIFY_DATE",se1_0."LAST_MODIFY_IP",se1_0."LAST_MODIFY_USER",se1_0."MILA_DIRECT_DEPOSITOR",se1_0."NET_AMOUNT",se1_0."NET_OUTFLOW_TOTAL",se1_0."OUTFLOW_TURNOVER_VALUE",pa1_0."PARTICIPANT_ACCOUNT_ID",pa1_0."ACCOUNT_NUMBER",pa1_0."DEPOSITORY_ID",pa1_0."IND_MASTER",pa1_0."LAST_MODIFY_APPLIC",pa1_0."LAST_MODIFY_DATE",pa1_0."LAST_MODIFY_IP",pa1_0."LAST_MODIFY_USER",pa1_0."ORIGIN_TYPE_ID",pa1_0."PARTICIPANT_ID",pa1_0."STATUS_ID",pa1_0."TAX_EXEMP",pa1_0."TYPE_ID",se1_0."PARTICIPANT_BANK_ACCOUNT_ID",se1_0."REFERENCE",se1_0."REFERENCE_ALLOC_ID",se1_0."REFERENCE_PACKAGE",se1_0."REPO_AMOUNT",se1_0."RETURN_TURNOVER_VALUE",se1_0."SETTLEMENT_AMOUNT",se1_0."SOURCE_QUOTE_TYPE_ID",se1_0."STATUS_ID",se1_0."TRADING_SYSTEM_ID",se1_0."TRANSFER_VALUE",se1_0."UNIQUE_FRACTION_ID",se1_0."VAL_TAX",se1_0."VAL_TAX_AMOUNT",se1_0."WITHHOLDING_TAX",se1_0."WITHHOLDING_TAX_AMOUNT" from "NUANBODB"."SETTLEMENT" se1_0 left join "NUANBODB"."TRADE" t1_0 on t1_0."TRADE_ID"=se1_0."TRADE_ID" left join "NUANBODB"."SIDE" s1_0 on s1_0."SIDE_ID"=se1_0."SIDE_ID" left join "NUANBODB"."PARTICIPANT" c1_0 on c1_0."PARTICIPANT_ID"=se1_0."CUSTODIAN_ID" left join "NUANBODB"."STATUS" cs1_0 on cs1_0."STATUS_ID"=se1_0."CUSTODIAN_STATUS_ID" left join "NUANBODB"."PARTICIPANT" fa1_0 on fa1_0."PARTICIPANT_ID"=se1_0."FIC_ADMINISTRATOR_ID" left join "NUANBODB"."INVESTOR_ACCOUNT" ia1_0 on ia1_0."INVESTOR_ACCOUNT_ID"=se1_0."INVESTOR_ACCOUNT_ID" left join "NUANBODB"."PARTICIPANT_ACCOUNT" pa1_0 on pa1_0."PARTICIPANT_ACCOUNT_ID"=se1_0."PARTICIPANT_ACCOUNT_ID" where t1_0."TRADE_ID" in (?,?,?,?,?,?,?,?,?,?,?,?,?,?,?,?,?,?,?,?,?,?,?,?,?,?,?,?,?,?,?,?,?,?,?,?,?,?,?,?) and s1_0."SIDE_ID"=?
[30m2026-09-03T17:43:59,231[m [30mTRACE [m[[1;34mhttp-nio-8080-exec-6[m] [36mJdbcBindingLogging[m - binding parameter (40:BIGINT) <- [1385385]
[30m2026-09-03T17:43:59,231[m [30mTRACE [m[[1;34mhttp-nio-8080-exec-5[m] [36mJdbcBindingLogging[m - binding parameter (26:BIGINT) <- [1387258]
[30m2026-09-03T17:43:59,231[m [30mTRACE [m[[1;34mhttp-nio-8080-exec-7[m] [36mJdbcBindingLogging[m - binding parameter (37:BIGINT) <- [1387308]
[30m2026-09-03T17:43:59,231[m [30mTRACE [m[[1;34mhttp-nio-8080-exec-6[m] [36mJdbcBindingLogging[m - binding parameter (41:BIGINT) <- [1387307]
[30m2026-09-03T17:43:59,231[m [30mTRACE [m[[1;34mhttp-nio-8080-exec-7[m] [36mJdbcBindingLogging[m - binding parameter (38:BIGINT) <- [1382639]
[30m2026-09-03T17:43:59,231[m [30mTRACE [m[[1;34mhttp-nio-8080-exec-5[m] [36mJdbcBindingLogging[m - binding parameter (27:BIGINT) <- [1381178]
[30m2026-09-03T17:43:59,231[m [30mTRACE [m[[1;34mhttp-nio-8080-exec-6[m] [36mJdbcBindingLogging[m - binding parameter (42:VARCHAR) <- [1]
[30m2026-09-03T17:43:59,231[m [30mTRACE [m[[1;34mhttp-nio-8080-exec-7[m] [36mJdbcBindingLogging[m - binding parameter (39:BIGINT) <- [1385391]
[30m2026-09-03T17:43:59,231[m [30mTRACE [m[[1;34mhttp-nio-8080-exec-5[m] [36mJdbcBindingLogging[m - binding parameter (28:BIGINT) <- [1387236]
[30m2026-09-03T17:43:59,231[m [30mTRACE [m[[1;34mhttp-nio-8080-exec-3[m] [36mJdbcBindingLogging[m - binding parameter (1:BIGINT) <- [1381136]
[30m2026-09-03T17:43:59,231[m [30mTRACE [m[[1;34mhttp-nio-8080-exec-7[m] [36mJdbcBindingLogging[m - binding parameter (40:BIGINT) <- [1380328]
[30m2026-09-03T17:43:59,231[m [30mTRACE [m[[1;34mhttp-nio-8080-exec-5[m] [36mJdbcBindingLogging[m - binding parameter (29:BIGINT) <- [1389095]
[30m2026-09-03T17:43:59,231[m [30mTRACE [m[[1;34mhttp-nio-8080-exec-3[m] [36mJdbcBindingLogging[m - binding parameter (2:BIGINT) <- [1382546]
[30m2026-09-03T17:43:59,231[m [30mTRACE [m[[1;34mhttp-nio-8080-exec-7[m] [36mJdbcBindingLogging[m - binding parameter (41:VARCHAR) <- [1]
[30m2026-09-03T17:43:59,231[m [30mTRACE [m[[1;34mhttp-nio-8080-exec-5[m] [36mJdbcBindingLogging[m - binding parameter (30:BIGINT) <- [1385382]
[30m2026-09-03T17:43:59,231[m [30mTRACE [m[[1;34mhttp-nio-8080-exec-3[m] [36mJdbcBindingLogging[m - binding parameter (3:BIGINT) <- [1387292]
[30m2026-09-03T17:43:59,231[m [30mTRACE [m[[1;34mhttp-nio-8080-exec-5[m] [36mJdbcBindingLogging[m - binding parameter (31:BIGINT) <- [1380326]
[30m2026-09-03T17:43:59,231[m [30mTRACE [m[[1;34mhttp-nio-8080-exec-5[m] [36mJdbcBindingLogging[m - binding parameter (32:BIGINT) <- [1382563]
[30m2026-09-03T17:43:59,231[m [30mTRACE [m[[1;34mhttp-nio-8080-exec-3[m] [36mJdbcBindingLogging[m - binding parameter (4:BIGINT) <- [1389022]
[30m2026-09-03T17:43:59,231[m [30mTRACE [m[[1;34mhttp-nio-8080-exec-5[m] [36mJdbcBindingLogging[m - binding parameter (33:BIGINT) <- [1389091]
[30m2026-09-03T17:43:59,231[m [30mTRACE [m[[1;34mhttp-nio-8080-exec-3[m] [36mJdbcBindingLogging[m - binding parameter (5:BIGINT) <- [1382558]
[30m2026-09-03T17:43:59,231[m [30mTRACE [m[[1;34mhttp-nio-8080-exec-3[m] [36mJdbcBindingLogging[m - binding parameter (6:BIGINT) <- [1385371]
[30m2026-09-03T17:43:59,231[m [30mTRACE [m[[1;34mhttp-nio-8080-exec-5[m] [36mJdbcBindingLogging[m - binding parameter (34:BIGINT) <- [1382562]
[30m2026-09-03T17:43:59,231[m [30mTRACE [m[[1;34mhttp-nio-8080-exec-3[m] [36mJdbcBindingLogging[m - binding parameter (7:BIGINT) <- [1387290]
[30m2026-09-03T17:43:59,231[m [30mTRACE [m[[1;34mhttp-nio-8080-exec-5[m] [36mJdbcBindingLogging[m - binding parameter (35:BIGINT) <- [1385388]
[30m2026-09-03T17:43:59,231[m [30mTRACE [m[[1;34mhttp-nio-8080-exec-3[m] [36mJdbcBindingLogging[m - binding parameter (8:BIGINT) <- [1382533]
[30m2026-09-03T17:43:59,231[m [30mTRACE [m[[1;34mhttp-nio-8080-exec-5[m] [36mJdbcBindingLogging[m - binding parameter (36:BIGINT) <- [1381164]
[30m2026-09-03T17:43:59,231[m [30mTRACE [m[[1;34mhttp-nio-8080-exec-3[m] [36mJdbcBindingLogging[m - binding parameter (9:BIGINT) <- [1382597]
[30m2026-09-03T17:43:59,231[m [30mTRACE [m[[1;34mhttp-nio-8080-exec-5[m] [36mJdbcBindingLogging[m - binding parameter (37:BIGINT) <- [1380332]
[30m2026-09-03T17:43:59,231[m [30mTRACE [m[[1;34mhttp-nio-8080-exec-5[m] [36mJdbcBindingLogging[m - binding parameter (38:BIGINT) <- [1385327]
[30m2026-09-03T17:43:59,231[m [30mTRACE [m[[1;34mhttp-nio-8080-exec-3[m] [36mJdbcBindingLogging[m - binding parameter (10:BIGINT) <- [1390020]
[30m2026-09-03T17:43:59,231[m [30mTRACE [m[[1;34mhttp-nio-8080-exec-5[m] [36mJdbcBindingLogging[m - binding parameter (39:BIGINT) <- [1387247]
[30m2026-09-03T17:43:59,231[m [30mTRACE [m[[1;34mhttp-nio-8080-exec-3[m] [36mJdbcBindingLogging[m - binding parameter (11:BIGINT) <- [1385414]
[30m2026-09-03T17:43:59,231[m [30mTRACE [m[[1;34mhttp-nio-8080-exec-5[m] [36mJdbcBindingLogging[m - binding parameter (40:BIGINT) <- [1380329]
[30m2026-09-03T17:43:59,231[m [30mTRACE [m[[1;34mhttp-nio-8080-exec-3[m] [36mJdbcBindingLogging[m - binding parameter (12:BIGINT) <- [1387334]
[30m2026-09-03T17:43:59,231[m [30mTRACE [m[[1;34mhttp-nio-8080-exec-5[m] [36mJdbcBindingLogging[m - binding parameter (41:VARCHAR) <- [1]
[30m2026-09-03T17:43:59,231[m [30mTRACE [m[[1;34mhttp-nio-8080-exec-3[m] [36mJdbcBindingLogging[m - binding parameter (13:BIGINT) <- [1389058]
[30m2026-09-03T17:43:59,231[m [30mTRACE [m[[1;34mhttp-nio-8080-exec-3[m] [36mJdbcBindingLogging[m - binding parameter (14:BIGINT) <- [1385346]
[30m2026-09-03T17:43:59,231[m [36mDEBUG [m[[1;34mhttp-nio-8080-exec-10[m] [36mSqlStatementLogger[m - select de1_0."DEPOSITORY_ID",de1_0."DESCRIPTION" from "NUANBODB"."DEPOSITORY" de1_0 where de1_0."DEPOSITORY_ID"=?
[30m2026-09-03T17:43:59,231[m [30mTRACE [m[[1;34mhttp-nio-8080-exec-3[m] [36mJdbcBindingLogging[m - binding parameter (15:BIGINT) <- [1382606]
[30m2026-09-03T17:43:59,232[m [30mTRACE [m[[1;34mhttp-nio-8080-exec-10[m] [36mJdbcBindingLogging[m - binding parameter (1:VARCHAR) <- [1]
[30m2026-09-03T17:43:59,232[m [30mTRACE [m[[1;34mhttp-nio-8080-exec-3[m] [36mJdbcBindingLogging[m - binding parameter (16:BIGINT) <- [1385397]
[30m2026-09-03T17:43:59,232[m [30mTRACE [m[[1;34mhttp-nio-8080-exec-3[m] [36mJdbcBindingLogging[m - binding parameter (17:BIGINT) <- [1387317]
[30m2026-09-03T17:43:59,232[m [30mTRACE [m[[1;34mhttp-nio-8080-exec-3[m] [36mJdbcBindingLogging[m - binding parameter (18:BIGINT) <- [1381175]
[30m2026-09-03T17:43:59,232[m [30mTRACE [m[[1;34mhttp-nio-8080-exec-3[m] [36mJdbcBindingLogging[m - binding parameter (19:BIGINT) <- [1387319]
[30m2026-09-03T17:43:59,232[m [30mTRACE [m[[1;34mhttp-nio-8080-exec-3[m] [36mJdbcBindingLogging[m - binding parameter (20:BIGINT) <- [1387249]
[30m2026-09-03T17:43:59,232[m [30mTRACE [m[[1;34mhttp-nio-8080-exec-3[m] [36mJdbcBindingLogging[m - binding parameter (21:BIGINT) <- [1387248]
[30m2026-09-03T17:43:59,232[m [30mTRACE [m[[1;34mhttp-nio-8080-exec-3[m] [36mJdbcBindingLogging[m - binding parameter (22:BIGINT) <- [1387315]
[30m2026-09-03T17:43:59,232[m [30mTRACE [m[[1;34mhttp-nio-8080-exec-3[m] [36mJdbcBindingLogging[m - binding parameter (23:BIGINT) <- [1389042]
[30m2026-09-03T17:43:59,232[m [30mTRACE [m[[1;34mhttp-nio-8080-exec-3[m] [36mJdbcBindingLogging[m - binding parameter (24:BIGINT) <- [1387250]
[30m2026-09-03T17:43:59,232[m [30mTRACE [m[[1;34mhttp-nio-8080-exec-3[m] [36mJdbcBindingLogging[m - binding parameter (25:BIGINT) <- [1385405]
[30m2026-09-03T17:43:59,232[m [30mTRACE [m[[1;34mhttp-nio-8080-exec-3[m] [36mJdbcBindingLogging[m - binding parameter (26:BIGINT) <- [1389055]
[30m2026-09-03T17:43:59,232[m [30mTRACE [m[[1;34mhttp-nio-8080-exec-3[m] [36mJdbcBindingLogging[m - binding parameter (27:BIGINT) <- [1390011]
[30m2026-09-03T17:43:59,232[m [30mTRACE [m[[1;34mhttp-nio-8080-exec-3[m] [36mJdbcBindingLogging[m - binding parameter (28:BIGINT) <- [1385338]
[30m2026-09-03T17:43:59,232[m [30mTRACE [m[[1;34mhttp-nio-8080-exec-3[m] [36mJdbcBindingLogging[m - binding parameter (29:BIGINT) <- [1382631]
[30m2026-09-03T17:43:59,232[m [30mTRACE [m[[1;34mhttp-nio-8080-exec-3[m] [36mJdbcBindingLogging[m - binding parameter (30:BIGINT) <- [1380327]
[30m2026-09-03T17:43:59,232[m [30mTRACE [m[[1;34mhttp-nio-8080-exec-3[m] [36mJdbcBindingLogging[m - binding parameter (31:BIGINT) <- [1382630]
[30m2026-09-03T17:43:59,232[m [30mTRACE [m[[1;34mhttp-nio-8080-exec-3[m] [36mJdbcBindingLogging[m - binding parameter (32:BIGINT) <- [1390054]
[30m2026-09-03T17:43:59,232[m [30mTRACE [m[[1;34mhttp-nio-8080-exec-3[m] [36mJdbcBindingLogging[m - binding parameter (33:BIGINT) <- [1385377]
[30m2026-09-03T17:43:59,232[m [30mTRACE [m[[1;34mhttp-nio-8080-exec-3[m] [36mJdbcBindingLogging[m - binding parameter (34:BIGINT) <- [1382625]
[30m2026-09-03T17:43:59,232[m [30mTRACE [m[[1;34mhttp-nio-8080-exec-3[m] [36mJdbcBindingLogging[m - binding parameter (35:BIGINT) <- [1381153]
[30m2026-09-03T17:43:59,232[m [30mTRACE [m[[1;34mhttp-nio-8080-exec-3[m] [36mJdbcBindingLogging[m - binding parameter (36:BIGINT) <- [1389096]
[30m2026-09-03T17:43:59,232[m [30mTRACE [m[[1;34mhttp-nio-8080-exec-3[m] [36mJdbcBindingLogging[m - binding parameter (37:BIGINT) <- [1382632]
[30m2026-09-03T17:43:59,232[m [36mDEBUG [m[[1;34mhttp-nio-8080-exec-6[m] [36mSqlStatementLogger[m - select te1_0."TAXES_ID",te1_0."CODE",te1_0."COUNTRY_ID",te1_0."DESCRIPTION",te1_0."VALUE" from "NUANBODB"."TAXES" te1_0 join "NUANBODB"."COUNTRY" c1_0 on c1_0."COUNTRY_ID"=te1_0."COUNTRY_ID" where c1_0."COUNTRY_ID"=? and te1_0."CODE"=?
[30m2026-09-03T17:43:59,232[m [30mTRACE [m[[1;34mhttp-nio-8080-exec-3[m] [36mJdbcBindingLogging[m - binding parameter (38:BIGINT) <- [1382571]
[30m2026-09-03T17:43:59,232[m [36mDEBUG [m[[1;34mhttp-nio-8080-exec-10[m] [36mSqlStatementLogger[m - select ie1_0."INVESTOR_ID",ie1_0."CLEARINGHOUSE_CODE",ie1_0."CODE",ie1_0."COMPANY_NAME",ie1_0."COUNTRY_ID",c1_0."COUNTRY_ID",c1_0."CODE",c1_0."CURRENCY_ID",c2_0."CURRENCY_ID",c2_0."CODE",c2_0."NAME",c1_0."NAME",c1_0."TIME_ZONE",ie1_0."DOCUMENT_NUMBER",ie1_0."FIRST_NAME",g1_0."GICS_ID",g1_0."DESCRIPTION",ie1_0."IDENTIFICATION_TYPE_ID",it1_0."IDENTIFICATION_TYPE_ID",it1_0."CODE",it1_0."DESCRIPTION",ie1_0."LAST_MODIFY_APPLIC",ie1_0."LAST_MODIFY_DATE",ie1_0."LAST_MODIFY_IP",ie1_0."LAST_MODIFY_USER",ie1_0."LAST_NAME",ie1_0."MONEY_LAUNDERING_FLAG",ie1_0."NATIONALITY",ie1_0."STATUS_ID",s1_0."STATUS_ID",s1_0."CATEGORY",s1_0."DESCRIPTION",ie1_0."TAX_EXEMP",ts1_0."TAX_STATUS_ID",ts1_0."DESCRIPTION",ts1_0."LAST_MODIFY_APPLIC",ts1_0."LAST_MODIFY_DATE",ts1_0."LAST_MODIFY_IP",ts1_0."LAST_MODIFY_USER",ie1_0."TYPE_ID",t1_0."TYPE_ID",t1_0."CATEGORY",t1_0."DESCRIPTION" from "NUANBODB"."INVESTOR" ie1_0 join "NUANBODB"."COUNTRY" c1_0 on c1_0."COUNTRY_ID"=ie1_0."COUNTRY_ID" join "NUANBODB"."CURRENCY" c2_0 on c2_0."CURRENCY_ID"=c1_0."CURRENCY_ID" left join "NUANBODB"."GICS" g1_0 on g1_0."GICS_ID"=ie1_0."GICS_ID" join "NUANBODB"."IDENTIFICATION_TYPE" it1_0 on it1_0."IDENTIFICATION_TYPE_ID"=ie1_0."IDENTIFICATION_TYPE_ID" join "NUANBODB"."STATUS" s1_0 on s1_0."STATUS_ID"=ie1_0."STATUS_ID" left join "NUANBODB"."TAX_STATUS" ts1_0 on ts1_0."TAX_STATUS_ID"=ie1_0."TAX_STATUS_ID" join "NUANBODB"."TYPE" t1_0 on t1_0."TYPE_ID"=ie1_0."TYPE_ID" where ie1_0."INVESTOR_ID"=?
[30m2026-09-03T17:43:59,232[m [30mTRACE [m[[1;34mhttp-nio-8080-exec-6[m] [36mJdbcBindingLogging[m - binding parameter (1:BIGINT) <- [37]
[30m2026-09-03T17:43:59,232[m [30mTRACE [m[[1;34mhttp-nio-8080-exec-3[m] [36mJdbcBindingLogging[m - binding parameter (39:BIGINT) <- [1385322]
[30m2026-09-03T17:43:59,232[m [30mTRACE [m[[1;34mhttp-nio-8080-exec-3[m] [36mJdbcBindingLogging[m - binding parameter (40:BIGINT) <- [1380330]
[30m2026-09-03T17:43:59,232[m [36mDEBUG [m[[1;34mhttp-nio-8080-exec-7[m] [36mSqlStatementLogger[m - select te1_0."TAXES_ID",te1_0."CODE",te1_0."COUNTRY_ID",te1_0."DESCRIPTION",te1_0."VALUE" from "NUANBODB"."TAXES" te1_0 join "NUANBODB"."COUNTRY" c1_0 on c1_0."COUNTRY_ID"=te1_0."COUNTRY_ID" where c1_0."COUNTRY_ID"=? and te1_0."CODE"=?
[30m2026-09-03T17:43:59,232[m [30mTRACE [m[[1;34mhttp-nio-8080-exec-6[m] [36mJdbcBindingLogging[m - binding parameter (2:VARCHAR) <- [IVA]
[30m2026-09-03T17:43:59,232[m [30mTRACE [m[[1;34mhttp-nio-8080-exec-10[m] [36mJdbcBindingLogging[m - binding parameter (1:BIGINT) <- [167]
[30m2026-09-03T17:43:59,233[m [30mTRACE [m[[1;34mhttp-nio-8080-exec-7[m] [36mJdbcBindingLogging[m - binding parameter (1:BIGINT) <- [37]
[30m2026-09-03T17:43:59,233[m [30mTRACE [m[[1;34mhttp-nio-8080-exec-3[m] [36mJdbcBindingLogging[m - binding parameter (41:VARCHAR) <- [1]
[30m2026-09-03T17:43:59,233[m [30mTRACE [m[[1;34mhttp-nio-8080-exec-7[m] [36mJdbcBindingLogging[m - binding parameter (2:VARCHAR) <- [IVA]
[30m2026-09-03T17:43:59,233[m [36mDEBUG [m[[1;34mhttp-nio-8080-exec-5[m] [36mSqlStatementLogger[m - select te1_0."TAXES_ID",te1_0."CODE",te1_0."COUNTRY_ID",te1_0."DESCRIPTION",te1_0."VALUE" from "NUANBODB"."TAXES" te1_0 join "NUANBODB"."COUNTRY" c1_0 on c1_0."COUNTRY_ID"=te1_0."COUNTRY_ID" where c1_0."COUNTRY_ID"=? and te1_0."CODE"=?
[30m2026-09-03T17:43:59,233[m [30mTRACE [m[[1;34mhttp-nio-8080-exec-5[m] [36mJdbcBindingLogging[m - binding parameter (1:BIGINT) <- [37]
[30m2026-09-03T17:43:59,233[m [30mTRACE [m[[1;34mhttp-nio-8080-exec-5[m] [36mJdbcBindingLogging[m - binding parameter (2:VARCHAR) <- [IVA]
[30m2026-09-03T17:43:59,233[m [36mDEBUG [m[[1;34mhttp-nio-8080-exec-6[m] [36mSqlStatementLogger[m - select ce1_0."COUNTRY_ID",ce1_0."CODE",ce1_0."CURRENCY_ID",c1_0."CURRENCY_ID",c1_0."CODE",c1_0."NAME",ce1_0."NAME",ce1_0."TIME_ZONE" from "NUANBODB"."COUNTRY" ce1_0 join "NUANBODB"."CURRENCY" c1_0 on c1_0."CURRENCY_ID"=ce1_0."CURRENCY_ID" where ce1_0."COUNTRY_ID"=?
[30m2026-09-03T17:43:59,233[m [36mDEBUG [m[[1;34mhttp-nio-8080-exec-7[m] [36mSqlStatementLogger[m - select ce1_0."COUNTRY_ID",ce1_0."CODE",ce1_0."CURRENCY_ID",c1_0."CURRENCY_ID",c1_0."CODE",c1_0."NAME",ce1_0."NAME",ce1_0."TIME_ZONE" from "NUANBODB"."COUNTRY" ce1_0 join "NUANBODB"."CURRENCY" c1_0 on c1_0."CURRENCY_ID"=ce1_0."CURRENCY_ID" where ce1_0."COUNTRY_ID"=?
[30m2026-09-03T17:43:59,233[m [30mTRACE [m[[1;34mhttp-nio-8080-exec-6[m] [36mJdbcBindingLogging[m - binding parameter (1:BIGINT) <- [37]
[30m2026-09-03T17:43:59,233[m [30mTRACE [m[[1;34mhttp-nio-8080-exec-7[m] [36mJdbcBindingLogging[m - binding parameter (1:BIGINT) <- [37]
[30m2026-09-03T17:43:59,233[m [36mDEBUG [m[[1;34mhttp-nio-8080-exec-5[m] [36mSqlStatementLogger[m - select ce1_0."COUNTRY_ID",ce1_0."CODE",ce1_0."CURRENCY_ID",c1_0."CURRENCY_ID",c1_0."CODE",c1_0."NAME",ce1_0."NAME",ce1_0."TIME_ZONE" from "NUANBODB"."COUNTRY" ce1_0 join "NUANBODB"."CURRENCY" c1_0 on c1_0."CURRENCY_ID"=ce1_0."CURRENCY_ID" where ce1_0."COUNTRY_ID"=?
[30m2026-09-03T17:43:59,233[m [30mTRACE [m[[1;34mhttp-nio-8080-exec-5[m] [36mJdbcBindingLogging[m - binding parameter (1:BIGINT) <- [37]
[30m2026-09-03T17:43:59,234[m [36mDEBUG [m[[1;34mhttp-nio-8080-exec-10[m] [36mSqlStatementLogger[m - select te1_0."TYPE_ID",te1_0."CATEGORY",te1_0."DESCRIPTION" from "NUANBODB"."TYPE" te1_0 where te1_0."TYPE_ID"=?
[30m2026-09-03T17:43:59,234[m [30mTRACE [m[[1;34mhttp-nio-8080-exec-10[m] [36mJdbcBindingLogging[m - binding parameter (1:BIGINT) <- [120]
[30m2026-09-03T17:43:59,234[m [36mDEBUG [m[[1;34mhttp-nio-8080-exec-3[m] [36mSqlStatementLogger[m - select te1_0."TAXES_ID",te1_0."CODE",te1_0."COUNTRY_ID",te1_0."DESCRIPTION",te1_0."VALUE" from "NUANBODB"."TAXES" te1_0 join "NUANBODB"."COUNTRY" c1_0 on c1_0."COUNTRY_ID"=te1_0."COUNTRY_ID" where c1_0."COUNTRY_ID"=? and te1_0."CODE"=?
[30m2026-09-03T17:43:59,234[m [30mTRACE [m[[1;34mhttp-nio-8080-exec-3[m] [36mJdbcBindingLogging[m - binding parameter (1:BIGINT) <- [37]
[30m2026-09-03T17:43:59,234[m [30mTRACE [m[[1;34mhttp-nio-8080-exec-3[m] [36mJdbcBindingLogging[m - binding parameter (2:VARCHAR) <- [IVA]
[30m2026-09-03T17:43:59,234[m [36mDEBUG [m[[1;34mhttp-nio-8080-exec-10[m] [36mSqlStatementLogger[m - select se1_0."STATUS_ID",se1_0."CATEGORY",se1_0."DESCRIPTION" from "NUANBODB"."STATUS" se1_0 where se1_0."STATUS_ID"=?
[30m2026-09-03T17:43:59,234[m [30mTRACE [m[[1;34mhttp-nio-8080-exec-10[m] [36mJdbcBindingLogging[m - binding parameter (1:BIGINT) <- [570]
[30m2026-09-03T17:43:59,234[m [32mINFO  [m[[1;34mhttp-nio-8080-exec-6[m] [36mFractionationCountedServiceImpl[m - PERF_ASSIGNMENT_VALIDATION_BATCH batchId=f88104e5-8ca8-4baf-b378-49d0a041f6a6 inputCount=41 validCount=41 invalidCount=0 uniqueTrades=41 uniqueSides=1 uniqueParticipants=1 titleAccountResolutionRequests=41 titleAccountUniqueBusinessKeys=1 settlementLookupRequests=41 settlementUniqueTradeSides=41 settlementRepositoryCalls=1 settlementRowsLoaded=0 settlementPrefetchMs=4 cudLookupRequests=0 cudUniqueTradeSides=0 cudUniqueBusinessKeys=0 cudRepositoryCalls=0 cudRowsLoaded=0 cudPrefetchMs=0 tradePrefetchRepositoryCalls=1 tradePrefetchMs=8 sidePrefetchMs=0 participantPrefetchMs=9 accountResolutionMs=8 accountPrefetchMs=5 businessValidationMs=1 totalMs=39
[30m2026-09-03T17:43:59,234[m [32mINFO  [m[[1;34mhttp-nio-8080-exec-7[m] [36mFractionationCountedServiceImpl[m - PERF_ASSIGNMENT_VALIDATION_BATCH batchId=f88104e5-8ca8-4baf-b378-49d0a041f6a6 inputCount=40 validCount=40 invalidCount=0 uniqueTrades=40 uniqueSides=1 uniqueParticipants=1 titleAccountResolutionRequests=40 titleAccountUniqueBusinessKeys=1 settlementLookupRequests=40 settlementUniqueTradeSides=40 settlementRepositoryCalls=1 settlementRowsLoaded=0 settlementPrefetchMs=4 cudLookupRequests=0 cudUniqueTradeSides=0 cudUniqueBusinessKeys=0 cudRepositoryCalls=0 cudRowsLoaded=0 cudPrefetchMs=0 tradePrefetchRepositoryCalls=1 tradePrefetchMs=8 sidePrefetchMs=0 participantPrefetchMs=8 accountResolutionMs=9 accountPrefetchMs=5 businessValidationMs=2 totalMs=39
[30m2026-09-03T17:43:59,234[m [32mINFO  [m[[1;34mhttp-nio-8080-exec-5[m] [36mFractionationCountedServiceImpl[m - PERF_ASSIGNMENT_VALIDATION_BATCH batchId=f88104e5-8ca8-4baf-b378-49d0a041f6a6 inputCount=40 validCount=40 invalidCount=0 uniqueTrades=40 uniqueSides=1 uniqueParticipants=1 titleAccountResolutionRequests=40 titleAccountUniqueBusinessKeys=1 settlementLookupRequests=40 settlementUniqueTradeSides=40 settlementRepositoryCalls=1 settlementRowsLoaded=0 settlementPrefetchMs=4 cudLookupRequests=0 cudUniqueTradeSides=0 cudUniqueBusinessKeys=0 cudRepositoryCalls=0 cudRowsLoaded=0 cudPrefetchMs=0 tradePrefetchRepositoryCalls=1 tradePrefetchMs=8 sidePrefetchMs=0 participantPrefetchMs=9 accountResolutionMs=9 accountPrefetchMs=5 businessValidationMs=1 totalMs=39
[30m2026-09-03T17:43:59,235[m [32mINFO  [m[[1;34mhttp-nio-8080-exec-6[m] [36mRestClientUtils[m - Client [POST] http://operaciones-fracciones-contado-back-service/operations-fractionation-api/v1/fractionation/batch
[30m2026-09-03T17:43:59,235[m [32mINFO  [m[[1;34mhttp-nio-8080-exec-5[m] [36mRestClientUtils[m - Client [POST] http://operaciones-fracciones-contado-back-service/operations-fractionation-api/v1/fractionation/batch
[30m2026-09-03T17:43:59,235[m [32mINFO  [m[[1;34mhttp-nio-8080-exec-7[m] [36mRestClientUtils[m - Client [POST] http://operaciones-fracciones-contado-back-service/operations-fractionation-api/v1/fractionation/batch
[30m2026-09-03T17:43:59,235[m [36mDEBUG [m[[1;34mhttp-nio-8080-exec-3[m] [36mSqlStatementLogger[m - select ce1_0."COUNTRY_ID",ce1_0."CODE",ce1_0."CURRENCY_ID",c1_0."CURRENCY_ID",c1_0."CODE",c1_0."NAME",ce1_0."NAME",ce1_0."TIME_ZONE" from "NUANBODB"."COUNTRY" ce1_0 join "NUANBODB"."CURRENCY" c1_0 on c1_0."CURRENCY_ID"=ce1_0."CURRENCY_ID" where ce1_0."COUNTRY_ID"=?
[30m2026-09-03T17:43:59,235[m [30mTRACE [m[[1;34mhttp-nio-8080-exec-3[m] [36mJdbcBindingLogging[m - binding parameter (1:BIGINT) <- [37]
[30m2026-09-03T17:43:59,235[m [36mDEBUG [m[[1;34mhttp-nio-8080-exec-10[m] [36mSqlStatementLogger[m - select te1_0."TYPE_ID",te1_0."CATEGORY",te1_0."DESCRIPTION" from "NUANBODB"."TYPE" te1_0 where te1_0."TYPE_ID"=?
[30m2026-09-03T17:43:59,235[m [30mTRACE [m[[1;34mhttp-nio-8080-exec-10[m] [36mJdbcBindingLogging[m - binding parameter (1:BIGINT) <- [26]
[30m2026-09-03T17:43:59,236[m [32mINFO  [m[[1;34mhttp-nio-8080-exec-3[m] [36mFractionationCountedServiceImpl[m - PERF_ASSIGNMENT_VALIDATION_BATCH batchId=f88104e5-8ca8-4baf-b378-49d0a041f6a6 inputCount=40 validCount=40 invalidCount=0 uniqueTrades=40 uniqueSides=1 uniqueParticipants=1 titleAccountResolutionRequests=40 titleAccountUniqueBusinessKeys=1 settlementLookupRequests=40 settlementUniqueTradeSides=40 settlementRepositoryCalls=1 settlementRowsLoaded=0 settlementPrefetchMs=3 cudLookupRequests=0 cudUniqueTradeSides=0 cudUniqueBusinessKeys=0 cudRepositoryCalls=0 cudRowsLoaded=0 cudPrefetchMs=0 tradePrefetchRepositoryCalls=1 tradePrefetchMs=8 sidePrefetchMs=0 participantPrefetchMs=9 accountResolutionMs=10 accountPrefetchMs=7 businessValidationMs=1 totalMs=40
[30m2026-09-03T17:43:59,236[m [32mINFO  [m[[1;34mhttp-nio-8080-exec-3[m] [36mRestClientUtils[m - Client [POST] http://operaciones-fracciones-contado-back-service/operations-fractionation-api/v1/fractionation/batch
[30m2026-09-03T17:43:59,237[m [36mDEBUG [m[[1;34mhttp-nio-8080-exec-10[m] [36mSqlStatementLogger[m - select se1_0."FRACTION",se1_0."SIDE_ID",se1_0."TRADE_ID",se1_0."BANK_ACCOUNT_ID",se1_0."BROKERAGE_SERVICE",se1_0."CAPITAL_GAIN_VALUE",se1_0."CASH_ACCOUNT",se1_0."COMMISSION_AMOUNT",se1_0."COMMISSION_PERCENTAGE",c1_0."PARTICIPANT_ID",c1_0."CODE",c1_0."COUNTRY_ID",c1_0."CUSTODIAN",c1_0."DIRECT_ALLOCATION",c1_0."DOCUMENT_NUMBER",c1_0."ENABLED",c1_0."IDENTIFICATION_TYPE_ID",c1_0."MARGIN_ACCOUNT",c1_0."MARKET_MAKER",c1_0."MASTER_ACCOUNT",c1_0."MNEMONIC",c1_0."NAME",c1_0."NIT_CLEARING_HOUSE",c1_0."REGISTRATION_DATE",c1_0."SHORT_NAME",c1_0."STATUS_ID",c1_0."TAX_CODE",c1_0."TAX_STATUS_ID",c1_0."TYPE_ID",c1_0."TYPE_ENTITY",cs1_0."STATUS_ID",cs1_0."CATEGORY",cs1_0."DESCRIPTION",se1_0."DELIVERY_VERSUS_PAYMENT_VALUE",se1_0."DIRECT_DEPOSITOR",se1_0."DISBURSEMENT_VALUE",fa1_0."PARTICIPANT_ID",fa1_0."CODE",fa1_0."COUNTRY_ID",fa1_0."CUSTODIAN",fa1_0."DIRECT_ALLOCATION",fa1_0."DOCUMENT_NUMBER",fa1_0."ENABLED",fa1_0."IDENTIFICATION_TYPE_ID",fa1_0."MARGIN_ACCOUNT",fa1_0."MARKET_MAKER",fa1_0."MASTER_ACCOUNT",fa1_0."MNEMONIC",fa1_0."NAME",fa1_0."NIT_CLEARING_HOUSE",fa1_0."REGISTRATION_DATE",fa1_0."SHORT_NAME",fa1_0."STATUS_ID",fa1_0."TAX_CODE",fa1_0."TAX_STATUS_ID",fa1_0."TYPE_ID",fa1_0."TYPE_ENTITY",se1_0."FIDUCIARY_SPECIALIST",se1_0."FRACTION_QUANTITY",se1_0."FRACTION_VOLUME",se1_0."FUNDING_AMOUNT",se1_0."IND_MASTER",se1_0."INVESTOR_ID",ia1_0."INVESTOR_ACCOUNT_ID",ia1_0."ACCOUNT_NAME",ia1_0."ACCOUNT_NUMBER",ia1_0."DEPOSITORY_ID",ia1_0."INVESTOR_ID",ia1_0."LAST_MODIFY_APPLIC",ia1_0."LAST_MODIFY_DATE",ia1_0."LAST_MODIFY_IP",ia1_0."LAST_MODIFY_USER",ia1_0."ORIGIN_TYPE_ID",ia1_0."PARTICIPANT_ID",ia1_0."STATUS_ID",ia1_0."TAX_EXEMP",ia1_0."TYPE_ID",se1_0."ISSUED_RECEIPT",se1_0."ISSUED_RECEIPT_NUMBER",se1_0."LAST_MODIFY_APPLIC",se1_0."LAST_MODIFY_DATE",se1_0."LAST_MODIFY_IP",se1_0."LAST_MODIFY_USER",se1_0."MILA_DIRECT_DEPOSITOR",se1_0."NET_AMOUNT",se1_0."NET_OUTFLOW_TOTAL",se1_0."OUTFLOW_TURNOVER_VALUE",pa1_0."PARTICIPANT_ACCOUNT_ID",pa1_0."ACCOUNT_NUMBER",pa1_0."DEPOSITORY_ID",pa1_0."IND_MASTER",pa1_0."LAST_MODIFY_APPLIC",pa1_0."LAST_MODIFY_DATE",pa1_0."LAST_MODIFY_IP",pa1_0."LAST_MODIFY_USER",pa1_0."ORIGIN_TYPE_ID",pa1_0."PARTICIPANT_ID",pa1_0."STATUS_ID",pa1_0."TAX_EXEMP",pa1_0."TYPE_ID",se1_0."PARTICIPANT_BANK_ACCOUNT_ID",se1_0."REFERENCE",se1_0."REFERENCE_ALLOC_ID",se1_0."REFERENCE_PACKAGE",se1_0."REPO_AMOUNT",se1_0."RETURN_TURNOVER_VALUE",se1_0."SETTLEMENT_AMOUNT",se1_0."SOURCE_QUOTE_TYPE_ID",se1_0."STATUS_ID",se1_0."TRADING_SYSTEM_ID",se1_0."TRANSFER_VALUE",se1_0."UNIQUE_FRACTION_ID",se1_0."VAL_TAX",se1_0."VAL_TAX_AMOUNT",se1_0."WITHHOLDING_TAX",se1_0."WITHHOLDING_TAX_AMOUNT" from "NUANBODB"."SETTLEMENT" se1_0 left join "NUANBODB"."TRADE" t1_0 on t1_0."TRADE_ID"=se1_0."TRADE_ID" left join "NUANBODB"."SIDE" s1_0 on s1_0."SIDE_ID"=se1_0."SIDE_ID" left join "NUANBODB"."PARTICIPANT" c1_0 on c1_0."PARTICIPANT_ID"=se1_0."CUSTODIAN_ID" left join "NUANBODB"."STATUS" cs1_0 on cs1_0."STATUS_ID"=se1_0."CUSTODIAN_STATUS_ID" left join "NUANBODB"."PARTICIPANT" fa1_0 on fa1_0."PARTICIPANT_ID"=se1_0."FIC_ADMINISTRATOR_ID" left join "NUANBODB"."INVESTOR_ACCOUNT" ia1_0 on ia1_0."INVESTOR_ACCOUNT_ID"=se1_0."INVESTOR_ACCOUNT_ID" left join "NUANBODB"."PARTICIPANT_ACCOUNT" pa1_0 on pa1_0."PARTICIPANT_ACCOUNT_ID"=se1_0."PARTICIPANT_ACCOUNT_ID" where t1_0."TRADE_ID" in (?,?,?,?,?,?,?,?,?,?,?,?,?,?,?,?,?,?,?,?,?,?,?,?,?,?,?,?,?,?,?,?,?,?,?,?,?,?,?) and s1_0."SIDE_ID"=?
[30m2026-09-03T17:43:59,237[m [30mTRACE [m[[1;34mhttp-nio-8080-exec-10[m] [36mJdbcBindingLogging[m - binding parameter (1:BIGINT) <- [1382549]
[30m2026-09-03T17:43:59,237[m [30mTRACE [m[[1;34mhttp-nio-8080-exec-10[m] [36mJdbcBindingLogging[m - binding parameter (2:BIGINT) <- [1390036]
[30m2026-09-03T17:43:59,237[m [30mTRACE [m[[1;34mhttp-nio-8080-exec-10[m] [36mJdbcBindingLogging[m - binding parameter (3:BIGINT) <- [1380311]
[30m2026-09-03T17:43:59,237[m [30mTRACE [m[[1;34mhttp-nio-8080-exec-10[m] [36mJdbcBindingLogging[m - binding parameter (4:BIGINT) <- [1382614]
[30m2026-09-03T17:43:59,237[m [30mTRACE [m[[1;34mhttp-nio-8080-exec-10[m] [36mJdbcBindingLogging[m - binding parameter (5:BIGINT) <- [1381137]
[30m2026-09-03T17:43:59,237[m [30mTRACE [m[[1;34mhttp-nio-8080-exec-10[m] [36mJdbcBindingLogging[m - binding parameter (6:BIGINT) <- [1385427]
[30m2026-09-03T17:43:59,237[m [30mTRACE [m[[1;34mhttp-nio-8080-exec-10[m] [36mJdbcBindingLogging[m - binding parameter (7:BIGINT) <- [1390045]
[30m2026-09-03T17:43:59,237[m [30mTRACE [m[[1;34mhttp-nio-8080-exec-10[m] [36mJdbcBindingLogging[m - binding parameter (8:BIGINT) <- [1387228]
[30m2026-09-03T17:43:59,237[m [30mTRACE [m[[1;34mhttp-nio-8080-exec-10[m] [36mJdbcBindingLogging[m - binding parameter (9:BIGINT) <- [1387231]
[30m2026-09-03T17:43:59,237[m [30mTRACE [m[[1;34mhttp-nio-8080-exec-10[m] [36mJdbcBindingLogging[m - binding parameter (10:BIGINT) <- [1385374]
[30m2026-09-03T17:43:59,237[m [30mTRACE [m[[1;34mhttp-nio-8080-exec-10[m] [36mJdbcBindingLogging[m - binding parameter (11:BIGINT) <- [1382617]
[30m2026-09-03T17:43:59,237[m [30mTRACE [m[[1;34mhttp-nio-8080-exec-10[m] [36mJdbcBindingLogging[m - binding parameter (12:BIGINT) <- [1390021]
[30m2026-09-03T17:43:59,237[m [30mTRACE [m[[1;34mhttp-nio-8080-exec-10[m] [36mJdbcBindingLogging[m - binding parameter (13:BIGINT) <- [1390017]
[30m2026-09-03T17:43:59,237[m [30mTRACE [m[[1;34mhttp-nio-8080-exec-10[m] [36mJdbcBindingLogging[m - binding parameter (14:BIGINT) <- [1390016]
[30m2026-09-03T17:43:59,238[m [30mTRACE [m[[1;34mhttp-nio-8080-exec-10[m] [36mJdbcBindingLogging[m - binding parameter (15:BIGINT) <- [1385408]
[30m2026-09-03T17:43:59,238[m [30mTRACE [m[[1;34mhttp-nio-8080-exec-10[m] [36mJdbcBindingLogging[m - binding parameter (16:BIGINT) <- [1382604]
[30m2026-09-03T17:43:59,238[m [30mTRACE [m[[1;34mhttp-nio-8080-exec-10[m] [36mJdbcBindingLogging[m - binding parameter (17:BIGINT) <- [1387272]
[30m2026-09-03T17:43:59,238[m [30mTRACE [m[[1;34mhttp-nio-8080-exec-10[m] [36mJdbcBindingLogging[m - binding parameter (18:BIGINT) <- [1385333]
[30m2026-09-03T17:43:59,238[m [30mTRACE [m[[1;34mhttp-nio-8080-exec-10[m] [36mJdbcBindingLogging[m - binding parameter (19:BIGINT) <- [1387316]
[30m2026-09-03T17:43:59,238[m [30mTRACE [m[[1;34mhttp-nio-8080-exec-10[m] [36mJdbcBindingLogging[m - binding parameter (20:BIGINT) <- [1385335]
[30m2026-09-03T17:43:59,238[m [30mTRACE [m[[1;34mhttp-nio-8080-exec-10[m] [36mJdbcBindingLogging[m - binding parameter (21:BIGINT) <- [1382583]
[30m2026-09-03T17:43:59,238[m [30mTRACE [m[[1;34mhttp-nio-8080-exec-10[m] [36mJdbcBindingLogging[m - binding parameter (22:BIGINT) <- [1387255]
[30m2026-09-03T17:43:59,238[m [30mTRACE [m[[1;34mhttp-nio-8080-exec-10[m] [36mJdbcBindingLogging[m - binding parameter (23:BIGINT) <- [1381105]
[30m2026-09-03T17:43:59,238[m [30mTRACE [m[[1;34mhttp-nio-8080-exec-10[m] [36mJdbcBindingLogging[m - binding parameter (24:BIGINT) <- [1382640]
[30m2026-09-03T17:43:59,238[m [30mTRACE [m[[1;34mhttp-nio-8080-exec-10[m] [36mJdbcBindingLogging[m - binding parameter (25:BIGINT) <- [1387312]
[30m2026-09-03T17:43:59,238[m [30mTRACE [m[[1;34mhttp-nio-8080-exec-10[m] [36mJdbcBindingLogging[m - binding parameter (26:BIGINT) <- [1387314]
[30m2026-09-03T17:43:59,238[m [30mTRACE [m[[1;34mhttp-nio-8080-exec-10[m] [36mJdbcBindingLogging[m - binding parameter (27:BIGINT) <- [1381181]
[30m2026-09-03T17:43:59,238[m [30mTRACE [m[[1;34mhttp-nio-8080-exec-10[m] [36mJdbcBindingLogging[m - binding parameter (28:BIGINT) <- [1385343]
[30m2026-09-03T17:43:59,238[m [30mTRACE [m[[1;34mhttp-nio-8080-exec-10[m] [36mJdbcBindingLogging[m - binding parameter (29:BIGINT) <- [1390008]
[30m2026-09-03T17:43:59,238[m [30mTRACE [m[[1;34mhttp-nio-8080-exec-10[m] [36mJdbcBindingLogging[m - binding parameter (30:BIGINT) <- [1381179]
[30m2026-09-03T17:43:59,238[m [30mTRACE [m[[1;34mhttp-nio-8080-exec-10[m] [36mJdbcBindingLogging[m - binding parameter (31:BIGINT) <- [1385402]
[30m2026-09-03T17:43:59,238[m [30mTRACE [m[[1;34mhttp-nio-8080-exec-10[m] [36mJdbcBindingLogging[m - binding parameter (32:BIGINT) <- [1387238]
[30m2026-09-03T17:43:59,238[m [30mTRACE [m[[1;34mhttp-nio-8080-exec-10[m] [36mJdbcBindingLogging[m - binding parameter (33:BIGINT) <- [1389094]
[30m2026-09-03T17:43:59,238[m [30mTRACE [m[[1;34mhttp-nio-8080-exec-10[m] [36mJdbcBindingLogging[m - binding parameter (34:BIGINT) <- [1381152]
[30m2026-09-03T17:43:59,238[m [30mTRACE [m[[1;34mhttp-nio-8080-exec-10[m] [36mJdbcBindingLogging[m - binding parameter (35:BIGINT) <- [1390048]
[30m2026-09-03T17:43:59,238[m [30mTRACE [m[[1;34mhttp-nio-8080-exec-10[m] [36mJdbcBindingLogging[m - binding parameter (36:BIGINT) <- [1382627]
[30m2026-09-03T17:43:59,238[m [30mTRACE [m[[1;34mhttp-nio-8080-exec-10[m] [36mJdbcBindingLogging[m - binding parameter (37:BIGINT) <- [1389037]
[30m2026-09-03T17:43:59,238[m [30mTRACE [m[[1;34mhttp-nio-8080-exec-10[m] [36mJdbcBindingLogging[m - binding parameter (38:BIGINT) <- [1382633]
[30m2026-09-03T17:43:59,238[m [30mTRACE [m[[1;34mhttp-nio-8080-exec-10[m] [36mJdbcBindingLogging[m - binding parameter (39:BIGINT) <- [1382570]
[30m2026-09-03T17:43:59,238[m [30mTRACE [m[[1;34mhttp-nio-8080-exec-10[m] [36mJdbcBindingLogging[m - binding parameter (40:VARCHAR) <- [1]
[30m2026-09-03T17:43:59,250[m [36mDEBUG [m[[1;34mhttp-nio-8080-exec-10[m] [36mSqlStatementLogger[m - select te1_0."TAXES_ID",te1_0."CODE",te1_0."COUNTRY_ID",te1_0."DESCRIPTION",te1_0."VALUE" from "NUANBODB"."TAXES" te1_0 join "NUANBODB"."COUNTRY" c1_0 on c1_0."COUNTRY_ID"=te1_0."COUNTRY_ID" where c1_0."COUNTRY_ID"=? and te1_0."CODE"=?
[30m2026-09-03T17:43:59,251[m [30mTRACE [m[[1;34mhttp-nio-8080-exec-10[m] [36mJdbcBindingLogging[m - binding parameter (1:BIGINT) <- [37]
[30m2026-09-03T17:43:59,251[m [30mTRACE [m[[1;34mhttp-nio-8080-exec-10[m] [36mJdbcBindingLogging[m - binding parameter (2:VARCHAR) <- [IVA]
[30m2026-09-03T17:43:59,251[m [36mDEBUG [m[[1;34mhttp-nio-8080-exec-10[m] [36mSqlStatementLogger[m - select ce1_0."COUNTRY_ID",ce1_0."CODE",ce1_0."CURRENCY_ID",c1_0."CURRENCY_ID",c1_0."CODE",c1_0."NAME",ce1_0."NAME",ce1_0."TIME_ZONE" from "NUANBODB"."COUNTRY" ce1_0 join "NUANBODB"."CURRENCY" c1_0 on c1_0."CURRENCY_ID"=ce1_0."CURRENCY_ID" where ce1_0."COUNTRY_ID"=?
[30m2026-09-03T17:43:59,251[m [30mTRACE [m[[1;34mhttp-nio-8080-exec-10[m] [36mJdbcBindingLogging[m - binding parameter (1:BIGINT) <- [37]
[30m2026-09-03T17:43:59,252[m [32mINFO  [m[[1;34mhttp-nio-8080-exec-10[m] [36mFractionationCountedServiceImpl[m - PERF_ASSIGNMENT_VALIDATION_BATCH batchId=f88104e5-8ca8-4baf-b378-49d0a041f6a6 inputCount=39 validCount=39 invalidCount=0 uniqueTrades=39 uniqueSides=1 uniqueParticipants=1 titleAccountResolutionRequests=39 titleAccountUniqueBusinessKeys=1 settlementLookupRequests=39 settlementUniqueTradeSides=39 settlementRepositoryCalls=1 settlementRowsLoaded=0 settlementPrefetchMs=14 cudLookupRequests=0 cudUniqueTradeSides=0 cudUniqueBusinessKeys=0 cudRepositoryCalls=0 cudRowsLoaded=0 cudPrefetchMs=0 tradePrefetchRepositoryCalls=1 tradePrefetchMs=12 sidePrefetchMs=0 participantPrefetchMs=12 accountResolutionMs=9 accountPrefetchMs=6 businessValidationMs=1 totalMs=57
[30m2026-09-03T17:43:59,253[m [32mINFO  [m[[1;34mhttp-nio-8080-exec-10[m] [36mRestClientUtils[m - Client [POST] http://operaciones-fracciones-contado-back-service/operations-fractionation-api/v1/fractionation/batch
[30m2026-09-03T17:44:00,430[m [32mINFO  [m[[1;34mhttp-nio-8080-exec-3[m] [36mFractionationCountedServiceImpl[m - PERF_ASSIGNMENT_BATCH service=cmd batchId=f88104e5-8ca8-4baf-b378-49d0a041f6a6 mode=RAW_VALIDATED configuredMaxBatchSize=80 receivedBatchSize=40 processedCount=40 successCount=40 failureCount=0 fractionationMs=1194 totalMs=1194
[30m2026-09-03T17:44:00,430[m [32mINFO  [m[[1;34mhttp-nio-8080-exec-3[m] [36mFractionationCountedServiceImpl[m - PERF_ASSIGNMENT_BATCH service=cmd batchId=f88104e5-8ca8-4baf-b378-49d0a041f6a6 mode=RAW configuredMaxBatchSize=80 receivedBatchSize=40 validCount=40 invalidCount=0 sentToFractionationCount=40 successCount=40 failureCount=0 totalMs=1235
[30m2026-09-03T17:44:00,432[m [32mINFO  [m[[1;34mhttp-nio-8080-exec-3[m] [36mGlobalFilter[m - Request [POST /operations-cmd-api/v1/fractionation/counted-operation/batch] completed in 1239 ms with status 200
[30m2026-09-03T17:44:00,446[m [32mINFO  [m[[1;34mhttp-nio-8080-exec-7[m] [36mFractionationCountedServiceImpl[m - PERF_ASSIGNMENT_BATCH service=cmd batchId=f88104e5-8ca8-4baf-b378-49d0a041f6a6 mode=RAW_VALIDATED configuredMaxBatchSize=80 receivedBatchSize=40 processedCount=40 successCount=40 failureCount=0 fractionationMs=1211 totalMs=1211
[30m2026-09-03T17:44:00,446[m [32mINFO  [m[[1;34mhttp-nio-8080-exec-7[m] [36mFractionationCountedServiceImpl[m - PERF_ASSIGNMENT_BATCH service=cmd batchId=f88104e5-8ca8-4baf-b378-49d0a041f6a6 mode=RAW configuredMaxBatchSize=80 receivedBatchSize=40 validCount=40 invalidCount=0 sentToFractionationCount=40 successCount=40 failureCount=0 totalMs=1251
[30m2026-09-03T17:44:00,447[m [32mINFO  [m[[1;34mhttp-nio-8080-exec-7[m] [36mGlobalFilter[m - Request [POST /operations-cmd-api/v1/fractionation/counted-operation/batch] completed in 1254 ms with status 200
[30m2026-09-03T17:44:00,891[m [32mINFO  [m[[1;34mhttp-nio-8080-exec-5[m] [36mFractionationCountedServiceImpl[m - PERF_ASSIGNMENT_BATCH service=cmd batchId=f88104e5-8ca8-4baf-b378-49d0a041f6a6 mode=RAW_VALIDATED configuredMaxBatchSize=80 receivedBatchSize=40 processedCount=40 successCount=40 failureCount=0 fractionationMs=1656 totalMs=1656
[30m2026-09-03T17:44:00,891[m [32mINFO  [m[[1;34mhttp-nio-8080-exec-5[m] [36mFractionationCountedServiceImpl[m - PERF_ASSIGNMENT_BATCH service=cmd batchId=f88104e5-8ca8-4baf-b378-49d0a041f6a6 mode=RAW configuredMaxBatchSize=80 receivedBatchSize=40 validCount=40 invalidCount=0 sentToFractionationCount=40 successCount=40 failureCount=0 totalMs=1696
[30m2026-09-03T17:44:00,892[m [32mINFO  [m[[1;34mhttp-nio-8080-exec-5[m] [36mGlobalFilter[m - Request [POST /operations-cmd-api/v1/fractionation/counted-operation/batch] completed in 1699 ms with status 200
[30m2026-09-03T17:44:00,964[m [32mINFO  [m[[1;34mhttp-nio-8080-exec-10[m] [36mFractionationCountedServiceImpl[m - PERF_ASSIGNMENT_BATCH service=cmd batchId=f88104e5-8ca8-4baf-b378-49d0a041f6a6 mode=RAW_VALIDATED configuredMaxBatchSize=80 receivedBatchSize=39 processedCount=39 successCount=39 failureCount=0 fractionationMs=1711 totalMs=1711
[30m2026-09-03T17:44:00,964[m [32mINFO  [m[[1;34mhttp-nio-8080-exec-10[m] [36mFractionationCountedServiceImpl[m - PERF_ASSIGNMENT_BATCH service=cmd batchId=f88104e5-8ca8-4baf-b378-49d0a041f6a6 mode=RAW configuredMaxBatchSize=80 receivedBatchSize=39 validCount=39 invalidCount=0 sentToFractionationCount=39 successCount=39 failureCount=0 totalMs=1769
[30m2026-09-03T17:44:00,966[m [32mINFO  [m[[1;34mhttp-nio-8080-exec-10[m] [36mGlobalFilter[m - Request [POST /operations-cmd-api/v1/fractionation/counted-operation/batch] completed in 1773 ms with status 200
[30m2026-09-03T17:44:00,966[m [32mINFO  [m[[1;34mhttp-nio-8080-exec-6[m] [36mFractionationCountedServiceImpl[m - PERF_ASSIGNMENT_BATCH service=cmd batchId=f88104e5-8ca8-4baf-b378-49d0a041f6a6 mode=RAW_VALIDATED configuredMaxBatchSize=80 receivedBatchSize=41 processedCount=41 successCount=41 failureCount=0 fractionationMs=1731 totalMs=1731
[30m2026-09-03T17:44:00,966[m [32mINFO  [m[[1;34mhttp-nio-8080-exec-6[m] [36mFractionationCountedServiceImpl[m - PERF_ASSIGNMENT_BATCH service=cmd batchId=f88104e5-8ca8-4baf-b378-49d0a041f6a6 mode=RAW configuredMaxBatchSize=80 receivedBatchSize=41 validCount=41 invalidCount=0 sentToFractionationCount=41 successCount=41 failureCount=0 totalMs=1771
[30m2026-09-03T17:44:00,968[m [32mINFO  [m[[1;34mhttp-nio-8080-exec-6[m] [36mGlobalFilter[m - Request [POST /operations-cmd-api/v1/fractionation/counted-operation/batch] completed in 1775 ms with status 200
[30m2026-09-03T17:44:01,015[m [32mINFO  [m[[1;34mhttp-nio-8080-exec-1[m] [36mGlobalFilter[m - ----------- Client User: operaciones-orquestador-ext-back ----------
[30m2026-09-03T17:44:01,015[m [32mINFO  [m[[1;34mhttp-nio-8080-exec-4[m] [36mGlobalFilter[m - ----------- Client User: operaciones-orquestador-ext-back ----------
[30m2026-09-03T17:44:01,015[m [32mINFO  [m[[1;34mhttp-nio-8080-exec-9[m] [36mGlobalFilter[m - ----------- Client User: operaciones-orquestador-ext-back ----------
[30m2026-09-03T17:44:01,015[m [32mINFO  [m[[1;34mhttp-nio-8080-exec-2[m] [36mGlobalFilter[m - ----------- Client User: operaciones-orquestador-ext-back ----------
[30m2026-09-03T17:44:01,015[m [32mINFO  [m[[1;34mhttp-nio-8080-exec-8[m] [36mGlobalFilter[m - ----------- Client User: operaciones-orquestador-ext-back ----------
[30m2026-09-03T17:44:01,017[m [36mDEBUG [m[[1;34mhttp-nio-8080-exec-4[m] [36mSqlStatementLogger[m - select te1_0."TRADE_ID",te1_0."MATCH_ID",te1_0."MATCH_DATE",te1_0."CLEARING_DATE",te1_0."QUANTITY",t1_0."TYPE_ID",c1_0."COUNTRY_ID",pb1_0."PARTICIPANT_ID",pb1_0."DOCUMENT_NUMBER",c2_0."COUNTRY_ID",pb1_0."DIRECT_ALLOCATION",ps1_0."PARTICIPANT_ID",ps1_0."DOCUMENT_NUMBER",c3_0."COUNTRY_ID",ps1_0."DIRECT_ALLOCATION",db1_0."DEPOSITORY_ID",ds1_0."DEPOSITORY_ID",sqbt1_0."TYPE_ID",sqst1_0."TYPE_ID",st1_0."COUNTRY_ID" from "NUANBODB"."TRADE" te1_0 left join "NUANBODB"."TYPE" t1_0 on t1_0."TYPE_ID"=te1_0."TYPE_ID" left join "NUANBODB"."COUNTRY" c1_0 on c1_0."COUNTRY_ID"=te1_0."COUNTRY_ID" left join "NUANBODB"."PARTICIPANT" pb1_0 on pb1_0."PARTICIPANT_ID"=te1_0."PARTICIPANT_ID_BUY" left join "NUANBODB"."COUNTRY" c2_0 on c2_0."COUNTRY_ID"=pb1_0."COUNTRY_ID" left join "NUANBODB"."PARTICIPANT" ps1_0 on ps1_0."PARTICIPANT_ID"=te1_0."PARTICIPANT_ID_SELL" left join "NUANBODB"."COUNTRY" c3_0 on c3_0."COUNTRY_ID"=ps1_0."COUNTRY_ID" left join "NUANBODB"."DEPOSITORY" db1_0 on db1_0."DEPOSITORY_ID"=te1_0."DEPOSITORY_ID_BUY" left join "NUANBODB"."DEPOSITORY" ds1_0 on ds1_0."DEPOSITORY_ID"=te1_0."DEPOSITORY_ID_SELL" left join "NUANBODB"."TYPE" sqbt1_0 on sqbt1_0."TYPE_ID"=te1_0."SOURCE_QUOTE_BUY_TYPE" left join "NUANBODB"."TYPE" sqst1_0 on sqst1_0."TYPE_ID"=te1_0."SOURCE_QUOTE_SELL_TYPE" left join "NUANBODB"."SECURITY_TITLE" st1_0 on st1_0."SECURITY_ID"=te1_0."SECURITY_ID" where te1_0."MATCH_ID" in (?,?,?,?,?,?,?,?,?,?,?,?,?,?,?,?,?)
[30m2026-09-03T17:44:01,017[m [36mDEBUG [m[[1;34mhttp-nio-8080-exec-1[m] [36mSqlStatementLogger[m - select te1_0."TRADE_ID",te1_0."MATCH_ID",te1_0."MATCH_DATE",te1_0."CLEARING_DATE",te1_0."QUANTITY",t1_0."TYPE_ID",c1_0."COUNTRY_ID",pb1_0."PARTICIPANT_ID",pb1_0."DOCUMENT_NUMBER",c2_0."COUNTRY_ID",pb1_0."DIRECT_ALLOCATION",ps1_0."PARTICIPANT_ID",ps1_0."DOCUMENT_NUMBER",c3_0."COUNTRY_ID",ps1_0."DIRECT_ALLOCATION",db1_0."DEPOSITORY_ID",ds1_0."DEPOSITORY_ID",sqbt1_0."TYPE_ID",sqst1_0."TYPE_ID",st1_0."COUNTRY_ID" from "NUANBODB"."TRADE" te1_0 left join "NUANBODB"."TYPE" t1_0 on t1_0."TYPE_ID"=te1_0."TYPE_ID" left join "NUANBODB"."COUNTRY" c1_0 on c1_0."COUNTRY_ID"=te1_0."COUNTRY_ID" left join "NUANBODB"."PARTICIPANT" pb1_0 on pb1_0."PARTICIPANT_ID"=te1_0."PARTICIPANT_ID_BUY" left join "NUANBODB"."COUNTRY" c2_0 on c2_0."COUNTRY_ID"=pb1_0."COUNTRY_ID" left join "NUANBODB"."PARTICIPANT" ps1_0 on ps1_0."PARTICIPANT_ID"=te1_0."PARTICIPANT_ID_SELL" left join "NUANBODB"."COUNTRY" c3_0 on c3_0."COUNTRY_ID"=ps1_0."COUNTRY_ID" left join "NUANBODB"."DEPOSITORY" db1_0 on db1_0."DEPOSITORY_ID"=te1_0."DEPOSITORY_ID_BUY" left join "NUANBODB"."DEPOSITORY" ds1_0 on ds1_0."DEPOSITORY_ID"=te1_0."DEPOSITORY_ID_SELL" left join "NUANBODB"."TYPE" sqbt1_0 on sqbt1_0."TYPE_ID"=te1_0."SOURCE_QUOTE_BUY_TYPE" left join "NUANBODB"."TYPE" sqst1_0 on sqst1_0."TYPE_ID"=te1_0."SOURCE_QUOTE_SELL_TYPE" left join "NUANBODB"."SECURITY_TITLE" st1_0 on st1_0."SECURITY_ID"=te1_0."SECURITY_ID" where te1_0."MATCH_ID" in (?,?,?,?,?,?,?,?,?,?,?,?,?,?,?,?,?)
[30m2026-09-03T17:44:01,017[m [36mDEBUG [m[[1;34mhttp-nio-8080-exec-9[m] [36mSqlStatementLogger[m - select te1_0."TRADE_ID",te1_0."MATCH_ID",te1_0."MATCH_DATE",te1_0."CLEARING_DATE",te1_0."QUANTITY",t1_0."TYPE_ID",c1_0."COUNTRY_ID",pb1_0."PARTICIPANT_ID",pb1_0."DOCUMENT_NUMBER",c2_0."COUNTRY_ID",pb1_0."DIRECT_ALLOCATION",ps1_0."PARTICIPANT_ID",ps1_0."DOCUMENT_NUMBER",c3_0."COUNTRY_ID",ps1_0."DIRECT_ALLOCATION",db1_0."DEPOSITORY_ID",ds1_0."DEPOSITORY_ID",sqbt1_0."TYPE_ID",sqst1_0."TYPE_ID",st1_0."COUNTRY_ID" from "NUANBODB"."TRADE" te1_0 left join "NUANBODB"."TYPE" t1_0 on t1_0."TYPE_ID"=te1_0."TYPE_ID" left join "NUANBODB"."COUNTRY" c1_0 on c1_0."COUNTRY_ID"=te1_0."COUNTRY_ID" left join "NUANBODB"."PARTICIPANT" pb1_0 on pb1_0."PARTICIPANT_ID"=te1_0."PARTICIPANT_ID_BUY" left join "NUANBODB"."COUNTRY" c2_0 on c2_0."COUNTRY_ID"=pb1_0."COUNTRY_ID" left join "NUANBODB"."PARTICIPANT" ps1_0 on ps1_0."PARTICIPANT_ID"=te1_0."PARTICIPANT_ID_SELL" left join "NUANBODB"."COUNTRY" c3_0 on c3_0."COUNTRY_ID"=ps1_0."COUNTRY_ID" left join "NUANBODB"."DEPOSITORY" db1_0 on db1_0."DEPOSITORY_ID"=te1_0."DEPOSITORY_ID_BUY" left join "NUANBODB"."DEPOSITORY" ds1_0 on ds1_0."DEPOSITORY_ID"=te1_0."DEPOSITORY_ID_SELL" left join "NUANBODB"."TYPE" sqbt1_0 on sqbt1_0."TYPE_ID"=te1_0."SOURCE_QUOTE_BUY_TYPE" left join "NUANBODB"."TYPE" sqst1_0 on sqst1_0."TYPE_ID"=te1_0."SOURCE_QUOTE_SELL_TYPE" left join "NUANBODB"."SECURITY_TITLE" st1_0 on st1_0."SECURITY_ID"=te1_0."SECURITY_ID" where te1_0."MATCH_ID" in (?,?,?,?,?,?,?,?,?,?,?,?,?,?,?,?,?,?,?)
[30m2026-09-03T17:44:01,017[m [36mDEBUG [m[[1;34mhttp-nio-8080-exec-2[m] [36mSqlStatementLogger[m - select te1_0."TRADE_ID",te1_0."MATCH_ID",te1_0."MATCH_DATE",te1_0."CLEARING_DATE",te1_0."QUANTITY",t1_0."TYPE_ID",c1_0."COUNTRY_ID",pb1_0."PARTICIPANT_ID",pb1_0."DOCUMENT_NUMBER",c2_0."COUNTRY_ID",pb1_0."DIRECT_ALLOCATION",ps1_0."PARTICIPANT_ID",ps1_0."DOCUMENT_NUMBER",c3_0."COUNTRY_ID",ps1_0."DIRECT_ALLOCATION",db1_0."DEPOSITORY_ID",ds1_0."DEPOSITORY_ID",sqbt1_0."TYPE_ID",sqst1_0."TYPE_ID",st1_0."COUNTRY_ID" from "NUANBODB"."TRADE" te1_0 left join "NUANBODB"."TYPE" t1_0 on t1_0."TYPE_ID"=te1_0."TYPE_ID" left join "NUANBODB"."COUNTRY" c1_0 on c1_0."COUNTRY_ID"=te1_0."COUNTRY_ID" left join "NUANBODB"."PARTICIPANT" pb1_0 on pb1_0."PARTICIPANT_ID"=te1_0."PARTICIPANT_ID_BUY" left join "NUANBODB"."COUNTRY" c2_0 on c2_0."COUNTRY_ID"=pb1_0."COUNTRY_ID" left join "NUANBODB"."PARTICIPANT" ps1_0 on ps1_0."PARTICIPANT_ID"=te1_0."PARTICIPANT_ID_SELL" left join "NUANBODB"."COUNTRY" c3_0 on c3_0."COUNTRY_ID"=ps1_0."COUNTRY_ID" left join "NUANBODB"."DEPOSITORY" db1_0 on db1_0."DEPOSITORY_ID"=te1_0."DEPOSITORY_ID_BUY" left join "NUANBODB"."DEPOSITORY" ds1_0 on ds1_0."DEPOSITORY_ID"=te1_0."DEPOSITORY_ID_SELL" left join "NUANBODB"."TYPE" sqbt1_0 on sqbt1_0."TYPE_ID"=te1_0."SOURCE_QUOTE_BUY_TYPE" left join "NUANBODB"."TYPE" sqst1_0 on sqst1_0."TYPE_ID"=te1_0."SOURCE_QUOTE_SELL_TYPE" left join "NUANBODB"."SECURITY_TITLE" st1_0 on st1_0."SECURITY_ID"=te1_0."SECURITY_ID" where te1_0."MATCH_ID" in (?,?,?,?,?,?,?,?,?,?,?,?,?,?,?,?,?,?,?,?)
[30m2026-09-03T17:44:01,017[m [36mDEBUG [m[[1;34mhttp-nio-8080-exec-8[m] [36mSqlStatementLogger[m - select te1_0."TRADE_ID",te1_0."MATCH_ID",te1_0."MATCH_DATE",te1_0."CLEARING_DATE",te1_0."QUANTITY",t1_0."TYPE_ID",c1_0."COUNTRY_ID",pb1_0."PARTICIPANT_ID",pb1_0."DOCUMENT_NUMBER",c2_0."COUNTRY_ID",pb1_0."DIRECT_ALLOCATION",ps1_0."PARTICIPANT_ID",ps1_0."DOCUMENT_NUMBER",c3_0."COUNTRY_ID",ps1_0."DIRECT_ALLOCATION",db1_0."DEPOSITORY_ID",ds1_0."DEPOSITORY_ID",sqbt1_0."TYPE_ID",sqst1_0."TYPE_ID",st1_0."COUNTRY_ID" from "NUANBODB"."TRADE" te1_0 left join "NUANBODB"."TYPE" t1_0 on t1_0."TYPE_ID"=te1_0."TYPE_ID" left join "NUANBODB"."COUNTRY" c1_0 on c1_0."COUNTRY_ID"=te1_0."COUNTRY_ID" left join "NUANBODB"."PARTICIPANT" pb1_0 on pb1_0."PARTICIPANT_ID"=te1_0."PARTICIPANT_ID_BUY" left join "NUANBODB"."COUNTRY" c2_0 on c2_0."COUNTRY_ID"=pb1_0."COUNTRY_ID" left join "NUANBODB"."PARTICIPANT" ps1_0 on ps1_0."PARTICIPANT_ID"=te1_0."PARTICIPANT_ID_SELL" left join "NUANBODB"."COUNTRY" c3_0 on c3_0."COUNTRY_ID"=ps1_0."COUNTRY_ID" left join "NUANBODB"."DEPOSITORY" db1_0 on db1_0."DEPOSITORY_ID"=te1_0."DEPOSITORY_ID_BUY" left join "NUANBODB"."DEPOSITORY" ds1_0 on ds1_0."DEPOSITORY_ID"=te1_0."DEPOSITORY_ID_SELL" left join "NUANBODB"."TYPE" sqbt1_0 on sqbt1_0."TYPE_ID"=te1_0."SOURCE_QUOTE_BUY_TYPE" left join "NUANBODB"."TYPE" sqst1_0 on sqst1_0."TYPE_ID"=te1_0."SOURCE_QUOTE_SELL_TYPE" left join "NUANBODB"."SECURITY_TITLE" st1_0 on st1_0."SECURITY_ID"=te1_0."SECURITY_ID" where te1_0."MATCH_ID" in (?,?,?,?,?,?,?,?,?,?,?,?,?,?,?,?,?,?,?)
[30m2026-09-03T17:44:01,018[m [30mTRACE [m[[1;34mhttp-nio-8080-exec-4[m] [36mJdbcBindingLogging[m - binding parameter (1:BIGINT) <- [642921]
[30m2026-09-03T17:44:01,018[m [30mTRACE [m[[1;34mhttp-nio-8080-exec-1[m] [36mJdbcBindingLogging[m - binding parameter (1:BIGINT) <- [642953]
[30m2026-09-03T17:44:01,018[m [30mTRACE [m[[1;34mhttp-nio-8080-exec-9[m] [36mJdbcBindingLogging[m - binding parameter (1:BIGINT) <- [642954]
[30m2026-09-03T17:44:01,018[m [30mTRACE [m[[1;34mhttp-nio-8080-exec-4[m] [36mJdbcBindingLogging[m - binding parameter (2:BIGINT) <- [642985]
[30m2026-09-03T17:44:01,018[m [30mTRACE [m[[1;34mhttp-nio-8080-exec-9[m] [36mJdbcBindingLogging[m - binding parameter (2:BIGINT) <- [642925]
[30m2026-09-03T17:44:01,018[m [30mTRACE [m[[1;34mhttp-nio-8080-exec-1[m] [36mJdbcBindingLogging[m - binding parameter (2:BIGINT) <- [642952]
[30m2026-09-03T17:44:01,018[m [30mTRACE [m[[1;34mhttp-nio-8080-exec-4[m] [36mJdbcBindingLogging[m - binding parameter (3:BIGINT) <- [642957]
[30m2026-09-03T17:44:01,018[m [30mTRACE [m[[1;34mhttp-nio-8080-exec-1[m] [36mJdbcBindingLogging[m - binding parameter (3:BIGINT) <- [642924]
[30m2026-09-03T17:44:01,018[m [30mTRACE [m[[1;34mhttp-nio-8080-exec-9[m] [36mJdbcBindingLogging[m - binding parameter (3:BIGINT) <- [642989]
[30m2026-09-03T17:44:01,018[m [30mTRACE [m[[1;34mhttp-nio-8080-exec-1[m] [36mJdbcBindingLogging[m - binding parameter (4:BIGINT) <- [642988]
[30m2026-09-03T17:44:01,018[m [30mTRACE [m[[1;34mhttp-nio-8080-exec-9[m] [36mJdbcBindingLogging[m - binding parameter (4:BIGINT) <- [642990]
[30m2026-09-03T17:44:01,018[m [30mTRACE [m[[1;34mhttp-nio-8080-exec-1[m] [36mJdbcBindingLogging[m - binding parameter (5:BIGINT) <- [642959]
[30m2026-09-03T17:44:01,018[m [30mTRACE [m[[1;34mhttp-nio-8080-exec-4[m] [36mJdbcBindingLogging[m - binding parameter (4:BIGINT) <- [642956]
[30m2026-09-03T17:44:01,018[m [30mTRACE [m[[1;34mhttp-nio-8080-exec-9[m] [36mJdbcBindingLogging[m - binding parameter (5:BIGINT) <- [642947]
[30m2026-09-03T17:44:01,018[m [30mTRACE [m[[1;34mhttp-nio-8080-exec-1[m] [36mJdbcBindingLogging[m - binding parameter (6:BIGINT) <- [642945]
[30m2026-09-03T17:44:01,018[m [30mTRACE [m[[1;34mhttp-nio-8080-exec-4[m] [36mJdbcBindingLogging[m - binding parameter (5:BIGINT) <- [642914]
[30m2026-09-03T17:44:01,018[m [30mTRACE [m[[1;34mhttp-nio-8080-exec-9[m] [36mJdbcBindingLogging[m - binding parameter (6:BIGINT) <- [642946]
[30m2026-09-03T17:44:01,018[m [30mTRACE [m[[1;34mhttp-nio-8080-exec-1[m] [36mJdbcBindingLogging[m - binding parameter (7:BIGINT) <- [642917]
[30m2026-09-03T17:44:01,018[m [30mTRACE [m[[1;34mhttp-nio-8080-exec-4[m] [36mJdbcBindingLogging[m - binding parameter (6:BIGINT) <- [642978]
[30m2026-09-03T17:44:01,018[m [30mTRACE [m[[1;34mhttp-nio-8080-exec-9[m] [36mJdbcBindingLogging[m - binding parameter (7:BIGINT) <- [642983]
[30m2026-09-03T17:44:01,018[m [30mTRACE [m[[1;34mhttp-nio-8080-exec-1[m] [36mJdbcBindingLogging[m - binding parameter (8:BIGINT) <- [642981]
[30m2026-09-03T17:44:01,018[m [30mTRACE [m[[1;34mhttp-nio-8080-exec-9[m] [36mJdbcBindingLogging[m - binding parameter (8:BIGINT) <- [642918]
[30m2026-09-03T17:44:01,018[m [30mTRACE [m[[1;34mhttp-nio-8080-exec-4[m] [36mJdbcBindingLogging[m - binding parameter (7:BIGINT) <- [642949]
[30m2026-09-03T17:44:01,018[m [30mTRACE [m[[1;34mhttp-nio-8080-exec-9[m] [36mJdbcBindingLogging[m - binding parameter (9:BIGINT) <- [642982]
[30m2026-09-03T17:44:01,018[m [30mTRACE [m[[1;34mhttp-nio-8080-exec-1[m] [36mJdbcBindingLogging[m - binding parameter (9:BIGINT) <- [642938]
[30m2026-09-03T17:44:01,018[m [30mTRACE [m[[1;34mhttp-nio-8080-exec-4[m] [36mJdbcBindingLogging[m - binding parameter (8:BIGINT) <- [642950]
[30m2026-09-03T17:44:01,018[m [30mTRACE [m[[1;34mhttp-nio-8080-exec-9[m] [36mJdbcBindingLogging[m - binding parameter (10:BIGINT) <- [642968]
[30m2026-09-03T17:44:01,018[m [30mTRACE [m[[1;34mhttp-nio-8080-exec-1[m] [36mJdbcBindingLogging[m - binding parameter (10:BIGINT) <- [642909]
[30m2026-09-03T17:44:01,018[m [30mTRACE [m[[1;34mhttp-nio-8080-exec-9[m] [36mJdbcBindingLogging[m - binding parameter (11:BIGINT) <- [642939]
[30m2026-09-03T17:44:01,018[m [30mTRACE [m[[1;34mhttp-nio-8080-exec-1[m] [36mJdbcBindingLogging[m - binding parameter (11:BIGINT) <- [642910]
[30m2026-09-03T17:44:01,018[m [30mTRACE [m[[1;34mhttp-nio-8080-exec-4[m] [36mJdbcBindingLogging[m - binding parameter (9:BIGINT) <- [642971]
[30m2026-09-03T17:44:01,018[m [30mTRACE [m[[1;34mhttp-nio-8080-exec-1[m] [36mJdbcBindingLogging[m - binding parameter (12:BIGINT) <- [642974]
[30m2026-09-03T17:44:01,018[m [30mTRACE [m[[1;34mhttp-nio-8080-exec-9[m] [36mJdbcBindingLogging[m - binding parameter (12:BIGINT) <- [642940]
[30m2026-09-03T17:44:01,018[m [30mTRACE [m[[1;34mhttp-nio-8080-exec-1[m] [36mJdbcBindingLogging[m - binding parameter (13:BIGINT) <- [642960]
[30m2026-09-03T17:44:01,018[m [30mTRACE [m[[1;34mhttp-nio-8080-exec-4[m] [36mJdbcBindingLogging[m - binding parameter (10:BIGINT) <- [642943]
[30m2026-09-03T17:44:01,019[m [30mTRACE [m[[1;34mhttp-nio-8080-exec-9[m] [36mJdbcBindingLogging[m - binding parameter (13:BIGINT) <- [642911]
[30m2026-09-03T17:44:01,019[m [30mTRACE [m[[1;34mhttp-nio-8080-exec-1[m] [36mJdbcBindingLogging[m - binding parameter (14:BIGINT) <- [642931]
[30m2026-09-03T17:44:01,019[m [30mTRACE [m[[1;34mhttp-nio-8080-exec-4[m] [36mJdbcBindingLogging[m - binding parameter (11:BIGINT) <- [642942]
[30m2026-09-03T17:44:01,019[m [30mTRACE [m[[1;34mhttp-nio-8080-exec-9[m] [36mJdbcBindingLogging[m - binding parameter (14:BIGINT) <- [642975]
[30m2026-09-03T17:44:01,019[m [30mTRACE [m[[1;34mhttp-nio-8080-exec-4[m] [36mJdbcBindingLogging[m - binding parameter (12:BIGINT) <- [642993]
[30m2026-09-03T17:44:01,019[m [30mTRACE [m[[1;34mhttp-nio-8080-exec-1[m] [36mJdbcBindingLogging[m - binding parameter (15:BIGINT) <- [642995]
[30m2026-09-03T17:44:01,019[m [30mTRACE [m[[1;34mhttp-nio-8080-exec-9[m] [36mJdbcBindingLogging[m - binding parameter (15:BIGINT) <- [642961]
[30m2026-09-03T17:44:01,019[m [30mTRACE [m[[1;34mhttp-nio-8080-exec-1[m] [36mJdbcBindingLogging[m - binding parameter (16:BIGINT) <- [642967]
[30m2026-09-03T17:44:01,019[m [30mTRACE [m[[1;34mhttp-nio-8080-exec-9[m] [36mJdbcBindingLogging[m - binding parameter (16:BIGINT) <- [642933]
[30m2026-09-03T17:44:01,019[m [30mTRACE [m[[1;34mhttp-nio-8080-exec-1[m] [36mJdbcBindingLogging[m - binding parameter (17:BIGINT) <- [642966]
[30m2026-09-03T17:44:01,019[m [30mTRACE [m[[1;34mhttp-nio-8080-exec-4[m] [36mJdbcBindingLogging[m - binding parameter (13:BIGINT) <- [642928]
[30m2026-09-03T17:44:01,019[m [30mTRACE [m[[1;34mhttp-nio-8080-exec-9[m] [36mJdbcBindingLogging[m - binding parameter (17:BIGINT) <- [642997]
[30m2026-09-03T17:44:01,019[m [30mTRACE [m[[1;34mhttp-nio-8080-exec-9[m] [36mJdbcBindingLogging[m - binding parameter (18:BIGINT) <- [642932]
[30m2026-09-03T17:44:01,019[m [30mTRACE [m[[1;34mhttp-nio-8080-exec-4[m] [36mJdbcBindingLogging[m - binding parameter (14:BIGINT) <- [642992]
[30m2026-09-03T17:44:01,019[m [30mTRACE [m[[1;34mhttp-nio-8080-exec-9[m] [36mJdbcBindingLogging[m - binding parameter (19:BIGINT) <- [642996]
[30m2026-09-03T17:44:01,019[m [30mTRACE [m[[1;34mhttp-nio-8080-exec-4[m] [36mJdbcBindingLogging[m - binding parameter (15:BIGINT) <- [642964]
[30m2026-09-03T17:44:01,019[m [30mTRACE [m[[1;34mhttp-nio-8080-exec-4[m] [36mJdbcBindingLogging[m - binding parameter (16:BIGINT) <- [642935]
[30m2026-09-03T17:44:01,019[m [30mTRACE [m[[1;34mhttp-nio-8080-exec-4[m] [36mJdbcBindingLogging[m - binding parameter (17:BIGINT) <- [642999]
[30m2026-09-03T17:44:01,020[m [30mTRACE [m[[1;34mhttp-nio-8080-exec-2[m] [36mJdbcBindingLogging[m - binding parameter (1:BIGINT) <- [642923]
[30m2026-09-03T17:44:01,020[m [30mTRACE [m[[1;34mhttp-nio-8080-exec-8[m] [36mJdbcBindingLogging[m - binding parameter (1:BIGINT) <- [642920]
[30m2026-09-03T17:44:01,020[m [30mTRACE [m[[1;34mhttp-nio-8080-exec-2[m] [36mJdbcBindingLogging[m - binding parameter (2:BIGINT) <- [642987]
[30m2026-09-03T17:44:01,020[m [30mTRACE [m[[1;34mhttp-nio-8080-exec-8[m] [36mJdbcBindingLogging[m - binding parameter (2:BIGINT) <- [642984]
[30m2026-09-03T17:44:01,020[m [30mTRACE [m[[1;34mhttp-nio-8080-exec-2[m] [36mJdbcBindingLogging[m - binding parameter (3:BIGINT) <- [642922]
[30m2026-09-03T17:44:01,020[m [30mTRACE [m[[1;34mhttp-nio-8080-exec-8[m] [36mJdbcBindingLogging[m - binding parameter (3:BIGINT) <- [642955]
[30m2026-09-03T17:44:01,020[m [30mTRACE [m[[1;34mhttp-nio-8080-exec-2[m] [36mJdbcBindingLogging[m - binding parameter (4:BIGINT) <- [642986]
[30m2026-09-03T17:44:01,020[m [30mTRACE [m[[1;34mhttp-nio-8080-exec-8[m] [36mJdbcBindingLogging[m - binding parameter (4:BIGINT) <- [642927]
[30m2026-09-03T17:44:01,020[m [30mTRACE [m[[1;34mhttp-nio-8080-exec-2[m] [36mJdbcBindingLogging[m - binding parameter (5:BIGINT) <- [642958]
[30m2026-09-03T17:44:01,020[m [30mTRACE [m[[1;34mhttp-nio-8080-exec-8[m] [36mJdbcBindingLogging[m - binding parameter (5:BIGINT) <- [642991]
[30m2026-09-03T17:44:01,020[m [30mTRACE [m[[1;34mhttp-nio-8080-exec-2[m] [36mJdbcBindingLogging[m - binding parameter (6:BIGINT) <- [642944]
[30m2026-09-03T17:44:01,020[m [30mTRACE [m[[1;34mhttp-nio-8080-exec-2[m] [36mJdbcBindingLogging[m - binding parameter (7:BIGINT) <- [642915]
[30m2026-09-03T17:44:01,020[m [30mTRACE [m[[1;34mhttp-nio-8080-exec-8[m] [36mJdbcBindingLogging[m - binding parameter (6:BIGINT) <- [642926]
[30m2026-09-03T17:44:01,020[m [30mTRACE [m[[1;34mhttp-nio-8080-exec-2[m] [36mJdbcBindingLogging[m - binding parameter (8:BIGINT) <- [642979]
[30m2026-09-03T17:44:01,020[m [30mTRACE [m[[1;34mhttp-nio-8080-exec-8[m] [36mJdbcBindingLogging[m - binding parameter (7:BIGINT) <- [642913]
[30m2026-09-03T17:44:01,020[m [30mTRACE [m[[1;34mhttp-nio-8080-exec-2[m] [36mJdbcBindingLogging[m - binding parameter (9:BIGINT) <- [642916]
[30m2026-09-03T17:44:01,020[m [30mTRACE [m[[1;34mhttp-nio-8080-exec-8[m] [36mJdbcBindingLogging[m - binding parameter (8:BIGINT) <- [642977]
[30m2026-09-03T17:44:01,020[m [30mTRACE [m[[1;34mhttp-nio-8080-exec-2[m] [36mJdbcBindingLogging[m - binding parameter (10:BIGINT) <- [642980]
[30m2026-09-03T17:44:01,020[m [30mTRACE [m[[1;34mhttp-nio-8080-exec-8[m] [36mJdbcBindingLogging[m - binding parameter (9:BIGINT) <- [642912]
[30m2026-09-03T17:44:01,020[m [30mTRACE [m[[1;34mhttp-nio-8080-exec-8[m] [36mJdbcBindingLogging[m - binding parameter (10:BIGINT) <- [642976]
[30m2026-09-03T17:44:01,020[m [30mTRACE [m[[1;34mhttp-nio-8080-exec-2[m] [36mJdbcBindingLogging[m - binding parameter (11:BIGINT) <- [642951]
[30m2026-09-03T17:44:01,020[m [30mTRACE [m[[1;34mhttp-nio-8080-exec-8[m] [36mJdbcBindingLogging[m - binding parameter (11:BIGINT) <- [642948]
[30m2026-09-03T17:44:01,020[m [30mTRACE [m[[1;34mhttp-nio-8080-exec-2[m] [36mJdbcBindingLogging[m - binding parameter (12:BIGINT) <- [642937]
[30m2026-09-03T17:44:01,020[m [30mTRACE [m[[1;34mhttp-nio-8080-exec-8[m] [36mJdbcBindingLogging[m - binding parameter (12:BIGINT) <- [642919]
[30m2026-09-03T17:44:01,020[m [30mTRACE [m[[1;34mhttp-nio-8080-exec-2[m] [36mJdbcBindingLogging[m - binding parameter (13:BIGINT) <- [642936]
[30m2026-09-03T17:44:01,020[m [30mTRACE [m[[1;34mhttp-nio-8080-exec-8[m] [36mJdbcBindingLogging[m - binding parameter (13:BIGINT) <- [642969]
[30m2026-09-03T17:44:01,020[m [30mTRACE [m[[1;34mhttp-nio-8080-exec-2[m] [36mJdbcBindingLogging[m - binding parameter (14:BIGINT) <- [642973]
[30m2026-09-03T17:44:01,020[m [30mTRACE [m[[1;34mhttp-nio-8080-exec-2[m] [36mJdbcBindingLogging[m - binding parameter (15:BIGINT) <- [642908]
[30m2026-09-03T17:44:01,020[m [30mTRACE [m[[1;34mhttp-nio-8080-exec-8[m] [36mJdbcBindingLogging[m - binding parameter (14:BIGINT) <- [642970]
[30m2026-09-03T17:44:01,021[m [30mTRACE [m[[1;34mhttp-nio-8080-exec-2[m] [36mJdbcBindingLogging[m - binding parameter (16:BIGINT) <- [642972]
[30m2026-09-03T17:44:01,021[m [30mTRACE [m[[1;34mhttp-nio-8080-exec-8[m] [36mJdbcBindingLogging[m - binding parameter (15:BIGINT) <- [642941]
[30m2026-09-03T17:44:01,021[m [30mTRACE [m[[1;34mhttp-nio-8080-exec-2[m] [36mJdbcBindingLogging[m - binding parameter (17:BIGINT) <- [642929]
[30m2026-09-03T17:44:01,021[m [30mTRACE [m[[1;34mhttp-nio-8080-exec-8[m] [36mJdbcBindingLogging[m - binding parameter (16:BIGINT) <- [642963]
[30m2026-09-03T17:44:01,021[m [30mTRACE [m[[1;34mhttp-nio-8080-exec-2[m] [36mJdbcBindingLogging[m - binding parameter (18:BIGINT) <- [642930]
[30m2026-09-03T17:44:01,021[m [30mTRACE [m[[1;34mhttp-nio-8080-exec-2[m] [36mJdbcBindingLogging[m - binding parameter (19:BIGINT) <- [642994]
[30m2026-09-03T17:44:01,021[m [30mTRACE [m[[1;34mhttp-nio-8080-exec-8[m] [36mJdbcBindingLogging[m - binding parameter (17:BIGINT) <- [642962]
[30m2026-09-03T17:44:01,021[m [30mTRACE [m[[1;34mhttp-nio-8080-exec-2[m] [36mJdbcBindingLogging[m - binding parameter (20:BIGINT) <- [642965]
[30m2026-09-03T17:44:01,021[m [30mTRACE [m[[1;34mhttp-nio-8080-exec-8[m] [36mJdbcBindingLogging[m - binding parameter (18:BIGINT) <- [642934]
[30m2026-09-03T17:44:01,021[m [30mTRACE [m[[1;34mhttp-nio-8080-exec-8[m] [36mJdbcBindingLogging[m - binding parameter (19:BIGINT) <- [642998]
[30m2026-09-03T17:44:01,031[m [36mDEBUG [m[[1;34mhttp-nio-8080-exec-1[m] [36mSqlStatementLogger[m - select pe1_0."PARTICIPANT_ID",pe1_0."CODE",pe1_0."COUNTRY_ID",pe1_0."CUSTODIAN",pe1_0."DIRECT_ALLOCATION",pe1_0."DOCUMENT_NUMBER",pe1_0."ENABLED",pe1_0."IDENTIFICATION_TYPE_ID",pe1_0."MARGIN_ACCOUNT",pe1_0."MARKET_MAKER",pe1_0."MASTER_ACCOUNT",pe1_0."MNEMONIC",pe1_0."NAME",pe1_0."NIT_CLEARING_HOUSE",pe1_0."REGISTRATION_DATE",pe1_0."SHORT_NAME",pe1_0."STATUS_ID",pe1_0."TAX_CODE",pe1_0."TAX_STATUS_ID",pe1_0."TYPE_ID",pe1_0."TYPE_ENTITY" from "NUANBODB"."PARTICIPANT" pe1_0 where lower(pe1_0."CODE") in (?)
[30m2026-09-03T17:44:01,031[m [30mTRACE [m[[1;34mhttp-nio-8080-exec-1[m] [36mJdbcBindingLogging[m - binding parameter (1:VARCHAR) <- [co0010]
[30m2026-09-03T17:44:01,033[m [36mDEBUG [m[[1;34mhttp-nio-8080-exec-8[m] [36mSqlStatementLogger[m - select pe1_0."PARTICIPANT_ID",pe1_0."CODE",pe1_0."COUNTRY_ID",pe1_0."CUSTODIAN",pe1_0."DIRECT_ALLOCATION",pe1_0."DOCUMENT_NUMBER",pe1_0."ENABLED",pe1_0."IDENTIFICATION_TYPE_ID",pe1_0."MARGIN_ACCOUNT",pe1_0."MARKET_MAKER",pe1_0."MASTER_ACCOUNT",pe1_0."MNEMONIC",pe1_0."NAME",pe1_0."NIT_CLEARING_HOUSE",pe1_0."REGISTRATION_DATE",pe1_0."SHORT_NAME",pe1_0."STATUS_ID",pe1_0."TAX_CODE",pe1_0."TAX_STATUS_ID",pe1_0."TYPE_ID",pe1_0."TYPE_ENTITY" from "NUANBODB"."PARTICIPANT" pe1_0 where lower(pe1_0."CODE") in (?)
[30m2026-09-03T17:44:01,033[m [30mTRACE [m[[1;34mhttp-nio-8080-exec-8[m] [36mJdbcBindingLogging[m - binding parameter (1:VARCHAR) <- [co0010]
[30m2026-09-03T17:44:01,034[m [36mDEBUG [m[[1;34mhttp-nio-8080-exec-4[m] [36mSqlStatementLogger[m - select pe1_0."PARTICIPANT_ID",pe1_0."CODE",pe1_0."COUNTRY_ID",pe1_0."CUSTODIAN",pe1_0."DIRECT_ALLOCATION",pe1_0."DOCUMENT_NUMBER",pe1_0."ENABLED",pe1_0."IDENTIFICATION_TYPE_ID",pe1_0."MARGIN_ACCOUNT",pe1_0."MARKET_MAKER",pe1_0."MASTER_ACCOUNT",pe1_0."MNEMONIC",pe1_0."NAME",pe1_0."NIT_CLEARING_HOUSE",pe1_0."REGISTRATION_DATE",pe1_0."SHORT_NAME",pe1_0."STATUS_ID",pe1_0."TAX_CODE",pe1_0."TAX_STATUS_ID",pe1_0."TYPE_ID",pe1_0."TYPE_ENTITY" from "NUANBODB"."PARTICIPANT" pe1_0 where lower(pe1_0."CODE") in (?)
[30m2026-09-03T17:44:01,034[m [30mTRACE [m[[1;34mhttp-nio-8080-exec-4[m] [36mJdbcBindingLogging[m - binding parameter (1:VARCHAR) <- [co0010]
[30m2026-09-03T17:44:01,034[m [36mDEBUG [m[[1;34mhttp-nio-8080-exec-2[m] [36mSqlStatementLogger[m - select pe1_0."PARTICIPANT_ID",pe1_0."CODE",pe1_0."COUNTRY_ID",pe1_0."CUSTODIAN",pe1_0."DIRECT_ALLOCATION",pe1_0."DOCUMENT_NUMBER",pe1_0."ENABLED",pe1_0."IDENTIFICATION_TYPE_ID",pe1_0."MARGIN_ACCOUNT",pe1_0."MARKET_MAKER",pe1_0."MASTER_ACCOUNT",pe1_0."MNEMONIC",pe1_0."NAME",pe1_0."NIT_CLEARING_HOUSE",pe1_0."REGISTRATION_DATE",pe1_0."SHORT_NAME",pe1_0."STATUS_ID",pe1_0."TAX_CODE",pe1_0."TAX_STATUS_ID",pe1_0."TYPE_ID",pe1_0."TYPE_ENTITY" from "NUANBODB"."PARTICIPANT" pe1_0 where lower(pe1_0."CODE") in (?)
[30m2026-09-03T17:44:01,034[m [30mTRACE [m[[1;34mhttp-nio-8080-exec-2[m] [36mJdbcBindingLogging[m - binding parameter (1:VARCHAR) <- [co0010]
[30m2026-09-03T17:44:01,039[m [36mDEBUG [m[[1;34mhttp-nio-8080-exec-1[m] [36mSqlStatementLogger[m - select ce1_0."COUNTRY_ID",ce1_0."CODE",ce1_0."CURRENCY_ID",c1_0."CURRENCY_ID",c1_0."CODE",c1_0."NAME",ce1_0."NAME",ce1_0."TIME_ZONE" from "NUANBODB"."COUNTRY" ce1_0 join "NUANBODB"."CURRENCY" c1_0 on c1_0."CURRENCY_ID"=ce1_0."CURRENCY_ID" where ce1_0."COUNTRY_ID"=?
[30m2026-09-03T17:44:01,039[m [30mTRACE [m[[1;34mhttp-nio-8080-exec-1[m] [36mJdbcBindingLogging[m - binding parameter (1:BIGINT) <- [37]
[30m2026-09-03T17:44:01,039[m [36mDEBUG [m[[1;34mhttp-nio-8080-exec-1[m] [36mSqlStatementLogger[m - select ite1_0."IDENTIFICATION_TYPE_ID",ite1_0."CODE",ite1_0."DESCRIPTION" from "NUANBODB"."IDENTIFICATION_TYPE" ite1_0 where ite1_0."IDENTIFICATION_TYPE_ID"=?
[30m2026-09-03T17:44:01,040[m [30mTRACE [m[[1;34mhttp-nio-8080-exec-1[m] [36mJdbcBindingLogging[m - binding parameter (1:BIGINT) <- [7]
[30m2026-09-03T17:44:01,040[m [36mDEBUG [m[[1;34mhttp-nio-8080-exec-1[m] [36mSqlStatementLogger[m - select se1_0."STATUS_ID",se1_0."CATEGORY",se1_0."DESCRIPTION" from "NUANBODB"."STATUS" se1_0 where se1_0."STATUS_ID"=?
[30m2026-09-03T17:44:01,040[m [30mTRACE [m[[1;34mhttp-nio-8080-exec-1[m] [36mJdbcBindingLogging[m - binding parameter (1:BIGINT) <- [510]
[30m2026-09-03T17:44:01,040[m [36mDEBUG [m[[1;34mhttp-nio-8080-exec-4[m] [36mSqlStatementLogger[m - select ce1_0."COUNTRY_ID",ce1_0."CODE",ce1_0."CURRENCY_ID",c1_0."CURRENCY_ID",c1_0."CODE",c1_0."NAME",ce1_0."NAME",ce1_0."TIME_ZONE" from "NUANBODB"."COUNTRY" ce1_0 join "NUANBODB"."CURRENCY" c1_0 on c1_0."CURRENCY_ID"=ce1_0."CURRENCY_ID" where ce1_0."COUNTRY_ID"=?
[30m2026-09-03T17:44:01,040[m [30mTRACE [m[[1;34mhttp-nio-8080-exec-4[m] [36mJdbcBindingLogging[m - binding parameter (1:BIGINT) <- [37]
[30m2026-09-03T17:44:01,041[m [36mDEBUG [m[[1;34mhttp-nio-8080-exec-1[m] [36mSqlStatementLogger[m - select tse1_0."TAX_STATUS_ID",tse1_0."DESCRIPTION",tse1_0."LAST_MODIFY_APPLIC",tse1_0."LAST_MODIFY_DATE",tse1_0."LAST_MODIFY_IP",tse1_0."LAST_MODIFY_USER" from "NUANBODB"."TAX_STATUS" tse1_0 where tse1_0."TAX_STATUS_ID"=?
[30m2026-09-03T17:44:01,041[m [30mTRACE [m[[1;34mhttp-nio-8080-exec-1[m] [36mJdbcBindingLogging[m - binding parameter (1:BIGINT) <- [0]
[30m2026-09-03T17:44:01,041[m [36mDEBUG [m[[1;34mhttp-nio-8080-exec-9[m] [36mSqlStatementLogger[m - select pe1_0."PARTICIPANT_ID",pe1_0."CODE",pe1_0."COUNTRY_ID",pe1_0."CUSTODIAN",pe1_0."DIRECT_ALLOCATION",pe1_0."DOCUMENT_NUMBER",pe1_0."ENABLED",pe1_0."IDENTIFICATION_TYPE_ID",pe1_0."MARGIN_ACCOUNT",pe1_0."MARKET_MAKER",pe1_0."MASTER_ACCOUNT",pe1_0."MNEMONIC",pe1_0."NAME",pe1_0."NIT_CLEARING_HOUSE",pe1_0."REGISTRATION_DATE",pe1_0."SHORT_NAME",pe1_0."STATUS_ID",pe1_0."TAX_CODE",pe1_0."TAX_STATUS_ID",pe1_0."TYPE_ID",pe1_0."TYPE_ENTITY" from "NUANBODB"."PARTICIPANT" pe1_0 where lower(pe1_0."CODE") in (?)
[30m2026-09-03T17:44:01,041[m [30mTRACE [m[[1;34mhttp-nio-8080-exec-9[m] [36mJdbcBindingLogging[m - binding parameter (1:VARCHAR) <- [co0010]
[30m2026-09-03T17:44:01,041[m [36mDEBUG [m[[1;34mhttp-nio-8080-exec-1[m] [36mSqlStatementLogger[m - select te1_0."TYPE_ID",te1_0."CATEGORY",te1_0."DESCRIPTION" from "NUANBODB"."TYPE" te1_0 where te1_0."TYPE_ID"=?
[30m2026-09-03T17:44:01,041[m [36mDEBUG [m[[1;34mhttp-nio-8080-exec-4[m] [36mSqlStatementLogger[m - select ite1_0."IDENTIFICATION_TYPE_ID",ite1_0."CODE",ite1_0."DESCRIPTION" from "NUANBODB"."IDENTIFICATION_TYPE" ite1_0 where ite1_0."IDENTIFICATION_TYPE_ID"=?
[30m2026-09-03T17:44:01,041[m [30mTRACE [m[[1;34mhttp-nio-8080-exec-1[m] [36mJdbcBindingLogging[m - binding parameter (1:BIGINT) <- [31]
[30m2026-09-03T17:44:01,041[m [30mTRACE [m[[1;34mhttp-nio-8080-exec-4[m] [36mJdbcBindingLogging[m - binding parameter (1:BIGINT) <- [7]
[30m2026-09-03T17:44:01,042[m [36mDEBUG [m[[1;34mhttp-nio-8080-exec-8[m] [36mSqlStatementLogger[m - select ce1_0."COUNTRY_ID",ce1_0."CODE",ce1_0."CURRENCY_ID",c1_0."CURRENCY_ID",c1_0."CODE",c1_0."NAME",ce1_0."NAME",ce1_0."TIME_ZONE" from "NUANBODB"."COUNTRY" ce1_0 join "NUANBODB"."CURRENCY" c1_0 on c1_0."CURRENCY_ID"=ce1_0."CURRENCY_ID" where ce1_0."COUNTRY_ID"=?
[30m2026-09-03T17:44:01,042[m [30mTRACE [m[[1;34mhttp-nio-8080-exec-8[m] [36mJdbcBindingLogging[m - binding parameter (1:BIGINT) <- [37]
[30m2026-09-03T17:44:01,042[m [36mDEBUG [m[[1;34mhttp-nio-8080-exec-4[m] [36mSqlStatementLogger[m - select se1_0."STATUS_ID",se1_0."CATEGORY",se1_0."DESCRIPTION" from "NUANBODB"."STATUS" se1_0 where se1_0."STATUS_ID"=?
[30m2026-09-03T17:44:01,042[m [30mTRACE [m[[1;34mhttp-nio-8080-exec-4[m] [36mJdbcBindingLogging[m - binding parameter (1:BIGINT) <- [510]
[30m2026-09-03T17:44:01,042[m [36mDEBUG [m[[1;34mhttp-nio-8080-exec-1[m] [36mSqlStatementLogger[m - select pae1_0."PARTICIPANT_ACCOUNT_ID",pae1_0."ACCOUNT_NUMBER",pae1_0."DEPOSITORY_ID",pae1_0."IND_MASTER",pae1_0."LAST_MODIFY_APPLIC",pae1_0."LAST_MODIFY_DATE",pae1_0."LAST_MODIFY_IP",pae1_0."LAST_MODIFY_USER",pae1_0."ORIGIN_TYPE_ID",pae1_0."PARTICIPANT_ID",pae1_0."STATUS_ID",pae1_0."TAX_EXEMP",pae1_0."TYPE_ID" from "NUANBODB"."PARTICIPANT_ACCOUNT" pae1_0 left join "NUANBODB"."DEPOSITORY" d1_0 on d1_0."DEPOSITORY_ID"=pae1_0."DEPOSITORY_ID" left join "NUANBODB"."TYPE" ot1_0 on ot1_0."TYPE_ID"=pae1_0."ORIGIN_TYPE_ID" where pae1_0."ACCOUNT_NUMBER"=? and d1_0."DEPOSITORY_ID"=? and ot1_0."TYPE_ID"<>? fetch first ? rows only
[30m2026-09-03T17:44:01,043[m [30mTRACE [m[[1;34mhttp-nio-8080-exec-1[m] [36mJdbcBindingLogging[m - binding parameter (1:VARCHAR) <- [4021801]
[30m2026-09-03T17:44:01,043[m [30mTRACE [m[[1;34mhttp-nio-8080-exec-1[m] [36mJdbcBindingLogging[m - binding parameter (2:VARCHAR) <- [1]
[30m2026-09-03T17:44:01,043[m [30mTRACE [m[[1;34mhttp-nio-8080-exec-1[m] [36mJdbcBindingLogging[m - binding parameter (3:BIGINT) <- [121]
[30m2026-09-03T17:44:01,043[m [30mTRACE [m[[1;34mhttp-nio-8080-exec-1[m] [36mJdbcBindingLogging[m - binding parameter (4:INTEGER) <- [1]
[30m2026-09-03T17:44:01,043[m [36mDEBUG [m[[1;34mhttp-nio-8080-exec-4[m] [36mSqlStatementLogger[m - select tse1_0."TAX_STATUS_ID",tse1_0."DESCRIPTION",tse1_0."LAST_MODIFY_APPLIC",tse1_0."LAST_MODIFY_DATE",tse1_0."LAST_MODIFY_IP",tse1_0."LAST_MODIFY_USER" from "NUANBODB"."TAX_STATUS" tse1_0 where tse1_0."TAX_STATUS_ID"=?
[30m2026-09-03T17:44:01,043[m [30mTRACE [m[[1;34mhttp-nio-8080-exec-4[m] [36mJdbcBindingLogging[m - binding parameter (1:BIGINT) <- [0]
[30m2026-09-03T17:44:01,043[m [36mDEBUG [m[[1;34mhttp-nio-8080-exec-8[m] [36mSqlStatementLogger[m - select ite1_0."IDENTIFICATION_TYPE_ID",ite1_0."CODE",ite1_0."DESCRIPTION" from "NUANBODB"."IDENTIFICATION_TYPE" ite1_0 where ite1_0."IDENTIFICATION_TYPE_ID"=?
[30m2026-09-03T17:44:01,043[m [30mTRACE [m[[1;34mhttp-nio-8080-exec-8[m] [36mJdbcBindingLogging[m - binding parameter (1:BIGINT) <- [7]
[30m2026-09-03T17:44:01,044[m [36mDEBUG [m[[1;34mhttp-nio-8080-exec-4[m] [36mSqlStatementLogger[m - select te1_0."TYPE_ID",te1_0."CATEGORY",te1_0."DESCRIPTION" from "NUANBODB"."TYPE" te1_0 where te1_0."TYPE_ID"=?
[30m2026-09-03T17:44:01,044[m [36mDEBUG [m[[1;34mhttp-nio-8080-exec-8[m] [36mSqlStatementLogger[m - select se1_0."STATUS_ID",se1_0."CATEGORY",se1_0."DESCRIPTION" from "NUANBODB"."STATUS" se1_0 where se1_0."STATUS_ID"=?
[30m2026-09-03T17:44:01,044[m [30mTRACE [m[[1;34mhttp-nio-8080-exec-4[m] [36mJdbcBindingLogging[m - binding parameter (1:BIGINT) <- [31]
[30m2026-09-03T17:44:01,044[m [30mTRACE [m[[1;34mhttp-nio-8080-exec-8[m] [36mJdbcBindingLogging[m - binding parameter (1:BIGINT) <- [510]
[30m2026-09-03T17:44:01,045[m [36mDEBUG [m[[1;34mhttp-nio-8080-exec-1[m] [36mSqlStatementLogger[m - select iae1_0."INVESTOR_ACCOUNT_ID",iae1_0."ACCOUNT_NAME",iae1_0."ACCOUNT_NUMBER",iae1_0."DEPOSITORY_ID",iae1_0."INVESTOR_ID",iae1_0."LAST_MODIFY_APPLIC",iae1_0."LAST_MODIFY_DATE",iae1_0."LAST_MODIFY_IP",iae1_0."LAST_MODIFY_USER",iae1_0."ORIGIN_TYPE_ID",iae1_0."PARTICIPANT_ID",iae1_0."STATUS_ID",iae1_0."TAX_EXEMP",iae1_0."TYPE_ID" from "NUANBODB"."INVESTOR_ACCOUNT" iae1_0 left join "NUANBODB"."INVESTOR" i1_0 on i1_0."INVESTOR_ID"=iae1_0."INVESTOR_ID" left join "NUANBODB"."DEPOSITORY" d1_0 on d1_0."DEPOSITORY_ID"=iae1_0."DEPOSITORY_ID" left join "NUANBODB"."TYPE" ot1_0 on ot1_0."TYPE_ID"=iae1_0."ORIGIN_TYPE_ID" where iae1_0."ACCOUNT_NUMBER"=? and i1_0."DOCUMENT_NUMBER"<>? and d1_0."DEPOSITORY_ID"=? and ot1_0."TYPE_ID"<>? fetch first ? rows only
[30m2026-09-03T17:44:01,045[m [30mTRACE [m[[1;34mhttp-nio-8080-exec-1[m] [36mJdbcBindingLogging[m - binding parameter (1:VARCHAR) <- [4021801]
[30m2026-09-03T17:44:01,045[m [30mTRACE [m[[1;34mhttp-nio-8080-exec-1[m] [36mJdbcBindingLogging[m - binding parameter (2:VARCHAR) <- [800128735-8]
[30m2026-09-03T17:44:01,045[m [30mTRACE [m[[1;34mhttp-nio-8080-exec-1[m] [36mJdbcBindingLogging[m - binding parameter (3:VARCHAR) <- [1]
[30m2026-09-03T17:44:01,045[m [30mTRACE [m[[1;34mhttp-nio-8080-exec-1[m] [36mJdbcBindingLogging[m - binding parameter (4:BIGINT) <- [121]
[30m2026-09-03T17:44:01,045[m [30mTRACE [m[[1;34mhttp-nio-8080-exec-1[m] [36mJdbcBindingLogging[m - binding parameter (5:INTEGER) <- [1]
[30m2026-09-03T17:44:01,045[m [36mDEBUG [m[[1;34mhttp-nio-8080-exec-8[m] [36mSqlStatementLogger[m - select tse1_0."TAX_STATUS_ID",tse1_0."DESCRIPTION",tse1_0."LAST_MODIFY_APPLIC",tse1_0."LAST_MODIFY_DATE",tse1_0."LAST_MODIFY_IP",tse1_0."LAST_MODIFY_USER" from "NUANBODB"."TAX_STATUS" tse1_0 where tse1_0."TAX_STATUS_ID"=?
[30m2026-09-03T17:44:01,045[m [30mTRACE [m[[1;34mhttp-nio-8080-exec-8[m] [36mJdbcBindingLogging[m - binding parameter (1:BIGINT) <- [0]
[30m2026-09-03T17:44:01,045[m [36mDEBUG [m[[1;34mhttp-nio-8080-exec-4[m] [36mSqlStatementLogger[m - select pae1_0."PARTICIPANT_ACCOUNT_ID",pae1_0."ACCOUNT_NUMBER",pae1_0."DEPOSITORY_ID",pae1_0."IND_MASTER",pae1_0."LAST_MODIFY_APPLIC",pae1_0."LAST_MODIFY_DATE",pae1_0."LAST_MODIFY_IP",pae1_0."LAST_MODIFY_USER",pae1_0."ORIGIN_TYPE_ID",pae1_0."PARTICIPANT_ID",pae1_0."STATUS_ID",pae1_0."TAX_EXEMP",pae1_0."TYPE_ID" from "NUANBODB"."PARTICIPANT_ACCOUNT" pae1_0 left join "NUANBODB"."DEPOSITORY" d1_0 on d1_0."DEPOSITORY_ID"=pae1_0."DEPOSITORY_ID" left join "NUANBODB"."TYPE" ot1_0 on ot1_0."TYPE_ID"=pae1_0."ORIGIN_TYPE_ID" where pae1_0."ACCOUNT_NUMBER"=? and d1_0."DEPOSITORY_ID"=? and ot1_0."TYPE_ID"<>? fetch first ? rows only
[30m2026-09-03T17:44:01,045[m [30mTRACE [m[[1;34mhttp-nio-8080-exec-4[m] [36mJdbcBindingLogging[m - binding parameter (1:VARCHAR) <- [4021801]
[30m2026-09-03T17:44:01,045[m [30mTRACE [m[[1;34mhttp-nio-8080-exec-4[m] [36mJdbcBindingLogging[m - binding parameter (2:VARCHAR) <- [1]
[30m2026-09-03T17:44:01,045[m [30mTRACE [m[[1;34mhttp-nio-8080-exec-4[m] [36mJdbcBindingLogging[m - binding parameter (3:BIGINT) <- [121]
[30m2026-09-03T17:44:01,045[m [30mTRACE [m[[1;34mhttp-nio-8080-exec-4[m] [36mJdbcBindingLogging[m - binding parameter (4:INTEGER) <- [1]
[30m2026-09-03T17:44:01,046[m [36mDEBUG [m[[1;34mhttp-nio-8080-exec-1[m] [36mSqlStatementLogger[m - select de1_0."DEPOSITORY_ID",de1_0."DESCRIPTION" from "NUANBODB"."DEPOSITORY" de1_0 where de1_0."DEPOSITORY_ID"=?
[30m2026-09-03T17:44:01,046[m [30mTRACE [m[[1;34mhttp-nio-8080-exec-1[m] [36mJdbcBindingLogging[m - binding parameter (1:VARCHAR) <- [1]
[30m2026-09-03T17:44:01,046[m [36mDEBUG [m[[1;34mhttp-nio-8080-exec-8[m] [36mSqlStatementLogger[m - select te1_0."TYPE_ID",te1_0."CATEGORY",te1_0."DESCRIPTION" from "NUANBODB"."TYPE" te1_0 where te1_0."TYPE_ID"=?
[30m2026-09-03T17:44:01,046[m [30mTRACE [m[[1;34mhttp-nio-8080-exec-8[m] [36mJdbcBindingLogging[m - binding parameter (1:BIGINT) <- [31]
[30m2026-09-03T17:44:01,046[m [36mDEBUG [m[[1;34mhttp-nio-8080-exec-4[m] [36mSqlStatementLogger[m - select iae1_0."INVESTOR_ACCOUNT_ID",iae1_0."ACCOUNT_NAME",iae1_0."ACCOUNT_NUMBER",iae1_0."DEPOSITORY_ID",iae1_0."INVESTOR_ID",iae1_0."LAST_MODIFY_APPLIC",iae1_0."LAST_MODIFY_DATE",iae1_0."LAST_MODIFY_IP",iae1_0."LAST_MODIFY_USER",iae1_0."ORIGIN_TYPE_ID",iae1_0."PARTICIPANT_ID",iae1_0."STATUS_ID",iae1_0."TAX_EXEMP",iae1_0."TYPE_ID" from "NUANBODB"."INVESTOR_ACCOUNT" iae1_0 left join "NUANBODB"."INVESTOR" i1_0 on i1_0."INVESTOR_ID"=iae1_0."INVESTOR_ID" left join "NUANBODB"."DEPOSITORY" d1_0 on d1_0."DEPOSITORY_ID"=iae1_0."DEPOSITORY_ID" left join "NUANBODB"."TYPE" ot1_0 on ot1_0."TYPE_ID"=iae1_0."ORIGIN_TYPE_ID" where iae1_0."ACCOUNT_NUMBER"=? and i1_0."DOCUMENT_NUMBER"<>? and d1_0."DEPOSITORY_ID"=? and ot1_0."TYPE_ID"<>? fetch first ? rows only
[30m2026-09-03T17:44:01,047[m [30mTRACE [m[[1;34mhttp-nio-8080-exec-4[m] [36mJdbcBindingLogging[m - binding parameter (1:VARCHAR) <- [4021801]
[30m2026-09-03T17:44:01,047[m [36mDEBUG [m[[1;34mhttp-nio-8080-exec-1[m] [36mSqlStatementLogger[m - select ie1_0."INVESTOR_ID",ie1_0."CLEARINGHOUSE_CODE",ie1_0."CODE",ie1_0."COMPANY_NAME",ie1_0."COUNTRY_ID",c1_0."COUNTRY_ID",c1_0."CODE",c1_0."CURRENCY_ID",c2_0."CURRENCY_ID",c2_0."CODE",c2_0."NAME",c1_0."NAME",c1_0."TIME_ZONE",ie1_0."DOCUMENT_NUMBER",ie1_0."FIRST_NAME",g1_0."GICS_ID",g1_0."DESCRIPTION",ie1_0."IDENTIFICATION_TYPE_ID",it1_0."IDENTIFICATION_TYPE_ID",it1_0."CODE",it1_0."DESCRIPTION",ie1_0."LAST_MODIFY_APPLIC",ie1_0."LAST_MODIFY_DATE",ie1_0."LAST_MODIFY_IP",ie1_0."LAST_MODIFY_USER",ie1_0."LAST_NAME",ie1_0."MONEY_LAUNDERING_FLAG",ie1_0."NATIONALITY",ie1_0."STATUS_ID",s1_0."STATUS_ID",s1_0."CATEGORY",s1_0."DESCRIPTION",ie1_0."TAX_EXEMP",ts1_0."TAX_STATUS_ID",ts1_0."DESCRIPTION",ts1_0."LAST_MODIFY_APPLIC",ts1_0."LAST_MODIFY_DATE",ts1_0."LAST_MODIFY_IP",ts1_0."LAST_MODIFY_USER",ie1_0."TYPE_ID",t1_0."TYPE_ID",t1_0."CATEGORY",t1_0."DESCRIPTION" from "NUANBODB"."INVESTOR" ie1_0 join "NUANBODB"."COUNTRY" c1_0 on c1_0."COUNTRY_ID"=ie1_0."COUNTRY_ID" join "NUANBODB"."CURRENCY" c2_0 on c2_0."CURRENCY_ID"=c1_0."CURRENCY_ID" left join "NUANBODB"."GICS" g1_0 on g1_0."GICS_ID"=ie1_0."GICS_ID" join "NUANBODB"."IDENTIFICATION_TYPE" it1_0 on it1_0."IDENTIFICATION_TYPE_ID"=ie1_0."IDENTIFICATION_TYPE_ID" join "NUANBODB"."STATUS" s1_0 on s1_0."STATUS_ID"=ie1_0."STATUS_ID" left join "NUANBODB"."TAX_STATUS" ts1_0 on ts1_0."TAX_STATUS_ID"=ie1_0."TAX_STATUS_ID" join "NUANBODB"."TYPE" t1_0 on t1_0."TYPE_ID"=ie1_0."TYPE_ID" where ie1_0."INVESTOR_ID"=?
[30m2026-09-03T17:44:01,047[m [30mTRACE [m[[1;34mhttp-nio-8080-exec-4[m] [36mJdbcBindingLogging[m - binding parameter (2:VARCHAR) <- [800128735-8]
[30m2026-09-03T17:44:01,047[m [30mTRACE [m[[1;34mhttp-nio-8080-exec-4[m] [36mJdbcBindingLogging[m - binding parameter (3:VARCHAR) <- [1]
[30m2026-09-03T17:44:01,047[m [30mTRACE [m[[1;34mhttp-nio-8080-exec-1[m] [36mJdbcBindingLogging[m - binding parameter (1:BIGINT) <- [167]
[30m2026-09-03T17:44:01,047[m [30mTRACE [m[[1;34mhttp-nio-8080-exec-4[m] [36mJdbcBindingLogging[m - binding parameter (4:BIGINT) <- [121]
[30m2026-09-03T17:44:01,047[m [30mTRACE [m[[1;34mhttp-nio-8080-exec-4[m] [36mJdbcBindingLogging[m - binding parameter (5:INTEGER) <- [1]
[30m2026-09-03T17:44:01,047[m [36mDEBUG [m[[1;34mhttp-nio-8080-exec-9[m] [36mSqlStatementLogger[m - select ce1_0."COUNTRY_ID",ce1_0."CODE",ce1_0."CURRENCY_ID",c1_0."CURRENCY_ID",c1_0."CODE",c1_0."NAME",ce1_0."NAME",ce1_0."TIME_ZONE" from "NUANBODB"."COUNTRY" ce1_0 join "NUANBODB"."CURRENCY" c1_0 on c1_0."CURRENCY_ID"=ce1_0."CURRENCY_ID" where ce1_0."COUNTRY_ID"=?
[30m2026-09-03T17:44:01,047[m [30mTRACE [m[[1;34mhttp-nio-8080-exec-9[m] [36mJdbcBindingLogging[m - binding parameter (1:BIGINT) <- [37]
[30m2026-09-03T17:44:01,048[m [36mDEBUG [m[[1;34mhttp-nio-8080-exec-8[m] [36mSqlStatementLogger[m - select pae1_0."PARTICIPANT_ACCOUNT_ID",pae1_0."ACCOUNT_NUMBER",pae1_0."DEPOSITORY_ID",pae1_0."IND_MASTER",pae1_0."LAST_MODIFY_APPLIC",pae1_0."LAST_MODIFY_DATE",pae1_0."LAST_MODIFY_IP",pae1_0."LAST_MODIFY_USER",pae1_0."ORIGIN_TYPE_ID",pae1_0."PARTICIPANT_ID",pae1_0."STATUS_ID",pae1_0."TAX_EXEMP",pae1_0."TYPE_ID" from "NUANBODB"."PARTICIPANT_ACCOUNT" pae1_0 left join "NUANBODB"."DEPOSITORY" d1_0 on d1_0."DEPOSITORY_ID"=pae1_0."DEPOSITORY_ID" left join "NUANBODB"."TYPE" ot1_0 on ot1_0."TYPE_ID"=pae1_0."ORIGIN_TYPE_ID" where pae1_0."ACCOUNT_NUMBER"=? and d1_0."DEPOSITORY_ID"=? and ot1_0."TYPE_ID"<>? fetch first ? rows only
[30m2026-09-03T17:44:01,048[m [30mTRACE [m[[1;34mhttp-nio-8080-exec-8[m] [36mJdbcBindingLogging[m - binding parameter (1:VARCHAR) <- [4021801]
[30m2026-09-03T17:44:01,048[m [30mTRACE [m[[1;34mhttp-nio-8080-exec-8[m] [36mJdbcBindingLogging[m - binding parameter (2:VARCHAR) <- [1]
[30m2026-09-03T17:44:01,048[m [36mDEBUG [m[[1;34mhttp-nio-8080-exec-1[m] [36mSqlStatementLogger[m - select te1_0."TYPE_ID",te1_0."CATEGORY",te1_0."DESCRIPTION" from "NUANBODB"."TYPE" te1_0 where te1_0."TYPE_ID"=?
[30m2026-09-03T17:44:01,048[m [30mTRACE [m[[1;34mhttp-nio-8080-exec-8[m] [36mJdbcBindingLogging[m - binding parameter (3:BIGINT) <- [121]
[30m2026-09-03T17:44:01,048[m [30mTRACE [m[[1;34mhttp-nio-8080-exec-1[m] [36mJdbcBindingLogging[m - binding parameter (1:BIGINT) <- [120]
[30m2026-09-03T17:44:01,048[m [30mTRACE [m[[1;34mhttp-nio-8080-exec-8[m] [36mJdbcBindingLogging[m - binding parameter (4:INTEGER) <- [1]
[30m2026-09-03T17:44:01,048[m [36mDEBUG [m[[1;34mhttp-nio-8080-exec-2[m] [36mSqlStatementLogger[m - select ce1_0."COUNTRY_ID",ce1_0."CODE",ce1_0."CURRENCY_ID",c1_0."CURRENCY_ID",c1_0."CODE",c1_0."NAME",ce1_0."NAME",ce1_0."TIME_ZONE" from "NUANBODB"."COUNTRY" ce1_0 join "NUANBODB"."CURRENCY" c1_0 on c1_0."CURRENCY_ID"=ce1_0."CURRENCY_ID" where ce1_0."COUNTRY_ID"=?
[30m2026-09-03T17:44:01,048[m [30mTRACE [m[[1;34mhttp-nio-8080-exec-2[m] [36mJdbcBindingLogging[m - binding parameter (1:BIGINT) <- [37]
[30m2026-09-03T17:44:01,048[m [36mDEBUG [m[[1;34mhttp-nio-8080-exec-4[m] [36mSqlStatementLogger[m - select de1_0."DEPOSITORY_ID",de1_0."DESCRIPTION" from "NUANBODB"."DEPOSITORY" de1_0 where de1_0."DEPOSITORY_ID"=?
[30m2026-09-03T17:44:01,048[m [30mTRACE [m[[1;34mhttp-nio-8080-exec-4[m] [36mJdbcBindingLogging[m - binding parameter (1:VARCHAR) <- [1]
[30m2026-09-03T17:44:01,048[m [36mDEBUG [m[[1;34mhttp-nio-8080-exec-9[m] [36mSqlStatementLogger[m - select ite1_0."IDENTIFICATION_TYPE_ID",ite1_0."CODE",ite1_0."DESCRIPTION" from "NUANBODB"."IDENTIFICATION_TYPE" ite1_0 where ite1_0."IDENTIFICATION_TYPE_ID"=?
[30m2026-09-03T17:44:01,049[m [30mTRACE [m[[1;34mhttp-nio-8080-exec-9[m] [36mJdbcBindingLogging[m - binding parameter (1:BIGINT) <- [7]
[30m2026-09-03T17:44:01,049[m [36mDEBUG [m[[1;34mhttp-nio-8080-exec-1[m] [36mSqlStatementLogger[m - select se1_0."STATUS_ID",se1_0."CATEGORY",se1_0."DESCRIPTION" from "NUANBODB"."STATUS" se1_0 where se1_0."STATUS_ID"=?
[30m2026-09-03T17:44:01,049[m [30mTRACE [m[[1;34mhttp-nio-8080-exec-1[m] [36mJdbcBindingLogging[m - binding parameter (1:BIGINT) <- [570]
[30m2026-09-03T17:44:01,049[m [36mDEBUG [m[[1;34mhttp-nio-8080-exec-4[m] [36mSqlStatementLogger[m - select ie1_0."INVESTOR_ID",ie1_0."CLEARINGHOUSE_CODE",ie1_0."CODE",ie1_0."COMPANY_NAME",ie1_0."COUNTRY_ID",c1_0."COUNTRY_ID",c1_0."CODE",c1_0."CURRENCY_ID",c2_0."CURRENCY_ID",c2_0."CODE",c2_0."NAME",c1_0."NAME",c1_0."TIME_ZONE",ie1_0."DOCUMENT_NUMBER",ie1_0."FIRST_NAME",g1_0."GICS_ID",g1_0."DESCRIPTION",ie1_0."IDENTIFICATION_TYPE_ID",it1_0."IDENTIFICATION_TYPE_ID",it1_0."CODE",it1_0."DESCRIPTION",ie1_0."LAST_MODIFY_APPLIC",ie1_0."LAST_MODIFY_DATE",ie1_0."LAST_MODIFY_IP",ie1_0."LAST_MODIFY_USER",ie1_0."LAST_NAME",ie1_0."MONEY_LAUNDERING_FLAG",ie1_0."NATIONALITY",ie1_0."STATUS_ID",s1_0."STATUS_ID",s1_0."CATEGORY",s1_0."DESCRIPTION",ie1_0."TAX_EXEMP",ts1_0."TAX_STATUS_ID",ts1_0."DESCRIPTION",ts1_0."LAST_MODIFY_APPLIC",ts1_0."LAST_MODIFY_DATE",ts1_0."LAST_MODIFY_IP",ts1_0."LAST_MODIFY_USER",ie1_0."TYPE_ID",t1_0."TYPE_ID",t1_0."CATEGORY",t1_0."DESCRIPTION" from "NUANBODB"."INVESTOR" ie1_0 join "NUANBODB"."COUNTRY" c1_0 on c1_0."COUNTRY_ID"=ie1_0."COUNTRY_ID" join "NUANBODB"."CURRENCY" c2_0 on c2_0."CURRENCY_ID"=c1_0."CURRENCY_ID" left join "NUANBODB"."GICS" g1_0 on g1_0."GICS_ID"=ie1_0."GICS_ID" join "NUANBODB"."IDENTIFICATION_TYPE" it1_0 on it1_0."IDENTIFICATION_TYPE_ID"=ie1_0."IDENTIFICATION_TYPE_ID" join "NUANBODB"."STATUS" s1_0 on s1_0."STATUS_ID"=ie1_0."STATUS_ID" left join "NUANBODB"."TAX_STATUS" ts1_0 on ts1_0."TAX_STATUS_ID"=ie1_0."TAX_STATUS_ID" join "NUANBODB"."TYPE" t1_0 on t1_0."TYPE_ID"=ie1_0."TYPE_ID" where ie1_0."INVESTOR_ID"=?
[30m2026-09-03T17:44:01,049[m [30mTRACE [m[[1;34mhttp-nio-8080-exec-4[m] [36mJdbcBindingLogging[m - binding parameter (1:BIGINT) <- [167]
[30m2026-09-03T17:44:01,049[m [36mDEBUG [m[[1;34mhttp-nio-8080-exec-1[m] [36mSqlStatementLogger[m - select te1_0."TYPE_ID",te1_0."CATEGORY",te1_0."DESCRIPTION" from "NUANBODB"."TYPE" te1_0 where te1_0."TYPE_ID"=?
[30m2026-09-03T17:44:01,049[m [30mTRACE [m[[1;34mhttp-nio-8080-exec-1[m] [36mJdbcBindingLogging[m - binding parameter (1:BIGINT) <- [26]
[30m2026-09-03T17:44:01,049[m [36mDEBUG [m[[1;34mhttp-nio-8080-exec-8[m] [36mSqlStatementLogger[m - select iae1_0."INVESTOR_ACCOUNT_ID",iae1_0."ACCOUNT_NAME",iae1_0."ACCOUNT_NUMBER",iae1_0."DEPOSITORY_ID",iae1_0."INVESTOR_ID",iae1_0."LAST_MODIFY_APPLIC",iae1_0."LAST_MODIFY_DATE",iae1_0."LAST_MODIFY_IP",iae1_0."LAST_MODIFY_USER",iae1_0."ORIGIN_TYPE_ID",iae1_0."PARTICIPANT_ID",iae1_0."STATUS_ID",iae1_0."TAX_EXEMP",iae1_0."TYPE_ID" from "NUANBODB"."INVESTOR_ACCOUNT" iae1_0 left join "NUANBODB"."INVESTOR" i1_0 on i1_0."INVESTOR_ID"=iae1_0."INVESTOR_ID" left join "NUANBODB"."DEPOSITORY" d1_0 on d1_0."DEPOSITORY_ID"=iae1_0."DEPOSITORY_ID" left join "NUANBODB"."TYPE" ot1_0 on ot1_0."TYPE_ID"=iae1_0."ORIGIN_TYPE_ID" where iae1_0."ACCOUNT_NUMBER"=? and i1_0."DOCUMENT_NUMBER"<>? and d1_0."DEPOSITORY_ID"=? and ot1_0."TYPE_ID"<>? fetch first ? rows only
[30m2026-09-03T17:44:01,049[m [30mTRACE [m[[1;34mhttp-nio-8080-exec-8[m] [36mJdbcBindingLogging[m - binding parameter (1:VARCHAR) <- [4021801]
[30m2026-09-03T17:44:01,049[m [30mTRACE [m[[1;34mhttp-nio-8080-exec-8[m] [36mJdbcBindingLogging[m - binding parameter (2:VARCHAR) <- [800128735-8]
[30m2026-09-03T17:44:01,049[m [30mTRACE [m[[1;34mhttp-nio-8080-exec-8[m] [36mJdbcBindingLogging[m - binding parameter (3:VARCHAR) <- [1]
[30m2026-09-03T17:44:01,050[m [30mTRACE [m[[1;34mhttp-nio-8080-exec-8[m] [36mJdbcBindingLogging[m - binding parameter (4:BIGINT) <- [121]
[30m2026-09-03T17:44:01,050[m [30mTRACE [m[[1;34mhttp-nio-8080-exec-8[m] [36mJdbcBindingLogging[m - binding parameter (5:INTEGER) <- [1]
[30m2026-09-03T17:44:01,050[m [36mDEBUG [m[[1;34mhttp-nio-8080-exec-1[m] [36mSqlStatementLogger[m - select cre1_0."CUSTODIAN_RELATION_ID",cre1_0."CUSTODIAN_ID",cre1_0."DEPOSITORY_ID",cre1_0."INVESTOR_ACCOUNT_ID",cre1_0."LAST_MODIFY_APPLIC",cre1_0."LAST_MODIFY_DATE",cre1_0."LAST_MODIFY_IP",cre1_0."LAST_MODIFY_USER",cre1_0."PARTICIPANT_ID",cre1_0."STATUS_ID" from "NUANBODB"."CUSTODIAN_RELATION" cre1_0 where cre1_0."PARTICIPANT_ID"=? and cre1_0."DEPOSITORY_ID"=? and cre1_0."INVESTOR_ACCOUNT_ID"=? and cre1_0."STATUS_ID"=?
[30m2026-09-03T17:44:01,050[m [30mTRACE [m[[1;34mhttp-nio-8080-exec-1[m] [36mJdbcBindingLogging[m - binding parameter (1:BIGINT) <- [15]
[30m2026-09-03T17:44:01,050[m [30mTRACE [m[[1;34mhttp-nio-8080-exec-1[m] [36mJdbcBindingLogging[m - binding parameter (2:VARCHAR) <- [1]
[30m2026-09-03T17:44:01,050[m [30mTRACE [m[[1;34mhttp-nio-8080-exec-1[m] [36mJdbcBindingLogging[m - binding parameter (3:BIGINT) <- [57]
[30m2026-09-03T17:44:01,050[m [30mTRACE [m[[1;34mhttp-nio-8080-exec-1[m] [36mJdbcBindingLogging[m - binding parameter (4:BIGINT) <- [1163]
[30m2026-09-03T17:44:01,050[m [36mDEBUG [m[[1;34mhttp-nio-8080-exec-2[m] [36mSqlStatementLogger[m - select ite1_0."IDENTIFICATION_TYPE_ID",ite1_0."CODE",ite1_0."DESCRIPTION" from "NUANBODB"."IDENTIFICATION_TYPE" ite1_0 where ite1_0."IDENTIFICATION_TYPE_ID"=?
[30m2026-09-03T17:44:01,050[m [30mTRACE [m[[1;34mhttp-nio-8080-exec-2[m] [36mJdbcBindingLogging[m - binding parameter (1:BIGINT) <- [7]
[30m2026-09-03T17:44:01,050[m [36mDEBUG [m[[1;34mhttp-nio-8080-exec-4[m] [36mSqlStatementLogger[m - select te1_0."TYPE_ID",te1_0."CATEGORY",te1_0."DESCRIPTION" from "NUANBODB"."TYPE" te1_0 where te1_0."TYPE_ID"=?
[30m2026-09-03T17:44:01,050[m [36mDEBUG [m[[1;34mhttp-nio-8080-exec-9[m] [36mSqlStatementLogger[m - select se1_0."STATUS_ID",se1_0."CATEGORY",se1_0."DESCRIPTION" from "NUANBODB"."STATUS" se1_0 where se1_0."STATUS_ID"=?
[30m2026-09-03T17:44:01,050[m [30mTRACE [m[[1;34mhttp-nio-8080-exec-4[m] [36mJdbcBindingLogging[m - binding parameter (1:BIGINT) <- [120]
[30m2026-09-03T17:44:01,050[m [30mTRACE [m[[1;34mhttp-nio-8080-exec-9[m] [36mJdbcBindingLogging[m - binding parameter (1:BIGINT) <- [510]
[30m2026-09-03T17:44:01,052[m [36mDEBUG [m[[1;34mhttp-nio-8080-exec-1[m] [36mSqlStatementLogger[m - select mde1_0."MILA_DEPOSITORY_ID",mde1_0."CODE",mde1_0."DIRECT_DEPOSITORY_NUMBER",mde1_0."DOCUMENT_NUMBER",mde1_0."IDENTIFICATION_TYPE_ID",mde1_0."LAST_MODIFY_APPLIC",mde1_0."LAST_MODIFY_DATE",mde1_0."LAST_MODIFY_IP",mde1_0."LAST_MODIFY_USER" from "NUANBODB"."MILA_DEPOSITORY" mde1_0 where mde1_0."IDENTIFICATION_TYPE_ID"=? and mde1_0."DOCUMENT_NUMBER"=? fetch first ? rows only
[30m2026-09-03T17:44:01,052[m [30mTRACE [m[[1;34mhttp-nio-8080-exec-1[m] [36mJdbcBindingLogging[m - binding parameter (1:BIGINT) <- [5]
[30m2026-09-03T17:44:01,052[m [36mDEBUG [m[[1;34mhttp-nio-8080-exec-8[m] [36mSqlStatementLogger[m - select de1_0."DEPOSITORY_ID",de1_0."DESCRIPTION" from "NUANBODB"."DEPOSITORY" de1_0 where de1_0."DEPOSITORY_ID"=?
[30m2026-09-03T17:44:01,052[m [30mTRACE [m[[1;34mhttp-nio-8080-exec-1[m] [36mJdbcBindingLogging[m - binding parameter (2:VARCHAR) <- [8605303170]
[30m2026-09-03T17:44:01,052[m [30mTRACE [m[[1;34mhttp-nio-8080-exec-8[m] [36mJdbcBindingLogging[m - binding parameter (1:VARCHAR) <- [1]
[30m2026-09-03T17:44:01,052[m [30mTRACE [m[[1;34mhttp-nio-8080-exec-1[m] [36mJdbcBindingLogging[m - binding parameter (3:INTEGER) <- [1]
[30m2026-09-03T17:44:01,052[m [36mDEBUG [m[[1;34mhttp-nio-8080-exec-2[m] [36mSqlStatementLogger[m - select se1_0."STATUS_ID",se1_0."CATEGORY",se1_0."DESCRIPTION" from "NUANBODB"."STATUS" se1_0 where se1_0."STATUS_ID"=?
[30m2026-09-03T17:44:01,052[m [30mTRACE [m[[1;34mhttp-nio-8080-exec-2[m] [36mJdbcBindingLogging[m - binding parameter (1:BIGINT) <- [510]
[30m2026-09-03T17:44:01,052[m [36mDEBUG [m[[1;34mhttp-nio-8080-exec-9[m] [36mSqlStatementLogger[m - select tse1_0."TAX_STATUS_ID",tse1_0."DESCRIPTION",tse1_0."LAST_MODIFY_APPLIC",tse1_0."LAST_MODIFY_DATE",tse1_0."LAST_MODIFY_IP",tse1_0."LAST_MODIFY_USER" from "NUANBODB"."TAX_STATUS" tse1_0 where tse1_0."TAX_STATUS_ID"=?
[30m2026-09-03T17:44:01,052[m [36mDEBUG [m[[1;34mhttp-nio-8080-exec-8[m] [36mSqlStatementLogger[m - select ie1_0."INVESTOR_ID",ie1_0."CLEARINGHOUSE_CODE",ie1_0."CODE",ie1_0."COMPANY_NAME",ie1_0."COUNTRY_ID",c1_0."COUNTRY_ID",c1_0."CODE",c1_0."CURRENCY_ID",c2_0."CURRENCY_ID",c2_0."CODE",c2_0."NAME",c1_0."NAME",c1_0."TIME_ZONE",ie1_0."DOCUMENT_NUMBER",ie1_0."FIRST_NAME",g1_0."GICS_ID",g1_0."DESCRIPTION",ie1_0."IDENTIFICATION_TYPE_ID",it1_0."IDENTIFICATION_TYPE_ID",it1_0."CODE",it1_0."DESCRIPTION",ie1_0."LAST_MODIFY_APPLIC",ie1_0."LAST_MODIFY_DATE",ie1_0."LAST_MODIFY_IP",ie1_0."LAST_MODIFY_USER",ie1_0."LAST_NAME",ie1_0."MONEY_LAUNDERING_FLAG",ie1_0."NATIONALITY",ie1_0."STATUS_ID",s1_0."STATUS_ID",s1_0."CATEGORY",s1_0."DESCRIPTION",ie1_0."TAX_EXEMP",ts1_0."TAX_STATUS_ID",ts1_0."DESCRIPTION",ts1_0."LAST_MODIFY_APPLIC",ts1_0."LAST_MODIFY_DATE",ts1_0."LAST_MODIFY_IP",ts1_0."LAST_MODIFY_USER",ie1_0."TYPE_ID",t1_0."TYPE_ID",t1_0."CATEGORY",t1_0."DESCRIPTION" from "NUANBODB"."INVESTOR" ie1_0 join "NUANBODB"."COUNTRY" c1_0 on c1_0."COUNTRY_ID"=ie1_0."COUNTRY_ID" join "NUANBODB"."CURRENCY" c2_0 on c2_0."CURRENCY_ID"=c1_0."CURRENCY_ID" left join "NUANBODB"."GICS" g1_0 on g1_0."GICS_ID"=ie1_0."GICS_ID" join "NUANBODB"."IDENTIFICATION_TYPE" it1_0 on it1_0."IDENTIFICATION_TYPE_ID"=ie1_0."IDENTIFICATION_TYPE_ID" join "NUANBODB"."STATUS" s1_0 on s1_0."STATUS_ID"=ie1_0."STATUS_ID" left join "NUANBODB"."TAX_STATUS" ts1_0 on ts1_0."TAX_STATUS_ID"=ie1_0."TAX_STATUS_ID" join "NUANBODB"."TYPE" t1_0 on t1_0."TYPE_ID"=ie1_0."TYPE_ID" where ie1_0."INVESTOR_ID"=?
[30m2026-09-03T17:44:01,052[m [36mDEBUG [m[[1;34mhttp-nio-8080-exec-4[m] [36mSqlStatementLogger[m - select se1_0."STATUS_ID",se1_0."CATEGORY",se1_0."DESCRIPTION" from "NUANBODB"."STATUS" se1_0 where se1_0."STATUS_ID"=?
[30m2026-09-03T17:44:01,052[m [30mTRACE [m[[1;34mhttp-nio-8080-exec-9[m] [36mJdbcBindingLogging[m - binding parameter (1:BIGINT) <- [0]
[30m2026-09-03T17:44:01,053[m [30mTRACE [m[[1;34mhttp-nio-8080-exec-4[m] [36mJdbcBindingLogging[m - binding parameter (1:BIGINT) <- [570]
[30m2026-09-03T17:44:01,053[m [30mTRACE [m[[1;34mhttp-nio-8080-exec-8[m] [36mJdbcBindingLogging[m - binding parameter (1:BIGINT) <- [167]
[30m2026-09-03T17:44:01,053[m [36mDEBUG [m[[1;34mhttp-nio-8080-exec-1[m] [36mSqlStatementLogger[m - select iae1_0."INVESTOR_ACCOUNT_ID",iae1_0."ACCOUNT_NAME",iae1_0."ACCOUNT_NUMBER",iae1_0."DEPOSITORY_ID",iae1_0."INVESTOR_ID",iae1_0."LAST_MODIFY_APPLIC",iae1_0."LAST_MODIFY_DATE",iae1_0."LAST_MODIFY_IP",iae1_0."LAST_MODIFY_USER",iae1_0."ORIGIN_TYPE_ID",iae1_0."PARTICIPANT_ID",iae1_0."STATUS_ID",iae1_0."TAX_EXEMP",iae1_0."TYPE_ID" from "NUANBODB"."INVESTOR_ACCOUNT" iae1_0 where iae1_0."INVESTOR_ACCOUNT_ID" in (?)
[30m2026-09-03T17:44:01,053[m [30mTRACE [m[[1;34mhttp-nio-8080-exec-1[m] [36mJdbcBindingLogging[m - binding parameter (1:BIGINT) <- [57]
[30m2026-09-03T17:44:01,053[m [36mDEBUG [m[[1;34mhttp-nio-8080-exec-2[m] [36mSqlStatementLogger[m - select tse1_0."TAX_STATUS_ID",tse1_0."DESCRIPTION",tse1_0."LAST_MODIFY_APPLIC",tse1_0."LAST_MODIFY_DATE",tse1_0."LAST_MODIFY_IP",tse1_0."LAST_MODIFY_USER" from "NUANBODB"."TAX_STATUS" tse1_0 where tse1_0."TAX_STATUS_ID"=?
[30m2026-09-03T17:44:01,053[m [30mTRACE [m[[1;34mhttp-nio-8080-exec-2[m] [36mJdbcBindingLogging[m - binding parameter (1:BIGINT) <- [0]
[30m2026-09-03T17:44:01,053[m [36mDEBUG [m[[1;34mhttp-nio-8080-exec-9[m] [36mSqlStatementLogger[m - select te1_0."TYPE_ID",te1_0."CATEGORY",te1_0."DESCRIPTION" from "NUANBODB"."TYPE" te1_0 where te1_0."TYPE_ID"=?
[30m2026-09-03T17:44:01,053[m [30mTRACE [m[[1;34mhttp-nio-8080-exec-9[m] [36mJdbcBindingLogging[m - binding parameter (1:BIGINT) <- [31]
[30m2026-09-03T17:44:01,053[m [36mDEBUG [m[[1;34mhttp-nio-8080-exec-4[m] [36mSqlStatementLogger[m - select te1_0."TYPE_ID",te1_0."CATEGORY",te1_0."DESCRIPTION" from "NUANBODB"."TYPE" te1_0 where te1_0."TYPE_ID"=?
[30m2026-09-03T17:44:01,053[m [30mTRACE [m[[1;34mhttp-nio-8080-exec-4[m] [36mJdbcBindingLogging[m - binding parameter (1:BIGINT) <- [26]
[30m2026-09-03T17:44:01,054[m [36mDEBUG [m[[1;34mhttp-nio-8080-exec-2[m] [36mSqlStatementLogger[m - select te1_0."TYPE_ID",te1_0."CATEGORY",te1_0."DESCRIPTION" from "NUANBODB"."TYPE" te1_0 where te1_0."TYPE_ID"=?
[30m2026-09-03T17:44:01,054[m [30mTRACE [m[[1;34mhttp-nio-8080-exec-2[m] [36mJdbcBindingLogging[m - binding parameter (1:BIGINT) <- [31]
[30m2026-09-03T17:44:01,054[m [36mDEBUG [m[[1;34mhttp-nio-8080-exec-8[m] [36mSqlStatementLogger[m - select te1_0."TYPE_ID",te1_0."CATEGORY",te1_0."DESCRIPTION" from "NUANBODB"."TYPE" te1_0 where te1_0."TYPE_ID"=?
[30m2026-09-03T17:44:01,054[m [30mTRACE [m[[1;34mhttp-nio-8080-exec-8[m] [36mJdbcBindingLogging[m - binding parameter (1:BIGINT) <- [120]
[30m2026-09-03T17:44:01,055[m [36mDEBUG [m[[1;34mhttp-nio-8080-exec-8[m] [36mSqlStatementLogger[m - select se1_0."STATUS_ID",se1_0."CATEGORY",se1_0."DESCRIPTION" from "NUANBODB"."STATUS" se1_0 where se1_0."STATUS_ID"=?
[30m2026-09-03T17:44:01,055[m [30mTRACE [m[[1;34mhttp-nio-8080-exec-8[m] [36mJdbcBindingLogging[m - binding parameter (1:BIGINT) <- [570]
[30m2026-09-03T17:44:01,055[m [36mDEBUG [m[[1;34mhttp-nio-8080-exec-9[m] [36mSqlStatementLogger[m - select pae1_0."PARTICIPANT_ACCOUNT_ID",pae1_0."ACCOUNT_NUMBER",pae1_0."DEPOSITORY_ID",pae1_0."IND_MASTER",pae1_0."LAST_MODIFY_APPLIC",pae1_0."LAST_MODIFY_DATE",pae1_0."LAST_MODIFY_IP",pae1_0."LAST_MODIFY_USER",pae1_0."ORIGIN_TYPE_ID",pae1_0."PARTICIPANT_ID",pae1_0."STATUS_ID",pae1_0."TAX_EXEMP",pae1_0."TYPE_ID" from "NUANBODB"."PARTICIPANT_ACCOUNT" pae1_0 left join "NUANBODB"."DEPOSITORY" d1_0 on d1_0."DEPOSITORY_ID"=pae1_0."DEPOSITORY_ID" left join "NUANBODB"."TYPE" ot1_0 on ot1_0."TYPE_ID"=pae1_0."ORIGIN_TYPE_ID" where pae1_0."ACCOUNT_NUMBER"=? and d1_0."DEPOSITORY_ID"=? and ot1_0."TYPE_ID"<>? fetch first ? rows only
[30m2026-09-03T17:44:01,055[m [30mTRACE [m[[1;34mhttp-nio-8080-exec-9[m] [36mJdbcBindingLogging[m - binding parameter (1:VARCHAR) <- [4021801]
[30m2026-09-03T17:44:01,055[m [30mTRACE [m[[1;34mhttp-nio-8080-exec-9[m] [36mJdbcBindingLogging[m - binding parameter (2:VARCHAR) <- [1]
[30m2026-09-03T17:44:01,055[m [36mDEBUG [m[[1;34mhttp-nio-8080-exec-4[m] [36mSqlStatementLogger[m - select cre1_0."CUSTODIAN_RELATION_ID",cre1_0."CUSTODIAN_ID",cre1_0."DEPOSITORY_ID",cre1_0."INVESTOR_ACCOUNT_ID",cre1_0."LAST_MODIFY_APPLIC",cre1_0."LAST_MODIFY_DATE",cre1_0."LAST_MODIFY_IP",cre1_0."LAST_MODIFY_USER",cre1_0."PARTICIPANT_ID",cre1_0."STATUS_ID" from "NUANBODB"."CUSTODIAN_RELATION" cre1_0 where cre1_0."PARTICIPANT_ID"=? and cre1_0."DEPOSITORY_ID"=? and cre1_0."INVESTOR_ACCOUNT_ID"=? and cre1_0."STATUS_ID"=?
[30m2026-09-03T17:44:01,055[m [30mTRACE [m[[1;34mhttp-nio-8080-exec-9[m] [36mJdbcBindingLogging[m - binding parameter (3:BIGINT) <- [121]
[30m2026-09-03T17:44:01,055[m [30mTRACE [m[[1;34mhttp-nio-8080-exec-4[m] [36mJdbcBindingLogging[m - binding parameter (1:BIGINT) <- [15]
[30m2026-09-03T17:44:01,055[m [30mTRACE [m[[1;34mhttp-nio-8080-exec-9[m] [36mJdbcBindingLogging[m - binding parameter (4:INTEGER) <- [1]
[30m2026-09-03T17:44:01,055[m [30mTRACE [m[[1;34mhttp-nio-8080-exec-4[m] [36mJdbcBindingLogging[m - binding parameter (2:VARCHAR) <- [1]
[30m2026-09-03T17:44:01,055[m [30mTRACE [m[[1;34mhttp-nio-8080-exec-4[m] [36mJdbcBindingLogging[m - binding parameter (3:BIGINT) <- [57]
[30m2026-09-03T17:44:01,055[m [30mTRACE [m[[1;34mhttp-nio-8080-exec-4[m] [36mJdbcBindingLogging[m - binding parameter (4:BIGINT) <- [1163]
[30m2026-09-03T17:44:01,055[m [36mDEBUG [m[[1;34mhttp-nio-8080-exec-8[m] [36mSqlStatementLogger[m - select te1_0."TYPE_ID",te1_0."CATEGORY",te1_0."DESCRIPTION" from "NUANBODB"."TYPE" te1_0 where te1_0."TYPE_ID"=?
[30m2026-09-03T17:44:01,056[m [30mTRACE [m[[1;34mhttp-nio-8080-exec-8[m] [36mJdbcBindingLogging[m - binding parameter (1:BIGINT) <- [26]
[30m2026-09-03T17:44:01,056[m [36mDEBUG [m[[1;34mhttp-nio-8080-exec-1[m] [36mSqlStatementLogger[m - select de1_0."DEPOSITORY_ID",de1_0."DESCRIPTION" from "NUANBODB"."DEPOSITORY" de1_0 where de1_0."DEPOSITORY_ID"=?
[30m2026-09-03T17:44:01,056[m [30mTRACE [m[[1;34mhttp-nio-8080-exec-1[m] [36mJdbcBindingLogging[m - binding parameter (1:VARCHAR) <- [1]
[30m2026-09-03T17:44:01,056[m [36mDEBUG [m[[1;34mhttp-nio-8080-exec-8[m] [36mSqlStatementLogger[m - select cre1_0."CUSTODIAN_RELATION_ID",cre1_0."CUSTODIAN_ID",cre1_0."DEPOSITORY_ID",cre1_0."INVESTOR_ACCOUNT_ID",cre1_0."LAST_MODIFY_APPLIC",cre1_0."LAST_MODIFY_DATE",cre1_0."LAST_MODIFY_IP",cre1_0."LAST_MODIFY_USER",cre1_0."PARTICIPANT_ID",cre1_0."STATUS_ID" from "NUANBODB"."CUSTODIAN_RELATION" cre1_0 where cre1_0."PARTICIPANT_ID"=? and cre1_0."DEPOSITORY_ID"=? and cre1_0."INVESTOR_ACCOUNT_ID"=? and cre1_0."STATUS_ID"=?
[30m2026-09-03T17:44:01,057[m [30mTRACE [m[[1;34mhttp-nio-8080-exec-8[m] [36mJdbcBindingLogging[m - binding parameter (1:BIGINT) <- [15]
[30m2026-09-03T17:44:01,057[m [30mTRACE [m[[1;34mhttp-nio-8080-exec-8[m] [36mJdbcBindingLogging[m - binding parameter (2:VARCHAR) <- [1]
[30m2026-09-03T17:44:01,057[m [30mTRACE [m[[1;34mhttp-nio-8080-exec-8[m] [36mJdbcBindingLogging[m - binding parameter (3:BIGINT) <- [57]
[30m2026-09-03T17:44:01,057[m [30mTRACE [m[[1;34mhttp-nio-8080-exec-8[m] [36mJdbcBindingLogging[m - binding parameter (4:BIGINT) <- [1163]
[30m2026-09-03T17:44:01,057[m [36mDEBUG [m[[1;34mhttp-nio-8080-exec-4[m] [36mSqlStatementLogger[m - select mde1_0."MILA_DEPOSITORY_ID",mde1_0."CODE",mde1_0."DIRECT_DEPOSITORY_NUMBER",mde1_0."DOCUMENT_NUMBER",mde1_0."IDENTIFICATION_TYPE_ID",mde1_0."LAST_MODIFY_APPLIC",mde1_0."LAST_MODIFY_DATE",mde1_0."LAST_MODIFY_IP",mde1_0."LAST_MODIFY_USER" from "NUANBODB"."MILA_DEPOSITORY" mde1_0 where mde1_0."IDENTIFICATION_TYPE_ID"=? and mde1_0."DOCUMENT_NUMBER"=? fetch first ? rows only
[30m2026-09-03T17:44:01,057[m [30mTRACE [m[[1;34mhttp-nio-8080-exec-4[m] [36mJdbcBindingLogging[m - binding parameter (1:BIGINT) <- [5]
[30m2026-09-03T17:44:01,057[m [30mTRACE [m[[1;34mhttp-nio-8080-exec-4[m] [36mJdbcBindingLogging[m - binding parameter (2:VARCHAR) <- [8605303170]
[30m2026-09-03T17:44:01,057[m [30mTRACE [m[[1;34mhttp-nio-8080-exec-4[m] [36mJdbcBindingLogging[m - binding parameter (3:INTEGER) <- [1]
[30m2026-09-03T17:44:01,057[m [36mDEBUG [m[[1;34mhttp-nio-8080-exec-2[m] [36mSqlStatementLogger[m - select pae1_0."PARTICIPANT_ACCOUNT_ID",pae1_0."ACCOUNT_NUMBER",pae1_0."DEPOSITORY_ID",pae1_0."IND_MASTER",pae1_0."LAST_MODIFY_APPLIC",pae1_0."LAST_MODIFY_DATE",pae1_0."LAST_MODIFY_IP",pae1_0."LAST_MODIFY_USER",pae1_0."ORIGIN_TYPE_ID",pae1_0."PARTICIPANT_ID",pae1_0."STATUS_ID",pae1_0."TAX_EXEMP",pae1_0."TYPE_ID" from "NUANBODB"."PARTICIPANT_ACCOUNT" pae1_0 left join "NUANBODB"."DEPOSITORY" d1_0 on d1_0."DEPOSITORY_ID"=pae1_0."DEPOSITORY_ID" left join "NUANBODB"."TYPE" ot1_0 on ot1_0."TYPE_ID"=pae1_0."ORIGIN_TYPE_ID" where pae1_0."ACCOUNT_NUMBER"=? and d1_0."DEPOSITORY_ID"=? and ot1_0."TYPE_ID"<>? fetch first ? rows only
[30m2026-09-03T17:44:01,057[m [36mDEBUG [m[[1;34mhttp-nio-8080-exec-9[m] [36mSqlStatementLogger[m - select iae1_0."INVESTOR_ACCOUNT_ID",iae1_0."ACCOUNT_NAME",iae1_0."ACCOUNT_NUMBER",iae1_0."DEPOSITORY_ID",iae1_0."INVESTOR_ID",iae1_0."LAST_MODIFY_APPLIC",iae1_0."LAST_MODIFY_DATE",iae1_0."LAST_MODIFY_IP",iae1_0."LAST_MODIFY_USER",iae1_0."ORIGIN_TYPE_ID",iae1_0."PARTICIPANT_ID",iae1_0."STATUS_ID",iae1_0."TAX_EXEMP",iae1_0."TYPE_ID" from "NUANBODB"."INVESTOR_ACCOUNT" iae1_0 left join "NUANBODB"."INVESTOR" i1_0 on i1_0."INVESTOR_ID"=iae1_0."INVESTOR_ID" left join "NUANBODB"."DEPOSITORY" d1_0 on d1_0."DEPOSITORY_ID"=iae1_0."DEPOSITORY_ID" left join "NUANBODB"."TYPE" ot1_0 on ot1_0."TYPE_ID"=iae1_0."ORIGIN_TYPE_ID" where iae1_0."ACCOUNT_NUMBER"=? and i1_0."DOCUMENT_NUMBER"<>? and d1_0."DEPOSITORY_ID"=? and ot1_0."TYPE_ID"<>? fetch first ? rows only
[30m2026-09-03T17:44:01,057[m [30mTRACE [m[[1;34mhttp-nio-8080-exec-2[m] [36mJdbcBindingLogging[m - binding parameter (1:VARCHAR) <- [4021801]
[30m2026-09-03T17:44:01,057[m [30mTRACE [m[[1;34mhttp-nio-8080-exec-2[m] [36mJdbcBindingLogging[m - binding parameter (2:VARCHAR) <- [1]
[30m2026-09-03T17:44:01,057[m [36mDEBUG [m[[1;34mhttp-nio-8080-exec-1[m] [36mSqlStatementLogger[m - select ie1_0."INVESTOR_ID",ie1_0."CLEARINGHOUSE_CODE",ie1_0."CODE",ie1_0."COMPANY_NAME",ie1_0."COUNTRY_ID",c1_0."COUNTRY_ID",c1_0."CODE",c1_0."CURRENCY_ID",c2_0."CURRENCY_ID",c2_0."CODE",c2_0."NAME",c1_0."NAME",c1_0."TIME_ZONE",ie1_0."DOCUMENT_NUMBER",ie1_0."FIRST_NAME",g1_0."GICS_ID",g1_0."DESCRIPTION",ie1_0."IDENTIFICATION_TYPE_ID",it1_0."IDENTIFICATION_TYPE_ID",it1_0."CODE",it1_0."DESCRIPTION",ie1_0."LAST_MODIFY_APPLIC",ie1_0."LAST_MODIFY_DATE",ie1_0."LAST_MODIFY_IP",ie1_0."LAST_MODIFY_USER",ie1_0."LAST_NAME",ie1_0."MONEY_LAUNDERING_FLAG",ie1_0."NATIONALITY",ie1_0."STATUS_ID",s1_0."STATUS_ID",s1_0."CATEGORY",s1_0."DESCRIPTION",ie1_0."TAX_EXEMP",ts1_0."TAX_STATUS_ID",ts1_0."DESCRIPTION",ts1_0."LAST_MODIFY_APPLIC",ts1_0."LAST_MODIFY_DATE",ts1_0."LAST_MODIFY_IP",ts1_0."LAST_MODIFY_USER",ie1_0."TYPE_ID",t1_0."TYPE_ID",t1_0."CATEGORY",t1_0."DESCRIPTION" from "NUANBODB"."INVESTOR" ie1_0 join "NUANBODB"."COUNTRY" c1_0 on c1_0."COUNTRY_ID"=ie1_0."COUNTRY_ID" join "NUANBODB"."CURRENCY" c2_0 on c2_0."CURRENCY_ID"=c1_0."CURRENCY_ID" left join "NUANBODB"."GICS" g1_0 on g1_0."GICS_ID"=ie1_0."GICS_ID" join "NUANBODB"."IDENTIFICATION_TYPE" it1_0 on it1_0."IDENTIFICATION_TYPE_ID"=ie1_0."IDENTIFICATION_TYPE_ID" join "NUANBODB"."STATUS" s1_0 on s1_0."STATUS_ID"=ie1_0."STATUS_ID" left join "NUANBODB"."TAX_STATUS" ts1_0 on ts1_0."TAX_STATUS_ID"=ie1_0."TAX_STATUS_ID" join "NUANBODB"."TYPE" t1_0 on t1_0."TYPE_ID"=ie1_0."TYPE_ID" where ie1_0."INVESTOR_ID"=?
[30m2026-09-03T17:44:01,057[m [30mTRACE [m[[1;34mhttp-nio-8080-exec-2[m] [36mJdbcBindingLogging[m - binding parameter (3:BIGINT) <- [121]
[30m2026-09-03T17:44:01,057[m [30mTRACE [m[[1;34mhttp-nio-8080-exec-9[m] [36mJdbcBindingLogging[m - binding parameter (1:VARCHAR) <- [4021801]
[30m2026-09-03T17:44:01,057[m [30mTRACE [m[[1;34mhttp-nio-8080-exec-2[m] [36mJdbcBindingLogging[m - binding parameter (4:INTEGER) <- [1]
[30m2026-09-03T17:44:01,057[m [30mTRACE [m[[1;34mhttp-nio-8080-exec-9[m] [36mJdbcBindingLogging[m - binding parameter (2:VARCHAR) <- [800128735-8]
[30m2026-09-03T17:44:01,057[m [30mTRACE [m[[1;34mhttp-nio-8080-exec-9[m] [36mJdbcBindingLogging[m - binding parameter (3:VARCHAR) <- [1]
[30m2026-09-03T17:44:01,057[m [30mTRACE [m[[1;34mhttp-nio-8080-exec-1[m] [36mJdbcBindingLogging[m - binding parameter (1:BIGINT) <- [167]
[30m2026-09-03T17:44:01,057[m [30mTRACE [m[[1;34mhttp-nio-8080-exec-9[m] [36mJdbcBindingLogging[m - binding parameter (4:BIGINT) <- [121]
[30m2026-09-03T17:44:01,057[m [30mTRACE [m[[1;34mhttp-nio-8080-exec-9[m] [36mJdbcBindingLogging[m - binding parameter (5:INTEGER) <- [1]
[30m2026-09-03T17:44:01,057[m [36mDEBUG [m[[1;34mhttp-nio-8080-exec-8[m] [36mSqlStatementLogger[m - select mde1_0."MILA_DEPOSITORY_ID",mde1_0."CODE",mde1_0."DIRECT_DEPOSITORY_NUMBER",mde1_0."DOCUMENT_NUMBER",mde1_0."IDENTIFICATION_TYPE_ID",mde1_0."LAST_MODIFY_APPLIC",mde1_0."LAST_MODIFY_DATE",mde1_0."LAST_MODIFY_IP",mde1_0."LAST_MODIFY_USER" from "NUANBODB"."MILA_DEPOSITORY" mde1_0 where mde1_0."IDENTIFICATION_TYPE_ID"=? and mde1_0."DOCUMENT_NUMBER"=? fetch first ? rows only
[30m2026-09-03T17:44:01,058[m [30mTRACE [m[[1;34mhttp-nio-8080-exec-8[m] [36mJdbcBindingLogging[m - binding parameter (1:BIGINT) <- [5]
[30m2026-09-03T17:44:01,058[m [30mTRACE [m[[1;34mhttp-nio-8080-exec-8[m] [36mJdbcBindingLogging[m - binding parameter (2:VARCHAR) <- [8605303170]
[30m2026-09-03T17:44:01,058[m [30mTRACE [m[[1;34mhttp-nio-8080-exec-8[m] [36mJdbcBindingLogging[m - binding parameter (3:INTEGER) <- [1]
[30m2026-09-03T17:44:01,058[m [36mDEBUG [m[[1;34mhttp-nio-8080-exec-4[m] [36mSqlStatementLogger[m - select iae1_0."INVESTOR_ACCOUNT_ID",iae1_0."ACCOUNT_NAME",iae1_0."ACCOUNT_NUMBER",iae1_0."DEPOSITORY_ID",iae1_0."INVESTOR_ID",iae1_0."LAST_MODIFY_APPLIC",iae1_0."LAST_MODIFY_DATE",iae1_0."LAST_MODIFY_IP",iae1_0."LAST_MODIFY_USER",iae1_0."ORIGIN_TYPE_ID",iae1_0."PARTICIPANT_ID",iae1_0."STATUS_ID",iae1_0."TAX_EXEMP",iae1_0."TYPE_ID" from "NUANBODB"."INVESTOR_ACCOUNT" iae1_0 where iae1_0."INVESTOR_ACCOUNT_ID" in (?)
[30m2026-09-03T17:44:01,059[m [30mTRACE [m[[1;34mhttp-nio-8080-exec-4[m] [36mJdbcBindingLogging[m - binding parameter (1:BIGINT) <- [57]
[30m2026-09-03T17:44:01,059[m [36mDEBUG [m[[1;34mhttp-nio-8080-exec-8[m] [36mSqlStatementLogger[m - select iae1_0."INVESTOR_ACCOUNT_ID",iae1_0."ACCOUNT_NAME",iae1_0."ACCOUNT_NUMBER",iae1_0."DEPOSITORY_ID",iae1_0."INVESTOR_ID",iae1_0."LAST_MODIFY_APPLIC",iae1_0."LAST_MODIFY_DATE",iae1_0."LAST_MODIFY_IP",iae1_0."LAST_MODIFY_USER",iae1_0."ORIGIN_TYPE_ID",iae1_0."PARTICIPANT_ID",iae1_0."STATUS_ID",iae1_0."TAX_EXEMP",iae1_0."TYPE_ID" from "NUANBODB"."INVESTOR_ACCOUNT" iae1_0 where iae1_0."INVESTOR_ACCOUNT_ID" in (?)
[30m2026-09-03T17:44:01,059[m [30mTRACE [m[[1;34mhttp-nio-8080-exec-8[m] [36mJdbcBindingLogging[m - binding parameter (1:BIGINT) <- [57]
[30m2026-09-03T17:44:01,059[m [36mDEBUG [m[[1;34mhttp-nio-8080-exec-2[m] [36mSqlStatementLogger[m - select iae1_0."INVESTOR_ACCOUNT_ID",iae1_0."ACCOUNT_NAME",iae1_0."ACCOUNT_NUMBER",iae1_0."DEPOSITORY_ID",iae1_0."INVESTOR_ID",iae1_0."LAST_MODIFY_APPLIC",iae1_0."LAST_MODIFY_DATE",iae1_0."LAST_MODIFY_IP",iae1_0."LAST_MODIFY_USER",iae1_0."ORIGIN_TYPE_ID",iae1_0."PARTICIPANT_ID",iae1_0."STATUS_ID",iae1_0."TAX_EXEMP",iae1_0."TYPE_ID" from "NUANBODB"."INVESTOR_ACCOUNT" iae1_0 left join "NUANBODB"."INVESTOR" i1_0 on i1_0."INVESTOR_ID"=iae1_0."INVESTOR_ID" left join "NUANBODB"."DEPOSITORY" d1_0 on d1_0."DEPOSITORY_ID"=iae1_0."DEPOSITORY_ID" left join "NUANBODB"."TYPE" ot1_0 on ot1_0."TYPE_ID"=iae1_0."ORIGIN_TYPE_ID" where iae1_0."ACCOUNT_NUMBER"=? and i1_0."DOCUMENT_NUMBER"<>? and d1_0."DEPOSITORY_ID"=? and ot1_0."TYPE_ID"<>? fetch first ? rows only
[30m2026-09-03T17:44:01,059[m [30mTRACE [m[[1;34mhttp-nio-8080-exec-2[m] [36mJdbcBindingLogging[m - binding parameter (1:VARCHAR) <- [4021801]
[30m2026-09-03T17:44:01,059[m [30mTRACE [m[[1;34mhttp-nio-8080-exec-2[m] [36mJdbcBindingLogging[m - binding parameter (2:VARCHAR) <- [800128735-8]
[30m2026-09-03T17:44:01,059[m [30mTRACE [m[[1;34mhttp-nio-8080-exec-2[m] [36mJdbcBindingLogging[m - binding parameter (3:VARCHAR) <- [1]
[30m2026-09-03T17:44:01,059[m [30mTRACE [m[[1;34mhttp-nio-8080-exec-2[m] [36mJdbcBindingLogging[m - binding parameter (4:BIGINT) <- [121]
[30m2026-09-03T17:44:01,060[m [30mTRACE [m[[1;34mhttp-nio-8080-exec-2[m] [36mJdbcBindingLogging[m - binding parameter (5:INTEGER) <- [1]
[30m2026-09-03T17:44:01,060[m [36mDEBUG [m[[1;34mhttp-nio-8080-exec-8[m] [36mSqlStatementLogger[m - select de1_0."DEPOSITORY_ID",de1_0."DESCRIPTION" from "NUANBODB"."DEPOSITORY" de1_0 where de1_0."DEPOSITORY_ID"=?
[30m2026-09-03T17:44:01,060[m [30mTRACE [m[[1;34mhttp-nio-8080-exec-8[m] [36mJdbcBindingLogging[m - binding parameter (1:VARCHAR) <- [1]
[30m2026-09-03T17:44:01,060[m [36mDEBUG [m[[1;34mhttp-nio-8080-exec-9[m] [36mSqlStatementLogger[m - select de1_0."DEPOSITORY_ID",de1_0."DESCRIPTION" from "NUANBODB"."DEPOSITORY" de1_0 where de1_0."DEPOSITORY_ID"=?
[30m2026-09-03T17:44:01,060[m [30mTRACE [m[[1;34mhttp-nio-8080-exec-9[m] [36mJdbcBindingLogging[m - binding parameter (1:VARCHAR) <- [1]
[30m2026-09-03T17:44:01,060[m [36mDEBUG [m[[1;34mhttp-nio-8080-exec-1[m] [36mSqlStatementLogger[m - select te1_0."TYPE_ID",te1_0."CATEGORY",te1_0."DESCRIPTION" from "NUANBODB"."TYPE" te1_0 where te1_0."TYPE_ID"=?
[30m2026-09-03T17:44:01,060[m [30mTRACE [m[[1;34mhttp-nio-8080-exec-1[m] [36mJdbcBindingLogging[m - binding parameter (1:BIGINT) <- [120]
[30m2026-09-03T17:44:01,061[m [36mDEBUG [m[[1;34mhttp-nio-8080-exec-8[m] [36mSqlStatementLogger[m - select ie1_0."INVESTOR_ID",ie1_0."CLEARINGHOUSE_CODE",ie1_0."CODE",ie1_0."COMPANY_NAME",ie1_0."COUNTRY_ID",c1_0."COUNTRY_ID",c1_0."CODE",c1_0."CURRENCY_ID",c2_0."CURRENCY_ID",c2_0."CODE",c2_0."NAME",c1_0."NAME",c1_0."TIME_ZONE",ie1_0."DOCUMENT_NUMBER",ie1_0."FIRST_NAME",g1_0."GICS_ID",g1_0."DESCRIPTION",ie1_0."IDENTIFICATION_TYPE_ID",it1_0."IDENTIFICATION_TYPE_ID",it1_0."CODE",it1_0."DESCRIPTION",ie1_0."LAST_MODIFY_APPLIC",ie1_0."LAST_MODIFY_DATE",ie1_0."LAST_MODIFY_IP",ie1_0."LAST_MODIFY_USER",ie1_0."LAST_NAME",ie1_0."MONEY_LAUNDERING_FLAG",ie1_0."NATIONALITY",ie1_0."STATUS_ID",s1_0."STATUS_ID",s1_0."CATEGORY",s1_0."DESCRIPTION",ie1_0."TAX_EXEMP",ts1_0."TAX_STATUS_ID",ts1_0."DESCRIPTION",ts1_0."LAST_MODIFY_APPLIC",ts1_0."LAST_MODIFY_DATE",ts1_0."LAST_MODIFY_IP",ts1_0."LAST_MODIFY_USER",ie1_0."TYPE_ID",t1_0."TYPE_ID",t1_0."CATEGORY",t1_0."DESCRIPTION" from "NUANBODB"."INVESTOR" ie1_0 join "NUANBODB"."COUNTRY" c1_0 on c1_0."COUNTRY_ID"=ie1_0."COUNTRY_ID" join "NUANBODB"."CURRENCY" c2_0 on c2_0."CURRENCY_ID"=c1_0."CURRENCY_ID" left join "NUANBODB"."GICS" g1_0 on g1_0."GICS_ID"=ie1_0."GICS_ID" join "NUANBODB"."IDENTIFICATION_TYPE" it1_0 on it1_0."IDENTIFICATION_TYPE_ID"=ie1_0."IDENTIFICATION_TYPE_ID" join "NUANBODB"."STATUS" s1_0 on s1_0."STATUS_ID"=ie1_0."STATUS_ID" left join "NUANBODB"."TAX_STATUS" ts1_0 on ts1_0."TAX_STATUS_ID"=ie1_0."TAX_STATUS_ID" join "NUANBODB"."TYPE" t1_0 on t1_0."TYPE_ID"=ie1_0."TYPE_ID" where ie1_0."INVESTOR_ID"=?
[30m2026-09-03T17:44:01,061[m [30mTRACE [m[[1;34mhttp-nio-8080-exec-8[m] [36mJdbcBindingLogging[m - binding parameter (1:BIGINT) <- [167]
[30m2026-09-03T17:44:01,061[m [36mDEBUG [m[[1;34mhttp-nio-8080-exec-2[m] [36mSqlStatementLogger[m - select de1_0."DEPOSITORY_ID",de1_0."DESCRIPTION" from "NUANBODB"."DEPOSITORY" de1_0 where de1_0."DEPOSITORY_ID"=?
[30m2026-09-03T17:44:01,061[m [36mDEBUG [m[[1;34mhttp-nio-8080-exec-9[m] [36mSqlStatementLogger[m - select ie1_0."INVESTOR_ID",ie1_0."CLEARINGHOUSE_CODE",ie1_0."CODE",ie1_0."COMPANY_NAME",ie1_0."COUNTRY_ID",c1_0."COUNTRY_ID",c1_0."CODE",c1_0."CURRENCY_ID",c2_0."CURRENCY_ID",c2_0."CODE",c2_0."NAME",c1_0."NAME",c1_0."TIME_ZONE",ie1_0."DOCUMENT_NUMBER",ie1_0."FIRST_NAME",g1_0."GICS_ID",g1_0."DESCRIPTION",ie1_0."IDENTIFICATION_TYPE_ID",it1_0."IDENTIFICATION_TYPE_ID",it1_0."CODE",it1_0."DESCRIPTION",ie1_0."LAST_MODIFY_APPLIC",ie1_0."LAST_MODIFY_DATE",ie1_0."LAST_MODIFY_IP",ie1_0."LAST_MODIFY_USER",ie1_0."LAST_NAME",ie1_0."MONEY_LAUNDERING_FLAG",ie1_0."NATIONALITY",ie1_0."STATUS_ID",s1_0."STATUS_ID",s1_0."CATEGORY",s1_0."DESCRIPTION",ie1_0."TAX_EXEMP",ts1_0."TAX_STATUS_ID",ts1_0."DESCRIPTION",ts1_0."LAST_MODIFY_APPLIC",ts1_0."LAST_MODIFY_DATE",ts1_0."LAST_MODIFY_IP",ts1_0."LAST_MODIFY_USER",ie1_0."TYPE_ID",t1_0."TYPE_ID",t1_0."CATEGORY",t1_0."DESCRIPTION" from "NUANBODB"."INVESTOR" ie1_0 join "NUANBODB"."COUNTRY" c1_0 on c1_0."COUNTRY_ID"=ie1_0."COUNTRY_ID" join "NUANBODB"."CURRENCY" c2_0 on c2_0."CURRENCY_ID"=c1_0."CURRENCY_ID" left join "NUANBODB"."GICS" g1_0 on g1_0."GICS_ID"=ie1_0."GICS_ID" join "NUANBODB"."IDENTIFICATION_TYPE" it1_0 on it1_0."IDENTIFICATION_TYPE_ID"=ie1_0."IDENTIFICATION_TYPE_ID" join "NUANBODB"."STATUS" s1_0 on s1_0."STATUS_ID"=ie1_0."STATUS_ID" left join "NUANBODB"."TAX_STATUS" ts1_0 on ts1_0."TAX_STATUS_ID"=ie1_0."TAX_STATUS_ID" join "NUANBODB"."TYPE" t1_0 on t1_0."TYPE_ID"=ie1_0."TYPE_ID" where ie1_0."INVESTOR_ID"=?
[30m2026-09-03T17:44:01,061[m [30mTRACE [m[[1;34mhttp-nio-8080-exec-2[m] [36mJdbcBindingLogging[m - binding parameter (1:VARCHAR) <- [1]
[30m2026-09-03T17:44:01,061[m [30mTRACE [m[[1;34mhttp-nio-8080-exec-9[m] [36mJdbcBindingLogging[m - binding parameter (1:BIGINT) <- [167]
[30m2026-09-03T17:44:01,061[m [36mDEBUG [m[[1;34mhttp-nio-8080-exec-1[m] [36mSqlStatementLogger[m - select se1_0."STATUS_ID",se1_0."CATEGORY",se1_0."DESCRIPTION" from "NUANBODB"."STATUS" se1_0 where se1_0."STATUS_ID"=?
[30m2026-09-03T17:44:01,061[m [36mDEBUG [m[[1;34mhttp-nio-8080-exec-4[m] [36mSqlStatementLogger[m - select de1_0."DEPOSITORY_ID",de1_0."DESCRIPTION" from "NUANBODB"."DEPOSITORY" de1_0 where de1_0."DEPOSITORY_ID"=?
[30m2026-09-03T17:44:01,061[m [30mTRACE [m[[1;34mhttp-nio-8080-exec-4[m] [36mJdbcBindingLogging[m - binding parameter (1:VARCHAR) <- [1]
[30m2026-09-03T17:44:01,061[m [30mTRACE [m[[1;34mhttp-nio-8080-exec-1[m] [36mJdbcBindingLogging[m - binding parameter (1:BIGINT) <- [570]
[30m2026-09-03T17:44:01,062[m [36mDEBUG [m[[1;34mhttp-nio-8080-exec-8[m] [36mSqlStatementLogger[m - select te1_0."TYPE_ID",te1_0."CATEGORY",te1_0."DESCRIPTION" from "NUANBODB"."TYPE" te1_0 where te1_0."TYPE_ID"=?
[30m2026-09-03T17:44:01,062[m [30mTRACE [m[[1;34mhttp-nio-8080-exec-8[m] [36mJdbcBindingLogging[m - binding parameter (1:BIGINT) <- [120]
[30m2026-09-03T17:44:01,062[m [36mDEBUG [m[[1;34mhttp-nio-8080-exec-2[m] [36mSqlStatementLogger[m - select ie1_0."INVESTOR_ID",ie1_0."CLEARINGHOUSE_CODE",ie1_0."CODE",ie1_0."COMPANY_NAME",ie1_0."COUNTRY_ID",c1_0."COUNTRY_ID",c1_0."CODE",c1_0."CURRENCY_ID",c2_0."CURRENCY_ID",c2_0."CODE",c2_0."NAME",c1_0."NAME",c1_0."TIME_ZONE",ie1_0."DOCUMENT_NUMBER",ie1_0."FIRST_NAME",g1_0."GICS_ID",g1_0."DESCRIPTION",ie1_0."IDENTIFICATION_TYPE_ID",it1_0."IDENTIFICATION_TYPE_ID",it1_0."CODE",it1_0."DESCRIPTION",ie1_0."LAST_MODIFY_APPLIC",ie1_0."LAST_MODIFY_DATE",ie1_0."LAST_MODIFY_IP",ie1_0."LAST_MODIFY_USER",ie1_0."LAST_NAME",ie1_0."MONEY_LAUNDERING_FLAG",ie1_0."NATIONALITY",ie1_0."STATUS_ID",s1_0."STATUS_ID",s1_0."CATEGORY",s1_0."DESCRIPTION",ie1_0."TAX_EXEMP",ts1_0."TAX_STATUS_ID",ts1_0."DESCRIPTION",ts1_0."LAST_MODIFY_APPLIC",ts1_0."LAST_MODIFY_DATE",ts1_0."LAST_MODIFY_IP",ts1_0."LAST_MODIFY_USER",ie1_0."TYPE_ID",t1_0."TYPE_ID",t1_0."CATEGORY",t1_0."DESCRIPTION" from "NUANBODB"."INVESTOR" ie1_0 join "NUANBODB"."COUNTRY" c1_0 on c1_0."COUNTRY_ID"=ie1_0."COUNTRY_ID" join "NUANBODB"."CURRENCY" c2_0 on c2_0."CURRENCY_ID"=c1_0."CURRENCY_ID" left join "NUANBODB"."GICS" g1_0 on g1_0."GICS_ID"=ie1_0."GICS_ID" join "NUANBODB"."IDENTIFICATION_TYPE" it1_0 on it1_0."IDENTIFICATION_TYPE_ID"=ie1_0."IDENTIFICATION_TYPE_ID" join "NUANBODB"."STATUS" s1_0 on s1_0."STATUS_ID"=ie1_0."STATUS_ID" left join "NUANBODB"."TAX_STATUS" ts1_0 on ts1_0."TAX_STATUS_ID"=ie1_0."TAX_STATUS_ID" join "NUANBODB"."TYPE" t1_0 on t1_0."TYPE_ID"=ie1_0."TYPE_ID" where ie1_0."INVESTOR_ID"=?
[30m2026-09-03T17:44:01,062[m [30mTRACE [m[[1;34mhttp-nio-8080-exec-2[m] [36mJdbcBindingLogging[m - binding parameter (1:BIGINT) <- [167]
[30m2026-09-03T17:44:01,062[m [36mDEBUG [m[[1;34mhttp-nio-8080-exec-1[m] [36mSqlStatementLogger[m - select te1_0."TYPE_ID",te1_0."CATEGORY",te1_0."DESCRIPTION" from "NUANBODB"."TYPE" te1_0 where te1_0."TYPE_ID"=?
[30m2026-09-03T17:44:01,062[m [30mTRACE [m[[1;34mhttp-nio-8080-exec-1[m] [36mJdbcBindingLogging[m - binding parameter (1:BIGINT) <- [26]
[30m2026-09-03T17:44:01,062[m [36mDEBUG [m[[1;34mhttp-nio-8080-exec-9[m] [36mSqlStatementLogger[m - select te1_0."TYPE_ID",te1_0."CATEGORY",te1_0."DESCRIPTION" from "NUANBODB"."TYPE" te1_0 where te1_0."TYPE_ID"=?
[30m2026-09-03T17:44:01,062[m [30mTRACE [m[[1;34mhttp-nio-8080-exec-9[m] [36mJdbcBindingLogging[m - binding parameter (1:BIGINT) <- [120]
[30m2026-09-03T17:44:01,063[m [36mDEBUG [m[[1;34mhttp-nio-8080-exec-9[m] [36mSqlStatementLogger[m - select se1_0."STATUS_ID",se1_0."CATEGORY",se1_0."DESCRIPTION" from "NUANBODB"."STATUS" se1_0 where se1_0."STATUS_ID"=?
[30m2026-09-03T17:44:01,063[m [30mTRACE [m[[1;34mhttp-nio-8080-exec-9[m] [36mJdbcBindingLogging[m - binding parameter (1:BIGINT) <- [570]
[30m2026-09-03T17:44:01,064[m [36mDEBUG [m[[1;34mhttp-nio-8080-exec-4[m] [36mSqlStatementLogger[m - select ie1_0."INVESTOR_ID",ie1_0."CLEARINGHOUSE_CODE",ie1_0."CODE",ie1_0."COMPANY_NAME",ie1_0."COUNTRY_ID",c1_0."COUNTRY_ID",c1_0."CODE",c1_0."CURRENCY_ID",c2_0."CURRENCY_ID",c2_0."CODE",c2_0."NAME",c1_0."NAME",c1_0."TIME_ZONE",ie1_0."DOCUMENT_NUMBER",ie1_0."FIRST_NAME",g1_0."GICS_ID",g1_0."DESCRIPTION",ie1_0."IDENTIFICATION_TYPE_ID",it1_0."IDENTIFICATION_TYPE_ID",it1_0."CODE",it1_0."DESCRIPTION",ie1_0."LAST_MODIFY_APPLIC",ie1_0."LAST_MODIFY_DATE",ie1_0."LAST_MODIFY_IP",ie1_0."LAST_MODIFY_USER",ie1_0."LAST_NAME",ie1_0."MONEY_LAUNDERING_FLAG",ie1_0."NATIONALITY",ie1_0."STATUS_ID",s1_0."STATUS_ID",s1_0."CATEGORY",s1_0."DESCRIPTION",ie1_0."TAX_EXEMP",ts1_0."TAX_STATUS_ID",ts1_0."DESCRIPTION",ts1_0."LAST_MODIFY_APPLIC",ts1_0."LAST_MODIFY_DATE",ts1_0."LAST_MODIFY_IP",ts1_0."LAST_MODIFY_USER",ie1_0."TYPE_ID",t1_0."TYPE_ID",t1_0."CATEGORY",t1_0."DESCRIPTION" from "NUANBODB"."INVESTOR" ie1_0 join "NUANBODB"."COUNTRY" c1_0 on c1_0."COUNTRY_ID"=ie1_0."COUNTRY_ID" join "NUANBODB"."CURRENCY" c2_0 on c2_0."CURRENCY_ID"=c1_0."CURRENCY_ID" left join "NUANBODB"."GICS" g1_0 on g1_0."GICS_ID"=ie1_0."GICS_ID" join "NUANBODB"."IDENTIFICATION_TYPE" it1_0 on it1_0."IDENTIFICATION_TYPE_ID"=ie1_0."IDENTIFICATION_TYPE_ID" join "NUANBODB"."STATUS" s1_0 on s1_0."STATUS_ID"=ie1_0."STATUS_ID" left join "NUANBODB"."TAX_STATUS" ts1_0 on ts1_0."TAX_STATUS_ID"=ie1_0."TAX_STATUS_ID" join "NUANBODB"."TYPE" t1_0 on t1_0."TYPE_ID"=ie1_0."TYPE_ID" where ie1_0."INVESTOR_ID"=?
[30m2026-09-03T17:44:01,064[m [30mTRACE [m[[1;34mhttp-nio-8080-exec-4[m] [36mJdbcBindingLogging[m - binding parameter (1:BIGINT) <- [167]
[30m2026-09-03T17:44:01,064[m [36mDEBUG [m[[1;34mhttp-nio-8080-exec-2[m] [36mSqlStatementLogger[m - select te1_0."TYPE_ID",te1_0."CATEGORY",te1_0."DESCRIPTION" from "NUANBODB"."TYPE" te1_0 where te1_0."TYPE_ID"=?
[30m2026-09-03T17:44:01,064[m [30mTRACE [m[[1;34mhttp-nio-8080-exec-2[m] [36mJdbcBindingLogging[m - binding parameter (1:BIGINT) <- [120]
[30m2026-09-03T17:44:01,065[m [36mDEBUG [m[[1;34mhttp-nio-8080-exec-9[m] [36mSqlStatementLogger[m - select te1_0."TYPE_ID",te1_0."CATEGORY",te1_0."DESCRIPTION" from "NUANBODB"."TYPE" te1_0 where te1_0."TYPE_ID"=?
[30m2026-09-03T17:44:01,065[m [30mTRACE [m[[1;34mhttp-nio-8080-exec-9[m] [36mJdbcBindingLogging[m - binding parameter (1:BIGINT) <- [26]
[30m2026-09-03T17:44:01,065[m [36mDEBUG [m[[1;34mhttp-nio-8080-exec-4[m] [36mSqlStatementLogger[m - select te1_0."TYPE_ID",te1_0."CATEGORY",te1_0."DESCRIPTION" from "NUANBODB"."TYPE" te1_0 where te1_0."TYPE_ID"=?
[30m2026-09-03T17:44:01,065[m [36mDEBUG [m[[1;34mhttp-nio-8080-exec-2[m] [36mSqlStatementLogger[m - select se1_0."STATUS_ID",se1_0."CATEGORY",se1_0."DESCRIPTION" from "NUANBODB"."STATUS" se1_0 where se1_0."STATUS_ID"=?
[30m2026-09-03T17:44:01,066[m [30mTRACE [m[[1;34mhttp-nio-8080-exec-4[m] [36mJdbcBindingLogging[m - binding parameter (1:BIGINT) <- [120]
[30m2026-09-03T17:44:01,066[m [30mTRACE [m[[1;34mhttp-nio-8080-exec-2[m] [36mJdbcBindingLogging[m - binding parameter (1:BIGINT) <- [570]
[30m2026-09-03T17:44:01,066[m [36mDEBUG [m[[1;34mhttp-nio-8080-exec-9[m] [36mSqlStatementLogger[m - select cre1_0."CUSTODIAN_RELATION_ID",cre1_0."CUSTODIAN_ID",cre1_0."DEPOSITORY_ID",cre1_0."INVESTOR_ACCOUNT_ID",cre1_0."LAST_MODIFY_APPLIC",cre1_0."LAST_MODIFY_DATE",cre1_0."LAST_MODIFY_IP",cre1_0."LAST_MODIFY_USER",cre1_0."PARTICIPANT_ID",cre1_0."STATUS_ID" from "NUANBODB"."CUSTODIAN_RELATION" cre1_0 where cre1_0."PARTICIPANT_ID"=? and cre1_0."DEPOSITORY_ID"=? and cre1_0."INVESTOR_ACCOUNT_ID"=? and cre1_0."STATUS_ID"=?
[30m2026-09-03T17:44:01,066[m [30mTRACE [m[[1;34mhttp-nio-8080-exec-9[m] [36mJdbcBindingLogging[m - binding parameter (1:BIGINT) <- [15]
[30m2026-09-03T17:44:01,066[m [30mTRACE [m[[1;34mhttp-nio-8080-exec-9[m] [36mJdbcBindingLogging[m - binding parameter (2:VARCHAR) <- [1]
[30m2026-09-03T17:44:01,066[m [36mDEBUG [m[[1;34mhttp-nio-8080-exec-8[m] [36mSqlStatementLogger[m - select se1_0."STATUS_ID",se1_0."CATEGORY",se1_0."DESCRIPTION" from "NUANBODB"."STATUS" se1_0 where se1_0."STATUS_ID"=?
[30m2026-09-03T17:44:01,066[m [30mTRACE [m[[1;34mhttp-nio-8080-exec-9[m] [36mJdbcBindingLogging[m - binding parameter (3:BIGINT) <- [57]
[30m2026-09-03T17:44:01,066[m [30mTRACE [m[[1;34mhttp-nio-8080-exec-8[m] [36mJdbcBindingLogging[m - binding parameter (1:BIGINT) <- [570]
[30m2026-09-03T17:44:01,066[m [30mTRACE [m[[1;34mhttp-nio-8080-exec-9[m] [36mJdbcBindingLogging[m - binding parameter (4:BIGINT) <- [1163]
[30m2026-09-03T17:44:01,066[m [36mDEBUG [m[[1;34mhttp-nio-8080-exec-2[m] [36mSqlStatementLogger[m - select te1_0."TYPE_ID",te1_0."CATEGORY",te1_0."DESCRIPTION" from "NUANBODB"."TYPE" te1_0 where te1_0."TYPE_ID"=?
[30m2026-09-03T17:44:01,066[m [30mTRACE [m[[1;34mhttp-nio-8080-exec-2[m] [36mJdbcBindingLogging[m - binding parameter (1:BIGINT) <- [26]
[30m2026-09-03T17:44:01,066[m [36mDEBUG [m[[1;34mhttp-nio-8080-exec-1[m] [36mSqlStatementLogger[m - select se1_0."FRACTION",se1_0."SIDE_ID",se1_0."TRADE_ID",se1_0."BANK_ACCOUNT_ID",se1_0."BROKERAGE_SERVICE",se1_0."CAPITAL_GAIN_VALUE",se1_0."CASH_ACCOUNT",se1_0."COMMISSION_AMOUNT",se1_0."COMMISSION_PERCENTAGE",c1_0."PARTICIPANT_ID",c1_0."CODE",c1_0."COUNTRY_ID",c1_0."CUSTODIAN",c1_0."DIRECT_ALLOCATION",c1_0."DOCUMENT_NUMBER",c1_0."ENABLED",c1_0."IDENTIFICATION_TYPE_ID",c1_0."MARGIN_ACCOUNT",c1_0."MARKET_MAKER",c1_0."MASTER_ACCOUNT",c1_0."MNEMONIC",c1_0."NAME",c1_0."NIT_CLEARING_HOUSE",c1_0."REGISTRATION_DATE",c1_0."SHORT_NAME",c1_0."STATUS_ID",c1_0."TAX_CODE",c1_0."TAX_STATUS_ID",c1_0."TYPE_ID",c1_0."TYPE_ENTITY",cs1_0."STATUS_ID",cs1_0."CATEGORY",cs1_0."DESCRIPTION",se1_0."DELIVERY_VERSUS_PAYMENT_VALUE",se1_0."DIRECT_DEPOSITOR",se1_0."DISBURSEMENT_VALUE",fa1_0."PARTICIPANT_ID",fa1_0."CODE",fa1_0."COUNTRY_ID",fa1_0."CUSTODIAN",fa1_0."DIRECT_ALLOCATION",fa1_0."DOCUMENT_NUMBER",fa1_0."ENABLED",fa1_0."IDENTIFICATION_TYPE_ID",fa1_0."MARGIN_ACCOUNT",fa1_0."MARKET_MAKER",fa1_0."MASTER_ACCOUNT",fa1_0."MNEMONIC",fa1_0."NAME",fa1_0."NIT_CLEARING_HOUSE",fa1_0."REGISTRATION_DATE",fa1_0."SHORT_NAME",fa1_0."STATUS_ID",fa1_0."TAX_CODE",fa1_0."TAX_STATUS_ID",fa1_0."TYPE_ID",fa1_0."TYPE_ENTITY",se1_0."FIDUCIARY_SPECIALIST",se1_0."FRACTION_QUANTITY",se1_0."FRACTION_VOLUME",se1_0."FUNDING_AMOUNT",se1_0."IND_MASTER",se1_0."INVESTOR_ID",ia1_0."INVESTOR_ACCOUNT_ID",ia1_0."ACCOUNT_NAME",ia1_0."ACCOUNT_NUMBER",ia1_0."DEPOSITORY_ID",ia1_0."INVESTOR_ID",ia1_0."LAST_MODIFY_APPLIC",ia1_0."LAST_MODIFY_DATE",ia1_0."LAST_MODIFY_IP",ia1_0."LAST_MODIFY_USER",ia1_0."ORIGIN_TYPE_ID",ia1_0."PARTICIPANT_ID",ia1_0."STATUS_ID",ia1_0."TAX_EXEMP",ia1_0."TYPE_ID",se1_0."ISSUED_RECEIPT",se1_0."ISSUED_RECEIPT_NUMBER",se1_0."LAST_MODIFY_APPLIC",se1_0."LAST_MODIFY_DATE",se1_0."LAST_MODIFY_IP",se1_0."LAST_MODIFY_USER",se1_0."MILA_DIRECT_DEPOSITOR",se1_0."NET_AMOUNT",se1_0."NET_OUTFLOW_TOTAL",se1_0."OUTFLOW_TURNOVER_VALUE",pa1_0."PARTICIPANT_ACCOUNT_ID",pa1_0."ACCOUNT_NUMBER",pa1_0."DEPOSITORY_ID",pa1_0."IND_MASTER",pa1_0."LAST_MODIFY_APPLIC",pa1_0."LAST_MODIFY_DATE",pa1_0."LAST_MODIFY_IP",pa1_0."LAST_MODIFY_USER",pa1_0."ORIGIN_TYPE_ID",pa1_0."PARTICIPANT_ID",pa1_0."STATUS_ID",pa1_0."TAX_EXEMP",pa1_0."TYPE_ID",se1_0."PARTICIPANT_BANK_ACCOUNT_ID",se1_0."REFERENCE",se1_0."REFERENCE_ALLOC_ID",se1_0."REFERENCE_PACKAGE",se1_0."REPO_AMOUNT",se1_0."RETURN_TURNOVER_VALUE",se1_0."SETTLEMENT_AMOUNT",se1_0."SOURCE_QUOTE_TYPE_ID",se1_0."STATUS_ID",se1_0."TRADING_SYSTEM_ID",se1_0."TRANSFER_VALUE",se1_0."UNIQUE_FRACTION_ID",se1_0."VAL_TAX",se1_0."VAL_TAX_AMOUNT",se1_0."WITHHOLDING_TAX",se1_0."WITHHOLDING_TAX_AMOUNT" from "NUANBODB"."SETTLEMENT" se1_0 left join "NUANBODB"."TRADE" t1_0 on t1_0."TRADE_ID"=se1_0."TRADE_ID" left join "NUANBODB"."SIDE" s1_0 on s1_0."SIDE_ID"=se1_0."SIDE_ID" left join "NUANBODB"."PARTICIPANT" c1_0 on c1_0."PARTICIPANT_ID"=se1_0."CUSTODIAN_ID" left join "NUANBODB"."STATUS" cs1_0 on cs1_0."STATUS_ID"=se1_0."CUSTODIAN_STATUS_ID" left join "NUANBODB"."PARTICIPANT" fa1_0 on fa1_0."PARTICIPANT_ID"=se1_0."FIC_ADMINISTRATOR_ID" left join "NUANBODB"."INVESTOR_ACCOUNT" ia1_0 on ia1_0."INVESTOR_ACCOUNT_ID"=se1_0."INVESTOR_ACCOUNT_ID" left join "NUANBODB"."PARTICIPANT_ACCOUNT" pa1_0 on pa1_0."PARTICIPANT_ACCOUNT_ID"=se1_0."PARTICIPANT_ACCOUNT_ID" where t1_0."TRADE_ID" in (?,?,?,?,?,?,?,?,?,?,?,?,?,?,?,?,?) and s1_0."SIDE_ID"=?
[30m2026-09-03T17:44:01,066[m [30mTRACE [m[[1;34mhttp-nio-8080-exec-1[m] [36mJdbcBindingLogging[m - binding parameter (1:BIGINT) <- [1385429]
[30m2026-09-03T17:44:01,066[m [30mTRACE [m[[1;34mhttp-nio-8080-exec-1[m] [36mJdbcBindingLogging[m - binding parameter (2:BIGINT) <- [1380373]
[30m2026-09-03T17:44:01,066[m [30mTRACE [m[[1;34mhttp-nio-8080-exec-1[m] [36mJdbcBindingLogging[m - binding parameter (3:BIGINT) <- [1385430]
[30m2026-09-03T17:44:01,066[m [30mTRACE [m[[1;34mhttp-nio-8080-exec-1[m] [36mJdbcBindingLogging[m - binding parameter (4:BIGINT) <- [1381206]
[30m2026-09-03T17:44:01,067[m [30mTRACE [m[[1;34mhttp-nio-8080-exec-1[m] [36mJdbcBindingLogging[m - binding parameter (5:BIGINT) <- [1385457]
[30m2026-09-03T17:44:01,067[m [30mTRACE [m[[1;34mhttp-nio-8080-exec-1[m] [36mJdbcBindingLogging[m - binding parameter (6:BIGINT) <- [1381203]
[30m2026-09-03T17:44:01,067[m [30mTRACE [m[[1;34mhttp-nio-8080-exec-1[m] [36mJdbcBindingLogging[m - binding parameter (7:BIGINT) <- [1390079]
[30m2026-09-03T17:44:01,067[m [30mTRACE [m[[1;34mhttp-nio-8080-exec-1[m] [36mJdbcBindingLogging[m - binding parameter (8:BIGINT) <- [1390073]
[30m2026-09-03T17:44:01,067[m [30mTRACE [m[[1;34mhttp-nio-8080-exec-1[m] [36mJdbcBindingLogging[m - binding parameter (9:BIGINT) <- [1381209]
[30m2026-09-03T17:44:01,067[m [30mTRACE [m[[1;34mhttp-nio-8080-exec-1[m] [36mJdbcBindingLogging[m - binding parameter (10:BIGINT) <- [1387354]
[30m2026-09-03T17:44:01,067[m [30mTRACE [m[[1;34mhttp-nio-8080-exec-1[m] [36mJdbcBindingLogging[m - binding parameter (11:BIGINT) <- [1381221]
[30m2026-09-03T17:44:01,067[m [30mTRACE [m[[1;34mhttp-nio-8080-exec-1[m] [36mJdbcBindingLogging[m - binding parameter (12:BIGINT) <- [1387335]
[30m2026-09-03T17:44:01,067[m [30mTRACE [m[[1;34mhttp-nio-8080-exec-1[m] [36mJdbcBindingLogging[m - binding parameter (13:BIGINT) <- [1381198]
[30m2026-09-03T17:44:01,067[m [30mTRACE [m[[1;34mhttp-nio-8080-exec-1[m] [36mJdbcBindingLogging[m - binding parameter (14:BIGINT) <- [1387374]
[30m2026-09-03T17:44:01,067[m [30mTRACE [m[[1;34mhttp-nio-8080-exec-1[m] [36mJdbcBindingLogging[m - binding parameter (15:BIGINT) <- [1390089]
[30m2026-09-03T17:44:01,067[m [30mTRACE [m[[1;34mhttp-nio-8080-exec-1[m] [36mJdbcBindingLogging[m - binding parameter (16:BIGINT) <- [1387371]
[30m2026-09-03T17:44:01,067[m [30mTRACE [m[[1;34mhttp-nio-8080-exec-1[m] [36mJdbcBindingLogging[m - binding parameter (17:BIGINT) <- [1380362]
[30m2026-09-03T17:44:01,067[m [36mDEBUG [m[[1;34mhttp-nio-8080-exec-9[m] [36mSqlStatementLogger[m - select mde1_0."MILA_DEPOSITORY_ID",mde1_0."CODE",mde1_0."DIRECT_DEPOSITORY_NUMBER",mde1_0."DOCUMENT_NUMBER",mde1_0."IDENTIFICATION_TYPE_ID",mde1_0."LAST_MODIFY_APPLIC",mde1_0."LAST_MODIFY_DATE",mde1_0."LAST_MODIFY_IP",mde1_0."LAST_MODIFY_USER" from "NUANBODB"."MILA_DEPOSITORY" mde1_0 where mde1_0."IDENTIFICATION_TYPE_ID"=? and mde1_0."DOCUMENT_NUMBER"=? fetch first ? rows only
[30m2026-09-03T17:44:01,067[m [30mTRACE [m[[1;34mhttp-nio-8080-exec-1[m] [36mJdbcBindingLogging[m - binding parameter (18:VARCHAR) <- [1]
[30m2026-09-03T17:44:01,067[m [30mTRACE [m[[1;34mhttp-nio-8080-exec-9[m] [36mJdbcBindingLogging[m - binding parameter (1:BIGINT) <- [5]
[30m2026-09-03T17:44:01,067[m [30mTRACE [m[[1;34mhttp-nio-8080-exec-9[m] [36mJdbcBindingLogging[m - binding parameter (2:VARCHAR) <- [8605303170]
[30m2026-09-03T17:44:01,067[m [30mTRACE [m[[1;34mhttp-nio-8080-exec-9[m] [36mJdbcBindingLogging[m - binding parameter (3:INTEGER) <- [1]
[30m2026-09-03T17:44:01,067[m [36mDEBUG [m[[1;34mhttp-nio-8080-exec-4[m] [36mSqlStatementLogger[m - select se1_0."STATUS_ID",se1_0."CATEGORY",se1_0."DESCRIPTION" from "NUANBODB"."STATUS" se1_0 where se1_0."STATUS_ID"=?
[30m2026-09-03T17:44:01,067[m [30mTRACE [m[[1;34mhttp-nio-8080-exec-4[m] [36mJdbcBindingLogging[m - binding parameter (1:BIGINT) <- [570]
[30m2026-09-03T17:44:01,068[m [36mDEBUG [m[[1;34mhttp-nio-8080-exec-2[m] [36mSqlStatementLogger[m - select cre1_0."CUSTODIAN_RELATION_ID",cre1_0."CUSTODIAN_ID",cre1_0."DEPOSITORY_ID",cre1_0."INVESTOR_ACCOUNT_ID",cre1_0."LAST_MODIFY_APPLIC",cre1_0."LAST_MODIFY_DATE",cre1_0."LAST_MODIFY_IP",cre1_0."LAST_MODIFY_USER",cre1_0."PARTICIPANT_ID",cre1_0."STATUS_ID" from "NUANBODB"."CUSTODIAN_RELATION" cre1_0 where cre1_0."PARTICIPANT_ID"=? and cre1_0."DEPOSITORY_ID"=? and cre1_0."INVESTOR_ACCOUNT_ID"=? and cre1_0."STATUS_ID"=?
[30m2026-09-03T17:44:01,068[m [30mTRACE [m[[1;34mhttp-nio-8080-exec-2[m] [36mJdbcBindingLogging[m - binding parameter (1:BIGINT) <- [15]
[30m2026-09-03T17:44:01,068[m [30mTRACE [m[[1;34mhttp-nio-8080-exec-2[m] [36mJdbcBindingLogging[m - binding parameter (2:VARCHAR) <- [1]
[30m2026-09-03T17:44:01,068[m [30mTRACE [m[[1;34mhttp-nio-8080-exec-2[m] [36mJdbcBindingLogging[m - binding parameter (3:BIGINT) <- [57]
[30m2026-09-03T17:44:01,068[m [30mTRACE [m[[1;34mhttp-nio-8080-exec-2[m] [36mJdbcBindingLogging[m - binding parameter (4:BIGINT) <- [1163]
[30m2026-09-03T17:44:01,068[m [36mDEBUG [m[[1;34mhttp-nio-8080-exec-8[m] [36mSqlStatementLogger[m - select te1_0."TYPE_ID",te1_0."CATEGORY",te1_0."DESCRIPTION" from "NUANBODB"."TYPE" te1_0 where te1_0."TYPE_ID"=?
[30m2026-09-03T17:44:01,068[m [30mTRACE [m[[1;34mhttp-nio-8080-exec-8[m] [36mJdbcBindingLogging[m - binding parameter (1:BIGINT) <- [26]
[30m2026-09-03T17:44:01,068[m [36mDEBUG [m[[1;34mhttp-nio-8080-exec-4[m] [36mSqlStatementLogger[m - select te1_0."TYPE_ID",te1_0."CATEGORY",te1_0."DESCRIPTION" from "NUANBODB"."TYPE" te1_0 where te1_0."TYPE_ID"=?
[30m2026-09-03T17:44:01,068[m [30mTRACE [m[[1;34mhttp-nio-8080-exec-4[m] [36mJdbcBindingLogging[m - binding parameter (1:BIGINT) <- [26]
[30m2026-09-03T17:44:01,069[m [36mDEBUG [m[[1;34mhttp-nio-8080-exec-9[m] [36mSqlStatementLogger[m - select iae1_0."INVESTOR_ACCOUNT_ID",iae1_0."ACCOUNT_NAME",iae1_0."ACCOUNT_NUMBER",iae1_0."DEPOSITORY_ID",iae1_0."INVESTOR_ID",iae1_0."LAST_MODIFY_APPLIC",iae1_0."LAST_MODIFY_DATE",iae1_0."LAST_MODIFY_IP",iae1_0."LAST_MODIFY_USER",iae1_0."ORIGIN_TYPE_ID",iae1_0."PARTICIPANT_ID",iae1_0."STATUS_ID",iae1_0."TAX_EXEMP",iae1_0."TYPE_ID" from "NUANBODB"."INVESTOR_ACCOUNT" iae1_0 where iae1_0."INVESTOR_ACCOUNT_ID" in (?)
[30m2026-09-03T17:44:01,069[m [30mTRACE [m[[1;34mhttp-nio-8080-exec-9[m] [36mJdbcBindingLogging[m - binding parameter (1:BIGINT) <- [57]
[30m2026-09-03T17:44:01,069[m [36mDEBUG [m[[1;34mhttp-nio-8080-exec-2[m] [36mSqlStatementLogger[m - select mde1_0."MILA_DEPOSITORY_ID",mde1_0."CODE",mde1_0."DIRECT_DEPOSITORY_NUMBER",mde1_0."DOCUMENT_NUMBER",mde1_0."IDENTIFICATION_TYPE_ID",mde1_0."LAST_MODIFY_APPLIC",mde1_0."LAST_MODIFY_DATE",mde1_0."LAST_MODIFY_IP",mde1_0."LAST_MODIFY_USER" from "NUANBODB"."MILA_DEPOSITORY" mde1_0 where mde1_0."IDENTIFICATION_TYPE_ID"=? and mde1_0."DOCUMENT_NUMBER"=? fetch first ? rows only
[30m2026-09-03T17:44:01,069[m [30mTRACE [m[[1;34mhttp-nio-8080-exec-2[m] [36mJdbcBindingLogging[m - binding parameter (1:BIGINT) <- [5]
[30m2026-09-03T17:44:01,069[m [30mTRACE [m[[1;34mhttp-nio-8080-exec-2[m] [36mJdbcBindingLogging[m - binding parameter (2:VARCHAR) <- [8605303170]
[30m2026-09-03T17:44:01,069[m [30mTRACE [m[[1;34mhttp-nio-8080-exec-2[m] [36mJdbcBindingLogging[m - binding parameter (3:INTEGER) <- [1]
[30m2026-09-03T17:44:01,070[m [36mDEBUG [m[[1;34mhttp-nio-8080-exec-9[m] [36mSqlStatementLogger[m - select de1_0."DEPOSITORY_ID",de1_0."DESCRIPTION" from "NUANBODB"."DEPOSITORY" de1_0 where de1_0."DEPOSITORY_ID"=?
[30m2026-09-03T17:44:01,070[m [30mTRACE [m[[1;34mhttp-nio-8080-exec-9[m] [36mJdbcBindingLogging[m - binding parameter (1:VARCHAR) <- [1]
[30m2026-09-03T17:44:01,070[m [36mDEBUG [m[[1;34mhttp-nio-8080-exec-2[m] [36mSqlStatementLogger[m - select iae1_0."INVESTOR_ACCOUNT_ID",iae1_0."ACCOUNT_NAME",iae1_0."ACCOUNT_NUMBER",iae1_0."DEPOSITORY_ID",iae1_0."INVESTOR_ID",iae1_0."LAST_MODIFY_APPLIC",iae1_0."LAST_MODIFY_DATE",iae1_0."LAST_MODIFY_IP",iae1_0."LAST_MODIFY_USER",iae1_0."ORIGIN_TYPE_ID",iae1_0."PARTICIPANT_ID",iae1_0."STATUS_ID",iae1_0."TAX_EXEMP",iae1_0."TYPE_ID" from "NUANBODB"."INVESTOR_ACCOUNT" iae1_0 where iae1_0."INVESTOR_ACCOUNT_ID" in (?)
[30m2026-09-03T17:44:01,071[m [30mTRACE [m[[1;34mhttp-nio-8080-exec-2[m] [36mJdbcBindingLogging[m - binding parameter (1:BIGINT) <- [57]
[30m2026-09-03T17:44:01,071[m [36mDEBUG [m[[1;34mhttp-nio-8080-exec-8[m] [36mSqlStatementLogger[m - select se1_0."FRACTION",se1_0."SIDE_ID",se1_0."TRADE_ID",se1_0."BANK_ACCOUNT_ID",se1_0."BROKERAGE_SERVICE",se1_0."CAPITAL_GAIN_VALUE",se1_0."CASH_ACCOUNT",se1_0."COMMISSION_AMOUNT",se1_0."COMMISSION_PERCENTAGE",c1_0."PARTICIPANT_ID",c1_0."CODE",c1_0."COUNTRY_ID",c1_0."CUSTODIAN",c1_0."DIRECT_ALLOCATION",c1_0."DOCUMENT_NUMBER",c1_0."ENABLED",c1_0."IDENTIFICATION_TYPE_ID",c1_0."MARGIN_ACCOUNT",c1_0."MARKET_MAKER",c1_0."MASTER_ACCOUNT",c1_0."MNEMONIC",c1_0."NAME",c1_0."NIT_CLEARING_HOUSE",c1_0."REGISTRATION_DATE",c1_0."SHORT_NAME",c1_0."STATUS_ID",c1_0."TAX_CODE",c1_0."TAX_STATUS_ID",c1_0."TYPE_ID",c1_0."TYPE_ENTITY",cs1_0."STATUS_ID",cs1_0."CATEGORY",cs1_0."DESCRIPTION",se1_0."DELIVERY_VERSUS_PAYMENT_VALUE",se1_0."DIRECT_DEPOSITOR",se1_0."DISBURSEMENT_VALUE",fa1_0."PARTICIPANT_ID",fa1_0."CODE",fa1_0."COUNTRY_ID",fa1_0."CUSTODIAN",fa1_0."DIRECT_ALLOCATION",fa1_0."DOCUMENT_NUMBER",fa1_0."ENABLED",fa1_0."IDENTIFICATION_TYPE_ID",fa1_0."MARGIN_ACCOUNT",fa1_0."MARKET_MAKER",fa1_0."MASTER_ACCOUNT",fa1_0."MNEMONIC",fa1_0."NAME",fa1_0."NIT_CLEARING_HOUSE",fa1_0."REGISTRATION_DATE",fa1_0."SHORT_NAME",fa1_0."STATUS_ID",fa1_0."TAX_CODE",fa1_0."TAX_STATUS_ID",fa1_0."TYPE_ID",fa1_0."TYPE_ENTITY",se1_0."FIDUCIARY_SPECIALIST",se1_0."FRACTION_QUANTITY",se1_0."FRACTION_VOLUME",se1_0."FUNDING_AMOUNT",se1_0."IND_MASTER",se1_0."INVESTOR_ID",ia1_0."INVESTOR_ACCOUNT_ID",ia1_0."ACCOUNT_NAME",ia1_0."ACCOUNT_NUMBER",ia1_0."DEPOSITORY_ID",ia1_0."INVESTOR_ID",ia1_0."LAST_MODIFY_APPLIC",ia1_0."LAST_MODIFY_DATE",ia1_0."LAST_MODIFY_IP",ia1_0."LAST_MODIFY_USER",ia1_0."ORIGIN_TYPE_ID",ia1_0."PARTICIPANT_ID",ia1_0."STATUS_ID",ia1_0."TAX_EXEMP",ia1_0."TYPE_ID",se1_0."ISSUED_RECEIPT",se1_0."ISSUED_RECEIPT_NUMBER",se1_0."LAST_MODIFY_APPLIC",se1_0."LAST_MODIFY_DATE",se1_0."LAST_MODIFY_IP",se1_0."LAST_MODIFY_USER",se1_0."MILA_DIRECT_DEPOSITOR",se1_0."NET_AMOUNT",se1_0."NET_OUTFLOW_TOTAL",se1_0."OUTFLOW_TURNOVER_VALUE",pa1_0."PARTICIPANT_ACCOUNT_ID",pa1_0."ACCOUNT_NUMBER",pa1_0."DEPOSITORY_ID",pa1_0."IND_MASTER",pa1_0."LAST_MODIFY_APPLIC",pa1_0."LAST_MODIFY_DATE",pa1_0."LAST_MODIFY_IP",pa1_0."LAST_MODIFY_USER",pa1_0."ORIGIN_TYPE_ID",pa1_0."PARTICIPANT_ID",pa1_0."STATUS_ID",pa1_0."TAX_EXEMP",pa1_0."TYPE_ID",se1_0."PARTICIPANT_BANK_ACCOUNT_ID",se1_0."REFERENCE",se1_0."REFERENCE_ALLOC_ID",se1_0."REFERENCE_PACKAGE",se1_0."REPO_AMOUNT",se1_0."RETURN_TURNOVER_VALUE",se1_0."SETTLEMENT_AMOUNT",se1_0."SOURCE_QUOTE_TYPE_ID",se1_0."STATUS_ID",se1_0."TRADING_SYSTEM_ID",se1_0."TRANSFER_VALUE",se1_0."UNIQUE_FRACTION_ID",se1_0."VAL_TAX",se1_0."VAL_TAX_AMOUNT",se1_0."WITHHOLDING_TAX",se1_0."WITHHOLDING_TAX_AMOUNT" from "NUANBODB"."SETTLEMENT" se1_0 left join "NUANBODB"."TRADE" t1_0 on t1_0."TRADE_ID"=se1_0."TRADE_ID" left join "NUANBODB"."SIDE" s1_0 on s1_0."SIDE_ID"=se1_0."SIDE_ID" left join "NUANBODB"."PARTICIPANT" c1_0 on c1_0."PARTICIPANT_ID"=se1_0."CUSTODIAN_ID" left join "NUANBODB"."STATUS" cs1_0 on cs1_0."STATUS_ID"=se1_0."CUSTODIAN_STATUS_ID" left join "NUANBODB"."PARTICIPANT" fa1_0 on fa1_0."PARTICIPANT_ID"=se1_0."FIC_ADMINISTRATOR_ID" left join "NUANBODB"."INVESTOR_ACCOUNT" ia1_0 on ia1_0."INVESTOR_ACCOUNT_ID"=se1_0."INVESTOR_ACCOUNT_ID" left join "NUANBODB"."PARTICIPANT_ACCOUNT" pa1_0 on pa1_0."PARTICIPANT_ACCOUNT_ID"=se1_0."PARTICIPANT_ACCOUNT_ID" where t1_0."TRADE_ID" in (?,?,?,?,?,?,?,?,?,?,?,?,?,?,?,?,?,?,?) and s1_0."SIDE_ID"=?
[30m2026-09-03T17:44:01,071[m [30mTRACE [m[[1;34mhttp-nio-8080-exec-8[m] [36mJdbcBindingLogging[m - binding parameter (1:BIGINT) <- [1390070]
[30m2026-09-03T17:44:01,071[m [30mTRACE [m[[1;34mhttp-nio-8080-exec-8[m] [36mJdbcBindingLogging[m - binding parameter (2:BIGINT) <- [1381201]
[30m2026-09-03T17:44:01,071[m [30mTRACE [m[[1;34mhttp-nio-8080-exec-8[m] [36mJdbcBindingLogging[m - binding parameter (3:BIGINT) <- [1387347]
[30m2026-09-03T17:44:01,071[m [30mTRACE [m[[1;34mhttp-nio-8080-exec-8[m] [36mJdbcBindingLogging[m - binding parameter (4:BIGINT) <- [1385458]
[30m2026-09-03T17:44:01,071[m [30mTRACE [m[[1;34mhttp-nio-8080-exec-8[m] [36mJdbcBindingLogging[m - binding parameter (5:BIGINT) <- [1387378]
[30m2026-09-03T17:44:01,071[m [30mTRACE [m[[1;34mhttp-nio-8080-exec-8[m] [36mJdbcBindingLogging[m - binding parameter (6:BIGINT) <- [1385471]
[30m2026-09-03T17:44:01,071[m [30mTRACE [m[[1;34mhttp-nio-8080-exec-8[m] [36mJdbcBindingLogging[m - binding parameter (7:BIGINT) <- [1381214]
[30m2026-09-03T17:44:01,071[m [30mTRACE [m[[1;34mhttp-nio-8080-exec-8[m] [36mJdbcBindingLogging[m - binding parameter (8:BIGINT) <- [1385464]
[30m2026-09-03T17:44:01,071[m [30mTRACE [m[[1;34mhttp-nio-8080-exec-8[m] [36mJdbcBindingLogging[m - binding parameter (9:BIGINT) <- [1387355]
[30m2026-09-03T17:44:01,071[m [30mTRACE [m[[1;34mhttp-nio-8080-exec-8[m] [36mJdbcBindingLogging[m - binding parameter (10:BIGINT) <- [1385434]
[30m2026-09-03T17:44:01,071[m [30mTRACE [m[[1;34mhttp-nio-8080-exec-8[m] [36mJdbcBindingLogging[m - binding parameter (11:BIGINT) <- [1381188]
[30m2026-09-03T17:44:01,071[m [30mTRACE [m[[1;34mhttp-nio-8080-exec-8[m] [36mJdbcBindingLogging[m - binding parameter (12:BIGINT) <- [1381187]
[30m2026-09-03T17:44:01,071[m [36mDEBUG [m[[1;34mhttp-nio-8080-exec-9[m] [36mSqlStatementLogger[m - select ie1_0."INVESTOR_ID",ie1_0."CLEARINGHOUSE_CODE",ie1_0."CODE",ie1_0."COMPANY_NAME",ie1_0."COUNTRY_ID",c1_0."COUNTRY_ID",c1_0."CODE",c1_0."CURRENCY_ID",c2_0."CURRENCY_ID",c2_0."CODE",c2_0."NAME",c1_0."NAME",c1_0."TIME_ZONE",ie1_0."DOCUMENT_NUMBER",ie1_0."FIRST_NAME",g1_0."GICS_ID",g1_0."DESCRIPTION",ie1_0."IDENTIFICATION_TYPE_ID",it1_0."IDENTIFICATION_TYPE_ID",it1_0."CODE",it1_0."DESCRIPTION",ie1_0."LAST_MODIFY_APPLIC",ie1_0."LAST_MODIFY_DATE",ie1_0."LAST_MODIFY_IP",ie1_0."LAST_MODIFY_USER",ie1_0."LAST_NAME",ie1_0."MONEY_LAUNDERING_FLAG",ie1_0."NATIONALITY",ie1_0."STATUS_ID",s1_0."STATUS_ID",s1_0."CATEGORY",s1_0."DESCRIPTION",ie1_0."TAX_EXEMP",ts1_0."TAX_STATUS_ID",ts1_0."DESCRIPTION",ts1_0."LAST_MODIFY_APPLIC",ts1_0."LAST_MODIFY_DATE",ts1_0."LAST_MODIFY_IP",ts1_0."LAST_MODIFY_USER",ie1_0."TYPE_ID",t1_0."TYPE_ID",t1_0."CATEGORY",t1_0."DESCRIPTION" from "NUANBODB"."INVESTOR" ie1_0 join "NUANBODB"."COUNTRY" c1_0 on c1_0."COUNTRY_ID"=ie1_0."COUNTRY_ID" join "NUANBODB"."CURRENCY" c2_0 on c2_0."CURRENCY_ID"=c1_0."CURRENCY_ID" left join "NUANBODB"."GICS" g1_0 on g1_0."GICS_ID"=ie1_0."GICS_ID" join "NUANBODB"."IDENTIFICATION_TYPE" it1_0 on it1_0."IDENTIFICATION_TYPE_ID"=ie1_0."IDENTIFICATION_TYPE_ID" join "NUANBODB"."STATUS" s1_0 on s1_0."STATUS_ID"=ie1_0."STATUS_ID" left join "NUANBODB"."TAX_STATUS" ts1_0 on ts1_0."TAX_STATUS_ID"=ie1_0."TAX_STATUS_ID" join "NUANBODB"."TYPE" t1_0 on t1_0."TYPE_ID"=ie1_0."TYPE_ID" where ie1_0."INVESTOR_ID"=?
[30m2026-09-03T17:44:01,071[m [30mTRACE [m[[1;34mhttp-nio-8080-exec-8[m] [36mJdbcBindingLogging[m - binding parameter (13:BIGINT) <- [1387362]
[30m2026-09-03T17:44:01,071[m [30mTRACE [m[[1;34mhttp-nio-8080-exec-9[m] [36mJdbcBindingLogging[m - binding parameter (1:BIGINT) <- [167]
[30m2026-09-03T17:44:01,071[m [30mTRACE [m[[1;34mhttp-nio-8080-exec-8[m] [36mJdbcBindingLogging[m - binding parameter (14:BIGINT) <- [1390093]
[30m2026-09-03T17:44:01,071[m [30mTRACE [m[[1;34mhttp-nio-8080-exec-8[m] [36mJdbcBindingLogging[m - binding parameter (15:BIGINT) <- [1387375]
[30m2026-09-03T17:44:01,071[m [30mTRACE [m[[1;34mhttp-nio-8080-exec-8[m] [36mJdbcBindingLogging[m - binding parameter (16:BIGINT) <- [1390094]
[30m2026-09-03T17:44:01,071[m [30mTRACE [m[[1;34mhttp-nio-8080-exec-8[m] [36mJdbcBindingLogging[m - binding parameter (17:BIGINT) <- [1380361]
[30m2026-09-03T17:44:01,071[m [30mTRACE [m[[1;34mhttp-nio-8080-exec-8[m] [36mJdbcBindingLogging[m - binding parameter (18:BIGINT) <- [1385448]
[30m2026-09-03T17:44:01,071[m [30mTRACE [m[[1;34mhttp-nio-8080-exec-8[m] [36mJdbcBindingLogging[m - binding parameter (19:BIGINT) <- [1385451]
[30m2026-09-03T17:44:01,071[m [30mTRACE [m[[1;34mhttp-nio-8080-exec-8[m] [36mJdbcBindingLogging[m - binding parameter (20:VARCHAR) <- [1]
[30m2026-09-03T17:44:01,072[m [36mDEBUG [m[[1;34mhttp-nio-8080-exec-9[m] [36mSqlStatementLogger[m - select te1_0."TYPE_ID",te1_0."CATEGORY",te1_0."DESCRIPTION" from "NUANBODB"."TYPE" te1_0 where te1_0."TYPE_ID"=?
[30m2026-09-03T17:44:01,072[m [30mTRACE [m[[1;34mhttp-nio-8080-exec-9[m] [36mJdbcBindingLogging[m - binding parameter (1:BIGINT) <- [120]
[30m2026-09-03T17:44:01,072[m [36mDEBUG [m[[1;34mhttp-nio-8080-exec-2[m] [36mSqlStatementLogger[m - select de1_0."DEPOSITORY_ID",de1_0."DESCRIPTION" from "NUANBODB"."DEPOSITORY" de1_0 where de1_0."DEPOSITORY_ID"=?
[30m2026-09-03T17:44:01,072[m [30mTRACE [m[[1;34mhttp-nio-8080-exec-2[m] [36mJdbcBindingLogging[m - binding parameter (1:VARCHAR) <- [1]
[30m2026-09-03T17:44:01,072[m [36mDEBUG [m[[1;34mhttp-nio-8080-exec-4[m] [36mSqlStatementLogger[m - select se1_0."FRACTION",se1_0."SIDE_ID",se1_0."TRADE_ID",se1_0."BANK_ACCOUNT_ID",se1_0."BROKERAGE_SERVICE",se1_0."CAPITAL_GAIN_VALUE",se1_0."CASH_ACCOUNT",se1_0."COMMISSION_AMOUNT",se1_0."COMMISSION_PERCENTAGE",c1_0."PARTICIPANT_ID",c1_0."CODE",c1_0."COUNTRY_ID",c1_0."CUSTODIAN",c1_0."DIRECT_ALLOCATION",c1_0."DOCUMENT_NUMBER",c1_0."ENABLED",c1_0."IDENTIFICATION_TYPE_ID",c1_0."MARGIN_ACCOUNT",c1_0."MARKET_MAKER",c1_0."MASTER_ACCOUNT",c1_0."MNEMONIC",c1_0."NAME",c1_0."NIT_CLEARING_HOUSE",c1_0."REGISTRATION_DATE",c1_0."SHORT_NAME",c1_0."STATUS_ID",c1_0."TAX_CODE",c1_0."TAX_STATUS_ID",c1_0."TYPE_ID",c1_0."TYPE_ENTITY",cs1_0."STATUS_ID",cs1_0."CATEGORY",cs1_0."DESCRIPTION",se1_0."DELIVERY_VERSUS_PAYMENT_VALUE",se1_0."DIRECT_DEPOSITOR",se1_0."DISBURSEMENT_VALUE",fa1_0."PARTICIPANT_ID",fa1_0."CODE",fa1_0."COUNTRY_ID",fa1_0."CUSTODIAN",fa1_0."DIRECT_ALLOCATION",fa1_0."DOCUMENT_NUMBER",fa1_0."ENABLED",fa1_0."IDENTIFICATION_TYPE_ID",fa1_0."MARGIN_ACCOUNT",fa1_0."MARKET_MAKER",fa1_0."MASTER_ACCOUNT",fa1_0."MNEMONIC",fa1_0."NAME",fa1_0."NIT_CLEARING_HOUSE",fa1_0."REGISTRATION_DATE",fa1_0."SHORT_NAME",fa1_0."STATUS_ID",fa1_0."TAX_CODE",fa1_0."TAX_STATUS_ID",fa1_0."TYPE_ID",fa1_0."TYPE_ENTITY",se1_0."FIDUCIARY_SPECIALIST",se1_0."FRACTION_QUANTITY",se1_0."FRACTION_VOLUME",se1_0."FUNDING_AMOUNT",se1_0."IND_MASTER",se1_0."INVESTOR_ID",ia1_0."INVESTOR_ACCOUNT_ID",ia1_0."ACCOUNT_NAME",ia1_0."ACCOUNT_NUMBER",ia1_0."DEPOSITORY_ID",ia1_0."INVESTOR_ID",ia1_0."LAST_MODIFY_APPLIC",ia1_0."LAST_MODIFY_DATE",ia1_0."LAST_MODIFY_IP",ia1_0."LAST_MODIFY_USER",ia1_0."ORIGIN_TYPE_ID",ia1_0."PARTICIPANT_ID",ia1_0."STATUS_ID",ia1_0."TAX_EXEMP",ia1_0."TYPE_ID",se1_0."ISSUED_RECEIPT",se1_0."ISSUED_RECEIPT_NUMBER",se1_0."LAST_MODIFY_APPLIC",se1_0."LAST_MODIFY_DATE",se1_0."LAST_MODIFY_IP",se1_0."LAST_MODIFY_USER",se1_0."MILA_DIRECT_DEPOSITOR",se1_0."NET_AMOUNT",se1_0."NET_OUTFLOW_TOTAL",se1_0."OUTFLOW_TURNOVER_VALUE",pa1_0."PARTICIPANT_ACCOUNT_ID",pa1_0."ACCOUNT_NUMBER",pa1_0."DEPOSITORY_ID",pa1_0."IND_MASTER",pa1_0."LAST_MODIFY_APPLIC",pa1_0."LAST_MODIFY_DATE",pa1_0."LAST_MODIFY_IP",pa1_0."LAST_MODIFY_USER",pa1_0."ORIGIN_TYPE_ID",pa1_0."PARTICIPANT_ID",pa1_0."STATUS_ID",pa1_0."TAX_EXEMP",pa1_0."TYPE_ID",se1_0."PARTICIPANT_BANK_ACCOUNT_ID",se1_0."REFERENCE",se1_0."REFERENCE_ALLOC_ID",se1_0."REFERENCE_PACKAGE",se1_0."REPO_AMOUNT",se1_0."RETURN_TURNOVER_VALUE",se1_0."SETTLEMENT_AMOUNT",se1_0."SOURCE_QUOTE_TYPE_ID",se1_0."STATUS_ID",se1_0."TRADING_SYSTEM_ID",se1_0."TRANSFER_VALUE",se1_0."UNIQUE_FRACTION_ID",se1_0."VAL_TAX",se1_0."VAL_TAX_AMOUNT",se1_0."WITHHOLDING_TAX",se1_0."WITHHOLDING_TAX_AMOUNT" from "NUANBODB"."SETTLEMENT" se1_0 left join "NUANBODB"."TRADE" t1_0 on t1_0."TRADE_ID"=se1_0."TRADE_ID" left join "NUANBODB"."SIDE" s1_0 on s1_0."SIDE_ID"=se1_0."SIDE_ID" left join "NUANBODB"."PARTICIPANT" c1_0 on c1_0."PARTICIPANT_ID"=se1_0."CUSTODIAN_ID" left join "NUANBODB"."STATUS" cs1_0 on cs1_0."STATUS_ID"=se1_0."CUSTODIAN_STATUS_ID" left join "NUANBODB"."PARTICIPANT" fa1_0 on fa1_0."PARTICIPANT_ID"=se1_0."FIC_ADMINISTRATOR_ID" left join "NUANBODB"."INVESTOR_ACCOUNT" ia1_0 on ia1_0."INVESTOR_ACCOUNT_ID"=se1_0."INVESTOR_ACCOUNT_ID" left join "NUANBODB"."PARTICIPANT_ACCOUNT" pa1_0 on pa1_0."PARTICIPANT_ACCOUNT_ID"=se1_0."PARTICIPANT_ACCOUNT_ID" where t1_0."TRADE_ID" in (?,?,?,?,?,?,?,?,?,?,?,?,?,?,?,?,?) and s1_0."SIDE_ID"=?
[30m2026-09-03T17:44:01,072[m [30mTRACE [m[[1;34mhttp-nio-8080-exec-4[m] [36mJdbcBindingLogging[m - binding parameter (1:BIGINT) <- [1380341]
[30m2026-09-03T17:44:01,073[m [30mTRACE [m[[1;34mhttp-nio-8080-exec-4[m] [36mJdbcBindingLogging[m - binding parameter (2:BIGINT) <- [1381205]
[30m2026-09-03T17:44:01,073[m [30mTRACE [m[[1;34mhttp-nio-8080-exec-4[m] [36mJdbcBindingLogging[m - binding parameter (3:BIGINT) <- [1387351]
[30m2026-09-03T17:44:01,073[m [30mTRACE [m[[1;34mhttp-nio-8080-exec-4[m] [36mJdbcBindingLogging[m - binding parameter (4:BIGINT) <- [1385463]
[30m2026-09-03T17:44:01,073[m [30mTRACE [m[[1;34mhttp-nio-8080-exec-4[m] [36mJdbcBindingLogging[m - binding parameter (5:BIGINT) <- [1387379]
[30m2026-09-03T17:44:01,073[m [36mDEBUG [m[[1;34mhttp-nio-8080-exec-9[m] [36mSqlStatementLogger[m - select se1_0."STATUS_ID",se1_0."CATEGORY",se1_0."DESCRIPTION" from "NUANBODB"."STATUS" se1_0 where se1_0."STATUS_ID"=?
[30m2026-09-03T17:44:01,073[m [30mTRACE [m[[1;34mhttp-nio-8080-exec-4[m] [36mJdbcBindingLogging[m - binding parameter (6:BIGINT) <- [1390099]
[30m2026-09-03T17:44:01,073[m [30mTRACE [m[[1;34mhttp-nio-8080-exec-9[m] [36mJdbcBindingLogging[m - binding parameter (1:BIGINT) <- [570]
[30m2026-09-03T17:44:01,073[m [30mTRACE [m[[1;34mhttp-nio-8080-exec-4[m] [36mJdbcBindingLogging[m - binding parameter (7:BIGINT) <- [1381202]
[30m2026-09-03T17:44:01,073[m [30mTRACE [m[[1;34mhttp-nio-8080-exec-4[m] [36mJdbcBindingLogging[m - binding parameter (8:BIGINT) <- [1380370]
[30m2026-09-03T17:44:01,073[m [30mTRACE [m[[1;34mhttp-nio-8080-exec-4[m] [36mJdbcBindingLogging[m - binding parameter (9:BIGINT) <- [1390076]
[30m2026-09-03T17:44:01,073[m [30mTRACE [m[[1;34mhttp-nio-8080-exec-4[m] [36mJdbcBindingLogging[m - binding parameter (10:BIGINT) <- [1387356]
[30m2026-09-03T17:44:01,073[m [36mDEBUG [m[[1;34mhttp-nio-8080-exec-2[m] [36mSqlStatementLogger[m - select ie1_0."INVESTOR_ID",ie1_0."CLEARINGHOUSE_CODE",ie1_0."CODE",ie1_0."COMPANY_NAME",ie1_0."COUNTRY_ID",c1_0."COUNTRY_ID",c1_0."CODE",c1_0."CURRENCY_ID",c2_0."CURRENCY_ID",c2_0."CODE",c2_0."NAME",c1_0."NAME",c1_0."TIME_ZONE",ie1_0."DOCUMENT_NUMBER",ie1_0."FIRST_NAME",g1_0."GICS_ID",g1_0."DESCRIPTION",ie1_0."IDENTIFICATION_TYPE_ID",it1_0."IDENTIFICATION_TYPE_ID",it1_0."CODE",it1_0."DESCRIPTION",ie1_0."LAST_MODIFY_APPLIC",ie1_0."LAST_MODIFY_DATE",ie1_0."LAST_MODIFY_IP",ie1_0."LAST_MODIFY_USER",ie1_0."LAST_NAME",ie1_0."MONEY_LAUNDERING_FLAG",ie1_0."NATIONALITY",ie1_0."STATUS_ID",s1_0."STATUS_ID",s1_0."CATEGORY",s1_0."DESCRIPTION",ie1_0."TAX_EXEMP",ts1_0."TAX_STATUS_ID",ts1_0."DESCRIPTION",ts1_0."LAST_MODIFY_APPLIC",ts1_0."LAST_MODIFY_DATE",ts1_0."LAST_MODIFY_IP",ts1_0."LAST_MODIFY_USER",ie1_0."TYPE_ID",t1_0."TYPE_ID",t1_0."CATEGORY",t1_0."DESCRIPTION" from "NUANBODB"."INVESTOR" ie1_0 join "NUANBODB"."COUNTRY" c1_0 on c1_0."COUNTRY_ID"=ie1_0."COUNTRY_ID" join "NUANBODB"."CURRENCY" c2_0 on c2_0."CURRENCY_ID"=c1_0."CURRENCY_ID" left join "NUANBODB"."GICS" g1_0 on g1_0."GICS_ID"=ie1_0."GICS_ID" join "NUANBODB"."IDENTIFICATION_TYPE" it1_0 on it1_0."IDENTIFICATION_TYPE_ID"=ie1_0."IDENTIFICATION_TYPE_ID" join "NUANBODB"."STATUS" s1_0 on s1_0."STATUS_ID"=ie1_0."STATUS_ID" left join "NUANBODB"."TAX_STATUS" ts1_0 on ts1_0."TAX_STATUS_ID"=ie1_0."TAX_STATUS_ID" join "NUANBODB"."TYPE" t1_0 on t1_0."TYPE_ID"=ie1_0."TYPE_ID" where ie1_0."INVESTOR_ID"=?
[30m2026-09-03T17:44:01,073[m [30mTRACE [m[[1;34mhttp-nio-8080-exec-4[m] [36mJdbcBindingLogging[m - binding parameter (11:BIGINT) <- [1390078]
[30m2026-09-03T17:44:01,073[m [30mTRACE [m[[1;34mhttp-nio-8080-exec-2[m] [36mJdbcBindingLogging[m - binding parameter (1:BIGINT) <- [167]
[30m2026-09-03T17:44:01,073[m [30mTRACE [m[[1;34mhttp-nio-8080-exec-4[m] [36mJdbcBindingLogging[m - binding parameter (12:BIGINT) <- [1385465]
[30m2026-09-03T17:44:01,073[m [30mTRACE [m[[1;34mhttp-nio-8080-exec-4[m] [36mJdbcBindingLogging[m - binding parameter (13:BIGINT) <- [1380358]
[30m2026-09-03T17:44:01,073[m [30mTRACE [m[[1;34mhttp-nio-8080-exec-4[m] [36mJdbcBindingLogging[m - binding parameter (14:BIGINT) <- [1385472]
[30m2026-09-03T17:44:01,073[m [30mTRACE [m[[1;34mhttp-nio-8080-exec-4[m] [36mJdbcBindingLogging[m - binding parameter (15:BIGINT) <- [1387363]
[30m2026-09-03T17:44:01,073[m [30mTRACE [m[[1;34mhttp-nio-8080-exec-4[m] [36mJdbcBindingLogging[m - binding parameter (16:BIGINT) <- [1381199]
[30m2026-09-03T17:44:01,073[m [30mTRACE [m[[1;34mhttp-nio-8080-exec-4[m] [36mJdbcBindingLogging[m - binding parameter (17:BIGINT) <- [1385449]
[30m2026-09-03T17:44:01,073[m [30mTRACE [m[[1;34mhttp-nio-8080-exec-4[m] [36mJdbcBindingLogging[m - binding parameter (18:VARCHAR) <- [1]
[30m2026-09-03T17:44:01,073[m [36mDEBUG [m[[1;34mhttp-nio-8080-exec-9[m] [36mSqlStatementLogger[m - select te1_0."TYPE_ID",te1_0."CATEGORY",te1_0."DESCRIPTION" from "NUANBODB"."TYPE" te1_0 where te1_0."TYPE_ID"=?
[30m2026-09-03T17:44:01,074[m [30mTRACE [m[[1;34mhttp-nio-8080-exec-9[m] [36mJdbcBindingLogging[m - binding parameter (1:BIGINT) <- [26]
[30m2026-09-03T17:44:01,074[m [36mDEBUG [m[[1;34mhttp-nio-8080-exec-2[m] [36mSqlStatementLogger[m - select te1_0."TYPE_ID",te1_0."CATEGORY",te1_0."DESCRIPTION" from "NUANBODB"."TYPE" te1_0 where te1_0."TYPE_ID"=?
[30m2026-09-03T17:44:01,074[m [30mTRACE [m[[1;34mhttp-nio-8080-exec-2[m] [36mJdbcBindingLogging[m - binding parameter (1:BIGINT) <- [120]
[30m2026-09-03T17:44:01,074[m [36mDEBUG [m[[1;34mhttp-nio-8080-exec-2[m] [36mSqlStatementLogger[m - select se1_0."STATUS_ID",se1_0."CATEGORY",se1_0."DESCRIPTION" from "NUANBODB"."STATUS" se1_0 where se1_0."STATUS_ID"=?
[30m2026-09-03T17:44:01,074[m [30mTRACE [m[[1;34mhttp-nio-8080-exec-2[m] [36mJdbcBindingLogging[m - binding parameter (1:BIGINT) <- [570]
[30m2026-09-03T17:44:01,075[m [36mDEBUG [m[[1;34mhttp-nio-8080-exec-2[m] [36mSqlStatementLogger[m - select te1_0."TYPE_ID",te1_0."CATEGORY",te1_0."DESCRIPTION" from "NUANBODB"."TYPE" te1_0 where te1_0."TYPE_ID"=?
[30m2026-09-03T17:44:01,075[m [30mTRACE [m[[1;34mhttp-nio-8080-exec-2[m] [36mJdbcBindingLogging[m - binding parameter (1:BIGINT) <- [26]
[30m2026-09-03T17:44:01,076[m [36mDEBUG [m[[1;34mhttp-nio-8080-exec-9[m] [36mSqlStatementLogger[m - select se1_0."FRACTION",se1_0."SIDE_ID",se1_0."TRADE_ID",se1_0."BANK_ACCOUNT_ID",se1_0."BROKERAGE_SERVICE",se1_0."CAPITAL_GAIN_VALUE",se1_0."CASH_ACCOUNT",se1_0."COMMISSION_AMOUNT",se1_0."COMMISSION_PERCENTAGE",c1_0."PARTICIPANT_ID",c1_0."CODE",c1_0."COUNTRY_ID",c1_0."CUSTODIAN",c1_0."DIRECT_ALLOCATION",c1_0."DOCUMENT_NUMBER",c1_0."ENABLED",c1_0."IDENTIFICATION_TYPE_ID",c1_0."MARGIN_ACCOUNT",c1_0."MARKET_MAKER",c1_0."MASTER_ACCOUNT",c1_0."MNEMONIC",c1_0."NAME",c1_0."NIT_CLEARING_HOUSE",c1_0."REGISTRATION_DATE",c1_0."SHORT_NAME",c1_0."STATUS_ID",c1_0."TAX_CODE",c1_0."TAX_STATUS_ID",c1_0."TYPE_ID",c1_0."TYPE_ENTITY",cs1_0."STATUS_ID",cs1_0."CATEGORY",cs1_0."DESCRIPTION",se1_0."DELIVERY_VERSUS_PAYMENT_VALUE",se1_0."DIRECT_DEPOSITOR",se1_0."DISBURSEMENT_VALUE",fa1_0."PARTICIPANT_ID",fa1_0."CODE",fa1_0."COUNTRY_ID",fa1_0."CUSTODIAN",fa1_0."DIRECT_ALLOCATION",fa1_0."DOCUMENT_NUMBER",fa1_0."ENABLED",fa1_0."IDENTIFICATION_TYPE_ID",fa1_0."MARGIN_ACCOUNT",fa1_0."MARKET_MAKER",fa1_0."MASTER_ACCOUNT",fa1_0."MNEMONIC",fa1_0."NAME",fa1_0."NIT_CLEARING_HOUSE",fa1_0."REGISTRATION_DATE",fa1_0."SHORT_NAME",fa1_0."STATUS_ID",fa1_0."TAX_CODE",fa1_0."TAX_STATUS_ID",fa1_0."TYPE_ID",fa1_0."TYPE_ENTITY",se1_0."FIDUCIARY_SPECIALIST",se1_0."FRACTION_QUANTITY",se1_0."FRACTION_VOLUME",se1_0."FUNDING_AMOUNT",se1_0."IND_MASTER",se1_0."INVESTOR_ID",ia1_0."INVESTOR_ACCOUNT_ID",ia1_0."ACCOUNT_NAME",ia1_0."ACCOUNT_NUMBER",ia1_0."DEPOSITORY_ID",ia1_0."INVESTOR_ID",ia1_0."LAST_MODIFY_APPLIC",ia1_0."LAST_MODIFY_DATE",ia1_0."LAST_MODIFY_IP",ia1_0."LAST_MODIFY_USER",ia1_0."ORIGIN_TYPE_ID",ia1_0."PARTICIPANT_ID",ia1_0."STATUS_ID",ia1_0."TAX_EXEMP",ia1_0."TYPE_ID",se1_0."ISSUED_RECEIPT",se1_0."ISSUED_RECEIPT_NUMBER",se1_0."LAST_MODIFY_APPLIC",se1_0."LAST_MODIFY_DATE",se1_0."LAST_MODIFY_IP",se1_0."LAST_MODIFY_USER",se1_0."MILA_DIRECT_DEPOSITOR",se1_0."NET_AMOUNT",se1_0."NET_OUTFLOW_TOTAL",se1_0."OUTFLOW_TURNOVER_VALUE",pa1_0."PARTICIPANT_ACCOUNT_ID",pa1_0."ACCOUNT_NUMBER",pa1_0."DEPOSITORY_ID",pa1_0."IND_MASTER",pa1_0."LAST_MODIFY_APPLIC",pa1_0."LAST_MODIFY_DATE",pa1_0."LAST_MODIFY_IP",pa1_0."LAST_MODIFY_USER",pa1_0."ORIGIN_TYPE_ID",pa1_0."PARTICIPANT_ID",pa1_0."STATUS_ID",pa1_0."TAX_EXEMP",pa1_0."TYPE_ID",se1_0."PARTICIPANT_BANK_ACCOUNT_ID",se1_0."REFERENCE",se1_0."REFERENCE_ALLOC_ID",se1_0."REFERENCE_PACKAGE",se1_0."REPO_AMOUNT",se1_0."RETURN_TURNOVER_VALUE",se1_0."SETTLEMENT_AMOUNT",se1_0."SOURCE_QUOTE_TYPE_ID",se1_0."STATUS_ID",se1_0."TRADING_SYSTEM_ID",se1_0."TRANSFER_VALUE",se1_0."UNIQUE_FRACTION_ID",se1_0."VAL_TAX",se1_0."VAL_TAX_AMOUNT",se1_0."WITHHOLDING_TAX",se1_0."WITHHOLDING_TAX_AMOUNT" from "NUANBODB"."SETTLEMENT" se1_0 left join "NUANBODB"."TRADE" t1_0 on t1_0."TRADE_ID"=se1_0."TRADE_ID" left join "NUANBODB"."SIDE" s1_0 on s1_0."SIDE_ID"=se1_0."SIDE_ID" left join "NUANBODB"."PARTICIPANT" c1_0 on c1_0."PARTICIPANT_ID"=se1_0."CUSTODIAN_ID" left join "NUANBODB"."STATUS" cs1_0 on cs1_0."STATUS_ID"=se1_0."CUSTODIAN_STATUS_ID" left join "NUANBODB"."PARTICIPANT" fa1_0 on fa1_0."PARTICIPANT_ID"=se1_0."FIC_ADMINISTRATOR_ID" left join "NUANBODB"."INVESTOR_ACCOUNT" ia1_0 on ia1_0."INVESTOR_ACCOUNT_ID"=se1_0."INVESTOR_ACCOUNT_ID" left join "NUANBODB"."PARTICIPANT_ACCOUNT" pa1_0 on pa1_0."PARTICIPANT_ACCOUNT_ID"=se1_0."PARTICIPANT_ACCOUNT_ID" where t1_0."TRADE_ID" in (?,?,?,?,?,?,?,?,?,?,?,?,?,?,?,?,?,?,?) and s1_0."SIDE_ID"=?
[30m2026-09-03T17:44:01,076[m [30mTRACE [m[[1;34mhttp-nio-8080-exec-9[m] [36mJdbcBindingLogging[m - binding parameter (1:BIGINT) <- [1387349]
[30m2026-09-03T17:44:01,076[m [30mTRACE [m[[1;34mhttp-nio-8080-exec-9[m] [36mJdbcBindingLogging[m - binding parameter (2:BIGINT) <- [1381204]
[30m2026-09-03T17:44:01,076[m [30mTRACE [m[[1;34mhttp-nio-8080-exec-9[m] [36mJdbcBindingLogging[m - binding parameter (3:BIGINT) <- [1390100]
[30m2026-09-03T17:44:01,076[m [30mTRACE [m[[1;34mhttp-nio-8080-exec-9[m] [36mJdbcBindingLogging[m - binding parameter (4:BIGINT) <- [1385431]
[30m2026-09-03T17:44:01,076[m [30mTRACE [m[[1;34mhttp-nio-8080-exec-9[m] [36mJdbcBindingLogging[m - binding parameter (5:BIGINT) <- [1387350]
[30m2026-09-03T17:44:01,076[m [30mTRACE [m[[1;34mhttp-nio-8080-exec-9[m] [36mJdbcBindingLogging[m - binding parameter (6:BIGINT) <- [1381200]
[30m2026-09-03T17:44:01,076[m [30mTRACE [m[[1;34mhttp-nio-8080-exec-9[m] [36mJdbcBindingLogging[m - binding parameter (7:BIGINT) <- [1390098]
[30m2026-09-03T17:44:01,076[m [30mTRACE [m[[1;34mhttp-nio-8080-exec-9[m] [36mJdbcBindingLogging[m - binding parameter (8:BIGINT) <- [1390077]
[30m2026-09-03T17:44:01,076[m [30mTRACE [m[[1;34mhttp-nio-8080-exec-9[m] [36mJdbcBindingLogging[m - binding parameter (9:BIGINT) <- [1385468]
[30m2026-09-03T17:44:01,076[m [30mTRACE [m[[1;34mhttp-nio-8080-exec-9[m] [36mJdbcBindingLogging[m - binding parameter (10:BIGINT) <- [1385470]
[30m2026-09-03T17:44:01,076[m [30mTRACE [m[[1;34mhttp-nio-8080-exec-9[m] [36mJdbcBindingLogging[m - binding parameter (11:BIGINT) <- [1387352]
[30m2026-09-03T17:44:01,076[m [30mTRACE [m[[1;34mhttp-nio-8080-exec-9[m] [36mJdbcBindingLogging[m - binding parameter (12:BIGINT) <- [1390075]
[30m2026-09-03T17:44:01,076[m [30mTRACE [m[[1;34mhttp-nio-8080-exec-9[m] [36mJdbcBindingLogging[m - binding parameter (13:BIGINT) <- [1385467]
[30m2026-09-03T17:44:01,076[m [30mTRACE [m[[1;34mhttp-nio-8080-exec-9[m] [36mJdbcBindingLogging[m - binding parameter (14:BIGINT) <- [1381189]
[30m2026-09-03T17:44:01,076[m [30mTRACE [m[[1;34mhttp-nio-8080-exec-9[m] [36mJdbcBindingLogging[m - binding parameter (15:BIGINT) <- [1381222]
[30m2026-09-03T17:44:01,076[m [30mTRACE [m[[1;34mhttp-nio-8080-exec-9[m] [36mJdbcBindingLogging[m - binding parameter (16:BIGINT) <- [1387361]
[30m2026-09-03T17:44:01,077[m [30mTRACE [m[[1;34mhttp-nio-8080-exec-9[m] [36mJdbcBindingLogging[m - binding parameter (17:BIGINT) <- [1387372]
[30m2026-09-03T17:44:01,077[m [30mTRACE [m[[1;34mhttp-nio-8080-exec-9[m] [36mJdbcBindingLogging[m - binding parameter (18:BIGINT) <- [1380360]
[30m2026-09-03T17:44:01,077[m [30mTRACE [m[[1;34mhttp-nio-8080-exec-9[m] [36mJdbcBindingLogging[m - binding parameter (19:BIGINT) <- [1387370]
[30m2026-09-03T17:44:01,077[m [30mTRACE [m[[1;34mhttp-nio-8080-exec-9[m] [36mJdbcBindingLogging[m - binding parameter (20:VARCHAR) <- [1]
[30m2026-09-03T17:44:01,077[m [36mDEBUG [m[[1;34mhttp-nio-8080-exec-2[m] [36mSqlStatementLogger[m - select se1_0."FRACTION",se1_0."SIDE_ID",se1_0."TRADE_ID",se1_0."BANK_ACCOUNT_ID",se1_0."BROKERAGE_SERVICE",se1_0."CAPITAL_GAIN_VALUE",se1_0."CASH_ACCOUNT",se1_0."COMMISSION_AMOUNT",se1_0."COMMISSION_PERCENTAGE",c1_0."PARTICIPANT_ID",c1_0."CODE",c1_0."COUNTRY_ID",c1_0."CUSTODIAN",c1_0."DIRECT_ALLOCATION",c1_0."DOCUMENT_NUMBER",c1_0."ENABLED",c1_0."IDENTIFICATION_TYPE_ID",c1_0."MARGIN_ACCOUNT",c1_0."MARKET_MAKER",c1_0."MASTER_ACCOUNT",c1_0."MNEMONIC",c1_0."NAME",c1_0."NIT_CLEARING_HOUSE",c1_0."REGISTRATION_DATE",c1_0."SHORT_NAME",c1_0."STATUS_ID",c1_0."TAX_CODE",c1_0."TAX_STATUS_ID",c1_0."TYPE_ID",c1_0."TYPE_ENTITY",cs1_0."STATUS_ID",cs1_0."CATEGORY",cs1_0."DESCRIPTION",se1_0."DELIVERY_VERSUS_PAYMENT_VALUE",se1_0."DIRECT_DEPOSITOR",se1_0."DISBURSEMENT_VALUE",fa1_0."PARTICIPANT_ID",fa1_0."CODE",fa1_0."COUNTRY_ID",fa1_0."CUSTODIAN",fa1_0."DIRECT_ALLOCATION",fa1_0."DOCUMENT_NUMBER",fa1_0."ENABLED",fa1_0."IDENTIFICATION_TYPE_ID",fa1_0."MARGIN_ACCOUNT",fa1_0."MARKET_MAKER",fa1_0."MASTER_ACCOUNT",fa1_0."MNEMONIC",fa1_0."NAME",fa1_0."NIT_CLEARING_HOUSE",fa1_0."REGISTRATION_DATE",fa1_0."SHORT_NAME",fa1_0."STATUS_ID",fa1_0."TAX_CODE",fa1_0."TAX_STATUS_ID",fa1_0."TYPE_ID",fa1_0."TYPE_ENTITY",se1_0."FIDUCIARY_SPECIALIST",se1_0."FRACTION_QUANTITY",se1_0."FRACTION_VOLUME",se1_0."FUNDING_AMOUNT",se1_0."IND_MASTER",se1_0."INVESTOR_ID",ia1_0."INVESTOR_ACCOUNT_ID",ia1_0."ACCOUNT_NAME",ia1_0."ACCOUNT_NUMBER",ia1_0."DEPOSITORY_ID",ia1_0."INVESTOR_ID",ia1_0."LAST_MODIFY_APPLIC",ia1_0."LAST_MODIFY_DATE",ia1_0."LAST_MODIFY_IP",ia1_0."LAST_MODIFY_USER",ia1_0."ORIGIN_TYPE_ID",ia1_0."PARTICIPANT_ID",ia1_0."STATUS_ID",ia1_0."TAX_EXEMP",ia1_0."TYPE_ID",se1_0."ISSUED_RECEIPT",se1_0."ISSUED_RECEIPT_NUMBER",se1_0."LAST_MODIFY_APPLIC",se1_0."LAST_MODIFY_DATE",se1_0."LAST_MODIFY_IP",se1_0."LAST_MODIFY_USER",se1_0."MILA_DIRECT_DEPOSITOR",se1_0."NET_AMOUNT",se1_0."NET_OUTFLOW_TOTAL",se1_0."OUTFLOW_TURNOVER_VALUE",pa1_0."PARTICIPANT_ACCOUNT_ID",pa1_0."ACCOUNT_NUMBER",pa1_0."DEPOSITORY_ID",pa1_0."IND_MASTER",pa1_0."LAST_MODIFY_APPLIC",pa1_0."LAST_MODIFY_DATE",pa1_0."LAST_MODIFY_IP",pa1_0."LAST_MODIFY_USER",pa1_0."ORIGIN_TYPE_ID",pa1_0."PARTICIPANT_ID",pa1_0."STATUS_ID",pa1_0."TAX_EXEMP",pa1_0."TYPE_ID",se1_0."PARTICIPANT_BANK_ACCOUNT_ID",se1_0."REFERENCE",se1_0."REFERENCE_ALLOC_ID",se1_0."REFERENCE_PACKAGE",se1_0."REPO_AMOUNT",se1_0."RETURN_TURNOVER_VALUE",se1_0."SETTLEMENT_AMOUNT",se1_0."SOURCE_QUOTE_TYPE_ID",se1_0."STATUS_ID",se1_0."TRADING_SYSTEM_ID",se1_0."TRANSFER_VALUE",se1_0."UNIQUE_FRACTION_ID",se1_0."VAL_TAX",se1_0."VAL_TAX_AMOUNT",se1_0."WITHHOLDING_TAX",se1_0."WITHHOLDING_TAX_AMOUNT" from "NUANBODB"."SETTLEMENT" se1_0 left join "NUANBODB"."TRADE" t1_0 on t1_0."TRADE_ID"=se1_0."TRADE_ID" left join "NUANBODB"."SIDE" s1_0 on s1_0."SIDE_ID"=se1_0."SIDE_ID" left join "NUANBODB"."PARTICIPANT" c1_0 on c1_0."PARTICIPANT_ID"=se1_0."CUSTODIAN_ID" left join "NUANBODB"."STATUS" cs1_0 on cs1_0."STATUS_ID"=se1_0."CUSTODIAN_STATUS_ID" left join "NUANBODB"."PARTICIPANT" fa1_0 on fa1_0."PARTICIPANT_ID"=se1_0."FIC_ADMINISTRATOR_ID" left join "NUANBODB"."INVESTOR_ACCOUNT" ia1_0 on ia1_0."INVESTOR_ACCOUNT_ID"=se1_0."INVESTOR_ACCOUNT_ID" left join "NUANBODB"."PARTICIPANT_ACCOUNT" pa1_0 on pa1_0."PARTICIPANT_ACCOUNT_ID"=se1_0."PARTICIPANT_ACCOUNT_ID" where t1_0."TRADE_ID" in (?,?,?,?,?,?,?,?,?,?,?,?,?,?,?,?,?,?,?,?) and s1_0."SIDE_ID"=?
[30m2026-09-03T17:44:01,077[m [30mTRACE [m[[1;34mhttp-nio-8080-exec-2[m] [36mJdbcBindingLogging[m - binding parameter (1:BIGINT) <- [1385428]
[30m2026-09-03T17:44:01,077[m [30mTRACE [m[[1;34mhttp-nio-8080-exec-2[m] [36mJdbcBindingLogging[m - binding parameter (2:BIGINT) <- [1387348]
[30m2026-09-03T17:44:01,077[m [30mTRACE [m[[1;34mhttp-nio-8080-exec-2[m] [36mJdbcBindingLogging[m - binding parameter (3:BIGINT) <- [1390071]
[30m2026-09-03T17:44:01,077[m [30mTRACE [m[[1;34mhttp-nio-8080-exec-2[m] [36mJdbcBindingLogging[m - binding parameter (4:BIGINT) <- [1380369]
[30m2026-09-03T17:44:01,077[m [30mTRACE [m[[1;34mhttp-nio-8080-exec-2[m] [36mJdbcBindingLogging[m - binding parameter (5:BIGINT) <- [1381213]
[30m2026-09-03T17:44:01,077[m [30mTRACE [m[[1;34mhttp-nio-8080-exec-2[m] [36mJdbcBindingLogging[m - binding parameter (6:BIGINT) <- [1385469]
[30m2026-09-03T17:44:01,077[m [30mTRACE [m[[1;34mhttp-nio-8080-exec-2[m] [36mJdbcBindingLogging[m - binding parameter (7:BIGINT) <- [1381215]
[30m2026-09-03T17:44:01,077[m [30mTRACE [m[[1;34mhttp-nio-8080-exec-2[m] [36mJdbcBindingLogging[m - binding parameter (8:BIGINT) <- [1385433]
[30m2026-09-03T17:44:01,077[m [30mTRACE [m[[1;34mhttp-nio-8080-exec-2[m] [36mJdbcBindingLogging[m - binding parameter (9:BIGINT) <- [1387353]
[30m2026-09-03T17:44:01,077[m [30mTRACE [m[[1;34mhttp-nio-8080-exec-2[m] [36mJdbcBindingLogging[m - binding parameter (10:BIGINT) <- [1385432]
[30m2026-09-03T17:44:01,077[m [30mTRACE [m[[1;34mhttp-nio-8080-exec-2[m] [36mJdbcBindingLogging[m - binding parameter (11:BIGINT) <- [1390072]
[30m2026-09-03T17:44:01,077[m [30mTRACE [m[[1;34mhttp-nio-8080-exec-2[m] [36mJdbcBindingLogging[m - binding parameter (12:BIGINT) <- [1390074]
[30m2026-09-03T17:44:01,077[m [30mTRACE [m[[1;34mhttp-nio-8080-exec-2[m] [36mJdbcBindingLogging[m - binding parameter (13:BIGINT) <- [1385466]
[30m2026-09-03T17:44:01,077[m [30mTRACE [m[[1;34mhttp-nio-8080-exec-2[m] [36mJdbcBindingLogging[m - binding parameter (14:BIGINT) <- [1380359]
[30m2026-09-03T17:44:01,077[m [30mTRACE [m[[1;34mhttp-nio-8080-exec-2[m] [36mJdbcBindingLogging[m - binding parameter (15:BIGINT) <- [1381223]
[30m2026-09-03T17:44:01,078[m [30mTRACE [m[[1;34mhttp-nio-8080-exec-2[m] [36mJdbcBindingLogging[m - binding parameter (16:BIGINT) <- [1390086]
[30m2026-09-03T17:44:01,078[m [30mTRACE [m[[1;34mhttp-nio-8080-exec-2[m] [36mJdbcBindingLogging[m - binding parameter (17:BIGINT) <- [1387373]
[30m2026-09-03T17:44:01,078[m [30mTRACE [m[[1;34mhttp-nio-8080-exec-2[m] [36mJdbcBindingLogging[m - binding parameter (18:BIGINT) <- [1385452]
[30m2026-09-03T17:44:01,078[m [30mTRACE [m[[1;34mhttp-nio-8080-exec-2[m] [36mJdbcBindingLogging[m - binding parameter (19:BIGINT) <- [1380363]
[30m2026-09-03T17:44:01,078[m [30mTRACE [m[[1;34mhttp-nio-8080-exec-2[m] [36mJdbcBindingLogging[m - binding parameter (20:BIGINT) <- [1385450]
[30m2026-09-03T17:44:01,078[m [30mTRACE [m[[1;34mhttp-nio-8080-exec-2[m] [36mJdbcBindingLogging[m - binding parameter (21:VARCHAR) <- [1]
[30m2026-09-03T17:44:01,079[m [36mDEBUG [m[[1;34mhttp-nio-8080-exec-1[m] [36mSqlStatementLogger[m - select te1_0."TAXES_ID",te1_0."CODE",te1_0."COUNTRY_ID",te1_0."DESCRIPTION",te1_0."VALUE" from "NUANBODB"."TAXES" te1_0 join "NUANBODB"."COUNTRY" c1_0 on c1_0."COUNTRY_ID"=te1_0."COUNTRY_ID" where c1_0."COUNTRY_ID"=? and te1_0."CODE"=?
[30m2026-09-03T17:44:01,079[m [30mTRACE [m[[1;34mhttp-nio-8080-exec-1[m] [36mJdbcBindingLogging[m - binding parameter (1:BIGINT) <- [37]
[30m2026-09-03T17:44:01,079[m [30mTRACE [m[[1;34mhttp-nio-8080-exec-1[m] [36mJdbcBindingLogging[m - binding parameter (2:VARCHAR) <- [IVA]
[30m2026-09-03T17:44:01,080[m [36mDEBUG [m[[1;34mhttp-nio-8080-exec-1[m] [36mSqlStatementLogger[m - select ce1_0."COUNTRY_ID",ce1_0."CODE",ce1_0."CURRENCY_ID",c1_0."CURRENCY_ID",c1_0."CODE",c1_0."NAME",ce1_0."NAME",ce1_0."TIME_ZONE" from "NUANBODB"."COUNTRY" ce1_0 join "NUANBODB"."CURRENCY" c1_0 on c1_0."CURRENCY_ID"=ce1_0."CURRENCY_ID" where ce1_0."COUNTRY_ID"=?
[30m2026-09-03T17:44:01,080[m [30mTRACE [m[[1;34mhttp-nio-8080-exec-1[m] [36mJdbcBindingLogging[m - binding parameter (1:BIGINT) <- [37]
[30m2026-09-03T17:44:01,080[m [32mINFO  [m[[1;34mhttp-nio-8080-exec-1[m] [36mFractionationCountedServiceImpl[m - PERF_ASSIGNMENT_VALIDATION_BATCH batchId=dd9e9d82-82a7-426d-b4ec-6f261d17e414 inputCount=17 validCount=17 invalidCount=0 uniqueTrades=17 uniqueSides=1 uniqueParticipants=1 titleAccountResolutionRequests=17 titleAccountUniqueBusinessKeys=1 settlementLookupRequests=17 settlementUniqueTradeSides=17 settlementRepositoryCalls=1 settlementRowsLoaded=0 settlementPrefetchMs=13 cudLookupRequests=0 cudUniqueTradeSides=0 cudUniqueBusinessKeys=0 cudRepositoryCalls=0 cudRowsLoaded=0 cudPrefetchMs=0 tradePrefetchRepositoryCalls=1 tradePrefetchMs=14 sidePrefetchMs=0 participantPrefetchMs=11 accountResolutionMs=10 accountPrefetchMs=12 businessValidationMs=1 totalMs=64
[30m2026-09-03T17:44:01,081[m [32mINFO  [m[[1;34mhttp-nio-8080-exec-1[m] [36mRestClientUtils[m - Client [POST] http://operaciones-fracciones-contado-back-service/operations-fractionation-api/v1/fractionation/batch
[30m2026-09-03T17:44:01,084[m [36mDEBUG [m[[1;34mhttp-nio-8080-exec-8[m] [36mSqlStatementLogger[m - select te1_0."TAXES_ID",te1_0."CODE",te1_0."COUNTRY_ID",te1_0."DESCRIPTION",te1_0."VALUE" from "NUANBODB"."TAXES" te1_0 join "NUANBODB"."COUNTRY" c1_0 on c1_0."COUNTRY_ID"=te1_0."COUNTRY_ID" where c1_0."COUNTRY_ID"=? and te1_0."CODE"=?
[30m2026-09-03T17:44:01,084[m [30mTRACE [m[[1;34mhttp-nio-8080-exec-8[m] [36mJdbcBindingLogging[m - binding parameter (1:BIGINT) <- [37]
[30m2026-09-03T17:44:01,084[m [30mTRACE [m[[1;34mhttp-nio-8080-exec-8[m] [36mJdbcBindingLogging[m - binding parameter (2:VARCHAR) <- [IVA]
[30m2026-09-03T17:44:01,085[m [36mDEBUG [m[[1;34mhttp-nio-8080-exec-8[m] [36mSqlStatementLogger[m - select ce1_0."COUNTRY_ID",ce1_0."CODE",ce1_0."CURRENCY_ID",c1_0."CURRENCY_ID",c1_0."CODE",c1_0."NAME",ce1_0."NAME",ce1_0."TIME_ZONE" from "NUANBODB"."COUNTRY" ce1_0 join "NUANBODB"."CURRENCY" c1_0 on c1_0."CURRENCY_ID"=ce1_0."CURRENCY_ID" where ce1_0."COUNTRY_ID"=?
[30m2026-09-03T17:44:01,085[m [30mTRACE [m[[1;34mhttp-nio-8080-exec-8[m] [36mJdbcBindingLogging[m - binding parameter (1:BIGINT) <- [37]
[30m2026-09-03T17:44:01,086[m [36mDEBUG [m[[1;34mhttp-nio-8080-exec-4[m] [36mSqlStatementLogger[m - select te1_0."TAXES_ID",te1_0."CODE",te1_0."COUNTRY_ID",te1_0."DESCRIPTION",te1_0."VALUE" from "NUANBODB"."TAXES" te1_0 join "NUANBODB"."COUNTRY" c1_0 on c1_0."COUNTRY_ID"=te1_0."COUNTRY_ID" where c1_0."COUNTRY_ID"=? and te1_0."CODE"=?
[30m2026-09-03T17:44:01,086[m [30mTRACE [m[[1;34mhttp-nio-8080-exec-4[m] [36mJdbcBindingLogging[m - binding parameter (1:BIGINT) <- [37]
[30m2026-09-03T17:44:01,086[m [30mTRACE [m[[1;34mhttp-nio-8080-exec-4[m] [36mJdbcBindingLogging[m - binding parameter (2:VARCHAR) <- [IVA]
[30m2026-09-03T17:44:01,086[m [36mDEBUG [m[[1;34mhttp-nio-8080-exec-9[m] [36mSqlStatementLogger[m - select te1_0."TAXES_ID",te1_0."CODE",te1_0."COUNTRY_ID",te1_0."DESCRIPTION",te1_0."VALUE" from "NUANBODB"."TAXES" te1_0 join "NUANBODB"."COUNTRY" c1_0 on c1_0."COUNTRY_ID"=te1_0."COUNTRY_ID" where c1_0."COUNTRY_ID"=? and te1_0."CODE"=?
[30m2026-09-03T17:44:01,086[m [30mTRACE [m[[1;34mhttp-nio-8080-exec-9[m] [36mJdbcBindingLogging[m - binding parameter (1:BIGINT) <- [37]
[30m2026-09-03T17:44:01,086[m [30mTRACE [m[[1;34mhttp-nio-8080-exec-9[m] [36mJdbcBindingLogging[m - binding parameter (2:VARCHAR) <- [IVA]
[30m2026-09-03T17:44:01,087[m [36mDEBUG [m[[1;34mhttp-nio-8080-exec-2[m] [36mSqlStatementLogger[m - select te1_0."TAXES_ID",te1_0."CODE",te1_0."COUNTRY_ID",te1_0."DESCRIPTION",te1_0."VALUE" from "NUANBODB"."TAXES" te1_0 join "NUANBODB"."COUNTRY" c1_0 on c1_0."COUNTRY_ID"=te1_0."COUNTRY_ID" where c1_0."COUNTRY_ID"=? and te1_0."CODE"=?
[30m2026-09-03T17:44:01,087[m [30mTRACE [m[[1;34mhttp-nio-8080-exec-2[m] [36mJdbcBindingLogging[m - binding parameter (1:BIGINT) <- [37]
[30m2026-09-03T17:44:01,087[m [30mTRACE [m[[1;34mhttp-nio-8080-exec-2[m] [36mJdbcBindingLogging[m - binding parameter (2:VARCHAR) <- [IVA]
[30m2026-09-03T17:44:01,087[m [36mDEBUG [m[[1;34mhttp-nio-8080-exec-9[m] [36mSqlStatementLogger[m - select ce1_0."COUNTRY_ID",ce1_0."CODE",ce1_0."CURRENCY_ID",c1_0."CURRENCY_ID",c1_0."CODE",c1_0."NAME",ce1_0."NAME",ce1_0."TIME_ZONE" from "NUANBODB"."COUNTRY" ce1_0 join "NUANBODB"."CURRENCY" c1_0 on c1_0."CURRENCY_ID"=ce1_0."CURRENCY_ID" where ce1_0."COUNTRY_ID"=?
[30m2026-09-03T17:44:01,087[m [30mTRACE [m[[1;34mhttp-nio-8080-exec-9[m] [36mJdbcBindingLogging[m - binding parameter (1:BIGINT) <- [37]
[30m2026-09-03T17:44:01,087[m [36mDEBUG [m[[1;34mhttp-nio-8080-exec-2[m] [36mSqlStatementLogger[m - select ce1_0."COUNTRY_ID",ce1_0."CODE",ce1_0."CURRENCY_ID",c1_0."CURRENCY_ID",c1_0."CODE",c1_0."NAME",ce1_0."NAME",ce1_0."TIME_ZONE" from "NUANBODB"."COUNTRY" ce1_0 join "NUANBODB"."CURRENCY" c1_0 on c1_0."CURRENCY_ID"=ce1_0."CURRENCY_ID" where ce1_0."COUNTRY_ID"=?
[30m2026-09-03T17:44:01,087[m [30mTRACE [m[[1;34mhttp-nio-8080-exec-2[m] [36mJdbcBindingLogging[m - binding parameter (1:BIGINT) <- [37]
[30m2026-09-03T17:44:01,088[m [32mINFO  [m[[1;34mhttp-nio-8080-exec-2[m] [36mFractionationCountedServiceImpl[m - PERF_ASSIGNMENT_VALIDATION_BATCH batchId=dd9e9d82-82a7-426d-b4ec-6f261d17e414 inputCount=20 validCount=20 invalidCount=0 uniqueTrades=20 uniqueSides=1 uniqueParticipants=1 titleAccountResolutionRequests=20 titleAccountUniqueBusinessKeys=1 settlementLookupRequests=20 settlementUniqueTradeSides=20 settlementRepositoryCalls=1 settlementRowsLoaded=0 settlementPrefetchMs=10 cudLookupRequests=0 cudUniqueTradeSides=0 cudUniqueBusinessKeys=0 cudRepositoryCalls=0 cudRowsLoaded=0 cudPrefetchMs=0 tradePrefetchRepositoryCalls=1 tradePrefetchMs=17 sidePrefetchMs=0 participantPrefetchMs=22 accountResolutionMs=13 accountPrefetchMs=6 businessValidationMs=1 totalMs=71
[30m2026-09-03T17:44:01,088[m [32mINFO  [m[[1;34mhttp-nio-8080-exec-9[m] [36mFractionationCountedServiceImpl[m - PERF_ASSIGNMENT_VALIDATION_BATCH batchId=dd9e9d82-82a7-426d-b4ec-6f261d17e414 inputCount=19 validCount=19 invalidCount=0 uniqueTrades=19 uniqueSides=1 uniqueParticipants=1 titleAccountResolutionRequests=19 titleAccountUniqueBusinessKeys=1 settlementLookupRequests=19 settlementUniqueTradeSides=19 settlementRepositoryCalls=1 settlementRowsLoaded=0 settlementPrefetchMs=11 cudLookupRequests=0 cudUniqueTradeSides=0 cudUniqueBusinessKeys=0 cudRepositoryCalls=0 cudRowsLoaded=0 cudPrefetchMs=0 tradePrefetchRepositoryCalls=1 tradePrefetchMs=24 sidePrefetchMs=0 participantPrefetchMs=14 accountResolutionMs=13 accountPrefetchMs=6 businessValidationMs=1 totalMs=71
[30m2026-09-03T17:44:01,088[m [32mINFO  [m[[1;34mhttp-nio-8080-exec-2[m] [36mRestClientUtils[m - Client [POST] http://operaciones-fracciones-contado-back-service/operations-fractionation-api/v1/fractionation/batch
[30m2026-09-03T17:44:01,088[m [32mINFO  [m[[1;34mhttp-nio-8080-exec-9[m] [36mRestClientUtils[m - Client [POST] http://operaciones-fracciones-contado-back-service/operations-fractionation-api/v1/fractionation/batch
[30m2026-09-03T17:44:01,090[m [32mINFO  [m[[1;34mhttp-nio-8080-exec-8[m] [36mFractionationCountedServiceImpl[m - PERF_ASSIGNMENT_VALIDATION_BATCH batchId=dd9e9d82-82a7-426d-b4ec-6f261d17e414 inputCount=19 validCount=19 invalidCount=0 uniqueTrades=19 uniqueSides=1 uniqueParticipants=1 titleAccountResolutionRequests=19 titleAccountUniqueBusinessKeys=1 settlementLookupRequests=19 settlementUniqueTradeSides=19 settlementRepositoryCalls=1 settlementRowsLoaded=0 settlementPrefetchMs=14 cudLookupRequests=0 cudUniqueTradeSides=0 cudUniqueBusinessKeys=0 cudRepositoryCalls=0 cudRowsLoaded=0 cudPrefetchMs=0 tradePrefetchRepositoryCalls=1 tradePrefetchMs=15 sidePrefetchMs=0 participantPrefetchMs=15 accountResolutionMs=10 accountPrefetchMs=11 businessValidationMs=6 totalMs=73
[30m2026-09-03T17:44:01,090[m [32mINFO  [m[[1;34mhttp-nio-8080-exec-8[m] [36mRestClientUtils[m - Client [POST] http://operaciones-fracciones-contado-back-service/operations-fractionation-api/v1/fractionation/batch
[30m2026-09-03T17:44:01,091[m [36mDEBUG [m[[1;34mhttp-nio-8080-exec-4[m] [36mSqlStatementLogger[m - select ce1_0."COUNTRY_ID",ce1_0."CODE",ce1_0."CURRENCY_ID",c1_0."CURRENCY_ID",c1_0."CODE",c1_0."NAME",ce1_0."NAME",ce1_0."TIME_ZONE" from "NUANBODB"."COUNTRY" ce1_0 join "NUANBODB"."CURRENCY" c1_0 on c1_0."CURRENCY_ID"=ce1_0."CURRENCY_ID" where ce1_0."COUNTRY_ID"=?
[30m2026-09-03T17:44:01,091[m [30mTRACE [m[[1;34mhttp-nio-8080-exec-4[m] [36mJdbcBindingLogging[m - binding parameter (1:BIGINT) <- [37]
[30m2026-09-03T17:44:01,092[m [32mINFO  [m[[1;34mhttp-nio-8080-exec-4[m] [36mFractionationCountedServiceImpl[m - PERF_ASSIGNMENT_VALIDATION_BATCH batchId=dd9e9d82-82a7-426d-b4ec-6f261d17e414 inputCount=17 validCount=17 invalidCount=0 uniqueTrades=17 uniqueSides=1 uniqueParticipants=1 titleAccountResolutionRequests=17 titleAccountUniqueBusinessKeys=1 settlementLookupRequests=17 settlementUniqueTradeSides=17 settlementRepositoryCalls=1 settlementRowsLoaded=0 settlementPrefetchMs=14 cudLookupRequests=0 cudUniqueTradeSides=0 cudUniqueBusinessKeys=0 cudRepositoryCalls=0 cudRowsLoaded=0 cudPrefetchMs=0 tradePrefetchRepositoryCalls=1 tradePrefetchMs=17 sidePrefetchMs=0 participantPrefetchMs=11 accountResolutionMs=13 accountPrefetchMs=13 businessValidationMs=5 totalMs=75
[30m2026-09-03T17:44:01,092[m [32mINFO  [m[[1;34mhttp-nio-8080-exec-4[m] [36mRestClientUtils[m - Client [POST] http://operaciones-fracciones-contado-back-service/operations-fractionation-api/v1/fractionation/batch
[30m2026-09-03T17:44:01,987[m [32mINFO  [m[[1;34mhttp-nio-8080-exec-4[m] [36mFractionationCountedServiceImpl[m - PERF_ASSIGNMENT_BATCH service=cmd batchId=dd9e9d82-82a7-426d-b4ec-6f261d17e414 mode=RAW_VALIDATED configuredMaxBatchSize=80 receivedBatchSize=17 processedCount=17 successCount=17 failureCount=0 fractionationMs=895 totalMs=895
[30m2026-09-03T17:44:01,988[m [32mINFO  [m[[1;34mhttp-nio-8080-exec-4[m] [36mFractionationCountedServiceImpl[m - PERF_ASSIGNMENT_BATCH service=cmd batchId=dd9e9d82-82a7-426d-b4ec-6f261d17e414 mode=RAW configuredMaxBatchSize=80 receivedBatchSize=17 validCount=17 invalidCount=0 sentToFractionationCount=17 successCount=17 failureCount=0 totalMs=971
[30m2026-09-03T17:44:01,989[m [32mINFO  [m[[1;34mhttp-nio-8080-exec-4[m] [36mGlobalFilter[m - Request [POST /operations-cmd-api/v1/fractionation/counted-operation/batch] completed in 974 ms with status 200
[30m2026-09-03T17:44:02,052[m [32mINFO  [m[[1;34mhttp-nio-8080-exec-8[m] [36mFractionationCountedServiceImpl[m - PERF_ASSIGNMENT_BATCH service=cmd batchId=dd9e9d82-82a7-426d-b4ec-6f261d17e414 mode=RAW_VALIDATED configuredMaxBatchSize=80 receivedBatchSize=19 processedCount=19 successCount=19 failureCount=0 fractionationMs=961 totalMs=961
[30m2026-09-03T17:44:02,052[m [32mINFO  [m[[1;34mhttp-nio-8080-exec-8[m] [36mFractionationCountedServiceImpl[m - PERF_ASSIGNMENT_BATCH service=cmd batchId=dd9e9d82-82a7-426d-b4ec-6f261d17e414 mode=RAW configuredMaxBatchSize=80 receivedBatchSize=19 validCount=19 invalidCount=0 sentToFractionationCount=19 successCount=19 failureCount=0 totalMs=1035
[30m2026-09-03T17:44:02,053[m [32mINFO  [m[[1;34mhttp-nio-8080-exec-8[m] [36mGlobalFilter[m - Request [POST /operations-cmd-api/v1/fractionation/counted-operation/batch] completed in 1038 ms with status 200
[30m2026-09-03T17:44:02,154[m [32mINFO  [m[[1;34mhttp-nio-8080-exec-1[m] [36mFractionationCountedServiceImpl[m - PERF_ASSIGNMENT_BATCH service=cmd batchId=dd9e9d82-82a7-426d-b4ec-6f261d17e414 mode=RAW_VALIDATED configuredMaxBatchSize=80 receivedBatchSize=17 processedCount=17 successCount=17 failureCount=0 fractionationMs=1073 totalMs=1073
[30m2026-09-03T17:44:02,154[m [32mINFO  [m[[1;34mhttp-nio-8080-exec-1[m] [36mFractionationCountedServiceImpl[m - PERF_ASSIGNMENT_BATCH service=cmd batchId=dd9e9d82-82a7-426d-b4ec-6f261d17e414 mode=RAW configuredMaxBatchSize=80 receivedBatchSize=17 validCount=17 invalidCount=0 sentToFractionationCount=17 successCount=17 failureCount=0 totalMs=1137
[30m2026-09-03T17:44:02,155[m [32mINFO  [m[[1;34mhttp-nio-8080-exec-1[m] [36mGlobalFilter[m - Request [POST /operations-cmd-api/v1/fractionation/counted-operation/batch] completed in 1140 ms with status 200
[30m2026-09-03T17:44:02,212[m [32mINFO  [m[[1;34mhttp-nio-8080-exec-9[m] [36mFractionationCountedServiceImpl[m - PERF_ASSIGNMENT_BATCH service=cmd batchId=dd9e9d82-82a7-426d-b4ec-6f261d17e414 mode=RAW_VALIDATED configuredMaxBatchSize=80 receivedBatchSize=19 processedCount=19 successCount=19 failureCount=0 fractionationMs=1123 totalMs=1123
[30m2026-09-03T17:44:02,212[m [32mINFO  [m[[1;34mhttp-nio-8080-exec-9[m] [36mFractionationCountedServiceImpl[m - PERF_ASSIGNMENT_BATCH service=cmd batchId=dd9e9d82-82a7-426d-b4ec-6f261d17e414 mode=RAW configuredMaxBatchSize=80 receivedBatchSize=19 validCount=19 invalidCount=0 sentToFractionationCount=19 successCount=19 failureCount=0 totalMs=1195
[30m2026-09-03T17:44:02,213[m [32mINFO  [m[[1;34mhttp-nio-8080-exec-9[m] [36mGlobalFilter[m - Request [POST /operations-cmd-api/v1/fractionation/counted-operation/batch] completed in 1198 ms with status 200
[30m2026-09-03T17:44:02,384[m [32mINFO  [m[[1;34mhttp-nio-8080-exec-2[m] [36mFractionationCountedServiceImpl[m - PERF_ASSIGNMENT_BATCH service=cmd batchId=dd9e9d82-82a7-426d-b4ec-6f261d17e414 mode=RAW_VALIDATED configuredMaxBatchSize=80 receivedBatchSize=20 processedCount=20 successCount=20 failureCount=0 fractionationMs=1296 totalMs=1296
[30m2026-09-03T17:44:02,385[m [32mINFO  [m[[1;34mhttp-nio-8080-exec-2[m] [36mFractionationCountedServiceImpl[m - PERF_ASSIGNMENT_BATCH service=cmd batchId=dd9e9d82-82a7-426d-b4ec-6f261d17e414 mode=RAW configuredMaxBatchSize=80 receivedBatchSize=20 validCount=20 invalidCount=0 sentToFractionationCount=20 successCount=20 failureCount=0 totalMs=1368
[30m2026-09-03T17:44:02,386[m [32mINFO  [m[[1;34mhttp-nio-8080-exec-2[m] [36mGlobalFilter[m - Request [POST /operations-cmd-api/v1/fractionation/counted-operation/batch] completed in 1370 ms with status 200
