[30m2026-09-09T12:10:59,608[m [32mINFO  [m[[1;34mhttp-nio-8080-exec-49[m] [36mStatusUpdateBusinessRuleServiceImpl[m - [rules] START validate-trade tradeId=1549048 sideId=2 code=RULE_ASSIGNMENT
[30m2026-09-09T12:10:59,617[m [32mINFO  [m[[1;34mhttp-nio-8080-exec-49[m] [36mStatusUpdateBusinessRuleServiceImpl[m - [rules] process-rule rule=RULE_SIDE ruleId=230 result=OK status-http=4ms total=4ms
[30m2026-09-09T12:10:59,619[m [32mINFO  [m[[1;34mhttp-nio-8080-exec-49[m] [36mStatusUpdateBusinessRuleServiceImpl[m - [rules] process-rule rule=RULE_FRACTION ruleId=232 result=OK status-http=1ms total=1ms
[30m2026-09-09T12:10:59,621[m [32mINFO  [m[[1;34mhttp-nio-8080-exec-49[m] [36mStatusUpdateBusinessRuleServiceImpl[m - [rules] process-rule rule=RULE_FRACTION_CUSTODIAN ruleId=239 result=OK status-http=1ms total=1ms
[30m2026-09-09T12:10:59,623[m [32mINFO  [m[[1;34mhttp-nio-8080-exec-49[m] [36mStatusUpdateBusinessRuleServiceImpl[m - [rules] END validate-trade tradeId=1549048 sideId=2 result=OK elapsed=15ms
[30m2026-09-09T12:10:59,624[m [32mINFO  [m[[1;34mhttp-nio-8080-exec-49[m] [36mStatusUpdateBusinessRuleServiceImpl[m - PERF_ASSIGNMENT service=reglas podName=operaciones-reglas-back-app-5894db7bb6-qwpx5 operation=validateUpdateStatusTrade result=SUCCESS tradeId=1549048 side=2 totalMs=15 loadTradeMs=2 loadSettlementsAndInputMs=1 loadBusinessRulesMs=0 evaluationMs=0 tradeRepositoryCalls=1 settlementRepositoryCalls=1 businessRuleRepositoryCalls=0 statusHttpCalls=4 statusRestTotalMs=9
[30m2026-09-09T12:10:59,624[m [32mINFO  [m[[1;34mhttp-nio-8080-exec-49[m] [36mStatusUpdateBusinessRuleServiceImpl[m - PERF_RULES_STATUS_SUMMARY service=reglas podName=operaciones-reglas-back-app-5894db7bb6-qwpx5 validationCount=1 statusHttpCalls=4 statusHttpTotalMs=9 uniqueStatusTransitionKeys=4 tradeRepositoryCalls=1 settlementRepositoryCalls=1 businessRuleRepositoryCalls=0
[30m2026-09-09T12:10:59,664[m [32mINFO  [m[[1;34mhttp-nio-8080-exec-46[m] [36mStatusUpdateBusinessRuleServiceImpl[m - [rules] START validate-trade tradeId=1549049 sideId=2 code=RULE_ASSIGNMENT
[30m2026-09-09T12:10:59,671[m [32mINFO  [m[[1;34mhttp-nio-8080-exec-46[m] [36mStatusUpdateBusinessRuleServiceImpl[m - [rules] process-rule rule=RULE_SIDE ruleId=230 result=OK status-http=2ms total=2ms
[30m2026-09-09T12:10:59,674[m [32mINFO  [m[[1;34mhttp-nio-8080-exec-46[m] [36mStatusUpdateBusinessRuleServiceImpl[m - [rules] process-rule rule=RULE_FRACTION ruleId=232 result=OK status-http=2ms total=2ms
[30m2026-09-09T12:10:59,677[m [32mINFO  [m[[1;34mhttp-nio-8080-exec-46[m] [36mStatusUpdateBusinessRuleServiceImpl[m - [rules] process-rule rule=RULE_FRACTION_CUSTODIAN ruleId=239 result=OK status-http=2ms total=2ms
[30m2026-09-09T12:10:59,680[m [32mINFO  [m[[1;34mhttp-nio-8080-exec-46[m] [36mStatusUpdateBusinessRuleServiceImpl[m - [rules] END validate-trade tradeId=1549049 sideId=2 result=OK elapsed=15ms
[30m2026-09-09T12:10:59,680[m [32mINFO  [m[[1;34mhttp-nio-8080-exec-46[m] [36mStatusUpdateBusinessRuleServiceImpl[m - PERF_ASSIGNMENT service=reglas podName=operaciones-reglas-back-app-5894db7bb6-qwpx5 operation=validateUpdateStatusTrade result=SUCCESS tradeId=1549049 side=2 totalMs=16 loadTradeMs=3 loadSettlementsAndInputMs=0 loadBusinessRulesMs=0 evaluationMs=0 tradeRepositoryCalls=1 settlementRepositoryCalls=1 businessRuleRepositoryCalls=0 statusHttpCalls=4 statusRestTotalMs=9
[30m2026-09-09T12:10:59,680[m [32mINFO  [m[[1;34mhttp-nio-8080-exec-46[m] [36mStatusUpdateBusinessRuleServiceImpl[m - PERF_RULES_STATUS_SUMMARY service=reglas podName=operaciones-reglas-back-app-5894db7bb6-qwpx5 validationCount=1 statusHttpCalls=4 statusHttpTotalMs=9 uniqueStatusTransitionKeys=4 tradeRepositoryCalls=1 settlementRepositoryCalls=1 businessRuleRepositoryCalls=0
[30m2026-09-09T12:10:59,728[m [32mINFO  [m[[1;34mhttp-nio-8080-exec-50[m] [36mStatusUpdateBusinessRuleServiceImpl[m - [rules] START validate-trade tradeId=1549050 sideId=2 code=RULE_ASSIGNMENT
[30m2026-09-09T12:10:59,734[m [32mINFO  [m[[1;34mhttp-nio-8080-exec-50[m] [36mStatusUpdateBusinessRuleServiceImpl[m - [rules] process-rule rule=RULE_SIDE ruleId=230 result=OK status-http=2ms total=2ms
[30m2026-09-09T12:10:59,736[m [32mINFO  [m[[1;34mhttp-nio-8080-exec-50[m] [36mStatusUpdateBusinessRuleServiceImpl[m - [rules] process-rule rule=RULE_FRACTION ruleId=232 result=OK status-http=1ms total=1ms
[30m2026-09-09T12:10:59,738[m [32mINFO  [m[[1;34mhttp-nio-8080-exec-50[m] [36mStatusUpdateBusinessRuleServiceImpl[m - [rules] process-rule rule=RULE_FRACTION_CUSTODIAN ruleId=239 result=OK status-http=1ms total=1ms
[30m2026-09-09T12:10:59,740[m [32mINFO  [m[[1;34mhttp-nio-8080-exec-50[m] [36mStatusUpdateBusinessRuleServiceImpl[m - [rules] END validate-trade tradeId=1549050 sideId=2 result=OK elapsed=11ms
[30m2026-09-09T12:10:59,740[m [32mINFO  [m[[1;34mhttp-nio-8080-exec-50[m] [36mStatusUpdateBusinessRuleServiceImpl[m - PERF_ASSIGNMENT service=reglas podName=operaciones-reglas-back-app-5894db7bb6-qwpx5 operation=validateUpdateStatusTrade result=SUCCESS tradeId=1549050 side=2 totalMs=11 loadTradeMs=2 loadSettlementsAndInputMs=0 loadBusinessRulesMs=0 evaluationMs=0 tradeRepositoryCalls=1 settlementRepositoryCalls=1 businessRuleRepositoryCalls=0 statusHttpCalls=4 statusRestTotalMs=7
[30m2026-09-09T12:10:59,740[m [32mINFO  [m[[1;34mhttp-nio-8080-exec-50[m] [36mStatusUpdateBusinessRuleServiceImpl[m - PERF_RULES_STATUS_SUMMARY service=reglas podName=operaciones-reglas-back-app-5894db7bb6-qwpx5 validationCount=1 statusHttpCalls=4 statusHttpTotalMs=7 uniqueStatusTransitionKeys=4 tradeRepositoryCalls=1 settlementRepositoryCalls=1 businessRuleRepositoryCalls=0
[30m2026-09-09T12:10:59,780[m [32mINFO  [m[[1;34mhttp-nio-8080-exec-51[m] [36mStatusUpdateBusinessRuleServiceImpl[m - [rules] START validate-trade tradeId=1549051 sideId=2 code=RULE_ASSIGNMENT
[30m2026-09-09T12:10:59,786[m [32mINFO  [m[[1;34mhttp-nio-8080-exec-51[m] [36mStatusUpdateBusinessRuleServiceImpl[m - [rules] process-rule rule=RULE_SIDE ruleId=230 result=OK status-http=2ms total=2ms
[30m2026-09-09T12:10:59,787[m [32mINFO  [m[[1;34mhttp-nio-8080-exec-51[m] [36mStatusUpdateBusinessRuleServiceImpl[m - [rules] process-rule rule=RULE_FRACTION ruleId=232 result=OK status-http=1ms total=1ms
[30m2026-09-09T12:10:59,789[m [32mINFO  [m[[1;34mhttp-nio-8080-exec-51[m] [36mStatusUpdateBusinessRuleServiceImpl[m - [rules] process-rule rule=RULE_FRACTION_CUSTODIAN ruleId=239 result=OK status-http=1ms total=1ms
[30m2026-09-09T12:10:59,793[m [32mINFO  [m[[1;34mhttp-nio-8080-exec-51[m] [36mStatusUpdateBusinessRuleServiceImpl[m - [rules] END validate-trade tradeId=1549051 sideId=2 result=OK elapsed=12ms
[30m2026-09-09T12:10:59,793[m [32mINFO  [m[[1;34mhttp-nio-8080-exec-51[m] [36mStatusUpdateBusinessRuleServiceImpl[m - PERF_ASSIGNMENT service=reglas podName=operaciones-reglas-back-app-5894db7bb6-qwpx5 operation=validateUpdateStatusTrade result=SUCCESS tradeId=1549051 side=2 totalMs=12 loadTradeMs=1 loadSettlementsAndInputMs=1 loadBusinessRulesMs=0 evaluationMs=0 tradeRepositoryCalls=1 settlementRepositoryCalls=1 businessRuleRepositoryCalls=0 statusHttpCalls=4 statusRestTotalMs=8
[30m2026-09-09T12:10:59,793[m [32mINFO  [m[[1;34mhttp-nio-8080-exec-51[m] [36mStatusUpdateBusinessRuleServiceImpl[m - PERF_RULES_STATUS_SUMMARY service=reglas podName=operaciones-reglas-back-app-5894db7bb6-qwpx5 validationCount=1 statusHttpCalls=4 statusHttpTotalMs=8 uniqueStatusTransitionKeys=4 tradeRepositoryCalls=1 settlementRepositoryCalls=1 businessRuleRepositoryCalls=0
[30m2026-09-09T12:10:59,836[m [32mINFO  [m[[1;34mhttp-nio-8080-exec-48[m] [36mStatusUpdateBusinessRuleServiceImpl[m - [rules] START validate-trade tradeId=1549052 sideId=2 code=RULE_ASSIGNMENT
[30m2026-09-09T12:10:59,841[m [32mINFO  [m[[1;34mhttp-nio-8080-exec-48[m] [36mStatusUpdateBusinessRuleServiceImpl[m - [rules] process-rule rule=RULE_SIDE ruleId=230 result=OK status-http=1ms total=2ms
[30m2026-09-09T12:10:59,844[m [32mINFO  [m[[1;34mhttp-nio-8080-exec-48[m] [36mStatusUpdateBusinessRuleServiceImpl[m - [rules] process-rule rule=RULE_FRACTION ruleId=232 result=OK status-http=2ms total=2ms
[30m2026-09-09T12:10:59,846[m [32mINFO  [m[[1;34mhttp-nio-8080-exec-48[m] [36mStatusUpdateBusinessRuleServiceImpl[m - [rules] process-rule rule=RULE_FRACTION_CUSTODIAN ruleId=239 result=OK status-http=2ms total=2ms
[30m2026-09-09T12:10:59,849[m [32mINFO  [m[[1;34mhttp-nio-8080-exec-48[m] [36mStatusUpdateBusinessRuleServiceImpl[m - [rules] END validate-trade tradeId=1549052 sideId=2 result=OK elapsed=13ms
[30m2026-09-09T12:10:59,849[m [32mINFO  [m[[1;34mhttp-nio-8080-exec-48[m] [36mStatusUpdateBusinessRuleServiceImpl[m - PERF_ASSIGNMENT service=reglas podName=operaciones-reglas-back-app-5894db7bb6-qwpx5 operation=validateUpdateStatusTrade result=SUCCESS tradeId=1549052 side=2 totalMs=13 loadTradeMs=2 loadSettlementsAndInputMs=0 loadBusinessRulesMs=0 evaluationMs=0 tradeRepositoryCalls=1 settlementRepositoryCalls=1 businessRuleRepositoryCalls=0 statusHttpCalls=4 statusRestTotalMs=8
[30m2026-09-09T12:10:59,849[m [32mINFO  [m[[1;34mhttp-nio-8080-exec-48[m] [36mStatusUpdateBusinessRuleServiceImpl[m - PERF_RULES_STATUS_SUMMARY service=reglas podName=operaciones-reglas-back-app-5894db7bb6-qwpx5 validationCount=1 statusHttpCalls=4 statusHttpTotalMs=8 uniqueStatusTransitionKeys=4 tradeRepositoryCalls=1 settlementRepositoryCalls=1 businessRuleRepositoryCalls=0
[30m2026-09-09T12:10:59,890[m [32mINFO  [m[[1;34mhttp-nio-8080-exec-52[m] [36mStatusUpdateBusinessRuleServiceImpl[m - [rules] START validate-trade tradeId=1549053 sideId=2 code=RULE_ASSIGNMENT
[30m2026-09-09T12:10:59,896[m [32mINFO  [m[[1;34mhttp-nio-8080-exec-52[m] [36mStatusUpdateBusinessRuleServiceImpl[m - [rules] process-rule rule=RULE_SIDE ruleId=230 result=OK status-http=2ms total=2ms
[30m2026-09-09T12:10:59,898[m [32mINFO  [m[[1;34mhttp-nio-8080-exec-52[m] [36mStatusUpdateBusinessRuleServiceImpl[m - [rules] process-rule rule=RULE_FRACTION ruleId=232 result=OK status-http=1ms total=1ms
[30m2026-09-09T12:10:59,900[m [32mINFO  [m[[1;34mhttp-nio-8080-exec-52[m] [36mStatusUpdateBusinessRuleServiceImpl[m - [rules] process-rule rule=RULE_FRACTION_CUSTODIAN ruleId=239 result=OK status-http=1ms total=1ms
[30m2026-09-09T12:10:59,901[m [32mINFO  [m[[1;34mhttp-nio-8080-exec-52[m] [36mStatusUpdateBusinessRuleServiceImpl[m - [rules] END validate-trade tradeId=1549053 sideId=2 result=OK elapsed=10ms
[30m2026-09-09T12:10:59,901[m [32mINFO  [m[[1;34mhttp-nio-8080-exec-52[m] [36mStatusUpdateBusinessRuleServiceImpl[m - PERF_ASSIGNMENT service=reglas podName=operaciones-reglas-back-app-5894db7bb6-qwpx5 operation=validateUpdateStatusTrade result=SUCCESS tradeId=1549053 side=2 totalMs=11 loadTradeMs=2 loadSettlementsAndInputMs=0 loadBusinessRulesMs=0 evaluationMs=0 tradeRepositoryCalls=1 settlementRepositoryCalls=1 businessRuleRepositoryCalls=0 statusHttpCalls=4 statusRestTotalMs=6
[30m2026-09-09T12:10:59,902[m [32mINFO  [m[[1;34mhttp-nio-8080-exec-52[m] [36mStatusUpdateBusinessRuleServiceImpl[m - PERF_RULES_STATUS_SUMMARY service=reglas podName=operaciones-reglas-back-app-5894db7bb6-qwpx5 validationCount=1 statusHttpCalls=4 statusHttpTotalMs=6 uniqueStatusTransitionKeys=4 tradeRepositoryCalls=1 settlementRepositoryCalls=1 businessRuleRepositoryCalls=0
[30m2026-09-09T12:10:59,942[m [32mINFO  [m[[1;34mhttp-nio-8080-exec-53[m] [36mStatusUpdateBusinessRuleServiceImpl[m - [rules] START validate-trade tradeId=1549054 sideId=2 code=RULE_ASSIGNMENT
[30m2026-09-09T12:10:59,948[m [32mINFO  [m[[1;34mhttp-nio-8080-exec-53[m] [36mStatusUpdateBusinessRuleServiceImpl[m - [rules] process-rule rule=RULE_SIDE ruleId=230 result=OK status-http=1ms total=2ms
[30m2026-09-09T12:10:59,950[m [32mINFO  [m[[1;34mhttp-nio-8080-exec-53[m] [36mStatusUpdateBusinessRuleServiceImpl[m - [rules] process-rule rule=RULE_FRACTION ruleId=232 result=OK status-http=1ms total=1ms
[30m2026-09-09T12:10:59,952[m [32mINFO  [m[[1;34mhttp-nio-8080-exec-53[m] [36mStatusUpdateBusinessRuleServiceImpl[m - [rules] process-rule rule=RULE_FRACTION_CUSTODIAN ruleId=239 result=OK status-http=1ms total=1ms
[30m2026-09-09T12:10:59,954[m [32mINFO  [m[[1;34mhttp-nio-8080-exec-53[m] [36mStatusUpdateBusinessRuleServiceImpl[m - [rules] END validate-trade tradeId=1549054 sideId=2 result=OK elapsed=11ms
[30m2026-09-09T12:10:59,954[m [32mINFO  [m[[1;34mhttp-nio-8080-exec-53[m] [36mStatusUpdateBusinessRuleServiceImpl[m - PERF_ASSIGNMENT service=reglas podName=operaciones-reglas-back-app-5894db7bb6-qwpx5 operation=validateUpdateStatusTrade result=SUCCESS tradeId=1549054 side=2 totalMs=11 loadTradeMs=2 loadSettlementsAndInputMs=0 loadBusinessRulesMs=0 evaluationMs=0 tradeRepositoryCalls=1 settlementRepositoryCalls=1 businessRuleRepositoryCalls=0 statusHttpCalls=4 statusRestTotalMs=6
[30m2026-09-09T12:10:59,954[m [32mINFO  [m[[1;34mhttp-nio-8080-exec-53[m] [36mStatusUpdateBusinessRuleServiceImpl[m - PERF_RULES_STATUS_SUMMARY service=reglas podName=operaciones-reglas-back-app-5894db7bb6-qwpx5 validationCount=1 statusHttpCalls=4 statusHttpTotalMs=6 uniqueStatusTransitionKeys=4 tradeRepositoryCalls=1 settlementRepositoryCalls=1 businessRuleRepositoryCalls=0
[30m2026-09-09T12:10:59,993[m [32mINFO  [m[[1;34mhttp-nio-8080-exec-54[m] [36mStatusUpdateBusinessRuleServiceImpl[m - [rules] START validate-trade tradeId=1549055 sideId=2 code=RULE_ASSIGNMENT
[30m2026-09-09T12:10:59,998[m [32mINFO  [m[[1;34mhttp-nio-8080-exec-54[m] [36mStatusUpdateBusinessRuleServiceImpl[m - [rules] process-rule rule=RULE_SIDE ruleId=230 result=OK status-http=2ms total=2ms
[30m2026-09-09T12:11:00,057[m [32mINFO  [m[[1;34mhttp-nio-8080-exec-54[m] [36mStatusUpdateBusinessRuleServiceImpl[m - [rules] process-rule rule=RULE_FRACTION ruleId=232 result=OK status-http=58ms total=58ms
[30m2026-09-09T12:11:00,083[m [32mINFO  [m[[1;34mhttp-nio-8080-exec-54[m] [36mStatusUpdateBusinessRuleServiceImpl[m - [rules] process-rule rule=RULE_FRACTION_CUSTODIAN ruleId=239 result=OK status-http=23ms total=23ms
[30m2026-09-09T12:11:00,090[m [32mINFO  [m[[1;34mhttp-nio-8080-exec-54[m] [36mStatusUpdateBusinessRuleServiceImpl[m - [rules] END validate-trade tradeId=1549055 sideId=2 result=OK elapsed=97ms
[30m2026-09-09T12:11:00,091[m [32mINFO  [m[[1;34mhttp-nio-8080-exec-54[m] [36mStatusUpdateBusinessRuleServiceImpl[m - PERF_ASSIGNMENT service=reglas podName=operaciones-reglas-back-app-5894db7bb6-qwpx5 operation=validateUpdateStatusTrade result=SUCCESS tradeId=1549055 side=2 totalMs=97 loadTradeMs=2 loadSettlementsAndInputMs=0 loadBusinessRulesMs=0 evaluationMs=1 tradeRepositoryCalls=1 settlementRepositoryCalls=1 businessRuleRepositoryCalls=0 statusHttpCalls=4 statusRestTotalMs=90
[30m2026-09-09T12:11:00,091[m [32mINFO  [m[[1;34mhttp-nio-8080-exec-54[m] [36mStatusUpdateBusinessRuleServiceImpl[m - PERF_RULES_STATUS_SUMMARY service=reglas podName=operaciones-reglas-back-app-5894db7bb6-qwpx5 validationCount=1 statusHttpCalls=4 statusHttpTotalMs=90 uniqueStatusTransitionKeys=4 tradeRepositoryCalls=1 settlementRepositoryCalls=1 businessRuleRepositoryCalls=0
[30m2026-09-09T12:11:00,153[m [32mINFO  [m[[1;34mhttp-nio-8080-exec-55[m] [36mStatusUpdateBusinessRuleServiceImpl[m - [rules] START validate-trade tradeId=1549056 sideId=2 code=RULE_ASSIGNMENT
[30m2026-09-09T12:11:00,161[m [32mINFO  [m[[1;34mhttp-nio-8080-exec-55[m] [36mStatusUpdateBusinessRuleServiceImpl[m - [rules] process-rule rule=RULE_SIDE ruleId=230 result=OK status-http=2ms total=3ms
[30m2026-09-09T12:11:00,163[m [32mINFO  [m[[1;34mhttp-nio-8080-exec-55[m] [36mStatusUpdateBusinessRuleServiceImpl[m - [rules] process-rule rule=RULE_FRACTION ruleId=232 result=OK status-http=2ms total=2ms
[30m2026-09-09T12:11:00,166[m [32mINFO  [m[[1;34mhttp-nio-8080-exec-55[m] [36mStatusUpdateBusinessRuleServiceImpl[m - [rules] process-rule rule=RULE_FRACTION_CUSTODIAN ruleId=239 result=OK status-http=2ms total=2ms
[30m2026-09-09T12:11:00,172[m [32mINFO  [m[[1;34mhttp-nio-8080-exec-55[m] [36mStatusUpdateBusinessRuleServiceImpl[m - [rules] END validate-trade tradeId=1549056 sideId=2 result=OK elapsed=19ms
[30m2026-09-09T12:11:00,172[m [32mINFO  [m[[1;34mhttp-nio-8080-exec-55[m] [36mStatusUpdateBusinessRuleServiceImpl[m - PERF_ASSIGNMENT service=reglas podName=operaciones-reglas-back-app-5894db7bb6-qwpx5 operation=validateUpdateStatusTrade result=SUCCESS tradeId=1549056 side=2 totalMs=19 loadTradeMs=2 loadSettlementsAndInputMs=1 loadBusinessRulesMs=0 evaluationMs=0 tradeRepositoryCalls=1 settlementRepositoryCalls=1 businessRuleRepositoryCalls=0 statusHttpCalls=4 statusRestTotalMs=13
[30m2026-09-09T12:11:00,172[m [32mINFO  [m[[1;34mhttp-nio-8080-exec-55[m] [36mStatusUpdateBusinessRuleServiceImpl[m - PERF_RULES_STATUS_SUMMARY service=reglas podName=operaciones-reglas-back-app-5894db7bb6-qwpx5 validationCount=1 statusHttpCalls=4 statusHttpTotalMs=13 uniqueStatusTransitionKeys=4 tradeRepositoryCalls=1 settlementRepositoryCalls=1 businessRuleRepositoryCalls=0
[30m2026-09-09T12:11:00,227[m [32mINFO  [m[[1;34mhttp-nio-8080-exec-59[m] [36mStatusUpdateBusinessRuleServiceImpl[m - [rules] START validate-trade tradeId=1549057 sideId=2 code=RULE_ASSIGNMENT
[30m2026-09-09T12:11:00,240[m [32mINFO  [m[[1;34mhttp-nio-8080-exec-59[m] [36mStatusUpdateBusinessRuleServiceImpl[m - [rules] process-rule rule=RULE_SIDE ruleId=230 result=OK status-http=3ms total=4ms
[30m2026-09-09T12:11:00,243[m [32mINFO  [m[[1;34mhttp-nio-8080-exec-59[m] [36mStatusUpdateBusinessRuleServiceImpl[m - [rules] process-rule rule=RULE_FRACTION ruleId=232 result=OK status-http=3ms total=3ms
[30m2026-09-09T12:11:00,251[m [32mINFO  [m[[1;34mhttp-nio-8080-exec-59[m] [36mStatusUpdateBusinessRuleServiceImpl[m - [rules] process-rule rule=RULE_FRACTION_CUSTODIAN ruleId=239 result=OK status-http=6ms total=7ms
[30m2026-09-09T12:11:00,257[m [32mINFO  [m[[1;34mhttp-nio-8080-exec-59[m] [36mStatusUpdateBusinessRuleServiceImpl[m - [rules] END validate-trade tradeId=1549057 sideId=2 result=OK elapsed=30ms
[30m2026-09-09T12:11:00,257[m [32mINFO  [m[[1;34mhttp-nio-8080-exec-59[m] [36mStatusUpdateBusinessRuleServiceImpl[m - PERF_ASSIGNMENT service=reglas podName=operaciones-reglas-back-app-5894db7bb6-qwpx5 operation=validateUpdateStatusTrade result=SUCCESS tradeId=1549057 side=2 totalMs=30 loadTradeMs=4 loadSettlementsAndInputMs=4 loadBusinessRulesMs=0 evaluationMs=0 tradeRepositoryCalls=1 settlementRepositoryCalls=1 businessRuleRepositoryCalls=0 statusHttpCalls=4 statusRestTotalMs=19
[30m2026-09-09T12:11:00,257[m [32mINFO  [m[[1;34mhttp-nio-8080-exec-59[m] [36mStatusUpdateBusinessRuleServiceImpl[m - PERF_RULES_STATUS_SUMMARY service=reglas podName=operaciones-reglas-back-app-5894db7bb6-qwpx5 validationCount=1 statusHttpCalls=4 statusHttpTotalMs=19 uniqueStatusTransitionKeys=4 tradeRepositoryCalls=1 settlementRepositoryCalls=1 businessRuleRepositoryCalls=0
[30m2026-09-09T12:11:00,320[m [32mINFO  [m[[1;34mhttp-nio-8080-exec-56[m] [36mStatusUpdateBusinessRuleServiceImpl[m - [rules] START validate-trade tradeId=1549058 sideId=2 code=RULE_ASSIGNMENT
[30m2026-09-09T12:11:00,327[m [32mINFO  [m[[1;34mhttp-nio-8080-exec-56[m] [36mStatusUpdateBusinessRuleServiceImpl[m - [rules] process-rule rule=RULE_SIDE ruleId=230 result=OK status-http=2ms total=2ms
[30m2026-09-09T12:11:00,330[m [32mINFO  [m[[1;34mhttp-nio-8080-exec-56[m] [36mStatusUpdateBusinessRuleServiceImpl[m - [rules] process-rule rule=RULE_FRACTION ruleId=232 result=OK status-http=2ms total=2ms
[30m2026-09-09T12:11:00,334[m [32mINFO  [m[[1;34mhttp-nio-8080-exec-56[m] [36mStatusUpdateBusinessRuleServiceImpl[m - [rules] process-rule rule=RULE_FRACTION_CUSTODIAN ruleId=239 result=OK status-http=3ms total=3ms
[30m2026-09-09T12:11:00,344[m [32mINFO  [m[[1;34mhttp-nio-8080-exec-56[m] [36mStatusUpdateBusinessRuleServiceImpl[m - [rules] END validate-trade tradeId=1549058 sideId=2 result=OK elapsed=23ms
[30m2026-09-09T12:11:00,344[m [32mINFO  [m[[1;34mhttp-nio-8080-exec-56[m] [36mStatusUpdateBusinessRuleServiceImpl[m - PERF_ASSIGNMENT service=reglas podName=operaciones-reglas-back-app-5894db7bb6-qwpx5 operation=validateUpdateStatusTrade result=SUCCESS tradeId=1549058 side=2 totalMs=23 loadTradeMs=3 loadSettlementsAndInputMs=0 loadBusinessRulesMs=0 evaluationMs=6 tradeRepositoryCalls=1 settlementRepositoryCalls=1 businessRuleRepositoryCalls=0 statusHttpCalls=4 statusRestTotalMs=11
[30m2026-09-09T12:11:00,344[m [32mINFO  [m[[1;34mhttp-nio-8080-exec-56[m] [36mStatusUpdateBusinessRuleServiceImpl[m - PERF_RULES_STATUS_SUMMARY service=reglas podName=operaciones-reglas-back-app-5894db7bb6-qwpx5 validationCount=1 statusHttpCalls=4 statusHttpTotalMs=11 uniqueStatusTransitionKeys=4 tradeRepositoryCalls=1 settlementRepositoryCalls=1 businessRuleRepositoryCalls=0
[30m2026-09-09T12:11:00,408[m [32mINFO  [m[[1;34mhttp-nio-8080-exec-57[m] [36mStatusUpdateBusinessRuleServiceImpl[m - [rules] START validate-trade tradeId=1549059 sideId=2 code=RULE_ASSIGNMENT
[30m2026-09-09T12:11:00,415[m [32mINFO  [m[[1;34mhttp-nio-8080-exec-57[m] [36mStatusUpdateBusinessRuleServiceImpl[m - [rules] process-rule rule=RULE_SIDE ruleId=230 result=OK status-http=2ms total=2ms
[30m2026-09-09T12:11:00,417[m [32mINFO  [m[[1;34mhttp-nio-8080-exec-57[m] [36mStatusUpdateBusinessRuleServiceImpl[m - [rules] process-rule rule=RULE_FRACTION ruleId=232 result=OK status-http=2ms total=2ms
[30m2026-09-09T12:11:00,419[m [32mINFO  [m[[1;34mhttp-nio-8080-exec-57[m] [36mStatusUpdateBusinessRuleServiceImpl[m - [rules] process-rule rule=RULE_FRACTION_CUSTODIAN ruleId=239 result=OK status-http=1ms total=1ms
[30m2026-09-09T12:11:00,421[m [32mINFO  [m[[1;34mhttp-nio-8080-exec-57[m] [36mStatusUpdateBusinessRuleServiceImpl[m - [rules] END validate-trade tradeId=1549059 sideId=2 result=OK elapsed=12ms
[30m2026-09-09T12:11:00,422[m [32mINFO  [m[[1;34mhttp-nio-8080-exec-57[m] [36mStatusUpdateBusinessRuleServiceImpl[m - PERF_ASSIGNMENT service=reglas podName=operaciones-reglas-back-app-5894db7bb6-qwpx5 operation=validateUpdateStatusTrade result=SUCCESS tradeId=1549059 side=2 totalMs=13 loadTradeMs=2 loadSettlementsAndInputMs=0 loadBusinessRulesMs=0 evaluationMs=0 tradeRepositoryCalls=1 settlementRepositoryCalls=1 businessRuleRepositoryCalls=0 statusHttpCalls=4 statusRestTotalMs=8
[30m2026-09-09T12:11:00,422[m [32mINFO  [m[[1;34mhttp-nio-8080-exec-57[m] [36mStatusUpdateBusinessRuleServiceImpl[m - PERF_RULES_STATUS_SUMMARY service=reglas podName=operaciones-reglas-back-app-5894db7bb6-qwpx5 validationCount=1 statusHttpCalls=4 statusHttpTotalMs=8 uniqueStatusTransitionKeys=4 tradeRepositoryCalls=1 settlementRepositoryCalls=1 businessRuleRepositoryCalls=0
[30m2026-09-09T12:11:00,493[m [32mINFO  [m[[1;34mhttp-nio-8080-exec-60[m] [36mStatusUpdateBusinessRuleServiceImpl[m - [rules] START validate-trade tradeId=1549060 sideId=2 code=RULE_ASSIGNMENT
[30m2026-09-09T12:11:00,499[m [32mINFO  [m[[1;34mhttp-nio-8080-exec-60[m] [36mStatusUpdateBusinessRuleServiceImpl[m - [rules] process-rule rule=RULE_SIDE ruleId=230 result=OK status-http=2ms total=2ms
[30m2026-09-09T12:11:00,501[m [32mINFO  [m[[1;34mhttp-nio-8080-exec-60[m] [36mStatusUpdateBusinessRuleServiceImpl[m - [rules] process-rule rule=RULE_FRACTION ruleId=232 result=OK status-http=1ms total=2ms
[30m2026-09-09T12:11:00,504[m [32mINFO  [m[[1;34mhttp-nio-8080-exec-60[m] [36mStatusUpdateBusinessRuleServiceImpl[m - [rules] process-rule rule=RULE_FRACTION_CUSTODIAN ruleId=239 result=OK status-http=1ms total=1ms
[30m2026-09-09T12:11:00,505[m [32mINFO  [m[[1;34mhttp-nio-8080-exec-60[m] [36mStatusUpdateBusinessRuleServiceImpl[m - [rules] END validate-trade tradeId=1549060 sideId=2 result=OK elapsed=12ms
[30m2026-09-09T12:11:00,506[m [32mINFO  [m[[1;34mhttp-nio-8080-exec-60[m] [36mStatusUpdateBusinessRuleServiceImpl[m - PERF_ASSIGNMENT service=reglas podName=operaciones-reglas-back-app-5894db7bb6-qwpx5 operation=validateUpdateStatusTrade result=SUCCESS tradeId=1549060 side=2 totalMs=12 loadTradeMs=2 loadSettlementsAndInputMs=0 loadBusinessRulesMs=0 evaluationMs=0 tradeRepositoryCalls=1 settlementRepositoryCalls=1 businessRuleRepositoryCalls=0 statusHttpCalls=4 statusRestTotalMs=7
[30m2026-09-09T12:11:00,506[m [32mINFO  [m[[1;34mhttp-nio-8080-exec-60[m] [36mStatusUpdateBusinessRuleServiceImpl[m - PERF_RULES_STATUS_SUMMARY service=reglas podName=operaciones-reglas-back-app-5894db7bb6-qwpx5 validationCount=1 statusHttpCalls=4 statusHttpTotalMs=7 uniqueStatusTransitionKeys=4 tradeRepositoryCalls=1 settlementRepositoryCalls=1 businessRuleRepositoryCalls=0
[30m2026-09-09T12:11:00,559[m [32mINFO  [m[[1;34mhttp-nio-8080-exec-61[m] [36mStatusUpdateBusinessRuleServiceImpl[m - [rules] START validate-trade tradeId=1549061 sideId=2 code=RULE_ASSIGNMENT
[30m2026-09-09T12:11:00,565[m [32mINFO  [m[[1;34mhttp-nio-8080-exec-61[m] [36mStatusUpdateBusinessRuleServiceImpl[m - [rules] process-rule rule=RULE_SIDE ruleId=230 result=OK status-http=2ms total=2ms
[30m2026-09-09T12:11:00,567[m [32mINFO  [m[[1;34mhttp-nio-8080-exec-61[m] [36mStatusUpdateBusinessRuleServiceImpl[m - [rules] process-rule rule=RULE_FRACTION ruleId=232 result=OK status-http=2ms total=2ms
[30m2026-09-09T12:11:00,569[m [32mINFO  [m[[1;34mhttp-nio-8080-exec-61[m] [36mStatusUpdateBusinessRuleServiceImpl[m - [rules] process-rule rule=RULE_FRACTION_CUSTODIAN ruleId=239 result=OK status-http=1ms total=1ms
[30m2026-09-09T12:11:00,572[m [32mINFO  [m[[1;34mhttp-nio-8080-exec-61[m] [36mStatusUpdateBusinessRuleServiceImpl[m - [rules] END validate-trade tradeId=1549061 sideId=2 result=OK elapsed=12ms
[30m2026-09-09T12:11:00,572[m [32mINFO  [m[[1;34mhttp-nio-8080-exec-61[m] [36mStatusUpdateBusinessRuleServiceImpl[m - PERF_ASSIGNMENT service=reglas podName=operaciones-reglas-back-app-5894db7bb6-qwpx5 operation=validateUpdateStatusTrade result=SUCCESS tradeId=1549061 side=2 totalMs=12 loadTradeMs=2 loadSettlementsAndInputMs=0 loadBusinessRulesMs=0 evaluationMs=0 tradeRepositoryCalls=1 settlementRepositoryCalls=1 businessRuleRepositoryCalls=0 statusHttpCalls=4 statusRestTotalMs=8
[30m2026-09-09T12:11:00,572[m [32mINFO  [m[[1;34mhttp-nio-8080-exec-61[m] [36mStatusUpdateBusinessRuleServiceImpl[m - PERF_RULES_STATUS_SUMMARY service=reglas podName=operaciones-reglas-back-app-5894db7bb6-qwpx5 validationCount=1 statusHttpCalls=4 statusHttpTotalMs=8 uniqueStatusTransitionKeys=4 tradeRepositoryCalls=1 settlementRepositoryCalls=1 businessRuleRepositoryCalls=0
[30m2026-09-09T12:11:00,616[m [32mINFO  [m[[1;34mhttp-nio-8080-exec-58[m] [36mStatusUpdateBusinessRuleServiceImpl[m - [rules] START validate-trade tradeId=1549062 sideId=2 code=RULE_ASSIGNMENT
[30m2026-09-09T12:11:00,623[m [32mINFO  [m[[1;34mhttp-nio-8080-exec-58[m] [36mStatusUpdateBusinessRuleServiceImpl[m - [rules] process-rule rule=RULE_SIDE ruleId=230 result=OK status-http=2ms total=2ms
[30m2026-09-09T12:11:00,625[m [32mINFO  [m[[1;34mhttp-nio-8080-exec-58[m] [36mStatusUpdateBusinessRuleServiceImpl[m - [rules] process-rule rule=RULE_FRACTION ruleId=232 result=OK status-http=2ms total=2ms
[30m2026-09-09T12:11:00,628[m [32mINFO  [m[[1;34mhttp-nio-8080-exec-58[m] [36mStatusUpdateBusinessRuleServiceImpl[m - [rules] process-rule rule=RULE_FRACTION_CUSTODIAN ruleId=239 result=OK status-http=2ms total=2ms
[30m2026-09-09T12:11:00,630[m [32mINFO  [m[[1;34mhttp-nio-8080-exec-58[m] [36mStatusUpdateBusinessRuleServiceImpl[m - [rules] END validate-trade tradeId=1549062 sideId=2 result=OK elapsed=13ms
[30m2026-09-09T12:11:00,630[m [32mINFO  [m[[1;34mhttp-nio-8080-exec-58[m] [36mStatusUpdateBusinessRuleServiceImpl[m - PERF_ASSIGNMENT service=reglas podName=operaciones-reglas-back-app-5894db7bb6-qwpx5 operation=validateUpdateStatusTrade result=SUCCESS tradeId=1549062 side=2 totalMs=13 loadTradeMs=2 loadSettlementsAndInputMs=0 loadBusinessRulesMs=0 evaluationMs=0 tradeRepositoryCalls=1 settlementRepositoryCalls=1 businessRuleRepositoryCalls=0 statusHttpCalls=4 statusRestTotalMs=8
[30m2026-09-09T12:11:00,630[m [32mINFO  [m[[1;34mhttp-nio-8080-exec-58[m] [36mStatusUpdateBusinessRuleServiceImpl[m - PERF_RULES_STATUS_SUMMARY service=reglas podName=operaciones-reglas-back-app-5894db7bb6-qwpx5 validationCount=1 statusHttpCalls=4 statusHttpTotalMs=8 uniqueStatusTransitionKeys=4 tradeRepositoryCalls=1 settlementRepositoryCalls=1 businessRuleRepositoryCalls=0
[30m2026-09-09T12:11:00,672[m [32mINFO  [m[[1;34mhttp-nio-8080-exec-64[m] [36mStatusUpdateBusinessRuleServiceImpl[m - [rules] START validate-trade tradeId=1549063 sideId=2 code=RULE_ASSIGNMENT
[30m2026-09-09T12:11:00,681[m [32mINFO  [m[[1;34mhttp-nio-8080-exec-64[m] [36mStatusUpdateBusinessRuleServiceImpl[m - [rules] process-rule rule=RULE_SIDE ruleId=230 result=OK status-http=2ms total=2ms
[30m2026-09-09T12:11:00,683[m [32mINFO  [m[[1;34mhttp-nio-8080-exec-64[m] [36mStatusUpdateBusinessRuleServiceImpl[m - [rules] process-rule rule=RULE_FRACTION ruleId=232 result=OK status-http=2ms total=2ms
[30m2026-09-09T12:11:00,686[m [32mINFO  [m[[1;34mhttp-nio-8080-exec-64[m] [36mStatusUpdateBusinessRuleServiceImpl[m - [rules] process-rule rule=RULE_FRACTION_CUSTODIAN ruleId=239 result=OK status-http=2ms total=2ms
[30m2026-09-09T12:11:00,689[m [32mINFO  [m[[1;34mhttp-nio-8080-exec-64[m] [36mStatusUpdateBusinessRuleServiceImpl[m - [rules] END validate-trade tradeId=1549063 sideId=2 result=OK elapsed=16ms
[30m2026-09-09T12:11:00,689[m [32mINFO  [m[[1;34mhttp-nio-8080-exec-64[m] [36mStatusUpdateBusinessRuleServiceImpl[m - PERF_ASSIGNMENT service=reglas podName=operaciones-reglas-back-app-5894db7bb6-qwpx5 operation=validateUpdateStatusTrade result=SUCCESS tradeId=1549063 side=2 totalMs=17 loadTradeMs=4 loadSettlementsAndInputMs=1 loadBusinessRulesMs=0 evaluationMs=0 tradeRepositoryCalls=1 settlementRepositoryCalls=1 businessRuleRepositoryCalls=0 statusHttpCalls=4 statusRestTotalMs=9
[30m2026-09-09T12:11:00,689[m [32mINFO  [m[[1;34mhttp-nio-8080-exec-64[m] [36mStatusUpdateBusinessRuleServiceImpl[m - PERF_RULES_STATUS_SUMMARY service=reglas podName=operaciones-reglas-back-app-5894db7bb6-qwpx5 validationCount=1 statusHttpCalls=4 statusHttpTotalMs=9 uniqueStatusTransitionKeys=4 tradeRepositoryCalls=1 settlementRepositoryCalls=1 businessRuleRepositoryCalls=0
[30m2026-09-09T12:11:00,736[m [32mINFO  [m[[1;34mhttp-nio-8080-exec-63[m] [36mStatusUpdateBusinessRuleServiceImpl[m - [rules] START validate-trade tradeId=1549064 sideId=2 code=RULE_ASSIGNMENT
[30m2026-09-09T12:11:00,743[m [32mINFO  [m[[1;34mhttp-nio-8080-exec-63[m] [36mStatusUpdateBusinessRuleServiceImpl[m - [rules] process-rule rule=RULE_SIDE ruleId=230 result=OK status-http=2ms total=2ms
[30m2026-09-09T12:11:00,746[m [32mINFO  [m[[1;34mhttp-nio-8080-exec-63[m] [36mStatusUpdateBusinessRuleServiceImpl[m - [rules] process-rule rule=RULE_FRACTION ruleId=232 result=OK status-http=2ms total=2ms
[30m2026-09-09T12:11:00,751[m [32mINFO  [m[[1;34mhttp-nio-8080-exec-63[m] [36mStatusUpdateBusinessRuleServiceImpl[m - [rules] process-rule rule=RULE_FRACTION_CUSTODIAN ruleId=239 result=OK status-http=5ms total=5ms
[30m2026-09-09T12:11:00,754[m [32mINFO  [m[[1;34mhttp-nio-8080-exec-63[m] [36mStatusUpdateBusinessRuleServiceImpl[m - [rules] END validate-trade tradeId=1549064 sideId=2 result=OK elapsed=18ms
[30m2026-09-09T12:11:00,754[m [32mINFO  [m[[1;34mhttp-nio-8080-exec-63[m] [36mStatusUpdateBusinessRuleServiceImpl[m - PERF_ASSIGNMENT service=reglas podName=operaciones-reglas-back-app-5894db7bb6-qwpx5 operation=validateUpdateStatusTrade result=SUCCESS tradeId=1549064 side=2 totalMs=18 loadTradeMs=2 loadSettlementsAndInputMs=1 loadBusinessRulesMs=0 evaluationMs=0 tradeRepositoryCalls=1 settlementRepositoryCalls=1 businessRuleRepositoryCalls=0 statusHttpCalls=4 statusRestTotalMs=12
[30m2026-09-09T12:11:00,754[m [32mINFO  [m[[1;34mhttp-nio-8080-exec-63[m] [36mStatusUpdateBusinessRuleServiceImpl[m - PERF_RULES_STATUS_SUMMARY service=reglas podName=operaciones-reglas-back-app-5894db7bb6-qwpx5 validationCount=1 statusHttpCalls=4 statusHttpTotalMs=12 uniqueStatusTransitionKeys=4 tradeRepositoryCalls=1 settlementRepositoryCalls=1 businessRuleRepositoryCalls=0
[30m2026-09-09T12:11:00,805[m [32mINFO  [m[[1;34mhttp-nio-8080-exec-62[m] [36mStatusUpdateBusinessRuleServiceImpl[m - [rules] START validate-trade tradeId=1549065 sideId=2 code=RULE_ASSIGNMENT
[30m2026-09-09T12:11:00,811[m [32mINFO  [m[[1;34mhttp-nio-8080-exec-62[m] [36mStatusUpdateBusinessRuleServiceImpl[m - [rules] process-rule rule=RULE_SIDE ruleId=230 result=OK status-http=2ms total=2ms
[30m2026-09-09T12:11:00,814[m [32mINFO  [m[[1;34mhttp-nio-8080-exec-62[m] [36mStatusUpdateBusinessRuleServiceImpl[m - [rules] process-rule rule=RULE_FRACTION ruleId=232 result=OK status-http=2ms total=2ms
[30m2026-09-09T12:11:00,816[m [32mINFO  [m[[1;34mhttp-nio-8080-exec-62[m] [36mStatusUpdateBusinessRuleServiceImpl[m - [rules] process-rule rule=RULE_FRACTION_CUSTODIAN ruleId=239 result=OK status-http=2ms total=2ms
[30m2026-09-09T12:11:00,818[m [32mINFO  [m[[1;34mhttp-nio-8080-exec-62[m] [36mStatusUpdateBusinessRuleServiceImpl[m - [rules] END validate-trade tradeId=1549065 sideId=2 result=OK elapsed=13ms
[30m2026-09-09T12:11:00,818[m [32mINFO  [m[[1;34mhttp-nio-8080-exec-62[m] [36mStatusUpdateBusinessRuleServiceImpl[m - PERF_ASSIGNMENT service=reglas podName=operaciones-reglas-back-app-5894db7bb6-qwpx5 operation=validateUpdateStatusTrade result=SUCCESS tradeId=1549065 side=2 totalMs=13 loadTradeMs=2 loadSettlementsAndInputMs=1 loadBusinessRulesMs=0 evaluationMs=0 tradeRepositoryCalls=1 settlementRepositoryCalls=1 businessRuleRepositoryCalls=0 statusHttpCalls=4 statusRestTotalMs=8
[30m2026-09-09T12:11:00,819[m [32mINFO  [m[[1;34mhttp-nio-8080-exec-62[m] [36mStatusUpdateBusinessRuleServiceImpl[m - PERF_RULES_STATUS_SUMMARY service=reglas podName=operaciones-reglas-back-app-5894db7bb6-qwpx5 validationCount=1 statusHttpCalls=4 statusHttpTotalMs=8 uniqueStatusTransitionKeys=4 tradeRepositoryCalls=1 settlementRepositoryCalls=1 businessRuleRepositoryCalls=0
[30m2026-09-09T12:11:00,859[m [32mINFO  [m[[1;34mhttp-nio-8080-exec-65[m] [36mStatusUpdateBusinessRuleServiceImpl[m - [rules] START validate-trade tradeId=1549066 sideId=2 code=RULE_ASSIGNMENT
[30m2026-09-09T12:11:00,867[m [32mINFO  [m[[1;34mhttp-nio-8080-exec-65[m] [36mStatusUpdateBusinessRuleServiceImpl[m - [rules] process-rule rule=RULE_SIDE ruleId=230 result=OK status-http=2ms total=2ms
[30m2026-09-09T12:11:00,871[m [32mINFO  [m[[1;34mhttp-nio-8080-exec-65[m] [36mStatusUpdateBusinessRuleServiceImpl[m - [rules] process-rule rule=RULE_FRACTION ruleId=232 result=OK status-http=3ms total=3ms
[30m2026-09-09T12:11:00,876[m [32mINFO  [m[[1;34mhttp-nio-8080-exec-65[m] [36mStatusUpdateBusinessRuleServiceImpl[m - [rules] process-rule rule=RULE_FRACTION_CUSTODIAN ruleId=239 result=OK status-http=5ms total=5ms
[30m2026-09-09T12:11:00,879[m [32mINFO  [m[[1;34mhttp-nio-8080-exec-65[m] [36mStatusUpdateBusinessRuleServiceImpl[m - [rules] END validate-trade tradeId=1549066 sideId=2 result=OK elapsed=19ms
[30m2026-09-09T12:11:00,879[m [32mINFO  [m[[1;34mhttp-nio-8080-exec-65[m] [36mStatusUpdateBusinessRuleServiceImpl[m - PERF_ASSIGNMENT service=reglas podName=operaciones-reglas-back-app-5894db7bb6-qwpx5 operation=validateUpdateStatusTrade result=SUCCESS tradeId=1549066 side=2 totalMs=19 loadTradeMs=3 loadSettlementsAndInputMs=1 loadBusinessRulesMs=0 evaluationMs=0 tradeRepositoryCalls=1 settlementRepositoryCalls=1 businessRuleRepositoryCalls=0 statusHttpCalls=4 statusRestTotalMs=13
[30m2026-09-09T12:11:00,879[m [32mINFO  [m[[1;34mhttp-nio-8080-exec-65[m] [36mStatusUpdateBusinessRuleServiceImpl[m - PERF_RULES_STATUS_SUMMARY service=reglas podName=operaciones-reglas-back-app-5894db7bb6-qwpx5 validationCount=1 statusHttpCalls=4 statusHttpTotalMs=13 uniqueStatusTransitionKeys=4 tradeRepositoryCalls=1 settlementRepositoryCalls=1 businessRuleRepositoryCalls=0
[30m2026-09-09T12:11:00,928[m [32mINFO  [m[[1;34mhttp-nio-8080-exec-66[m] [36mStatusUpdateBusinessRuleServiceImpl[m - [rules] START validate-trade tradeId=1549067 sideId=2 code=RULE_ASSIGNMENT
[30m2026-09-09T12:11:00,935[m [32mINFO  [m[[1;34mhttp-nio-8080-exec-66[m] [36mStatusUpdateBusinessRuleServiceImpl[m - [rules] process-rule rule=RULE_SIDE ruleId=230 result=OK status-http=2ms total=2ms
[30m2026-09-09T12:11:00,937[m [32mINFO  [m[[1;34mhttp-nio-8080-exec-66[m] [36mStatusUpdateBusinessRuleServiceImpl[m - [rules] process-rule rule=RULE_FRACTION ruleId=232 result=OK status-http=1ms total=2ms
[30m2026-09-09T12:11:00,939[m [32mINFO  [m[[1;34mhttp-nio-8080-exec-66[m] [36mStatusUpdateBusinessRuleServiceImpl[m - [rules] process-rule rule=RULE_FRACTION_CUSTODIAN ruleId=239 result=OK status-http=2ms total=2ms
[30m2026-09-09T12:11:00,942[m [32mINFO  [m[[1;34mhttp-nio-8080-exec-66[m] [36mStatusUpdateBusinessRuleServiceImpl[m - [rules] END validate-trade tradeId=1549067 sideId=2 result=OK elapsed=13ms
[30m2026-09-09T12:11:00,942[m [32mINFO  [m[[1;34mhttp-nio-8080-exec-66[m] [36mStatusUpdateBusinessRuleServiceImpl[m - PERF_ASSIGNMENT service=reglas podName=operaciones-reglas-back-app-5894db7bb6-qwpx5 operation=validateUpdateStatusTrade result=SUCCESS tradeId=1549067 side=2 totalMs=13 loadTradeMs=2 loadSettlementsAndInputMs=1 loadBusinessRulesMs=0 evaluationMs=0 tradeRepositoryCalls=1 settlementRepositoryCalls=1 businessRuleRepositoryCalls=0 statusHttpCalls=4 statusRestTotalMs=8
[30m2026-09-09T12:11:00,942[m [32mINFO  [m[[1;34mhttp-nio-8080-exec-66[m] [36mStatusUpdateBusinessRuleServiceImpl[m - PERF_RULES_STATUS_SUMMARY service=reglas podName=operaciones-reglas-back-app-5894db7bb6-qwpx5 validationCount=1 statusHttpCalls=4 statusHttpTotalMs=8 uniqueStatusTransitionKeys=4 tradeRepositoryCalls=1 settlementRepositoryCalls=1 businessRuleRepositoryCalls=0
[30m2026-09-09T12:11:00,988[m [32mINFO  [m[[1;34mhttp-nio-8080-exec-67[m] [36mStatusUpdateBusinessRuleServiceImpl[m - [rules] START validate-trade tradeId=1549068 sideId=2 code=RULE_ASSIGNMENT
[30m2026-09-09T12:11:00,996[m [32mINFO  [m[[1;34mhttp-nio-8080-exec-67[m] [36mStatusUpdateBusinessRuleServiceImpl[m - [rules] process-rule rule=RULE_SIDE ruleId=230 result=OK status-http=2ms total=2ms
[30m2026-09-09T12:11:00,999[m [32mINFO  [m[[1;34mhttp-nio-8080-exec-67[m] [36mStatusUpdateBusinessRuleServiceImpl[m - [rules] process-rule rule=RULE_FRACTION ruleId=232 result=OK status-http=2ms total=2ms
[30m2026-09-09T12:11:01,003[m [32mINFO  [m[[1;34mhttp-nio-8080-exec-67[m] [36mStatusUpdateBusinessRuleServiceImpl[m - [rules] process-rule rule=RULE_FRACTION_CUSTODIAN ruleId=239 result=OK status-http=3ms total=3ms
[30m2026-09-09T12:11:01,005[m [32mINFO  [m[[1;34mhttp-nio-8080-exec-67[m] [36mStatusUpdateBusinessRuleServiceImpl[m - [rules] END validate-trade tradeId=1549068 sideId=2 result=OK elapsed=17ms
[30m2026-09-09T12:11:01,006[m [32mINFO  [m[[1;34mhttp-nio-8080-exec-67[m] [36mStatusUpdateBusinessRuleServiceImpl[m - PERF_ASSIGNMENT service=reglas podName=operaciones-reglas-back-app-5894db7bb6-qwpx5 operation=validateUpdateStatusTrade result=SUCCESS tradeId=1549068 side=2 totalMs=17 loadTradeMs=3 loadSettlementsAndInputMs=1 loadBusinessRulesMs=0 evaluationMs=0 tradeRepositoryCalls=1 settlementRepositoryCalls=1 businessRuleRepositoryCalls=0 statusHttpCalls=4 statusRestTotalMs=10
[30m2026-09-09T12:11:01,006[m [32mINFO  [m[[1;34mhttp-nio-8080-exec-67[m] [36mStatusUpdateBusinessRuleServiceImpl[m - PERF_RULES_STATUS_SUMMARY service=reglas podName=operaciones-reglas-back-app-5894db7bb6-qwpx5 validationCount=1 statusHttpCalls=4 statusHttpTotalMs=10 uniqueStatusTransitionKeys=4 tradeRepositoryCalls=1 settlementRepositoryCalls=1 businessRuleRepositoryCalls=0
[30m2026-09-09T12:11:01,052[m [32mINFO  [m[[1;34mhttp-nio-8080-exec-70[m] [36mStatusUpdateBusinessRuleServiceImpl[m - [rules] START validate-trade tradeId=1549069 sideId=2 code=RULE_ASSIGNMENT
[30m2026-09-09T12:11:01,059[m [32mINFO  [m[[1;34mhttp-nio-8080-exec-70[m] [36mStatusUpdateBusinessRuleServiceImpl[m - [rules] process-rule rule=RULE_SIDE ruleId=230 result=OK status-http=2ms total=2ms
[30m2026-09-09T12:11:01,063[m [32mINFO  [m[[1;34mhttp-nio-8080-exec-70[m] [36mStatusUpdateBusinessRuleServiceImpl[m - [rules] process-rule rule=RULE_FRACTION ruleId=232 result=OK status-http=3ms total=3ms
[30m2026-09-09T12:11:01,067[m [32mINFO  [m[[1;34mhttp-nio-8080-exec-70[m] [36mStatusUpdateBusinessRuleServiceImpl[m - [rules] process-rule rule=RULE_FRACTION_CUSTODIAN ruleId=239 result=OK status-http=3ms total=3ms
[30m2026-09-09T12:11:01,070[m [32mINFO  [m[[1;34mhttp-nio-8080-exec-70[m] [36mStatusUpdateBusinessRuleServiceImpl[m - [rules] END validate-trade tradeId=1549069 sideId=2 result=OK elapsed=18ms
[30m2026-09-09T12:11:01,071[m [32mINFO  [m[[1;34mhttp-nio-8080-exec-70[m] [36mStatusUpdateBusinessRuleServiceImpl[m - PERF_ASSIGNMENT service=reglas podName=operaciones-reglas-back-app-5894db7bb6-qwpx5 operation=validateUpdateStatusTrade result=SUCCESS tradeId=1549069 side=2 totalMs=19 loadTradeMs=2 loadSettlementsAndInputMs=1 loadBusinessRulesMs=0 evaluationMs=0 tradeRepositoryCalls=1 settlementRepositoryCalls=1 businessRuleRepositoryCalls=0 statusHttpCalls=4 statusRestTotalMs=12
[30m2026-09-09T12:11:01,071[m [32mINFO  [m[[1;34mhttp-nio-8080-exec-70[m] [36mStatusUpdateBusinessRuleServiceImpl[m - PERF_RULES_STATUS_SUMMARY service=reglas podName=operaciones-reglas-back-app-5894db7bb6-qwpx5 validationCount=1 statusHttpCalls=4 statusHttpTotalMs=12 uniqueStatusTransitionKeys=4 tradeRepositoryCalls=1 settlementRepositoryCalls=1 businessRuleRepositoryCalls=0
[30m2026-09-09T12:11:01,120[m [32mINFO  [m[[1;34mhttp-nio-8080-exec-68[m] [36mStatusUpdateBusinessRuleServiceImpl[m - [rules] START validate-trade tradeId=1549070 sideId=2 code=RULE_ASSIGNMENT
[30m2026-09-09T12:11:01,128[m [32mINFO  [m[[1;34mhttp-nio-8080-exec-68[m] [36mStatusUpdateBusinessRuleServiceImpl[m - [rules] process-rule rule=RULE_SIDE ruleId=230 result=OK status-http=4ms total=4ms
[30m2026-09-09T12:11:01,131[m [32mINFO  [m[[1;34mhttp-nio-8080-exec-68[m] [36mStatusUpdateBusinessRuleServiceImpl[m - [rules] process-rule rule=RULE_FRACTION ruleId=232 result=OK status-http=2ms total=2ms
[30m2026-09-09T12:11:01,134[m [32mINFO  [m[[1;34mhttp-nio-8080-exec-68[m] [36mStatusUpdateBusinessRuleServiceImpl[m - [rules] process-rule rule=RULE_FRACTION_CUSTODIAN ruleId=239 result=OK status-http=2ms total=2ms
[30m2026-09-09T12:11:01,137[m [32mINFO  [m[[1;34mhttp-nio-8080-exec-68[m] [36mStatusUpdateBusinessRuleServiceImpl[m - [rules] END validate-trade tradeId=1549070 sideId=2 result=OK elapsed=16ms
[30m2026-09-09T12:11:01,137[m [32mINFO  [m[[1;34mhttp-nio-8080-exec-68[m] [36mStatusUpdateBusinessRuleServiceImpl[m - PERF_ASSIGNMENT service=reglas podName=operaciones-reglas-back-app-5894db7bb6-qwpx5 operation=validateUpdateStatusTrade result=SUCCESS tradeId=1549070 side=2 totalMs=17 loadTradeMs=2 loadSettlementsAndInputMs=1 loadBusinessRulesMs=0 evaluationMs=1 tradeRepositoryCalls=1 settlementRepositoryCalls=1 businessRuleRepositoryCalls=0 statusHttpCalls=4 statusRestTotalMs=11
[30m2026-09-09T12:11:01,137[m [32mINFO  [m[[1;34mhttp-nio-8080-exec-68[m] [36mStatusUpdateBusinessRuleServiceImpl[m - PERF_RULES_STATUS_SUMMARY service=reglas podName=operaciones-reglas-back-app-5894db7bb6-qwpx5 validationCount=1 statusHttpCalls=4 statusHttpTotalMs=11 uniqueStatusTransitionKeys=4 tradeRepositoryCalls=1 settlementRepositoryCalls=1 businessRuleRepositoryCalls=0
[30m2026-09-09T12:11:01,189[m [32mINFO  [m[[1;34mhttp-nio-8080-exec-72[m] [36mStatusUpdateBusinessRuleServiceImpl[m - [rules] START validate-trade tradeId=1549071 sideId=2 code=RULE_ASSIGNMENT
[30m2026-09-09T12:11:01,201[m [32mINFO  [m[[1;34mhttp-nio-8080-exec-72[m] [36mStatusUpdateBusinessRuleServiceImpl[m - [rules] process-rule rule=RULE_SIDE ruleId=230 result=OK status-http=3ms total=4ms
[30m2026-09-09T12:11:01,204[m [32mINFO  [m[[1;34mhttp-nio-8080-exec-72[m] [36mStatusUpdateBusinessRuleServiceImpl[m - [rules] process-rule rule=RULE_FRACTION ruleId=232 result=OK status-http=2ms total=3ms
[30m2026-09-09T12:11:01,209[m [32mINFO  [m[[1;34mhttp-nio-8080-exec-72[m] [36mStatusUpdateBusinessRuleServiceImpl[m - [rules] process-rule rule=RULE_FRACTION_CUSTODIAN ruleId=239 result=OK status-http=3ms total=3ms
[30m2026-09-09T12:11:01,213[m [32mINFO  [m[[1;34mhttp-nio-8080-exec-72[m] [36mStatusUpdateBusinessRuleServiceImpl[m - [rules] END validate-trade tradeId=1549071 sideId=2 result=OK elapsed=24ms
[30m2026-09-09T12:11:01,213[m [32mINFO  [m[[1;34mhttp-nio-8080-exec-72[m] [36mStatusUpdateBusinessRuleServiceImpl[m - PERF_ASSIGNMENT service=reglas podName=operaciones-reglas-back-app-5894db7bb6-qwpx5 operation=validateUpdateStatusTrade result=SUCCESS tradeId=1549071 side=2 totalMs=24 loadTradeMs=3 loadSettlementsAndInputMs=3 loadBusinessRulesMs=0 evaluationMs=0 tradeRepositoryCalls=1 settlementRepositoryCalls=1 businessRuleRepositoryCalls=0 statusHttpCalls=4 statusRestTotalMs=14
[30m2026-09-09T12:11:01,213[m [32mINFO  [m[[1;34mhttp-nio-8080-exec-72[m] [36mStatusUpdateBusinessRuleServiceImpl[m - PERF_RULES_STATUS_SUMMARY service=reglas podName=operaciones-reglas-back-app-5894db7bb6-qwpx5 validationCount=1 statusHttpCalls=4 statusHttpTotalMs=14 uniqueStatusTransitionKeys=4 tradeRepositoryCalls=1 settlementRepositoryCalls=1 businessRuleRepositoryCalls=0
[30m2026-09-09T12:11:01,263[m [32mINFO  [m[[1;34mhttp-nio-8080-exec-69[m] [36mStatusUpdateBusinessRuleServiceImpl[m - [rules] START validate-trade tradeId=1549072 sideId=2 code=RULE_ASSIGNMENT
[30m2026-09-09T12:11:01,272[m [32mINFO  [m[[1;34mhttp-nio-8080-exec-69[m] [36mStatusUpdateBusinessRuleServiceImpl[m - [rules] process-rule rule=RULE_SIDE ruleId=230 result=OK status-http=3ms total=3ms
[30m2026-09-09T12:11:01,276[m [32mINFO  [m[[1;34mhttp-nio-8080-exec-69[m] [36mStatusUpdateBusinessRuleServiceImpl[m - [rules] process-rule rule=RULE_FRACTION ruleId=232 result=OK status-http=3ms total=3ms
[30m2026-09-09T12:11:01,280[m [32mINFO  [m[[1;34mhttp-nio-8080-exec-69[m] [36mStatusUpdateBusinessRuleServiceImpl[m - [rules] process-rule rule=RULE_FRACTION_CUSTODIAN ruleId=239 result=OK status-http=2ms total=3ms
[30m2026-09-09T12:11:01,283[m [32mINFO  [m[[1;34mhttp-nio-8080-exec-69[m] [36mStatusUpdateBusinessRuleServiceImpl[m - [rules] END validate-trade tradeId=1549072 sideId=2 result=OK elapsed=19ms
[30m2026-09-09T12:11:01,283[m [32mINFO  [m[[1;34mhttp-nio-8080-exec-69[m] [36mStatusUpdateBusinessRuleServiceImpl[m - PERF_ASSIGNMENT service=reglas podName=operaciones-reglas-back-app-5894db7bb6-qwpx5 operation=validateUpdateStatusTrade result=SUCCESS tradeId=1549072 side=2 totalMs=19 loadTradeMs=3 loadSettlementsAndInputMs=1 loadBusinessRulesMs=0 evaluationMs=0 tradeRepositoryCalls=1 settlementRepositoryCalls=1 businessRuleRepositoryCalls=0 statusHttpCalls=4 statusRestTotalMs=11
[30m2026-09-09T12:11:01,283[m [32mINFO  [m[[1;34mhttp-nio-8080-exec-69[m] [36mStatusUpdateBusinessRuleServiceImpl[m - PERF_RULES_STATUS_SUMMARY service=reglas podName=operaciones-reglas-back-app-5894db7bb6-qwpx5 validationCount=1 statusHttpCalls=4 statusHttpTotalMs=11 uniqueStatusTransitionKeys=4 tradeRepositoryCalls=1 settlementRepositoryCalls=1 businessRuleRepositoryCalls=0
[30m2026-09-09T12:11:01,329[m [32mINFO  [m[[1;34mhttp-nio-8080-exec-71[m] [36mStatusUpdateBusinessRuleServiceImpl[m - [rules] START validate-trade tradeId=1549073 sideId=2 code=RULE_ASSIGNMENT
[30m2026-09-09T12:11:01,338[m [32mINFO  [m[[1;34mhttp-nio-8080-exec-71[m] [36mStatusUpdateBusinessRuleServiceImpl[m - [rules] process-rule rule=RULE_SIDE ruleId=230 result=OK status-http=4ms total=4ms
[30m2026-09-09T12:11:01,341[m [32mINFO  [m[[1;34mhttp-nio-8080-exec-71[m] [36mStatusUpdateBusinessRuleServiceImpl[m - [rules] process-rule rule=RULE_FRACTION ruleId=232 result=OK status-http=2ms total=2ms
[30m2026-09-09T12:11:01,344[m [32mINFO  [m[[1;34mhttp-nio-8080-exec-71[m] [36mStatusUpdateBusinessRuleServiceImpl[m - [rules] process-rule rule=RULE_FRACTION_CUSTODIAN ruleId=239 result=OK status-http=2ms total=2ms
[30m2026-09-09T12:11:01,347[m [32mINFO  [m[[1;34mhttp-nio-8080-exec-71[m] [36mStatusUpdateBusinessRuleServiceImpl[m - [rules] END validate-trade tradeId=1549073 sideId=2 result=OK elapsed=18ms
[30m2026-09-09T12:11:01,347[m [32mINFO  [m[[1;34mhttp-nio-8080-exec-71[m] [36mStatusUpdateBusinessRuleServiceImpl[m - PERF_ASSIGNMENT service=reglas podName=operaciones-reglas-back-app-5894db7bb6-qwpx5 operation=validateUpdateStatusTrade result=SUCCESS tradeId=1549073 side=2 totalMs=18 loadTradeMs=2 loadSettlementsAndInputMs=1 loadBusinessRulesMs=0 evaluationMs=0 tradeRepositoryCalls=1 settlementRepositoryCalls=1 businessRuleRepositoryCalls=0 statusHttpCalls=4 statusRestTotalMs=12
[30m2026-09-09T12:11:01,347[m [32mINFO  [m[[1;34mhttp-nio-8080-exec-71[m] [36mStatusUpdateBusinessRuleServiceImpl[m - PERF_RULES_STATUS_SUMMARY service=reglas podName=operaciones-reglas-back-app-5894db7bb6-qwpx5 validationCount=1 statusHttpCalls=4 statusHttpTotalMs=12 uniqueStatusTransitionKeys=4 tradeRepositoryCalls=1 settlementRepositoryCalls=1 businessRuleRepositoryCalls=0
[30m2026-09-09T12:11:01,401[m [32mINFO  [m[[1;34mhttp-nio-8080-exec-74[m] [36mStatusUpdateBusinessRuleServiceImpl[m - [rules] START validate-trade tradeId=1549074 sideId=2 code=RULE_ASSIGNMENT
[30m2026-09-09T12:11:01,410[m [32mINFO  [m[[1;34mhttp-nio-8080-exec-74[m] [36mStatusUpdateBusinessRuleServiceImpl[m - [rules] process-rule rule=RULE_SIDE ruleId=230 result=OK status-http=3ms total=3ms
[30m2026-09-09T12:11:01,415[m [32mINFO  [m[[1;34mhttp-nio-8080-exec-74[m] [36mStatusUpdateBusinessRuleServiceImpl[m - [rules] process-rule rule=RULE_FRACTION ruleId=232 result=OK status-http=4ms total=4ms
[30m2026-09-09T12:11:01,420[m [32mINFO  [m[[1;34mhttp-nio-8080-exec-74[m] [36mStatusUpdateBusinessRuleServiceImpl[m - [rules] process-rule rule=RULE_FRACTION_CUSTODIAN ruleId=239 result=OK status-http=3ms total=4ms
[30m2026-09-09T12:11:01,429[m [32mINFO  [m[[1;34mhttp-nio-8080-exec-74[m] [36mStatusUpdateBusinessRuleServiceImpl[m - [rules] END validate-trade tradeId=1549074 sideId=2 result=OK elapsed=28ms
[30m2026-09-09T12:11:01,430[m [32mINFO  [m[[1;34mhttp-nio-8080-exec-74[m] [36mStatusUpdateBusinessRuleServiceImpl[m - PERF_ASSIGNMENT service=reglas podName=operaciones-reglas-back-app-5894db7bb6-qwpx5 operation=validateUpdateStatusTrade result=SUCCESS tradeId=1549074 side=2 totalMs=28 loadTradeMs=2 loadSettlementsAndInputMs=1 loadBusinessRulesMs=0 evaluationMs=1 tradeRepositoryCalls=1 settlementRepositoryCalls=1 businessRuleRepositoryCalls=0 statusHttpCalls=4 statusRestTotalMs=19
[30m2026-09-09T12:11:01,431[m [32mINFO  [m[[1;34mhttp-nio-8080-exec-74[m] [36mStatusUpdateBusinessRuleServiceImpl[m - PERF_RULES_STATUS_SUMMARY service=reglas podName=operaciones-reglas-back-app-5894db7bb6-qwpx5 validationCount=1 statusHttpCalls=4 statusHttpTotalMs=19 uniqueStatusTransitionKeys=4 tradeRepositoryCalls=1 settlementRepositoryCalls=1 businessRuleRepositoryCalls=0
[30m2026-09-09T12:11:01,527[m [32mINFO  [m[[1;34mhttp-nio-8080-exec-73[m] [36mStatusUpdateBusinessRuleServiceImpl[m - [rules] START validate-trade tradeId=1549075 sideId=2 code=RULE_ASSIGNMENT
[30m2026-09-09T12:11:01,548[m [32mINFO  [m[[1;34mhttp-nio-8080-exec-73[m] [36mStatusUpdateBusinessRuleServiceImpl[m - [rules] process-rule rule=RULE_SIDE ruleId=230 result=OK status-http=12ms total=12ms
[30m2026-09-09T12:11:01,556[m [32mINFO  [m[[1;34mhttp-nio-8080-exec-73[m] [36mStatusUpdateBusinessRuleServiceImpl[m - [rules] process-rule rule=RULE_FRACTION ruleId=232 result=OK status-http=6ms total=6ms
[30m2026-09-09T12:11:01,563[m [32mINFO  [m[[1;34mhttp-nio-8080-exec-73[m] [36mStatusUpdateBusinessRuleServiceImpl[m - [rules] process-rule rule=RULE_FRACTION_CUSTODIAN ruleId=239 result=OK status-http=6ms total=6ms
[30m2026-09-09T12:11:01,570[m [32mINFO  [m[[1;34mhttp-nio-8080-exec-73[m] [36mStatusUpdateBusinessRuleServiceImpl[m - [rules] END validate-trade tradeId=1549075 sideId=2 result=OK elapsed=43ms
[30m2026-09-09T12:11:01,570[m [32mINFO  [m[[1;34mhttp-nio-8080-exec-73[m] [36mStatusUpdateBusinessRuleServiceImpl[m - PERF_ASSIGNMENT service=reglas podName=operaciones-reglas-back-app-5894db7bb6-qwpx5 operation=validateUpdateStatusTrade result=SUCCESS tradeId=1549075 side=2 totalMs=43 loadTradeMs=6 loadSettlementsAndInputMs=2 loadBusinessRulesMs=0 evaluationMs=0 tradeRepositoryCalls=1 settlementRepositoryCalls=1 businessRuleRepositoryCalls=0 statusHttpCalls=4 statusRestTotalMs=30
[30m2026-09-09T12:11:01,570[m [32mINFO  [m[[1;34mhttp-nio-8080-exec-73[m] [36mStatusUpdateBusinessRuleServiceImpl[m - PERF_RULES_STATUS_SUMMARY service=reglas podName=operaciones-reglas-back-app-5894db7bb6-qwpx5 validationCount=1 statusHttpCalls=4 statusHttpTotalMs=30 uniqueStatusTransitionKeys=4 tradeRepositoryCalls=1 settlementRepositoryCalls=1 businessRuleRepositoryCalls=0
[30m2026-09-09T12:11:01,634[m [32mINFO  [m[[1;34mhttp-nio-8080-exec-76[m] [36mStatusUpdateBusinessRuleServiceImpl[m - [rules] START validate-trade tradeId=1549076 sideId=2 code=RULE_ASSIGNMENT
[30m2026-09-09T12:11:01,653[m [32mINFO  [m[[1;34mhttp-nio-8080-exec-76[m] [36mStatusUpdateBusinessRuleServiceImpl[m - [rules] process-rule rule=RULE_SIDE ruleId=230 result=OK status-http=6ms total=6ms
[30m2026-09-09T12:11:01,662[m [32mINFO  [m[[1;34mhttp-nio-8080-exec-76[m] [36mStatusUpdateBusinessRuleServiceImpl[m - [rules] process-rule rule=RULE_FRACTION ruleId=232 result=OK status-http=8ms total=9ms
[30m2026-09-09T12:11:01,669[m [32mINFO  [m[[1;34mhttp-nio-8080-exec-76[m] [36mStatusUpdateBusinessRuleServiceImpl[m - [rules] process-rule rule=RULE_FRACTION_CUSTODIAN ruleId=239 result=OK status-http=5ms total=7ms
[30m2026-09-09T12:11:01,676[m [32mINFO  [m[[1;34mhttp-nio-8080-exec-76[m] [36mStatusUpdateBusinessRuleServiceImpl[m - [rules] END validate-trade tradeId=1549076 sideId=2 result=OK elapsed=41ms
[30m2026-09-09T12:11:01,676[m [32mINFO  [m[[1;34mhttp-nio-8080-exec-76[m] [36mStatusUpdateBusinessRuleServiceImpl[m - PERF_ASSIGNMENT service=reglas podName=operaciones-reglas-back-app-5894db7bb6-qwpx5 operation=validateUpdateStatusTrade result=SUCCESS tradeId=1549076 side=2 totalMs=41 loadTradeMs=7 loadSettlementsAndInputMs=3 loadBusinessRulesMs=0 evaluationMs=2 tradeRepositoryCalls=1 settlementRepositoryCalls=1 businessRuleRepositoryCalls=0 statusHttpCalls=4 statusRestTotalMs=26
[30m2026-09-09T12:11:01,676[m [32mINFO  [m[[1;34mhttp-nio-8080-exec-76[m] [36mStatusUpdateBusinessRuleServiceImpl[m - PERF_RULES_STATUS_SUMMARY service=reglas podName=operaciones-reglas-back-app-5894db7bb6-qwpx5 validationCount=1 statusHttpCalls=4 statusHttpTotalMs=26 uniqueStatusTransitionKeys=4 tradeRepositoryCalls=1 settlementRepositoryCalls=1 businessRuleRepositoryCalls=0
[30m2026-09-09T12:11:01,741[m [32mINFO  [m[[1;34mhttp-nio-8080-exec-75[m] [36mStatusUpdateBusinessRuleServiceImpl[m - [rules] START validate-trade tradeId=1549077 sideId=2 code=RULE_ASSIGNMENT
[30m2026-09-09T12:11:01,750[m [32mINFO  [m[[1;34mhttp-nio-8080-exec-75[m] [36mStatusUpdateBusinessRuleServiceImpl[m - [rules] process-rule rule=RULE_SIDE ruleId=230 result=OK status-http=3ms total=4ms
[30m2026-09-09T12:11:01,754[m [32mINFO  [m[[1;34mhttp-nio-8080-exec-75[m] [36mStatusUpdateBusinessRuleServiceImpl[m - [rules] process-rule rule=RULE_FRACTION ruleId=232 result=OK status-http=3ms total=4ms
[30m2026-09-09T12:11:01,758[m [32mINFO  [m[[1;34mhttp-nio-8080-exec-75[m] [36mStatusUpdateBusinessRuleServiceImpl[m - [rules] process-rule rule=RULE_FRACTION_CUSTODIAN ruleId=239 result=OK status-http=3ms total=3ms
[30m2026-09-09T12:11:01,764[m [32mINFO  [m[[1;34mhttp-nio-8080-exec-75[m] [36mStatusUpdateBusinessRuleServiceImpl[m - [rules] END validate-trade tradeId=1549077 sideId=2 result=OK elapsed=22ms
[30m2026-09-09T12:11:01,764[m [32mINFO  [m[[1;34mhttp-nio-8080-exec-75[m] [36mStatusUpdateBusinessRuleServiceImpl[m - PERF_ASSIGNMENT service=reglas podName=operaciones-reglas-back-app-5894db7bb6-qwpx5 operation=validateUpdateStatusTrade result=SUCCESS tradeId=1549077 side=2 totalMs=22 loadTradeMs=3 loadSettlementsAndInputMs=1 loadBusinessRulesMs=0 evaluationMs=1 tradeRepositoryCalls=1 settlementRepositoryCalls=1 businessRuleRepositoryCalls=0 statusHttpCalls=4 statusRestTotalMs=15
[30m2026-09-09T12:11:01,764[m [32mINFO  [m[[1;34mhttp-nio-8080-exec-75[m] [36mStatusUpdateBusinessRuleServiceImpl[m - PERF_RULES_STATUS_SUMMARY service=reglas podName=operaciones-reglas-back-app-5894db7bb6-qwpx5 validationCount=1 statusHttpCalls=4 statusHttpTotalMs=15 uniqueStatusTransitionKeys=4 tradeRepositoryCalls=1 settlementRepositoryCalls=1 businessRuleRepositoryCalls=0
[30m2026-09-09T12:11:01,847[m [32mINFO  [m[[1;34mhttp-nio-8080-exec-78[m] [36mStatusUpdateBusinessRuleServiceImpl[m - [rules] START validate-trade tradeId=1549078 sideId=2 code=RULE_ASSIGNMENT
[30m2026-09-09T12:11:01,861[m [32mINFO  [m[[1;34mhttp-nio-8080-exec-78[m] [36mStatusUpdateBusinessRuleServiceImpl[m - [rules] process-rule rule=RULE_SIDE ruleId=230 result=OK status-http=8ms total=8ms
[30m2026-09-09T12:11:01,867[m [32mINFO  [m[[1;34mhttp-nio-8080-exec-78[m] [36mStatusUpdateBusinessRuleServiceImpl[m - [rules] process-rule rule=RULE_FRACTION ruleId=232 result=OK status-http=5ms total=5ms
[30m2026-09-09T12:11:01,875[m [32mINFO  [m[[1;34mhttp-nio-8080-exec-78[m] [36mStatusUpdateBusinessRuleServiceImpl[m - [rules] process-rule rule=RULE_FRACTION_CUSTODIAN ruleId=239 result=OK status-http=6ms total=7ms
[30m2026-09-09T12:11:01,889[m [32mINFO  [m[[1;34mhttp-nio-8080-exec-78[m] [36mStatusUpdateBusinessRuleServiceImpl[m - [rules] END validate-trade tradeId=1549078 sideId=2 result=OK elapsed=42ms
[30m2026-09-09T12:11:01,889[m [32mINFO  [m[[1;34mhttp-nio-8080-exec-78[m] [36mStatusUpdateBusinessRuleServiceImpl[m - PERF_ASSIGNMENT service=reglas podName=operaciones-reglas-back-app-5894db7bb6-qwpx5 operation=validateUpdateStatusTrade result=SUCCESS tradeId=1549078 side=2 totalMs=42 loadTradeMs=4 loadSettlementsAndInputMs=1 loadBusinessRulesMs=0 evaluationMs=1 tradeRepositoryCalls=1 settlementRepositoryCalls=1 businessRuleRepositoryCalls=0 statusHttpCalls=4 statusRestTotalMs=33
[30m2026-09-09T12:11:01,889[m [32mINFO  [m[[1;34mhttp-nio-8080-exec-78[m] [36mStatusUpdateBusinessRuleServiceImpl[m - PERF_RULES_STATUS_SUMMARY service=reglas podName=operaciones-reglas-back-app-5894db7bb6-qwpx5 validationCount=1 statusHttpCalls=4 statusHttpTotalMs=33 uniqueStatusTransitionKeys=4 tradeRepositoryCalls=1 settlementRepositoryCalls=1 businessRuleRepositoryCalls=0
[30m2026-09-09T12:11:01,973[m [32mINFO  [m[[1;34mhttp-nio-8080-exec-79[m] [36mStatusUpdateBusinessRuleServiceImpl[m - [rules] START validate-trade tradeId=1549079 sideId=2 code=RULE_ASSIGNMENT
[30m2026-09-09T12:11:01,989[m [32mINFO  [m[[1;34mhttp-nio-8080-exec-79[m] [36mStatusUpdateBusinessRuleServiceImpl[m - [rules] process-rule rule=RULE_SIDE ruleId=230 result=OK status-http=8ms total=8ms
[30m2026-09-09T12:11:01,998[m [32mINFO  [m[[1;34mhttp-nio-8080-exec-79[m] [36mStatusUpdateBusinessRuleServiceImpl[m - [rules] process-rule rule=RULE_FRACTION ruleId=232 result=OK status-http=8ms total=8ms
[30m2026-09-09T12:11:02,003[m [32mINFO  [m[[1;34mhttp-nio-8080-exec-79[m] [36mStatusUpdateBusinessRuleServiceImpl[m - [rules] process-rule rule=RULE_FRACTION_CUSTODIAN ruleId=239 result=OK status-http=4ms total=4ms
[30m2026-09-09T12:11:02,008[m [32mINFO  [m[[1;34mhttp-nio-8080-exec-79[m] [36mStatusUpdateBusinessRuleServiceImpl[m - [rules] END validate-trade tradeId=1549079 sideId=2 result=OK elapsed=34ms
[30m2026-09-09T12:11:02,008[m [32mINFO  [m[[1;34mhttp-nio-8080-exec-79[m] [36mStatusUpdateBusinessRuleServiceImpl[m - PERF_ASSIGNMENT service=reglas podName=operaciones-reglas-back-app-5894db7bb6-qwpx5 operation=validateUpdateStatusTrade result=SUCCESS tradeId=1549079 side=2 totalMs=34 loadTradeMs=5 loadSettlementsAndInputMs=1 loadBusinessRulesMs=0 evaluationMs=0 tradeRepositoryCalls=1 settlementRepositoryCalls=1 businessRuleRepositoryCalls=0 statusHttpCalls=4 statusRestTotalMs=26
[30m2026-09-09T12:11:02,008[m [32mINFO  [m[[1;34mhttp-nio-8080-exec-79[m] [36mStatusUpdateBusinessRuleServiceImpl[m - PERF_RULES_STATUS_SUMMARY service=reglas podName=operaciones-reglas-back-app-5894db7bb6-qwpx5 validationCount=1 statusHttpCalls=4 statusHttpTotalMs=26 uniqueStatusTransitionKeys=4 tradeRepositoryCalls=1 settlementRepositoryCalls=1 businessRuleRepositoryCalls=0
[30m2026-09-09T12:11:02,112[m [32mINFO  [m[[1;34mhttp-nio-8080-exec-81[m] [36mStatusUpdateBusinessRuleServiceImpl[m - [rules] START validate-trade tradeId=1549080 sideId=2 code=RULE_ASSIGNMENT
[30m2026-09-09T12:11:02,129[m [32mINFO  [m[[1;34mhttp-nio-8080-exec-81[m] [36mStatusUpdateBusinessRuleServiceImpl[m - [rules] process-rule rule=RULE_SIDE ruleId=230 result=OK status-http=5ms total=6ms
[30m2026-09-09T12:11:02,133[m [32mINFO  [m[[1;34mhttp-nio-8080-exec-81[m] [36mStatusUpdateBusinessRuleServiceImpl[m - [rules] process-rule rule=RULE_FRACTION ruleId=232 result=OK status-http=4ms total=4ms
[30m2026-09-09T12:11:02,144[m [32mINFO  [m[[1;34mhttp-nio-8080-exec-81[m] [36mStatusUpdateBusinessRuleServiceImpl[m - [rules] process-rule rule=RULE_FRACTION_CUSTODIAN ruleId=239 result=OK status-http=10ms total=10ms
[30m2026-09-09T12:11:02,149[m [32mINFO  [m[[1;34mhttp-nio-8080-exec-81[m] [36mStatusUpdateBusinessRuleServiceImpl[m - [rules] END validate-trade tradeId=1549080 sideId=2 result=OK elapsed=37ms
[30m2026-09-09T12:11:02,150[m [32mINFO  [m[[1;34mhttp-nio-8080-exec-81[m] [36mStatusUpdateBusinessRuleServiceImpl[m - PERF_ASSIGNMENT service=reglas podName=operaciones-reglas-back-app-5894db7bb6-qwpx5 operation=validateUpdateStatusTrade result=SUCCESS tradeId=1549080 side=2 totalMs=37 loadTradeMs=5 loadSettlementsAndInputMs=4 loadBusinessRulesMs=0 evaluationMs=0 tradeRepositoryCalls=1 settlementRepositoryCalls=1 businessRuleRepositoryCalls=0 statusHttpCalls=4 statusRestTotalMs=25
[30m2026-09-09T12:11:02,150[m [32mINFO  [m[[1;34mhttp-nio-8080-exec-81[m] [36mStatusUpdateBusinessRuleServiceImpl[m - PERF_RULES_STATUS_SUMMARY service=reglas podName=operaciones-reglas-back-app-5894db7bb6-qwpx5 validationCount=1 statusHttpCalls=4 statusHttpTotalMs=25 uniqueStatusTransitionKeys=4 tradeRepositoryCalls=1 settlementRepositoryCalls=1 businessRuleRepositoryCalls=0
[30m2026-09-09T12:11:02,225[m [32mINFO  [m[[1;34mhttp-nio-8080-exec-84[m] [36mStatusUpdateBusinessRuleServiceImpl[m - [rules] START validate-trade tradeId=1549081 sideId=2 code=RULE_ASSIGNMENT
[30m2026-09-09T12:11:02,236[m [32mINFO  [m[[1;34mhttp-nio-8080-exec-84[m] [36mStatusUpdateBusinessRuleServiceImpl[m - [rules] process-rule rule=RULE_SIDE ruleId=230 result=OK status-http=4ms total=4ms
[30m2026-09-09T12:11:02,243[m [32mINFO  [m[[1;34mhttp-nio-8080-exec-84[m] [36mStatusUpdateBusinessRuleServiceImpl[m - [rules] process-rule rule=RULE_FRACTION ruleId=232 result=OK status-http=6ms total=6ms
[30m2026-09-09T12:11:02,251[m [32mINFO  [m[[1;34mhttp-nio-8080-exec-84[m] [36mStatusUpdateBusinessRuleServiceImpl[m - [rules] process-rule rule=RULE_FRACTION_CUSTODIAN ruleId=239 result=OK status-http=8ms total=8ms
[30m2026-09-09T12:11:02,261[m [32mINFO  [m[[1;34mhttp-nio-8080-exec-84[m] [36mStatusUpdateBusinessRuleServiceImpl[m - [rules] END validate-trade tradeId=1549081 sideId=2 result=OK elapsed=35ms
[30m2026-09-09T12:11:02,261[m [32mINFO  [m[[1;34mhttp-nio-8080-exec-84[m] [36mStatusUpdateBusinessRuleServiceImpl[m - PERF_ASSIGNMENT service=reglas podName=operaciones-reglas-back-app-5894db7bb6-qwpx5 operation=validateUpdateStatusTrade result=SUCCESS tradeId=1549081 side=2 totalMs=35 loadTradeMs=4 loadSettlementsAndInputMs=2 loadBusinessRulesMs=0 evaluationMs=0 tradeRepositoryCalls=1 settlementRepositoryCalls=1 businessRuleRepositoryCalls=0 statusHttpCalls=4 statusRestTotalMs=27
[30m2026-09-09T12:11:02,261[m [32mINFO  [m[[1;34mhttp-nio-8080-exec-84[m] [36mStatusUpdateBusinessRuleServiceImpl[m - PERF_RULES_STATUS_SUMMARY service=reglas podName=operaciones-reglas-back-app-5894db7bb6-qwpx5 validationCount=1 statusHttpCalls=4 statusHttpTotalMs=27 uniqueStatusTransitionKeys=4 tradeRepositoryCalls=1 settlementRepositoryCalls=1 businessRuleRepositoryCalls=0
[30m2026-09-09T12:11:02,336[m [32mINFO  [m[[1;34mhttp-nio-8080-exec-77[m] [36mStatusUpdateBusinessRuleServiceImpl[m - [rules] START validate-trade tradeId=1550000 sideId=2 code=RULE_ASSIGNMENT
[30m2026-09-09T12:11:02,350[m [32mINFO  [m[[1;34mhttp-nio-8080-exec-77[m] [36mStatusUpdateBusinessRuleServiceImpl[m - [rules] process-rule rule=RULE_SIDE ruleId=230 result=OK status-http=7ms total=7ms
[30m2026-09-09T12:11:02,354[m [32mINFO  [m[[1;34mhttp-nio-8080-exec-77[m] [36mStatusUpdateBusinessRuleServiceImpl[m - [rules] process-rule rule=RULE_FRACTION ruleId=232 result=OK status-http=4ms total=4ms
[30m2026-09-09T12:11:02,361[m [32mINFO  [m[[1;34mhttp-nio-8080-exec-77[m] [36mStatusUpdateBusinessRuleServiceImpl[m - [rules] process-rule rule=RULE_FRACTION_CUSTODIAN ruleId=239 result=OK status-http=6ms total=6ms
[30m2026-09-09T12:11:02,366[m [32mINFO  [m[[1;34mhttp-nio-8080-exec-77[m] [36mStatusUpdateBusinessRuleServiceImpl[m - [rules] END validate-trade tradeId=1550000 sideId=2 result=OK elapsed=29ms
[30m2026-09-09T12:11:02,366[m [32mINFO  [m[[1;34mhttp-nio-8080-exec-77[m] [36mStatusUpdateBusinessRuleServiceImpl[m - PERF_ASSIGNMENT service=reglas podName=operaciones-reglas-back-app-5894db7bb6-qwpx5 operation=validateUpdateStatusTrade result=SUCCESS tradeId=1550000 side=2 totalMs=30 loadTradeMs=3 loadSettlementsAndInputMs=1 loadBusinessRulesMs=0 evaluationMs=0 tradeRepositoryCalls=1 settlementRepositoryCalls=1 businessRuleRepositoryCalls=0 statusHttpCalls=4 statusRestTotalMs=22
[30m2026-09-09T12:11:02,367[m [32mINFO  [m[[1;34mhttp-nio-8080-exec-77[m] [36mStatusUpdateBusinessRuleServiceImpl[m - PERF_RULES_STATUS_SUMMARY service=reglas podName=operaciones-reglas-back-app-5894db7bb6-qwpx5 validationCount=1 statusHttpCalls=4 statusHttpTotalMs=22 uniqueStatusTransitionKeys=4 tradeRepositoryCalls=1 settlementRepositoryCalls=1 businessRuleRepositoryCalls=0
[30m2026-09-09T12:11:02,440[m [32mINFO  [m[[1;34mhttp-nio-8080-exec-80[m] [36mStatusUpdateBusinessRuleServiceImpl[m - [rules] START validate-trade tradeId=1550001 sideId=2 code=RULE_ASSIGNMENT
[30m2026-09-09T12:11:02,453[m [32mINFO  [m[[1;34mhttp-nio-8080-exec-80[m] [36mStatusUpdateBusinessRuleServiceImpl[m - [rules] process-rule rule=RULE_SIDE ruleId=230 result=OK status-http=5ms total=6ms
[30m2026-09-09T12:11:02,461[m [32mINFO  [m[[1;34mhttp-nio-8080-exec-80[m] [36mStatusUpdateBusinessRuleServiceImpl[m - [rules] process-rule rule=RULE_FRACTION ruleId=232 result=OK status-http=8ms total=8ms
[30m2026-09-09T12:11:02,467[m [32mINFO  [m[[1;34mhttp-nio-8080-exec-80[m] [36mStatusUpdateBusinessRuleServiceImpl[m - [rules] process-rule rule=RULE_FRACTION_CUSTODIAN ruleId=239 result=OK status-http=4ms total=4ms
[30m2026-09-09T12:11:02,477[m [32mINFO  [m[[1;34mhttp-nio-8080-exec-80[m] [36mStatusUpdateBusinessRuleServiceImpl[m - [rules] END validate-trade tradeId=1550001 sideId=2 result=OK elapsed=37ms
[30m2026-09-09T12:11:02,478[m [32mINFO  [m[[1;34mhttp-nio-8080-exec-80[m] [36mStatusUpdateBusinessRuleServiceImpl[m - PERF_ASSIGNMENT service=reglas podName=operaciones-reglas-back-app-5894db7bb6-qwpx5 operation=validateUpdateStatusTrade result=SUCCESS tradeId=1550001 side=2 totalMs=37 loadTradeMs=4 loadSettlementsAndInputMs=1 loadBusinessRulesMs=0 evaluationMs=0 tradeRepositoryCalls=1 settlementRepositoryCalls=1 businessRuleRepositoryCalls=0 statusHttpCalls=4 statusRestTotalMs=29
[30m2026-09-09T12:11:02,478[m [32mINFO  [m[[1;34mhttp-nio-8080-exec-80[m] [36mStatusUpdateBusinessRuleServiceImpl[m - PERF_RULES_STATUS_SUMMARY service=reglas podName=operaciones-reglas-back-app-5894db7bb6-qwpx5 validationCount=1 statusHttpCalls=4 statusHttpTotalMs=29 uniqueStatusTransitionKeys=4 tradeRepositoryCalls=1 settlementRepositoryCalls=1 businessRuleRepositoryCalls=0
[30m2026-09-09T12:11:02,531[m [32mINFO  [m[[1;34mhttp-nio-8080-exec-82[m] [36mStatusUpdateBusinessRuleServiceImpl[m - [rules] START validate-trade tradeId=1550002 sideId=2 code=RULE_ASSIGNMENT
[30m2026-09-09T12:11:02,540[m [32mINFO  [m[[1;34mhttp-nio-8080-exec-82[m] [36mStatusUpdateBusinessRuleServiceImpl[m - [rules] process-rule rule=RULE_SIDE ruleId=230 result=OK status-http=3ms total=4ms
[30m2026-09-09T12:11:02,544[m [32mINFO  [m[[1;34mhttp-nio-8080-exec-82[m] [36mStatusUpdateBusinessRuleServiceImpl[m - [rules] process-rule rule=RULE_FRACTION ruleId=232 result=OK status-http=3ms total=3ms
[30m2026-09-09T12:11:02,547[m [32mINFO  [m[[1;34mhttp-nio-8080-exec-82[m] [36mStatusUpdateBusinessRuleServiceImpl[m - [rules] process-rule rule=RULE_FRACTION_CUSTODIAN ruleId=239 result=OK status-http=3ms total=3ms
[30m2026-09-09T12:11:02,552[m [32mINFO  [m[[1;34mhttp-nio-8080-exec-82[m] [36mStatusUpdateBusinessRuleServiceImpl[m - [rules] END validate-trade tradeId=1550002 sideId=2 result=OK elapsed=20ms
[30m2026-09-09T12:11:02,552[m [32mINFO  [m[[1;34mhttp-nio-8080-exec-82[m] [36mStatusUpdateBusinessRuleServiceImpl[m - PERF_ASSIGNMENT service=reglas podName=operaciones-reglas-back-app-5894db7bb6-qwpx5 operation=validateUpdateStatusTrade result=SUCCESS tradeId=1550002 side=2 totalMs=21 loadTradeMs=3 loadSettlementsAndInputMs=1 loadBusinessRulesMs=0 evaluationMs=0 tradeRepositoryCalls=1 settlementRepositoryCalls=1 businessRuleRepositoryCalls=0 statusHttpCalls=4 statusRestTotalMs=14
[30m2026-09-09T12:11:02,552[m [32mINFO  [m[[1;34mhttp-nio-8080-exec-82[m] [36mStatusUpdateBusinessRuleServiceImpl[m - PERF_RULES_STATUS_SUMMARY service=reglas podName=operaciones-reglas-back-app-5894db7bb6-qwpx5 validationCount=1 statusHttpCalls=4 statusHttpTotalMs=14 uniqueStatusTransitionKeys=4 tradeRepositoryCalls=1 settlementRepositoryCalls=1 businessRuleRepositoryCalls=0
[30m2026-09-09T12:11:02,607[m [32mINFO  [m[[1;34mhttp-nio-8080-exec-86[m] [36mStatusUpdateBusinessRuleServiceImpl[m - [rules] START validate-trade tradeId=1550003 sideId=2 code=RULE_ASSIGNMENT
[30m2026-09-09T12:11:02,626[m [32mINFO  [m[[1;34mhttp-nio-8080-exec-86[m] [36mStatusUpdateBusinessRuleServiceImpl[m - [rules] process-rule rule=RULE_SIDE ruleId=230 result=OK status-http=7ms total=7ms
[30m2026-09-09T12:11:02,636[m [32mINFO  [m[[1;34mhttp-nio-8080-exec-86[m] [36mStatusUpdateBusinessRuleServiceImpl[m - [rules] process-rule rule=RULE_FRACTION ruleId=232 result=OK status-http=8ms total=9ms
[30m2026-09-09T12:11:02,644[m [32mINFO  [m[[1;34mhttp-nio-8080-exec-86[m] [36mStatusUpdateBusinessRuleServiceImpl[m - [rules] process-rule rule=RULE_FRACTION_CUSTODIAN ruleId=239 result=OK status-http=7ms total=7ms
[30m2026-09-09T12:11:02,650[m [32mINFO  [m[[1;34mhttp-nio-8080-exec-86[m] [36mStatusUpdateBusinessRuleServiceImpl[m - [rules] END validate-trade tradeId=1550003 sideId=2 result=OK elapsed=42ms
[30m2026-09-09T12:11:02,650[m [32mINFO  [m[[1;34mhttp-nio-8080-exec-86[m] [36mStatusUpdateBusinessRuleServiceImpl[m - PERF_ASSIGNMENT service=reglas podName=operaciones-reglas-back-app-5894db7bb6-qwpx5 operation=validateUpdateStatusTrade result=SUCCESS tradeId=1550003 side=2 totalMs=42 loadTradeMs=6 loadSettlementsAndInputMs=4 loadBusinessRulesMs=0 evaluationMs=2 tradeRepositoryCalls=1 settlementRepositoryCalls=1 businessRuleRepositoryCalls=0 statusHttpCalls=4 statusRestTotalMs=27
[30m2026-09-09T12:11:02,650[m [32mINFO  [m[[1;34mhttp-nio-8080-exec-86[m] [36mStatusUpdateBusinessRuleServiceImpl[m - PERF_RULES_STATUS_SUMMARY service=reglas podName=operaciones-reglas-back-app-5894db7bb6-qwpx5 validationCount=1 statusHttpCalls=4 statusHttpTotalMs=27 uniqueStatusTransitionKeys=4 tradeRepositoryCalls=1 settlementRepositoryCalls=1 businessRuleRepositoryCalls=0
[30m2026-09-09T12:11:02,715[m [32mINFO  [m[[1;34mhttp-nio-8080-exec-83[m] [36mStatusUpdateBusinessRuleServiceImpl[m - [rules] START validate-trade tradeId=1550004 sideId=2 code=RULE_ASSIGNMENT
[30m2026-09-09T12:11:02,726[m [32mINFO  [m[[1;34mhttp-nio-8080-exec-83[m] [36mStatusUpdateBusinessRuleServiceImpl[m - [rules] process-rule rule=RULE_SIDE ruleId=230 result=OK status-http=5ms total=6ms
[30m2026-09-09T12:11:02,731[m [32mINFO  [m[[1;34mhttp-nio-8080-exec-83[m] [36mStatusUpdateBusinessRuleServiceImpl[m - [rules] process-rule rule=RULE_FRACTION ruleId=232 result=OK status-http=4ms total=4ms
[30m2026-09-09T12:11:02,736[m [32mINFO  [m[[1;34mhttp-nio-8080-exec-83[m] [36mStatusUpdateBusinessRuleServiceImpl[m - [rules] process-rule rule=RULE_FRACTION_CUSTODIAN ruleId=239 result=OK status-http=4ms total=4ms
[30m2026-09-09T12:11:02,746[m [32mINFO  [m[[1;34mhttp-nio-8080-exec-83[m] [36mStatusUpdateBusinessRuleServiceImpl[m - [rules] END validate-trade tradeId=1550004 sideId=2 result=OK elapsed=31ms
[30m2026-09-09T12:11:02,747[m [32mINFO  [m[[1;34mhttp-nio-8080-exec-83[m] [36mStatusUpdateBusinessRuleServiceImpl[m - PERF_ASSIGNMENT service=reglas podName=operaciones-reglas-back-app-5894db7bb6-qwpx5 operation=validateUpdateStatusTrade result=SUCCESS tradeId=1550004 side=2 totalMs=31 loadTradeMs=3 loadSettlementsAndInputMs=1 loadBusinessRulesMs=0 evaluationMs=1 tradeRepositoryCalls=1 settlementRepositoryCalls=1 businessRuleRepositoryCalls=0 statusHttpCalls=4 statusRestTotalMs=24
[30m2026-09-09T12:11:02,747[m [32mINFO  [m[[1;34mhttp-nio-8080-exec-83[m] [36mStatusUpdateBusinessRuleServiceImpl[m - PERF_RULES_STATUS_SUMMARY service=reglas podName=operaciones-reglas-back-app-5894db7bb6-qwpx5 validationCount=1 statusHttpCalls=4 statusHttpTotalMs=24 uniqueStatusTransitionKeys=4 tradeRepositoryCalls=1 settlementRepositoryCalls=1 businessRuleRepositoryCalls=0
[30m2026-09-09T12:11:02,837[m [32mINFO  [m[[1;34mhttp-nio-8080-exec-85[m] [36mStatusUpdateBusinessRuleServiceImpl[m - [rules] START validate-trade tradeId=1550005 sideId=2 code=RULE_ASSIGNMENT
[30m2026-09-09T12:11:02,850[m [32mINFO  [m[[1;34mhttp-nio-8080-exec-85[m] [36mStatusUpdateBusinessRuleServiceImpl[m - [rules] process-rule rule=RULE_SIDE ruleId=230 result=OK status-http=4ms total=5ms
[30m2026-09-09T12:11:02,856[m [32mINFO  [m[[1;34mhttp-nio-8080-exec-85[m] [36mStatusUpdateBusinessRuleServiceImpl[m - [rules] process-rule rule=RULE_FRACTION ruleId=232 result=OK status-http=6ms total=6ms
[30m2026-09-09T12:11:02,865[m [32mINFO  [m[[1;34mhttp-nio-8080-exec-85[m] [36mStatusUpdateBusinessRuleServiceImpl[m - [rules] process-rule rule=RULE_FRACTION_CUSTODIAN ruleId=239 result=OK status-http=8ms total=8ms
[30m2026-09-09T12:11:02,875[m [32mINFO  [m[[1;34mhttp-nio-8080-exec-85[m] [36mStatusUpdateBusinessRuleServiceImpl[m - [rules] END validate-trade tradeId=1550005 sideId=2 result=OK elapsed=37ms
[30m2026-09-09T12:11:02,875[m [32mINFO  [m[[1;34mhttp-nio-8080-exec-85[m] [36mStatusUpdateBusinessRuleServiceImpl[m - PERF_ASSIGNMENT service=reglas podName=operaciones-reglas-back-app-5894db7bb6-qwpx5 operation=validateUpdateStatusTrade result=SUCCESS tradeId=1550005 side=2 totalMs=37 loadTradeMs=4 loadSettlementsAndInputMs=1 loadBusinessRulesMs=0 evaluationMs=2 tradeRepositoryCalls=1 settlementRepositoryCalls=1 businessRuleRepositoryCalls=0 statusHttpCalls=4 statusRestTotalMs=26
[30m2026-09-09T12:11:02,875[m [32mINFO  [m[[1;34mhttp-nio-8080-exec-85[m] [36mStatusUpdateBusinessRuleServiceImpl[m - PERF_RULES_STATUS_SUMMARY service=reglas podName=operaciones-reglas-back-app-5894db7bb6-qwpx5 validationCount=1 statusHttpCalls=4 statusHttpTotalMs=26 uniqueStatusTransitionKeys=4 tradeRepositoryCalls=1 settlementRepositoryCalls=1 businessRuleRepositoryCalls=0
[30m2026-09-09T12:11:02,942[m [32mINFO  [m[[1;34mhttp-nio-8080-exec-90[m] [36mStatusUpdateBusinessRuleServiceImpl[m - [rules] START validate-trade tradeId=1550006 sideId=2 code=RULE_ASSIGNMENT
[30m2026-09-09T12:11:02,956[m [32mINFO  [m[[1;34mhttp-nio-8080-exec-90[m] [36mStatusUpdateBusinessRuleServiceImpl[m - [rules] process-rule rule=RULE_SIDE ruleId=230 result=OK status-http=5ms total=5ms
[30m2026-09-09T12:11:02,965[m [32mINFO  [m[[1;34mhttp-nio-8080-exec-90[m] [36mStatusUpdateBusinessRuleServiceImpl[m - [rules] process-rule rule=RULE_FRACTION ruleId=232 result=OK status-http=7ms total=8ms
[30m2026-09-09T12:11:02,970[m [32mINFO  [m[[1;34mhttp-nio-8080-exec-90[m] [36mStatusUpdateBusinessRuleServiceImpl[m - [rules] process-rule rule=RULE_FRACTION_CUSTODIAN ruleId=239 result=OK status-http=4ms total=4ms
[30m2026-09-09T12:11:02,980[m [32mINFO  [m[[1;34mhttp-nio-8080-exec-90[m] [36mStatusUpdateBusinessRuleServiceImpl[m - [rules] END validate-trade tradeId=1550006 sideId=2 result=OK elapsed=37ms
[30m2026-09-09T12:11:02,980[m [32mINFO  [m[[1;34mhttp-nio-8080-exec-90[m] [36mStatusUpdateBusinessRuleServiceImpl[m - PERF_ASSIGNMENT service=reglas podName=operaciones-reglas-back-app-5894db7bb6-qwpx5 operation=validateUpdateStatusTrade result=SUCCESS tradeId=1550006 side=2 totalMs=37 loadTradeMs=6 loadSettlementsAndInputMs=1 loadBusinessRulesMs=0 evaluationMs=1 tradeRepositoryCalls=1 settlementRepositoryCalls=1 businessRuleRepositoryCalls=0 statusHttpCalls=4 statusRestTotalMs=25
[30m2026-09-09T12:11:02,980[m [32mINFO  [m[[1;34mhttp-nio-8080-exec-90[m] [36mStatusUpdateBusinessRuleServiceImpl[m - PERF_RULES_STATUS_SUMMARY service=reglas podName=operaciones-reglas-back-app-5894db7bb6-qwpx5 validationCount=1 statusHttpCalls=4 statusHttpTotalMs=25 uniqueStatusTransitionKeys=4 tradeRepositoryCalls=1 settlementRepositoryCalls=1 businessRuleRepositoryCalls=0
[30m2026-09-09T12:11:03,067[m [32mINFO  [m[[1;34mhttp-nio-8080-exec-87[m] [36mStatusUpdateBusinessRuleServiceImpl[m - [rules] START validate-trade tradeId=1550007 sideId=2 code=RULE_ASSIGNMENT
[30m2026-09-09T12:11:03,088[m [32mINFO  [m[[1;34mhttp-nio-8080-exec-87[m] [36mStatusUpdateBusinessRuleServiceImpl[m - [rules] process-rule rule=RULE_SIDE ruleId=230 result=OK status-http=11ms total=11ms
[30m2026-09-09T12:11:03,099[m [32mINFO  [m[[1;34mhttp-nio-8080-exec-87[m] [36mStatusUpdateBusinessRuleServiceImpl[m - [rules] process-rule rule=RULE_FRACTION ruleId=232 result=OK status-http=7ms total=7ms
[30m2026-09-09T12:11:03,105[m [32mINFO  [m[[1;34mhttp-nio-8080-exec-87[m] [36mStatusUpdateBusinessRuleServiceImpl[m - [rules] process-rule rule=RULE_FRACTION_CUSTODIAN ruleId=239 result=OK status-http=5ms total=6ms
[30m2026-09-09T12:11:03,117[m [32mINFO  [m[[1;34mhttp-nio-8080-exec-87[m] [36mStatusUpdateBusinessRuleServiceImpl[m - [rules] END validate-trade tradeId=1550007 sideId=2 result=OK elapsed=49ms
[30m2026-09-09T12:11:03,119[m [32mINFO  [m[[1;34mhttp-nio-8080-exec-87[m] [36mStatusUpdateBusinessRuleServiceImpl[m - PERF_ASSIGNMENT service=reglas podName=operaciones-reglas-back-app-5894db7bb6-qwpx5 operation=validateUpdateStatusTrade result=SUCCESS tradeId=1550007 side=2 totalMs=52 loadTradeMs=7 loadSettlementsAndInputMs=1 loadBusinessRulesMs=0 evaluationMs=1 tradeRepositoryCalls=1 settlementRepositoryCalls=1 businessRuleRepositoryCalls=0 statusHttpCalls=4 statusRestTotalMs=35
[30m2026-09-09T12:11:03,119[m [32mINFO  [m[[1;34mhttp-nio-8080-exec-87[m] [36mStatusUpdateBusinessRuleServiceImpl[m - PERF_RULES_STATUS_SUMMARY service=reglas podName=operaciones-reglas-back-app-5894db7bb6-qwpx5 validationCount=1 statusHttpCalls=4 statusHttpTotalMs=35 uniqueStatusTransitionKeys=4 tradeRepositoryCalls=1 settlementRepositoryCalls=1 businessRuleRepositoryCalls=0
[30m2026-09-09T12:11:03,182[m [32mINFO  [m[[1;34mhttp-nio-8080-exec-89[m] [36mStatusUpdateBusinessRuleServiceImpl[m - [rules] START validate-trade tradeId=1550008 sideId=2 code=RULE_ASSIGNMENT
[30m2026-09-09T12:11:03,191[m [32mINFO  [m[[1;34mhttp-nio-8080-exec-89[m] [36mStatusUpdateBusinessRuleServiceImpl[m - [rules] process-rule rule=RULE_SIDE ruleId=230 result=OK status-http=3ms total=3ms
[30m2026-09-09T12:11:03,196[m [32mINFO  [m[[1;34mhttp-nio-8080-exec-89[m] [36mStatusUpdateBusinessRuleServiceImpl[m - [rules] process-rule rule=RULE_FRACTION ruleId=232 result=OK status-http=4ms total=4ms
[30m2026-09-09T12:11:03,201[m [32mINFO  [m[[1;34mhttp-nio-8080-exec-89[m] [36mStatusUpdateBusinessRuleServiceImpl[m - [rules] process-rule rule=RULE_FRACTION_CUSTODIAN ruleId=239 result=OK status-http=4ms total=5ms
[30m2026-09-09T12:11:03,206[m [32mINFO  [m[[1;34mhttp-nio-8080-exec-89[m] [36mStatusUpdateBusinessRuleServiceImpl[m - [rules] END validate-trade tradeId=1550008 sideId=2 result=OK elapsed=24ms
[30m2026-09-09T12:11:03,206[m [32mINFO  [m[[1;34mhttp-nio-8080-exec-89[m] [36mStatusUpdateBusinessRuleServiceImpl[m - PERF_ASSIGNMENT service=reglas podName=operaciones-reglas-back-app-5894db7bb6-qwpx5 operation=validateUpdateStatusTrade result=SUCCESS tradeId=1550008 side=2 totalMs=24 loadTradeMs=3 loadSettlementsAndInputMs=1 loadBusinessRulesMs=0 evaluationMs=1 tradeRepositoryCalls=1 settlementRepositoryCalls=1 businessRuleRepositoryCalls=0 statusHttpCalls=4 statusRestTotalMs=16
[30m2026-09-09T12:11:03,206[m [32mINFO  [m[[1;34mhttp-nio-8080-exec-89[m] [36mStatusUpdateBusinessRuleServiceImpl[m - PERF_RULES_STATUS_SUMMARY service=reglas podName=operaciones-reglas-back-app-5894db7bb6-qwpx5 validationCount=1 statusHttpCalls=4 statusHttpTotalMs=16 uniqueStatusTransitionKeys=4 tradeRepositoryCalls=1 settlementRepositoryCalls=1 businessRuleRepositoryCalls=0
[30m2026-09-09T12:11:03,268[m [32mINFO  [m[[1;34mhttp-nio-8080-exec-88[m] [36mStatusUpdateBusinessRuleServiceImpl[m - [rules] START validate-trade tradeId=1550012 sideId=2 code=RULE_ASSIGNMENT
[30m2026-09-09T12:11:03,286[m [32mINFO  [m[[1;34mhttp-nio-8080-exec-88[m] [36mStatusUpdateBusinessRuleServiceImpl[m - [rules] process-rule rule=RULE_SIDE ruleId=230 result=OK status-http=7ms total=8ms
[30m2026-09-09T12:11:03,290[m [32mINFO  [m[[1;34mhttp-nio-8080-exec-88[m] [36mStatusUpdateBusinessRuleServiceImpl[m - [rules] process-rule rule=RULE_FRACTION ruleId=232 result=OK status-http=4ms total=4ms
[30m2026-09-09T12:11:03,296[m [32mINFO  [m[[1;34mhttp-nio-8080-exec-88[m] [36mStatusUpdateBusinessRuleServiceImpl[m - [rules] process-rule rule=RULE_FRACTION_CUSTODIAN ruleId=239 result=OK status-http=5ms total=5ms
[30m2026-09-09T12:11:03,301[m [32mINFO  [m[[1;34mhttp-nio-8080-exec-88[m] [36mStatusUpdateBusinessRuleServiceImpl[m - [rules] END validate-trade tradeId=1550012 sideId=2 result=OK elapsed=33ms
[30m2026-09-09T12:11:03,301[m [32mINFO  [m[[1;34mhttp-nio-8080-exec-88[m] [36mStatusUpdateBusinessRuleServiceImpl[m - PERF_ASSIGNMENT service=reglas podName=operaciones-reglas-back-app-5894db7bb6-qwpx5 operation=validateUpdateStatusTrade result=SUCCESS tradeId=1550012 side=2 totalMs=33 loadTradeMs=3 loadSettlementsAndInputMs=2 loadBusinessRulesMs=0 evaluationMs=1 tradeRepositoryCalls=1 settlementRepositoryCalls=1 businessRuleRepositoryCalls=0 statusHttpCalls=4 statusRestTotalMs=21
[30m2026-09-09T12:11:03,302[m [32mINFO  [m[[1;34mhttp-nio-8080-exec-88[m] [36mStatusUpdateBusinessRuleServiceImpl[m - PERF_RULES_STATUS_SUMMARY service=reglas podName=operaciones-reglas-back-app-5894db7bb6-qwpx5 validationCount=1 statusHttpCalls=4 statusHttpTotalMs=21 uniqueStatusTransitionKeys=4 tradeRepositoryCalls=1 settlementRepositoryCalls=1 businessRuleRepositoryCalls=0
[30m2026-09-09T12:11:03,365[m [32mINFO  [m[[1;34mhttp-nio-8080-exec-91[m] [36mStatusUpdateBusinessRuleServiceImpl[m - [rules] START validate-trade tradeId=1550013 sideId=2 code=RULE_ASSIGNMENT
[30m2026-09-09T12:11:03,374[m [32mINFO  [m[[1;34mhttp-nio-8080-exec-91[m] [36mStatusUpdateBusinessRuleServiceImpl[m - [rules] process-rule rule=RULE_SIDE ruleId=230 result=OK status-http=4ms total=4ms
[30m2026-09-09T12:11:03,377[m [32mINFO  [m[[1;34mhttp-nio-8080-exec-91[m] [36mStatusUpdateBusinessRuleServiceImpl[m - [rules] process-rule rule=RULE_FRACTION ruleId=232 result=OK status-http=2ms total=2ms
[30m2026-09-09T12:11:03,381[m [32mINFO  [m[[1;34mhttp-nio-8080-exec-91[m] [36mStatusUpdateBusinessRuleServiceImpl[m - [rules] process-rule rule=RULE_FRACTION_CUSTODIAN ruleId=239 result=OK status-http=3ms total=3ms
[30m2026-09-09T12:11:03,386[m [32mINFO  [m[[1;34mhttp-nio-8080-exec-91[m] [36mStatusUpdateBusinessRuleServiceImpl[m - [rules] END validate-trade tradeId=1550013 sideId=2 result=OK elapsed=20ms
[30m2026-09-09T12:11:03,386[m [32mINFO  [m[[1;34mhttp-nio-8080-exec-91[m] [36mStatusUpdateBusinessRuleServiceImpl[m - PERF_ASSIGNMENT service=reglas podName=operaciones-reglas-back-app-5894db7bb6-qwpx5 operation=validateUpdateStatusTrade result=SUCCESS tradeId=1550013 side=2 totalMs=21 loadTradeMs=2 loadSettlementsAndInputMs=1 loadBusinessRulesMs=0 evaluationMs=0 tradeRepositoryCalls=1 settlementRepositoryCalls=1 businessRuleRepositoryCalls=0 statusHttpCalls=4 statusRestTotalMs=15
[30m2026-09-09T12:11:03,386[m [32mINFO  [m[[1;34mhttp-nio-8080-exec-91[m] [36mStatusUpdateBusinessRuleServiceImpl[m - PERF_RULES_STATUS_SUMMARY service=reglas podName=operaciones-reglas-back-app-5894db7bb6-qwpx5 validationCount=1 statusHttpCalls=4 statusHttpTotalMs=15 uniqueStatusTransitionKeys=4 tradeRepositoryCalls=1 settlementRepositoryCalls=1 businessRuleRepositoryCalls=0
[30m2026-09-09T12:11:03,444[m [32mINFO  [m[[1;34mhttp-nio-8080-exec-94[m] [36mStatusUpdateBusinessRuleServiceImpl[m - [rules] START validate-trade tradeId=1550014 sideId=2 code=RULE_ASSIGNMENT
[30m2026-09-09T12:11:03,455[m [32mINFO  [m[[1;34mhttp-nio-8080-exec-94[m] [36mStatusUpdateBusinessRuleServiceImpl[m - [rules] process-rule rule=RULE_SIDE ruleId=230 result=OK status-http=4ms total=4ms
[30m2026-09-09T12:11:03,461[m [32mINFO  [m[[1;34mhttp-nio-8080-exec-94[m] [36mStatusUpdateBusinessRuleServiceImpl[m - [rules] process-rule rule=RULE_FRACTION ruleId=232 result=OK status-http=4ms total=5ms
[30m2026-09-09T12:11:03,466[m [32mINFO  [m[[1;34mhttp-nio-8080-exec-94[m] [36mStatusUpdateBusinessRuleServiceImpl[m - [rules] process-rule rule=RULE_FRACTION_CUSTODIAN ruleId=239 result=OK status-http=3ms total=3ms
[30m2026-09-09T12:11:03,470[m [32mINFO  [m[[1;34mhttp-nio-8080-exec-94[m] [36mStatusUpdateBusinessRuleServiceImpl[m - [rules] END validate-trade tradeId=1550014 sideId=2 result=OK elapsed=25ms
[30m2026-09-09T12:11:03,470[m [32mINFO  [m[[1;34mhttp-nio-8080-exec-94[m] [36mStatusUpdateBusinessRuleServiceImpl[m - PERF_ASSIGNMENT service=reglas podName=operaciones-reglas-back-app-5894db7bb6-qwpx5 operation=validateUpdateStatusTrade result=SUCCESS tradeId=1550014 side=2 totalMs=25 loadTradeMs=4 loadSettlementsAndInputMs=1 loadBusinessRulesMs=0 evaluationMs=0 tradeRepositoryCalls=1 settlementRepositoryCalls=1 businessRuleRepositoryCalls=0 statusHttpCalls=4 statusRestTotalMs=17
[30m2026-09-09T12:11:03,470[m [32mINFO  [m[[1;34mhttp-nio-8080-exec-94[m] [36mStatusUpdateBusinessRuleServiceImpl[m - PERF_RULES_STATUS_SUMMARY service=reglas podName=operaciones-reglas-back-app-5894db7bb6-qwpx5 validationCount=1 statusHttpCalls=4 statusHttpTotalMs=17 uniqueStatusTransitionKeys=4 tradeRepositoryCalls=1 settlementRepositoryCalls=1 businessRuleRepositoryCalls=0
[30m2026-09-09T12:11:03,523[m [32mINFO  [m[[1;34mhttp-nio-8080-exec-92[m] [36mStatusUpdateBusinessRuleServiceImpl[m - [rules] START validate-trade tradeId=1550015 sideId=2 code=RULE_ASSIGNMENT
[30m2026-09-09T12:11:03,533[m [32mINFO  [m[[1;34mhttp-nio-8080-exec-92[m] [36mStatusUpdateBusinessRuleServiceImpl[m - [rules] process-rule rule=RULE_SIDE ruleId=230 result=OK status-http=5ms total=5ms
[30m2026-09-09T12:11:03,537[m [32mINFO  [m[[1;34mhttp-nio-8080-exec-92[m] [36mStatusUpdateBusinessRuleServiceImpl[m - [rules] process-rule rule=RULE_FRACTION ruleId=232 result=OK status-http=4ms total=4ms
[30m2026-09-09T12:11:03,542[m [32mINFO  [m[[1;34mhttp-nio-8080-exec-92[m] [36mStatusUpdateBusinessRuleServiceImpl[m - [rules] process-rule rule=RULE_FRACTION_CUSTODIAN ruleId=239 result=OK status-http=3ms total=4ms
[30m2026-09-09T12:11:03,547[m [32mINFO  [m[[1;34mhttp-nio-8080-exec-92[m] [36mStatusUpdateBusinessRuleServiceImpl[m - [rules] END validate-trade tradeId=1550015 sideId=2 result=OK elapsed=24ms
[30m2026-09-09T12:11:03,547[m [32mINFO  [m[[1;34mhttp-nio-8080-exec-92[m] [36mStatusUpdateBusinessRuleServiceImpl[m - PERF_ASSIGNMENT service=reglas podName=operaciones-reglas-back-app-5894db7bb6-qwpx5 operation=validateUpdateStatusTrade result=SUCCESS tradeId=1550015 side=2 totalMs=24 loadTradeMs=3 loadSettlementsAndInputMs=1 loadBusinessRulesMs=0 evaluationMs=0 tradeRepositoryCalls=1 settlementRepositoryCalls=1 businessRuleRepositoryCalls=0 statusHttpCalls=4 statusRestTotalMs=18
[30m2026-09-09T12:11:03,547[m [32mINFO  [m[[1;34mhttp-nio-8080-exec-92[m] [36mStatusUpdateBusinessRuleServiceImpl[m - PERF_RULES_STATUS_SUMMARY service=reglas podName=operaciones-reglas-back-app-5894db7bb6-qwpx5 validationCount=1 statusHttpCalls=4 statusHttpTotalMs=18 uniqueStatusTransitionKeys=4 tradeRepositoryCalls=1 settlementRepositoryCalls=1 businessRuleRepositoryCalls=0
[30m2026-09-09T12:11:03,612[m [32mINFO  [m[[1;34mhttp-nio-8080-exec-93[m] [36mStatusUpdateBusinessRuleServiceImpl[m - [rules] START validate-trade tradeId=1550016 sideId=2 code=RULE_ASSIGNMENT
[30m2026-09-09T12:11:03,620[m [32mINFO  [m[[1;34mhttp-nio-8080-exec-93[m] [36mStatusUpdateBusinessRuleServiceImpl[m - [rules] process-rule rule=RULE_SIDE ruleId=230 result=OK status-http=4ms total=4ms
[30m2026-09-09T12:11:03,625[m [32mINFO  [m[[1;34mhttp-nio-8080-exec-93[m] [36mStatusUpdateBusinessRuleServiceImpl[m - [rules] process-rule rule=RULE_FRACTION ruleId=232 result=OK status-http=4ms total=4ms
[30m2026-09-09T12:11:03,630[m [32mINFO  [m[[1;34mhttp-nio-8080-exec-93[m] [36mStatusUpdateBusinessRuleServiceImpl[m - [rules] process-rule rule=RULE_FRACTION_CUSTODIAN ruleId=239 result=OK status-http=3ms total=4ms
[30m2026-09-09T12:11:03,636[m [32mINFO  [m[[1;34mhttp-nio-8080-exec-93[m] [36mStatusUpdateBusinessRuleServiceImpl[m - [rules] END validate-trade tradeId=1550016 sideId=2 result=OK elapsed=24ms
[30m2026-09-09T12:11:03,636[m [32mINFO  [m[[1;34mhttp-nio-8080-exec-93[m] [36mStatusUpdateBusinessRuleServiceImpl[m - PERF_ASSIGNMENT service=reglas podName=operaciones-reglas-back-app-5894db7bb6-qwpx5 operation=validateUpdateStatusTrade result=SUCCESS tradeId=1550016 side=2 totalMs=24 loadTradeMs=3 loadSettlementsAndInputMs=1 loadBusinessRulesMs=0 evaluationMs=0 tradeRepositoryCalls=1 settlementRepositoryCalls=1 businessRuleRepositoryCalls=0 statusHttpCalls=4 statusRestTotalMs=18
[30m2026-09-09T12:11:03,636[m [32mINFO  [m[[1;34mhttp-nio-8080-exec-93[m] [36mStatusUpdateBusinessRuleServiceImpl[m - PERF_RULES_STATUS_SUMMARY service=reglas podName=operaciones-reglas-back-app-5894db7bb6-qwpx5 validationCount=1 statusHttpCalls=4 statusHttpTotalMs=18 uniqueStatusTransitionKeys=4 tradeRepositoryCalls=1 settlementRepositoryCalls=1 businessRuleRepositoryCalls=0
[30m2026-09-09T12:11:03,693[m [32mINFO  [m[[1;34mhttp-nio-8080-exec-95[m] [36mStatusUpdateBusinessRuleServiceImpl[m - [rules] START validate-trade tradeId=1550017 sideId=2 code=RULE_ASSIGNMENT
[30m2026-09-09T12:11:03,700[m [32mINFO  [m[[1;34mhttp-nio-8080-exec-95[m] [36mStatusUpdateBusinessRuleServiceImpl[m - [rules] process-rule rule=RULE_SIDE ruleId=230 result=OK status-http=3ms total=3ms
[30m2026-09-09T12:11:03,703[m [32mINFO  [m[[1;34mhttp-nio-8080-exec-95[m] [36mStatusUpdateBusinessRuleServiceImpl[m - [rules] process-rule rule=RULE_FRACTION ruleId=232 result=OK status-http=3ms total=3ms
[30m2026-09-09T12:11:03,708[m [32mINFO  [m[[1;34mhttp-nio-8080-exec-95[m] [36mStatusUpdateBusinessRuleServiceImpl[m - [rules] process-rule rule=RULE_FRACTION_CUSTODIAN ruleId=239 result=OK status-http=3ms total=4ms
[30m2026-09-09T12:11:03,712[m [32mINFO  [m[[1;34mhttp-nio-8080-exec-95[m] [36mStatusUpdateBusinessRuleServiceImpl[m - [rules] END validate-trade tradeId=1550017 sideId=2 result=OK elapsed=19ms
[30m2026-09-09T12:11:03,712[m [32mINFO  [m[[1;34mhttp-nio-8080-exec-95[m] [36mStatusUpdateBusinessRuleServiceImpl[m - PERF_ASSIGNMENT service=reglas podName=operaciones-reglas-back-app-5894db7bb6-qwpx5 operation=validateUpdateStatusTrade result=SUCCESS tradeId=1550017 side=2 totalMs=19 loadTradeMs=2 loadSettlementsAndInputMs=1 loadBusinessRulesMs=0 evaluationMs=0 tradeRepositoryCalls=1 settlementRepositoryCalls=1 businessRuleRepositoryCalls=0 statusHttpCalls=4 statusRestTotalMs=14
[30m2026-09-09T12:11:03,712[m [32mINFO  [m[[1;34mhttp-nio-8080-exec-95[m] [36mStatusUpdateBusinessRuleServiceImpl[m - PERF_RULES_STATUS_SUMMARY service=reglas podName=operaciones-reglas-back-app-5894db7bb6-qwpx5 validationCount=1 statusHttpCalls=4 statusHttpTotalMs=14 uniqueStatusTransitionKeys=4 tradeRepositoryCalls=1 settlementRepositoryCalls=1 businessRuleRepositoryCalls=0
[30m2026-09-09T12:11:03,764[m [32mINFO  [m[[1;34mhttp-nio-8080-exec-97[m] [36mStatusUpdateBusinessRuleServiceImpl[m - [rules] START validate-trade tradeId=1551000 sideId=2 code=RULE_ASSIGNMENT
[30m2026-09-09T12:11:03,772[m [32mINFO  [m[[1;34mhttp-nio-8080-exec-97[m] [36mStatusUpdateBusinessRuleServiceImpl[m - [rules] process-rule rule=RULE_SIDE ruleId=230 result=OK status-http=4ms total=4ms
[30m2026-09-09T12:11:03,776[m [32mINFO  [m[[1;34mhttp-nio-8080-exec-97[m] [36mStatusUpdateBusinessRuleServiceImpl[m - [rules] process-rule rule=RULE_FRACTION ruleId=232 result=OK status-http=3ms total=3ms
[30m2026-09-09T12:11:03,779[m [32mINFO  [m[[1;34mhttp-nio-8080-exec-97[m] [36mStatusUpdateBusinessRuleServiceImpl[m - [rules] process-rule rule=RULE_FRACTION_CUSTODIAN ruleId=239 result=OK status-http=3ms total=3ms
[30m2026-09-09T12:11:03,782[m [32mINFO  [m[[1;34mhttp-nio-8080-exec-97[m] [36mStatusUpdateBusinessRuleServiceImpl[m - [rules] END validate-trade tradeId=1551000 sideId=2 result=OK elapsed=18ms
[30m2026-09-09T12:11:03,782[m [32mINFO  [m[[1;34mhttp-nio-8080-exec-97[m] [36mStatusUpdateBusinessRuleServiceImpl[m - PERF_ASSIGNMENT service=reglas podName=operaciones-reglas-back-app-5894db7bb6-qwpx5 operation=validateUpdateStatusTrade result=SUCCESS tradeId=1551000 side=2 totalMs=18 loadTradeMs=2 loadSettlementsAndInputMs=1 loadBusinessRulesMs=0 evaluationMs=0 tradeRepositoryCalls=1 settlementRepositoryCalls=1 businessRuleRepositoryCalls=0 statusHttpCalls=4 statusRestTotalMs=13
[30m2026-09-09T12:11:03,783[m [32mINFO  [m[[1;34mhttp-nio-8080-exec-97[m] [36mStatusUpdateBusinessRuleServiceImpl[m - PERF_RULES_STATUS_SUMMARY service=reglas podName=operaciones-reglas-back-app-5894db7bb6-qwpx5 validationCount=1 statusHttpCalls=4 statusHttpTotalMs=13 uniqueStatusTransitionKeys=4 tradeRepositoryCalls=1 settlementRepositoryCalls=1 businessRuleRepositoryCalls=0
[30m2026-09-09T12:11:03,832[m [32mINFO  [m[[1;34mhttp-nio-8080-exec-96[m] [36mStatusUpdateBusinessRuleServiceImpl[m - [rules] START validate-trade tradeId=1551001 sideId=2 code=RULE_ASSIGNMENT
[30m2026-09-09T12:11:03,845[m [32mINFO  [m[[1;34mhttp-nio-8080-exec-96[m] [36mStatusUpdateBusinessRuleServiceImpl[m - [rules] process-rule rule=RULE_SIDE ruleId=230 result=OK status-http=8ms total=8ms
[30m2026-09-09T12:11:03,850[m [32mINFO  [m[[1;34mhttp-nio-8080-exec-96[m] [36mStatusUpdateBusinessRuleServiceImpl[m - [rules] process-rule rule=RULE_FRACTION ruleId=232 result=OK status-http=4ms total=4ms
[30m2026-09-09T12:11:03,854[m [32mINFO  [m[[1;34mhttp-nio-8080-exec-96[m] [36mStatusUpdateBusinessRuleServiceImpl[m - [rules] process-rule rule=RULE_FRACTION_CUSTODIAN ruleId=239 result=OK status-http=3ms total=3ms
[30m2026-09-09T12:11:03,862[m [32mINFO  [m[[1;34mhttp-nio-8080-exec-96[m] [36mStatusUpdateBusinessRuleServiceImpl[m - [rules] END validate-trade tradeId=1551001 sideId=2 result=OK elapsed=29ms
[30m2026-09-09T12:11:03,862[m [32mINFO  [m[[1;34mhttp-nio-8080-exec-96[m] [36mStatusUpdateBusinessRuleServiceImpl[m - PERF_ASSIGNMENT service=reglas podName=operaciones-reglas-back-app-5894db7bb6-qwpx5 operation=validateUpdateStatusTrade result=SUCCESS tradeId=1551001 side=2 totalMs=29 loadTradeMs=3 loadSettlementsAndInputMs=1 loadBusinessRulesMs=0 evaluationMs=0 tradeRepositoryCalls=1 settlementRepositoryCalls=1 businessRuleRepositoryCalls=0 statusHttpCalls=4 statusRestTotalMs=23
[30m2026-09-09T12:11:03,862[m [32mINFO  [m[[1;34mhttp-nio-8080-exec-96[m] [36mStatusUpdateBusinessRuleServiceImpl[m - PERF_RULES_STATUS_SUMMARY service=reglas podName=operaciones-reglas-back-app-5894db7bb6-qwpx5 validationCount=1 statusHttpCalls=4 statusHttpTotalMs=23 uniqueStatusTransitionKeys=4 tradeRepositoryCalls=1 settlementRepositoryCalls=1 businessRuleRepositoryCalls=0
[30m2026-09-09T12:11:03,910[m [32mINFO  [m[[1;34mhttp-nio-8080-exec-100[m] [36mStatusUpdateBusinessRuleServiceImpl[m - [rules] START validate-trade tradeId=1551002 sideId=2 code=RULE_ASSIGNMENT
[30m2026-09-09T12:11:03,918[m [32mINFO  [m[[1;34mhttp-nio-8080-exec-100[m] [36mStatusUpdateBusinessRuleServiceImpl[m - [rules] process-rule rule=RULE_SIDE ruleId=230 result=OK status-http=4ms total=4ms
[30m2026-09-09T12:11:03,924[m [32mINFO  [m[[1;34mhttp-nio-8080-exec-100[m] [36mStatusUpdateBusinessRuleServiceImpl[m - [rules] process-rule rule=RULE_FRACTION ruleId=232 result=OK status-http=4ms total=4ms
[30m2026-09-09T12:11:03,928[m [32mINFO  [m[[1;34mhttp-nio-8080-exec-100[m] [36mStatusUpdateBusinessRuleServiceImpl[m - [rules] process-rule rule=RULE_FRACTION_CUSTODIAN ruleId=239 result=OK status-http=4ms total=4ms
[30m2026-09-09T12:11:03,932[m [32mINFO  [m[[1;34mhttp-nio-8080-exec-100[m] [36mStatusUpdateBusinessRuleServiceImpl[m - [rules] END validate-trade tradeId=1551002 sideId=2 result=OK elapsed=21ms
[30m2026-09-09T12:11:03,932[m [32mINFO  [m[[1;34mhttp-nio-8080-exec-100[m] [36mStatusUpdateBusinessRuleServiceImpl[m - PERF_ASSIGNMENT service=reglas podName=operaciones-reglas-back-app-5894db7bb6-qwpx5 operation=validateUpdateStatusTrade result=SUCCESS tradeId=1551002 side=2 totalMs=21 loadTradeMs=2 loadSettlementsAndInputMs=1 loadBusinessRulesMs=0 evaluationMs=0 tradeRepositoryCalls=1 settlementRepositoryCalls=1 businessRuleRepositoryCalls=0 statusHttpCalls=4 statusRestTotalMs=16
[30m2026-09-09T12:11:03,932[m [32mINFO  [m[[1;34mhttp-nio-8080-exec-100[m] [36mStatusUpdateBusinessRuleServiceImpl[m - PERF_RULES_STATUS_SUMMARY service=reglas podName=operaciones-reglas-back-app-5894db7bb6-qwpx5 validationCount=1 statusHttpCalls=4 statusHttpTotalMs=16 uniqueStatusTransitionKeys=4 tradeRepositoryCalls=1 settlementRepositoryCalls=1 businessRuleRepositoryCalls=0
[30m2026-09-09T12:11:03,987[m [32mINFO  [m[[1;34mhttp-nio-8080-exec-99[m] [36mStatusUpdateBusinessRuleServiceImpl[m - [rules] START validate-trade tradeId=1551003 sideId=2 code=RULE_ASSIGNMENT
[30m2026-09-09T12:11:04,008[m [32mINFO  [m[[1;34mhttp-nio-8080-exec-99[m] [36mStatusUpdateBusinessRuleServiceImpl[m - [rules] process-rule rule=RULE_SIDE ruleId=230 result=OK status-http=14ms total=15ms
[30m2026-09-09T12:11:04,015[m [32mINFO  [m[[1;34mhttp-nio-8080-exec-99[m] [36mStatusUpdateBusinessRuleServiceImpl[m - [rules] process-rule rule=RULE_FRACTION ruleId=232 result=OK status-http=6ms total=6ms
[30m2026-09-09T12:11:04,022[m [32mINFO  [m[[1;34mhttp-nio-8080-exec-99[m] [36mStatusUpdateBusinessRuleServiceImpl[m - [rules] process-rule rule=RULE_FRACTION_CUSTODIAN ruleId=239 result=OK status-http=6ms total=6ms
[30m2026-09-09T12:11:04,028[m [32mINFO  [m[[1;34mhttp-nio-8080-exec-99[m] [36mStatusUpdateBusinessRuleServiceImpl[m - [rules] END validate-trade tradeId=1551003 sideId=2 result=OK elapsed=41ms
[30m2026-09-09T12:11:04,029[m [32mINFO  [m[[1;34mhttp-nio-8080-exec-99[m] [36mStatusUpdateBusinessRuleServiceImpl[m - PERF_ASSIGNMENT service=reglas podName=operaciones-reglas-back-app-5894db7bb6-qwpx5 operation=validateUpdateStatusTrade result=SUCCESS tradeId=1551003 side=2 totalMs=41 loadTradeMs=3 loadSettlementsAndInputMs=2 loadBusinessRulesMs=0 evaluationMs=0 tradeRepositoryCalls=1 settlementRepositoryCalls=1 businessRuleRepositoryCalls=0 statusHttpCalls=4 statusRestTotalMs=33
[30m2026-09-09T12:11:04,029[m [32mINFO  [m[[1;34mhttp-nio-8080-exec-99[m] [36mStatusUpdateBusinessRuleServiceImpl[m - PERF_RULES_STATUS_SUMMARY service=reglas podName=operaciones-reglas-back-app-5894db7bb6-qwpx5 validationCount=1 statusHttpCalls=4 statusHttpTotalMs=33 uniqueStatusTransitionKeys=4 tradeRepositoryCalls=1 settlementRepositoryCalls=1 businessRuleRepositoryCalls=0
[30m2026-09-09T12:11:04,101[m [32mINFO  [m[[1;34mhttp-nio-8080-exec-98[m] [36mStatusUpdateBusinessRuleServiceImpl[m - [rules] START validate-trade tradeId=1551004 sideId=2 code=RULE_ASSIGNMENT
[30m2026-09-09T12:11:04,109[m [32mINFO  [m[[1;34mhttp-nio-8080-exec-98[m] [36mStatusUpdateBusinessRuleServiceImpl[m - [rules] process-rule rule=RULE_SIDE ruleId=230 result=OK status-http=3ms total=4ms
[30m2026-09-09T12:11:04,119[m [32mINFO  [m[[1;34mhttp-nio-8080-exec-98[m] [36mStatusUpdateBusinessRuleServiceImpl[m - [rules] process-rule rule=RULE_FRACTION ruleId=232 result=OK status-http=9ms total=9ms
[30m2026-09-09T12:11:04,125[m [32mINFO  [m[[1;34mhttp-nio-8080-exec-98[m] [36mStatusUpdateBusinessRuleServiceImpl[m - [rules] process-rule rule=RULE_FRACTION_CUSTODIAN ruleId=239 result=OK status-http=5ms total=5ms
[30m2026-09-09T12:11:04,133[m [32mINFO  [m[[1;34mhttp-nio-8080-exec-98[m] [36mStatusUpdateBusinessRuleServiceImpl[m - [rules] END validate-trade tradeId=1551004 sideId=2 result=OK elapsed=32ms
[30m2026-09-09T12:11:04,133[m [32mINFO  [m[[1;34mhttp-nio-8080-exec-98[m] [36mStatusUpdateBusinessRuleServiceImpl[m - PERF_ASSIGNMENT service=reglas podName=operaciones-reglas-back-app-5894db7bb6-qwpx5 operation=validateUpdateStatusTrade result=SUCCESS tradeId=1551004 side=2 totalMs=32 loadTradeMs=2 loadSettlementsAndInputMs=1 loadBusinessRulesMs=0 evaluationMs=0 tradeRepositoryCalls=1 settlementRepositoryCalls=1 businessRuleRepositoryCalls=0 statusHttpCalls=4 statusRestTotalMs=26
[30m2026-09-09T12:11:04,134[m [32mINFO  [m[[1;34mhttp-nio-8080-exec-98[m] [36mStatusUpdateBusinessRuleServiceImpl[m - PERF_RULES_STATUS_SUMMARY service=reglas podName=operaciones-reglas-back-app-5894db7bb6-qwpx5 validationCount=1 statusHttpCalls=4 statusHttpTotalMs=26 uniqueStatusTransitionKeys=4 tradeRepositoryCalls=1 settlementRepositoryCalls=1 businessRuleRepositoryCalls=0
[30m2026-09-09T12:11:04,188[m [32mINFO  [m[[1;34mhttp-nio-8080-exec-1[m] [36mStatusUpdateBusinessRuleServiceImpl[m - [rules] START validate-trade tradeId=1551005 sideId=2 code=RULE_ASSIGNMENT
[30m2026-09-09T12:11:04,196[m [32mINFO  [m[[1;34mhttp-nio-8080-exec-1[m] [36mStatusUpdateBusinessRuleServiceImpl[m - [rules] process-rule rule=RULE_SIDE ruleId=230 result=OK status-http=3ms total=3ms
[30m2026-09-09T12:11:04,200[m [32mINFO  [m[[1;34mhttp-nio-8080-exec-1[m] [36mStatusUpdateBusinessRuleServiceImpl[m - [rules] process-rule rule=RULE_FRACTION ruleId=232 result=OK status-http=3ms total=4ms
[30m2026-09-09T12:11:04,209[m [32mINFO  [m[[1;34mhttp-nio-8080-exec-1[m] [36mStatusUpdateBusinessRuleServiceImpl[m - [rules] process-rule rule=RULE_FRACTION_CUSTODIAN ruleId=239 result=OK status-http=8ms total=8ms
[30m2026-09-09T12:11:04,213[m [32mINFO  [m[[1;34mhttp-nio-8080-exec-1[m] [36mStatusUpdateBusinessRuleServiceImpl[m - [rules] END validate-trade tradeId=1551005 sideId=2 result=OK elapsed=25ms
[30m2026-09-09T12:11:04,214[m [32mINFO  [m[[1;34mhttp-nio-8080-exec-1[m] [36mStatusUpdateBusinessRuleServiceImpl[m - PERF_ASSIGNMENT service=reglas podName=operaciones-reglas-back-app-5894db7bb6-qwpx5 operation=validateUpdateStatusTrade result=SUCCESS tradeId=1551005 side=2 totalMs=25 loadTradeMs=2 loadSettlementsAndInputMs=1 loadBusinessRulesMs=0 evaluationMs=0 tradeRepositoryCalls=1 settlementRepositoryCalls=1 businessRuleRepositoryCalls=0 statusHttpCalls=4 statusRestTotalMs=20
[30m2026-09-09T12:11:04,214[m [32mINFO  [m[[1;34mhttp-nio-8080-exec-1[m] [36mStatusUpdateBusinessRuleServiceImpl[m - PERF_RULES_STATUS_SUMMARY service=reglas podName=operaciones-reglas-back-app-5894db7bb6-qwpx5 validationCount=1 statusHttpCalls=4 statusHttpTotalMs=20 uniqueStatusTransitionKeys=4 tradeRepositoryCalls=1 settlementRepositoryCalls=1 businessRuleRepositoryCalls=0
[30m2026-09-09T12:11:04,262[m [32mINFO  [m[[1;34mhttp-nio-8080-exec-2[m] [36mStatusUpdateBusinessRuleServiceImpl[m - [rules] START validate-trade tradeId=1551006 sideId=2 code=RULE_ASSIGNMENT
[30m2026-09-09T12:11:04,273[m [32mINFO  [m[[1;34mhttp-nio-8080-exec-2[m] [36mStatusUpdateBusinessRuleServiceImpl[m - [rules] process-rule rule=RULE_SIDE ruleId=230 result=OK status-http=4ms total=5ms
[30m2026-09-09T12:11:04,278[m [32mINFO  [m[[1;34mhttp-nio-8080-exec-2[m] [36mStatusUpdateBusinessRuleServiceImpl[m - [rules] process-rule rule=RULE_FRACTION ruleId=232 result=OK status-http=4ms total=4ms
[30m2026-09-09T12:11:04,283[m [32mINFO  [m[[1;34mhttp-nio-8080-exec-2[m] [36mStatusUpdateBusinessRuleServiceImpl[m - [rules] process-rule rule=RULE_FRACTION_CUSTODIAN ruleId=239 result=OK status-http=4ms total=4ms
[30m2026-09-09T12:11:04,287[m [32mINFO  [m[[1;34mhttp-nio-8080-exec-2[m] [36mStatusUpdateBusinessRuleServiceImpl[m - [rules] END validate-trade tradeId=1551006 sideId=2 result=OK elapsed=25ms
[30m2026-09-09T12:11:04,288[m [32mINFO  [m[[1;34mhttp-nio-8080-exec-2[m] [36mStatusUpdateBusinessRuleServiceImpl[m - PERF_ASSIGNMENT service=reglas podName=operaciones-reglas-back-app-5894db7bb6-qwpx5 operation=validateUpdateStatusTrade result=SUCCESS tradeId=1551006 side=2 totalMs=26 loadTradeMs=3 loadSettlementsAndInputMs=2 loadBusinessRulesMs=0 evaluationMs=0 tradeRepositoryCalls=1 settlementRepositoryCalls=1 businessRuleRepositoryCalls=0 statusHttpCalls=4 statusRestTotalMs=17
[30m2026-09-09T12:11:04,289[m [32mINFO  [m[[1;34mhttp-nio-8080-exec-2[m] [36mStatusUpdateBusinessRuleServiceImpl[m - PERF_RULES_STATUS_SUMMARY service=reglas podName=operaciones-reglas-back-app-5894db7bb6-qwpx5 validationCount=1 statusHttpCalls=4 statusHttpTotalMs=17 uniqueStatusTransitionKeys=4 tradeRepositoryCalls=1 settlementRepositoryCalls=1 businessRuleRepositoryCalls=0
[30m2026-09-09T12:11:04,346[m [32mINFO  [m[[1;34mhttp-nio-8080-exec-3[m] [36mStatusUpdateBusinessRuleServiceImpl[m - [rules] START validate-trade tradeId=1551007 sideId=2 code=RULE_ASSIGNMENT
[30m2026-09-09T12:11:04,354[m [32mINFO  [m[[1;34mhttp-nio-8080-exec-3[m] [36mStatusUpdateBusinessRuleServiceImpl[m - [rules] process-rule rule=RULE_SIDE ruleId=230 result=OK status-http=3ms total=4ms
[30m2026-09-09T12:11:04,357[m [32mINFO  [m[[1;34mhttp-nio-8080-exec-3[m] [36mStatusUpdateBusinessRuleServiceImpl[m - [rules] process-rule rule=RULE_FRACTION ruleId=232 result=OK status-http=3ms total=3ms
[30m2026-09-09T12:11:04,363[m [32mINFO  [m[[1;34mhttp-nio-8080-exec-3[m] [36mStatusUpdateBusinessRuleServiceImpl[m - [rules] process-rule rule=RULE_FRACTION_CUSTODIAN ruleId=239 result=OK status-http=5ms total=5ms
[30m2026-09-09T12:11:04,369[m [32mINFO  [m[[1;34mhttp-nio-8080-exec-3[m] [36mStatusUpdateBusinessRuleServiceImpl[m - [rules] END validate-trade tradeId=1551007 sideId=2 result=OK elapsed=22ms
[30m2026-09-09T12:11:04,369[m [32mINFO  [m[[1;34mhttp-nio-8080-exec-3[m] [36mStatusUpdateBusinessRuleServiceImpl[m - PERF_ASSIGNMENT service=reglas podName=operaciones-reglas-back-app-5894db7bb6-qwpx5 operation=validateUpdateStatusTrade result=SUCCESS tradeId=1551007 side=2 totalMs=23 loadTradeMs=2 loadSettlementsAndInputMs=1 loadBusinessRulesMs=0 evaluationMs=1 tradeRepositoryCalls=1 settlementRepositoryCalls=1 businessRuleRepositoryCalls=0 statusHttpCalls=4 statusRestTotalMs=17
[30m2026-09-09T12:11:04,369[m [32mINFO  [m[[1;34mhttp-nio-8080-exec-3[m] [36mStatusUpdateBusinessRuleServiceImpl[m - PERF_RULES_STATUS_SUMMARY service=reglas podName=operaciones-reglas-back-app-5894db7bb6-qwpx5 validationCount=1 statusHttpCalls=4 statusHttpTotalMs=17 uniqueStatusTransitionKeys=4 tradeRepositoryCalls=1 settlementRepositoryCalls=1 businessRuleRepositoryCalls=0
[30m2026-09-09T12:11:04,425[m [32mINFO  [m[[1;34mhttp-nio-8080-exec-4[m] [36mStatusUpdateBusinessRuleServiceImpl[m - [rules] START validate-trade tradeId=1551008 sideId=2 code=RULE_ASSIGNMENT
[30m2026-09-09T12:11:04,435[m [32mINFO  [m[[1;34mhttp-nio-8080-exec-4[m] [36mStatusUpdateBusinessRuleServiceImpl[m - [rules] process-rule rule=RULE_SIDE ruleId=230 result=OK status-http=5ms total=5ms
[30m2026-09-09T12:11:04,441[m [32mINFO  [m[[1;34mhttp-nio-8080-exec-4[m] [36mStatusUpdateBusinessRuleServiceImpl[m - [rules] process-rule rule=RULE_FRACTION ruleId=232 result=OK status-http=5ms total=5ms
[30m2026-09-09T12:11:04,449[m [32mINFO  [m[[1;34mhttp-nio-8080-exec-4[m] [36mStatusUpdateBusinessRuleServiceImpl[m - [rules] process-rule rule=RULE_FRACTION_CUSTODIAN ruleId=239 result=OK status-http=6ms total=6ms
[30m2026-09-09T12:11:04,454[m [32mINFO  [m[[1;34mhttp-nio-8080-exec-4[m] [36mStatusUpdateBusinessRuleServiceImpl[m - [rules] END validate-trade tradeId=1551008 sideId=2 result=OK elapsed=29ms
[30m2026-09-09T12:11:04,454[m [32mINFO  [m[[1;34mhttp-nio-8080-exec-4[m] [36mStatusUpdateBusinessRuleServiceImpl[m - PERF_ASSIGNMENT service=reglas podName=operaciones-reglas-back-app-5894db7bb6-qwpx5 operation=validateUpdateStatusTrade result=SUCCESS tradeId=1551008 side=2 totalMs=29 loadTradeMs=2 loadSettlementsAndInputMs=1 loadBusinessRulesMs=0 evaluationMs=0 tradeRepositoryCalls=1 settlementRepositoryCalls=1 businessRuleRepositoryCalls=0 statusHttpCalls=4 statusRestTotalMs=22
[30m2026-09-09T12:11:04,454[m [32mINFO  [m[[1;34mhttp-nio-8080-exec-4[m] [36mStatusUpdateBusinessRuleServiceImpl[m - PERF_RULES_STATUS_SUMMARY service=reglas podName=operaciones-reglas-back-app-5894db7bb6-qwpx5 validationCount=1 statusHttpCalls=4 statusHttpTotalMs=22 uniqueStatusTransitionKeys=4 tradeRepositoryCalls=1 settlementRepositoryCalls=1 businessRuleRepositoryCalls=0
[30m2026-09-09T12:11:04,504[m [32mINFO  [m[[1;34mhttp-nio-8080-exec-6[m] [36mStatusUpdateBusinessRuleServiceImpl[m - [rules] START validate-trade tradeId=1551009 sideId=2 code=RULE_ASSIGNMENT
[30m2026-09-09T12:11:04,515[m [32mINFO  [m[[1;34mhttp-nio-8080-exec-6[m] [36mStatusUpdateBusinessRuleServiceImpl[m - [rules] process-rule rule=RULE_SIDE ruleId=230 result=OK status-http=4ms total=5ms
[30m2026-09-09T12:11:04,518[m [32mINFO  [m[[1;34mhttp-nio-8080-exec-6[m] [36mStatusUpdateBusinessRuleServiceImpl[m - [rules] process-rule rule=RULE_FRACTION ruleId=232 result=OK status-http=3ms total=3ms
[30m2026-09-09T12:11:04,529[m [32mINFO  [m[[1;34mhttp-nio-8080-exec-6[m] [36mStatusUpdateBusinessRuleServiceImpl[m - [rules] process-rule rule=RULE_FRACTION_CUSTODIAN ruleId=239 result=OK status-http=10ms total=10ms
[30m2026-09-09T12:11:04,536[m [32mINFO  [m[[1;34mhttp-nio-8080-exec-6[m] [36mStatusUpdateBusinessRuleServiceImpl[m - [rules] END validate-trade tradeId=1551009 sideId=2 result=OK elapsed=32ms
[30m2026-09-09T12:11:04,536[m [32mINFO  [m[[1;34mhttp-nio-8080-exec-6[m] [36mStatusUpdateBusinessRuleServiceImpl[m - PERF_ASSIGNMENT service=reglas podName=operaciones-reglas-back-app-5894db7bb6-qwpx5 operation=validateUpdateStatusTrade result=SUCCESS tradeId=1551009 side=2 totalMs=32 loadTradeMs=3 loadSettlementsAndInputMs=2 loadBusinessRulesMs=0 evaluationMs=0 tradeRepositoryCalls=1 settlementRepositoryCalls=1 businessRuleRepositoryCalls=0 statusHttpCalls=4 statusRestTotalMs=24
[30m2026-09-09T12:11:04,536[m [32mINFO  [m[[1;34mhttp-nio-8080-exec-6[m] [36mStatusUpdateBusinessRuleServiceImpl[m - PERF_RULES_STATUS_SUMMARY service=reglas podName=operaciones-reglas-back-app-5894db7bb6-qwpx5 validationCount=1 statusHttpCalls=4 statusHttpTotalMs=24 uniqueStatusTransitionKeys=4 tradeRepositoryCalls=1 settlementRepositoryCalls=1 businessRuleRepositoryCalls=0
[30m2026-09-09T12:11:04,594[m [32mINFO  [m[[1;34mhttp-nio-8080-exec-5[m] [36mStatusUpdateBusinessRuleServiceImpl[m - [rules] START validate-trade tradeId=1551011 sideId=2 code=RULE_ASSIGNMENT
[30m2026-09-09T12:11:04,606[m [32mINFO  [m[[1;34mhttp-nio-8080-exec-5[m] [36mStatusUpdateBusinessRuleServiceImpl[m - [rules] process-rule rule=RULE_SIDE ruleId=230 result=OK status-http=6ms total=7ms
[30m2026-09-09T12:11:04,614[m [32mINFO  [m[[1;34mhttp-nio-8080-exec-5[m] [36mStatusUpdateBusinessRuleServiceImpl[m - [rules] process-rule rule=RULE_FRACTION ruleId=232 result=OK status-http=7ms total=7ms
[30m2026-09-09T12:11:04,620[m [32mINFO  [m[[1;34mhttp-nio-8080-exec-5[m] [36mStatusUpdateBusinessRuleServiceImpl[m - [rules] process-rule rule=RULE_FRACTION_CUSTODIAN ruleId=239 result=OK status-http=5ms total=5ms
[30m2026-09-09T12:11:04,627[m [32mINFO  [m[[1;34mhttp-nio-8080-exec-5[m] [36mStatusUpdateBusinessRuleServiceImpl[m - [rules] END validate-trade tradeId=1551011 sideId=2 result=OK elapsed=32ms
[30m2026-09-09T12:11:04,628[m [32mINFO  [m[[1;34mhttp-nio-8080-exec-5[m] [36mStatusUpdateBusinessRuleServiceImpl[m - PERF_ASSIGNMENT service=reglas podName=operaciones-reglas-back-app-5894db7bb6-qwpx5 operation=validateUpdateStatusTrade result=SUCCESS tradeId=1551011 side=2 totalMs=33 loadTradeMs=2 loadSettlementsAndInputMs=1 loadBusinessRulesMs=0 evaluationMs=1 tradeRepositoryCalls=1 settlementRepositoryCalls=1 businessRuleRepositoryCalls=0 statusHttpCalls=4 statusRestTotalMs=26
[30m2026-09-09T12:11:04,628[m [32mINFO  [m[[1;34mhttp-nio-8080-exec-5[m] [36mStatusUpdateBusinessRuleServiceImpl[m - PERF_RULES_STATUS_SUMMARY service=reglas podName=operaciones-reglas-back-app-5894db7bb6-qwpx5 validationCount=1 statusHttpCalls=4 statusHttpTotalMs=26 uniqueStatusTransitionKeys=4 tradeRepositoryCalls=1 settlementRepositoryCalls=1 businessRuleRepositoryCalls=0
[30m2026-09-09T12:11:04,701[m [32mINFO  [m[[1;34mhttp-nio-8080-exec-9[m] [36mStatusUpdateBusinessRuleServiceImpl[m - [rules] START validate-trade tradeId=1550018 sideId=2 code=RULE_ASSIGNMENT
[30m2026-09-09T12:11:04,709[m [32mINFO  [m[[1;34mhttp-nio-8080-exec-9[m] [36mStatusUpdateBusinessRuleServiceImpl[m - [rules] process-rule rule=RULE_SIDE ruleId=230 result=OK status-http=3ms total=3ms
[30m2026-09-09T12:11:04,714[m [32mINFO  [m[[1;34mhttp-nio-8080-exec-9[m] [36mStatusUpdateBusinessRuleServiceImpl[m - [rules] process-rule rule=RULE_FRACTION ruleId=232 result=OK status-http=4ms total=4ms
[30m2026-09-09T12:11:04,720[m [32mINFO  [m[[1;34mhttp-nio-8080-exec-9[m] [36mStatusUpdateBusinessRuleServiceImpl[m - [rules] process-rule rule=RULE_FRACTION_CUSTODIAN ruleId=239 result=OK status-http=5ms total=5ms
[30m2026-09-09T12:11:04,725[m [32mINFO  [m[[1;34mhttp-nio-8080-exec-9[m] [36mStatusUpdateBusinessRuleServiceImpl[m - [rules] END validate-trade tradeId=1550018 sideId=2 result=OK elapsed=23ms
[30m2026-09-09T12:11:04,725[m [32mINFO  [m[[1;34mhttp-nio-8080-exec-9[m] [36mStatusUpdateBusinessRuleServiceImpl[m - PERF_ASSIGNMENT service=reglas podName=operaciones-reglas-back-app-5894db7bb6-qwpx5 operation=validateUpdateStatusTrade result=SUCCESS tradeId=1550018 side=2 totalMs=24 loadTradeMs=2 loadSettlementsAndInputMs=1 loadBusinessRulesMs=0 evaluationMs=0 tradeRepositoryCalls=1 settlementRepositoryCalls=1 businessRuleRepositoryCalls=0 statusHttpCalls=4 statusRestTotalMs=18
[30m2026-09-09T12:11:04,725[m [32mINFO  [m[[1;34mhttp-nio-8080-exec-9[m] [36mStatusUpdateBusinessRuleServiceImpl[m - PERF_RULES_STATUS_SUMMARY service=reglas podName=operaciones-reglas-back-app-5894db7bb6-qwpx5 validationCount=1 statusHttpCalls=4 statusHttpTotalMs=18 uniqueStatusTransitionKeys=4 tradeRepositoryCalls=1 settlementRepositoryCalls=1 businessRuleRepositoryCalls=0
[30m2026-09-09T12:11:04,776[m [32mINFO  [m[[1;34mhttp-nio-8080-exec-8[m] [36mStatusUpdateBusinessRuleServiceImpl[m - [rules] START validate-trade tradeId=1550019 sideId=2 code=RULE_ASSIGNMENT
[30m2026-09-09T12:11:04,786[m [32mINFO  [m[[1;34mhttp-nio-8080-exec-8[m] [36mStatusUpdateBusinessRuleServiceImpl[m - [rules] process-rule rule=RULE_SIDE ruleId=230 result=OK status-http=4ms total=5ms
[30m2026-09-09T12:11:04,794[m [32mINFO  [m[[1;34mhttp-nio-8080-exec-8[m] [36mStatusUpdateBusinessRuleServiceImpl[m - [rules] process-rule rule=RULE_FRACTION ruleId=232 result=OK status-http=7ms total=7ms
[30m2026-09-09T12:11:04,800[m [32mINFO  [m[[1;34mhttp-nio-8080-exec-8[m] [36mStatusUpdateBusinessRuleServiceImpl[m - [rules] process-rule rule=RULE_FRACTION_CUSTODIAN ruleId=239 result=OK status-http=5ms total=5ms
[30m2026-09-09T12:11:04,819[m [32mINFO  [m[[1;34mhttp-nio-8080-exec-8[m] [36mStatusUpdateBusinessRuleServiceImpl[m - [rules] END validate-trade tradeId=1550019 sideId=2 result=OK elapsed=43ms
[30m2026-09-09T12:11:04,821[m [32mINFO  [m[[1;34mhttp-nio-8080-exec-8[m] [36mStatusUpdateBusinessRuleServiceImpl[m - PERF_ASSIGNMENT service=reglas podName=operaciones-reglas-back-app-5894db7bb6-qwpx5 operation=validateUpdateStatusTrade result=SUCCESS tradeId=1550019 side=2 totalMs=45 loadTradeMs=4 loadSettlementsAndInputMs=1 loadBusinessRulesMs=0 evaluationMs=0 tradeRepositoryCalls=1 settlementRepositoryCalls=1 businessRuleRepositoryCalls=0 statusHttpCalls=4 statusRestTotalMs=35
[30m2026-09-09T12:11:04,821[m [32mINFO  [m[[1;34mhttp-nio-8080-exec-8[m] [36mStatusUpdateBusinessRuleServiceImpl[m - PERF_RULES_STATUS_SUMMARY service=reglas podName=operaciones-reglas-back-app-5894db7bb6-qwpx5 validationCount=1 statusHttpCalls=4 statusHttpTotalMs=35 uniqueStatusTransitionKeys=4 tradeRepositoryCalls=1 settlementRepositoryCalls=1 businessRuleRepositoryCalls=0
[30m2026-09-09T12:11:04,878[m [32mINFO  [m[[1;34mhttp-nio-8080-exec-7[m] [36mStatusUpdateBusinessRuleServiceImpl[m - [rules] START validate-trade tradeId=1550020 sideId=2 code=RULE_ASSIGNMENT
[30m2026-09-09T12:11:04,886[m [32mINFO  [m[[1;34mhttp-nio-8080-exec-7[m] [36mStatusUpdateBusinessRuleServiceImpl[m - [rules] process-rule rule=RULE_SIDE ruleId=230 result=OK status-http=4ms total=4ms
[30m2026-09-09T12:11:04,894[m [32mINFO  [m[[1;34mhttp-nio-8080-exec-7[m] [36mStatusUpdateBusinessRuleServiceImpl[m - [rules] process-rule rule=RULE_FRACTION ruleId=232 result=OK status-http=7ms total=7ms
[30m2026-09-09T12:11:04,899[m [32mINFO  [m[[1;34mhttp-nio-8080-exec-7[m] [36mStatusUpdateBusinessRuleServiceImpl[m - [rules] process-rule rule=RULE_FRACTION_CUSTODIAN ruleId=239 result=OK status-http=4ms total=4ms
[30m2026-09-09T12:11:04,904[m [32mINFO  [m[[1;34mhttp-nio-8080-exec-7[m] [36mStatusUpdateBusinessRuleServiceImpl[m - [rules] END validate-trade tradeId=1550020 sideId=2 result=OK elapsed=26ms
[30m2026-09-09T12:11:04,904[m [32mINFO  [m[[1;34mhttp-nio-8080-exec-7[m] [36mStatusUpdateBusinessRuleServiceImpl[m - PERF_ASSIGNMENT service=reglas podName=operaciones-reglas-back-app-5894db7bb6-qwpx5 operation=validateUpdateStatusTrade result=SUCCESS tradeId=1550020 side=2 totalMs=26 loadTradeMs=2 loadSettlementsAndInputMs=1 loadBusinessRulesMs=0 evaluationMs=0 tradeRepositoryCalls=1 settlementRepositoryCalls=1 businessRuleRepositoryCalls=0 statusHttpCalls=4 statusRestTotalMs=20
[30m2026-09-09T12:11:04,904[m [32mINFO  [m[[1;34mhttp-nio-8080-exec-7[m] [36mStatusUpdateBusinessRuleServiceImpl[m - PERF_RULES_STATUS_SUMMARY service=reglas podName=operaciones-reglas-back-app-5894db7bb6-qwpx5 validationCount=1 statusHttpCalls=4 statusHttpTotalMs=20 uniqueStatusTransitionKeys=4 tradeRepositoryCalls=1 settlementRepositoryCalls=1 businessRuleRepositoryCalls=0
[30m2026-09-09T12:11:04,961[m [32mINFO  [m[[1;34mhttp-nio-8080-exec-10[m] [36mStatusUpdateBusinessRuleServiceImpl[m - [rules] START validate-trade tradeId=1550021 sideId=2 code=RULE_ASSIGNMENT
[30m2026-09-09T12:11:04,970[m [32mINFO  [m[[1;34mhttp-nio-8080-exec-10[m] [36mStatusUpdateBusinessRuleServiceImpl[m - [rules] process-rule rule=RULE_SIDE ruleId=230 result=OK status-http=4ms total=4ms
[30m2026-09-09T12:11:04,977[m [32mINFO  [m[[1;34mhttp-nio-8080-exec-10[m] [36mStatusUpdateBusinessRuleServiceImpl[m - [rules] process-rule rule=RULE_FRACTION ruleId=232 result=OK status-http=6ms total=6ms
[30m2026-09-09T12:11:04,981[m [32mINFO  [m[[1;34mhttp-nio-8080-exec-10[m] [36mStatusUpdateBusinessRuleServiceImpl[m - [rules] process-rule rule=RULE_FRACTION_CUSTODIAN ruleId=239 result=OK status-http=3ms total=3ms
[30m2026-09-09T12:11:04,986[m [32mINFO  [m[[1;34mhttp-nio-8080-exec-10[m] [36mStatusUpdateBusinessRuleServiceImpl[m - [rules] END validate-trade tradeId=1550021 sideId=2 result=OK elapsed=24ms
[30m2026-09-09T12:11:04,986[m [32mINFO  [m[[1;34mhttp-nio-8080-exec-10[m] [36mStatusUpdateBusinessRuleServiceImpl[m - PERF_ASSIGNMENT service=reglas podName=operaciones-reglas-back-app-5894db7bb6-qwpx5 operation=validateUpdateStatusTrade result=SUCCESS tradeId=1550021 side=2 totalMs=24 loadTradeMs=2 loadSettlementsAndInputMs=1 loadBusinessRulesMs=0 evaluationMs=0 tradeRepositoryCalls=1 settlementRepositoryCalls=1 businessRuleRepositoryCalls=0 statusHttpCalls=4 statusRestTotalMs=19
[30m2026-09-09T12:11:04,986[m [32mINFO  [m[[1;34mhttp-nio-8080-exec-10[m] [36mStatusUpdateBusinessRuleServiceImpl[m - PERF_RULES_STATUS_SUMMARY service=reglas podName=operaciones-reglas-back-app-5894db7bb6-qwpx5 validationCount=1 statusHttpCalls=4 statusHttpTotalMs=19 uniqueStatusTransitionKeys=4 tradeRepositoryCalls=1 settlementRepositoryCalls=1 businessRuleRepositoryCalls=0
[30m2026-09-09T12:11:05,049[m [32mINFO  [m[[1;34mhttp-nio-8080-exec-11[m] [36mStatusUpdateBusinessRuleServiceImpl[m - [rules] START validate-trade tradeId=1550022 sideId=2 code=RULE_ASSIGNMENT
[30m2026-09-09T12:11:05,065[m [32mINFO  [m[[1;34mhttp-nio-8080-exec-11[m] [36mStatusUpdateBusinessRuleServiceImpl[m - [rules] process-rule rule=RULE_SIDE ruleId=230 result=OK status-http=6ms total=6ms
[30m2026-09-09T12:11:05,072[m [32mINFO  [m[[1;34mhttp-nio-8080-exec-11[m] [36mStatusUpdateBusinessRuleServiceImpl[m - [rules] process-rule rule=RULE_FRACTION ruleId=232 result=OK status-http=7ms total=7ms
[30m2026-09-09T12:11:05,081[m [32mINFO  [m[[1;34mhttp-nio-8080-exec-11[m] [36mStatusUpdateBusinessRuleServiceImpl[m - [rules] process-rule rule=RULE_FRACTION_CUSTODIAN ruleId=239 result=OK status-http=8ms total=8ms
[30m2026-09-09T12:11:05,089[m [32mINFO  [m[[1;34mhttp-nio-8080-exec-11[m] [36mStatusUpdateBusinessRuleServiceImpl[m - [rules] END validate-trade tradeId=1550022 sideId=2 result=OK elapsed=40ms
[30m2026-09-09T12:11:05,090[m [32mINFO  [m[[1;34mhttp-nio-8080-exec-11[m] [36mStatusUpdateBusinessRuleServiceImpl[m - PERF_ASSIGNMENT service=reglas podName=operaciones-reglas-back-app-5894db7bb6-qwpx5 operation=validateUpdateStatusTrade result=SUCCESS tradeId=1550022 side=2 totalMs=41 loadTradeMs=5 loadSettlementsAndInputMs=3 loadBusinessRulesMs=0 evaluationMs=1 tradeRepositoryCalls=1 settlementRepositoryCalls=1 businessRuleRepositoryCalls=0 statusHttpCalls=4 statusRestTotalMs=29
[30m2026-09-09T12:11:05,090[m [32mINFO  [m[[1;34mhttp-nio-8080-exec-11[m] [36mStatusUpdateBusinessRuleServiceImpl[m - PERF_RULES_STATUS_SUMMARY service=reglas podName=operaciones-reglas-back-app-5894db7bb6-qwpx5 validationCount=1 statusHttpCalls=4 statusHttpTotalMs=29 uniqueStatusTransitionKeys=4 tradeRepositoryCalls=1 settlementRepositoryCalls=1 businessRuleRepositoryCalls=0
[30m2026-09-09T12:11:05,190[m [32mINFO  [m[[1;34mhttp-nio-8080-exec-12[m] [36mStatusUpdateBusinessRuleServiceImpl[m - [rules] START validate-trade tradeId=1550023 sideId=2 code=RULE_ASSIGNMENT
[30m2026-09-09T12:11:05,202[m [32mINFO  [m[[1;34mhttp-nio-8080-exec-12[m] [36mStatusUpdateBusinessRuleServiceImpl[m - [rules] process-rule rule=RULE_SIDE ruleId=230 result=OK status-http=6ms total=6ms
[30m2026-09-09T12:11:05,210[m [32mINFO  [m[[1;34mhttp-nio-8080-exec-12[m] [36mStatusUpdateBusinessRuleServiceImpl[m - [rules] process-rule rule=RULE_FRACTION ruleId=232 result=OK status-http=8ms total=8ms
[30m2026-09-09T12:11:05,216[m [32mINFO  [m[[1;34mhttp-nio-8080-exec-12[m] [36mStatusUpdateBusinessRuleServiceImpl[m - [rules] process-rule rule=RULE_FRACTION_CUSTODIAN ruleId=239 result=OK status-http=5ms total=5ms
[30m2026-09-09T12:11:05,225[m [32mINFO  [m[[1;34mhttp-nio-8080-exec-12[m] [36mStatusUpdateBusinessRuleServiceImpl[m - [rules] END validate-trade tradeId=1550023 sideId=2 result=OK elapsed=35ms
[30m2026-09-09T12:11:05,226[m [32mINFO  [m[[1;34mhttp-nio-8080-exec-12[m] [36mStatusUpdateBusinessRuleServiceImpl[m - PERF_ASSIGNMENT service=reglas podName=operaciones-reglas-back-app-5894db7bb6-qwpx5 operation=validateUpdateStatusTrade result=SUCCESS tradeId=1550023 side=2 totalMs=35 loadTradeMs=3 loadSettlementsAndInputMs=1 loadBusinessRulesMs=0 evaluationMs=0 tradeRepositoryCalls=1 settlementRepositoryCalls=1 businessRuleRepositoryCalls=0 statusHttpCalls=4 statusRestTotalMs=28
[30m2026-09-09T12:11:05,226[m [32mINFO  [m[[1;34mhttp-nio-8080-exec-12[m] [36mStatusUpdateBusinessRuleServiceImpl[m - PERF_RULES_STATUS_SUMMARY service=reglas podName=operaciones-reglas-back-app-5894db7bb6-qwpx5 validationCount=1 statusHttpCalls=4 statusHttpTotalMs=28 uniqueStatusTransitionKeys=4 tradeRepositoryCalls=1 settlementRepositoryCalls=1 businessRuleRepositoryCalls=0
[30m2026-09-09T12:11:05,298[m [32mINFO  [m[[1;34mhttp-nio-8080-exec-13[m] [36mStatusUpdateBusinessRuleServiceImpl[m - [rules] START validate-trade tradeId=1550024 sideId=2 code=RULE_ASSIGNMENT
[30m2026-09-09T12:11:05,314[m [32mINFO  [m[[1;34mhttp-nio-8080-exec-13[m] [36mStatusUpdateBusinessRuleServiceImpl[m - [rules] process-rule rule=RULE_SIDE ruleId=230 result=OK status-http=6ms total=6ms
[30m2026-09-09T12:11:05,320[m [32mINFO  [m[[1;34mhttp-nio-8080-exec-13[m] [36mStatusUpdateBusinessRuleServiceImpl[m - [rules] process-rule rule=RULE_FRACTION ruleId=232 result=OK status-http=4ms total=4ms
[30m2026-09-09T12:11:05,327[m [32mINFO  [m[[1;34mhttp-nio-8080-exec-13[m] [36mStatusUpdateBusinessRuleServiceImpl[m - [rules] process-rule rule=RULE_FRACTION_CUSTODIAN ruleId=239 result=OK status-http=4ms total=5ms
[30m2026-09-09T12:11:05,334[m [32mINFO  [m[[1;34mhttp-nio-8080-exec-13[m] [36mStatusUpdateBusinessRuleServiceImpl[m - [rules] END validate-trade tradeId=1550024 sideId=2 result=OK elapsed=35ms
[30m2026-09-09T12:11:05,334[m [32mINFO  [m[[1;34mhttp-nio-8080-exec-13[m] [36mStatusUpdateBusinessRuleServiceImpl[m - PERF_ASSIGNMENT service=reglas podName=operaciones-reglas-back-app-5894db7bb6-qwpx5 operation=validateUpdateStatusTrade result=SUCCESS tradeId=1550024 side=2 totalMs=35 loadTradeMs=6 loadSettlementsAndInputMs=1 loadBusinessRulesMs=0 evaluationMs=1 tradeRepositoryCalls=1 settlementRepositoryCalls=1 businessRuleRepositoryCalls=0 statusHttpCalls=4 statusRestTotalMs=22
[30m2026-09-09T12:11:05,334[m [32mINFO  [m[[1;34mhttp-nio-8080-exec-13[m] [36mStatusUpdateBusinessRuleServiceImpl[m - PERF_RULES_STATUS_SUMMARY service=reglas podName=operaciones-reglas-back-app-5894db7bb6-qwpx5 validationCount=1 statusHttpCalls=4 statusHttpTotalMs=22 uniqueStatusTransitionKeys=4 tradeRepositoryCalls=1 settlementRepositoryCalls=1 businessRuleRepositoryCalls=0
[30m2026-09-09T12:11:05,388[m [32mINFO  [m[[1;34mhttp-nio-8080-exec-16[m] [36mStatusUpdateBusinessRuleServiceImpl[m - [rules] START validate-trade tradeId=1550026 sideId=2 code=RULE_ASSIGNMENT
[30m2026-09-09T12:11:05,399[m [32mINFO  [m[[1;34mhttp-nio-8080-exec-16[m] [36mStatusUpdateBusinessRuleServiceImpl[m - [rules] process-rule rule=RULE_SIDE ruleId=230 result=OK status-http=5ms total=5ms
[30m2026-09-09T12:11:05,405[m [32mINFO  [m[[1;34mhttp-nio-8080-exec-16[m] [36mStatusUpdateBusinessRuleServiceImpl[m - [rules] process-rule rule=RULE_FRACTION ruleId=232 result=OK status-http=5ms total=5ms
[30m2026-09-09T12:11:05,415[m [32mINFO  [m[[1;34mhttp-nio-8080-exec-16[m] [36mStatusUpdateBusinessRuleServiceImpl[m - [rules] process-rule rule=RULE_FRACTION_CUSTODIAN ruleId=239 result=OK status-http=9ms total=9ms
[30m2026-09-09T12:11:05,419[m [32mINFO  [m[[1;34mhttp-nio-8080-exec-16[m] [36mStatusUpdateBusinessRuleServiceImpl[m - [rules] END validate-trade tradeId=1550026 sideId=2 result=OK elapsed=31ms
[30m2026-09-09T12:11:05,424[m [32mINFO  [m[[1;34mhttp-nio-8080-exec-16[m] [36mStatusUpdateBusinessRuleServiceImpl[m - PERF_ASSIGNMENT service=reglas podName=operaciones-reglas-back-app-5894db7bb6-qwpx5 operation=validateUpdateStatusTrade result=SUCCESS tradeId=1550026 side=2 totalMs=36 loadTradeMs=3 loadSettlementsAndInputMs=2 loadBusinessRulesMs=0 evaluationMs=0 tradeRepositoryCalls=1 settlementRepositoryCalls=1 businessRuleRepositoryCalls=0 statusHttpCalls=4 statusRestTotalMs=23
[30m2026-09-09T12:11:05,424[m [32mINFO  [m[[1;34mhttp-nio-8080-exec-16[m] [36mStatusUpdateBusinessRuleServiceImpl[m - PERF_RULES_STATUS_SUMMARY service=reglas podName=operaciones-reglas-back-app-5894db7bb6-qwpx5 validationCount=1 statusHttpCalls=4 statusHttpTotalMs=23 uniqueStatusTransitionKeys=4 tradeRepositoryCalls=1 settlementRepositoryCalls=1 businessRuleRepositoryCalls=0
[30m2026-09-09T12:11:05,495[m [32mINFO  [m[[1;34mhttp-nio-8080-exec-18[m] [36mStatusUpdateBusinessRuleServiceImpl[m - [rules] START validate-trade tradeId=1550027 sideId=2 code=RULE_ASSIGNMENT
[30m2026-09-09T12:11:05,508[m [32mINFO  [m[[1;34mhttp-nio-8080-exec-18[m] [36mStatusUpdateBusinessRuleServiceImpl[m - [rules] process-rule rule=RULE_SIDE ruleId=230 result=OK status-http=4ms total=4ms
[30m2026-09-09T12:11:05,512[m [32mINFO  [m[[1;34mhttp-nio-8080-exec-18[m] [36mStatusUpdateBusinessRuleServiceImpl[m - [rules] process-rule rule=RULE_FRACTION ruleId=232 result=OK status-http=3ms total=3ms
[30m2026-09-09T12:11:05,516[m [32mINFO  [m[[1;34mhttp-nio-8080-exec-18[m] [36mStatusUpdateBusinessRuleServiceImpl[m - [rules] process-rule rule=RULE_FRACTION_CUSTODIAN ruleId=239 result=OK status-http=3ms total=3ms
[30m2026-09-09T12:11:05,521[m [32mINFO  [m[[1;34mhttp-nio-8080-exec-18[m] [36mStatusUpdateBusinessRuleServiceImpl[m - [rules] END validate-trade tradeId=1550027 sideId=2 result=OK elapsed=25ms
[30m2026-09-09T12:11:05,521[m [32mINFO  [m[[1;34mhttp-nio-8080-exec-18[m] [36mStatusUpdateBusinessRuleServiceImpl[m - PERF_ASSIGNMENT service=reglas podName=operaciones-reglas-back-app-5894db7bb6-qwpx5 operation=validateUpdateStatusTrade result=SUCCESS tradeId=1550027 side=2 totalMs=26 loadTradeMs=5 loadSettlementsAndInputMs=2 loadBusinessRulesMs=0 evaluationMs=1 tradeRepositoryCalls=1 settlementRepositoryCalls=1 businessRuleRepositoryCalls=0 statusHttpCalls=4 statusRestTotalMs=15
[30m2026-09-09T12:11:05,521[m [32mINFO  [m[[1;34mhttp-nio-8080-exec-18[m] [36mStatusUpdateBusinessRuleServiceImpl[m - PERF_RULES_STATUS_SUMMARY service=reglas podName=operaciones-reglas-back-app-5894db7bb6-qwpx5 validationCount=1 statusHttpCalls=4 statusHttpTotalMs=15 uniqueStatusTransitionKeys=4 tradeRepositoryCalls=1 settlementRepositoryCalls=1 businessRuleRepositoryCalls=0
[30m2026-09-09T12:11:05,576[m [32mINFO  [m[[1;34mhttp-nio-8080-exec-14[m] [36mStatusUpdateBusinessRuleServiceImpl[m - [rules] START validate-trade tradeId=1550029 sideId=2 code=RULE_ASSIGNMENT
[30m2026-09-09T12:11:05,586[m [32mINFO  [m[[1;34mhttp-nio-8080-exec-14[m] [36mStatusUpdateBusinessRuleServiceImpl[m - [rules] process-rule rule=RULE_SIDE ruleId=230 result=OK status-http=3ms total=4ms
[30m2026-09-09T12:11:05,592[m [32mINFO  [m[[1;34mhttp-nio-8080-exec-14[m] [36mStatusUpdateBusinessRuleServiceImpl[m - [rules] process-rule rule=RULE_FRACTION ruleId=232 result=OK status-http=5ms total=5ms
[30m2026-09-09T12:11:05,595[m [32mINFO  [m[[1;34mhttp-nio-8080-exec-14[m] [36mStatusUpdateBusinessRuleServiceImpl[m - [rules] process-rule rule=RULE_FRACTION_CUSTODIAN ruleId=239 result=OK status-http=3ms total=3ms
[30m2026-09-09T12:11:05,598[m [32mINFO  [m[[1;34mhttp-nio-8080-exec-14[m] [36mStatusUpdateBusinessRuleServiceImpl[m - [rules] END validate-trade tradeId=1550029 sideId=2 result=OK elapsed=22ms
[30m2026-09-09T12:11:05,599[m [32mINFO  [m[[1;34mhttp-nio-8080-exec-14[m] [36mStatusUpdateBusinessRuleServiceImpl[m - PERF_ASSIGNMENT service=reglas podName=operaciones-reglas-back-app-5894db7bb6-qwpx5 operation=validateUpdateStatusTrade result=SUCCESS tradeId=1550029 side=2 totalMs=22 loadTradeMs=3 loadSettlementsAndInputMs=2 loadBusinessRulesMs=0 evaluationMs=0 tradeRepositoryCalls=1 settlementRepositoryCalls=1 businessRuleRepositoryCalls=0 statusHttpCalls=4 statusRestTotalMs=15
[30m2026-09-09T12:11:05,599[m [32mINFO  [m[[1;34mhttp-nio-8080-exec-14[m] [36mStatusUpdateBusinessRuleServiceImpl[m - PERF_RULES_STATUS_SUMMARY service=reglas podName=operaciones-reglas-back-app-5894db7bb6-qwpx5 validationCount=1 statusHttpCalls=4 statusHttpTotalMs=15 uniqueStatusTransitionKeys=4 tradeRepositoryCalls=1 settlementRepositoryCalls=1 businessRuleRepositoryCalls=0
[30m2026-09-09T12:11:05,646[m [32mINFO  [m[[1;34mhttp-nio-8080-exec-20[m] [36mStatusUpdateBusinessRuleServiceImpl[m - [rules] START validate-trade tradeId=1550030 sideId=2 code=RULE_ASSIGNMENT
[30m2026-09-09T12:11:05,656[m [32mINFO  [m[[1;34mhttp-nio-8080-exec-20[m] [36mStatusUpdateBusinessRuleServiceImpl[m - [rules] process-rule rule=RULE_SIDE ruleId=230 result=OK status-http=4ms total=4ms
[30m2026-09-09T12:11:05,659[m [32mINFO  [m[[1;34mhttp-nio-8080-exec-20[m] [36mStatusUpdateBusinessRuleServiceImpl[m - [rules] process-rule rule=RULE_FRACTION ruleId=232 result=OK status-http=2ms total=2ms
[30m2026-09-09T12:11:05,664[m [32mINFO  [m[[1;34mhttp-nio-8080-exec-20[m] [36mStatusUpdateBusinessRuleServiceImpl[m - [rules] process-rule rule=RULE_FRACTION_CUSTODIAN ruleId=239 result=OK status-http=4ms total=4ms
[30m2026-09-09T12:11:05,671[m [32mINFO  [m[[1;34mhttp-nio-8080-exec-20[m] [36mStatusUpdateBusinessRuleServiceImpl[m - [rules] END validate-trade tradeId=1550030 sideId=2 result=OK elapsed=25ms
[30m2026-09-09T12:11:05,671[m [32mINFO  [m[[1;34mhttp-nio-8080-exec-20[m] [36mStatusUpdateBusinessRuleServiceImpl[m - PERF_ASSIGNMENT service=reglas podName=operaciones-reglas-back-app-5894db7bb6-qwpx5 operation=validateUpdateStatusTrade result=SUCCESS tradeId=1550030 side=2 totalMs=25 loadTradeMs=3 loadSettlementsAndInputMs=1 loadBusinessRulesMs=0 evaluationMs=0 tradeRepositoryCalls=1 settlementRepositoryCalls=1 businessRuleRepositoryCalls=0 statusHttpCalls=4 statusRestTotalMs=18
[30m2026-09-09T12:11:05,671[m [32mINFO  [m[[1;34mhttp-nio-8080-exec-20[m] [36mStatusUpdateBusinessRuleServiceImpl[m - PERF_RULES_STATUS_SUMMARY service=reglas podName=operaciones-reglas-back-app-5894db7bb6-qwpx5 validationCount=1 statusHttpCalls=4 statusHttpTotalMs=18 uniqueStatusTransitionKeys=4 tradeRepositoryCalls=1 settlementRepositoryCalls=1 businessRuleRepositoryCalls=0
[30m2026-09-09T12:11:05,721[m [32mINFO  [m[[1;34mhttp-nio-8080-exec-15[m] [36mStatusUpdateBusinessRuleServiceImpl[m - [rules] START validate-trade tradeId=1550031 sideId=2 code=RULE_ASSIGNMENT
[30m2026-09-09T12:11:05,729[m [32mINFO  [m[[1;34mhttp-nio-8080-exec-15[m] [36mStatusUpdateBusinessRuleServiceImpl[m - [rules] process-rule rule=RULE_SIDE ruleId=230 result=OK status-http=3ms total=3ms
[30m2026-09-09T12:11:05,733[m [32mINFO  [m[[1;34mhttp-nio-8080-exec-15[m] [36mStatusUpdateBusinessRuleServiceImpl[m - [rules] process-rule rule=RULE_FRACTION ruleId=232 result=OK status-http=3ms total=3ms
[30m2026-09-09T12:11:05,737[m [32mINFO  [m[[1;34mhttp-nio-8080-exec-15[m] [36mStatusUpdateBusinessRuleServiceImpl[m - [rules] process-rule rule=RULE_FRACTION_CUSTODIAN ruleId=239 result=OK status-http=3ms total=3ms
[30m2026-09-09T12:11:05,743[m [32mINFO  [m[[1;34mhttp-nio-8080-exec-15[m] [36mStatusUpdateBusinessRuleServiceImpl[m - [rules] END validate-trade tradeId=1550031 sideId=2 result=OK elapsed=21ms
[30m2026-09-09T12:11:05,743[m [32mINFO  [m[[1;34mhttp-nio-8080-exec-15[m] [36mStatusUpdateBusinessRuleServiceImpl[m - PERF_ASSIGNMENT service=reglas podName=operaciones-reglas-back-app-5894db7bb6-qwpx5 operation=validateUpdateStatusTrade result=SUCCESS tradeId=1550031 side=2 totalMs=21 loadTradeMs=2 loadSettlementsAndInputMs=1 loadBusinessRulesMs=0 evaluationMs=0 tradeRepositoryCalls=1 settlementRepositoryCalls=1 businessRuleRepositoryCalls=0 statusHttpCalls=4 statusRestTotalMs=16
[30m2026-09-09T12:11:05,743[m [32mINFO  [m[[1;34mhttp-nio-8080-exec-15[m] [36mStatusUpdateBusinessRuleServiceImpl[m - PERF_RULES_STATUS_SUMMARY service=reglas podName=operaciones-reglas-back-app-5894db7bb6-qwpx5 validationCount=1 statusHttpCalls=4 statusHttpTotalMs=16 uniqueStatusTransitionKeys=4 tradeRepositoryCalls=1 settlementRepositoryCalls=1 businessRuleRepositoryCalls=0
[30m2026-09-09T12:11:05,788[m [32mINFO  [m[[1;34mhttp-nio-8080-exec-17[m] [36mStatusUpdateBusinessRuleServiceImpl[m - [rules] START validate-trade tradeId=1549082 sideId=2 code=RULE_ASSIGNMENT
[30m2026-09-09T12:11:05,796[m [32mINFO  [m[[1;34mhttp-nio-8080-exec-17[m] [36mStatusUpdateBusinessRuleServiceImpl[m - [rules] process-rule rule=RULE_SIDE ruleId=230 result=OK status-http=2ms total=3ms
[30m2026-09-09T12:11:05,800[m [32mINFO  [m[[1;34mhttp-nio-8080-exec-17[m] [36mStatusUpdateBusinessRuleServiceImpl[m - [rules] process-rule rule=RULE_FRACTION ruleId=232 result=OK status-http=3ms total=3ms
[30m2026-09-09T12:11:05,803[m [32mINFO  [m[[1;34mhttp-nio-8080-exec-17[m] [36mStatusUpdateBusinessRuleServiceImpl[m - [rules] process-rule rule=RULE_FRACTION_CUSTODIAN ruleId=239 result=OK status-http=3ms total=3ms
[30m2026-09-09T12:11:05,809[m [32mINFO  [m[[1;34mhttp-nio-8080-exec-17[m] [36mStatusUpdateBusinessRuleServiceImpl[m - [rules] END validate-trade tradeId=1549082 sideId=2 result=OK elapsed=21ms
[30m2026-09-09T12:11:05,809[m [32mINFO  [m[[1;34mhttp-nio-8080-exec-17[m] [36mStatusUpdateBusinessRuleServiceImpl[m - PERF_ASSIGNMENT service=reglas podName=operaciones-reglas-back-app-5894db7bb6-qwpx5 operation=validateUpdateStatusTrade result=SUCCESS tradeId=1549082 side=2 totalMs=21 loadTradeMs=3 loadSettlementsAndInputMs=1 loadBusinessRulesMs=0 evaluationMs=0 tradeRepositoryCalls=1 settlementRepositoryCalls=1 businessRuleRepositoryCalls=0 statusHttpCalls=4 statusRestTotalMs=14
[30m2026-09-09T12:11:05,810[m [32mINFO  [m[[1;34mhttp-nio-8080-exec-17[m] [36mStatusUpdateBusinessRuleServiceImpl[m - PERF_RULES_STATUS_SUMMARY service=reglas podName=operaciones-reglas-back-app-5894db7bb6-qwpx5 validationCount=1 statusHttpCalls=4 statusHttpTotalMs=14 uniqueStatusTransitionKeys=4 tradeRepositoryCalls=1 settlementRepositoryCalls=1 businessRuleRepositoryCalls=0
[30m2026-09-09T12:11:05,857[m [32mINFO  [m[[1;34mhttp-nio-8080-exec-21[m] [36mStatusUpdateBusinessRuleServiceImpl[m - [rules] START validate-trade tradeId=1549083 sideId=2 code=RULE_ASSIGNMENT
[30m2026-09-09T12:11:05,866[m [32mINFO  [m[[1;34mhttp-nio-8080-exec-21[m] [36mStatusUpdateBusinessRuleServiceImpl[m - [rules] process-rule rule=RULE_SIDE ruleId=230 result=OK status-http=3ms total=3ms
[30m2026-09-09T12:11:05,870[m [32mINFO  [m[[1;34mhttp-nio-8080-exec-21[m] [36mStatusUpdateBusinessRuleServiceImpl[m - [rules] process-rule rule=RULE_FRACTION ruleId=232 result=OK status-http=3ms total=3ms
[30m2026-09-09T12:11:05,873[m [32mINFO  [m[[1;34mhttp-nio-8080-exec-21[m] [36mStatusUpdateBusinessRuleServiceImpl[m - [rules] process-rule rule=RULE_FRACTION_CUSTODIAN ruleId=239 result=OK status-http=3ms total=3ms
[30m2026-09-09T12:11:05,877[m [32mINFO  [m[[1;34mhttp-nio-8080-exec-21[m] [36mStatusUpdateBusinessRuleServiceImpl[m - [rules] END validate-trade tradeId=1549083 sideId=2 result=OK elapsed=20ms
[30m2026-09-09T12:11:05,877[m [32mINFO  [m[[1;34mhttp-nio-8080-exec-21[m] [36mStatusUpdateBusinessRuleServiceImpl[m - PERF_ASSIGNMENT service=reglas podName=operaciones-reglas-back-app-5894db7bb6-qwpx5 operation=validateUpdateStatusTrade result=SUCCESS tradeId=1549083 side=2 totalMs=20 loadTradeMs=3 loadSettlementsAndInputMs=1 loadBusinessRulesMs=0 evaluationMs=0 tradeRepositoryCalls=1 settlementRepositoryCalls=1 businessRuleRepositoryCalls=0 statusHttpCalls=4 statusRestTotalMs=13
[30m2026-09-09T12:11:05,877[m [32mINFO  [m[[1;34mhttp-nio-8080-exec-21[m] [36mStatusUpdateBusinessRuleServiceImpl[m - PERF_RULES_STATUS_SUMMARY service=reglas podName=operaciones-reglas-back-app-5894db7bb6-qwpx5 validationCount=1 statusHttpCalls=4 statusHttpTotalMs=13 uniqueStatusTransitionKeys=4 tradeRepositoryCalls=1 settlementRepositoryCalls=1 businessRuleRepositoryCalls=0
[30m2026-09-09T12:11:05,943[m [32mINFO  [m[[1;34mhttp-nio-8080-exec-19[m] [36mStatusUpdateBusinessRuleServiceImpl[m - [rules] START validate-trade tradeId=1549084 sideId=2 code=RULE_ASSIGNMENT
[30m2026-09-09T12:11:05,961[m [32mINFO  [m[[1;34mhttp-nio-8080-exec-19[m] [36mStatusUpdateBusinessRuleServiceImpl[m - [rules] process-rule rule=RULE_SIDE ruleId=230 result=OK status-http=8ms total=10ms
[30m2026-09-09T12:11:05,966[m [32mINFO  [m[[1;34mhttp-nio-8080-exec-19[m] [36mStatusUpdateBusinessRuleServiceImpl[m - [rules] process-rule rule=RULE_FRACTION ruleId=232 result=OK status-http=4ms total=4ms
[30m2026-09-09T12:11:05,970[m [32mINFO  [m[[1;34mhttp-nio-8080-exec-19[m] [36mStatusUpdateBusinessRuleServiceImpl[m - [rules] process-rule rule=RULE_FRACTION_CUSTODIAN ruleId=239 result=OK status-http=3ms total=3ms
[30m2026-09-09T12:11:05,975[m [32mINFO  [m[[1;34mhttp-nio-8080-exec-19[m] [36mStatusUpdateBusinessRuleServiceImpl[m - [rules] END validate-trade tradeId=1549084 sideId=2 result=OK elapsed=31ms
[30m2026-09-09T12:11:05,975[m [32mINFO  [m[[1;34mhttp-nio-8080-exec-19[m] [36mStatusUpdateBusinessRuleServiceImpl[m - PERF_ASSIGNMENT service=reglas podName=operaciones-reglas-back-app-5894db7bb6-qwpx5 operation=validateUpdateStatusTrade result=SUCCESS tradeId=1549084 side=2 totalMs=31 loadTradeMs=5 loadSettlementsAndInputMs=1 loadBusinessRulesMs=0 evaluationMs=1 tradeRepositoryCalls=1 settlementRepositoryCalls=1 businessRuleRepositoryCalls=0 statusHttpCalls=4 statusRestTotalMs=20
[30m2026-09-09T12:11:05,975[m [32mINFO  [m[[1;34mhttp-nio-8080-exec-19[m] [36mStatusUpdateBusinessRuleServiceImpl[m - PERF_RULES_STATUS_SUMMARY service=reglas podName=operaciones-reglas-back-app-5894db7bb6-qwpx5 validationCount=1 statusHttpCalls=4 statusHttpTotalMs=20 uniqueStatusTransitionKeys=4 tradeRepositoryCalls=1 settlementRepositoryCalls=1 businessRuleRepositoryCalls=0
[30m2026-09-09T12:11:06,040[m [32mINFO  [m[[1;34mhttp-nio-8080-exec-22[m] [36mStatusUpdateBusinessRuleServiceImpl[m - [rules] START validate-trade tradeId=1549085 sideId=2 code=RULE_ASSIGNMENT
[30m2026-09-09T12:11:06,058[m [32mINFO  [m[[1;34mhttp-nio-8080-exec-22[m] [36mStatusUpdateBusinessRuleServiceImpl[m - [rules] process-rule rule=RULE_SIDE ruleId=230 result=OK status-http=7ms total=7ms
[30m2026-09-09T12:11:06,063[m [32mINFO  [m[[1;34mhttp-nio-8080-exec-22[m] [36mStatusUpdateBusinessRuleServiceImpl[m - [rules] process-rule rule=RULE_FRACTION ruleId=232 result=OK status-http=4ms total=4ms
[30m2026-09-09T12:11:06,068[m [32mINFO  [m[[1;34mhttp-nio-8080-exec-22[m] [36mStatusUpdateBusinessRuleServiceImpl[m - [rules] process-rule rule=RULE_FRACTION_CUSTODIAN ruleId=239 result=OK status-http=5ms total=5ms
[30m2026-09-09T12:11:06,072[m [32mINFO  [m[[1;34mhttp-nio-8080-exec-22[m] [36mStatusUpdateBusinessRuleServiceImpl[m - [rules] END validate-trade tradeId=1549085 sideId=2 result=OK elapsed=31ms
[30m2026-09-09T12:11:06,072[m [32mINFO  [m[[1;34mhttp-nio-8080-exec-22[m] [36mStatusUpdateBusinessRuleServiceImpl[m - PERF_ASSIGNMENT service=reglas podName=operaciones-reglas-back-app-5894db7bb6-qwpx5 operation=validateUpdateStatusTrade result=SUCCESS tradeId=1549085 side=2 totalMs=32 loadTradeMs=8 loadSettlementsAndInputMs=1 loadBusinessRulesMs=0 evaluationMs=0 tradeRepositoryCalls=1 settlementRepositoryCalls=1 businessRuleRepositoryCalls=0 statusHttpCalls=4 statusRestTotalMs=20
[30m2026-09-09T12:11:06,072[m [32mINFO  [m[[1;34mhttp-nio-8080-exec-22[m] [36mStatusUpdateBusinessRuleServiceImpl[m - PERF_RULES_STATUS_SUMMARY service=reglas podName=operaciones-reglas-back-app-5894db7bb6-qwpx5 validationCount=1 statusHttpCalls=4 statusHttpTotalMs=20 uniqueStatusTransitionKeys=4 tradeRepositoryCalls=1 settlementRepositoryCalls=1 businessRuleRepositoryCalls=0
[30m2026-09-09T12:11:06,118[m [32mINFO  [m[[1;34mhttp-nio-8080-exec-23[m] [36mStatusUpdateBusinessRuleServiceImpl[m - [rules] START validate-trade tradeId=1549086 sideId=2 code=RULE_ASSIGNMENT
[30m2026-09-09T12:11:06,126[m [32mINFO  [m[[1;34mhttp-nio-8080-exec-23[m] [36mStatusUpdateBusinessRuleServiceImpl[m - [rules] process-rule rule=RULE_SIDE ruleId=230 result=OK status-http=3ms total=3ms
[30m2026-09-09T12:11:06,130[m [32mINFO  [m[[1;34mhttp-nio-8080-exec-23[m] [36mStatusUpdateBusinessRuleServiceImpl[m - [rules] process-rule rule=RULE_FRACTION ruleId=232 result=OK status-http=3ms total=3ms
[30m2026-09-09T12:11:06,134[m [32mINFO  [m[[1;34mhttp-nio-8080-exec-23[m] [36mStatusUpdateBusinessRuleServiceImpl[m - [rules] process-rule rule=RULE_FRACTION_CUSTODIAN ruleId=239 result=OK status-http=3ms total=4ms
[30m2026-09-09T12:11:06,138[m [32mINFO  [m[[1;34mhttp-nio-8080-exec-23[m] [36mStatusUpdateBusinessRuleServiceImpl[m - [rules] END validate-trade tradeId=1549086 sideId=2 result=OK elapsed=20ms
[30m2026-09-09T12:11:06,138[m [32mINFO  [m[[1;34mhttp-nio-8080-exec-23[m] [36mStatusUpdateBusinessRuleServiceImpl[m - PERF_ASSIGNMENT service=reglas podName=operaciones-reglas-back-app-5894db7bb6-qwpx5 operation=validateUpdateStatusTrade result=SUCCESS tradeId=1549086 side=2 totalMs=20 loadTradeMs=2 loadSettlementsAndInputMs=1 loadBusinessRulesMs=0 evaluationMs=1 tradeRepositoryCalls=1 settlementRepositoryCalls=1 businessRuleRepositoryCalls=0 statusHttpCalls=4 statusRestTotalMs=14
[30m2026-09-09T12:11:06,138[m [32mINFO  [m[[1;34mhttp-nio-8080-exec-23[m] [36mStatusUpdateBusinessRuleServiceImpl[m - PERF_RULES_STATUS_SUMMARY service=reglas podName=operaciones-reglas-back-app-5894db7bb6-qwpx5 validationCount=1 statusHttpCalls=4 statusHttpTotalMs=14 uniqueStatusTransitionKeys=4 tradeRepositoryCalls=1 settlementRepositoryCalls=1 businessRuleRepositoryCalls=0
[30m2026-09-09T12:11:06,185[m [32mINFO  [m[[1;34mhttp-nio-8080-exec-25[m] [36mStatusUpdateBusinessRuleServiceImpl[m - [rules] START validate-trade tradeId=1549087 sideId=2 code=RULE_ASSIGNMENT
[30m2026-09-09T12:11:06,193[m [32mINFO  [m[[1;34mhttp-nio-8080-exec-25[m] [36mStatusUpdateBusinessRuleServiceImpl[m - [rules] process-rule rule=RULE_SIDE ruleId=230 result=OK status-http=2ms total=2ms
[30m2026-09-09T12:11:06,195[m [32mINFO  [m[[1;34mhttp-nio-8080-exec-25[m] [36mStatusUpdateBusinessRuleServiceImpl[m - [rules] process-rule rule=RULE_FRACTION ruleId=232 result=OK status-http=1ms total=1ms
[30m2026-09-09T12:11:06,197[m [32mINFO  [m[[1;34mhttp-nio-8080-exec-25[m] [36mStatusUpdateBusinessRuleServiceImpl[m - [rules] process-rule rule=RULE_FRACTION_CUSTODIAN ruleId=239 result=OK status-http=2ms total=2ms
[30m2026-09-09T12:11:06,199[m [32mINFO  [m[[1;34mhttp-nio-8080-exec-25[m] [36mStatusUpdateBusinessRuleServiceImpl[m - [rules] END validate-trade tradeId=1549087 sideId=2 result=OK elapsed=14ms
[30m2026-09-09T12:11:06,200[m [32mINFO  [m[[1;34mhttp-nio-8080-exec-25[m] [36mStatusUpdateBusinessRuleServiceImpl[m - PERF_ASSIGNMENT service=reglas podName=operaciones-reglas-back-app-5894db7bb6-qwpx5 operation=validateUpdateStatusTrade result=SUCCESS tradeId=1549087 side=2 totalMs=14 loadTradeMs=3 loadSettlementsAndInputMs=1 loadBusinessRulesMs=0 evaluationMs=0 tradeRepositoryCalls=1 settlementRepositoryCalls=1 businessRuleRepositoryCalls=0 statusHttpCalls=4 statusRestTotalMs=8
[30m2026-09-09T12:11:06,200[m [32mINFO  [m[[1;34mhttp-nio-8080-exec-25[m] [36mStatusUpdateBusinessRuleServiceImpl[m - PERF_RULES_STATUS_SUMMARY service=reglas podName=operaciones-reglas-back-app-5894db7bb6-qwpx5 validationCount=1 statusHttpCalls=4 statusHttpTotalMs=8 uniqueStatusTransitionKeys=4 tradeRepositoryCalls=1 settlementRepositoryCalls=1 businessRuleRepositoryCalls=0
[30m2026-09-09T12:11:06,243[m [32mINFO  [m[[1;34mhttp-nio-8080-exec-24[m] [36mStatusUpdateBusinessRuleServiceImpl[m - [rules] START validate-trade tradeId=1549088 sideId=2 code=RULE_ASSIGNMENT
[30m2026-09-09T12:11:06,252[m [32mINFO  [m[[1;34mhttp-nio-8080-exec-24[m] [36mStatusUpdateBusinessRuleServiceImpl[m - [rules] process-rule rule=RULE_SIDE ruleId=230 result=OK status-http=2ms total=3ms
[30m2026-09-09T12:11:06,255[m [32mINFO  [m[[1;34mhttp-nio-8080-exec-24[m] [36mStatusUpdateBusinessRuleServiceImpl[m - [rules] process-rule rule=RULE_FRACTION ruleId=232 result=OK status-http=2ms total=2ms
[30m2026-09-09T12:11:06,258[m [32mINFO  [m[[1;34mhttp-nio-8080-exec-24[m] [36mStatusUpdateBusinessRuleServiceImpl[m - [rules] process-rule rule=RULE_FRACTION_CUSTODIAN ruleId=239 result=OK status-http=2ms total=2ms
[30m2026-09-09T12:11:06,261[m [32mINFO  [m[[1;34mhttp-nio-8080-exec-24[m] [36mStatusUpdateBusinessRuleServiceImpl[m - [rules] END validate-trade tradeId=1549088 sideId=2 result=OK elapsed=17ms
[30m2026-09-09T12:11:06,261[m [32mINFO  [m[[1;34mhttp-nio-8080-exec-24[m] [36mStatusUpdateBusinessRuleServiceImpl[m - PERF_ASSIGNMENT service=reglas podName=operaciones-reglas-back-app-5894db7bb6-qwpx5 operation=validateUpdateStatusTrade result=SUCCESS tradeId=1549088 side=2 totalMs=17 loadTradeMs=3 loadSettlementsAndInputMs=1 loadBusinessRulesMs=0 evaluationMs=0 tradeRepositoryCalls=1 settlementRepositoryCalls=1 businessRuleRepositoryCalls=0 statusHttpCalls=4 statusRestTotalMs=10
[30m2026-09-09T12:11:06,261[m [32mINFO  [m[[1;34mhttp-nio-8080-exec-24[m] [36mStatusUpdateBusinessRuleServiceImpl[m - PERF_RULES_STATUS_SUMMARY service=reglas podName=operaciones-reglas-back-app-5894db7bb6-qwpx5 validationCount=1 statusHttpCalls=4 statusHttpTotalMs=10 uniqueStatusTransitionKeys=4 tradeRepositoryCalls=1 settlementRepositoryCalls=1 businessRuleRepositoryCalls=0
[30m2026-09-09T12:11:06,310[m [32mINFO  [m[[1;34mhttp-nio-8080-exec-28[m] [36mStatusUpdateBusinessRuleServiceImpl[m - [rules] START validate-trade tradeId=1549089 sideId=2 code=RULE_ASSIGNMENT
[30m2026-09-09T12:11:06,317[m [32mINFO  [m[[1;34mhttp-nio-8080-exec-28[m] [36mStatusUpdateBusinessRuleServiceImpl[m - [rules] process-rule rule=RULE_SIDE ruleId=230 result=OK status-http=2ms total=2ms
[30m2026-09-09T12:11:06,319[m [32mINFO  [m[[1;34mhttp-nio-8080-exec-28[m] [36mStatusUpdateBusinessRuleServiceImpl[m - [rules] process-rule rule=RULE_FRACTION ruleId=232 result=OK status-http=1ms total=2ms
[30m2026-09-09T12:11:06,324[m [32mINFO  [m[[1;34mhttp-nio-8080-exec-28[m] [36mStatusUpdateBusinessRuleServiceImpl[m - [rules] process-rule rule=RULE_FRACTION_CUSTODIAN ruleId=239 result=OK status-http=4ms total=4ms
[30m2026-09-09T12:11:06,327[m [32mINFO  [m[[1;34mhttp-nio-8080-exec-28[m] [36mStatusUpdateBusinessRuleServiceImpl[m - [rules] END validate-trade tradeId=1549089 sideId=2 result=OK elapsed=16ms
[30m2026-09-09T12:11:06,327[m [32mINFO  [m[[1;34mhttp-nio-8080-exec-28[m] [36mStatusUpdateBusinessRuleServiceImpl[m - PERF_ASSIGNMENT service=reglas podName=operaciones-reglas-back-app-5894db7bb6-qwpx5 operation=validateUpdateStatusTrade result=SUCCESS tradeId=1549089 side=2 totalMs=16 loadTradeMs=2 loadSettlementsAndInputMs=1 loadBusinessRulesMs=0 evaluationMs=0 tradeRepositoryCalls=1 settlementRepositoryCalls=1 businessRuleRepositoryCalls=0 statusHttpCalls=4 statusRestTotalMs=10
[30m2026-09-09T12:11:06,327[m [32mINFO  [m[[1;34mhttp-nio-8080-exec-28[m] [36mStatusUpdateBusinessRuleServiceImpl[m - PERF_RULES_STATUS_SUMMARY service=reglas podName=operaciones-reglas-back-app-5894db7bb6-qwpx5 validationCount=1 statusHttpCalls=4 statusHttpTotalMs=10 uniqueStatusTransitionKeys=4 tradeRepositoryCalls=1 settlementRepositoryCalls=1 businessRuleRepositoryCalls=0
[30m2026-09-09T12:11:06,372[m [32mINFO  [m[[1;34mhttp-nio-8080-exec-26[m] [36mStatusUpdateBusinessRuleServiceImpl[m - [rules] START validate-trade tradeId=1549090 sideId=2 code=RULE_ASSIGNMENT
[30m2026-09-09T12:11:06,378[m [32mINFO  [m[[1;34mhttp-nio-8080-exec-26[m] [36mStatusUpdateBusinessRuleServiceImpl[m - [rules] process-rule rule=RULE_SIDE ruleId=230 result=OK status-http=2ms total=2ms
[30m2026-09-09T12:11:06,381[m [32mINFO  [m[[1;34mhttp-nio-8080-exec-26[m] [36mStatusUpdateBusinessRuleServiceImpl[m - [rules] process-rule rule=RULE_FRACTION ruleId=232 result=OK status-http=2ms total=2ms
[30m2026-09-09T12:11:06,384[m [32mINFO  [m[[1;34mhttp-nio-8080-exec-26[m] [36mStatusUpdateBusinessRuleServiceImpl[m - [rules] process-rule rule=RULE_FRACTION_CUSTODIAN ruleId=239 result=OK status-http=3ms total=3ms
[30m2026-09-09T12:11:06,386[m [32mINFO  [m[[1;34mhttp-nio-8080-exec-26[m] [36mStatusUpdateBusinessRuleServiceImpl[m - [rules] END validate-trade tradeId=1549090 sideId=2 result=OK elapsed=14ms
[30m2026-09-09T12:11:06,387[m [32mINFO  [m[[1;34mhttp-nio-8080-exec-26[m] [36mStatusUpdateBusinessRuleServiceImpl[m - PERF_ASSIGNMENT service=reglas podName=operaciones-reglas-back-app-5894db7bb6-qwpx5 operation=validateUpdateStatusTrade result=SUCCESS tradeId=1549090 side=2 totalMs=14 loadTradeMs=2 loadSettlementsAndInputMs=1 loadBusinessRulesMs=0 evaluationMs=0 tradeRepositoryCalls=1 settlementRepositoryCalls=1 businessRuleRepositoryCalls=0 statusHttpCalls=4 statusRestTotalMs=9
[30m2026-09-09T12:11:06,387[m [32mINFO  [m[[1;34mhttp-nio-8080-exec-26[m] [36mStatusUpdateBusinessRuleServiceImpl[m - PERF_RULES_STATUS_SUMMARY service=reglas podName=operaciones-reglas-back-app-5894db7bb6-qwpx5 validationCount=1 statusHttpCalls=4 statusHttpTotalMs=9 uniqueStatusTransitionKeys=4 tradeRepositoryCalls=1 settlementRepositoryCalls=1 businessRuleRepositoryCalls=0
[30m2026-09-09T12:11:06,436[m [32mINFO  [m[[1;34mhttp-nio-8080-exec-30[m] [36mStatusUpdateBusinessRuleServiceImpl[m - [rules] START validate-trade tradeId=1549091 sideId=2 code=RULE_ASSIGNMENT
[30m2026-09-09T12:11:06,443[m [32mINFO  [m[[1;34mhttp-nio-8080-exec-30[m] [36mStatusUpdateBusinessRuleServiceImpl[m - [rules] process-rule rule=RULE_SIDE ruleId=230 result=OK status-http=2ms total=2ms
[30m2026-09-09T12:11:06,446[m [32mINFO  [m[[1;34mhttp-nio-8080-exec-30[m] [36mStatusUpdateBusinessRuleServiceImpl[m - [rules] process-rule rule=RULE_FRACTION ruleId=232 result=OK status-http=2ms total=3ms
[30m2026-09-09T12:11:06,448[m [32mINFO  [m[[1;34mhttp-nio-8080-exec-30[m] [36mStatusUpdateBusinessRuleServiceImpl[m - [rules] process-rule rule=RULE_FRACTION_CUSTODIAN ruleId=239 result=OK status-http=1ms total=1ms
[30m2026-09-09T12:11:06,451[m [32mINFO  [m[[1;34mhttp-nio-8080-exec-30[m] [36mStatusUpdateBusinessRuleServiceImpl[m - [rules] END validate-trade tradeId=1549091 sideId=2 result=OK elapsed=15ms
[30m2026-09-09T12:11:06,452[m [32mINFO  [m[[1;34mhttp-nio-8080-exec-30[m] [36mStatusUpdateBusinessRuleServiceImpl[m - PERF_ASSIGNMENT service=reglas podName=operaciones-reglas-back-app-5894db7bb6-qwpx5 operation=validateUpdateStatusTrade result=SUCCESS tradeId=1549091 side=2 totalMs=16 loadTradeMs=3 loadSettlementsAndInputMs=1 loadBusinessRulesMs=0 evaluationMs=0 tradeRepositoryCalls=1 settlementRepositoryCalls=1 businessRuleRepositoryCalls=0 statusHttpCalls=4 statusRestTotalMs=10
[30m2026-09-09T12:11:06,452[m [32mINFO  [m[[1;34mhttp-nio-8080-exec-30[m] [36mStatusUpdateBusinessRuleServiceImpl[m - PERF_RULES_STATUS_SUMMARY service=reglas podName=operaciones-reglas-back-app-5894db7bb6-qwpx5 validationCount=1 statusHttpCalls=4 statusHttpTotalMs=10 uniqueStatusTransitionKeys=4 tradeRepositoryCalls=1 settlementRepositoryCalls=1 businessRuleRepositoryCalls=0
[30m2026-09-09T12:11:06,498[m [32mINFO  [m[[1;34mhttp-nio-8080-exec-31[m] [36mStatusUpdateBusinessRuleServiceImpl[m - [rules] START validate-trade tradeId=1549092 sideId=2 code=RULE_ASSIGNMENT
[30m2026-09-09T12:11:06,506[m [32mINFO  [m[[1;34mhttp-nio-8080-exec-31[m] [36mStatusUpdateBusinessRuleServiceImpl[m - [rules] process-rule rule=RULE_SIDE ruleId=230 result=OK status-http=2ms total=2ms
[30m2026-09-09T12:11:06,508[m [32mINFO  [m[[1;34mhttp-nio-8080-exec-31[m] [36mStatusUpdateBusinessRuleServiceImpl[m - [rules] process-rule rule=RULE_FRACTION ruleId=232 result=OK status-http=1ms total=2ms
[30m2026-09-09T12:11:06,510[m [32mINFO  [m[[1;34mhttp-nio-8080-exec-31[m] [36mStatusUpdateBusinessRuleServiceImpl[m - [rules] process-rule rule=RULE_FRACTION_CUSTODIAN ruleId=239 result=OK status-http=1ms total=1ms
[30m2026-09-09T12:11:06,512[m [32mINFO  [m[[1;34mhttp-nio-8080-exec-31[m] [36mStatusUpdateBusinessRuleServiceImpl[m - [rules] END validate-trade tradeId=1549092 sideId=2 result=OK elapsed=13ms
[30m2026-09-09T12:11:06,512[m [32mINFO  [m[[1;34mhttp-nio-8080-exec-31[m] [36mStatusUpdateBusinessRuleServiceImpl[m - PERF_ASSIGNMENT service=reglas podName=operaciones-reglas-back-app-5894db7bb6-qwpx5 operation=validateUpdateStatusTrade result=SUCCESS tradeId=1549092 side=2 totalMs=13 loadTradeMs=3 loadSettlementsAndInputMs=1 loadBusinessRulesMs=0 evaluationMs=0 tradeRepositoryCalls=1 settlementRepositoryCalls=1 businessRuleRepositoryCalls=0 statusHttpCalls=4 statusRestTotalMs=7
[30m2026-09-09T12:11:06,512[m [32mINFO  [m[[1;34mhttp-nio-8080-exec-31[m] [36mStatusUpdateBusinessRuleServiceImpl[m - PERF_RULES_STATUS_SUMMARY service=reglas podName=operaciones-reglas-back-app-5894db7bb6-qwpx5 validationCount=1 statusHttpCalls=4 statusHttpTotalMs=7 uniqueStatusTransitionKeys=4 tradeRepositoryCalls=1 settlementRepositoryCalls=1 businessRuleRepositoryCalls=0
[30m2026-09-09T12:11:06,554[m [32mINFO  [m[[1;34mhttp-nio-8080-exec-29[m] [36mStatusUpdateBusinessRuleServiceImpl[m - [rules] START validate-trade tradeId=1549093 sideId=2 code=RULE_ASSIGNMENT
[30m2026-09-09T12:11:06,561[m [32mINFO  [m[[1;34mhttp-nio-8080-exec-29[m] [36mStatusUpdateBusinessRuleServiceImpl[m - [rules] process-rule rule=RULE_SIDE ruleId=230 result=OK status-http=2ms total=2ms
[30m2026-09-09T12:11:06,564[m [32mINFO  [m[[1;34mhttp-nio-8080-exec-29[m] [36mStatusUpdateBusinessRuleServiceImpl[m - [rules] process-rule rule=RULE_FRACTION ruleId=232 result=OK status-http=2ms total=2ms
[30m2026-09-09T12:11:06,567[m [32mINFO  [m[[1;34mhttp-nio-8080-exec-29[m] [36mStatusUpdateBusinessRuleServiceImpl[m - [rules] process-rule rule=RULE_FRACTION_CUSTODIAN ruleId=239 result=OK status-http=2ms total=2ms
[30m2026-09-09T12:11:06,569[m [32mINFO  [m[[1;34mhttp-nio-8080-exec-29[m] [36mStatusUpdateBusinessRuleServiceImpl[m - [rules] END validate-trade tradeId=1549093 sideId=2 result=OK elapsed=15ms
[30m2026-09-09T12:11:06,570[m [32mINFO  [m[[1;34mhttp-nio-8080-exec-29[m] [36mStatusUpdateBusinessRuleServiceImpl[m - PERF_ASSIGNMENT service=reglas podName=operaciones-reglas-back-app-5894db7bb6-qwpx5 operation=validateUpdateStatusTrade result=SUCCESS tradeId=1549093 side=2 totalMs=15 loadTradeMs=3 loadSettlementsAndInputMs=1 loadBusinessRulesMs=0 evaluationMs=0 tradeRepositoryCalls=1 settlementRepositoryCalls=1 businessRuleRepositoryCalls=0 statusHttpCalls=4 statusRestTotalMs=9
[30m2026-09-09T12:11:06,570[m [32mINFO  [m[[1;34mhttp-nio-8080-exec-29[m] [36mStatusUpdateBusinessRuleServiceImpl[m - PERF_RULES_STATUS_SUMMARY service=reglas podName=operaciones-reglas-back-app-5894db7bb6-qwpx5 validationCount=1 statusHttpCalls=4 statusHttpTotalMs=9 uniqueStatusTransitionKeys=4 tradeRepositoryCalls=1 settlementRepositoryCalls=1 businessRuleRepositoryCalls=0
[30m2026-09-09T12:11:06,613[m [32mINFO  [m[[1;34mhttp-nio-8080-exec-27[m] [36mStatusUpdateBusinessRuleServiceImpl[m - [rules] START validate-trade tradeId=1549094 sideId=2 code=RULE_ASSIGNMENT
[30m2026-09-09T12:11:06,622[m [32mINFO  [m[[1;34mhttp-nio-8080-exec-27[m] [36mStatusUpdateBusinessRuleServiceImpl[m - [rules] process-rule rule=RULE_SIDE ruleId=230 result=OK status-http=2ms total=2ms
[30m2026-09-09T12:11:06,625[m [32mINFO  [m[[1;34mhttp-nio-8080-exec-27[m] [36mStatusUpdateBusinessRuleServiceImpl[m - [rules] process-rule rule=RULE_FRACTION ruleId=232 result=OK status-http=2ms total=2ms
[30m2026-09-09T12:11:06,628[m [32mINFO  [m[[1;34mhttp-nio-8080-exec-27[m] [36mStatusUpdateBusinessRuleServiceImpl[m - [rules] process-rule rule=RULE_FRACTION_CUSTODIAN ruleId=239 result=OK status-http=2ms total=2ms
[30m2026-09-09T12:11:06,631[m [32mINFO  [m[[1;34mhttp-nio-8080-exec-27[m] [36mStatusUpdateBusinessRuleServiceImpl[m - [rules] END validate-trade tradeId=1549094 sideId=2 result=OK elapsed=17ms
[30m2026-09-09T12:11:06,631[m [32mINFO  [m[[1;34mhttp-nio-8080-exec-27[m] [36mStatusUpdateBusinessRuleServiceImpl[m - PERF_ASSIGNMENT service=reglas podName=operaciones-reglas-back-app-5894db7bb6-qwpx5 operation=validateUpdateStatusTrade result=SUCCESS tradeId=1549094 side=2 totalMs=18 loadTradeMs=5 loadSettlementsAndInputMs=1 loadBusinessRulesMs=0 evaluationMs=0 tradeRepositoryCalls=1 settlementRepositoryCalls=1 businessRuleRepositoryCalls=0 statusHttpCalls=4 statusRestTotalMs=10
[30m2026-09-09T12:11:06,631[m [32mINFO  [m[[1;34mhttp-nio-8080-exec-27[m] [36mStatusUpdateBusinessRuleServiceImpl[m - PERF_RULES_STATUS_SUMMARY service=reglas podName=operaciones-reglas-back-app-5894db7bb6-qwpx5 validationCount=1 statusHttpCalls=4 statusHttpTotalMs=10 uniqueStatusTransitionKeys=4 tradeRepositoryCalls=1 settlementRepositoryCalls=1 businessRuleRepositoryCalls=0
[30m2026-09-09T12:11:06,679[m [32mINFO  [m[[1;34mhttp-nio-8080-exec-33[m] [36mStatusUpdateBusinessRuleServiceImpl[m - [rules] START validate-trade tradeId=1549095 sideId=2 code=RULE_ASSIGNMENT
[30m2026-09-09T12:11:06,685[m [32mINFO  [m[[1;34mhttp-nio-8080-exec-33[m] [36mStatusUpdateBusinessRuleServiceImpl[m - [rules] process-rule rule=RULE_SIDE ruleId=230 result=OK status-http=2ms total=2ms
[30m2026-09-09T12:11:06,688[m [32mINFO  [m[[1;34mhttp-nio-8080-exec-33[m] [36mStatusUpdateBusinessRuleServiceImpl[m - [rules] process-rule rule=RULE_FRACTION ruleId=232 result=OK status-http=2ms total=2ms
[30m2026-09-09T12:11:06,690[m [32mINFO  [m[[1;34mhttp-nio-8080-exec-33[m] [36mStatusUpdateBusinessRuleServiceImpl[m - [rules] process-rule rule=RULE_FRACTION_CUSTODIAN ruleId=239 result=OK status-http=1ms total=1ms
[30m2026-09-09T12:11:06,692[m [32mINFO  [m[[1;34mhttp-nio-8080-exec-33[m] [36mStatusUpdateBusinessRuleServiceImpl[m - [rules] END validate-trade tradeId=1549095 sideId=2 result=OK elapsed=13ms
[30m2026-09-09T12:11:06,692[m [32mINFO  [m[[1;34mhttp-nio-8080-exec-33[m] [36mStatusUpdateBusinessRuleServiceImpl[m - PERF_ASSIGNMENT service=reglas podName=operaciones-reglas-back-app-5894db7bb6-qwpx5 operation=validateUpdateStatusTrade result=SUCCESS tradeId=1549095 side=2 totalMs=13 loadTradeMs=2 loadSettlementsAndInputMs=1 loadBusinessRulesMs=0 evaluationMs=0 tradeRepositoryCalls=1 settlementRepositoryCalls=1 businessRuleRepositoryCalls=0 statusHttpCalls=4 statusRestTotalMs=8
[30m2026-09-09T12:11:06,692[m [32mINFO  [m[[1;34mhttp-nio-8080-exec-33[m] [36mStatusUpdateBusinessRuleServiceImpl[m - PERF_RULES_STATUS_SUMMARY service=reglas podName=operaciones-reglas-back-app-5894db7bb6-qwpx5 validationCount=1 statusHttpCalls=4 statusHttpTotalMs=8 uniqueStatusTransitionKeys=4 tradeRepositoryCalls=1 settlementRepositoryCalls=1 businessRuleRepositoryCalls=0
[30m2026-09-09T12:11:06,738[m [32mINFO  [m[[1;34mhttp-nio-8080-exec-35[m] [36mStatusUpdateBusinessRuleServiceImpl[m - [rules] START validate-trade tradeId=1549096 sideId=2 code=RULE_ASSIGNMENT
[30m2026-09-09T12:11:06,746[m [32mINFO  [m[[1;34mhttp-nio-8080-exec-35[m] [36mStatusUpdateBusinessRuleServiceImpl[m - [rules] process-rule rule=RULE_SIDE ruleId=230 result=OK status-http=2ms total=2ms
[30m2026-09-09T12:11:06,749[m [32mINFO  [m[[1;34mhttp-nio-8080-exec-35[m] [36mStatusUpdateBusinessRuleServiceImpl[m - [rules] process-rule rule=RULE_FRACTION ruleId=232 result=OK status-http=2ms total=2ms
[30m2026-09-09T12:11:06,751[m [32mINFO  [m[[1;34mhttp-nio-8080-exec-35[m] [36mStatusUpdateBusinessRuleServiceImpl[m - [rules] process-rule rule=RULE_FRACTION_CUSTODIAN ruleId=239 result=OK status-http=2ms total=2ms
[30m2026-09-09T12:11:06,754[m [32mINFO  [m[[1;34mhttp-nio-8080-exec-35[m] [36mStatusUpdateBusinessRuleServiceImpl[m - [rules] END validate-trade tradeId=1549096 sideId=2 result=OK elapsed=15ms
[30m2026-09-09T12:11:06,754[m [32mINFO  [m[[1;34mhttp-nio-8080-exec-35[m] [36mStatusUpdateBusinessRuleServiceImpl[m - PERF_ASSIGNMENT service=reglas podName=operaciones-reglas-back-app-5894db7bb6-qwpx5 operation=validateUpdateStatusTrade result=SUCCESS tradeId=1549096 side=2 totalMs=15 loadTradeMs=3 loadSettlementsAndInputMs=1 loadBusinessRulesMs=0 evaluationMs=0 tradeRepositoryCalls=1 settlementRepositoryCalls=1 businessRuleRepositoryCalls=0 statusHttpCalls=4 statusRestTotalMs=9
[30m2026-09-09T12:11:06,754[m [32mINFO  [m[[1;34mhttp-nio-8080-exec-35[m] [36mStatusUpdateBusinessRuleServiceImpl[m - PERF_RULES_STATUS_SUMMARY service=reglas podName=operaciones-reglas-back-app-5894db7bb6-qwpx5 validationCount=1 statusHttpCalls=4 statusHttpTotalMs=9 uniqueStatusTransitionKeys=4 tradeRepositoryCalls=1 settlementRepositoryCalls=1 businessRuleRepositoryCalls=0
[30m2026-09-09T12:11:06,801[m [32mINFO  [m[[1;34mhttp-nio-8080-exec-32[m] [36mStatusUpdateBusinessRuleServiceImpl[m - [rules] START validate-trade tradeId=1549097 sideId=2 code=RULE_ASSIGNMENT
[30m2026-09-09T12:11:06,807[m [32mINFO  [m[[1;34mhttp-nio-8080-exec-32[m] [36mStatusUpdateBusinessRuleServiceImpl[m - [rules] process-rule rule=RULE_SIDE ruleId=230 result=OK status-http=2ms total=2ms
[30m2026-09-09T12:11:06,810[m [32mINFO  [m[[1;34mhttp-nio-8080-exec-32[m] [36mStatusUpdateBusinessRuleServiceImpl[m - [rules] process-rule rule=RULE_FRACTION ruleId=232 result=OK status-http=3ms total=3ms
[30m2026-09-09T12:11:06,813[m [32mINFO  [m[[1;34mhttp-nio-8080-exec-32[m] [36mStatusUpdateBusinessRuleServiceImpl[m - [rules] process-rule rule=RULE_FRACTION_CUSTODIAN ruleId=239 result=OK status-http=2ms total=2ms
[30m2026-09-09T12:11:06,815[m [32mINFO  [m[[1;34mhttp-nio-8080-exec-32[m] [36mStatusUpdateBusinessRuleServiceImpl[m - [rules] END validate-trade tradeId=1549097 sideId=2 result=OK elapsed=14ms
[30m2026-09-09T12:11:06,815[m [32mINFO  [m[[1;34mhttp-nio-8080-exec-32[m] [36mStatusUpdateBusinessRuleServiceImpl[m - PERF_ASSIGNMENT service=reglas podName=operaciones-reglas-back-app-5894db7bb6-qwpx5 operation=validateUpdateStatusTrade result=SUCCESS tradeId=1549097 side=2 totalMs=14 loadTradeMs=2 loadSettlementsAndInputMs=1 loadBusinessRulesMs=0 evaluationMs=0 tradeRepositoryCalls=1 settlementRepositoryCalls=1 businessRuleRepositoryCalls=0 statusHttpCalls=4 statusRestTotalMs=9
[30m2026-09-09T12:11:06,815[m [32mINFO  [m[[1;34mhttp-nio-8080-exec-32[m] [36mStatusUpdateBusinessRuleServiceImpl[m - PERF_RULES_STATUS_SUMMARY service=reglas podName=operaciones-reglas-back-app-5894db7bb6-qwpx5 validationCount=1 statusHttpCalls=4 statusHttpTotalMs=9 uniqueStatusTransitionKeys=4 tradeRepositoryCalls=1 settlementRepositoryCalls=1 businessRuleRepositoryCalls=0
[30m2026-09-09T12:11:06,859[m [32mINFO  [m[[1;34mhttp-nio-8080-exec-34[m] [36mStatusUpdateBusinessRuleServiceImpl[m - [rules] START validate-trade tradeId=1549098 sideId=2 code=RULE_ASSIGNMENT
[30m2026-09-09T12:11:06,866[m [32mINFO  [m[[1;34mhttp-nio-8080-exec-34[m] [36mStatusUpdateBusinessRuleServiceImpl[m - [rules] process-rule rule=RULE_SIDE ruleId=230 result=OK status-http=2ms total=2ms
[30m2026-09-09T12:11:06,868[m [32mINFO  [m[[1;34mhttp-nio-8080-exec-34[m] [36mStatusUpdateBusinessRuleServiceImpl[m - [rules] process-rule rule=RULE_FRACTION ruleId=232 result=OK status-http=1ms total=1ms
[30m2026-09-09T12:11:06,871[m [32mINFO  [m[[1;34mhttp-nio-8080-exec-34[m] [36mStatusUpdateBusinessRuleServiceImpl[m - [rules] process-rule rule=RULE_FRACTION_CUSTODIAN ruleId=239 result=OK status-http=2ms total=2ms
[30m2026-09-09T12:11:06,874[m [32mINFO  [m[[1;34mhttp-nio-8080-exec-34[m] [36mStatusUpdateBusinessRuleServiceImpl[m - [rules] END validate-trade tradeId=1549098 sideId=2 result=OK elapsed=14ms
[30m2026-09-09T12:11:06,874[m [32mINFO  [m[[1;34mhttp-nio-8080-exec-34[m] [36mStatusUpdateBusinessRuleServiceImpl[m - PERF_ASSIGNMENT service=reglas podName=operaciones-reglas-back-app-5894db7bb6-qwpx5 operation=validateUpdateStatusTrade result=SUCCESS tradeId=1549098 side=2 totalMs=14 loadTradeMs=2 loadSettlementsAndInputMs=1 loadBusinessRulesMs=0 evaluationMs=0 tradeRepositoryCalls=1 settlementRepositoryCalls=1 businessRuleRepositoryCalls=0 statusHttpCalls=4 statusRestTotalMs=9
[30m2026-09-09T12:11:06,874[m [32mINFO  [m[[1;34mhttp-nio-8080-exec-34[m] [36mStatusUpdateBusinessRuleServiceImpl[m - PERF_RULES_STATUS_SUMMARY service=reglas podName=operaciones-reglas-back-app-5894db7bb6-qwpx5 validationCount=1 statusHttpCalls=4 statusHttpTotalMs=9 uniqueStatusTransitionKeys=4 tradeRepositoryCalls=1 settlementRepositoryCalls=1 businessRuleRepositoryCalls=0
[30m2026-09-09T12:11:06,921[m [32mINFO  [m[[1;34mhttp-nio-8080-exec-36[m] [36mStatusUpdateBusinessRuleServiceImpl[m - [rules] START validate-trade tradeId=1549099 sideId=2 code=RULE_ASSIGNMENT
[30m2026-09-09T12:11:06,928[m [32mINFO  [m[[1;34mhttp-nio-8080-exec-36[m] [36mStatusUpdateBusinessRuleServiceImpl[m - [rules] process-rule rule=RULE_SIDE ruleId=230 result=OK status-http=3ms total=3ms
[30m2026-09-09T12:11:06,931[m [32mINFO  [m[[1;34mhttp-nio-8080-exec-36[m] [36mStatusUpdateBusinessRuleServiceImpl[m - [rules] process-rule rule=RULE_FRACTION ruleId=232 result=OK status-http=3ms total=3ms
[30m2026-09-09T12:11:06,934[m [32mINFO  [m[[1;34mhttp-nio-8080-exec-36[m] [36mStatusUpdateBusinessRuleServiceImpl[m - [rules] process-rule rule=RULE_FRACTION_CUSTODIAN ruleId=239 result=OK status-http=2ms total=2ms
[30m2026-09-09T12:11:06,936[m [32mINFO  [m[[1;34mhttp-nio-8080-exec-36[m] [36mStatusUpdateBusinessRuleServiceImpl[m - [rules] END validate-trade tradeId=1549099 sideId=2 result=OK elapsed=15ms
[30m2026-09-09T12:11:06,936[m [32mINFO  [m[[1;34mhttp-nio-8080-exec-36[m] [36mStatusUpdateBusinessRuleServiceImpl[m - PERF_ASSIGNMENT service=reglas podName=operaciones-reglas-back-app-5894db7bb6-qwpx5 operation=validateUpdateStatusTrade result=SUCCESS tradeId=1549099 side=2 totalMs=15 loadTradeMs=2 loadSettlementsAndInputMs=1 loadBusinessRulesMs=0 evaluationMs=0 tradeRepositoryCalls=1 settlementRepositoryCalls=1 businessRuleRepositoryCalls=0 statusHttpCalls=4 statusRestTotalMs=10
[30m2026-09-09T12:11:06,936[m [32mINFO  [m[[1;34mhttp-nio-8080-exec-36[m] [36mStatusUpdateBusinessRuleServiceImpl[m - PERF_RULES_STATUS_SUMMARY service=reglas podName=operaciones-reglas-back-app-5894db7bb6-qwpx5 validationCount=1 statusHttpCalls=4 statusHttpTotalMs=10 uniqueStatusTransitionKeys=4 tradeRepositoryCalls=1 settlementRepositoryCalls=1 businessRuleRepositoryCalls=0
[30m2026-09-09T12:11:06,985[m [32mINFO  [m[[1;34mhttp-nio-8080-exec-37[m] [36mStatusUpdateBusinessRuleServiceImpl[m - [rules] START validate-trade tradeId=1550032 sideId=2 code=RULE_ASSIGNMENT
[30m2026-09-09T12:11:06,992[m [32mINFO  [m[[1;34mhttp-nio-8080-exec-37[m] [36mStatusUpdateBusinessRuleServiceImpl[m - [rules] process-rule rule=RULE_SIDE ruleId=230 result=OK status-http=3ms total=3ms
[30m2026-09-09T12:11:06,995[m [32mINFO  [m[[1;34mhttp-nio-8080-exec-37[m] [36mStatusUpdateBusinessRuleServiceImpl[m - [rules] process-rule rule=RULE_FRACTION ruleId=232 result=OK status-http=2ms total=2ms
[30m2026-09-09T12:11:06,997[m [32mINFO  [m[[1;34mhttp-nio-8080-exec-37[m] [36mStatusUpdateBusinessRuleServiceImpl[m - [rules] process-rule rule=RULE_FRACTION_CUSTODIAN ruleId=239 result=OK status-http=1ms total=2ms
[30m2026-09-09T12:11:06,999[m [32mINFO  [m[[1;34mhttp-nio-8080-exec-37[m] [36mStatusUpdateBusinessRuleServiceImpl[m - [rules] END validate-trade tradeId=1550032 sideId=2 result=OK elapsed=14ms
[30m2026-09-09T12:11:07,000[m [32mINFO  [m[[1;34mhttp-nio-8080-exec-37[m] [36mStatusUpdateBusinessRuleServiceImpl[m - PERF_ASSIGNMENT service=reglas podName=operaciones-reglas-back-app-5894db7bb6-qwpx5 operation=validateUpdateStatusTrade result=SUCCESS tradeId=1550032 side=2 totalMs=14 loadTradeMs=2 loadSettlementsAndInputMs=1 loadBusinessRulesMs=0 evaluationMs=0 tradeRepositoryCalls=1 settlementRepositoryCalls=1 businessRuleRepositoryCalls=0 statusHttpCalls=4 statusRestTotalMs=9
[30m2026-09-09T12:11:07,000[m [32mINFO  [m[[1;34mhttp-nio-8080-exec-37[m] [36mStatusUpdateBusinessRuleServiceImpl[m - PERF_RULES_STATUS_SUMMARY service=reglas podName=operaciones-reglas-back-app-5894db7bb6-qwpx5 validationCount=1 statusHttpCalls=4 statusHttpTotalMs=9 uniqueStatusTransitionKeys=4 tradeRepositoryCalls=1 settlementRepositoryCalls=1 businessRuleRepositoryCalls=0
[30m2026-09-09T12:11:07,046[m [32mINFO  [m[[1;34mhttp-nio-8080-exec-38[m] [36mStatusUpdateBusinessRuleServiceImpl[m - [rules] START validate-trade tradeId=1550033 sideId=2 code=RULE_ASSIGNMENT
[30m2026-09-09T12:11:07,052[m [32mINFO  [m[[1;34mhttp-nio-8080-exec-38[m] [36mStatusUpdateBusinessRuleServiceImpl[m - [rules] process-rule rule=RULE_SIDE ruleId=230 result=OK status-http=2ms total=2ms
[30m2026-09-09T12:11:07,055[m [32mINFO  [m[[1;34mhttp-nio-8080-exec-38[m] [36mStatusUpdateBusinessRuleServiceImpl[m - [rules] process-rule rule=RULE_FRACTION ruleId=232 result=OK status-http=2ms total=2ms
[30m2026-09-09T12:11:07,057[m [32mINFO  [m[[1;34mhttp-nio-8080-exec-38[m] [36mStatusUpdateBusinessRuleServiceImpl[m - [rules] process-rule rule=RULE_FRACTION_CUSTODIAN ruleId=239 result=OK status-http=2ms total=2ms
[30m2026-09-09T12:11:07,059[m [32mINFO  [m[[1;34mhttp-nio-8080-exec-38[m] [36mStatusUpdateBusinessRuleServiceImpl[m - [rules] END validate-trade tradeId=1550033 sideId=2 result=OK elapsed=13ms
[30m2026-09-09T12:11:07,060[m [32mINFO  [m[[1;34mhttp-nio-8080-exec-38[m] [36mStatusUpdateBusinessRuleServiceImpl[m - PERF_ASSIGNMENT service=reglas podName=operaciones-reglas-back-app-5894db7bb6-qwpx5 operation=validateUpdateStatusTrade result=SUCCESS tradeId=1550033 side=2 totalMs=13 loadTradeMs=2 loadSettlementsAndInputMs=1 loadBusinessRulesMs=0 evaluationMs=0 tradeRepositoryCalls=1 settlementRepositoryCalls=1 businessRuleRepositoryCalls=0 statusHttpCalls=4 statusRestTotalMs=8
[30m2026-09-09T12:11:07,060[m [32mINFO  [m[[1;34mhttp-nio-8080-exec-38[m] [36mStatusUpdateBusinessRuleServiceImpl[m - PERF_RULES_STATUS_SUMMARY service=reglas podName=operaciones-reglas-back-app-5894db7bb6-qwpx5 validationCount=1 statusHttpCalls=4 statusHttpTotalMs=8 uniqueStatusTransitionKeys=4 tradeRepositoryCalls=1 settlementRepositoryCalls=1 businessRuleRepositoryCalls=0
[30m2026-09-09T12:11:07,108[m [32mINFO  [m[[1;34mhttp-nio-8080-exec-40[m] [36mStatusUpdateBusinessRuleServiceImpl[m - [rules] START validate-trade tradeId=1550035 sideId=2 code=RULE_ASSIGNMENT
[30m2026-09-09T12:11:07,115[m [32mINFO  [m[[1;34mhttp-nio-8080-exec-40[m] [36mStatusUpdateBusinessRuleServiceImpl[m - [rules] process-rule rule=RULE_SIDE ruleId=230 result=OK status-http=2ms total=2ms
[30m2026-09-09T12:11:07,117[m [32mINFO  [m[[1;34mhttp-nio-8080-exec-40[m] [36mStatusUpdateBusinessRuleServiceImpl[m - [rules] process-rule rule=RULE_FRACTION ruleId=232 result=OK status-http=2ms total=2ms
[30m2026-09-09T12:11:07,120[m [32mINFO  [m[[1;34mhttp-nio-8080-exec-40[m] [36mStatusUpdateBusinessRuleServiceImpl[m - [rules] process-rule rule=RULE_FRACTION_CUSTODIAN ruleId=239 result=OK status-http=2ms total=2ms
[30m2026-09-09T12:11:07,123[m [32mINFO  [m[[1;34mhttp-nio-8080-exec-40[m] [36mStatusUpdateBusinessRuleServiceImpl[m - [rules] END validate-trade tradeId=1550035 sideId=2 result=OK elapsed=14ms
[30m2026-09-09T12:11:07,123[m [32mINFO  [m[[1;34mhttp-nio-8080-exec-40[m] [36mStatusUpdateBusinessRuleServiceImpl[m - PERF_ASSIGNMENT service=reglas podName=operaciones-reglas-back-app-5894db7bb6-qwpx5 operation=validateUpdateStatusTrade result=SUCCESS tradeId=1550035 side=2 totalMs=14 loadTradeMs=2 loadSettlementsAndInputMs=1 loadBusinessRulesMs=0 evaluationMs=0 tradeRepositoryCalls=1 settlementRepositoryCalls=1 businessRuleRepositoryCalls=0 statusHttpCalls=4 statusRestTotalMs=8
[30m2026-09-09T12:11:07,123[m [32mINFO  [m[[1;34mhttp-nio-8080-exec-40[m] [36mStatusUpdateBusinessRuleServiceImpl[m - PERF_RULES_STATUS_SUMMARY service=reglas podName=operaciones-reglas-back-app-5894db7bb6-qwpx5 validationCount=1 statusHttpCalls=4 statusHttpTotalMs=8 uniqueStatusTransitionKeys=4 tradeRepositoryCalls=1 settlementRepositoryCalls=1 businessRuleRepositoryCalls=0
[30m2026-09-09T12:11:07,178[m [32mINFO  [m[[1;34mhttp-nio-8080-exec-39[m] [36mStatusUpdateBusinessRuleServiceImpl[m - [rules] START validate-trade tradeId=1550036 sideId=2 code=RULE_ASSIGNMENT
[30m2026-09-09T12:11:07,184[m [32mINFO  [m[[1;34mhttp-nio-8080-exec-39[m] [36mStatusUpdateBusinessRuleServiceImpl[m - [rules] process-rule rule=RULE_SIDE ruleId=230 result=OK status-http=2ms total=2ms
[30m2026-09-09T12:11:07,186[m [32mINFO  [m[[1;34mhttp-nio-8080-exec-39[m] [36mStatusUpdateBusinessRuleServiceImpl[m - [rules] process-rule rule=RULE_FRACTION ruleId=232 result=OK status-http=1ms total=1ms
[30m2026-09-09T12:11:07,188[m [32mINFO  [m[[1;34mhttp-nio-8080-exec-39[m] [36mStatusUpdateBusinessRuleServiceImpl[m - [rules] process-rule rule=RULE_FRACTION_CUSTODIAN ruleId=239 result=OK status-http=2ms total=2ms
[30m2026-09-09T12:11:07,191[m [32mINFO  [m[[1;34mhttp-nio-8080-exec-39[m] [36mStatusUpdateBusinessRuleServiceImpl[m - [rules] END validate-trade tradeId=1550036 sideId=2 result=OK elapsed=12ms
[30m2026-09-09T12:11:07,191[m [32mINFO  [m[[1;34mhttp-nio-8080-exec-39[m] [36mStatusUpdateBusinessRuleServiceImpl[m - PERF_ASSIGNMENT service=reglas podName=operaciones-reglas-back-app-5894db7bb6-qwpx5 operation=validateUpdateStatusTrade result=SUCCESS tradeId=1550036 side=2 totalMs=12 loadTradeMs=2 loadSettlementsAndInputMs=0 loadBusinessRulesMs=0 evaluationMs=0 tradeRepositoryCalls=1 settlementRepositoryCalls=1 businessRuleRepositoryCalls=0 statusHttpCalls=4 statusRestTotalMs=8
[30m2026-09-09T12:11:07,191[m [32mINFO  [m[[1;34mhttp-nio-8080-exec-39[m] [36mStatusUpdateBusinessRuleServiceImpl[m - PERF_RULES_STATUS_SUMMARY service=reglas podName=operaciones-reglas-back-app-5894db7bb6-qwpx5 validationCount=1 statusHttpCalls=4 statusHttpTotalMs=8 uniqueStatusTransitionKeys=4 tradeRepositoryCalls=1 settlementRepositoryCalls=1 businessRuleRepositoryCalls=0
[30m2026-09-09T12:11:07,237[m [32mINFO  [m[[1;34mhttp-nio-8080-exec-41[m] [36mStatusUpdateBusinessRuleServiceImpl[m - [rules] START validate-trade tradeId=1550037 sideId=2 code=RULE_ASSIGNMENT
[30m2026-09-09T12:11:07,243[m [32mINFO  [m[[1;34mhttp-nio-8080-exec-41[m] [36mStatusUpdateBusinessRuleServiceImpl[m - [rules] process-rule rule=RULE_SIDE ruleId=230 result=OK status-http=2ms total=2ms
[30m2026-09-09T12:11:07,245[m [32mINFO  [m[[1;34mhttp-nio-8080-exec-41[m] [36mStatusUpdateBusinessRuleServiceImpl[m - [rules] process-rule rule=RULE_FRACTION ruleId=232 result=OK status-http=1ms total=2ms
[30m2026-09-09T12:11:07,247[m [32mINFO  [m[[1;34mhttp-nio-8080-exec-41[m] [36mStatusUpdateBusinessRuleServiceImpl[m - [rules] process-rule rule=RULE_FRACTION_CUSTODIAN ruleId=239 result=OK status-http=2ms total=2ms
[30m2026-09-09T12:11:07,250[m [32mINFO  [m[[1;34mhttp-nio-8080-exec-41[m] [36mStatusUpdateBusinessRuleServiceImpl[m - [rules] END validate-trade tradeId=1550037 sideId=2 result=OK elapsed=12ms
[30m2026-09-09T12:11:07,250[m [32mINFO  [m[[1;34mhttp-nio-8080-exec-41[m] [36mStatusUpdateBusinessRuleServiceImpl[m - PERF_ASSIGNMENT service=reglas podName=operaciones-reglas-back-app-5894db7bb6-qwpx5 operation=validateUpdateStatusTrade result=SUCCESS tradeId=1550037 side=2 totalMs=13 loadTradeMs=2 loadSettlementsAndInputMs=0 loadBusinessRulesMs=0 evaluationMs=0 tradeRepositoryCalls=1 settlementRepositoryCalls=1 businessRuleRepositoryCalls=0 statusHttpCalls=4 statusRestTotalMs=8
[30m2026-09-09T12:11:07,250[m [32mINFO  [m[[1;34mhttp-nio-8080-exec-41[m] [36mStatusUpdateBusinessRuleServiceImpl[m - PERF_RULES_STATUS_SUMMARY service=reglas podName=operaciones-reglas-back-app-5894db7bb6-qwpx5 validationCount=1 statusHttpCalls=4 statusHttpTotalMs=8 uniqueStatusTransitionKeys=4 tradeRepositoryCalls=1 settlementRepositoryCalls=1 businessRuleRepositoryCalls=0
[30m2026-09-09T12:11:07,293[m [32mINFO  [m[[1;34mhttp-nio-8080-exec-42[m] [36mStatusUpdateBusinessRuleServiceImpl[m - [rules] START validate-trade tradeId=1550039 sideId=2 code=RULE_ASSIGNMENT
[30m2026-09-09T12:11:07,301[m [32mINFO  [m[[1;34mhttp-nio-8080-exec-42[m] [36mStatusUpdateBusinessRuleServiceImpl[m - [rules] process-rule rule=RULE_SIDE ruleId=230 result=OK status-http=2ms total=2ms
[30m2026-09-09T12:11:07,303[m [32mINFO  [m[[1;34mhttp-nio-8080-exec-42[m] [36mStatusUpdateBusinessRuleServiceImpl[m - [rules] process-rule rule=RULE_FRACTION ruleId=232 result=OK status-http=1ms total=1ms
[30m2026-09-09T12:11:07,305[m [32mINFO  [m[[1;34mhttp-nio-8080-exec-42[m] [36mStatusUpdateBusinessRuleServiceImpl[m - [rules] process-rule rule=RULE_FRACTION_CUSTODIAN ruleId=239 result=OK status-http=1ms total=1ms
[30m2026-09-09T12:11:07,307[m [32mINFO  [m[[1;34mhttp-nio-8080-exec-42[m] [36mStatusUpdateBusinessRuleServiceImpl[m - [rules] END validate-trade tradeId=1550039 sideId=2 result=OK elapsed=13ms
[30m2026-09-09T12:11:07,307[m [32mINFO  [m[[1;34mhttp-nio-8080-exec-42[m] [36mStatusUpdateBusinessRuleServiceImpl[m - PERF_ASSIGNMENT service=reglas podName=operaciones-reglas-back-app-5894db7bb6-qwpx5 operation=validateUpdateStatusTrade result=SUCCESS tradeId=1550039 side=2 totalMs=13 loadTradeMs=3 loadSettlementsAndInputMs=1 loadBusinessRulesMs=0 evaluationMs=0 tradeRepositoryCalls=1 settlementRepositoryCalls=1 businessRuleRepositoryCalls=0 statusHttpCalls=4 statusRestTotalMs=7
[30m2026-09-09T12:11:07,307[m [32mINFO  [m[[1;34mhttp-nio-8080-exec-42[m] [36mStatusUpdateBusinessRuleServiceImpl[m - PERF_RULES_STATUS_SUMMARY service=reglas podName=operaciones-reglas-back-app-5894db7bb6-qwpx5 validationCount=1 statusHttpCalls=4 statusHttpTotalMs=7 uniqueStatusTransitionKeys=4 tradeRepositoryCalls=1 settlementRepositoryCalls=1 businessRuleRepositoryCalls=0
[30m2026-09-09T12:11:07,351[m [32mINFO  [m[[1;34mhttp-nio-8080-exec-44[m] [36mStatusUpdateBusinessRuleServiceImpl[m - [rules] START validate-trade tradeId=1550040 sideId=2 code=RULE_ASSIGNMENT
[30m2026-09-09T12:11:07,356[m [32mINFO  [m[[1;34mhttp-nio-8080-exec-44[m] [36mStatusUpdateBusinessRuleServiceImpl[m - [rules] process-rule rule=RULE_SIDE ruleId=230 result=OK status-http=2ms total=2ms
[30m2026-09-09T12:11:07,359[m [32mINFO  [m[[1;34mhttp-nio-8080-exec-44[m] [36mStatusUpdateBusinessRuleServiceImpl[m - [rules] process-rule rule=RULE_FRACTION ruleId=232 result=OK status-http=2ms total=2ms
[30m2026-09-09T12:11:07,361[m [32mINFO  [m[[1;34mhttp-nio-8080-exec-44[m] [36mStatusUpdateBusinessRuleServiceImpl[m - [rules] process-rule rule=RULE_FRACTION_CUSTODIAN ruleId=239 result=OK status-http=1ms total=1ms
[30m2026-09-09T12:11:07,363[m [32mINFO  [m[[1;34mhttp-nio-8080-exec-44[m] [36mStatusUpdateBusinessRuleServiceImpl[m - [rules] END validate-trade tradeId=1550040 sideId=2 result=OK elapsed=12ms
[30m2026-09-09T12:11:07,363[m [32mINFO  [m[[1;34mhttp-nio-8080-exec-44[m] [36mStatusUpdateBusinessRuleServiceImpl[m - PERF_ASSIGNMENT service=reglas podName=operaciones-reglas-back-app-5894db7bb6-qwpx5 operation=validateUpdateStatusTrade result=SUCCESS tradeId=1550040 side=2 totalMs=12 loadTradeMs=2 loadSettlementsAndInputMs=0 loadBusinessRulesMs=0 evaluationMs=0 tradeRepositoryCalls=1 settlementRepositoryCalls=1 businessRuleRepositoryCalls=0 statusHttpCalls=4 statusRestTotalMs=7
[30m2026-09-09T12:11:07,363[m [32mINFO  [m[[1;34mhttp-nio-8080-exec-44[m] [36mStatusUpdateBusinessRuleServiceImpl[m - PERF_RULES_STATUS_SUMMARY service=reglas podName=operaciones-reglas-back-app-5894db7bb6-qwpx5 validationCount=1 statusHttpCalls=4 statusHttpTotalMs=7 uniqueStatusTransitionKeys=4 tradeRepositoryCalls=1 settlementRepositoryCalls=1 businessRuleRepositoryCalls=0
[30m2026-09-09T12:11:07,406[m [32mINFO  [m[[1;34mhttp-nio-8080-exec-43[m] [36mStatusUpdateBusinessRuleServiceImpl[m - [rules] START validate-trade tradeId=1550041 sideId=2 code=RULE_ASSIGNMENT
[30m2026-09-09T12:11:07,411[m [32mINFO  [m[[1;34mhttp-nio-8080-exec-43[m] [36mStatusUpdateBusinessRuleServiceImpl[m - [rules] process-rule rule=RULE_SIDE ruleId=230 result=OK status-http=2ms total=2ms
[30m2026-09-09T12:11:07,413[m [32mINFO  [m[[1;34mhttp-nio-8080-exec-43[m] [36mStatusUpdateBusinessRuleServiceImpl[m - [rules] process-rule rule=RULE_FRACTION ruleId=232 result=OK status-http=1ms total=1ms
[30m2026-09-09T12:11:07,415[m [32mINFO  [m[[1;34mhttp-nio-8080-exec-43[m] [36mStatusUpdateBusinessRuleServiceImpl[m - [rules] process-rule rule=RULE_FRACTION_CUSTODIAN ruleId=239 result=OK status-http=1ms total=2ms
[30m2026-09-09T12:11:07,418[m [32mINFO  [m[[1;34mhttp-nio-8080-exec-43[m] [36mStatusUpdateBusinessRuleServiceImpl[m - [rules] END validate-trade tradeId=1550041 sideId=2 result=OK elapsed=11ms
[30m2026-09-09T12:11:07,418[m [32mINFO  [m[[1;34mhttp-nio-8080-exec-43[m] [36mStatusUpdateBusinessRuleServiceImpl[m - PERF_ASSIGNMENT service=reglas podName=operaciones-reglas-back-app-5894db7bb6-qwpx5 operation=validateUpdateStatusTrade result=SUCCESS tradeId=1550041 side=2 totalMs=12 loadTradeMs=2 loadSettlementsAndInputMs=0 loadBusinessRulesMs=0 evaluationMs=0 tradeRepositoryCalls=1 settlementRepositoryCalls=1 businessRuleRepositoryCalls=0 statusHttpCalls=4 statusRestTotalMs=7
[30m2026-09-09T12:11:07,418[m [32mINFO  [m[[1;34mhttp-nio-8080-exec-43[m] [36mStatusUpdateBusinessRuleServiceImpl[m - PERF_RULES_STATUS_SUMMARY service=reglas podName=operaciones-reglas-back-app-5894db7bb6-qwpx5 validationCount=1 statusHttpCalls=4 statusHttpTotalMs=7 uniqueStatusTransitionKeys=4 tradeRepositoryCalls=1 settlementRepositoryCalls=1 businessRuleRepositoryCalls=0
[30m2026-09-09T12:11:07,461[m [32mINFO  [m[[1;34mhttp-nio-8080-exec-45[m] [36mStatusUpdateBusinessRuleServiceImpl[m - [rules] START validate-trade tradeId=1550042 sideId=2 code=RULE_ASSIGNMENT
[30m2026-09-09T12:11:07,467[m [32mINFO  [m[[1;34mhttp-nio-8080-exec-45[m] [36mStatusUpdateBusinessRuleServiceImpl[m - [rules] process-rule rule=RULE_SIDE ruleId=230 result=OK status-http=2ms total=2ms
[30m2026-09-09T12:11:07,469[m [32mINFO  [m[[1;34mhttp-nio-8080-exec-45[m] [36mStatusUpdateBusinessRuleServiceImpl[m - [rules] process-rule rule=RULE_FRACTION ruleId=232 result=OK status-http=1ms total=2ms
[30m2026-09-09T12:11:07,472[m [32mINFO  [m[[1;34mhttp-nio-8080-exec-45[m] [36mStatusUpdateBusinessRuleServiceImpl[m - [rules] process-rule rule=RULE_FRACTION_CUSTODIAN ruleId=239 result=OK status-http=2ms total=2ms
[30m2026-09-09T12:11:07,474[m [32mINFO  [m[[1;34mhttp-nio-8080-exec-45[m] [36mStatusUpdateBusinessRuleServiceImpl[m - [rules] END validate-trade tradeId=1550042 sideId=2 result=OK elapsed=12ms
[30m2026-09-09T12:11:07,474[m [32mINFO  [m[[1;34mhttp-nio-8080-exec-45[m] [36mStatusUpdateBusinessRuleServiceImpl[m - PERF_ASSIGNMENT service=reglas podName=operaciones-reglas-back-app-5894db7bb6-qwpx5 operation=validateUpdateStatusTrade result=SUCCESS tradeId=1550042 side=2 totalMs=12 loadTradeMs=2 loadSettlementsAndInputMs=1 loadBusinessRulesMs=0 evaluationMs=0 tradeRepositoryCalls=1 settlementRepositoryCalls=1 businessRuleRepositoryCalls=0 statusHttpCalls=4 statusRestTotalMs=8
[30m2026-09-09T12:11:07,474[m [32mINFO  [m[[1;34mhttp-nio-8080-exec-45[m] [36mStatusUpdateBusinessRuleServiceImpl[m - PERF_RULES_STATUS_SUMMARY service=reglas podName=operaciones-reglas-back-app-5894db7bb6-qwpx5 validationCount=1 statusHttpCalls=4 statusHttpTotalMs=8 uniqueStatusTransitionKeys=4 tradeRepositoryCalls=1 settlementRepositoryCalls=1 businessRuleRepositoryCalls=0
[30m2026-09-09T12:11:07,519[m [32mINFO  [m[[1;34mhttp-nio-8080-exec-47[m] [36mStatusUpdateBusinessRuleServiceImpl[m - [rules] START validate-trade tradeId=1550043 sideId=2 code=RULE_ASSIGNMENT
[30m2026-09-09T12:11:07,524[m [32mINFO  [m[[1;34mhttp-nio-8080-exec-47[m] [36mStatusUpdateBusinessRuleServiceImpl[m - [rules] process-rule rule=RULE_SIDE ruleId=230 result=OK status-http=2ms total=2ms
[30m2026-09-09T12:11:07,526[m [32mINFO  [m[[1;34mhttp-nio-8080-exec-47[m] [36mStatusUpdateBusinessRuleServiceImpl[m - [rules] process-rule rule=RULE_FRACTION ruleId=232 result=OK status-http=1ms total=1ms
[30m2026-09-09T12:11:07,528[m [32mINFO  [m[[1;34mhttp-nio-8080-exec-47[m] [36mStatusUpdateBusinessRuleServiceImpl[m - [rules] process-rule rule=RULE_FRACTION_CUSTODIAN ruleId=239 result=OK status-http=1ms total=1ms
[30m2026-09-09T12:11:07,531[m [32mINFO  [m[[1;34mhttp-nio-8080-exec-47[m] [36mStatusUpdateBusinessRuleServiceImpl[m - [rules] END validate-trade tradeId=1550043 sideId=2 result=OK elapsed=12ms
[30m2026-09-09T12:11:07,531[m [32mINFO  [m[[1;34mhttp-nio-8080-exec-47[m] [36mStatusUpdateBusinessRuleServiceImpl[m - PERF_ASSIGNMENT service=reglas podName=operaciones-reglas-back-app-5894db7bb6-qwpx5 operation=validateUpdateStatusTrade result=SUCCESS tradeId=1550043 side=2 totalMs=12 loadTradeMs=2 loadSettlementsAndInputMs=0 loadBusinessRulesMs=0 evaluationMs=0 tradeRepositoryCalls=1 settlementRepositoryCalls=1 businessRuleRepositoryCalls=0 statusHttpCalls=4 statusRestTotalMs=7
[30m2026-09-09T12:11:07,531[m [32mINFO  [m[[1;34mhttp-nio-8080-exec-47[m] [36mStatusUpdateBusinessRuleServiceImpl[m - PERF_RULES_STATUS_SUMMARY service=reglas podName=operaciones-reglas-back-app-5894db7bb6-qwpx5 validationCount=1 statusHttpCalls=4 statusHttpTotalMs=7 uniqueStatusTransitionKeys=4 tradeRepositoryCalls=1 settlementRepositoryCalls=1 businessRuleRepositoryCalls=0
[30m2026-09-09T13:13:01,673[m [32mINFO  [m[[1;34mhttp-nio-8080-exec-49[m] [36mStatusUpdateBusinessRuleServiceImpl[m - [rules] rule-map-cache MISS countryId=37 code=RULE_ASSIGNMENT — loading from DB
[30m2026-09-09T13:13:01,712[m [32mINFO  [m[[1;34mhttp-nio-8080-exec-49[m] [36mStatusUpdateBusinessRuleServiceImpl[m - [rules] rule-map-cache LOADED countryId=37 code=RULE_ASSIGNMENT rules=[RULE_FOLIO, RULE_SIDE, RULE_FRACTION, RULE_FRACTION_CUSTODIAN] elapsed=39ms
[30m2026-09-09T13:13:02,148[m [32mINFO  [m[[1;34mhttp-nio-8080-exec-49[m] [36mStatusUpdateBusinessRuleServiceImpl[m - PERF_RULES_BATCH service=reglas podName=operaciones-reglas-back-app-5894db7bb6-qwpx5 batchId=ed9f6ea3-7ec0-457e-9d73-a5e5d291ec4b items=87 tradeRequested=87 tradeUnique=87 tradeRepositoryCalls=1 tradeRowsLoaded=87 tradeBulkMs=43 settlementRequestedPairs=87 settlementUniquePairs=87 settlementRepositoryCalls=1 settlementRowsLoaded=0 settlementBulkMs=11 businessRuleRepositoryCalls=10 statusTransitionRequests=261 uniqueStatusTransitionKeys=3 statusHttpCalls=3 statusHttpTotalMs=394 evaluationMs=41 prevalidatedCount=87 businessValidCount=87 businessRejectedCount=0 fallbackCount=0 totalMs=530 result=SUCCESS
[30m2026-09-09T13:13:02,150[m [32mINFO  [m[[1;34mhttp-nio-8080-exec-49[m] [36mStatusUpdateBusinessRuleServiceImpl[m - PERF_RULES_BATCH_REDUCTION service=reglas podName=operaciones-reglas-back-app-5894db7bb6-qwpx5 batchId=ed9f6ea3-7ec0-457e-9d73-a5e5d291ec4b legacyFractionationToRulesHttpCallsEstimated=87 fractionationToRulesBatchHttpCalls=1 legacyTradeReadsEstimated=87 tradeRepositoryReadsAfter=1 legacySettlementReadsEstimated=87 settlementRepositoryReadsAfter=1 logicalStatusTransitionRequests=261 uniqueStatusTransitionKeys=3 statusHttpCallsAfter=3 statusHttpReductionPercent=99
[30m2026-09-09T13:13:09,278[m [32mINFO  [m[[1;34mhttp-nio-8080-exec-46[m] [36mStatusUpdateBusinessRuleServiceImpl[m - PERF_RULES_BATCH service=reglas podName=operaciones-reglas-back-app-5894db7bb6-qwpx5 batchId=d393e819-a548-4018-8c29-8e558858383b items=83 tradeRequested=83 tradeUnique=83 tradeRepositoryCalls=1 tradeRowsLoaded=83 tradeBulkMs=6 settlementRequestedPairs=83 settlementUniquePairs=83 settlementRepositoryCalls=1 settlementRowsLoaded=0 settlementBulkMs=2 businessRuleRepositoryCalls=0 statusTransitionRequests=249 uniqueStatusTransitionKeys=3 statusHttpCalls=3 statusHttpTotalMs=6 evaluationMs=10 prevalidatedCount=83 businessValidCount=83 businessRejectedCount=0 fallbackCount=0 totalMs=26 result=SUCCESS
[30m2026-09-09T13:13:09,278[m [32mINFO  [m[[1;34mhttp-nio-8080-exec-46[m] [36mStatusUpdateBusinessRuleServiceImpl[m - PERF_RULES_BATCH_REDUCTION service=reglas podName=operaciones-reglas-back-app-5894db7bb6-qwpx5 batchId=d393e819-a548-4018-8c29-8e558858383b legacyFractionationToRulesHttpCallsEstimated=83 fractionationToRulesBatchHttpCalls=1 legacyTradeReadsEstimated=83 tradeRepositoryReadsAfter=1 legacySettlementReadsEstimated=83 settlementRepositoryReadsAfter=1 logicalStatusTransitionRequests=249 uniqueStatusTransitionKeys=3 statusHttpCallsAfter=3 statusHttpReductionPercent=99
[30m2026-09-09T13:13:14,050[m [32mINFO  [m[[1;34mhttp-nio-8080-exec-50[m] [36mStatusUpdateBusinessRuleServiceImpl[m - PERF_RULES_BATCH service=reglas podName=operaciones-reglas-back-app-5894db7bb6-qwpx5 batchId=8b6c3e19-3228-4e08-ace4-51f68eba331e items=20 tradeRequested=20 tradeUnique=20 tradeRepositoryCalls=1 tradeRowsLoaded=20 tradeBulkMs=5 settlementRequestedPairs=20 settlementUniquePairs=20 settlementRepositoryCalls=1 settlementRowsLoaded=0 settlementBulkMs=2 businessRuleRepositoryCalls=0 statusTransitionRequests=60 uniqueStatusTransitionKeys=3 statusHttpCalls=3 statusHttpTotalMs=6 evaluationMs=1 prevalidatedCount=20 businessValidCount=20 businessRejectedCount=0 fallbackCount=0 totalMs=15 result=SUCCESS
[30m2026-09-09T13:13:14,051[m [32mINFO  [m[[1;34mhttp-nio-8080-exec-50[m] [36mStatusUpdateBusinessRuleServiceImpl[m - PERF_RULES_BATCH_REDUCTION service=reglas podName=operaciones-reglas-back-app-5894db7bb6-qwpx5 batchId=8b6c3e19-3228-4e08-ace4-51f68eba331e legacyFractionationToRulesHttpCallsEstimated=20 fractionationToRulesBatchHttpCalls=1 legacyTradeReadsEstimated=20 tradeRepositoryReadsAfter=1 legacySettlementReadsEstimated=20 settlementRepositoryReadsAfter=1 logicalStatusTransitionRequests=60 uniqueStatusTransitionKeys=3 statusHttpCallsAfter=3 statusHttpReductionPercent=95
[30m2026-09-09T13:13:15,550[m [32mINFO  [m[[1;34mhttp-nio-8080-exec-51[m] [36mStatusUpdateBusinessRuleServiceImpl[m - PERF_RULES_BATCH service=reglas podName=operaciones-reglas-back-app-5894db7bb6-qwpx5 batchId=f6397859-5963-4be3-99c4-c3a1069b2c31 items=79 tradeRequested=79 tradeUnique=79 tradeRepositoryCalls=1 tradeRowsLoaded=79 tradeBulkMs=7 settlementRequestedPairs=79 settlementUniquePairs=79 settlementRepositoryCalls=1 settlementRowsLoaded=0 settlementBulkMs=2 businessRuleRepositoryCalls=0 statusTransitionRequests=237 uniqueStatusTransitionKeys=3 statusHttpCalls=3 statusHttpTotalMs=9 evaluationMs=13 prevalidatedCount=79 businessValidCount=79 businessRejectedCount=0 fallbackCount=0 totalMs=33 result=SUCCESS
[30m2026-09-09T13:13:15,552[m [32mINFO  [m[[1;34mhttp-nio-8080-exec-51[m] [36mStatusUpdateBusinessRuleServiceImpl[m - PERF_RULES_BATCH_REDUCTION service=reglas podName=operaciones-reglas-back-app-5894db7bb6-qwpx5 batchId=f6397859-5963-4be3-99c4-c3a1069b2c31 legacyFractionationToRulesHttpCallsEstimated=79 fractionationToRulesBatchHttpCalls=1 legacyTradeReadsEstimated=79 tradeRepositoryReadsAfter=1 legacySettlementReadsEstimated=79 settlementRepositoryReadsAfter=1 logicalStatusTransitionRequests=237 uniqueStatusTransitionKeys=3 statusHttpCallsAfter=3 statusHttpReductionPercent=99
[30m2026-09-09T13:13:19,938[m [32mINFO  [m[[1;34mhttp-nio-8080-exec-48[m] [36mStatusUpdateBusinessRuleServiceImpl[m - PERF_RULES_BATCH service=reglas podName=operaciones-reglas-back-app-5894db7bb6-qwpx5 batchId=d55ffd1a-47c6-4b31-a055-c29166e5b7e1 items=79 tradeRequested=79 tradeUnique=79 tradeRepositoryCalls=1 tradeRowsLoaded=79 tradeBulkMs=8 settlementRequestedPairs=79 settlementUniquePairs=79 settlementRepositoryCalls=1 settlementRowsLoaded=0 settlementBulkMs=2 businessRuleRepositoryCalls=0 statusTransitionRequests=237 uniqueStatusTransitionKeys=3 statusHttpCalls=3 statusHttpTotalMs=6 evaluationMs=6 prevalidatedCount=79 businessValidCount=79 businessRejectedCount=0 fallbackCount=0 totalMs=23 result=SUCCESS
[30m2026-09-09T13:13:19,938[m [32mINFO  [m[[1;34mhttp-nio-8080-exec-48[m] [36mStatusUpdateBusinessRuleServiceImpl[m - PERF_RULES_BATCH_REDUCTION service=reglas podName=operaciones-reglas-back-app-5894db7bb6-qwpx5 batchId=d55ffd1a-47c6-4b31-a055-c29166e5b7e1 legacyFractionationToRulesHttpCallsEstimated=79 fractionationToRulesBatchHttpCalls=1 legacyTradeReadsEstimated=79 tradeRepositoryReadsAfter=1 legacySettlementReadsEstimated=79 settlementRepositoryReadsAfter=1 logicalStatusTransitionRequests=237 uniqueStatusTransitionKeys=3 statusHttpCallsAfter=3 statusHttpReductionPercent=99
[30m2026-09-09T13:13:23,740[m [32mINFO  [m[[1;34mhttp-nio-8080-exec-52[m] [36mStatusUpdateBusinessRuleServiceImpl[m - PERF_RULES_BATCH service=reglas podName=operaciones-reglas-back-app-5894db7bb6-qwpx5 batchId=1e679639-e5c6-4579-bee9-9d2ff1e5f8ad items=90 tradeRequested=90 tradeUnique=90 tradeRepositoryCalls=1 tradeRowsLoaded=90 tradeBulkMs=7 settlementRequestedPairs=90 settlementUniquePairs=90 settlementRepositoryCalls=1 settlementRowsLoaded=0 settlementBulkMs=2 businessRuleRepositoryCalls=0 statusTransitionRequests=270 uniqueStatusTransitionKeys=3 statusHttpCalls=3 statusHttpTotalMs=6 evaluationMs=5 prevalidatedCount=90 businessValidCount=90 businessRejectedCount=0 fallbackCount=0 totalMs=22 result=SUCCESS
[30m2026-09-09T13:13:23,741[m [32mINFO  [m[[1;34mhttp-nio-8080-exec-52[m] [36mStatusUpdateBusinessRuleServiceImpl[m - PERF_RULES_BATCH_REDUCTION service=reglas podName=operaciones-reglas-back-app-5894db7bb6-qwpx5 batchId=1e679639-e5c6-4579-bee9-9d2ff1e5f8ad legacyFractionationToRulesHttpCallsEstimated=90 fractionationToRulesBatchHttpCalls=1 legacyTradeReadsEstimated=90 tradeRepositoryReadsAfter=1 legacySettlementReadsEstimated=90 settlementRepositoryReadsAfter=1 logicalStatusTransitionRequests=270 uniqueStatusTransitionKeys=3 statusHttpCallsAfter=3 statusHttpReductionPercent=99
[30m2026-09-09T13:13:28,070[m [32mINFO  [m[[1;34mhttp-nio-8080-exec-53[m] [36mStatusUpdateBusinessRuleServiceImpl[m - PERF_RULES_BATCH service=reglas podName=operaciones-reglas-back-app-5894db7bb6-qwpx5 batchId=aa2c0bc8-6f73-4a92-af6e-6030a3f26673 items=88 tradeRequested=88 tradeUnique=88 tradeRepositoryCalls=1 tradeRowsLoaded=88 tradeBulkMs=5 settlementRequestedPairs=88 settlementUniquePairs=88 settlementRepositoryCalls=1 settlementRowsLoaded=0 settlementBulkMs=2 businessRuleRepositoryCalls=0 statusTransitionRequests=264 uniqueStatusTransitionKeys=3 statusHttpCalls=3 statusHttpTotalMs=8 evaluationMs=5 prevalidatedCount=88 businessValidCount=88 businessRejectedCount=0 fallbackCount=0 totalMs=22 result=SUCCESS
[30m2026-09-09T13:13:28,070[m [32mINFO  [m[[1;34mhttp-nio-8080-exec-53[m] [36mStatusUpdateBusinessRuleServiceImpl[m - PERF_RULES_BATCH_REDUCTION service=reglas podName=operaciones-reglas-back-app-5894db7bb6-qwpx5 batchId=aa2c0bc8-6f73-4a92-af6e-6030a3f26673 legacyFractionationToRulesHttpCallsEstimated=88 fractionationToRulesBatchHttpCalls=1 legacyTradeReadsEstimated=88 tradeRepositoryReadsAfter=1 legacySettlementReadsEstimated=88 settlementRepositoryReadsAfter=1 logicalStatusTransitionRequests=264 uniqueStatusTransitionKeys=3 statusHttpCallsAfter=3 statusHttpReductionPercent=99
[30m2026-09-09T13:13:32,485[m [32mINFO  [m[[1;34mhttp-nio-8080-exec-54[m] [36mStatusUpdateBusinessRuleServiceImpl[m - PERF_RULES_BATCH service=reglas podName=operaciones-reglas-back-app-5894db7bb6-qwpx5 batchId=caffcf7f-db3c-4711-b888-1046dd3d87af items=84 tradeRequested=84 tradeUnique=84 tradeRepositoryCalls=1 tradeRowsLoaded=84 tradeBulkMs=6 settlementRequestedPairs=84 settlementUniquePairs=84 settlementRepositoryCalls=1 settlementRowsLoaded=0 settlementBulkMs=2 businessRuleRepositoryCalls=0 statusTransitionRequests=252 uniqueStatusTransitionKeys=3 statusHttpCalls=3 statusHttpTotalMs=8 evaluationMs=3 prevalidatedCount=84 businessValidCount=84 businessRejectedCount=0 fallbackCount=0 totalMs=21 result=SUCCESS
[30m2026-09-09T13:13:32,485[m [32mINFO  [m[[1;34mhttp-nio-8080-exec-54[m] [36mStatusUpdateBusinessRuleServiceImpl[m - PERF_RULES_BATCH_REDUCTION service=reglas podName=operaciones-reglas-back-app-5894db7bb6-qwpx5 batchId=caffcf7f-db3c-4711-b888-1046dd3d87af legacyFractionationToRulesHttpCallsEstimated=84 fractionationToRulesBatchHttpCalls=1 legacyTradeReadsEstimated=84 tradeRepositoryReadsAfter=1 legacySettlementReadsEstimated=84 settlementRepositoryReadsAfter=1 logicalStatusTransitionRequests=252 uniqueStatusTransitionKeys=3 statusHttpCallsAfter=3 statusHttpReductionPercent=99
[30m2026-09-09T13:13:36,287[m [32mINFO  [m[[1;34mhttp-nio-8080-exec-55[m] [36mStatusUpdateBusinessRuleServiceImpl[m - PERF_RULES_BATCH service=reglas podName=operaciones-reglas-back-app-5894db7bb6-qwpx5 batchId=9fc88989-8784-48c7-93fd-c233f820de4e items=98 tradeRequested=98 tradeUnique=98 tradeRepositoryCalls=1 tradeRowsLoaded=98 tradeBulkMs=8 settlementRequestedPairs=98 settlementUniquePairs=98 settlementRepositoryCalls=1 settlementRowsLoaded=85 settlementBulkMs=3 businessRuleRepositoryCalls=0 statusTransitionRequests=379 uniqueStatusTransitionKeys=4 statusHttpCalls=4 statusHttpTotalMs=19 evaluationMs=5 prevalidatedCount=98 businessValidCount=98 businessRejectedCount=0 fallbackCount=0 totalMs=38 result=SUCCESS
[30m2026-09-09T13:13:36,287[m [32mINFO  [m[[1;34mhttp-nio-8080-exec-55[m] [36mStatusUpdateBusinessRuleServiceImpl[m - PERF_RULES_BATCH_REDUCTION service=reglas podName=operaciones-reglas-back-app-5894db7bb6-qwpx5 batchId=9fc88989-8784-48c7-93fd-c233f820de4e legacyFractionationToRulesHttpCallsEstimated=98 fractionationToRulesBatchHttpCalls=1 legacyTradeReadsEstimated=98 tradeRepositoryReadsAfter=1 legacySettlementReadsEstimated=98 settlementRepositoryReadsAfter=1 logicalStatusTransitionRequests=379 uniqueStatusTransitionKeys=4 statusHttpCallsAfter=4 statusHttpReductionPercent=99
[30m2026-09-09T13:13:40,967[m [32mINFO  [m[[1;34mhttp-nio-8080-exec-59[m] [36mStatusUpdateBusinessRuleServiceImpl[m - PERF_RULES_BATCH service=reglas podName=operaciones-reglas-back-app-5894db7bb6-qwpx5 batchId=42a745cc-94f1-40ea-a97b-c44fd8dc9515 items=81 tradeRequested=81 tradeUnique=81 tradeRepositoryCalls=1 tradeRowsLoaded=81 tradeBulkMs=7 settlementRequestedPairs=81 settlementUniquePairs=81 settlementRepositoryCalls=1 settlementRowsLoaded=0 settlementBulkMs=2 businessRuleRepositoryCalls=0 statusTransitionRequests=299 uniqueStatusTransitionKeys=4 statusHttpCalls=4 statusHttpTotalMs=10 evaluationMs=5 prevalidatedCount=81 businessValidCount=81 businessRejectedCount=0 fallbackCount=0 totalMs=26 result=SUCCESS
[30m2026-09-09T13:13:40,968[m [32mINFO  [m[[1;34mhttp-nio-8080-exec-59[m] [36mStatusUpdateBusinessRuleServiceImpl[m - PERF_RULES_BATCH_REDUCTION service=reglas podName=operaciones-reglas-back-app-5894db7bb6-qwpx5 batchId=42a745cc-94f1-40ea-a97b-c44fd8dc9515 legacyFractionationToRulesHttpCallsEstimated=81 fractionationToRulesBatchHttpCalls=1 legacyTradeReadsEstimated=81 tradeRepositoryReadsAfter=1 legacySettlementReadsEstimated=81 settlementRepositoryReadsAfter=1 logicalStatusTransitionRequests=299 uniqueStatusTransitionKeys=4 statusHttpCallsAfter=4 statusHttpReductionPercent=99
[30m2026-09-09T13:13:43,884[m [32mINFO  [m[[1;34mhttp-nio-8080-exec-56[m] [36mStatusUpdateBusinessRuleServiceImpl[m - PERF_RULES_BATCH service=reglas podName=operaciones-reglas-back-app-5894db7bb6-qwpx5 batchId=6e6775be-93e7-43b7-a4ca-5701f351243a items=64 tradeRequested=64 tradeUnique=64 tradeRepositoryCalls=1 tradeRowsLoaded=64 tradeBulkMs=4 settlementRequestedPairs=64 settlementUniquePairs=64 settlementRepositoryCalls=1 settlementRowsLoaded=0 settlementBulkMs=1 businessRuleRepositoryCalls=0 statusTransitionRequests=247 uniqueStatusTransitionKeys=4 statusHttpCalls=4 statusHttpTotalMs=6 evaluationMs=2 prevalidatedCount=64 businessValidCount=64 businessRejectedCount=0 fallbackCount=0 totalMs=20 result=SUCCESS
[30m2026-09-09T13:13:43,884[m [32mINFO  [m[[1;34mhttp-nio-8080-exec-56[m] [36mStatusUpdateBusinessRuleServiceImpl[m - PERF_RULES_BATCH_REDUCTION service=reglas podName=operaciones-reglas-back-app-5894db7bb6-qwpx5 batchId=6e6775be-93e7-43b7-a4ca-5701f351243a legacyFractionationToRulesHttpCallsEstimated=64 fractionationToRulesBatchHttpCalls=1 legacyTradeReadsEstimated=64 tradeRepositoryReadsAfter=1 legacySettlementReadsEstimated=64 settlementRepositoryReadsAfter=1 logicalStatusTransitionRequests=247 uniqueStatusTransitionKeys=4 statusHttpCallsAfter=4 statusHttpReductionPercent=98
[30m2026-09-09T13:13:46,434[m [32mINFO  [m[[1;34mhttp-nio-8080-exec-57[m] [36mStatusUpdateBusinessRuleServiceImpl[m - PERF_RULES_BATCH service=reglas podName=operaciones-reglas-back-app-5894db7bb6-qwpx5 batchId=458cbdb6-69ef-498d-b9a0-ff96044ebb75 items=70 tradeRequested=70 tradeUnique=70 tradeRepositoryCalls=1 tradeRowsLoaded=70 tradeBulkMs=5 settlementRequestedPairs=70 settlementUniquePairs=70 settlementRepositoryCalls=1 settlementRowsLoaded=0 settlementBulkMs=2 businessRuleRepositoryCalls=0 statusTransitionRequests=263 uniqueStatusTransitionKeys=4 statusHttpCalls=4 statusHttpTotalMs=11 evaluationMs=3 prevalidatedCount=70 businessValidCount=70 businessRejectedCount=0 fallbackCount=0 totalMs=24 result=SUCCESS
[30m2026-09-09T13:13:46,434[m [32mINFO  [m[[1;34mhttp-nio-8080-exec-57[m] [36mStatusUpdateBusinessRuleServiceImpl[m - PERF_RULES_BATCH_REDUCTION service=reglas podName=operaciones-reglas-back-app-5894db7bb6-qwpx5 batchId=458cbdb6-69ef-498d-b9a0-ff96044ebb75 legacyFractionationToRulesHttpCallsEstimated=70 fractionationToRulesBatchHttpCalls=1 legacyTradeReadsEstimated=70 tradeRepositoryReadsAfter=1 legacySettlementReadsEstimated=70 settlementRepositoryReadsAfter=1 logicalStatusTransitionRequests=263 uniqueStatusTransitionKeys=4 statusHttpCallsAfter=4 statusHttpReductionPercent=98
[30m2026-09-09T13:13:49,543[m [32mINFO  [m[[1;34mhttp-nio-8080-exec-60[m] [36mStatusUpdateBusinessRuleServiceImpl[m - PERF_RULES_BATCH service=reglas podName=operaciones-reglas-back-app-5894db7bb6-qwpx5 batchId=95376bfc-bce0-4ddc-aba5-efd305cc2b66 items=90 tradeRequested=90 tradeUnique=90 tradeRepositoryCalls=1 tradeRowsLoaded=90 tradeBulkMs=6 settlementRequestedPairs=90 settlementUniquePairs=90 settlementRepositoryCalls=1 settlementRowsLoaded=0 settlementBulkMs=2 businessRuleRepositoryCalls=0 statusTransitionRequests=339 uniqueStatusTransitionKeys=4 statusHttpCalls=4 statusHttpTotalMs=7 evaluationMs=5 prevalidatedCount=90 businessValidCount=90 businessRejectedCount=0 fallbackCount=0 totalMs=22 result=SUCCESS
[30m2026-09-09T13:13:49,543[m [32mINFO  [m[[1;34mhttp-nio-8080-exec-60[m] [36mStatusUpdateBusinessRuleServiceImpl[m - PERF_RULES_BATCH_REDUCTION service=reglas podName=operaciones-reglas-back-app-5894db7bb6-qwpx5 batchId=95376bfc-bce0-4ddc-aba5-efd305cc2b66 legacyFractionationToRulesHttpCallsEstimated=90 fractionationToRulesBatchHttpCalls=1 legacyTradeReadsEstimated=90 tradeRepositoryReadsAfter=1 legacySettlementReadsEstimated=90 settlementRepositoryReadsAfter=1 logicalStatusTransitionRequests=339 uniqueStatusTransitionKeys=4 statusHttpCallsAfter=4 statusHttpReductionPercent=99
[30m2026-09-09T13:13:53,676[m [32mINFO  [m[[1;34mhttp-nio-8080-exec-61[m] [36mStatusUpdateBusinessRuleServiceImpl[m - PERF_RULES_BATCH service=reglas podName=operaciones-reglas-back-app-5894db7bb6-qwpx5 batchId=098ccbf7-44dc-41b7-9de9-d00d0c567b05 items=27 tradeRequested=27 tradeUnique=27 tradeRepositoryCalls=1 tradeRowsLoaded=27 tradeBulkMs=3 settlementRequestedPairs=27 settlementUniquePairs=27 settlementRepositoryCalls=1 settlementRowsLoaded=0 settlementBulkMs=1 businessRuleRepositoryCalls=0 statusTransitionRequests=101 uniqueStatusTransitionKeys=4 statusHttpCalls=4 statusHttpTotalMs=11 evaluationMs=2 prevalidatedCount=27 businessValidCount=27 businessRejectedCount=0 fallbackCount=0 totalMs=20 result=SUCCESS
[30m2026-09-09T13:13:53,677[m [32mINFO  [m[[1;34mhttp-nio-8080-exec-61[m] [36mStatusUpdateBusinessRuleServiceImpl[m - PERF_RULES_BATCH_REDUCTION service=reglas podName=operaciones-reglas-back-app-5894db7bb6-qwpx5 batchId=098ccbf7-44dc-41b7-9de9-d00d0c567b05 legacyFractionationToRulesHttpCallsEstimated=27 fractionationToRulesBatchHttpCalls=1 legacyTradeReadsEstimated=27 tradeRepositoryReadsAfter=1 legacySettlementReadsEstimated=27 settlementRepositoryReadsAfter=1 logicalStatusTransitionRequests=101 uniqueStatusTransitionKeys=4 statusHttpCallsAfter=4 statusHttpReductionPercent=96
[30m2026-09-09T13:13:56,544[m [32mINFO  [m[[1;34mhttp-nio-8080-exec-58[m] [36mStatusUpdateBusinessRuleServiceImpl[m - PERF_RULES_BATCH service=reglas podName=operaciones-reglas-back-app-5894db7bb6-qwpx5 batchId=381bc2e5-6769-47b6-b52a-29cd5ccf4156 items=88 tradeRequested=88 tradeUnique=88 tradeRepositoryCalls=1 tradeRowsLoaded=88 tradeBulkMs=5 settlementRequestedPairs=88 settlementUniquePairs=88 settlementRepositoryCalls=1 settlementRowsLoaded=62 settlementBulkMs=4 businessRuleRepositoryCalls=0 statusTransitionRequests=326 uniqueStatusTransitionKeys=4 statusHttpCalls=4 statusHttpTotalMs=7 evaluationMs=6 prevalidatedCount=88 businessValidCount=88 businessRejectedCount=0 fallbackCount=0 totalMs=24 result=SUCCESS
[30m2026-09-09T13:13:56,544[m [32mINFO  [m[[1;34mhttp-nio-8080-exec-58[m] [36mStatusUpdateBusinessRuleServiceImpl[m - PERF_RULES_BATCH_REDUCTION service=reglas podName=operaciones-reglas-back-app-5894db7bb6-qwpx5 batchId=381bc2e5-6769-47b6-b52a-29cd5ccf4156 legacyFractionationToRulesHttpCallsEstimated=88 fractionationToRulesBatchHttpCalls=1 legacyTradeReadsEstimated=88 tradeRepositoryReadsAfter=1 legacySettlementReadsEstimated=88 settlementRepositoryReadsAfter=1 logicalStatusTransitionRequests=326 uniqueStatusTransitionKeys=4 statusHttpCallsAfter=4 statusHttpReductionPercent=99
[30m2026-09-09T13:14:00,853[m [32mINFO  [m[[1;34mhttp-nio-8080-exec-64[m] [36mStatusUpdateBusinessRuleServiceImpl[m - PERF_RULES_BATCH service=reglas podName=operaciones-reglas-back-app-5894db7bb6-qwpx5 batchId=6e95154e-24ca-4aed-af75-ad3fe516f7f4 items=93 tradeRequested=93 tradeUnique=93 tradeRepositoryCalls=1 tradeRowsLoaded=93 tradeBulkMs=5 settlementRequestedPairs=93 settlementUniquePairs=93 settlementRepositoryCalls=1 settlementRowsLoaded=0 settlementBulkMs=2 businessRuleRepositoryCalls=0 statusTransitionRequests=350 uniqueStatusTransitionKeys=4 statusHttpCalls=4 statusHttpTotalMs=8 evaluationMs=6 prevalidatedCount=93 businessValidCount=93 businessRejectedCount=0 fallbackCount=0 totalMs=24 result=SUCCESS
[30m2026-09-09T13:14:00,853[m [32mINFO  [m[[1;34mhttp-nio-8080-exec-64[m] [36mStatusUpdateBusinessRuleServiceImpl[m - PERF_RULES_BATCH_REDUCTION service=reglas podName=operaciones-reglas-back-app-5894db7bb6-qwpx5 batchId=6e95154e-24ca-4aed-af75-ad3fe516f7f4 legacyFractionationToRulesHttpCallsEstimated=93 fractionationToRulesBatchHttpCalls=1 legacyTradeReadsEstimated=93 tradeRepositoryReadsAfter=1 legacySettlementReadsEstimated=93 settlementRepositoryReadsAfter=1 logicalStatusTransitionRequests=350 uniqueStatusTransitionKeys=4 statusHttpCallsAfter=4 statusHttpReductionPercent=99
[30m2026-09-09T13:14:04,888[m [32mINFO  [m[[1;34mhttp-nio-8080-exec-63[m] [36mStatusUpdateBusinessRuleServiceImpl[m - PERF_RULES_BATCH service=reglas podName=operaciones-reglas-back-app-5894db7bb6-qwpx5 batchId=dd13449a-d1a7-4b1b-b327-29f6c1cff7d0 items=97 tradeRequested=97 tradeUnique=97 tradeRepositoryCalls=1 tradeRowsLoaded=97 tradeBulkMs=5 settlementRequestedPairs=97 settlementUniquePairs=97 settlementRepositoryCalls=1 settlementRowsLoaded=0 settlementBulkMs=2 businessRuleRepositoryCalls=0 statusTransitionRequests=349 uniqueStatusTransitionKeys=4 statusHttpCalls=4 statusHttpTotalMs=9 evaluationMs=4 prevalidatedCount=97 businessValidCount=97 businessRejectedCount=0 fallbackCount=0 totalMs=21 result=SUCCESS
[30m2026-09-09T13:14:04,888[m [32mINFO  [m[[1;34mhttp-nio-8080-exec-63[m] [36mStatusUpdateBusinessRuleServiceImpl[m - PERF_RULES_BATCH_REDUCTION service=reglas podName=operaciones-reglas-back-app-5894db7bb6-qwpx5 batchId=dd13449a-d1a7-4b1b-b327-29f6c1cff7d0 legacyFractionationToRulesHttpCallsEstimated=97 fractionationToRulesBatchHttpCalls=1 legacyTradeReadsEstimated=97 tradeRepositoryReadsAfter=1 legacySettlementReadsEstimated=97 settlementRepositoryReadsAfter=1 logicalStatusTransitionRequests=349 uniqueStatusTransitionKeys=4 statusHttpCallsAfter=4 statusHttpReductionPercent=99
[30m2026-09-09T13:14:09,234[m [32mINFO  [m[[1;34mhttp-nio-8080-exec-62[m] [36mStatusUpdateBusinessRuleServiceImpl[m - PERF_RULES_BATCH service=reglas podName=operaciones-reglas-back-app-5894db7bb6-qwpx5 batchId=7899238e-c18f-452e-bf4b-a421579c7f7d items=82 tradeRequested=82 tradeUnique=82 tradeRepositoryCalls=1 tradeRowsLoaded=82 tradeBulkMs=7 settlementRequestedPairs=82 settlementUniquePairs=82 settlementRepositoryCalls=1 settlementRowsLoaded=82 settlementBulkMs=4 businessRuleRepositoryCalls=0 statusTransitionRequests=328 uniqueStatusTransitionKeys=4 statusHttpCalls=4 statusHttpTotalMs=9 evaluationMs=9 prevalidatedCount=82 businessValidCount=82 businessRejectedCount=0 fallbackCount=0 totalMs=31 result=SUCCESS
[30m2026-09-09T13:14:09,234[m [32mINFO  [m[[1;34mhttp-nio-8080-exec-62[m] [36mStatusUpdateBusinessRuleServiceImpl[m - PERF_RULES_BATCH_REDUCTION service=reglas podName=operaciones-reglas-back-app-5894db7bb6-qwpx5 batchId=7899238e-c18f-452e-bf4b-a421579c7f7d legacyFractionationToRulesHttpCallsEstimated=82 fractionationToRulesBatchHttpCalls=1 legacyTradeReadsEstimated=82 tradeRepositoryReadsAfter=1 legacySettlementReadsEstimated=82 settlementRepositoryReadsAfter=1 logicalStatusTransitionRequests=328 uniqueStatusTransitionKeys=4 statusHttpCallsAfter=4 statusHttpReductionPercent=99
[30m2026-09-09T13:14:09,264[m [32mINFO  [m[[1;34mhttp-nio-8080-exec-65[m] [36mStatusUpdateBusinessRuleServiceImpl[m - PERF_RULES_BATCH service=reglas podName=operaciones-reglas-back-app-5894db7bb6-qwpx5 batchId=7899238e-c18f-452e-bf4b-a421579c7f7d items=74 tradeRequested=74 tradeUnique=74 tradeRepositoryCalls=1 tradeRowsLoaded=74 tradeBulkMs=5 settlementRequestedPairs=74 settlementUniquePairs=74 settlementRepositoryCalls=1 settlementRowsLoaded=73 settlementBulkMs=3 businessRuleRepositoryCalls=0 statusTransitionRequests=295 uniqueStatusTransitionKeys=4 statusHttpCalls=4 statusHttpTotalMs=12 evaluationMs=4 prevalidatedCount=74 businessValidCount=74 businessRejectedCount=0 fallbackCount=0 totalMs=27 result=SUCCESS
[30m2026-09-09T13:14:09,264[m [32mINFO  [m[[1;34mhttp-nio-8080-exec-65[m] [36mStatusUpdateBusinessRuleServiceImpl[m - PERF_RULES_BATCH_REDUCTION service=reglas podName=operaciones-reglas-back-app-5894db7bb6-qwpx5 batchId=7899238e-c18f-452e-bf4b-a421579c7f7d legacyFractionationToRulesHttpCallsEstimated=74 fractionationToRulesBatchHttpCalls=1 legacyTradeReadsEstimated=74 tradeRepositoryReadsAfter=1 legacySettlementReadsEstimated=74 settlementRepositoryReadsAfter=1 logicalStatusTransitionRequests=295 uniqueStatusTransitionKeys=4 statusHttpCallsAfter=4 statusHttpReductionPercent=99
[30m2026-09-09T13:14:09,290[m [32mINFO  [m[[1;34mhttp-nio-8080-exec-66[m] [36mStatusUpdateBusinessRuleServiceImpl[m - PERF_RULES_BATCH service=reglas podName=operaciones-reglas-back-app-5894db7bb6-qwpx5 batchId=7899238e-c18f-452e-bf4b-a421579c7f7d items=97 tradeRequested=97 tradeUnique=97 tradeRepositoryCalls=1 tradeRowsLoaded=97 tradeBulkMs=5 settlementRequestedPairs=97 settlementUniquePairs=97 settlementRepositoryCalls=1 settlementRowsLoaded=97 settlementBulkMs=3 businessRuleRepositoryCalls=0 statusTransitionRequests=388 uniqueStatusTransitionKeys=4 statusHttpCalls=4 statusHttpTotalMs=9 evaluationMs=4 prevalidatedCount=97 businessValidCount=97 businessRejectedCount=0 fallbackCount=0 totalMs=25 result=SUCCESS
[30m2026-09-09T13:14:09,290[m [32mINFO  [m[[1;34mhttp-nio-8080-exec-66[m] [36mStatusUpdateBusinessRuleServiceImpl[m - PERF_RULES_BATCH_REDUCTION service=reglas podName=operaciones-reglas-back-app-5894db7bb6-qwpx5 batchId=7899238e-c18f-452e-bf4b-a421579c7f7d legacyFractionationToRulesHttpCallsEstimated=97 fractionationToRulesBatchHttpCalls=1 legacyTradeReadsEstimated=97 tradeRepositoryReadsAfter=1 legacySettlementReadsEstimated=97 settlementRepositoryReadsAfter=1 logicalStatusTransitionRequests=388 uniqueStatusTransitionKeys=4 statusHttpCallsAfter=4 statusHttpReductionPercent=99
[30m2026-09-09T13:14:13,443[m [32mINFO  [m[[1;34mhttp-nio-8080-exec-67[m] [36mStatusUpdateBusinessRuleServiceImpl[m - PERF_RULES_BATCH service=reglas podName=operaciones-reglas-back-app-5894db7bb6-qwpx5 batchId=6ceb80d7-f449-4ab7-9bd4-33871a2059c4 items=86 tradeRequested=86 tradeUnique=86 tradeRepositoryCalls=1 tradeRowsLoaded=86 tradeBulkMs=5 settlementRequestedPairs=86 settlementUniquePairs=86 settlementRepositoryCalls=1 settlementRowsLoaded=0 settlementBulkMs=4 businessRuleRepositoryCalls=0 statusTransitionRequests=344 uniqueStatusTransitionKeys=4 statusHttpCalls=4 statusHttpTotalMs=7 evaluationMs=3 prevalidatedCount=86 businessValidCount=86 businessRejectedCount=0 fallbackCount=0 totalMs=21 result=SUCCESS
[30m2026-09-09T13:14:13,444[m [32mINFO  [m[[1;34mhttp-nio-8080-exec-67[m] [36mStatusUpdateBusinessRuleServiceImpl[m - PERF_RULES_BATCH_REDUCTION service=reglas podName=operaciones-reglas-back-app-5894db7bb6-qwpx5 batchId=6ceb80d7-f449-4ab7-9bd4-33871a2059c4 legacyFractionationToRulesHttpCallsEstimated=86 fractionationToRulesBatchHttpCalls=1 legacyTradeReadsEstimated=86 tradeRepositoryReadsAfter=1 legacySettlementReadsEstimated=86 settlementRepositoryReadsAfter=1 logicalStatusTransitionRequests=344 uniqueStatusTransitionKeys=4 statusHttpCallsAfter=4 statusHttpReductionPercent=99
[30m2026-09-09T13:14:13,485[m [32mINFO  [m[[1;34mhttp-nio-8080-exec-70[m] [36mStatusUpdateBusinessRuleServiceImpl[m - PERF_RULES_BATCH service=reglas podName=operaciones-reglas-back-app-5894db7bb6-qwpx5 batchId=6ceb80d7-f449-4ab7-9bd4-33871a2059c4 items=71 tradeRequested=71 tradeUnique=71 tradeRepositoryCalls=1 tradeRowsLoaded=71 tradeBulkMs=36 settlementRequestedPairs=71 settlementUniquePairs=71 settlementRepositoryCalls=1 settlementRowsLoaded=0 settlementBulkMs=10 businessRuleRepositoryCalls=0 statusTransitionRequests=284 uniqueStatusTransitionKeys=4 statusHttpCalls=4 statusHttpTotalMs=7 evaluationMs=3 prevalidatedCount=71 businessValidCount=71 businessRejectedCount=0 fallbackCount=0 totalMs=58 result=SUCCESS
[30m2026-09-09T13:14:13,485[m [32mINFO  [m[[1;34mhttp-nio-8080-exec-70[m] [36mStatusUpdateBusinessRuleServiceImpl[m - PERF_RULES_BATCH_REDUCTION service=reglas podName=operaciones-reglas-back-app-5894db7bb6-qwpx5 batchId=6ceb80d7-f449-4ab7-9bd4-33871a2059c4 legacyFractionationToRulesHttpCallsEstimated=71 fractionationToRulesBatchHttpCalls=1 legacyTradeReadsEstimated=71 tradeRepositoryReadsAfter=1 legacySettlementReadsEstimated=71 settlementRepositoryReadsAfter=1 logicalStatusTransitionRequests=284 uniqueStatusTransitionKeys=4 statusHttpCallsAfter=4 statusHttpReductionPercent=99
[30m2026-09-09T13:14:13,629[m [32mINFO  [m[[1;34mhttp-nio-8080-exec-68[m] [36mStatusUpdateBusinessRuleServiceImpl[m - PERF_RULES_BATCH service=reglas podName=operaciones-reglas-back-app-5894db7bb6-qwpx5 batchId=6ceb80d7-f449-4ab7-9bd4-33871a2059c4 items=93 tradeRequested=93 tradeUnique=93 tradeRepositoryCalls=1 tradeRowsLoaded=93 tradeBulkMs=67 settlementRequestedPairs=93 settlementUniquePairs=93 settlementRepositoryCalls=1 settlementRowsLoaded=0 settlementBulkMs=2 businessRuleRepositoryCalls=0 statusTransitionRequests=372 uniqueStatusTransitionKeys=4 statusHttpCalls=4 statusHttpTotalMs=10 evaluationMs=5 prevalidatedCount=93 businessValidCount=93 businessRejectedCount=0 fallbackCount=0 totalMs=87 result=SUCCESS
[30m2026-09-09T13:14:13,630[m [32mINFO  [m[[1;34mhttp-nio-8080-exec-68[m] [36mStatusUpdateBusinessRuleServiceImpl[m - PERF_RULES_BATCH_REDUCTION service=reglas podName=operaciones-reglas-back-app-5894db7bb6-qwpx5 batchId=6ceb80d7-f449-4ab7-9bd4-33871a2059c4 legacyFractionationToRulesHttpCallsEstimated=93 fractionationToRulesBatchHttpCalls=1 legacyTradeReadsEstimated=93 tradeRepositoryReadsAfter=1 legacySettlementReadsEstimated=93 settlementRepositoryReadsAfter=1 logicalStatusTransitionRequests=372 uniqueStatusTransitionKeys=4 statusHttpCallsAfter=4 statusHttpReductionPercent=99
[30m2026-09-09T13:14:18,029[m [32mINFO  [m[[1;34mhttp-nio-8080-exec-72[m] [36mStatusUpdateBusinessRuleServiceImpl[m - PERF_RULES_BATCH service=reglas podName=operaciones-reglas-back-app-5894db7bb6-qwpx5 batchId=e2a0fd52-57a7-4050-a165-d9f77801ed5c items=93 tradeRequested=93 tradeUnique=93 tradeRepositoryCalls=1 tradeRowsLoaded=93 tradeBulkMs=6 settlementRequestedPairs=93 settlementUniquePairs=93 settlementRepositoryCalls=1 settlementRowsLoaded=0 settlementBulkMs=2 businessRuleRepositoryCalls=0 statusTransitionRequests=372 uniqueStatusTransitionKeys=4 statusHttpCalls=4 statusHttpTotalMs=9 evaluationMs=7 prevalidatedCount=93 businessValidCount=93 businessRejectedCount=0 fallbackCount=0 totalMs=26 result=SUCCESS
[30m2026-09-09T13:14:18,029[m [32mINFO  [m[[1;34mhttp-nio-8080-exec-72[m] [36mStatusUpdateBusinessRuleServiceImpl[m - PERF_RULES_BATCH_REDUCTION service=reglas podName=operaciones-reglas-back-app-5894db7bb6-qwpx5 batchId=e2a0fd52-57a7-4050-a165-d9f77801ed5c legacyFractionationToRulesHttpCallsEstimated=93 fractionationToRulesBatchHttpCalls=1 legacyTradeReadsEstimated=93 tradeRepositoryReadsAfter=1 legacySettlementReadsEstimated=93 settlementRepositoryReadsAfter=1 logicalStatusTransitionRequests=372 uniqueStatusTransitionKeys=4 statusHttpCallsAfter=4 statusHttpReductionPercent=99
[30m2026-09-09T13:14:18,061[m [32mINFO  [m[[1;34mhttp-nio-8080-exec-69[m] [36mStatusUpdateBusinessRuleServiceImpl[m - PERF_RULES_BATCH service=reglas podName=operaciones-reglas-back-app-5894db7bb6-qwpx5 batchId=e2a0fd52-57a7-4050-a165-d9f77801ed5c items=82 tradeRequested=82 tradeUnique=82 tradeRepositoryCalls=1 tradeRowsLoaded=82 tradeBulkMs=6 settlementRequestedPairs=82 settlementUniquePairs=82 settlementRepositoryCalls=1 settlementRowsLoaded=0 settlementBulkMs=2 businessRuleRepositoryCalls=0 statusTransitionRequests=328 uniqueStatusTransitionKeys=4 statusHttpCalls=4 statusHttpTotalMs=30 evaluationMs=6 prevalidatedCount=82 businessValidCount=82 businessRejectedCount=0 fallbackCount=0 totalMs=50 result=SUCCESS
[30m2026-09-09T13:14:18,061[m [32mINFO  [m[[1;34mhttp-nio-8080-exec-69[m] [36mStatusUpdateBusinessRuleServiceImpl[m - PERF_RULES_BATCH_REDUCTION service=reglas podName=operaciones-reglas-back-app-5894db7bb6-qwpx5 batchId=e2a0fd52-57a7-4050-a165-d9f77801ed5c legacyFractionationToRulesHttpCallsEstimated=82 fractionationToRulesBatchHttpCalls=1 legacyTradeReadsEstimated=82 tradeRepositoryReadsAfter=1 legacySettlementReadsEstimated=82 settlementRepositoryReadsAfter=1 logicalStatusTransitionRequests=328 uniqueStatusTransitionKeys=4 statusHttpCallsAfter=4 statusHttpReductionPercent=99
[30m2026-09-09T13:14:18,065[m [32mINFO  [m[[1;34mhttp-nio-8080-exec-71[m] [36mStatusUpdateBusinessRuleServiceImpl[m - PERF_RULES_BATCH service=reglas podName=operaciones-reglas-back-app-5894db7bb6-qwpx5 batchId=e2a0fd52-57a7-4050-a165-d9f77801ed5c items=80 tradeRequested=80 tradeUnique=80 tradeRepositoryCalls=1 tradeRowsLoaded=80 tradeBulkMs=11 settlementRequestedPairs=80 settlementUniquePairs=80 settlementRepositoryCalls=1 settlementRowsLoaded=0 settlementBulkMs=2 businessRuleRepositoryCalls=0 statusTransitionRequests=320 uniqueStatusTransitionKeys=4 statusHttpCalls=4 statusHttpTotalMs=16 evaluationMs=4 prevalidatedCount=80 businessValidCount=80 businessRejectedCount=0 fallbackCount=0 totalMs=35 result=SUCCESS
[30m2026-09-09T13:14:18,065[m [32mINFO  [m[[1;34mhttp-nio-8080-exec-71[m] [36mStatusUpdateBusinessRuleServiceImpl[m - PERF_RULES_BATCH_REDUCTION service=reglas podName=operaciones-reglas-back-app-5894db7bb6-qwpx5 batchId=e2a0fd52-57a7-4050-a165-d9f77801ed5c legacyFractionationToRulesHttpCallsEstimated=80 fractionationToRulesBatchHttpCalls=1 legacyTradeReadsEstimated=80 tradeRepositoryReadsAfter=1 legacySettlementReadsEstimated=80 settlementRepositoryReadsAfter=1 logicalStatusTransitionRequests=320 uniqueStatusTransitionKeys=4 statusHttpCallsAfter=4 statusHttpReductionPercent=99
[30m2026-09-09T13:14:21,119[m [32mINFO  [m[[1;34mhttp-nio-8080-exec-74[m] [36mStatusUpdateBusinessRuleServiceImpl[m - PERF_RULES_BATCH service=reglas podName=operaciones-reglas-back-app-5894db7bb6-qwpx5 batchId=eabed333-9aea-45f5-84d7-f12839ecfe2c items=33 tradeRequested=33 tradeUnique=33 tradeRepositoryCalls=1 tradeRowsLoaded=33 tradeBulkMs=4 settlementRequestedPairs=33 settlementUniquePairs=33 settlementRepositoryCalls=1 settlementRowsLoaded=0 settlementBulkMs=6 businessRuleRepositoryCalls=0 statusTransitionRequests=132 uniqueStatusTransitionKeys=4 statusHttpCalls=4 statusHttpTotalMs=10 evaluationMs=2 prevalidatedCount=33 businessValidCount=33 businessRejectedCount=0 fallbackCount=0 totalMs=23 result=SUCCESS
[30m2026-09-09T13:14:21,119[m [32mINFO  [m[[1;34mhttp-nio-8080-exec-74[m] [36mStatusUpdateBusinessRuleServiceImpl[m - PERF_RULES_BATCH_REDUCTION service=reglas podName=operaciones-reglas-back-app-5894db7bb6-qwpx5 batchId=eabed333-9aea-45f5-84d7-f12839ecfe2c legacyFractionationToRulesHttpCallsEstimated=33 fractionationToRulesBatchHttpCalls=1 legacyTradeReadsEstimated=33 tradeRepositoryReadsAfter=1 legacySettlementReadsEstimated=33 settlementRepositoryReadsAfter=1 logicalStatusTransitionRequests=132 uniqueStatusTransitionKeys=4 statusHttpCallsAfter=4 statusHttpReductionPercent=97
[30m2026-09-09T13:14:21,161[m [32mINFO  [m[[1;34mhttp-nio-8080-exec-73[m] [36mStatusUpdateBusinessRuleServiceImpl[m - PERF_RULES_BATCH service=reglas podName=operaciones-reglas-back-app-5894db7bb6-qwpx5 batchId=eabed333-9aea-45f5-84d7-f12839ecfe2c items=33 tradeRequested=33 tradeUnique=33 tradeRepositoryCalls=1 tradeRowsLoaded=33 tradeBulkMs=5 settlementRequestedPairs=33 settlementUniquePairs=33 settlementRepositoryCalls=1 settlementRowsLoaded=0 settlementBulkMs=2 businessRuleRepositoryCalls=0 statusTransitionRequests=132 uniqueStatusTransitionKeys=4 statusHttpCalls=4 statusHttpTotalMs=11 evaluationMs=2 prevalidatedCount=33 businessValidCount=33 businessRejectedCount=0 fallbackCount=0 totalMs=21 result=SUCCESS
[30m2026-09-09T13:14:21,161[m [32mINFO  [m[[1;34mhttp-nio-8080-exec-73[m] [36mStatusUpdateBusinessRuleServiceImpl[m - PERF_RULES_BATCH_REDUCTION service=reglas podName=operaciones-reglas-back-app-5894db7bb6-qwpx5 batchId=eabed333-9aea-45f5-84d7-f12839ecfe2c legacyFractionationToRulesHttpCallsEstimated=33 fractionationToRulesBatchHttpCalls=1 legacyTradeReadsEstimated=33 tradeRepositoryReadsAfter=1 legacySettlementReadsEstimated=33 settlementRepositoryReadsAfter=1 logicalStatusTransitionRequests=132 uniqueStatusTransitionKeys=4 statusHttpCallsAfter=4 statusHttpReductionPercent=97
