[30m2026-09-09T12:11:12,773[m [32mINFO  [m[[1;34mhttp-nio-8080-exec-8[m] [36mStatusUpdateBusinessRuleServiceImpl[m - [rules] START validate-trade tradeId=1547124 sideId=2 code=RULE_ASSIGNMENT
[30m2026-09-09T12:11:12,781[m [32mINFO  [m[[1;34mhttp-nio-8080-exec-8[m] [36mStatusUpdateBusinessRuleServiceImpl[m - [rules] process-rule rule=RULE_SIDE ruleId=230 result=OK status-http=3ms total=3ms
[30m2026-09-09T12:11:12,784[m [32mINFO  [m[[1;34mhttp-nio-8080-exec-8[m] [36mStatusUpdateBusinessRuleServiceImpl[m - [rules] process-rule rule=RULE_FRACTION ruleId=232 result=OK status-http=2ms total=2ms
[30m2026-09-09T12:11:12,787[m [32mINFO  [m[[1;34mhttp-nio-8080-exec-8[m] [36mStatusUpdateBusinessRuleServiceImpl[m - [rules] process-rule rule=RULE_FRACTION_CUSTODIAN ruleId=239 result=OK status-http=3ms total=3ms
[30m2026-09-09T12:11:12,790[m [32mINFO  [m[[1;34mhttp-nio-8080-exec-8[m] [36mStatusUpdateBusinessRuleServiceImpl[m - [rules] END validate-trade tradeId=1547124 sideId=2 result=OK elapsed=16ms
[30m2026-09-09T12:11:12,790[m [32mINFO  [m[[1;34mhttp-nio-8080-exec-8[m] [36mStatusUpdateBusinessRuleServiceImpl[m - PERF_ASSIGNMENT service=reglas podName=operaciones-reglas-back-app-5894db7bb6-4scl6 operation=validateUpdateStatusTrade result=SUCCESS tradeId=1547124 side=2 totalMs=17 loadTradeMs=2 loadSettlementsAndInputMs=1 loadBusinessRulesMs=0 evaluationMs=0 tradeRepositoryCalls=1 settlementRepositoryCalls=1 businessRuleRepositoryCalls=0 statusHttpCalls=4 statusRestTotalMs=11
[30m2026-09-09T12:11:12,790[m [32mINFO  [m[[1;34mhttp-nio-8080-exec-8[m] [36mStatusUpdateBusinessRuleServiceImpl[m - PERF_RULES_STATUS_SUMMARY service=reglas podName=operaciones-reglas-back-app-5894db7bb6-4scl6 validationCount=1 statusHttpCalls=4 statusHttpTotalMs=11 uniqueStatusTransitionKeys=4 tradeRepositoryCalls=1 settlementRepositoryCalls=1 businessRuleRepositoryCalls=0
[30m2026-09-09T12:11:12,834[m [32mINFO  [m[[1;34mhttp-nio-8080-exec-7[m] [36mStatusUpdateBusinessRuleServiceImpl[m - [rules] START validate-trade tradeId=1547125 sideId=2 code=RULE_ASSIGNMENT
[30m2026-09-09T12:11:12,841[m [32mINFO  [m[[1;34mhttp-nio-8080-exec-7[m] [36mStatusUpdateBusinessRuleServiceImpl[m - [rules] process-rule rule=RULE_SIDE ruleId=230 result=OK status-http=2ms total=2ms
[30m2026-09-09T12:11:12,852[m [32mINFO  [m[[1;34mhttp-nio-8080-exec-7[m] [36mStatusUpdateBusinessRuleServiceImpl[m - [rules] process-rule rule=RULE_FRACTION ruleId=232 result=OK status-http=10ms total=10ms
[30m2026-09-09T12:11:12,858[m [32mINFO  [m[[1;34mhttp-nio-8080-exec-7[m] [36mStatusUpdateBusinessRuleServiceImpl[m - [rules] process-rule rule=RULE_FRACTION_CUSTODIAN ruleId=239 result=OK status-http=6ms total=6ms
[30m2026-09-09T12:11:12,860[m [32mINFO  [m[[1;34mhttp-nio-8080-exec-7[m] [36mStatusUpdateBusinessRuleServiceImpl[m - [rules] END validate-trade tradeId=1547125 sideId=2 result=OK elapsed=26ms
[30m2026-09-09T12:11:12,860[m [32mINFO  [m[[1;34mhttp-nio-8080-exec-7[m] [36mStatusUpdateBusinessRuleServiceImpl[m - PERF_ASSIGNMENT service=reglas podName=operaciones-reglas-back-app-5894db7bb6-4scl6 operation=validateUpdateStatusTrade result=SUCCESS tradeId=1547125 side=2 totalMs=26 loadTradeMs=2 loadSettlementsAndInputMs=1 loadBusinessRulesMs=0 evaluationMs=0 tradeRepositoryCalls=1 settlementRepositoryCalls=1 businessRuleRepositoryCalls=0 statusHttpCalls=4 statusRestTotalMs=21
[30m2026-09-09T12:11:12,861[m [32mINFO  [m[[1;34mhttp-nio-8080-exec-7[m] [36mStatusUpdateBusinessRuleServiceImpl[m - PERF_RULES_STATUS_SUMMARY service=reglas podName=operaciones-reglas-back-app-5894db7bb6-4scl6 validationCount=1 statusHttpCalls=4 statusHttpTotalMs=21 uniqueStatusTransitionKeys=4 tradeRepositoryCalls=1 settlementRepositoryCalls=1 businessRuleRepositoryCalls=0
[30m2026-09-09T12:11:12,910[m [32mINFO  [m[[1;34mhttp-nio-8080-exec-10[m] [36mStatusUpdateBusinessRuleServiceImpl[m - [rules] START validate-trade tradeId=1547126 sideId=2 code=RULE_ASSIGNMENT
[30m2026-09-09T12:11:12,917[m [32mINFO  [m[[1;34mhttp-nio-8080-exec-10[m] [36mStatusUpdateBusinessRuleServiceImpl[m - [rules] process-rule rule=RULE_SIDE ruleId=230 result=OK status-http=2ms total=2ms
[30m2026-09-09T12:11:12,920[m [32mINFO  [m[[1;34mhttp-nio-8080-exec-10[m] [36mStatusUpdateBusinessRuleServiceImpl[m - [rules] process-rule rule=RULE_FRACTION ruleId=232 result=OK status-http=2ms total=2ms
[30m2026-09-09T12:11:12,923[m [32mINFO  [m[[1;34mhttp-nio-8080-exec-10[m] [36mStatusUpdateBusinessRuleServiceImpl[m - [rules] process-rule rule=RULE_FRACTION_CUSTODIAN ruleId=239 result=OK status-http=2ms total=3ms
[30m2026-09-09T12:11:12,925[m [32mINFO  [m[[1;34mhttp-nio-8080-exec-10[m] [36mStatusUpdateBusinessRuleServiceImpl[m - [rules] END validate-trade tradeId=1547126 sideId=2 result=OK elapsed=15ms
[30m2026-09-09T12:11:12,926[m [32mINFO  [m[[1;34mhttp-nio-8080-exec-10[m] [36mStatusUpdateBusinessRuleServiceImpl[m - PERF_ASSIGNMENT service=reglas podName=operaciones-reglas-back-app-5894db7bb6-4scl6 operation=validateUpdateStatusTrade result=SUCCESS tradeId=1547126 side=2 totalMs=15 loadTradeMs=2 loadSettlementsAndInputMs=1 loadBusinessRulesMs=0 evaluationMs=0 tradeRepositoryCalls=1 settlementRepositoryCalls=1 businessRuleRepositoryCalls=0 statusHttpCalls=4 statusRestTotalMs=9
[30m2026-09-09T12:11:12,926[m [32mINFO  [m[[1;34mhttp-nio-8080-exec-10[m] [36mStatusUpdateBusinessRuleServiceImpl[m - PERF_RULES_STATUS_SUMMARY service=reglas podName=operaciones-reglas-back-app-5894db7bb6-4scl6 validationCount=1 statusHttpCalls=4 statusHttpTotalMs=9 uniqueStatusTransitionKeys=4 tradeRepositoryCalls=1 settlementRepositoryCalls=1 businessRuleRepositoryCalls=0
[30m2026-09-09T12:11:12,966[m [32mINFO  [m[[1;34mhttp-nio-8080-exec-9[m] [36mStatusUpdateBusinessRuleServiceImpl[m - [rules] START validate-trade tradeId=1547127 sideId=2 code=RULE_ASSIGNMENT
[30m2026-09-09T12:11:12,974[m [32mINFO  [m[[1;34mhttp-nio-8080-exec-9[m] [36mStatusUpdateBusinessRuleServiceImpl[m - [rules] process-rule rule=RULE_SIDE ruleId=230 result=OK status-http=2ms total=2ms
[30m2026-09-09T12:11:12,976[m [32mINFO  [m[[1;34mhttp-nio-8080-exec-9[m] [36mStatusUpdateBusinessRuleServiceImpl[m - [rules] process-rule rule=RULE_FRACTION ruleId=232 result=OK status-http=1ms total=2ms
[30m2026-09-09T12:11:12,978[m [32mINFO  [m[[1;34mhttp-nio-8080-exec-9[m] [36mStatusUpdateBusinessRuleServiceImpl[m - [rules] process-rule rule=RULE_FRACTION_CUSTODIAN ruleId=239 result=OK status-http=2ms total=2ms
[30m2026-09-09T12:11:12,981[m [32mINFO  [m[[1;34mhttp-nio-8080-exec-9[m] [36mStatusUpdateBusinessRuleServiceImpl[m - [rules] END validate-trade tradeId=1547127 sideId=2 result=OK elapsed=14ms
[30m2026-09-09T12:11:12,981[m [32mINFO  [m[[1;34mhttp-nio-8080-exec-9[m] [36mStatusUpdateBusinessRuleServiceImpl[m - PERF_ASSIGNMENT service=reglas podName=operaciones-reglas-back-app-5894db7bb6-4scl6 operation=validateUpdateStatusTrade result=SUCCESS tradeId=1547127 side=2 totalMs=14 loadTradeMs=2 loadSettlementsAndInputMs=1 loadBusinessRulesMs=0 evaluationMs=0 tradeRepositoryCalls=1 settlementRepositoryCalls=1 businessRuleRepositoryCalls=0 statusHttpCalls=4 statusRestTotalMs=8
[30m2026-09-09T12:11:12,981[m [32mINFO  [m[[1;34mhttp-nio-8080-exec-9[m] [36mStatusUpdateBusinessRuleServiceImpl[m - PERF_RULES_STATUS_SUMMARY service=reglas podName=operaciones-reglas-back-app-5894db7bb6-4scl6 validationCount=1 statusHttpCalls=4 statusHttpTotalMs=8 uniqueStatusTransitionKeys=4 tradeRepositoryCalls=1 settlementRepositoryCalls=1 businessRuleRepositoryCalls=0
[30m2026-09-09T12:11:13,028[m [32mINFO  [m[[1;34mhttp-nio-8080-exec-12[m] [36mStatusUpdateBusinessRuleServiceImpl[m - [rules] START validate-trade tradeId=1547128 sideId=2 code=RULE_ASSIGNMENT
[30m2026-09-09T12:11:13,035[m [32mINFO  [m[[1;34mhttp-nio-8080-exec-12[m] [36mStatusUpdateBusinessRuleServiceImpl[m - [rules] process-rule rule=RULE_SIDE ruleId=230 result=OK status-http=2ms total=3ms
[30m2026-09-09T12:11:13,043[m [32mINFO  [m[[1;34mhttp-nio-8080-exec-12[m] [36mStatusUpdateBusinessRuleServiceImpl[m - [rules] process-rule rule=RULE_FRACTION ruleId=232 result=OK status-http=7ms total=8ms
[30m2026-09-09T12:11:13,046[m [32mINFO  [m[[1;34mhttp-nio-8080-exec-12[m] [36mStatusUpdateBusinessRuleServiceImpl[m - [rules] process-rule rule=RULE_FRACTION_CUSTODIAN ruleId=239 result=OK status-http=2ms total=2ms
[30m2026-09-09T12:11:13,049[m [32mINFO  [m[[1;34mhttp-nio-8080-exec-12[m] [36mStatusUpdateBusinessRuleServiceImpl[m - [rules] END validate-trade tradeId=1547128 sideId=2 result=OK elapsed=20ms
[30m2026-09-09T12:11:13,049[m [32mINFO  [m[[1;34mhttp-nio-8080-exec-12[m] [36mStatusUpdateBusinessRuleServiceImpl[m - PERF_ASSIGNMENT service=reglas podName=operaciones-reglas-back-app-5894db7bb6-4scl6 operation=validateUpdateStatusTrade result=SUCCESS tradeId=1547128 side=2 totalMs=20 loadTradeMs=2 loadSettlementsAndInputMs=1 loadBusinessRulesMs=0 evaluationMs=0 tradeRepositoryCalls=1 settlementRepositoryCalls=1 businessRuleRepositoryCalls=0 statusHttpCalls=4 statusRestTotalMs=15
[30m2026-09-09T12:11:13,049[m [32mINFO  [m[[1;34mhttp-nio-8080-exec-12[m] [36mStatusUpdateBusinessRuleServiceImpl[m - PERF_RULES_STATUS_SUMMARY service=reglas podName=operaciones-reglas-back-app-5894db7bb6-4scl6 validationCount=1 statusHttpCalls=4 statusHttpTotalMs=15 uniqueStatusTransitionKeys=4 tradeRepositoryCalls=1 settlementRepositoryCalls=1 businessRuleRepositoryCalls=0
[30m2026-09-09T12:11:13,091[m [32mINFO  [m[[1;34mhttp-nio-8080-exec-11[m] [36mStatusUpdateBusinessRuleServiceImpl[m - [rules] START validate-trade tradeId=1547129 sideId=2 code=RULE_ASSIGNMENT
[30m2026-09-09T12:11:13,100[m [32mINFO  [m[[1;34mhttp-nio-8080-exec-11[m] [36mStatusUpdateBusinessRuleServiceImpl[m - [rules] process-rule rule=RULE_SIDE ruleId=230 result=OK status-http=3ms total=3ms
[30m2026-09-09T12:11:13,102[m [32mINFO  [m[[1;34mhttp-nio-8080-exec-11[m] [36mStatusUpdateBusinessRuleServiceImpl[m - [rules] process-rule rule=RULE_FRACTION ruleId=232 result=OK status-http=2ms total=2ms
[30m2026-09-09T12:11:13,108[m [32mINFO  [m[[1;34mhttp-nio-8080-exec-11[m] [36mStatusUpdateBusinessRuleServiceImpl[m - [rules] process-rule rule=RULE_FRACTION_CUSTODIAN ruleId=239 result=OK status-http=5ms total=6ms
[30m2026-09-09T12:11:13,111[m [32mINFO  [m[[1;34mhttp-nio-8080-exec-11[m] [36mStatusUpdateBusinessRuleServiceImpl[m - [rules] END validate-trade tradeId=1547129 sideId=2 result=OK elapsed=19ms
[30m2026-09-09T12:11:13,111[m [32mINFO  [m[[1;34mhttp-nio-8080-exec-11[m] [36mStatusUpdateBusinessRuleServiceImpl[m - PERF_ASSIGNMENT service=reglas podName=operaciones-reglas-back-app-5894db7bb6-4scl6 operation=validateUpdateStatusTrade result=SUCCESS tradeId=1547129 side=2 totalMs=19 loadTradeMs=2 loadSettlementsAndInputMs=1 loadBusinessRulesMs=0 evaluationMs=0 tradeRepositoryCalls=1 settlementRepositoryCalls=1 businessRuleRepositoryCalls=0 statusHttpCalls=4 statusRestTotalMs=14
[30m2026-09-09T12:11:13,111[m [32mINFO  [m[[1;34mhttp-nio-8080-exec-11[m] [36mStatusUpdateBusinessRuleServiceImpl[m - PERF_RULES_STATUS_SUMMARY service=reglas podName=operaciones-reglas-back-app-5894db7bb6-4scl6 validationCount=1 statusHttpCalls=4 statusHttpTotalMs=14 uniqueStatusTransitionKeys=4 tradeRepositoryCalls=1 settlementRepositoryCalls=1 businessRuleRepositoryCalls=0
[30m2026-09-09T12:11:13,165[m [32mINFO  [m[[1;34mhttp-nio-8080-exec-15[m] [36mStatusUpdateBusinessRuleServiceImpl[m - [rules] START validate-trade tradeId=1547130 sideId=2 code=RULE_ASSIGNMENT
[30m2026-09-09T12:11:13,173[m [32mINFO  [m[[1;34mhttp-nio-8080-exec-15[m] [36mStatusUpdateBusinessRuleServiceImpl[m - [rules] process-rule rule=RULE_SIDE ruleId=230 result=OK status-http=3ms total=3ms
[30m2026-09-09T12:11:13,176[m [32mINFO  [m[[1;34mhttp-nio-8080-exec-15[m] [36mStatusUpdateBusinessRuleServiceImpl[m - [rules] process-rule rule=RULE_FRACTION ruleId=232 result=OK status-http=2ms total=2ms
[30m2026-09-09T12:11:13,178[m [32mINFO  [m[[1;34mhttp-nio-8080-exec-15[m] [36mStatusUpdateBusinessRuleServiceImpl[m - [rules] process-rule rule=RULE_FRACTION_CUSTODIAN ruleId=239 result=OK status-http=2ms total=2ms
[30m2026-09-09T12:11:13,181[m [32mINFO  [m[[1;34mhttp-nio-8080-exec-15[m] [36mStatusUpdateBusinessRuleServiceImpl[m - [rules] END validate-trade tradeId=1547130 sideId=2 result=OK elapsed=15ms
[30m2026-09-09T12:11:13,181[m [32mINFO  [m[[1;34mhttp-nio-8080-exec-15[m] [36mStatusUpdateBusinessRuleServiceImpl[m - PERF_ASSIGNMENT service=reglas podName=operaciones-reglas-back-app-5894db7bb6-4scl6 operation=validateUpdateStatusTrade result=SUCCESS tradeId=1547130 side=2 totalMs=15 loadTradeMs=2 loadSettlementsAndInputMs=1 loadBusinessRulesMs=0 evaluationMs=0 tradeRepositoryCalls=1 settlementRepositoryCalls=1 businessRuleRepositoryCalls=0 statusHttpCalls=4 statusRestTotalMs=10
[30m2026-09-09T12:11:13,181[m [32mINFO  [m[[1;34mhttp-nio-8080-exec-15[m] [36mStatusUpdateBusinessRuleServiceImpl[m - PERF_RULES_STATUS_SUMMARY service=reglas podName=operaciones-reglas-back-app-5894db7bb6-4scl6 validationCount=1 statusHttpCalls=4 statusHttpTotalMs=10 uniqueStatusTransitionKeys=4 tradeRepositoryCalls=1 settlementRepositoryCalls=1 businessRuleRepositoryCalls=0
[30m2026-09-09T12:11:13,222[m [32mINFO  [m[[1;34mhttp-nio-8080-exec-13[m] [36mStatusUpdateBusinessRuleServiceImpl[m - [rules] START validate-trade tradeId=1547131 sideId=2 code=RULE_ASSIGNMENT
[30m2026-09-09T12:11:13,228[m [32mINFO  [m[[1;34mhttp-nio-8080-exec-13[m] [36mStatusUpdateBusinessRuleServiceImpl[m - [rules] process-rule rule=RULE_SIDE ruleId=230 result=OK status-http=2ms total=2ms
[30m2026-09-09T12:11:13,231[m [32mINFO  [m[[1;34mhttp-nio-8080-exec-13[m] [36mStatusUpdateBusinessRuleServiceImpl[m - [rules] process-rule rule=RULE_FRACTION ruleId=232 result=OK status-http=2ms total=2ms
[30m2026-09-09T12:11:13,233[m [32mINFO  [m[[1;34mhttp-nio-8080-exec-13[m] [36mStatusUpdateBusinessRuleServiceImpl[m - [rules] process-rule rule=RULE_FRACTION_CUSTODIAN ruleId=239 result=OK status-http=1ms total=1ms
[30m2026-09-09T12:11:13,235[m [32mINFO  [m[[1;34mhttp-nio-8080-exec-13[m] [36mStatusUpdateBusinessRuleServiceImpl[m - [rules] END validate-trade tradeId=1547131 sideId=2 result=OK elapsed=13ms
[30m2026-09-09T12:11:13,235[m [32mINFO  [m[[1;34mhttp-nio-8080-exec-13[m] [36mStatusUpdateBusinessRuleServiceImpl[m - PERF_ASSIGNMENT service=reglas podName=operaciones-reglas-back-app-5894db7bb6-4scl6 operation=validateUpdateStatusTrade result=SUCCESS tradeId=1547131 side=2 totalMs=13 loadTradeMs=2 loadSettlementsAndInputMs=1 loadBusinessRulesMs=0 evaluationMs=0 tradeRepositoryCalls=1 settlementRepositoryCalls=1 businessRuleRepositoryCalls=0 statusHttpCalls=4 statusRestTotalMs=8
[30m2026-09-09T12:11:13,235[m [32mINFO  [m[[1;34mhttp-nio-8080-exec-13[m] [36mStatusUpdateBusinessRuleServiceImpl[m - PERF_RULES_STATUS_SUMMARY service=reglas podName=operaciones-reglas-back-app-5894db7bb6-4scl6 validationCount=1 statusHttpCalls=4 statusHttpTotalMs=8 uniqueStatusTransitionKeys=4 tradeRepositoryCalls=1 settlementRepositoryCalls=1 businessRuleRepositoryCalls=0
[30m2026-09-09T12:11:13,281[m [32mINFO  [m[[1;34mhttp-nio-8080-exec-18[m] [36mStatusUpdateBusinessRuleServiceImpl[m - [rules] START validate-trade tradeId=1547132 sideId=2 code=RULE_ASSIGNMENT
[30m2026-09-09T12:11:13,289[m [32mINFO  [m[[1;34mhttp-nio-8080-exec-18[m] [36mStatusUpdateBusinessRuleServiceImpl[m - [rules] process-rule rule=RULE_SIDE ruleId=230 result=OK status-http=2ms total=3ms
[30m2026-09-09T12:11:13,292[m [32mINFO  [m[[1;34mhttp-nio-8080-exec-18[m] [36mStatusUpdateBusinessRuleServiceImpl[m - [rules] process-rule rule=RULE_FRACTION ruleId=232 result=OK status-http=2ms total=2ms
[30m2026-09-09T12:11:13,297[m [32mINFO  [m[[1;34mhttp-nio-8080-exec-18[m] [36mStatusUpdateBusinessRuleServiceImpl[m - [rules] process-rule rule=RULE_FRACTION_CUSTODIAN ruleId=239 result=OK status-http=4ms total=4ms
[30m2026-09-09T12:11:13,300[m [32mINFO  [m[[1;34mhttp-nio-8080-exec-18[m] [36mStatusUpdateBusinessRuleServiceImpl[m - [rules] END validate-trade tradeId=1547132 sideId=2 result=OK elapsed=18ms
[30m2026-09-09T12:11:13,300[m [32mINFO  [m[[1;34mhttp-nio-8080-exec-18[m] [36mStatusUpdateBusinessRuleServiceImpl[m - PERF_ASSIGNMENT service=reglas podName=operaciones-reglas-back-app-5894db7bb6-4scl6 operation=validateUpdateStatusTrade result=SUCCESS tradeId=1547132 side=2 totalMs=18 loadTradeMs=2 loadSettlementsAndInputMs=1 loadBusinessRulesMs=0 evaluationMs=0 tradeRepositoryCalls=1 settlementRepositoryCalls=1 businessRuleRepositoryCalls=0 statusHttpCalls=4 statusRestTotalMs=12
[30m2026-09-09T12:11:13,300[m [32mINFO  [m[[1;34mhttp-nio-8080-exec-18[m] [36mStatusUpdateBusinessRuleServiceImpl[m - PERF_RULES_STATUS_SUMMARY service=reglas podName=operaciones-reglas-back-app-5894db7bb6-4scl6 validationCount=1 statusHttpCalls=4 statusHttpTotalMs=12 uniqueStatusTransitionKeys=4 tradeRepositoryCalls=1 settlementRepositoryCalls=1 businessRuleRepositoryCalls=0
[30m2026-09-09T12:11:13,345[m [32mINFO  [m[[1;34mhttp-nio-8080-exec-14[m] [36mStatusUpdateBusinessRuleServiceImpl[m - [rules] START validate-trade tradeId=1547133 sideId=2 code=RULE_ASSIGNMENT
[30m2026-09-09T12:11:13,352[m [32mINFO  [m[[1;34mhttp-nio-8080-exec-14[m] [36mStatusUpdateBusinessRuleServiceImpl[m - [rules] process-rule rule=RULE_SIDE ruleId=230 result=OK status-http=2ms total=2ms
[30m2026-09-09T12:11:13,354[m [32mINFO  [m[[1;34mhttp-nio-8080-exec-14[m] [36mStatusUpdateBusinessRuleServiceImpl[m - [rules] process-rule rule=RULE_FRACTION ruleId=232 result=OK status-http=1ms total=2ms
[30m2026-09-09T12:11:13,357[m [32mINFO  [m[[1;34mhttp-nio-8080-exec-14[m] [36mStatusUpdateBusinessRuleServiceImpl[m - [rules] process-rule rule=RULE_FRACTION_CUSTODIAN ruleId=239 result=OK status-http=2ms total=2ms
[30m2026-09-09T12:11:13,359[m [32mINFO  [m[[1;34mhttp-nio-8080-exec-14[m] [36mStatusUpdateBusinessRuleServiceImpl[m - [rules] END validate-trade tradeId=1547133 sideId=2 result=OK elapsed=14ms
[30m2026-09-09T12:11:13,359[m [32mINFO  [m[[1;34mhttp-nio-8080-exec-14[m] [36mStatusUpdateBusinessRuleServiceImpl[m - PERF_ASSIGNMENT service=reglas podName=operaciones-reglas-back-app-5894db7bb6-4scl6 operation=validateUpdateStatusTrade result=SUCCESS tradeId=1547133 side=2 totalMs=14 loadTradeMs=3 loadSettlementsAndInputMs=1 loadBusinessRulesMs=0 evaluationMs=0 tradeRepositoryCalls=1 settlementRepositoryCalls=1 businessRuleRepositoryCalls=0 statusHttpCalls=4 statusRestTotalMs=8
[30m2026-09-09T12:11:13,359[m [32mINFO  [m[[1;34mhttp-nio-8080-exec-14[m] [36mStatusUpdateBusinessRuleServiceImpl[m - PERF_RULES_STATUS_SUMMARY service=reglas podName=operaciones-reglas-back-app-5894db7bb6-4scl6 validationCount=1 statusHttpCalls=4 statusHttpTotalMs=8 uniqueStatusTransitionKeys=4 tradeRepositoryCalls=1 settlementRepositoryCalls=1 businessRuleRepositoryCalls=0
[30m2026-09-09T12:11:13,401[m [32mINFO  [m[[1;34mhttp-nio-8080-exec-16[m] [36mStatusUpdateBusinessRuleServiceImpl[m - [rules] START validate-trade tradeId=1547134 sideId=2 code=RULE_ASSIGNMENT
[30m2026-09-09T12:11:13,421[m [32mINFO  [m[[1;34mhttp-nio-8080-exec-16[m] [36mStatusUpdateBusinessRuleServiceImpl[m - [rules] process-rule rule=RULE_SIDE ruleId=230 result=OK status-http=2ms total=2ms
[30m2026-09-09T12:11:13,423[m [32mINFO  [m[[1;34mhttp-nio-8080-exec-16[m] [36mStatusUpdateBusinessRuleServiceImpl[m - [rules] process-rule rule=RULE_FRACTION ruleId=232 result=OK status-http=2ms total=2ms
[30m2026-09-09T12:11:13,426[m [32mINFO  [m[[1;34mhttp-nio-8080-exec-16[m] [36mStatusUpdateBusinessRuleServiceImpl[m - [rules] process-rule rule=RULE_FRACTION_CUSTODIAN ruleId=239 result=OK status-http=2ms total=2ms
[30m2026-09-09T12:11:13,428[m [32mINFO  [m[[1;34mhttp-nio-8080-exec-16[m] [36mStatusUpdateBusinessRuleServiceImpl[m - [rules] END validate-trade tradeId=1547134 sideId=2 result=OK elapsed=27ms
[30m2026-09-09T12:11:13,428[m [32mINFO  [m[[1;34mhttp-nio-8080-exec-16[m] [36mStatusUpdateBusinessRuleServiceImpl[m - PERF_ASSIGNMENT service=reglas podName=operaciones-reglas-back-app-5894db7bb6-4scl6 operation=validateUpdateStatusTrade result=SUCCESS tradeId=1547134 side=2 totalMs=27 loadTradeMs=15 loadSettlementsAndInputMs=1 loadBusinessRulesMs=0 evaluationMs=0 tradeRepositoryCalls=1 settlementRepositoryCalls=1 businessRuleRepositoryCalls=0 statusHttpCalls=4 statusRestTotalMs=8
[30m2026-09-09T12:11:13,429[m [32mINFO  [m[[1;34mhttp-nio-8080-exec-16[m] [36mStatusUpdateBusinessRuleServiceImpl[m - PERF_RULES_STATUS_SUMMARY service=reglas podName=operaciones-reglas-back-app-5894db7bb6-4scl6 validationCount=1 statusHttpCalls=4 statusHttpTotalMs=8 uniqueStatusTransitionKeys=4 tradeRepositoryCalls=1 settlementRepositoryCalls=1 businessRuleRepositoryCalls=0
[30m2026-09-09T12:11:13,471[m [32mINFO  [m[[1;34mhttp-nio-8080-exec-19[m] [36mStatusUpdateBusinessRuleServiceImpl[m - [rules] START validate-trade tradeId=1547135 sideId=2 code=RULE_ASSIGNMENT
[30m2026-09-09T12:11:13,478[m [32mINFO  [m[[1;34mhttp-nio-8080-exec-19[m] [36mStatusUpdateBusinessRuleServiceImpl[m - [rules] process-rule rule=RULE_SIDE ruleId=230 result=OK status-http=2ms total=2ms
[30m2026-09-09T12:11:13,482[m [32mINFO  [m[[1;34mhttp-nio-8080-exec-19[m] [36mStatusUpdateBusinessRuleServiceImpl[m - [rules] process-rule rule=RULE_FRACTION ruleId=232 result=OK status-http=3ms total=3ms
[30m2026-09-09T12:11:13,486[m [32mINFO  [m[[1;34mhttp-nio-8080-exec-19[m] [36mStatusUpdateBusinessRuleServiceImpl[m - [rules] process-rule rule=RULE_FRACTION_CUSTODIAN ruleId=239 result=OK status-http=3ms total=3ms
[30m2026-09-09T12:11:13,488[m [32mINFO  [m[[1;34mhttp-nio-8080-exec-19[m] [36mStatusUpdateBusinessRuleServiceImpl[m - [rules] END validate-trade tradeId=1547135 sideId=2 result=OK elapsed=17ms
[30m2026-09-09T12:11:13,488[m [32mINFO  [m[[1;34mhttp-nio-8080-exec-19[m] [36mStatusUpdateBusinessRuleServiceImpl[m - PERF_ASSIGNMENT service=reglas podName=operaciones-reglas-back-app-5894db7bb6-4scl6 operation=validateUpdateStatusTrade result=SUCCESS tradeId=1547135 side=2 totalMs=17 loadTradeMs=2 loadSettlementsAndInputMs=1 loadBusinessRulesMs=0 evaluationMs=0 tradeRepositoryCalls=1 settlementRepositoryCalls=1 businessRuleRepositoryCalls=0 statusHttpCalls=4 statusRestTotalMs=11
[30m2026-09-09T12:11:13,488[m [32mINFO  [m[[1;34mhttp-nio-8080-exec-19[m] [36mStatusUpdateBusinessRuleServiceImpl[m - PERF_RULES_STATUS_SUMMARY service=reglas podName=operaciones-reglas-back-app-5894db7bb6-4scl6 validationCount=1 statusHttpCalls=4 statusHttpTotalMs=11 uniqueStatusTransitionKeys=4 tradeRepositoryCalls=1 settlementRepositoryCalls=1 businessRuleRepositoryCalls=0
[30m2026-09-09T12:11:13,528[m [32mINFO  [m[[1;34mhttp-nio-8080-exec-17[m] [36mStatusUpdateBusinessRuleServiceImpl[m - [rules] START validate-trade tradeId=1547136 sideId=2 code=RULE_ASSIGNMENT
[30m2026-09-09T12:11:13,534[m [32mINFO  [m[[1;34mhttp-nio-8080-exec-17[m] [36mStatusUpdateBusinessRuleServiceImpl[m - [rules] process-rule rule=RULE_SIDE ruleId=230 result=OK status-http=2ms total=2ms
[30m2026-09-09T12:11:13,537[m [32mINFO  [m[[1;34mhttp-nio-8080-exec-17[m] [36mStatusUpdateBusinessRuleServiceImpl[m - [rules] process-rule rule=RULE_FRACTION ruleId=232 result=OK status-http=2ms total=2ms
[30m2026-09-09T12:11:13,539[m [32mINFO  [m[[1;34mhttp-nio-8080-exec-17[m] [36mStatusUpdateBusinessRuleServiceImpl[m - [rules] process-rule rule=RULE_FRACTION_CUSTODIAN ruleId=239 result=OK status-http=1ms total=1ms
[30m2026-09-09T12:11:13,541[m [32mINFO  [m[[1;34mhttp-nio-8080-exec-17[m] [36mStatusUpdateBusinessRuleServiceImpl[m - [rules] END validate-trade tradeId=1547136 sideId=2 result=OK elapsed=13ms
[30m2026-09-09T12:11:13,541[m [32mINFO  [m[[1;34mhttp-nio-8080-exec-17[m] [36mStatusUpdateBusinessRuleServiceImpl[m - PERF_ASSIGNMENT service=reglas podName=operaciones-reglas-back-app-5894db7bb6-4scl6 operation=validateUpdateStatusTrade result=SUCCESS tradeId=1547136 side=2 totalMs=13 loadTradeMs=2 loadSettlementsAndInputMs=1 loadBusinessRulesMs=0 evaluationMs=0 tradeRepositoryCalls=1 settlementRepositoryCalls=1 businessRuleRepositoryCalls=0 statusHttpCalls=4 statusRestTotalMs=8
[30m2026-09-09T12:11:13,541[m [32mINFO  [m[[1;34mhttp-nio-8080-exec-17[m] [36mStatusUpdateBusinessRuleServiceImpl[m - PERF_RULES_STATUS_SUMMARY service=reglas podName=operaciones-reglas-back-app-5894db7bb6-4scl6 validationCount=1 statusHttpCalls=4 statusHttpTotalMs=8 uniqueStatusTransitionKeys=4 tradeRepositoryCalls=1 settlementRepositoryCalls=1 businessRuleRepositoryCalls=0
[30m2026-09-09T12:11:13,584[m [32mINFO  [m[[1;34mhttp-nio-8080-exec-21[m] [36mStatusUpdateBusinessRuleServiceImpl[m - [rules] START validate-trade tradeId=1547137 sideId=2 code=RULE_ASSIGNMENT
[30m2026-09-09T12:11:13,591[m [32mINFO  [m[[1;34mhttp-nio-8080-exec-21[m] [36mStatusUpdateBusinessRuleServiceImpl[m - [rules] process-rule rule=RULE_SIDE ruleId=230 result=OK status-http=2ms total=2ms
[30m2026-09-09T12:11:13,594[m [32mINFO  [m[[1;34mhttp-nio-8080-exec-21[m] [36mStatusUpdateBusinessRuleServiceImpl[m - [rules] process-rule rule=RULE_FRACTION ruleId=232 result=OK status-http=2ms total=2ms
[30m2026-09-09T12:11:13,596[m [32mINFO  [m[[1;34mhttp-nio-8080-exec-21[m] [36mStatusUpdateBusinessRuleServiceImpl[m - [rules] process-rule rule=RULE_FRACTION_CUSTODIAN ruleId=239 result=OK status-http=1ms total=1ms
[30m2026-09-09T12:11:13,616[m [32mINFO  [m[[1;34mhttp-nio-8080-exec-21[m] [36mStatusUpdateBusinessRuleServiceImpl[m - [rules] END validate-trade tradeId=1547137 sideId=2 result=OK elapsed=32ms
[30m2026-09-09T12:11:13,616[m [32mINFO  [m[[1;34mhttp-nio-8080-exec-21[m] [36mStatusUpdateBusinessRuleServiceImpl[m - PERF_ASSIGNMENT service=reglas podName=operaciones-reglas-back-app-5894db7bb6-4scl6 operation=validateUpdateStatusTrade result=SUCCESS tradeId=1547137 side=2 totalMs=32 loadTradeMs=2 loadSettlementsAndInputMs=1 loadBusinessRulesMs=0 evaluationMs=0 tradeRepositoryCalls=1 settlementRepositoryCalls=1 businessRuleRepositoryCalls=0 statusHttpCalls=4 statusRestTotalMs=27
[30m2026-09-09T12:11:13,617[m [32mINFO  [m[[1;34mhttp-nio-8080-exec-21[m] [36mStatusUpdateBusinessRuleServiceImpl[m - PERF_RULES_STATUS_SUMMARY service=reglas podName=operaciones-reglas-back-app-5894db7bb6-4scl6 validationCount=1 statusHttpCalls=4 statusHttpTotalMs=27 uniqueStatusTransitionKeys=4 tradeRepositoryCalls=1 settlementRepositoryCalls=1 businessRuleRepositoryCalls=0
[30m2026-09-09T12:11:13,657[m [32mINFO  [m[[1;34mhttp-nio-8080-exec-20[m] [36mStatusUpdateBusinessRuleServiceImpl[m - [rules] START validate-trade tradeId=1547138 sideId=2 code=RULE_ASSIGNMENT
[30m2026-09-09T12:11:13,665[m [32mINFO  [m[[1;34mhttp-nio-8080-exec-20[m] [36mStatusUpdateBusinessRuleServiceImpl[m - [rules] process-rule rule=RULE_SIDE ruleId=230 result=OK status-http=2ms total=3ms
[30m2026-09-09T12:11:13,668[m [32mINFO  [m[[1;34mhttp-nio-8080-exec-20[m] [36mStatusUpdateBusinessRuleServiceImpl[m - [rules] process-rule rule=RULE_FRACTION ruleId=232 result=OK status-http=2ms total=2ms
[30m2026-09-09T12:11:13,670[m [32mINFO  [m[[1;34mhttp-nio-8080-exec-20[m] [36mStatusUpdateBusinessRuleServiceImpl[m - [rules] process-rule rule=RULE_FRACTION_CUSTODIAN ruleId=239 result=OK status-http=2ms total=2ms
[30m2026-09-09T12:11:13,672[m [32mINFO  [m[[1;34mhttp-nio-8080-exec-20[m] [36mStatusUpdateBusinessRuleServiceImpl[m - [rules] END validate-trade tradeId=1547138 sideId=2 result=OK elapsed=14ms
[30m2026-09-09T12:11:13,673[m [32mINFO  [m[[1;34mhttp-nio-8080-exec-20[m] [36mStatusUpdateBusinessRuleServiceImpl[m - PERF_ASSIGNMENT service=reglas podName=operaciones-reglas-back-app-5894db7bb6-4scl6 operation=validateUpdateStatusTrade result=SUCCESS tradeId=1547138 side=2 totalMs=15 loadTradeMs=2 loadSettlementsAndInputMs=1 loadBusinessRulesMs=0 evaluationMs=0 tradeRepositoryCalls=1 settlementRepositoryCalls=1 businessRuleRepositoryCalls=0 statusHttpCalls=4 statusRestTotalMs=9
[30m2026-09-09T12:11:13,673[m [32mINFO  [m[[1;34mhttp-nio-8080-exec-20[m] [36mStatusUpdateBusinessRuleServiceImpl[m - PERF_RULES_STATUS_SUMMARY service=reglas podName=operaciones-reglas-back-app-5894db7bb6-4scl6 validationCount=1 statusHttpCalls=4 statusHttpTotalMs=9 uniqueStatusTransitionKeys=4 tradeRepositoryCalls=1 settlementRepositoryCalls=1 businessRuleRepositoryCalls=0
[30m2026-09-09T12:11:13,715[m [32mINFO  [m[[1;34mhttp-nio-8080-exec-22[m] [36mStatusUpdateBusinessRuleServiceImpl[m - [rules] START validate-trade tradeId=1547139 sideId=2 code=RULE_ASSIGNMENT
[30m2026-09-09T12:11:13,721[m [32mINFO  [m[[1;34mhttp-nio-8080-exec-22[m] [36mStatusUpdateBusinessRuleServiceImpl[m - [rules] process-rule rule=RULE_SIDE ruleId=230 result=OK status-http=1ms total=2ms
[30m2026-09-09T12:11:13,723[m [32mINFO  [m[[1;34mhttp-nio-8080-exec-22[m] [36mStatusUpdateBusinessRuleServiceImpl[m - [rules] process-rule rule=RULE_FRACTION ruleId=232 result=OK status-http=1ms total=1ms
[30m2026-09-09T12:11:13,725[m [32mINFO  [m[[1;34mhttp-nio-8080-exec-22[m] [36mStatusUpdateBusinessRuleServiceImpl[m - [rules] process-rule rule=RULE_FRACTION_CUSTODIAN ruleId=239 result=OK status-http=1ms total=1ms
[30m2026-09-09T12:11:13,728[m [32mINFO  [m[[1;34mhttp-nio-8080-exec-22[m] [36mStatusUpdateBusinessRuleServiceImpl[m - [rules] END validate-trade tradeId=1547139 sideId=2 result=OK elapsed=13ms
[30m2026-09-09T12:11:13,728[m [32mINFO  [m[[1;34mhttp-nio-8080-exec-22[m] [36mStatusUpdateBusinessRuleServiceImpl[m - PERF_ASSIGNMENT service=reglas podName=operaciones-reglas-back-app-5894db7bb6-4scl6 operation=validateUpdateStatusTrade result=SUCCESS tradeId=1547139 side=2 totalMs=13 loadTradeMs=2 loadSettlementsAndInputMs=1 loadBusinessRulesMs=0 evaluationMs=0 tradeRepositoryCalls=1 settlementRepositoryCalls=1 businessRuleRepositoryCalls=0 statusHttpCalls=4 statusRestTotalMs=7
[30m2026-09-09T12:11:13,728[m [32mINFO  [m[[1;34mhttp-nio-8080-exec-22[m] [36mStatusUpdateBusinessRuleServiceImpl[m - PERF_RULES_STATUS_SUMMARY service=reglas podName=operaciones-reglas-back-app-5894db7bb6-4scl6 validationCount=1 statusHttpCalls=4 statusHttpTotalMs=7 uniqueStatusTransitionKeys=4 tradeRepositoryCalls=1 settlementRepositoryCalls=1 businessRuleRepositoryCalls=0
[30m2026-09-09T12:11:13,773[m [32mINFO  [m[[1;34mhttp-nio-8080-exec-23[m] [36mStatusUpdateBusinessRuleServiceImpl[m - [rules] START validate-trade tradeId=1547140 sideId=2 code=RULE_ASSIGNMENT
[30m2026-09-09T12:11:13,782[m [32mINFO  [m[[1;34mhttp-nio-8080-exec-23[m] [36mStatusUpdateBusinessRuleServiceImpl[m - [rules] process-rule rule=RULE_SIDE ruleId=230 result=OK status-http=4ms total=4ms
[30m2026-09-09T12:11:13,785[m [32mINFO  [m[[1;34mhttp-nio-8080-exec-23[m] [36mStatusUpdateBusinessRuleServiceImpl[m - [rules] process-rule rule=RULE_FRACTION ruleId=232 result=OK status-http=2ms total=2ms
[30m2026-09-09T12:11:13,788[m [32mINFO  [m[[1;34mhttp-nio-8080-exec-23[m] [36mStatusUpdateBusinessRuleServiceImpl[m - [rules] process-rule rule=RULE_FRACTION_CUSTODIAN ruleId=239 result=OK status-http=2ms total=2ms
[30m2026-09-09T12:11:13,790[m [32mINFO  [m[[1;34mhttp-nio-8080-exec-23[m] [36mStatusUpdateBusinessRuleServiceImpl[m - [rules] END validate-trade tradeId=1547140 sideId=2 result=OK elapsed=16ms
[30m2026-09-09T12:11:13,790[m [32mINFO  [m[[1;34mhttp-nio-8080-exec-23[m] [36mStatusUpdateBusinessRuleServiceImpl[m - PERF_ASSIGNMENT service=reglas podName=operaciones-reglas-back-app-5894db7bb6-4scl6 operation=validateUpdateStatusTrade result=SUCCESS tradeId=1547140 side=2 totalMs=17 loadTradeMs=3 loadSettlementsAndInputMs=1 loadBusinessRulesMs=0 evaluationMs=0 tradeRepositoryCalls=1 settlementRepositoryCalls=1 businessRuleRepositoryCalls=0 statusHttpCalls=4 statusRestTotalMs=11
[30m2026-09-09T12:11:13,791[m [32mINFO  [m[[1;34mhttp-nio-8080-exec-23[m] [36mStatusUpdateBusinessRuleServiceImpl[m - PERF_RULES_STATUS_SUMMARY service=reglas podName=operaciones-reglas-back-app-5894db7bb6-4scl6 validationCount=1 statusHttpCalls=4 statusHttpTotalMs=11 uniqueStatusTransitionKeys=4 tradeRepositoryCalls=1 settlementRepositoryCalls=1 businessRuleRepositoryCalls=0
[30m2026-09-09T12:11:13,838[m [32mINFO  [m[[1;34mhttp-nio-8080-exec-25[m] [36mStatusUpdateBusinessRuleServiceImpl[m - [rules] START validate-trade tradeId=1547141 sideId=2 code=RULE_ASSIGNMENT
[30m2026-09-09T12:11:13,846[m [32mINFO  [m[[1;34mhttp-nio-8080-exec-25[m] [36mStatusUpdateBusinessRuleServiceImpl[m - [rules] process-rule rule=RULE_SIDE ruleId=230 result=OK status-http=2ms total=2ms
[30m2026-09-09T12:11:13,848[m [32mINFO  [m[[1;34mhttp-nio-8080-exec-25[m] [36mStatusUpdateBusinessRuleServiceImpl[m - [rules] process-rule rule=RULE_FRACTION ruleId=232 result=OK status-http=2ms total=2ms
[30m2026-09-09T12:11:13,851[m [32mINFO  [m[[1;34mhttp-nio-8080-exec-25[m] [36mStatusUpdateBusinessRuleServiceImpl[m - [rules] process-rule rule=RULE_FRACTION_CUSTODIAN ruleId=239 result=OK status-http=2ms total=2ms
[30m2026-09-09T12:11:13,854[m [32mINFO  [m[[1;34mhttp-nio-8080-exec-25[m] [36mStatusUpdateBusinessRuleServiceImpl[m - [rules] END validate-trade tradeId=1547141 sideId=2 result=OK elapsed=15ms
[30m2026-09-09T12:11:13,854[m [32mINFO  [m[[1;34mhttp-nio-8080-exec-25[m] [36mStatusUpdateBusinessRuleServiceImpl[m - PERF_ASSIGNMENT service=reglas podName=operaciones-reglas-back-app-5894db7bb6-4scl6 operation=validateUpdateStatusTrade result=SUCCESS tradeId=1547141 side=2 totalMs=15 loadTradeMs=2 loadSettlementsAndInputMs=1 loadBusinessRulesMs=0 evaluationMs=0 tradeRepositoryCalls=1 settlementRepositoryCalls=1 businessRuleRepositoryCalls=0 statusHttpCalls=4 statusRestTotalMs=9
[30m2026-09-09T12:11:13,854[m [32mINFO  [m[[1;34mhttp-nio-8080-exec-25[m] [36mStatusUpdateBusinessRuleServiceImpl[m - PERF_RULES_STATUS_SUMMARY service=reglas podName=operaciones-reglas-back-app-5894db7bb6-4scl6 validationCount=1 statusHttpCalls=4 statusHttpTotalMs=9 uniqueStatusTransitionKeys=4 tradeRepositoryCalls=1 settlementRepositoryCalls=1 businessRuleRepositoryCalls=0
[30m2026-09-09T12:11:13,902[m [32mINFO  [m[[1;34mhttp-nio-8080-exec-24[m] [36mStatusUpdateBusinessRuleServiceImpl[m - [rules] START validate-trade tradeId=1547142 sideId=2 code=RULE_ASSIGNMENT
[30m2026-09-09T12:11:13,909[m [32mINFO  [m[[1;34mhttp-nio-8080-exec-24[m] [36mStatusUpdateBusinessRuleServiceImpl[m - [rules] process-rule rule=RULE_SIDE ruleId=230 result=OK status-http=2ms total=2ms
[30m2026-09-09T12:11:13,911[m [32mINFO  [m[[1;34mhttp-nio-8080-exec-24[m] [36mStatusUpdateBusinessRuleServiceImpl[m - [rules] process-rule rule=RULE_FRACTION ruleId=232 result=OK status-http=2ms total=2ms
[30m2026-09-09T12:11:13,914[m [32mINFO  [m[[1;34mhttp-nio-8080-exec-24[m] [36mStatusUpdateBusinessRuleServiceImpl[m - [rules] process-rule rule=RULE_FRACTION_CUSTODIAN ruleId=239 result=OK status-http=2ms total=2ms
[30m2026-09-09T12:11:13,917[m [32mINFO  [m[[1;34mhttp-nio-8080-exec-24[m] [36mStatusUpdateBusinessRuleServiceImpl[m - [rules] END validate-trade tradeId=1547142 sideId=2 result=OK elapsed=15ms
[30m2026-09-09T12:11:13,918[m [32mINFO  [m[[1;34mhttp-nio-8080-exec-24[m] [36mStatusUpdateBusinessRuleServiceImpl[m - PERF_ASSIGNMENT service=reglas podName=operaciones-reglas-back-app-5894db7bb6-4scl6 operation=validateUpdateStatusTrade result=SUCCESS tradeId=1547142 side=2 totalMs=16 loadTradeMs=3 loadSettlementsAndInputMs=1 loadBusinessRulesMs=0 evaluationMs=0 tradeRepositoryCalls=1 settlementRepositoryCalls=1 businessRuleRepositoryCalls=0 statusHttpCalls=4 statusRestTotalMs=10
[30m2026-09-09T12:11:13,918[m [32mINFO  [m[[1;34mhttp-nio-8080-exec-24[m] [36mStatusUpdateBusinessRuleServiceImpl[m - PERF_RULES_STATUS_SUMMARY service=reglas podName=operaciones-reglas-back-app-5894db7bb6-4scl6 validationCount=1 statusHttpCalls=4 statusHttpTotalMs=10 uniqueStatusTransitionKeys=4 tradeRepositoryCalls=1 settlementRepositoryCalls=1 businessRuleRepositoryCalls=0
[30m2026-09-09T12:11:13,961[m [32mINFO  [m[[1;34mhttp-nio-8080-exec-26[m] [36mStatusUpdateBusinessRuleServiceImpl[m - [rules] START validate-trade tradeId=1547143 sideId=2 code=RULE_ASSIGNMENT
[30m2026-09-09T12:11:13,968[m [32mINFO  [m[[1;34mhttp-nio-8080-exec-26[m] [36mStatusUpdateBusinessRuleServiceImpl[m - [rules] process-rule rule=RULE_SIDE ruleId=230 result=OK status-http=2ms total=2ms
[30m2026-09-09T12:11:13,970[m [32mINFO  [m[[1;34mhttp-nio-8080-exec-26[m] [36mStatusUpdateBusinessRuleServiceImpl[m - [rules] process-rule rule=RULE_FRACTION ruleId=232 result=OK status-http=2ms total=2ms
[30m2026-09-09T12:11:13,973[m [32mINFO  [m[[1;34mhttp-nio-8080-exec-26[m] [36mStatusUpdateBusinessRuleServiceImpl[m - [rules] process-rule rule=RULE_FRACTION_CUSTODIAN ruleId=239 result=OK status-http=2ms total=2ms
[30m2026-09-09T12:11:13,975[m [32mINFO  [m[[1;34mhttp-nio-8080-exec-26[m] [36mStatusUpdateBusinessRuleServiceImpl[m - [rules] END validate-trade tradeId=1547143 sideId=2 result=OK elapsed=14ms
[30m2026-09-09T12:11:13,975[m [32mINFO  [m[[1;34mhttp-nio-8080-exec-26[m] [36mStatusUpdateBusinessRuleServiceImpl[m - PERF_ASSIGNMENT service=reglas podName=operaciones-reglas-back-app-5894db7bb6-4scl6 operation=validateUpdateStatusTrade result=SUCCESS tradeId=1547143 side=2 totalMs=14 loadTradeMs=2 loadSettlementsAndInputMs=1 loadBusinessRulesMs=0 evaluationMs=0 tradeRepositoryCalls=1 settlementRepositoryCalls=1 businessRuleRepositoryCalls=0 statusHttpCalls=4 statusRestTotalMs=9
[30m2026-09-09T12:11:13,975[m [32mINFO  [m[[1;34mhttp-nio-8080-exec-26[m] [36mStatusUpdateBusinessRuleServiceImpl[m - PERF_RULES_STATUS_SUMMARY service=reglas podName=operaciones-reglas-back-app-5894db7bb6-4scl6 validationCount=1 statusHttpCalls=4 statusHttpTotalMs=9 uniqueStatusTransitionKeys=4 tradeRepositoryCalls=1 settlementRepositoryCalls=1 businessRuleRepositoryCalls=0
[30m2026-09-09T12:11:14,025[m [32mINFO  [m[[1;34mhttp-nio-8080-exec-27[m] [36mStatusUpdateBusinessRuleServiceImpl[m - [rules] START validate-trade tradeId=1547144 sideId=2 code=RULE_ASSIGNMENT
[30m2026-09-09T12:11:14,032[m [32mINFO  [m[[1;34mhttp-nio-8080-exec-27[m] [36mStatusUpdateBusinessRuleServiceImpl[m - [rules] process-rule rule=RULE_SIDE ruleId=230 result=OK status-http=2ms total=3ms
[30m2026-09-09T12:11:14,036[m [32mINFO  [m[[1;34mhttp-nio-8080-exec-27[m] [36mStatusUpdateBusinessRuleServiceImpl[m - [rules] process-rule rule=RULE_FRACTION ruleId=232 result=OK status-http=2ms total=3ms
[30m2026-09-09T12:11:14,038[m [32mINFO  [m[[1;34mhttp-nio-8080-exec-27[m] [36mStatusUpdateBusinessRuleServiceImpl[m - [rules] process-rule rule=RULE_FRACTION_CUSTODIAN ruleId=239 result=OK status-http=2ms total=2ms
[30m2026-09-09T12:11:14,041[m [32mINFO  [m[[1;34mhttp-nio-8080-exec-27[m] [36mStatusUpdateBusinessRuleServiceImpl[m - [rules] END validate-trade tradeId=1547144 sideId=2 result=OK elapsed=16ms
[30m2026-09-09T12:11:14,041[m [32mINFO  [m[[1;34mhttp-nio-8080-exec-27[m] [36mStatusUpdateBusinessRuleServiceImpl[m - PERF_ASSIGNMENT service=reglas podName=operaciones-reglas-back-app-5894db7bb6-4scl6 operation=validateUpdateStatusTrade result=SUCCESS tradeId=1547144 side=2 totalMs=16 loadTradeMs=2 loadSettlementsAndInputMs=1 loadBusinessRulesMs=0 evaluationMs=0 tradeRepositoryCalls=1 settlementRepositoryCalls=1 businessRuleRepositoryCalls=0 statusHttpCalls=4 statusRestTotalMs=10
[30m2026-09-09T12:11:14,041[m [32mINFO  [m[[1;34mhttp-nio-8080-exec-27[m] [36mStatusUpdateBusinessRuleServiceImpl[m - PERF_RULES_STATUS_SUMMARY service=reglas podName=operaciones-reglas-back-app-5894db7bb6-4scl6 validationCount=1 statusHttpCalls=4 statusHttpTotalMs=10 uniqueStatusTransitionKeys=4 tradeRepositoryCalls=1 settlementRepositoryCalls=1 businessRuleRepositoryCalls=0
[30m2026-09-09T12:11:14,088[m [32mINFO  [m[[1;34mhttp-nio-8080-exec-29[m] [36mStatusUpdateBusinessRuleServiceImpl[m - [rules] START validate-trade tradeId=1547145 sideId=2 code=RULE_ASSIGNMENT
[30m2026-09-09T12:11:14,096[m [32mINFO  [m[[1;34mhttp-nio-8080-exec-29[m] [36mStatusUpdateBusinessRuleServiceImpl[m - [rules] process-rule rule=RULE_SIDE ruleId=230 result=OK status-http=2ms total=2ms
[30m2026-09-09T12:11:14,098[m [32mINFO  [m[[1;34mhttp-nio-8080-exec-29[m] [36mStatusUpdateBusinessRuleServiceImpl[m - [rules] process-rule rule=RULE_FRACTION ruleId=232 result=OK status-http=2ms total=2ms
[30m2026-09-09T12:11:14,100[m [32mINFO  [m[[1;34mhttp-nio-8080-exec-29[m] [36mStatusUpdateBusinessRuleServiceImpl[m - [rules] process-rule rule=RULE_FRACTION_CUSTODIAN ruleId=239 result=OK status-http=2ms total=2ms
[30m2026-09-09T12:11:14,103[m [32mINFO  [m[[1;34mhttp-nio-8080-exec-29[m] [36mStatusUpdateBusinessRuleServiceImpl[m - [rules] END validate-trade tradeId=1547145 sideId=2 result=OK elapsed=14ms
[30m2026-09-09T12:11:14,103[m [32mINFO  [m[[1;34mhttp-nio-8080-exec-29[m] [36mStatusUpdateBusinessRuleServiceImpl[m - PERF_ASSIGNMENT service=reglas podName=operaciones-reglas-back-app-5894db7bb6-4scl6 operation=validateUpdateStatusTrade result=SUCCESS tradeId=1547145 side=2 totalMs=14 loadTradeMs=2 loadSettlementsAndInputMs=1 loadBusinessRulesMs=0 evaluationMs=0 tradeRepositoryCalls=1 settlementRepositoryCalls=1 businessRuleRepositoryCalls=0 statusHttpCalls=4 statusRestTotalMs=9
[30m2026-09-09T12:11:14,103[m [32mINFO  [m[[1;34mhttp-nio-8080-exec-29[m] [36mStatusUpdateBusinessRuleServiceImpl[m - PERF_RULES_STATUS_SUMMARY service=reglas podName=operaciones-reglas-back-app-5894db7bb6-4scl6 validationCount=1 statusHttpCalls=4 statusHttpTotalMs=9 uniqueStatusTransitionKeys=4 tradeRepositoryCalls=1 settlementRepositoryCalls=1 businessRuleRepositoryCalls=0
[30m2026-09-09T12:11:14,143[m [32mINFO  [m[[1;34mhttp-nio-8080-exec-28[m] [36mStatusUpdateBusinessRuleServiceImpl[m - [rules] START validate-trade tradeId=1547146 sideId=2 code=RULE_ASSIGNMENT
[30m2026-09-09T12:11:14,150[m [32mINFO  [m[[1;34mhttp-nio-8080-exec-28[m] [36mStatusUpdateBusinessRuleServiceImpl[m - [rules] process-rule rule=RULE_SIDE ruleId=230 result=OK status-http=2ms total=2ms
[30m2026-09-09T12:11:14,153[m [32mINFO  [m[[1;34mhttp-nio-8080-exec-28[m] [36mStatusUpdateBusinessRuleServiceImpl[m - [rules] process-rule rule=RULE_FRACTION ruleId=232 result=OK status-http=2ms total=2ms
[30m2026-09-09T12:11:14,155[m [32mINFO  [m[[1;34mhttp-nio-8080-exec-28[m] [36mStatusUpdateBusinessRuleServiceImpl[m - [rules] process-rule rule=RULE_FRACTION_CUSTODIAN ruleId=239 result=OK status-http=2ms total=2ms
[30m2026-09-09T12:11:14,158[m [32mINFO  [m[[1;34mhttp-nio-8080-exec-28[m] [36mStatusUpdateBusinessRuleServiceImpl[m - [rules] END validate-trade tradeId=1547146 sideId=2 result=OK elapsed=14ms
[30m2026-09-09T12:11:14,158[m [32mINFO  [m[[1;34mhttp-nio-8080-exec-28[m] [36mStatusUpdateBusinessRuleServiceImpl[m - PERF_ASSIGNMENT service=reglas podName=operaciones-reglas-back-app-5894db7bb6-4scl6 operation=validateUpdateStatusTrade result=SUCCESS tradeId=1547146 side=2 totalMs=14 loadTradeMs=2 loadSettlementsAndInputMs=1 loadBusinessRulesMs=0 evaluationMs=0 tradeRepositoryCalls=1 settlementRepositoryCalls=1 businessRuleRepositoryCalls=0 statusHttpCalls=4 statusRestTotalMs=9
[30m2026-09-09T12:11:14,158[m [32mINFO  [m[[1;34mhttp-nio-8080-exec-28[m] [36mStatusUpdateBusinessRuleServiceImpl[m - PERF_RULES_STATUS_SUMMARY service=reglas podName=operaciones-reglas-back-app-5894db7bb6-4scl6 validationCount=1 statusHttpCalls=4 statusHttpTotalMs=9 uniqueStatusTransitionKeys=4 tradeRepositoryCalls=1 settlementRepositoryCalls=1 businessRuleRepositoryCalls=0
[30m2026-09-09T12:11:14,200[m [32mINFO  [m[[1;34mhttp-nio-8080-exec-34[m] [36mStatusUpdateBusinessRuleServiceImpl[m - [rules] START validate-trade tradeId=1547147 sideId=2 code=RULE_ASSIGNMENT
[30m2026-09-09T12:11:14,207[m [32mINFO  [m[[1;34mhttp-nio-8080-exec-34[m] [36mStatusUpdateBusinessRuleServiceImpl[m - [rules] process-rule rule=RULE_SIDE ruleId=230 result=OK status-http=2ms total=2ms
[30m2026-09-09T12:11:14,210[m [32mINFO  [m[[1;34mhttp-nio-8080-exec-34[m] [36mStatusUpdateBusinessRuleServiceImpl[m - [rules] process-rule rule=RULE_FRACTION ruleId=232 result=OK status-http=2ms total=2ms
[30m2026-09-09T12:11:14,212[m [32mINFO  [m[[1;34mhttp-nio-8080-exec-34[m] [36mStatusUpdateBusinessRuleServiceImpl[m - [rules] process-rule rule=RULE_FRACTION_CUSTODIAN ruleId=239 result=OK status-http=2ms total=2ms
[30m2026-09-09T12:11:14,215[m [32mINFO  [m[[1;34mhttp-nio-8080-exec-34[m] [36mStatusUpdateBusinessRuleServiceImpl[m - [rules] END validate-trade tradeId=1547147 sideId=2 result=OK elapsed=15ms
[30m2026-09-09T12:11:14,215[m [32mINFO  [m[[1;34mhttp-nio-8080-exec-34[m] [36mStatusUpdateBusinessRuleServiceImpl[m - PERF_ASSIGNMENT service=reglas podName=operaciones-reglas-back-app-5894db7bb6-4scl6 operation=validateUpdateStatusTrade result=SUCCESS tradeId=1547147 side=2 totalMs=15 loadTradeMs=2 loadSettlementsAndInputMs=1 loadBusinessRulesMs=0 evaluationMs=0 tradeRepositoryCalls=1 settlementRepositoryCalls=1 businessRuleRepositoryCalls=0 statusHttpCalls=4 statusRestTotalMs=9
[30m2026-09-09T12:11:14,215[m [32mINFO  [m[[1;34mhttp-nio-8080-exec-34[m] [36mStatusUpdateBusinessRuleServiceImpl[m - PERF_RULES_STATUS_SUMMARY service=reglas podName=operaciones-reglas-back-app-5894db7bb6-4scl6 validationCount=1 statusHttpCalls=4 statusHttpTotalMs=9 uniqueStatusTransitionKeys=4 tradeRepositoryCalls=1 settlementRepositoryCalls=1 businessRuleRepositoryCalls=0
[30m2026-09-09T12:11:14,257[m [32mINFO  [m[[1;34mhttp-nio-8080-exec-30[m] [36mStatusUpdateBusinessRuleServiceImpl[m - [rules] START validate-trade tradeId=1547148 sideId=2 code=RULE_ASSIGNMENT
[30m2026-09-09T12:11:14,264[m [32mINFO  [m[[1;34mhttp-nio-8080-exec-30[m] [36mStatusUpdateBusinessRuleServiceImpl[m - [rules] process-rule rule=RULE_SIDE ruleId=230 result=OK status-http=2ms total=2ms
[30m2026-09-09T12:11:14,267[m [32mINFO  [m[[1;34mhttp-nio-8080-exec-30[m] [36mStatusUpdateBusinessRuleServiceImpl[m - [rules] process-rule rule=RULE_FRACTION ruleId=232 result=OK status-http=2ms total=2ms
[30m2026-09-09T12:11:14,269[m [32mINFO  [m[[1;34mhttp-nio-8080-exec-30[m] [36mStatusUpdateBusinessRuleServiceImpl[m - [rules] process-rule rule=RULE_FRACTION_CUSTODIAN ruleId=239 result=OK status-http=2ms total=2ms
[30m2026-09-09T12:11:14,273[m [32mINFO  [m[[1;34mhttp-nio-8080-exec-30[m] [36mStatusUpdateBusinessRuleServiceImpl[m - [rules] END validate-trade tradeId=1547148 sideId=2 result=OK elapsed=16ms
[30m2026-09-09T12:11:14,273[m [32mINFO  [m[[1;34mhttp-nio-8080-exec-30[m] [36mStatusUpdateBusinessRuleServiceImpl[m - PERF_ASSIGNMENT service=reglas podName=operaciones-reglas-back-app-5894db7bb6-4scl6 operation=validateUpdateStatusTrade result=SUCCESS tradeId=1547148 side=2 totalMs=16 loadTradeMs=3 loadSettlementsAndInputMs=1 loadBusinessRulesMs=0 evaluationMs=0 tradeRepositoryCalls=1 settlementRepositoryCalls=1 businessRuleRepositoryCalls=0 statusHttpCalls=4 statusRestTotalMs=10
[30m2026-09-09T12:11:14,273[m [32mINFO  [m[[1;34mhttp-nio-8080-exec-30[m] [36mStatusUpdateBusinessRuleServiceImpl[m - PERF_RULES_STATUS_SUMMARY service=reglas podName=operaciones-reglas-back-app-5894db7bb6-4scl6 validationCount=1 statusHttpCalls=4 statusHttpTotalMs=10 uniqueStatusTransitionKeys=4 tradeRepositoryCalls=1 settlementRepositoryCalls=1 businessRuleRepositoryCalls=0
[30m2026-09-09T12:11:14,317[m [32mINFO  [m[[1;34mhttp-nio-8080-exec-32[m] [36mStatusUpdateBusinessRuleServiceImpl[m - [rules] START validate-trade tradeId=1547149 sideId=2 code=RULE_ASSIGNMENT
[30m2026-09-09T12:11:14,324[m [32mINFO  [m[[1;34mhttp-nio-8080-exec-32[m] [36mStatusUpdateBusinessRuleServiceImpl[m - [rules] process-rule rule=RULE_SIDE ruleId=230 result=OK status-http=2ms total=2ms
[30m2026-09-09T12:11:14,327[m [32mINFO  [m[[1;34mhttp-nio-8080-exec-32[m] [36mStatusUpdateBusinessRuleServiceImpl[m - [rules] process-rule rule=RULE_FRACTION ruleId=232 result=OK status-http=2ms total=2ms
[30m2026-09-09T12:11:14,330[m [32mINFO  [m[[1;34mhttp-nio-8080-exec-32[m] [36mStatusUpdateBusinessRuleServiceImpl[m - [rules] process-rule rule=RULE_FRACTION_CUSTODIAN ruleId=239 result=OK status-http=2ms total=2ms
[30m2026-09-09T12:11:14,332[m [32mINFO  [m[[1;34mhttp-nio-8080-exec-32[m] [36mStatusUpdateBusinessRuleServiceImpl[m - [rules] END validate-trade tradeId=1547149 sideId=2 result=OK elapsed=15ms
[30m2026-09-09T12:11:14,333[m [32mINFO  [m[[1;34mhttp-nio-8080-exec-32[m] [36mStatusUpdateBusinessRuleServiceImpl[m - PERF_ASSIGNMENT service=reglas podName=operaciones-reglas-back-app-5894db7bb6-4scl6 operation=validateUpdateStatusTrade result=SUCCESS tradeId=1547149 side=2 totalMs=15 loadTradeMs=2 loadSettlementsAndInputMs=1 loadBusinessRulesMs=0 evaluationMs=0 tradeRepositoryCalls=1 settlementRepositoryCalls=1 businessRuleRepositoryCalls=0 statusHttpCalls=4 statusRestTotalMs=10
[30m2026-09-09T12:11:14,333[m [32mINFO  [m[[1;34mhttp-nio-8080-exec-32[m] [36mStatusUpdateBusinessRuleServiceImpl[m - PERF_RULES_STATUS_SUMMARY service=reglas podName=operaciones-reglas-back-app-5894db7bb6-4scl6 validationCount=1 statusHttpCalls=4 statusHttpTotalMs=10 uniqueStatusTransitionKeys=4 tradeRepositoryCalls=1 settlementRepositoryCalls=1 businessRuleRepositoryCalls=0
[30m2026-09-09T12:11:14,377[m [32mINFO  [m[[1;34mhttp-nio-8080-exec-31[m] [36mStatusUpdateBusinessRuleServiceImpl[m - [rules] START validate-trade tradeId=1547150 sideId=2 code=RULE_ASSIGNMENT
[30m2026-09-09T12:11:14,385[m [32mINFO  [m[[1;34mhttp-nio-8080-exec-31[m] [36mStatusUpdateBusinessRuleServiceImpl[m - [rules] process-rule rule=RULE_SIDE ruleId=230 result=OK status-http=2ms total=2ms
[30m2026-09-09T12:11:14,387[m [32mINFO  [m[[1;34mhttp-nio-8080-exec-31[m] [36mStatusUpdateBusinessRuleServiceImpl[m - [rules] process-rule rule=RULE_FRACTION ruleId=232 result=OK status-http=2ms total=2ms
[30m2026-09-09T12:11:14,391[m [32mINFO  [m[[1;34mhttp-nio-8080-exec-31[m] [36mStatusUpdateBusinessRuleServiceImpl[m - [rules] process-rule rule=RULE_FRACTION_CUSTODIAN ruleId=239 result=OK status-http=2ms total=3ms
[30m2026-09-09T12:11:14,394[m [32mINFO  [m[[1;34mhttp-nio-8080-exec-31[m] [36mStatusUpdateBusinessRuleServiceImpl[m - [rules] END validate-trade tradeId=1547150 sideId=2 result=OK elapsed=17ms
[30m2026-09-09T12:11:14,394[m [32mINFO  [m[[1;34mhttp-nio-8080-exec-31[m] [36mStatusUpdateBusinessRuleServiceImpl[m - PERF_ASSIGNMENT service=reglas podName=operaciones-reglas-back-app-5894db7bb6-4scl6 operation=validateUpdateStatusTrade result=SUCCESS tradeId=1547150 side=2 totalMs=17 loadTradeMs=3 loadSettlementsAndInputMs=1 loadBusinessRulesMs=0 evaluationMs=0 tradeRepositoryCalls=1 settlementRepositoryCalls=1 businessRuleRepositoryCalls=0 statusHttpCalls=4 statusRestTotalMs=10
[30m2026-09-09T12:11:14,394[m [32mINFO  [m[[1;34mhttp-nio-8080-exec-31[m] [36mStatusUpdateBusinessRuleServiceImpl[m - PERF_RULES_STATUS_SUMMARY service=reglas podName=operaciones-reglas-back-app-5894db7bb6-4scl6 validationCount=1 statusHttpCalls=4 statusHttpTotalMs=10 uniqueStatusTransitionKeys=4 tradeRepositoryCalls=1 settlementRepositoryCalls=1 businessRuleRepositoryCalls=0
[30m2026-09-09T12:11:14,450[m [32mINFO  [m[[1;34mhttp-nio-8080-exec-38[m] [36mStatusUpdateBusinessRuleServiceImpl[m - [rules] START validate-trade tradeId=1547151 sideId=2 code=RULE_ASSIGNMENT
[30m2026-09-09T12:11:14,458[m [32mINFO  [m[[1;34mhttp-nio-8080-exec-38[m] [36mStatusUpdateBusinessRuleServiceImpl[m - [rules] process-rule rule=RULE_SIDE ruleId=230 result=OK status-http=2ms total=2ms
[30m2026-09-09T12:11:14,460[m [32mINFO  [m[[1;34mhttp-nio-8080-exec-38[m] [36mStatusUpdateBusinessRuleServiceImpl[m - [rules] process-rule rule=RULE_FRACTION ruleId=232 result=OK status-http=2ms total=2ms
[30m2026-09-09T12:11:14,462[m [32mINFO  [m[[1;34mhttp-nio-8080-exec-38[m] [36mStatusUpdateBusinessRuleServiceImpl[m - [rules] process-rule rule=RULE_FRACTION_CUSTODIAN ruleId=239 result=OK status-http=2ms total=2ms
[30m2026-09-09T12:11:14,465[m [32mINFO  [m[[1;34mhttp-nio-8080-exec-38[m] [36mStatusUpdateBusinessRuleServiceImpl[m - [rules] END validate-trade tradeId=1547151 sideId=2 result=OK elapsed=14ms
[30m2026-09-09T12:11:14,465[m [32mINFO  [m[[1;34mhttp-nio-8080-exec-38[m] [36mStatusUpdateBusinessRuleServiceImpl[m - PERF_ASSIGNMENT service=reglas podName=operaciones-reglas-back-app-5894db7bb6-4scl6 operation=validateUpdateStatusTrade result=SUCCESS tradeId=1547151 side=2 totalMs=14 loadTradeMs=2 loadSettlementsAndInputMs=1 loadBusinessRulesMs=0 evaluationMs=0 tradeRepositoryCalls=1 settlementRepositoryCalls=1 businessRuleRepositoryCalls=0 statusHttpCalls=4 statusRestTotalMs=9
[30m2026-09-09T12:11:14,465[m [32mINFO  [m[[1;34mhttp-nio-8080-exec-38[m] [36mStatusUpdateBusinessRuleServiceImpl[m - PERF_RULES_STATUS_SUMMARY service=reglas podName=operaciones-reglas-back-app-5894db7bb6-4scl6 validationCount=1 statusHttpCalls=4 statusHttpTotalMs=9 uniqueStatusTransitionKeys=4 tradeRepositoryCalls=1 settlementRepositoryCalls=1 businessRuleRepositoryCalls=0
[30m2026-09-09T12:11:14,507[m [32mINFO  [m[[1;34mhttp-nio-8080-exec-33[m] [36mStatusUpdateBusinessRuleServiceImpl[m - [rules] START validate-trade tradeId=1547152 sideId=2 code=RULE_ASSIGNMENT
[30m2026-09-09T12:11:14,514[m [32mINFO  [m[[1;34mhttp-nio-8080-exec-33[m] [36mStatusUpdateBusinessRuleServiceImpl[m - [rules] process-rule rule=RULE_SIDE ruleId=230 result=OK status-http=2ms total=2ms
[30m2026-09-09T12:11:14,516[m [32mINFO  [m[[1;34mhttp-nio-8080-exec-33[m] [36mStatusUpdateBusinessRuleServiceImpl[m - [rules] process-rule rule=RULE_FRACTION ruleId=232 result=OK status-http=2ms total=2ms
[30m2026-09-09T12:11:14,519[m [32mINFO  [m[[1;34mhttp-nio-8080-exec-33[m] [36mStatusUpdateBusinessRuleServiceImpl[m - [rules] process-rule rule=RULE_FRACTION_CUSTODIAN ruleId=239 result=OK status-http=2ms total=2ms
[30m2026-09-09T12:11:14,521[m [32mINFO  [m[[1;34mhttp-nio-8080-exec-33[m] [36mStatusUpdateBusinessRuleServiceImpl[m - [rules] END validate-trade tradeId=1547152 sideId=2 result=OK elapsed=14ms
[30m2026-09-09T12:11:14,521[m [32mINFO  [m[[1;34mhttp-nio-8080-exec-33[m] [36mStatusUpdateBusinessRuleServiceImpl[m - PERF_ASSIGNMENT service=reglas podName=operaciones-reglas-back-app-5894db7bb6-4scl6 operation=validateUpdateStatusTrade result=SUCCESS tradeId=1547152 side=2 totalMs=14 loadTradeMs=2 loadSettlementsAndInputMs=1 loadBusinessRulesMs=0 evaluationMs=0 tradeRepositoryCalls=1 settlementRepositoryCalls=1 businessRuleRepositoryCalls=0 statusHttpCalls=4 statusRestTotalMs=9
[30m2026-09-09T12:11:14,521[m [32mINFO  [m[[1;34mhttp-nio-8080-exec-33[m] [36mStatusUpdateBusinessRuleServiceImpl[m - PERF_RULES_STATUS_SUMMARY service=reglas podName=operaciones-reglas-back-app-5894db7bb6-4scl6 validationCount=1 statusHttpCalls=4 statusHttpTotalMs=9 uniqueStatusTransitionKeys=4 tradeRepositoryCalls=1 settlementRepositoryCalls=1 businessRuleRepositoryCalls=0
[30m2026-09-09T12:11:14,577[m [32mINFO  [m[[1;34mhttp-nio-8080-exec-36[m] [36mStatusUpdateBusinessRuleServiceImpl[m - [rules] START validate-trade tradeId=1547153 sideId=2 code=RULE_ASSIGNMENT
[30m2026-09-09T12:11:14,583[m [32mINFO  [m[[1;34mhttp-nio-8080-exec-36[m] [36mStatusUpdateBusinessRuleServiceImpl[m - [rules] process-rule rule=RULE_SIDE ruleId=230 result=OK status-http=2ms total=2ms
[30m2026-09-09T12:11:14,586[m [32mINFO  [m[[1;34mhttp-nio-8080-exec-36[m] [36mStatusUpdateBusinessRuleServiceImpl[m - [rules] process-rule rule=RULE_FRACTION ruleId=232 result=OK status-http=2ms total=2ms
[30m2026-09-09T12:11:14,588[m [32mINFO  [m[[1;34mhttp-nio-8080-exec-36[m] [36mStatusUpdateBusinessRuleServiceImpl[m - [rules] process-rule rule=RULE_FRACTION_CUSTODIAN ruleId=239 result=OK status-http=2ms total=2ms
[30m2026-09-09T12:11:14,590[m [32mINFO  [m[[1;34mhttp-nio-8080-exec-36[m] [36mStatusUpdateBusinessRuleServiceImpl[m - [rules] END validate-trade tradeId=1547153 sideId=2 result=OK elapsed=13ms
[30m2026-09-09T12:11:14,591[m [32mINFO  [m[[1;34mhttp-nio-8080-exec-36[m] [36mStatusUpdateBusinessRuleServiceImpl[m - PERF_ASSIGNMENT service=reglas podName=operaciones-reglas-back-app-5894db7bb6-4scl6 operation=validateUpdateStatusTrade result=SUCCESS tradeId=1547153 side=2 totalMs=14 loadTradeMs=2 loadSettlementsAndInputMs=1 loadBusinessRulesMs=0 evaluationMs=0 tradeRepositoryCalls=1 settlementRepositoryCalls=1 businessRuleRepositoryCalls=0 statusHttpCalls=4 statusRestTotalMs=8
[30m2026-09-09T12:11:14,591[m [32mINFO  [m[[1;34mhttp-nio-8080-exec-36[m] [36mStatusUpdateBusinessRuleServiceImpl[m - PERF_RULES_STATUS_SUMMARY service=reglas podName=operaciones-reglas-back-app-5894db7bb6-4scl6 validationCount=1 statusHttpCalls=4 statusHttpTotalMs=8 uniqueStatusTransitionKeys=4 tradeRepositoryCalls=1 settlementRepositoryCalls=1 businessRuleRepositoryCalls=0
[30m2026-09-09T12:11:14,630[m [32mINFO  [m[[1;34mhttp-nio-8080-exec-37[m] [36mStatusUpdateBusinessRuleServiceImpl[m - [rules] START validate-trade tradeId=1547154 sideId=2 code=RULE_ASSIGNMENT
[30m2026-09-09T12:11:14,638[m [32mINFO  [m[[1;34mhttp-nio-8080-exec-37[m] [36mStatusUpdateBusinessRuleServiceImpl[m - [rules] process-rule rule=RULE_SIDE ruleId=230 result=OK status-http=2ms total=2ms
[30m2026-09-09T12:11:14,641[m [32mINFO  [m[[1;34mhttp-nio-8080-exec-37[m] [36mStatusUpdateBusinessRuleServiceImpl[m - [rules] process-rule rule=RULE_FRACTION ruleId=232 result=OK status-http=2ms total=2ms
[30m2026-09-09T12:11:14,643[m [32mINFO  [m[[1;34mhttp-nio-8080-exec-37[m] [36mStatusUpdateBusinessRuleServiceImpl[m - [rules] process-rule rule=RULE_FRACTION_CUSTODIAN ruleId=239 result=OK status-http=2ms total=2ms
[30m2026-09-09T12:11:14,645[m [32mINFO  [m[[1;34mhttp-nio-8080-exec-37[m] [36mStatusUpdateBusinessRuleServiceImpl[m - [rules] END validate-trade tradeId=1547154 sideId=2 result=OK elapsed=15ms
[30m2026-09-09T12:11:14,646[m [32mINFO  [m[[1;34mhttp-nio-8080-exec-37[m] [36mStatusUpdateBusinessRuleServiceImpl[m - PERF_ASSIGNMENT service=reglas podName=operaciones-reglas-back-app-5894db7bb6-4scl6 operation=validateUpdateStatusTrade result=SUCCESS tradeId=1547154 side=2 totalMs=15 loadTradeMs=3 loadSettlementsAndInputMs=1 loadBusinessRulesMs=0 evaluationMs=0 tradeRepositoryCalls=1 settlementRepositoryCalls=1 businessRuleRepositoryCalls=0 statusHttpCalls=4 statusRestTotalMs=9
[30m2026-09-09T12:11:14,646[m [32mINFO  [m[[1;34mhttp-nio-8080-exec-37[m] [36mStatusUpdateBusinessRuleServiceImpl[m - PERF_RULES_STATUS_SUMMARY service=reglas podName=operaciones-reglas-back-app-5894db7bb6-4scl6 validationCount=1 statusHttpCalls=4 statusHttpTotalMs=9 uniqueStatusTransitionKeys=4 tradeRepositoryCalls=1 settlementRepositoryCalls=1 businessRuleRepositoryCalls=0
[30m2026-09-09T12:11:14,691[m [32mINFO  [m[[1;34mhttp-nio-8080-exec-35[m] [36mStatusUpdateBusinessRuleServiceImpl[m - [rules] START validate-trade tradeId=1547155 sideId=2 code=RULE_ASSIGNMENT
[30m2026-09-09T12:11:14,698[m [32mINFO  [m[[1;34mhttp-nio-8080-exec-35[m] [36mStatusUpdateBusinessRuleServiceImpl[m - [rules] process-rule rule=RULE_SIDE ruleId=230 result=OK status-http=2ms total=2ms
[30m2026-09-09T12:11:14,700[m [32mINFO  [m[[1;34mhttp-nio-8080-exec-35[m] [36mStatusUpdateBusinessRuleServiceImpl[m - [rules] process-rule rule=RULE_FRACTION ruleId=232 result=OK status-http=2ms total=2ms
[30m2026-09-09T12:11:14,702[m [32mINFO  [m[[1;34mhttp-nio-8080-exec-35[m] [36mStatusUpdateBusinessRuleServiceImpl[m - [rules] process-rule rule=RULE_FRACTION_CUSTODIAN ruleId=239 result=OK status-http=2ms total=2ms
[30m2026-09-09T12:11:14,705[m [32mINFO  [m[[1;34mhttp-nio-8080-exec-35[m] [36mStatusUpdateBusinessRuleServiceImpl[m - [rules] END validate-trade tradeId=1547155 sideId=2 result=OK elapsed=14ms
[30m2026-09-09T12:11:14,705[m [32mINFO  [m[[1;34mhttp-nio-8080-exec-35[m] [36mStatusUpdateBusinessRuleServiceImpl[m - PERF_ASSIGNMENT service=reglas podName=operaciones-reglas-back-app-5894db7bb6-4scl6 operation=validateUpdateStatusTrade result=SUCCESS tradeId=1547155 side=2 totalMs=14 loadTradeMs=2 loadSettlementsAndInputMs=1 loadBusinessRulesMs=0 evaluationMs=0 tradeRepositoryCalls=1 settlementRepositoryCalls=1 businessRuleRepositoryCalls=0 statusHttpCalls=4 statusRestTotalMs=8
[30m2026-09-09T12:11:14,705[m [32mINFO  [m[[1;34mhttp-nio-8080-exec-35[m] [36mStatusUpdateBusinessRuleServiceImpl[m - PERF_RULES_STATUS_SUMMARY service=reglas podName=operaciones-reglas-back-app-5894db7bb6-4scl6 validationCount=1 statusHttpCalls=4 statusHttpTotalMs=8 uniqueStatusTransitionKeys=4 tradeRepositoryCalls=1 settlementRepositoryCalls=1 businessRuleRepositoryCalls=0
[30m2026-09-09T12:11:14,749[m [32mINFO  [m[[1;34mhttp-nio-8080-exec-39[m] [36mStatusUpdateBusinessRuleServiceImpl[m - [rules] START validate-trade tradeId=1547156 sideId=2 code=RULE_ASSIGNMENT
[30m2026-09-09T12:11:14,756[m [32mINFO  [m[[1;34mhttp-nio-8080-exec-39[m] [36mStatusUpdateBusinessRuleServiceImpl[m - [rules] process-rule rule=RULE_SIDE ruleId=230 result=OK status-http=2ms total=2ms
[30m2026-09-09T12:11:14,759[m [32mINFO  [m[[1;34mhttp-nio-8080-exec-39[m] [36mStatusUpdateBusinessRuleServiceImpl[m - [rules] process-rule rule=RULE_FRACTION ruleId=232 result=OK status-http=2ms total=2ms
[30m2026-09-09T12:11:14,761[m [32mINFO  [m[[1;34mhttp-nio-8080-exec-39[m] [36mStatusUpdateBusinessRuleServiceImpl[m - [rules] process-rule rule=RULE_FRACTION_CUSTODIAN ruleId=239 result=OK status-http=2ms total=2ms
[30m2026-09-09T12:11:14,763[m [32mINFO  [m[[1;34mhttp-nio-8080-exec-39[m] [36mStatusUpdateBusinessRuleServiceImpl[m - [rules] END validate-trade tradeId=1547156 sideId=2 result=OK elapsed=14ms
[30m2026-09-09T12:11:14,763[m [32mINFO  [m[[1;34mhttp-nio-8080-exec-39[m] [36mStatusUpdateBusinessRuleServiceImpl[m - PERF_ASSIGNMENT service=reglas podName=operaciones-reglas-back-app-5894db7bb6-4scl6 operation=validateUpdateStatusTrade result=SUCCESS tradeId=1547156 side=2 totalMs=14 loadTradeMs=2 loadSettlementsAndInputMs=1 loadBusinessRulesMs=0 evaluationMs=0 tradeRepositoryCalls=1 settlementRepositoryCalls=1 businessRuleRepositoryCalls=0 statusHttpCalls=4 statusRestTotalMs=8
[30m2026-09-09T12:11:14,763[m [32mINFO  [m[[1;34mhttp-nio-8080-exec-39[m] [36mStatusUpdateBusinessRuleServiceImpl[m - PERF_RULES_STATUS_SUMMARY service=reglas podName=operaciones-reglas-back-app-5894db7bb6-4scl6 validationCount=1 statusHttpCalls=4 statusHttpTotalMs=8 uniqueStatusTransitionKeys=4 tradeRepositoryCalls=1 settlementRepositoryCalls=1 businessRuleRepositoryCalls=0
[30m2026-09-09T12:11:14,808[m [32mINFO  [m[[1;34mhttp-nio-8080-exec-40[m] [36mStatusUpdateBusinessRuleServiceImpl[m - [rules] START validate-trade tradeId=1547157 sideId=2 code=RULE_ASSIGNMENT
[30m2026-09-09T12:11:14,816[m [32mINFO  [m[[1;34mhttp-nio-8080-exec-40[m] [36mStatusUpdateBusinessRuleServiceImpl[m - [rules] process-rule rule=RULE_SIDE ruleId=230 result=OK status-http=2ms total=2ms
[30m2026-09-09T12:11:14,818[m [32mINFO  [m[[1;34mhttp-nio-8080-exec-40[m] [36mStatusUpdateBusinessRuleServiceImpl[m - [rules] process-rule rule=RULE_FRACTION ruleId=232 result=OK status-http=2ms total=2ms
[30m2026-09-09T12:11:14,821[m [32mINFO  [m[[1;34mhttp-nio-8080-exec-40[m] [36mStatusUpdateBusinessRuleServiceImpl[m - [rules] process-rule rule=RULE_FRACTION_CUSTODIAN ruleId=239 result=OK status-http=2ms total=2ms
[30m2026-09-09T12:11:14,823[m [32mINFO  [m[[1;34mhttp-nio-8080-exec-40[m] [36mStatusUpdateBusinessRuleServiceImpl[m - [rules] END validate-trade tradeId=1547157 sideId=2 result=OK elapsed=14ms
[30m2026-09-09T12:11:14,823[m [32mINFO  [m[[1;34mhttp-nio-8080-exec-40[m] [36mStatusUpdateBusinessRuleServiceImpl[m - PERF_ASSIGNMENT service=reglas podName=operaciones-reglas-back-app-5894db7bb6-4scl6 operation=validateUpdateStatusTrade result=SUCCESS tradeId=1547157 side=2 totalMs=15 loadTradeMs=3 loadSettlementsAndInputMs=1 loadBusinessRulesMs=0 evaluationMs=0 tradeRepositoryCalls=1 settlementRepositoryCalls=1 businessRuleRepositoryCalls=0 statusHttpCalls=4 statusRestTotalMs=9
[30m2026-09-09T12:11:14,823[m [32mINFO  [m[[1;34mhttp-nio-8080-exec-40[m] [36mStatusUpdateBusinessRuleServiceImpl[m - PERF_RULES_STATUS_SUMMARY service=reglas podName=operaciones-reglas-back-app-5894db7bb6-4scl6 validationCount=1 statusHttpCalls=4 statusHttpTotalMs=9 uniqueStatusTransitionKeys=4 tradeRepositoryCalls=1 settlementRepositoryCalls=1 businessRuleRepositoryCalls=0
[30m2026-09-09T12:11:14,868[m [32mINFO  [m[[1;34mhttp-nio-8080-exec-41[m] [36mStatusUpdateBusinessRuleServiceImpl[m - [rules] START validate-trade tradeId=1547158 sideId=2 code=RULE_ASSIGNMENT
[30m2026-09-09T12:11:14,876[m [32mINFO  [m[[1;34mhttp-nio-8080-exec-41[m] [36mStatusUpdateBusinessRuleServiceImpl[m - [rules] process-rule rule=RULE_SIDE ruleId=230 result=OK status-http=2ms total=2ms
[30m2026-09-09T12:11:14,879[m [32mINFO  [m[[1;34mhttp-nio-8080-exec-41[m] [36mStatusUpdateBusinessRuleServiceImpl[m - [rules] process-rule rule=RULE_FRACTION ruleId=232 result=OK status-http=2ms total=2ms
[30m2026-09-09T12:11:14,882[m [32mINFO  [m[[1;34mhttp-nio-8080-exec-41[m] [36mStatusUpdateBusinessRuleServiceImpl[m - [rules] process-rule rule=RULE_FRACTION_CUSTODIAN ruleId=239 result=OK status-http=2ms total=2ms
[30m2026-09-09T12:11:14,884[m [32mINFO  [m[[1;34mhttp-nio-8080-exec-41[m] [36mStatusUpdateBusinessRuleServiceImpl[m - [rules] END validate-trade tradeId=1547158 sideId=2 result=OK elapsed=15ms
[30m2026-09-09T12:11:14,884[m [32mINFO  [m[[1;34mhttp-nio-8080-exec-41[m] [36mStatusUpdateBusinessRuleServiceImpl[m - PERF_ASSIGNMENT service=reglas podName=operaciones-reglas-back-app-5894db7bb6-4scl6 operation=validateUpdateStatusTrade result=SUCCESS tradeId=1547158 side=2 totalMs=16 loadTradeMs=3 loadSettlementsAndInputMs=1 loadBusinessRulesMs=0 evaluationMs=0 tradeRepositoryCalls=1 settlementRepositoryCalls=1 businessRuleRepositoryCalls=0 statusHttpCalls=4 statusRestTotalMs=9
[30m2026-09-09T12:11:14,884[m [32mINFO  [m[[1;34mhttp-nio-8080-exec-41[m] [36mStatusUpdateBusinessRuleServiceImpl[m - PERF_RULES_STATUS_SUMMARY service=reglas podName=operaciones-reglas-back-app-5894db7bb6-4scl6 validationCount=1 statusHttpCalls=4 statusHttpTotalMs=9 uniqueStatusTransitionKeys=4 tradeRepositoryCalls=1 settlementRepositoryCalls=1 businessRuleRepositoryCalls=0
[30m2026-09-09T12:11:14,932[m [32mINFO  [m[[1;34mhttp-nio-8080-exec-44[m] [36mStatusUpdateBusinessRuleServiceImpl[m - [rules] START validate-trade tradeId=1547159 sideId=2 code=RULE_ASSIGNMENT
[30m2026-09-09T12:11:14,940[m [32mINFO  [m[[1;34mhttp-nio-8080-exec-44[m] [36mStatusUpdateBusinessRuleServiceImpl[m - [rules] process-rule rule=RULE_SIDE ruleId=230 result=OK status-http=2ms total=2ms
[30m2026-09-09T12:11:14,942[m [32mINFO  [m[[1;34mhttp-nio-8080-exec-44[m] [36mStatusUpdateBusinessRuleServiceImpl[m - [rules] process-rule rule=RULE_FRACTION ruleId=232 result=OK status-http=2ms total=2ms
[30m2026-09-09T12:11:14,945[m [32mINFO  [m[[1;34mhttp-nio-8080-exec-44[m] [36mStatusUpdateBusinessRuleServiceImpl[m - [rules] process-rule rule=RULE_FRACTION_CUSTODIAN ruleId=239 result=OK status-http=2ms total=2ms
[30m2026-09-09T12:11:14,947[m [32mINFO  [m[[1;34mhttp-nio-8080-exec-44[m] [36mStatusUpdateBusinessRuleServiceImpl[m - [rules] END validate-trade tradeId=1547159 sideId=2 result=OK elapsed=14ms
[30m2026-09-09T12:11:14,947[m [32mINFO  [m[[1;34mhttp-nio-8080-exec-44[m] [36mStatusUpdateBusinessRuleServiceImpl[m - PERF_ASSIGNMENT service=reglas podName=operaciones-reglas-back-app-5894db7bb6-4scl6 operation=validateUpdateStatusTrade result=SUCCESS tradeId=1547159 side=2 totalMs=15 loadTradeMs=3 loadSettlementsAndInputMs=1 loadBusinessRulesMs=0 evaluationMs=0 tradeRepositoryCalls=1 settlementRepositoryCalls=1 businessRuleRepositoryCalls=0 statusHttpCalls=4 statusRestTotalMs=9
[30m2026-09-09T12:11:14,947[m [32mINFO  [m[[1;34mhttp-nio-8080-exec-44[m] [36mStatusUpdateBusinessRuleServiceImpl[m - PERF_RULES_STATUS_SUMMARY service=reglas podName=operaciones-reglas-back-app-5894db7bb6-4scl6 validationCount=1 statusHttpCalls=4 statusHttpTotalMs=9 uniqueStatusTransitionKeys=4 tradeRepositoryCalls=1 settlementRepositoryCalls=1 businessRuleRepositoryCalls=0
[30m2026-09-09T12:11:15,029[m [32mINFO  [m[[1;34mhttp-nio-8080-exec-42[m] [36mStatusUpdateBusinessRuleServiceImpl[m - [rules] START validate-trade tradeId=1547160 sideId=2 code=RULE_ASSIGNMENT
[30m2026-09-09T12:11:15,039[m [32mINFO  [m[[1;34mhttp-nio-8080-exec-42[m] [36mStatusUpdateBusinessRuleServiceImpl[m - [rules] process-rule rule=RULE_SIDE ruleId=230 result=OK status-http=2ms total=2ms
[30m2026-09-09T12:11:15,041[m [32mINFO  [m[[1;34mhttp-nio-8080-exec-42[m] [36mStatusUpdateBusinessRuleServiceImpl[m - [rules] process-rule rule=RULE_FRACTION ruleId=232 result=OK status-http=2ms total=2ms
[30m2026-09-09T12:11:15,044[m [32mINFO  [m[[1;34mhttp-nio-8080-exec-42[m] [36mStatusUpdateBusinessRuleServiceImpl[m - [rules] process-rule rule=RULE_FRACTION_CUSTODIAN ruleId=239 result=OK status-http=2ms total=2ms
[30m2026-09-09T12:11:15,046[m [32mINFO  [m[[1;34mhttp-nio-8080-exec-42[m] [36mStatusUpdateBusinessRuleServiceImpl[m - [rules] END validate-trade tradeId=1547160 sideId=2 result=OK elapsed=17ms
[30m2026-09-09T12:11:15,047[m [32mINFO  [m[[1;34mhttp-nio-8080-exec-42[m] [36mStatusUpdateBusinessRuleServiceImpl[m - PERF_ASSIGNMENT service=reglas podName=operaciones-reglas-back-app-5894db7bb6-4scl6 operation=validateUpdateStatusTrade result=SUCCESS tradeId=1547160 side=2 totalMs=17 loadTradeMs=5 loadSettlementsAndInputMs=1 loadBusinessRulesMs=0 evaluationMs=0 tradeRepositoryCalls=1 settlementRepositoryCalls=1 businessRuleRepositoryCalls=0 statusHttpCalls=4 statusRestTotalMs=9
[30m2026-09-09T12:11:15,047[m [32mINFO  [m[[1;34mhttp-nio-8080-exec-42[m] [36mStatusUpdateBusinessRuleServiceImpl[m - PERF_RULES_STATUS_SUMMARY service=reglas podName=operaciones-reglas-back-app-5894db7bb6-4scl6 validationCount=1 statusHttpCalls=4 statusHttpTotalMs=9 uniqueStatusTransitionKeys=4 tradeRepositoryCalls=1 settlementRepositoryCalls=1 businessRuleRepositoryCalls=0
[30m2026-09-09T12:11:15,104[m [32mINFO  [m[[1;34mhttp-nio-8080-exec-43[m] [36mStatusUpdateBusinessRuleServiceImpl[m - [rules] START validate-trade tradeId=1547161 sideId=2 code=RULE_ASSIGNMENT
[30m2026-09-09T12:11:15,116[m [32mINFO  [m[[1;34mhttp-nio-8080-exec-43[m] [36mStatusUpdateBusinessRuleServiceImpl[m - [rules] process-rule rule=RULE_SIDE ruleId=230 result=OK status-http=2ms total=2ms
[30m2026-09-09T12:11:15,118[m [32mINFO  [m[[1;34mhttp-nio-8080-exec-43[m] [36mStatusUpdateBusinessRuleServiceImpl[m - [rules] process-rule rule=RULE_FRACTION ruleId=232 result=OK status-http=2ms total=2ms
[30m2026-09-09T12:11:15,121[m [32mINFO  [m[[1;34mhttp-nio-8080-exec-43[m] [36mStatusUpdateBusinessRuleServiceImpl[m - [rules] process-rule rule=RULE_FRACTION_CUSTODIAN ruleId=239 result=OK status-http=2ms total=2ms
[30m2026-09-09T12:11:15,124[m [32mINFO  [m[[1;34mhttp-nio-8080-exec-43[m] [36mStatusUpdateBusinessRuleServiceImpl[m - [rules] END validate-trade tradeId=1547161 sideId=2 result=OK elapsed=19ms
[30m2026-09-09T12:11:15,124[m [32mINFO  [m[[1;34mhttp-nio-8080-exec-43[m] [36mStatusUpdateBusinessRuleServiceImpl[m - PERF_ASSIGNMENT service=reglas podName=operaciones-reglas-back-app-5894db7bb6-4scl6 operation=validateUpdateStatusTrade result=SUCCESS tradeId=1547161 side=2 totalMs=19 loadTradeMs=5 loadSettlementsAndInputMs=3 loadBusinessRulesMs=0 evaluationMs=0 tradeRepositoryCalls=1 settlementRepositoryCalls=1 businessRuleRepositoryCalls=0 statusHttpCalls=4 statusRestTotalMs=10
[30m2026-09-09T12:11:15,124[m [32mINFO  [m[[1;34mhttp-nio-8080-exec-43[m] [36mStatusUpdateBusinessRuleServiceImpl[m - PERF_RULES_STATUS_SUMMARY service=reglas podName=operaciones-reglas-back-app-5894db7bb6-4scl6 validationCount=1 statusHttpCalls=4 statusHttpTotalMs=10 uniqueStatusTransitionKeys=4 tradeRepositoryCalls=1 settlementRepositoryCalls=1 businessRuleRepositoryCalls=0
[30m2026-09-09T12:11:15,181[m [32mINFO  [m[[1;34mhttp-nio-8080-exec-46[m] [36mStatusUpdateBusinessRuleServiceImpl[m - [rules] START validate-trade tradeId=1547162 sideId=2 code=RULE_ASSIGNMENT
[30m2026-09-09T12:11:15,190[m [32mINFO  [m[[1;34mhttp-nio-8080-exec-46[m] [36mStatusUpdateBusinessRuleServiceImpl[m - [rules] process-rule rule=RULE_SIDE ruleId=230 result=OK status-http=2ms total=2ms
[30m2026-09-09T12:11:15,194[m [32mINFO  [m[[1;34mhttp-nio-8080-exec-46[m] [36mStatusUpdateBusinessRuleServiceImpl[m - [rules] process-rule rule=RULE_FRACTION ruleId=232 result=OK status-http=2ms total=3ms
[30m2026-09-09T12:11:15,196[m [32mINFO  [m[[1;34mhttp-nio-8080-exec-46[m] [36mStatusUpdateBusinessRuleServiceImpl[m - [rules] process-rule rule=RULE_FRACTION_CUSTODIAN ruleId=239 result=OK status-http=2ms total=2ms
[30m2026-09-09T12:11:15,199[m [32mINFO  [m[[1;34mhttp-nio-8080-exec-46[m] [36mStatusUpdateBusinessRuleServiceImpl[m - [rules] END validate-trade tradeId=1547162 sideId=2 result=OK elapsed=17ms
[30m2026-09-09T12:11:15,199[m [32mINFO  [m[[1;34mhttp-nio-8080-exec-46[m] [36mStatusUpdateBusinessRuleServiceImpl[m - PERF_ASSIGNMENT service=reglas podName=operaciones-reglas-back-app-5894db7bb6-4scl6 operation=validateUpdateStatusTrade result=SUCCESS tradeId=1547162 side=2 totalMs=17 loadTradeMs=3 loadSettlementsAndInputMs=2 loadBusinessRulesMs=0 evaluationMs=1 tradeRepositoryCalls=1 settlementRepositoryCalls=1 businessRuleRepositoryCalls=0 statusHttpCalls=4 statusRestTotalMs=9
[30m2026-09-09T12:11:15,199[m [32mINFO  [m[[1;34mhttp-nio-8080-exec-46[m] [36mStatusUpdateBusinessRuleServiceImpl[m - PERF_RULES_STATUS_SUMMARY service=reglas podName=operaciones-reglas-back-app-5894db7bb6-4scl6 validationCount=1 statusHttpCalls=4 statusHttpTotalMs=9 uniqueStatusTransitionKeys=4 tradeRepositoryCalls=1 settlementRepositoryCalls=1 businessRuleRepositoryCalls=0
[30m2026-09-09T12:11:15,245[m [32mINFO  [m[[1;34mhttp-nio-8080-exec-45[m] [36mStatusUpdateBusinessRuleServiceImpl[m - [rules] START validate-trade tradeId=1547164 sideId=2 code=RULE_ASSIGNMENT
[30m2026-09-09T12:11:15,253[m [32mINFO  [m[[1;34mhttp-nio-8080-exec-45[m] [36mStatusUpdateBusinessRuleServiceImpl[m - [rules] process-rule rule=RULE_SIDE ruleId=230 result=OK status-http=2ms total=2ms
[30m2026-09-09T12:11:15,256[m [32mINFO  [m[[1;34mhttp-nio-8080-exec-45[m] [36mStatusUpdateBusinessRuleServiceImpl[m - [rules] process-rule rule=RULE_FRACTION ruleId=232 result=OK status-http=2ms total=2ms
[30m2026-09-09T12:11:15,259[m [32mINFO  [m[[1;34mhttp-nio-8080-exec-45[m] [36mStatusUpdateBusinessRuleServiceImpl[m - [rules] process-rule rule=RULE_FRACTION_CUSTODIAN ruleId=239 result=OK status-http=2ms total=2ms
[30m2026-09-09T12:11:15,262[m [32mINFO  [m[[1;34mhttp-nio-8080-exec-45[m] [36mStatusUpdateBusinessRuleServiceImpl[m - [rules] END validate-trade tradeId=1547164 sideId=2 result=OK elapsed=16ms
[30m2026-09-09T12:11:15,262[m [32mINFO  [m[[1;34mhttp-nio-8080-exec-45[m] [36mStatusUpdateBusinessRuleServiceImpl[m - PERF_ASSIGNMENT service=reglas podName=operaciones-reglas-back-app-5894db7bb6-4scl6 operation=validateUpdateStatusTrade result=SUCCESS tradeId=1547164 side=2 totalMs=16 loadTradeMs=3 loadSettlementsAndInputMs=1 loadBusinessRulesMs=0 evaluationMs=0 tradeRepositoryCalls=1 settlementRepositoryCalls=1 businessRuleRepositoryCalls=0 statusHttpCalls=4 statusRestTotalMs=10
[30m2026-09-09T12:11:15,262[m [32mINFO  [m[[1;34mhttp-nio-8080-exec-45[m] [36mStatusUpdateBusinessRuleServiceImpl[m - PERF_RULES_STATUS_SUMMARY service=reglas podName=operaciones-reglas-back-app-5894db7bb6-4scl6 validationCount=1 statusHttpCalls=4 statusHttpTotalMs=10 uniqueStatusTransitionKeys=4 tradeRepositoryCalls=1 settlementRepositoryCalls=1 businessRuleRepositoryCalls=0
[30m2026-09-09T12:11:15,307[m [32mINFO  [m[[1;34mhttp-nio-8080-exec-47[m] [36mStatusUpdateBusinessRuleServiceImpl[m - [rules] START validate-trade tradeId=1547167 sideId=2 code=RULE_ASSIGNMENT
[30m2026-09-09T12:11:15,314[m [32mINFO  [m[[1;34mhttp-nio-8080-exec-47[m] [36mStatusUpdateBusinessRuleServiceImpl[m - [rules] process-rule rule=RULE_SIDE ruleId=230 result=OK status-http=2ms total=2ms
[30m2026-09-09T12:11:15,317[m [32mINFO  [m[[1;34mhttp-nio-8080-exec-47[m] [36mStatusUpdateBusinessRuleServiceImpl[m - [rules] process-rule rule=RULE_FRACTION ruleId=232 result=OK status-http=2ms total=2ms
[30m2026-09-09T12:11:15,319[m [32mINFO  [m[[1;34mhttp-nio-8080-exec-47[m] [36mStatusUpdateBusinessRuleServiceImpl[m - [rules] process-rule rule=RULE_FRACTION_CUSTODIAN ruleId=239 result=OK status-http=2ms total=2ms
[30m2026-09-09T12:11:15,322[m [32mINFO  [m[[1;34mhttp-nio-8080-exec-47[m] [36mStatusUpdateBusinessRuleServiceImpl[m - [rules] END validate-trade tradeId=1547167 sideId=2 result=OK elapsed=15ms
[30m2026-09-09T12:11:15,322[m [32mINFO  [m[[1;34mhttp-nio-8080-exec-47[m] [36mStatusUpdateBusinessRuleServiceImpl[m - PERF_ASSIGNMENT service=reglas podName=operaciones-reglas-back-app-5894db7bb6-4scl6 operation=validateUpdateStatusTrade result=SUCCESS tradeId=1547167 side=2 totalMs=15 loadTradeMs=2 loadSettlementsAndInputMs=1 loadBusinessRulesMs=0 evaluationMs=0 tradeRepositoryCalls=1 settlementRepositoryCalls=1 businessRuleRepositoryCalls=0 statusHttpCalls=4 statusRestTotalMs=9
[30m2026-09-09T12:11:15,322[m [32mINFO  [m[[1;34mhttp-nio-8080-exec-47[m] [36mStatusUpdateBusinessRuleServiceImpl[m - PERF_RULES_STATUS_SUMMARY service=reglas podName=operaciones-reglas-back-app-5894db7bb6-4scl6 validationCount=1 statusHttpCalls=4 statusHttpTotalMs=9 uniqueStatusTransitionKeys=4 tradeRepositoryCalls=1 settlementRepositoryCalls=1 businessRuleRepositoryCalls=0
[30m2026-09-09T12:11:15,373[m [32mINFO  [m[[1;34mhttp-nio-8080-exec-48[m] [36mStatusUpdateBusinessRuleServiceImpl[m - [rules] START validate-trade tradeId=1547168 sideId=2 code=RULE_ASSIGNMENT
[30m2026-09-09T12:11:15,381[m [32mINFO  [m[[1;34mhttp-nio-8080-exec-48[m] [36mStatusUpdateBusinessRuleServiceImpl[m - [rules] process-rule rule=RULE_SIDE ruleId=230 result=OK status-http=4ms total=4ms
[30m2026-09-09T12:11:15,385[m [32mINFO  [m[[1;34mhttp-nio-8080-exec-48[m] [36mStatusUpdateBusinessRuleServiceImpl[m - [rules] process-rule rule=RULE_FRACTION ruleId=232 result=OK status-http=3ms total=3ms
[30m2026-09-09T12:11:15,387[m [32mINFO  [m[[1;34mhttp-nio-8080-exec-48[m] [36mStatusUpdateBusinessRuleServiceImpl[m - [rules] process-rule rule=RULE_FRACTION_CUSTODIAN ruleId=239 result=OK status-http=2ms total=2ms
[30m2026-09-09T12:11:15,390[m [32mINFO  [m[[1;34mhttp-nio-8080-exec-48[m] [36mStatusUpdateBusinessRuleServiceImpl[m - [rules] END validate-trade tradeId=1547168 sideId=2 result=OK elapsed=17ms
[30m2026-09-09T12:11:15,390[m [32mINFO  [m[[1;34mhttp-nio-8080-exec-48[m] [36mStatusUpdateBusinessRuleServiceImpl[m - PERF_ASSIGNMENT service=reglas podName=operaciones-reglas-back-app-5894db7bb6-4scl6 operation=validateUpdateStatusTrade result=SUCCESS tradeId=1547168 side=2 totalMs=17 loadTradeMs=2 loadSettlementsAndInputMs=1 loadBusinessRulesMs=0 evaluationMs=0 tradeRepositoryCalls=1 settlementRepositoryCalls=1 businessRuleRepositoryCalls=0 statusHttpCalls=4 statusRestTotalMs=11
[30m2026-09-09T12:11:15,390[m [32mINFO  [m[[1;34mhttp-nio-8080-exec-48[m] [36mStatusUpdateBusinessRuleServiceImpl[m - PERF_RULES_STATUS_SUMMARY service=reglas podName=operaciones-reglas-back-app-5894db7bb6-4scl6 validationCount=1 statusHttpCalls=4 statusHttpTotalMs=11 uniqueStatusTransitionKeys=4 tradeRepositoryCalls=1 settlementRepositoryCalls=1 businessRuleRepositoryCalls=0
[30m2026-09-09T12:11:15,441[m [32mINFO  [m[[1;34mhttp-nio-8080-exec-49[m] [36mStatusUpdateBusinessRuleServiceImpl[m - [rules] START validate-trade tradeId=1547169 sideId=2 code=RULE_ASSIGNMENT
[30m2026-09-09T12:11:15,448[m [32mINFO  [m[[1;34mhttp-nio-8080-exec-49[m] [36mStatusUpdateBusinessRuleServiceImpl[m - [rules] process-rule rule=RULE_SIDE ruleId=230 result=OK status-http=2ms total=2ms
[30m2026-09-09T12:11:15,451[m [32mINFO  [m[[1;34mhttp-nio-8080-exec-49[m] [36mStatusUpdateBusinessRuleServiceImpl[m - [rules] process-rule rule=RULE_FRACTION ruleId=232 result=OK status-http=1ms total=2ms
[30m2026-09-09T12:11:15,454[m [32mINFO  [m[[1;34mhttp-nio-8080-exec-49[m] [36mStatusUpdateBusinessRuleServiceImpl[m - [rules] process-rule rule=RULE_FRACTION_CUSTODIAN ruleId=239 result=OK status-http=2ms total=2ms
[30m2026-09-09T12:11:15,458[m [32mINFO  [m[[1;34mhttp-nio-8080-exec-49[m] [36mStatusUpdateBusinessRuleServiceImpl[m - [rules] END validate-trade tradeId=1547169 sideId=2 result=OK elapsed=17ms
[30m2026-09-09T12:11:15,458[m [32mINFO  [m[[1;34mhttp-nio-8080-exec-49[m] [36mStatusUpdateBusinessRuleServiceImpl[m - PERF_ASSIGNMENT service=reglas podName=operaciones-reglas-back-app-5894db7bb6-4scl6 operation=validateUpdateStatusTrade result=SUCCESS tradeId=1547169 side=2 totalMs=17 loadTradeMs=2 loadSettlementsAndInputMs=1 loadBusinessRulesMs=0 evaluationMs=0 tradeRepositoryCalls=1 settlementRepositoryCalls=1 businessRuleRepositoryCalls=0 statusHttpCalls=4 statusRestTotalMs=11
[30m2026-09-09T12:11:15,459[m [32mINFO  [m[[1;34mhttp-nio-8080-exec-49[m] [36mStatusUpdateBusinessRuleServiceImpl[m - PERF_RULES_STATUS_SUMMARY service=reglas podName=operaciones-reglas-back-app-5894db7bb6-4scl6 validationCount=1 statusHttpCalls=4 statusHttpTotalMs=11 uniqueStatusTransitionKeys=4 tradeRepositoryCalls=1 settlementRepositoryCalls=1 businessRuleRepositoryCalls=0
[30m2026-09-09T12:11:15,504[m [32mINFO  [m[[1;34mhttp-nio-8080-exec-51[m] [36mStatusUpdateBusinessRuleServiceImpl[m - [rules] START validate-trade tradeId=1547170 sideId=2 code=RULE_ASSIGNMENT
[30m2026-09-09T12:11:15,511[m [32mINFO  [m[[1;34mhttp-nio-8080-exec-51[m] [36mStatusUpdateBusinessRuleServiceImpl[m - [rules] process-rule rule=RULE_SIDE ruleId=230 result=OK status-http=2ms total=2ms
[30m2026-09-09T12:11:15,516[m [32mINFO  [m[[1;34mhttp-nio-8080-exec-51[m] [36mStatusUpdateBusinessRuleServiceImpl[m - [rules] process-rule rule=RULE_FRACTION ruleId=232 result=OK status-http=4ms total=4ms
[30m2026-09-09T12:11:15,519[m [32mINFO  [m[[1;34mhttp-nio-8080-exec-51[m] [36mStatusUpdateBusinessRuleServiceImpl[m - [rules] process-rule rule=RULE_FRACTION_CUSTODIAN ruleId=239 result=OK status-http=3ms total=3ms
[30m2026-09-09T12:11:15,522[m [32mINFO  [m[[1;34mhttp-nio-8080-exec-51[m] [36mStatusUpdateBusinessRuleServiceImpl[m - [rules] END validate-trade tradeId=1547170 sideId=2 result=OK elapsed=17ms
[30m2026-09-09T12:11:15,522[m [32mINFO  [m[[1;34mhttp-nio-8080-exec-51[m] [36mStatusUpdateBusinessRuleServiceImpl[m - PERF_ASSIGNMENT service=reglas podName=operaciones-reglas-back-app-5894db7bb6-4scl6 operation=validateUpdateStatusTrade result=SUCCESS tradeId=1547170 side=2 totalMs=18 loadTradeMs=2 loadSettlementsAndInputMs=1 loadBusinessRulesMs=0 evaluationMs=0 tradeRepositoryCalls=1 settlementRepositoryCalls=1 businessRuleRepositoryCalls=0 statusHttpCalls=4 statusRestTotalMs=12
[30m2026-09-09T12:11:15,522[m [32mINFO  [m[[1;34mhttp-nio-8080-exec-51[m] [36mStatusUpdateBusinessRuleServiceImpl[m - PERF_RULES_STATUS_SUMMARY service=reglas podName=operaciones-reglas-back-app-5894db7bb6-4scl6 validationCount=1 statusHttpCalls=4 statusHttpTotalMs=12 uniqueStatusTransitionKeys=4 tradeRepositoryCalls=1 settlementRepositoryCalls=1 businessRuleRepositoryCalls=0
[30m2026-09-09T12:11:15,573[m [32mINFO  [m[[1;34mhttp-nio-8080-exec-50[m] [36mStatusUpdateBusinessRuleServiceImpl[m - [rules] START validate-trade tradeId=1547171 sideId=2 code=RULE_ASSIGNMENT
[30m2026-09-09T12:11:15,584[m [32mINFO  [m[[1;34mhttp-nio-8080-exec-50[m] [36mStatusUpdateBusinessRuleServiceImpl[m - [rules] process-rule rule=RULE_SIDE ruleId=230 result=OK status-http=6ms total=6ms
[30m2026-09-09T12:11:15,587[m [32mINFO  [m[[1;34mhttp-nio-8080-exec-50[m] [36mStatusUpdateBusinessRuleServiceImpl[m - [rules] process-rule rule=RULE_FRACTION ruleId=232 result=OK status-http=2ms total=2ms
[30m2026-09-09T12:11:15,589[m [32mINFO  [m[[1;34mhttp-nio-8080-exec-50[m] [36mStatusUpdateBusinessRuleServiceImpl[m - [rules] process-rule rule=RULE_FRACTION_CUSTODIAN ruleId=239 result=OK status-http=2ms total=2ms
[30m2026-09-09T12:11:15,591[m [32mINFO  [m[[1;34mhttp-nio-8080-exec-50[m] [36mStatusUpdateBusinessRuleServiceImpl[m - [rules] END validate-trade tradeId=1547171 sideId=2 result=OK elapsed=17ms
[30m2026-09-09T12:11:15,591[m [32mINFO  [m[[1;34mhttp-nio-8080-exec-50[m] [36mStatusUpdateBusinessRuleServiceImpl[m - PERF_ASSIGNMENT service=reglas podName=operaciones-reglas-back-app-5894db7bb6-4scl6 operation=validateUpdateStatusTrade result=SUCCESS tradeId=1547171 side=2 totalMs=18 loadTradeMs=2 loadSettlementsAndInputMs=1 loadBusinessRulesMs=0 evaluationMs=0 tradeRepositoryCalls=1 settlementRepositoryCalls=1 businessRuleRepositoryCalls=0 statusHttpCalls=4 statusRestTotalMs=12
[30m2026-09-09T12:11:15,591[m [32mINFO  [m[[1;34mhttp-nio-8080-exec-50[m] [36mStatusUpdateBusinessRuleServiceImpl[m - PERF_RULES_STATUS_SUMMARY service=reglas podName=operaciones-reglas-back-app-5894db7bb6-4scl6 validationCount=1 statusHttpCalls=4 statusHttpTotalMs=12 uniqueStatusTransitionKeys=4 tradeRepositoryCalls=1 settlementRepositoryCalls=1 businessRuleRepositoryCalls=0
[30m2026-09-09T12:11:15,638[m [32mINFO  [m[[1;34mhttp-nio-8080-exec-53[m] [36mStatusUpdateBusinessRuleServiceImpl[m - [rules] START validate-trade tradeId=1547172 sideId=2 code=RULE_ASSIGNMENT
[30m2026-09-09T12:11:15,645[m [32mINFO  [m[[1;34mhttp-nio-8080-exec-53[m] [36mStatusUpdateBusinessRuleServiceImpl[m - [rules] process-rule rule=RULE_SIDE ruleId=230 result=OK status-http=2ms total=2ms
[30m2026-09-09T12:11:15,648[m [32mINFO  [m[[1;34mhttp-nio-8080-exec-53[m] [36mStatusUpdateBusinessRuleServiceImpl[m - [rules] process-rule rule=RULE_FRACTION ruleId=232 result=OK status-http=2ms total=2ms
[30m2026-09-09T12:11:15,652[m [32mINFO  [m[[1;34mhttp-nio-8080-exec-53[m] [36mStatusUpdateBusinessRuleServiceImpl[m - [rules] process-rule rule=RULE_FRACTION_CUSTODIAN ruleId=239 result=OK status-http=3ms total=4ms
[30m2026-09-09T12:11:15,654[m [32mINFO  [m[[1;34mhttp-nio-8080-exec-53[m] [36mStatusUpdateBusinessRuleServiceImpl[m - [rules] END validate-trade tradeId=1547172 sideId=2 result=OK elapsed=16ms
[30m2026-09-09T12:11:15,654[m [32mINFO  [m[[1;34mhttp-nio-8080-exec-53[m] [36mStatusUpdateBusinessRuleServiceImpl[m - PERF_ASSIGNMENT service=reglas podName=operaciones-reglas-back-app-5894db7bb6-4scl6 operation=validateUpdateStatusTrade result=SUCCESS tradeId=1547172 side=2 totalMs=16 loadTradeMs=2 loadSettlementsAndInputMs=1 loadBusinessRulesMs=0 evaluationMs=0 tradeRepositoryCalls=1 settlementRepositoryCalls=1 businessRuleRepositoryCalls=0 statusHttpCalls=4 statusRestTotalMs=10
[30m2026-09-09T12:11:15,654[m [32mINFO  [m[[1;34mhttp-nio-8080-exec-53[m] [36mStatusUpdateBusinessRuleServiceImpl[m - PERF_RULES_STATUS_SUMMARY service=reglas podName=operaciones-reglas-back-app-5894db7bb6-4scl6 validationCount=1 statusHttpCalls=4 statusHttpTotalMs=10 uniqueStatusTransitionKeys=4 tradeRepositoryCalls=1 settlementRepositoryCalls=1 businessRuleRepositoryCalls=0
[30m2026-09-09T12:11:15,700[m [32mINFO  [m[[1;34mhttp-nio-8080-exec-52[m] [36mStatusUpdateBusinessRuleServiceImpl[m - [rules] START validate-trade tradeId=1547173 sideId=2 code=RULE_ASSIGNMENT
[30m2026-09-09T12:11:15,707[m [32mINFO  [m[[1;34mhttp-nio-8080-exec-52[m] [36mStatusUpdateBusinessRuleServiceImpl[m - [rules] process-rule rule=RULE_SIDE ruleId=230 result=OK status-http=2ms total=2ms
[30m2026-09-09T12:11:15,712[m [32mINFO  [m[[1;34mhttp-nio-8080-exec-52[m] [36mStatusUpdateBusinessRuleServiceImpl[m - [rules] process-rule rule=RULE_FRACTION ruleId=232 result=OK status-http=5ms total=5ms
[30m2026-09-09T12:11:15,714[m [32mINFO  [m[[1;34mhttp-nio-8080-exec-52[m] [36mStatusUpdateBusinessRuleServiceImpl[m - [rules] process-rule rule=RULE_FRACTION_CUSTODIAN ruleId=239 result=OK status-http=2ms total=2ms
[30m2026-09-09T12:11:15,717[m [32mINFO  [m[[1;34mhttp-nio-8080-exec-52[m] [36mStatusUpdateBusinessRuleServiceImpl[m - [rules] END validate-trade tradeId=1547173 sideId=2 result=OK elapsed=16ms
[30m2026-09-09T12:11:15,717[m [32mINFO  [m[[1;34mhttp-nio-8080-exec-52[m] [36mStatusUpdateBusinessRuleServiceImpl[m - PERF_ASSIGNMENT service=reglas podName=operaciones-reglas-back-app-5894db7bb6-4scl6 operation=validateUpdateStatusTrade result=SUCCESS tradeId=1547173 side=2 totalMs=16 loadTradeMs=2 loadSettlementsAndInputMs=1 loadBusinessRulesMs=0 evaluationMs=0 tradeRepositoryCalls=1 settlementRepositoryCalls=1 businessRuleRepositoryCalls=0 statusHttpCalls=4 statusRestTotalMs=11
[30m2026-09-09T12:11:15,717[m [32mINFO  [m[[1;34mhttp-nio-8080-exec-52[m] [36mStatusUpdateBusinessRuleServiceImpl[m - PERF_RULES_STATUS_SUMMARY service=reglas podName=operaciones-reglas-back-app-5894db7bb6-4scl6 validationCount=1 statusHttpCalls=4 statusHttpTotalMs=11 uniqueStatusTransitionKeys=4 tradeRepositoryCalls=1 settlementRepositoryCalls=1 businessRuleRepositoryCalls=0
[30m2026-09-09T12:11:15,759[m [32mINFO  [m[[1;34mhttp-nio-8080-exec-54[m] [36mStatusUpdateBusinessRuleServiceImpl[m - [rules] START validate-trade tradeId=1547174 sideId=2 code=RULE_ASSIGNMENT
[30m2026-09-09T12:11:15,769[m [32mINFO  [m[[1;34mhttp-nio-8080-exec-54[m] [36mStatusUpdateBusinessRuleServiceImpl[m - [rules] process-rule rule=RULE_SIDE ruleId=230 result=OK status-http=2ms total=2ms
[30m2026-09-09T12:11:15,771[m [32mINFO  [m[[1;34mhttp-nio-8080-exec-54[m] [36mStatusUpdateBusinessRuleServiceImpl[m - [rules] process-rule rule=RULE_FRACTION ruleId=232 result=OK status-http=2ms total=2ms
[30m2026-09-09T12:11:15,773[m [32mINFO  [m[[1;34mhttp-nio-8080-exec-54[m] [36mStatusUpdateBusinessRuleServiceImpl[m - [rules] process-rule rule=RULE_FRACTION_CUSTODIAN ruleId=239 result=OK status-http=1ms total=1ms
[30m2026-09-09T12:11:15,775[m [32mINFO  [m[[1;34mhttp-nio-8080-exec-54[m] [36mStatusUpdateBusinessRuleServiceImpl[m - [rules] END validate-trade tradeId=1547174 sideId=2 result=OK elapsed=16ms
[30m2026-09-09T12:11:15,775[m [32mINFO  [m[[1;34mhttp-nio-8080-exec-54[m] [36mStatusUpdateBusinessRuleServiceImpl[m - PERF_ASSIGNMENT service=reglas podName=operaciones-reglas-back-app-5894db7bb6-4scl6 operation=validateUpdateStatusTrade result=SUCCESS tradeId=1547174 side=2 totalMs=16 loadTradeMs=5 loadSettlementsAndInputMs=1 loadBusinessRulesMs=0 evaluationMs=0 tradeRepositoryCalls=1 settlementRepositoryCalls=1 businessRuleRepositoryCalls=0 statusHttpCalls=4 statusRestTotalMs=7
[30m2026-09-09T12:11:15,776[m [32mINFO  [m[[1;34mhttp-nio-8080-exec-54[m] [36mStatusUpdateBusinessRuleServiceImpl[m - PERF_RULES_STATUS_SUMMARY service=reglas podName=operaciones-reglas-back-app-5894db7bb6-4scl6 validationCount=1 statusHttpCalls=4 statusHttpTotalMs=7 uniqueStatusTransitionKeys=4 tradeRepositoryCalls=1 settlementRepositoryCalls=1 businessRuleRepositoryCalls=0
[30m2026-09-09T12:11:15,820[m [32mINFO  [m[[1;34mhttp-nio-8080-exec-56[m] [36mStatusUpdateBusinessRuleServiceImpl[m - [rules] START validate-trade tradeId=1547175 sideId=2 code=RULE_ASSIGNMENT
[30m2026-09-09T12:11:15,827[m [32mINFO  [m[[1;34mhttp-nio-8080-exec-56[m] [36mStatusUpdateBusinessRuleServiceImpl[m - [rules] process-rule rule=RULE_SIDE ruleId=230 result=OK status-http=2ms total=2ms
[30m2026-09-09T12:11:15,829[m [32mINFO  [m[[1;34mhttp-nio-8080-exec-56[m] [36mStatusUpdateBusinessRuleServiceImpl[m - [rules] process-rule rule=RULE_FRACTION ruleId=232 result=OK status-http=2ms total=2ms
[30m2026-09-09T12:11:15,831[m [32mINFO  [m[[1;34mhttp-nio-8080-exec-56[m] [36mStatusUpdateBusinessRuleServiceImpl[m - [rules] process-rule rule=RULE_FRACTION_CUSTODIAN ruleId=239 result=OK status-http=2ms total=2ms
[30m2026-09-09T12:11:15,833[m [32mINFO  [m[[1;34mhttp-nio-8080-exec-56[m] [36mStatusUpdateBusinessRuleServiceImpl[m - [rules] END validate-trade tradeId=1547175 sideId=2 result=OK elapsed=13ms
[30m2026-09-09T12:11:15,833[m [32mINFO  [m[[1;34mhttp-nio-8080-exec-56[m] [36mStatusUpdateBusinessRuleServiceImpl[m - PERF_ASSIGNMENT service=reglas podName=operaciones-reglas-back-app-5894db7bb6-4scl6 operation=validateUpdateStatusTrade result=SUCCESS tradeId=1547175 side=2 totalMs=13 loadTradeMs=2 loadSettlementsAndInputMs=1 loadBusinessRulesMs=0 evaluationMs=0 tradeRepositoryCalls=1 settlementRepositoryCalls=1 businessRuleRepositoryCalls=0 statusHttpCalls=4 statusRestTotalMs=8
[30m2026-09-09T12:11:15,834[m [32mINFO  [m[[1;34mhttp-nio-8080-exec-56[m] [36mStatusUpdateBusinessRuleServiceImpl[m - PERF_RULES_STATUS_SUMMARY service=reglas podName=operaciones-reglas-back-app-5894db7bb6-4scl6 validationCount=1 statusHttpCalls=4 statusHttpTotalMs=8 uniqueStatusTransitionKeys=4 tradeRepositoryCalls=1 settlementRepositoryCalls=1 businessRuleRepositoryCalls=0
[30m2026-09-09T12:11:15,877[m [32mINFO  [m[[1;34mhttp-nio-8080-exec-55[m] [36mStatusUpdateBusinessRuleServiceImpl[m - [rules] START validate-trade tradeId=1547176 sideId=2 code=RULE_ASSIGNMENT
[30m2026-09-09T12:11:15,886[m [32mINFO  [m[[1;34mhttp-nio-8080-exec-55[m] [36mStatusUpdateBusinessRuleServiceImpl[m - [rules] process-rule rule=RULE_SIDE ruleId=230 result=OK status-http=2ms total=3ms
[30m2026-09-09T12:11:15,889[m [32mINFO  [m[[1;34mhttp-nio-8080-exec-55[m] [36mStatusUpdateBusinessRuleServiceImpl[m - [rules] process-rule rule=RULE_FRACTION ruleId=232 result=OK status-http=2ms total=2ms
[30m2026-09-09T12:11:15,892[m [32mINFO  [m[[1;34mhttp-nio-8080-exec-55[m] [36mStatusUpdateBusinessRuleServiceImpl[m - [rules] process-rule rule=RULE_FRACTION_CUSTODIAN ruleId=239 result=OK status-http=2ms total=2ms
[30m2026-09-09T12:11:15,894[m [32mINFO  [m[[1;34mhttp-nio-8080-exec-55[m] [36mStatusUpdateBusinessRuleServiceImpl[m - [rules] END validate-trade tradeId=1547176 sideId=2 result=OK elapsed=17ms
[30m2026-09-09T12:11:15,895[m [32mINFO  [m[[1;34mhttp-nio-8080-exec-55[m] [36mStatusUpdateBusinessRuleServiceImpl[m - PERF_ASSIGNMENT service=reglas podName=operaciones-reglas-back-app-5894db7bb6-4scl6 operation=validateUpdateStatusTrade result=SUCCESS tradeId=1547176 side=2 totalMs=18 loadTradeMs=4 loadSettlementsAndInputMs=1 loadBusinessRulesMs=0 evaluationMs=0 tradeRepositoryCalls=1 settlementRepositoryCalls=1 businessRuleRepositoryCalls=0 statusHttpCalls=4 statusRestTotalMs=10
[30m2026-09-09T12:11:15,895[m [32mINFO  [m[[1;34mhttp-nio-8080-exec-55[m] [36mStatusUpdateBusinessRuleServiceImpl[m - PERF_RULES_STATUS_SUMMARY service=reglas podName=operaciones-reglas-back-app-5894db7bb6-4scl6 validationCount=1 statusHttpCalls=4 statusHttpTotalMs=10 uniqueStatusTransitionKeys=4 tradeRepositoryCalls=1 settlementRepositoryCalls=1 businessRuleRepositoryCalls=0
[30m2026-09-09T12:11:15,944[m [32mINFO  [m[[1;34mhttp-nio-8080-exec-57[m] [36mStatusUpdateBusinessRuleServiceImpl[m - [rules] START validate-trade tradeId=1547177 sideId=2 code=RULE_ASSIGNMENT
[30m2026-09-09T12:11:15,953[m [32mINFO  [m[[1;34mhttp-nio-8080-exec-57[m] [36mStatusUpdateBusinessRuleServiceImpl[m - [rules] process-rule rule=RULE_SIDE ruleId=230 result=OK status-http=2ms total=2ms
[30m2026-09-09T12:11:15,955[m [32mINFO  [m[[1;34mhttp-nio-8080-exec-57[m] [36mStatusUpdateBusinessRuleServiceImpl[m - [rules] process-rule rule=RULE_FRACTION ruleId=232 result=OK status-http=1ms total=2ms
[30m2026-09-09T12:11:15,958[m [32mINFO  [m[[1;34mhttp-nio-8080-exec-57[m] [36mStatusUpdateBusinessRuleServiceImpl[m - [rules] process-rule rule=RULE_FRACTION_CUSTODIAN ruleId=239 result=OK status-http=2ms total=2ms
[30m2026-09-09T12:11:15,960[m [32mINFO  [m[[1;34mhttp-nio-8080-exec-57[m] [36mStatusUpdateBusinessRuleServiceImpl[m - [rules] END validate-trade tradeId=1547177 sideId=2 result=OK elapsed=16ms
[30m2026-09-09T12:11:15,960[m [32mINFO  [m[[1;34mhttp-nio-8080-exec-57[m] [36mStatusUpdateBusinessRuleServiceImpl[m - PERF_ASSIGNMENT service=reglas podName=operaciones-reglas-back-app-5894db7bb6-4scl6 operation=validateUpdateStatusTrade result=SUCCESS tradeId=1547177 side=2 totalMs=16 loadTradeMs=3 loadSettlementsAndInputMs=2 loadBusinessRulesMs=0 evaluationMs=0 tradeRepositoryCalls=1 settlementRepositoryCalls=1 businessRuleRepositoryCalls=0 statusHttpCalls=4 statusRestTotalMs=8
[30m2026-09-09T12:11:15,960[m [32mINFO  [m[[1;34mhttp-nio-8080-exec-57[m] [36mStatusUpdateBusinessRuleServiceImpl[m - PERF_RULES_STATUS_SUMMARY service=reglas podName=operaciones-reglas-back-app-5894db7bb6-4scl6 validationCount=1 statusHttpCalls=4 statusHttpTotalMs=8 uniqueStatusTransitionKeys=4 tradeRepositoryCalls=1 settlementRepositoryCalls=1 businessRuleRepositoryCalls=0
[30m2026-09-09T12:11:16,006[m [32mINFO  [m[[1;34mhttp-nio-8080-exec-58[m] [36mStatusUpdateBusinessRuleServiceImpl[m - [rules] START validate-trade tradeId=1547178 sideId=2 code=RULE_ASSIGNMENT
[30m2026-09-09T12:11:16,014[m [32mINFO  [m[[1;34mhttp-nio-8080-exec-58[m] [36mStatusUpdateBusinessRuleServiceImpl[m - [rules] process-rule rule=RULE_SIDE ruleId=230 result=OK status-http=2ms total=2ms
[30m2026-09-09T12:11:16,016[m [32mINFO  [m[[1;34mhttp-nio-8080-exec-58[m] [36mStatusUpdateBusinessRuleServiceImpl[m - [rules] process-rule rule=RULE_FRACTION ruleId=232 result=OK status-http=1ms total=2ms
[30m2026-09-09T12:11:16,019[m [32mINFO  [m[[1;34mhttp-nio-8080-exec-58[m] [36mStatusUpdateBusinessRuleServiceImpl[m - [rules] process-rule rule=RULE_FRACTION_CUSTODIAN ruleId=239 result=OK status-http=2ms total=2ms
[30m2026-09-09T12:11:16,021[m [32mINFO  [m[[1;34mhttp-nio-8080-exec-58[m] [36mStatusUpdateBusinessRuleServiceImpl[m - [rules] END validate-trade tradeId=1547178 sideId=2 result=OK elapsed=14ms
[30m2026-09-09T12:11:16,021[m [32mINFO  [m[[1;34mhttp-nio-8080-exec-58[m] [36mStatusUpdateBusinessRuleServiceImpl[m - PERF_ASSIGNMENT service=reglas podName=operaciones-reglas-back-app-5894db7bb6-4scl6 operation=validateUpdateStatusTrade result=SUCCESS tradeId=1547178 side=2 totalMs=15 loadTradeMs=3 loadSettlementsAndInputMs=1 loadBusinessRulesMs=0 evaluationMs=0 tradeRepositoryCalls=1 settlementRepositoryCalls=1 businessRuleRepositoryCalls=0 statusHttpCalls=4 statusRestTotalMs=9
[30m2026-09-09T12:11:16,021[m [32mINFO  [m[[1;34mhttp-nio-8080-exec-58[m] [36mStatusUpdateBusinessRuleServiceImpl[m - PERF_RULES_STATUS_SUMMARY service=reglas podName=operaciones-reglas-back-app-5894db7bb6-4scl6 validationCount=1 statusHttpCalls=4 statusHttpTotalMs=9 uniqueStatusTransitionKeys=4 tradeRepositoryCalls=1 settlementRepositoryCalls=1 businessRuleRepositoryCalls=0
[30m2026-09-09T12:11:16,063[m [32mINFO  [m[[1;34mhttp-nio-8080-exec-59[m] [36mStatusUpdateBusinessRuleServiceImpl[m - [rules] START validate-trade tradeId=1547179 sideId=2 code=RULE_ASSIGNMENT
[30m2026-09-09T12:11:16,073[m [32mINFO  [m[[1;34mhttp-nio-8080-exec-59[m] [36mStatusUpdateBusinessRuleServiceImpl[m - [rules] process-rule rule=RULE_SIDE ruleId=230 result=OK status-http=5ms total=5ms
[30m2026-09-09T12:11:16,076[m [32mINFO  [m[[1;34mhttp-nio-8080-exec-59[m] [36mStatusUpdateBusinessRuleServiceImpl[m - [rules] process-rule rule=RULE_FRACTION ruleId=232 result=OK status-http=2ms total=2ms
[30m2026-09-09T12:11:16,078[m [32mINFO  [m[[1;34mhttp-nio-8080-exec-59[m] [36mStatusUpdateBusinessRuleServiceImpl[m - [rules] process-rule rule=RULE_FRACTION_CUSTODIAN ruleId=239 result=OK status-http=1ms total=1ms
[30m2026-09-09T12:11:16,080[m [32mINFO  [m[[1;34mhttp-nio-8080-exec-59[m] [36mStatusUpdateBusinessRuleServiceImpl[m - [rules] END validate-trade tradeId=1547179 sideId=2 result=OK elapsed=17ms
[30m2026-09-09T12:11:16,080[m [32mINFO  [m[[1;34mhttp-nio-8080-exec-59[m] [36mStatusUpdateBusinessRuleServiceImpl[m - PERF_ASSIGNMENT service=reglas podName=operaciones-reglas-back-app-5894db7bb6-4scl6 operation=validateUpdateStatusTrade result=SUCCESS tradeId=1547179 side=2 totalMs=17 loadTradeMs=2 loadSettlementsAndInputMs=1 loadBusinessRulesMs=0 evaluationMs=0 tradeRepositoryCalls=1 settlementRepositoryCalls=1 businessRuleRepositoryCalls=0 statusHttpCalls=4 statusRestTotalMs=12
[30m2026-09-09T12:11:16,080[m [32mINFO  [m[[1;34mhttp-nio-8080-exec-59[m] [36mStatusUpdateBusinessRuleServiceImpl[m - PERF_RULES_STATUS_SUMMARY service=reglas podName=operaciones-reglas-back-app-5894db7bb6-4scl6 validationCount=1 statusHttpCalls=4 statusHttpTotalMs=12 uniqueStatusTransitionKeys=4 tradeRepositoryCalls=1 settlementRepositoryCalls=1 businessRuleRepositoryCalls=0
[30m2026-09-09T12:11:16,123[m [32mINFO  [m[[1;34mhttp-nio-8080-exec-60[m] [36mStatusUpdateBusinessRuleServiceImpl[m - [rules] START validate-trade tradeId=1547180 sideId=2 code=RULE_ASSIGNMENT
[30m2026-09-09T12:11:16,130[m [32mINFO  [m[[1;34mhttp-nio-8080-exec-60[m] [36mStatusUpdateBusinessRuleServiceImpl[m - [rules] process-rule rule=RULE_SIDE ruleId=230 result=OK status-http=2ms total=2ms
[30m2026-09-09T12:11:16,132[m [32mINFO  [m[[1;34mhttp-nio-8080-exec-60[m] [36mStatusUpdateBusinessRuleServiceImpl[m - [rules] process-rule rule=RULE_FRACTION ruleId=232 result=OK status-http=1ms total=1ms
[30m2026-09-09T12:11:16,134[m [32mINFO  [m[[1;34mhttp-nio-8080-exec-60[m] [36mStatusUpdateBusinessRuleServiceImpl[m - [rules] process-rule rule=RULE_FRACTION_CUSTODIAN ruleId=239 result=OK status-http=2ms total=2ms
[30m2026-09-09T12:11:16,136[m [32mINFO  [m[[1;34mhttp-nio-8080-exec-60[m] [36mStatusUpdateBusinessRuleServiceImpl[m - [rules] END validate-trade tradeId=1547180 sideId=2 result=OK elapsed=13ms
[30m2026-09-09T12:11:16,137[m [32mINFO  [m[[1;34mhttp-nio-8080-exec-60[m] [36mStatusUpdateBusinessRuleServiceImpl[m - PERF_ASSIGNMENT service=reglas podName=operaciones-reglas-back-app-5894db7bb6-4scl6 operation=validateUpdateStatusTrade result=SUCCESS tradeId=1547180 side=2 totalMs=13 loadTradeMs=2 loadSettlementsAndInputMs=1 loadBusinessRulesMs=0 evaluationMs=0 tradeRepositoryCalls=1 settlementRepositoryCalls=1 businessRuleRepositoryCalls=0 statusHttpCalls=4 statusRestTotalMs=8
[30m2026-09-09T12:11:16,137[m [32mINFO  [m[[1;34mhttp-nio-8080-exec-60[m] [36mStatusUpdateBusinessRuleServiceImpl[m - PERF_RULES_STATUS_SUMMARY service=reglas podName=operaciones-reglas-back-app-5894db7bb6-4scl6 validationCount=1 statusHttpCalls=4 statusHttpTotalMs=8 uniqueStatusTransitionKeys=4 tradeRepositoryCalls=1 settlementRepositoryCalls=1 businessRuleRepositoryCalls=0
[30m2026-09-09T12:11:16,179[m [32mINFO  [m[[1;34mhttp-nio-8080-exec-61[m] [36mStatusUpdateBusinessRuleServiceImpl[m - [rules] START validate-trade tradeId=1547181 sideId=2 code=RULE_ASSIGNMENT
[30m2026-09-09T12:11:16,187[m [32mINFO  [m[[1;34mhttp-nio-8080-exec-61[m] [36mStatusUpdateBusinessRuleServiceImpl[m - [rules] process-rule rule=RULE_SIDE ruleId=230 result=OK status-http=2ms total=2ms
[30m2026-09-09T12:11:16,189[m [32mINFO  [m[[1;34mhttp-nio-8080-exec-61[m] [36mStatusUpdateBusinessRuleServiceImpl[m - [rules] process-rule rule=RULE_FRACTION ruleId=232 result=OK status-http=1ms total=2ms
[30m2026-09-09T12:11:16,192[m [32mINFO  [m[[1;34mhttp-nio-8080-exec-61[m] [36mStatusUpdateBusinessRuleServiceImpl[m - [rules] process-rule rule=RULE_FRACTION_CUSTODIAN ruleId=239 result=OK status-http=2ms total=2ms
[30m2026-09-09T12:11:16,194[m [32mINFO  [m[[1;34mhttp-nio-8080-exec-61[m] [36mStatusUpdateBusinessRuleServiceImpl[m - [rules] END validate-trade tradeId=1547181 sideId=2 result=OK elapsed=15ms
[30m2026-09-09T12:11:16,194[m [32mINFO  [m[[1;34mhttp-nio-8080-exec-61[m] [36mStatusUpdateBusinessRuleServiceImpl[m - PERF_ASSIGNMENT service=reglas podName=operaciones-reglas-back-app-5894db7bb6-4scl6 operation=validateUpdateStatusTrade result=SUCCESS tradeId=1547181 side=2 totalMs=15 loadTradeMs=3 loadSettlementsAndInputMs=2 loadBusinessRulesMs=0 evaluationMs=0 tradeRepositoryCalls=1 settlementRepositoryCalls=1 businessRuleRepositoryCalls=0 statusHttpCalls=4 statusRestTotalMs=8
[30m2026-09-09T12:11:16,194[m [32mINFO  [m[[1;34mhttp-nio-8080-exec-61[m] [36mStatusUpdateBusinessRuleServiceImpl[m - PERF_RULES_STATUS_SUMMARY service=reglas podName=operaciones-reglas-back-app-5894db7bb6-4scl6 validationCount=1 statusHttpCalls=4 statusHttpTotalMs=8 uniqueStatusTransitionKeys=4 tradeRepositoryCalls=1 settlementRepositoryCalls=1 businessRuleRepositoryCalls=0
[30m2026-09-09T12:11:16,238[m [32mINFO  [m[[1;34mhttp-nio-8080-exec-62[m] [36mStatusUpdateBusinessRuleServiceImpl[m - [rules] START validate-trade tradeId=1547182 sideId=2 code=RULE_ASSIGNMENT
[30m2026-09-09T12:11:16,245[m [32mINFO  [m[[1;34mhttp-nio-8080-exec-62[m] [36mStatusUpdateBusinessRuleServiceImpl[m - [rules] process-rule rule=RULE_SIDE ruleId=230 result=OK status-http=2ms total=3ms
[30m2026-09-09T12:11:16,248[m [32mINFO  [m[[1;34mhttp-nio-8080-exec-62[m] [36mStatusUpdateBusinessRuleServiceImpl[m - [rules] process-rule rule=RULE_FRACTION ruleId=232 result=OK status-http=2ms total=2ms
[30m2026-09-09T12:11:16,251[m [32mINFO  [m[[1;34mhttp-nio-8080-exec-62[m] [36mStatusUpdateBusinessRuleServiceImpl[m - [rules] process-rule rule=RULE_FRACTION_CUSTODIAN ruleId=239 result=OK status-http=2ms total=2ms
[30m2026-09-09T12:11:16,253[m [32mINFO  [m[[1;34mhttp-nio-8080-exec-62[m] [36mStatusUpdateBusinessRuleServiceImpl[m - [rules] END validate-trade tradeId=1547182 sideId=2 result=OK elapsed=15ms
[30m2026-09-09T12:11:16,253[m [32mINFO  [m[[1;34mhttp-nio-8080-exec-62[m] [36mStatusUpdateBusinessRuleServiceImpl[m - PERF_ASSIGNMENT service=reglas podName=operaciones-reglas-back-app-5894db7bb6-4scl6 operation=validateUpdateStatusTrade result=SUCCESS tradeId=1547182 side=2 totalMs=15 loadTradeMs=2 loadSettlementsAndInputMs=1 loadBusinessRulesMs=0 evaluationMs=0 tradeRepositoryCalls=1 settlementRepositoryCalls=1 businessRuleRepositoryCalls=0 statusHttpCalls=4 statusRestTotalMs=10
[30m2026-09-09T12:11:16,253[m [32mINFO  [m[[1;34mhttp-nio-8080-exec-62[m] [36mStatusUpdateBusinessRuleServiceImpl[m - PERF_RULES_STATUS_SUMMARY service=reglas podName=operaciones-reglas-back-app-5894db7bb6-4scl6 validationCount=1 statusHttpCalls=4 statusHttpTotalMs=10 uniqueStatusTransitionKeys=4 tradeRepositoryCalls=1 settlementRepositoryCalls=1 businessRuleRepositoryCalls=0
[30m2026-09-09T12:11:16,301[m [32mINFO  [m[[1;34mhttp-nio-8080-exec-63[m] [36mStatusUpdateBusinessRuleServiceImpl[m - [rules] START validate-trade tradeId=1547183 sideId=2 code=RULE_ASSIGNMENT
[30m2026-09-09T12:11:16,310[m [32mINFO  [m[[1;34mhttp-nio-8080-exec-63[m] [36mStatusUpdateBusinessRuleServiceImpl[m - [rules] process-rule rule=RULE_SIDE ruleId=230 result=OK status-http=4ms total=4ms
[30m2026-09-09T12:11:16,313[m [32mINFO  [m[[1;34mhttp-nio-8080-exec-63[m] [36mStatusUpdateBusinessRuleServiceImpl[m - [rules] process-rule rule=RULE_FRACTION ruleId=232 result=OK status-http=2ms total=2ms
[30m2026-09-09T12:11:16,316[m [32mINFO  [m[[1;34mhttp-nio-8080-exec-63[m] [36mStatusUpdateBusinessRuleServiceImpl[m - [rules] process-rule rule=RULE_FRACTION_CUSTODIAN ruleId=239 result=OK status-http=2ms total=2ms
[30m2026-09-09T12:11:16,320[m [32mINFO  [m[[1;34mhttp-nio-8080-exec-63[m] [36mStatusUpdateBusinessRuleServiceImpl[m - [rules] END validate-trade tradeId=1547183 sideId=2 result=OK elapsed=18ms
[30m2026-09-09T12:11:16,320[m [32mINFO  [m[[1;34mhttp-nio-8080-exec-63[m] [36mStatusUpdateBusinessRuleServiceImpl[m - PERF_ASSIGNMENT service=reglas podName=operaciones-reglas-back-app-5894db7bb6-4scl6 operation=validateUpdateStatusTrade result=SUCCESS tradeId=1547183 side=2 totalMs=18 loadTradeMs=3 loadSettlementsAndInputMs=1 loadBusinessRulesMs=0 evaluationMs=0 tradeRepositoryCalls=1 settlementRepositoryCalls=1 businessRuleRepositoryCalls=0 statusHttpCalls=4 statusRestTotalMs=12
[30m2026-09-09T12:11:16,320[m [32mINFO  [m[[1;34mhttp-nio-8080-exec-63[m] [36mStatusUpdateBusinessRuleServiceImpl[m - PERF_RULES_STATUS_SUMMARY service=reglas podName=operaciones-reglas-back-app-5894db7bb6-4scl6 validationCount=1 statusHttpCalls=4 statusHttpTotalMs=12 uniqueStatusTransitionKeys=4 tradeRepositoryCalls=1 settlementRepositoryCalls=1 businessRuleRepositoryCalls=0
[30m2026-09-09T12:11:16,361[m [32mINFO  [m[[1;34mhttp-nio-8080-exec-64[m] [36mStatusUpdateBusinessRuleServiceImpl[m - [rules] START validate-trade tradeId=1547184 sideId=2 code=RULE_ASSIGNMENT
[30m2026-09-09T12:11:16,369[m [32mINFO  [m[[1;34mhttp-nio-8080-exec-64[m] [36mStatusUpdateBusinessRuleServiceImpl[m - [rules] process-rule rule=RULE_SIDE ruleId=230 result=OK status-http=2ms total=3ms
[30m2026-09-09T12:11:16,372[m [32mINFO  [m[[1;34mhttp-nio-8080-exec-64[m] [36mStatusUpdateBusinessRuleServiceImpl[m - [rules] process-rule rule=RULE_FRACTION ruleId=232 result=OK status-http=3ms total=3ms
[30m2026-09-09T12:11:16,375[m [32mINFO  [m[[1;34mhttp-nio-8080-exec-64[m] [36mStatusUpdateBusinessRuleServiceImpl[m - [rules] process-rule rule=RULE_FRACTION_CUSTODIAN ruleId=239 result=OK status-http=2ms total=2ms
[30m2026-09-09T12:11:16,378[m [32mINFO  [m[[1;34mhttp-nio-8080-exec-64[m] [36mStatusUpdateBusinessRuleServiceImpl[m - [rules] END validate-trade tradeId=1547184 sideId=2 result=OK elapsed=16ms
[30m2026-09-09T12:11:16,378[m [32mINFO  [m[[1;34mhttp-nio-8080-exec-64[m] [36mStatusUpdateBusinessRuleServiceImpl[m - PERF_ASSIGNMENT service=reglas podName=operaciones-reglas-back-app-5894db7bb6-4scl6 operation=validateUpdateStatusTrade result=SUCCESS tradeId=1547184 side=2 totalMs=17 loadTradeMs=2 loadSettlementsAndInputMs=1 loadBusinessRulesMs=0 evaluationMs=0 tradeRepositoryCalls=1 settlementRepositoryCalls=1 businessRuleRepositoryCalls=0 statusHttpCalls=4 statusRestTotalMs=11
[30m2026-09-09T12:11:16,378[m [32mINFO  [m[[1;34mhttp-nio-8080-exec-64[m] [36mStatusUpdateBusinessRuleServiceImpl[m - PERF_RULES_STATUS_SUMMARY service=reglas podName=operaciones-reglas-back-app-5894db7bb6-4scl6 validationCount=1 statusHttpCalls=4 statusHttpTotalMs=11 uniqueStatusTransitionKeys=4 tradeRepositoryCalls=1 settlementRepositoryCalls=1 businessRuleRepositoryCalls=0
[30m2026-09-09T12:11:16,420[m [32mINFO  [m[[1;34mhttp-nio-8080-exec-66[m] [36mStatusUpdateBusinessRuleServiceImpl[m - [rules] START validate-trade tradeId=1547185 sideId=2 code=RULE_ASSIGNMENT
[30m2026-09-09T12:11:16,427[m [32mINFO  [m[[1;34mhttp-nio-8080-exec-66[m] [36mStatusUpdateBusinessRuleServiceImpl[m - [rules] process-rule rule=RULE_SIDE ruleId=230 result=OK status-http=2ms total=2ms
[30m2026-09-09T12:11:16,429[m [32mINFO  [m[[1;34mhttp-nio-8080-exec-66[m] [36mStatusUpdateBusinessRuleServiceImpl[m - [rules] process-rule rule=RULE_FRACTION ruleId=232 result=OK status-http=2ms total=2ms
[30m2026-09-09T12:11:16,432[m [32mINFO  [m[[1;34mhttp-nio-8080-exec-66[m] [36mStatusUpdateBusinessRuleServiceImpl[m - [rules] process-rule rule=RULE_FRACTION_CUSTODIAN ruleId=239 result=OK status-http=2ms total=2ms
[30m2026-09-09T12:11:16,435[m [32mINFO  [m[[1;34mhttp-nio-8080-exec-66[m] [36mStatusUpdateBusinessRuleServiceImpl[m - [rules] END validate-trade tradeId=1547185 sideId=2 result=OK elapsed=15ms
[30m2026-09-09T12:11:16,435[m [32mINFO  [m[[1;34mhttp-nio-8080-exec-66[m] [36mStatusUpdateBusinessRuleServiceImpl[m - PERF_ASSIGNMENT service=reglas podName=operaciones-reglas-back-app-5894db7bb6-4scl6 operation=validateUpdateStatusTrade result=SUCCESS tradeId=1547185 side=2 totalMs=15 loadTradeMs=2 loadSettlementsAndInputMs=1 loadBusinessRulesMs=0 evaluationMs=0 tradeRepositoryCalls=1 settlementRepositoryCalls=1 businessRuleRepositoryCalls=0 statusHttpCalls=4 statusRestTotalMs=9
[30m2026-09-09T12:11:16,435[m [32mINFO  [m[[1;34mhttp-nio-8080-exec-66[m] [36mStatusUpdateBusinessRuleServiceImpl[m - PERF_RULES_STATUS_SUMMARY service=reglas podName=operaciones-reglas-back-app-5894db7bb6-4scl6 validationCount=1 statusHttpCalls=4 statusHttpTotalMs=9 uniqueStatusTransitionKeys=4 tradeRepositoryCalls=1 settlementRepositoryCalls=1 businessRuleRepositoryCalls=0
[30m2026-09-09T12:11:16,476[m [32mINFO  [m[[1;34mhttp-nio-8080-exec-65[m] [36mStatusUpdateBusinessRuleServiceImpl[m - [rules] START validate-trade tradeId=1547186 sideId=2 code=RULE_ASSIGNMENT
[30m2026-09-09T12:11:16,485[m [32mINFO  [m[[1;34mhttp-nio-8080-exec-65[m] [36mStatusUpdateBusinessRuleServiceImpl[m - [rules] process-rule rule=RULE_SIDE ruleId=230 result=OK status-http=4ms total=4ms
[30m2026-09-09T12:11:16,492[m [32mINFO  [m[[1;34mhttp-nio-8080-exec-65[m] [36mStatusUpdateBusinessRuleServiceImpl[m - [rules] process-rule rule=RULE_FRACTION ruleId=232 result=OK status-http=6ms total=6ms
[30m2026-09-09T12:11:16,495[m [32mINFO  [m[[1;34mhttp-nio-8080-exec-65[m] [36mStatusUpdateBusinessRuleServiceImpl[m - [rules] process-rule rule=RULE_FRACTION_CUSTODIAN ruleId=239 result=OK status-http=2ms total=2ms
[30m2026-09-09T12:11:16,497[m [32mINFO  [m[[1;34mhttp-nio-8080-exec-65[m] [36mStatusUpdateBusinessRuleServiceImpl[m - [rules] END validate-trade tradeId=1547186 sideId=2 result=OK elapsed=21ms
[30m2026-09-09T12:11:16,497[m [32mINFO  [m[[1;34mhttp-nio-8080-exec-65[m] [36mStatusUpdateBusinessRuleServiceImpl[m - PERF_ASSIGNMENT service=reglas podName=operaciones-reglas-back-app-5894db7bb6-4scl6 operation=validateUpdateStatusTrade result=SUCCESS tradeId=1547186 side=2 totalMs=21 loadTradeMs=2 loadSettlementsAndInputMs=1 loadBusinessRulesMs=0 evaluationMs=0 tradeRepositoryCalls=1 settlementRepositoryCalls=1 businessRuleRepositoryCalls=0 statusHttpCalls=4 statusRestTotalMs=15
[30m2026-09-09T12:11:16,498[m [32mINFO  [m[[1;34mhttp-nio-8080-exec-65[m] [36mStatusUpdateBusinessRuleServiceImpl[m - PERF_RULES_STATUS_SUMMARY service=reglas podName=operaciones-reglas-back-app-5894db7bb6-4scl6 validationCount=1 statusHttpCalls=4 statusHttpTotalMs=15 uniqueStatusTransitionKeys=4 tradeRepositoryCalls=1 settlementRepositoryCalls=1 businessRuleRepositoryCalls=0
[30m2026-09-09T12:11:16,539[m [32mINFO  [m[[1;34mhttp-nio-8080-exec-68[m] [36mStatusUpdateBusinessRuleServiceImpl[m - [rules] START validate-trade tradeId=1547187 sideId=2 code=RULE_ASSIGNMENT
[30m2026-09-09T12:11:16,547[m [32mINFO  [m[[1;34mhttp-nio-8080-exec-68[m] [36mStatusUpdateBusinessRuleServiceImpl[m - [rules] process-rule rule=RULE_SIDE ruleId=230 result=OK status-http=2ms total=2ms
[30m2026-09-09T12:11:16,549[m [32mINFO  [m[[1;34mhttp-nio-8080-exec-68[m] [36mStatusUpdateBusinessRuleServiceImpl[m - [rules] process-rule rule=RULE_FRACTION ruleId=232 result=OK status-http=1ms total=2ms
[30m2026-09-09T12:11:16,551[m [32mINFO  [m[[1;34mhttp-nio-8080-exec-68[m] [36mStatusUpdateBusinessRuleServiceImpl[m - [rules] process-rule rule=RULE_FRACTION_CUSTODIAN ruleId=239 result=OK status-http=1ms total=1ms
[30m2026-09-09T12:11:16,553[m [32mINFO  [m[[1;34mhttp-nio-8080-exec-68[m] [36mStatusUpdateBusinessRuleServiceImpl[m - [rules] END validate-trade tradeId=1547187 sideId=2 result=OK elapsed=13ms
[30m2026-09-09T12:11:16,553[m [32mINFO  [m[[1;34mhttp-nio-8080-exec-68[m] [36mStatusUpdateBusinessRuleServiceImpl[m - PERF_ASSIGNMENT service=reglas podName=operaciones-reglas-back-app-5894db7bb6-4scl6 operation=validateUpdateStatusTrade result=SUCCESS tradeId=1547187 side=2 totalMs=13 loadTradeMs=2 loadSettlementsAndInputMs=1 loadBusinessRulesMs=0 evaluationMs=0 tradeRepositoryCalls=1 settlementRepositoryCalls=1 businessRuleRepositoryCalls=0 statusHttpCalls=4 statusRestTotalMs=8
[30m2026-09-09T12:11:16,553[m [32mINFO  [m[[1;34mhttp-nio-8080-exec-68[m] [36mStatusUpdateBusinessRuleServiceImpl[m - PERF_RULES_STATUS_SUMMARY service=reglas podName=operaciones-reglas-back-app-5894db7bb6-4scl6 validationCount=1 statusHttpCalls=4 statusHttpTotalMs=8 uniqueStatusTransitionKeys=4 tradeRepositoryCalls=1 settlementRepositoryCalls=1 businessRuleRepositoryCalls=0
[30m2026-09-09T12:11:16,596[m [32mINFO  [m[[1;34mhttp-nio-8080-exec-70[m] [36mStatusUpdateBusinessRuleServiceImpl[m - [rules] START validate-trade tradeId=1547188 sideId=2 code=RULE_ASSIGNMENT
[30m2026-09-09T12:11:16,603[m [32mINFO  [m[[1;34mhttp-nio-8080-exec-70[m] [36mStatusUpdateBusinessRuleServiceImpl[m - [rules] process-rule rule=RULE_SIDE ruleId=230 result=OK status-http=2ms total=2ms
[30m2026-09-09T12:11:16,605[m [32mINFO  [m[[1;34mhttp-nio-8080-exec-70[m] [36mStatusUpdateBusinessRuleServiceImpl[m - [rules] process-rule rule=RULE_FRACTION ruleId=232 result=OK status-http=1ms total=2ms
[30m2026-09-09T12:11:16,607[m [32mINFO  [m[[1;34mhttp-nio-8080-exec-70[m] [36mStatusUpdateBusinessRuleServiceImpl[m - [rules] process-rule rule=RULE_FRACTION_CUSTODIAN ruleId=239 result=OK status-http=1ms total=1ms
[30m2026-09-09T12:11:16,609[m [32mINFO  [m[[1;34mhttp-nio-8080-exec-70[m] [36mStatusUpdateBusinessRuleServiceImpl[m - [rules] END validate-trade tradeId=1547188 sideId=2 result=OK elapsed=13ms
[30m2026-09-09T12:11:16,609[m [32mINFO  [m[[1;34mhttp-nio-8080-exec-70[m] [36mStatusUpdateBusinessRuleServiceImpl[m - PERF_ASSIGNMENT service=reglas podName=operaciones-reglas-back-app-5894db7bb6-4scl6 operation=validateUpdateStatusTrade result=SUCCESS tradeId=1547188 side=2 totalMs=13 loadTradeMs=3 loadSettlementsAndInputMs=1 loadBusinessRulesMs=0 evaluationMs=0 tradeRepositoryCalls=1 settlementRepositoryCalls=1 businessRuleRepositoryCalls=0 statusHttpCalls=4 statusRestTotalMs=7
[30m2026-09-09T12:11:16,610[m [32mINFO  [m[[1;34mhttp-nio-8080-exec-70[m] [36mStatusUpdateBusinessRuleServiceImpl[m - PERF_RULES_STATUS_SUMMARY service=reglas podName=operaciones-reglas-back-app-5894db7bb6-4scl6 validationCount=1 statusHttpCalls=4 statusHttpTotalMs=7 uniqueStatusTransitionKeys=4 tradeRepositoryCalls=1 settlementRepositoryCalls=1 businessRuleRepositoryCalls=0
[30m2026-09-09T12:11:16,654[m [32mINFO  [m[[1;34mhttp-nio-8080-exec-67[m] [36mStatusUpdateBusinessRuleServiceImpl[m - [rules] START validate-trade tradeId=1547189 sideId=2 code=RULE_ASSIGNMENT
[30m2026-09-09T12:11:16,661[m [32mINFO  [m[[1;34mhttp-nio-8080-exec-67[m] [36mStatusUpdateBusinessRuleServiceImpl[m - [rules] process-rule rule=RULE_SIDE ruleId=230 result=OK status-http=2ms total=2ms
[30m2026-09-09T12:11:16,664[m [32mINFO  [m[[1;34mhttp-nio-8080-exec-67[m] [36mStatusUpdateBusinessRuleServiceImpl[m - [rules] process-rule rule=RULE_FRACTION ruleId=232 result=OK status-http=2ms total=2ms
[30m2026-09-09T12:11:16,666[m [32mINFO  [m[[1;34mhttp-nio-8080-exec-67[m] [36mStatusUpdateBusinessRuleServiceImpl[m - [rules] process-rule rule=RULE_FRACTION_CUSTODIAN ruleId=239 result=OK status-http=2ms total=2ms
[30m2026-09-09T12:11:16,669[m [32mINFO  [m[[1;34mhttp-nio-8080-exec-67[m] [36mStatusUpdateBusinessRuleServiceImpl[m - [rules] END validate-trade tradeId=1547189 sideId=2 result=OK elapsed=15ms
[30m2026-09-09T12:11:16,669[m [32mINFO  [m[[1;34mhttp-nio-8080-exec-67[m] [36mStatusUpdateBusinessRuleServiceImpl[m - PERF_ASSIGNMENT service=reglas podName=operaciones-reglas-back-app-5894db7bb6-4scl6 operation=validateUpdateStatusTrade result=SUCCESS tradeId=1547189 side=2 totalMs=15 loadTradeMs=2 loadSettlementsAndInputMs=1 loadBusinessRulesMs=0 evaluationMs=0 tradeRepositoryCalls=1 settlementRepositoryCalls=1 businessRuleRepositoryCalls=0 statusHttpCalls=4 statusRestTotalMs=9
[30m2026-09-09T12:11:16,669[m [32mINFO  [m[[1;34mhttp-nio-8080-exec-67[m] [36mStatusUpdateBusinessRuleServiceImpl[m - PERF_RULES_STATUS_SUMMARY service=reglas podName=operaciones-reglas-back-app-5894db7bb6-4scl6 validationCount=1 statusHttpCalls=4 statusHttpTotalMs=9 uniqueStatusTransitionKeys=4 tradeRepositoryCalls=1 settlementRepositoryCalls=1 businessRuleRepositoryCalls=0
[30m2026-09-09T12:11:16,709[m [32mINFO  [m[[1;34mhttp-nio-8080-exec-69[m] [36mStatusUpdateBusinessRuleServiceImpl[m - [rules] START validate-trade tradeId=1547190 sideId=2 code=RULE_ASSIGNMENT
[30m2026-09-09T12:11:16,716[m [32mINFO  [m[[1;34mhttp-nio-8080-exec-69[m] [36mStatusUpdateBusinessRuleServiceImpl[m - [rules] process-rule rule=RULE_SIDE ruleId=230 result=OK status-http=2ms total=2ms
[30m2026-09-09T12:11:16,718[m [32mINFO  [m[[1;34mhttp-nio-8080-exec-69[m] [36mStatusUpdateBusinessRuleServiceImpl[m - [rules] process-rule rule=RULE_FRACTION ruleId=232 result=OK status-http=1ms total=2ms
[30m2026-09-09T12:11:16,720[m [32mINFO  [m[[1;34mhttp-nio-8080-exec-69[m] [36mStatusUpdateBusinessRuleServiceImpl[m - [rules] process-rule rule=RULE_FRACTION_CUSTODIAN ruleId=239 result=OK status-http=2ms total=2ms
[30m2026-09-09T12:11:16,722[m [32mINFO  [m[[1;34mhttp-nio-8080-exec-69[m] [36mStatusUpdateBusinessRuleServiceImpl[m - [rules] END validate-trade tradeId=1547190 sideId=2 result=OK elapsed=13ms
[30m2026-09-09T12:11:16,722[m [32mINFO  [m[[1;34mhttp-nio-8080-exec-69[m] [36mStatusUpdateBusinessRuleServiceImpl[m - PERF_ASSIGNMENT service=reglas podName=operaciones-reglas-back-app-5894db7bb6-4scl6 operation=validateUpdateStatusTrade result=SUCCESS tradeId=1547190 side=2 totalMs=13 loadTradeMs=2 loadSettlementsAndInputMs=1 loadBusinessRulesMs=0 evaluationMs=0 tradeRepositoryCalls=1 settlementRepositoryCalls=1 businessRuleRepositoryCalls=0 statusHttpCalls=4 statusRestTotalMs=7
[30m2026-09-09T12:11:16,722[m [32mINFO  [m[[1;34mhttp-nio-8080-exec-69[m] [36mStatusUpdateBusinessRuleServiceImpl[m - PERF_RULES_STATUS_SUMMARY service=reglas podName=operaciones-reglas-back-app-5894db7bb6-4scl6 validationCount=1 statusHttpCalls=4 statusHttpTotalMs=7 uniqueStatusTransitionKeys=4 tradeRepositoryCalls=1 settlementRepositoryCalls=1 businessRuleRepositoryCalls=0
[30m2026-09-09T12:11:16,764[m [32mINFO  [m[[1;34mhttp-nio-8080-exec-72[m] [36mStatusUpdateBusinessRuleServiceImpl[m - [rules] START validate-trade tradeId=1547191 sideId=2 code=RULE_ASSIGNMENT
[30m2026-09-09T12:11:16,772[m [32mINFO  [m[[1;34mhttp-nio-8080-exec-72[m] [36mStatusUpdateBusinessRuleServiceImpl[m - [rules] process-rule rule=RULE_SIDE ruleId=230 result=OK status-http=3ms total=3ms
[30m2026-09-09T12:11:16,774[m [32mINFO  [m[[1;34mhttp-nio-8080-exec-72[m] [36mStatusUpdateBusinessRuleServiceImpl[m - [rules] process-rule rule=RULE_FRACTION ruleId=232 result=OK status-http=2ms total=2ms
[30m2026-09-09T12:11:16,777[m [32mINFO  [m[[1;34mhttp-nio-8080-exec-72[m] [36mStatusUpdateBusinessRuleServiceImpl[m - [rules] process-rule rule=RULE_FRACTION_CUSTODIAN ruleId=239 result=OK status-http=2ms total=2ms
[30m2026-09-09T12:11:16,780[m [32mINFO  [m[[1;34mhttp-nio-8080-exec-72[m] [36mStatusUpdateBusinessRuleServiceImpl[m - [rules] END validate-trade tradeId=1547191 sideId=2 result=OK elapsed=16ms
[30m2026-09-09T12:11:16,780[m [32mINFO  [m[[1;34mhttp-nio-8080-exec-72[m] [36mStatusUpdateBusinessRuleServiceImpl[m - PERF_ASSIGNMENT service=reglas podName=operaciones-reglas-back-app-5894db7bb6-4scl6 operation=validateUpdateStatusTrade result=SUCCESS tradeId=1547191 side=2 totalMs=16 loadTradeMs=2 loadSettlementsAndInputMs=1 loadBusinessRulesMs=0 evaluationMs=0 tradeRepositoryCalls=1 settlementRepositoryCalls=1 businessRuleRepositoryCalls=0 statusHttpCalls=4 statusRestTotalMs=10
[30m2026-09-09T12:11:16,780[m [32mINFO  [m[[1;34mhttp-nio-8080-exec-72[m] [36mStatusUpdateBusinessRuleServiceImpl[m - PERF_RULES_STATUS_SUMMARY service=reglas podName=operaciones-reglas-back-app-5894db7bb6-4scl6 validationCount=1 statusHttpCalls=4 statusHttpTotalMs=10 uniqueStatusTransitionKeys=4 tradeRepositoryCalls=1 settlementRepositoryCalls=1 businessRuleRepositoryCalls=0
[30m2026-09-09T12:11:16,822[m [32mINFO  [m[[1;34mhttp-nio-8080-exec-73[m] [36mStatusUpdateBusinessRuleServiceImpl[m - [rules] START validate-trade tradeId=1547192 sideId=2 code=RULE_ASSIGNMENT
[30m2026-09-09T12:11:16,830[m [32mINFO  [m[[1;34mhttp-nio-8080-exec-73[m] [36mStatusUpdateBusinessRuleServiceImpl[m - [rules] process-rule rule=RULE_SIDE ruleId=230 result=OK status-http=3ms total=3ms
[30m2026-09-09T12:11:16,832[m [32mINFO  [m[[1;34mhttp-nio-8080-exec-73[m] [36mStatusUpdateBusinessRuleServiceImpl[m - [rules] process-rule rule=RULE_FRACTION ruleId=232 result=OK status-http=2ms total=2ms
[30m2026-09-09T12:11:16,836[m [32mINFO  [m[[1;34mhttp-nio-8080-exec-73[m] [36mStatusUpdateBusinessRuleServiceImpl[m - [rules] process-rule rule=RULE_FRACTION_CUSTODIAN ruleId=239 result=OK status-http=3ms total=3ms
[30m2026-09-09T12:11:16,839[m [32mINFO  [m[[1;34mhttp-nio-8080-exec-73[m] [36mStatusUpdateBusinessRuleServiceImpl[m - [rules] END validate-trade tradeId=1547192 sideId=2 result=OK elapsed=16ms
[30m2026-09-09T12:11:16,839[m [32mINFO  [m[[1;34mhttp-nio-8080-exec-73[m] [36mStatusUpdateBusinessRuleServiceImpl[m - PERF_ASSIGNMENT service=reglas podName=operaciones-reglas-back-app-5894db7bb6-4scl6 operation=validateUpdateStatusTrade result=SUCCESS tradeId=1547192 side=2 totalMs=16 loadTradeMs=2 loadSettlementsAndInputMs=1 loadBusinessRulesMs=0 evaluationMs=0 tradeRepositoryCalls=1 settlementRepositoryCalls=1 businessRuleRepositoryCalls=0 statusHttpCalls=4 statusRestTotalMs=11
[30m2026-09-09T12:11:16,839[m [32mINFO  [m[[1;34mhttp-nio-8080-exec-73[m] [36mStatusUpdateBusinessRuleServiceImpl[m - PERF_RULES_STATUS_SUMMARY service=reglas podName=operaciones-reglas-back-app-5894db7bb6-4scl6 validationCount=1 statusHttpCalls=4 statusHttpTotalMs=11 uniqueStatusTransitionKeys=4 tradeRepositoryCalls=1 settlementRepositoryCalls=1 businessRuleRepositoryCalls=0
[30m2026-09-09T12:11:16,888[m [32mINFO  [m[[1;34mhttp-nio-8080-exec-71[m] [36mStatusUpdateBusinessRuleServiceImpl[m - [rules] START validate-trade tradeId=1547193 sideId=2 code=RULE_ASSIGNMENT
[30m2026-09-09T12:11:16,901[m [32mINFO  [m[[1;34mhttp-nio-8080-exec-71[m] [36mStatusUpdateBusinessRuleServiceImpl[m - [rules] process-rule rule=RULE_SIDE ruleId=230 result=OK status-http=7ms total=7ms
[30m2026-09-09T12:11:16,904[m [32mINFO  [m[[1;34mhttp-nio-8080-exec-71[m] [36mStatusUpdateBusinessRuleServiceImpl[m - [rules] process-rule rule=RULE_FRACTION ruleId=232 result=OK status-http=2ms total=2ms
[30m2026-09-09T12:11:16,907[m [32mINFO  [m[[1;34mhttp-nio-8080-exec-71[m] [36mStatusUpdateBusinessRuleServiceImpl[m - [rules] process-rule rule=RULE_FRACTION_CUSTODIAN ruleId=239 result=OK status-http=3ms total=3ms
[30m2026-09-09T12:11:16,915[m [32mINFO  [m[[1;34mhttp-nio-8080-exec-71[m] [36mStatusUpdateBusinessRuleServiceImpl[m - [rules] END validate-trade tradeId=1547193 sideId=2 result=OK elapsed=26ms
[30m2026-09-09T12:11:16,915[m [32mINFO  [m[[1;34mhttp-nio-8080-exec-71[m] [36mStatusUpdateBusinessRuleServiceImpl[m - PERF_ASSIGNMENT service=reglas podName=operaciones-reglas-back-app-5894db7bb6-4scl6 operation=validateUpdateStatusTrade result=SUCCESS tradeId=1547193 side=2 totalMs=26 loadTradeMs=3 loadSettlementsAndInputMs=1 loadBusinessRulesMs=0 evaluationMs=0 tradeRepositoryCalls=1 settlementRepositoryCalls=1 businessRuleRepositoryCalls=0 statusHttpCalls=4 statusRestTotalMs=20
[30m2026-09-09T12:11:16,915[m [32mINFO  [m[[1;34mhttp-nio-8080-exec-71[m] [36mStatusUpdateBusinessRuleServiceImpl[m - PERF_RULES_STATUS_SUMMARY service=reglas podName=operaciones-reglas-back-app-5894db7bb6-4scl6 validationCount=1 statusHttpCalls=4 statusHttpTotalMs=20 uniqueStatusTransitionKeys=4 tradeRepositoryCalls=1 settlementRepositoryCalls=1 businessRuleRepositoryCalls=0
[30m2026-09-09T12:11:16,960[m [32mINFO  [m[[1;34mhttp-nio-8080-exec-76[m] [36mStatusUpdateBusinessRuleServiceImpl[m - [rules] START validate-trade tradeId=1547194 sideId=2 code=RULE_ASSIGNMENT
[30m2026-09-09T12:11:16,969[m [32mINFO  [m[[1;34mhttp-nio-8080-exec-76[m] [36mStatusUpdateBusinessRuleServiceImpl[m - [rules] process-rule rule=RULE_SIDE ruleId=230 result=OK status-http=4ms total=4ms
[30m2026-09-09T12:11:16,975[m [32mINFO  [m[[1;34mhttp-nio-8080-exec-76[m] [36mStatusUpdateBusinessRuleServiceImpl[m - [rules] process-rule rule=RULE_FRACTION ruleId=232 result=OK status-http=6ms total=6ms
[30m2026-09-09T12:11:16,978[m [32mINFO  [m[[1;34mhttp-nio-8080-exec-76[m] [36mStatusUpdateBusinessRuleServiceImpl[m - [rules] process-rule rule=RULE_FRACTION_CUSTODIAN ruleId=239 result=OK status-http=2ms total=2ms
[30m2026-09-09T12:11:16,981[m [32mINFO  [m[[1;34mhttp-nio-8080-exec-76[m] [36mStatusUpdateBusinessRuleServiceImpl[m - [rules] END validate-trade tradeId=1547194 sideId=2 result=OK elapsed=20ms
[30m2026-09-09T12:11:16,981[m [32mINFO  [m[[1;34mhttp-nio-8080-exec-76[m] [36mStatusUpdateBusinessRuleServiceImpl[m - PERF_ASSIGNMENT service=reglas podName=operaciones-reglas-back-app-5894db7bb6-4scl6 operation=validateUpdateStatusTrade result=SUCCESS tradeId=1547194 side=2 totalMs=21 loadTradeMs=2 loadSettlementsAndInputMs=1 loadBusinessRulesMs=0 evaluationMs=0 tradeRepositoryCalls=1 settlementRepositoryCalls=1 businessRuleRepositoryCalls=0 statusHttpCalls=4 statusRestTotalMs=15
[30m2026-09-09T12:11:16,981[m [32mINFO  [m[[1;34mhttp-nio-8080-exec-76[m] [36mStatusUpdateBusinessRuleServiceImpl[m - PERF_RULES_STATUS_SUMMARY service=reglas podName=operaciones-reglas-back-app-5894db7bb6-4scl6 validationCount=1 statusHttpCalls=4 statusHttpTotalMs=15 uniqueStatusTransitionKeys=4 tradeRepositoryCalls=1 settlementRepositoryCalls=1 businessRuleRepositoryCalls=0
[30m2026-09-09T12:11:17,036[m [32mINFO  [m[[1;34mhttp-nio-8080-exec-74[m] [36mStatusUpdateBusinessRuleServiceImpl[m - [rules] START validate-trade tradeId=1547195 sideId=2 code=RULE_ASSIGNMENT
[30m2026-09-09T12:11:17,048[m [32mINFO  [m[[1;34mhttp-nio-8080-exec-74[m] [36mStatusUpdateBusinessRuleServiceImpl[m - [rules] process-rule rule=RULE_SIDE ruleId=230 result=OK status-http=5ms total=5ms
[30m2026-09-09T12:11:17,055[m [32mINFO  [m[[1;34mhttp-nio-8080-exec-74[m] [36mStatusUpdateBusinessRuleServiceImpl[m - [rules] process-rule rule=RULE_FRACTION ruleId=232 result=OK status-http=6ms total=6ms
[30m2026-09-09T12:11:17,060[m [32mINFO  [m[[1;34mhttp-nio-8080-exec-74[m] [36mStatusUpdateBusinessRuleServiceImpl[m - [rules] process-rule rule=RULE_FRACTION_CUSTODIAN ruleId=239 result=OK status-http=5ms total=5ms
[30m2026-09-09T12:11:17,064[m [32mINFO  [m[[1;34mhttp-nio-8080-exec-74[m] [36mStatusUpdateBusinessRuleServiceImpl[m - [rules] END validate-trade tradeId=1547195 sideId=2 result=OK elapsed=28ms
[30m2026-09-09T12:11:17,064[m [32mINFO  [m[[1;34mhttp-nio-8080-exec-74[m] [36mStatusUpdateBusinessRuleServiceImpl[m - PERF_ASSIGNMENT service=reglas podName=operaciones-reglas-back-app-5894db7bb6-4scl6 operation=validateUpdateStatusTrade result=SUCCESS tradeId=1547195 side=2 totalMs=28 loadTradeMs=4 loadSettlementsAndInputMs=2 loadBusinessRulesMs=0 evaluationMs=0 tradeRepositoryCalls=1 settlementRepositoryCalls=1 businessRuleRepositoryCalls=0 statusHttpCalls=4 statusRestTotalMs=19
[30m2026-09-09T12:11:17,064[m [32mINFO  [m[[1;34mhttp-nio-8080-exec-74[m] [36mStatusUpdateBusinessRuleServiceImpl[m - PERF_RULES_STATUS_SUMMARY service=reglas podName=operaciones-reglas-back-app-5894db7bb6-4scl6 validationCount=1 statusHttpCalls=4 statusHttpTotalMs=19 uniqueStatusTransitionKeys=4 tradeRepositoryCalls=1 settlementRepositoryCalls=1 businessRuleRepositoryCalls=0
[30m2026-09-09T12:11:17,116[m [32mINFO  [m[[1;34mhttp-nio-8080-exec-75[m] [36mStatusUpdateBusinessRuleServiceImpl[m - [rules] START validate-trade tradeId=1547196 sideId=2 code=RULE_ASSIGNMENT
[30m2026-09-09T12:11:17,126[m [32mINFO  [m[[1;34mhttp-nio-8080-exec-75[m] [36mStatusUpdateBusinessRuleServiceImpl[m - [rules] process-rule rule=RULE_SIDE ruleId=230 result=OK status-http=3ms total=3ms
[30m2026-09-09T12:11:17,132[m [32mINFO  [m[[1;34mhttp-nio-8080-exec-75[m] [36mStatusUpdateBusinessRuleServiceImpl[m - [rules] process-rule rule=RULE_FRACTION ruleId=232 result=OK status-http=5ms total=5ms
[30m2026-09-09T12:11:17,143[m [32mINFO  [m[[1;34mhttp-nio-8080-exec-75[m] [36mStatusUpdateBusinessRuleServiceImpl[m - [rules] process-rule rule=RULE_FRACTION_CUSTODIAN ruleId=239 result=OK status-http=10ms total=10ms
[30m2026-09-09T12:11:17,146[m [32mINFO  [m[[1;34mhttp-nio-8080-exec-75[m] [36mStatusUpdateBusinessRuleServiceImpl[m - [rules] END validate-trade tradeId=1547196 sideId=2 result=OK elapsed=29ms
[30m2026-09-09T12:11:17,146[m [32mINFO  [m[[1;34mhttp-nio-8080-exec-75[m] [36mStatusUpdateBusinessRuleServiceImpl[m - PERF_ASSIGNMENT service=reglas podName=operaciones-reglas-back-app-5894db7bb6-4scl6 operation=validateUpdateStatusTrade result=SUCCESS tradeId=1547196 side=2 totalMs=29 loadTradeMs=3 loadSettlementsAndInputMs=2 loadBusinessRulesMs=0 evaluationMs=0 tradeRepositoryCalls=1 settlementRepositoryCalls=1 businessRuleRepositoryCalls=0 statusHttpCalls=4 statusRestTotalMs=22
[30m2026-09-09T12:11:17,146[m [32mINFO  [m[[1;34mhttp-nio-8080-exec-75[m] [36mStatusUpdateBusinessRuleServiceImpl[m - PERF_RULES_STATUS_SUMMARY service=reglas podName=operaciones-reglas-back-app-5894db7bb6-4scl6 validationCount=1 statusHttpCalls=4 statusHttpTotalMs=22 uniqueStatusTransitionKeys=4 tradeRepositoryCalls=1 settlementRepositoryCalls=1 businessRuleRepositoryCalls=0
[30m2026-09-09T12:11:17,198[m [32mINFO  [m[[1;34mhttp-nio-8080-exec-77[m] [36mStatusUpdateBusinessRuleServiceImpl[m - [rules] START validate-trade tradeId=1547197 sideId=2 code=RULE_ASSIGNMENT
[30m2026-09-09T12:11:17,206[m [32mINFO  [m[[1;34mhttp-nio-8080-exec-77[m] [36mStatusUpdateBusinessRuleServiceImpl[m - [rules] process-rule rule=RULE_SIDE ruleId=230 result=OK status-http=3ms total=3ms
[30m2026-09-09T12:11:17,210[m [32mINFO  [m[[1;34mhttp-nio-8080-exec-77[m] [36mStatusUpdateBusinessRuleServiceImpl[m - [rules] process-rule rule=RULE_FRACTION ruleId=232 result=OK status-http=3ms total=3ms
[30m2026-09-09T12:11:17,212[m [32mINFO  [m[[1;34mhttp-nio-8080-exec-77[m] [36mStatusUpdateBusinessRuleServiceImpl[m - [rules] process-rule rule=RULE_FRACTION_CUSTODIAN ruleId=239 result=OK status-http=1ms total=2ms
[30m2026-09-09T12:11:17,215[m [32mINFO  [m[[1;34mhttp-nio-8080-exec-77[m] [36mStatusUpdateBusinessRuleServiceImpl[m - [rules] END validate-trade tradeId=1547197 sideId=2 result=OK elapsed=16ms
[30m2026-09-09T12:11:17,215[m [32mINFO  [m[[1;34mhttp-nio-8080-exec-77[m] [36mStatusUpdateBusinessRuleServiceImpl[m - PERF_ASSIGNMENT service=reglas podName=operaciones-reglas-back-app-5894db7bb6-4scl6 operation=validateUpdateStatusTrade result=SUCCESS tradeId=1547197 side=2 totalMs=16 loadTradeMs=2 loadSettlementsAndInputMs=1 loadBusinessRulesMs=0 evaluationMs=0 tradeRepositoryCalls=1 settlementRepositoryCalls=1 businessRuleRepositoryCalls=0 statusHttpCalls=4 statusRestTotalMs=10
[30m2026-09-09T12:11:17,215[m [32mINFO  [m[[1;34mhttp-nio-8080-exec-77[m] [36mStatusUpdateBusinessRuleServiceImpl[m - PERF_RULES_STATUS_SUMMARY service=reglas podName=operaciones-reglas-back-app-5894db7bb6-4scl6 validationCount=1 statusHttpCalls=4 statusHttpTotalMs=10 uniqueStatusTransitionKeys=4 tradeRepositoryCalls=1 settlementRepositoryCalls=1 businessRuleRepositoryCalls=0
[30m2026-09-09T12:11:17,266[m [32mINFO  [m[[1;34mhttp-nio-8080-exec-78[m] [36mStatusUpdateBusinessRuleServiceImpl[m - [rules] START validate-trade tradeId=1547198 sideId=2 code=RULE_ASSIGNMENT
[30m2026-09-09T12:11:17,275[m [32mINFO  [m[[1;34mhttp-nio-8080-exec-78[m] [36mStatusUpdateBusinessRuleServiceImpl[m - [rules] process-rule rule=RULE_SIDE ruleId=230 result=OK status-http=3ms total=3ms
[30m2026-09-09T12:11:17,277[m [32mINFO  [m[[1;34mhttp-nio-8080-exec-78[m] [36mStatusUpdateBusinessRuleServiceImpl[m - [rules] process-rule rule=RULE_FRACTION ruleId=232 result=OK status-http=2ms total=2ms
[30m2026-09-09T12:11:17,280[m [32mINFO  [m[[1;34mhttp-nio-8080-exec-78[m] [36mStatusUpdateBusinessRuleServiceImpl[m - [rules] process-rule rule=RULE_FRACTION_CUSTODIAN ruleId=239 result=OK status-http=2ms total=2ms
[30m2026-09-09T12:11:17,282[m [32mINFO  [m[[1;34mhttp-nio-8080-exec-78[m] [36mStatusUpdateBusinessRuleServiceImpl[m - [rules] END validate-trade tradeId=1547198 sideId=2 result=OK elapsed=15ms
[30m2026-09-09T12:11:17,282[m [32mINFO  [m[[1;34mhttp-nio-8080-exec-78[m] [36mStatusUpdateBusinessRuleServiceImpl[m - PERF_ASSIGNMENT service=reglas podName=operaciones-reglas-back-app-5894db7bb6-4scl6 operation=validateUpdateStatusTrade result=SUCCESS tradeId=1547198 side=2 totalMs=16 loadTradeMs=3 loadSettlementsAndInputMs=1 loadBusinessRulesMs=0 evaluationMs=0 tradeRepositoryCalls=1 settlementRepositoryCalls=1 businessRuleRepositoryCalls=0 statusHttpCalls=4 statusRestTotalMs=9
[30m2026-09-09T12:11:17,282[m [32mINFO  [m[[1;34mhttp-nio-8080-exec-78[m] [36mStatusUpdateBusinessRuleServiceImpl[m - PERF_RULES_STATUS_SUMMARY service=reglas podName=operaciones-reglas-back-app-5894db7bb6-4scl6 validationCount=1 statusHttpCalls=4 statusHttpTotalMs=9 uniqueStatusTransitionKeys=4 tradeRepositoryCalls=1 settlementRepositoryCalls=1 businessRuleRepositoryCalls=0
[30m2026-09-09T12:11:17,328[m [32mINFO  [m[[1;34mhttp-nio-8080-exec-80[m] [36mStatusUpdateBusinessRuleServiceImpl[m - [rules] START validate-trade tradeId=1547199 sideId=2 code=RULE_ASSIGNMENT
[30m2026-09-09T12:11:17,340[m [32mINFO  [m[[1;34mhttp-nio-8080-exec-80[m] [36mStatusUpdateBusinessRuleServiceImpl[m - [rules] process-rule rule=RULE_SIDE ruleId=230 result=OK status-http=7ms total=7ms
[30m2026-09-09T12:11:17,343[m [32mINFO  [m[[1;34mhttp-nio-8080-exec-80[m] [36mStatusUpdateBusinessRuleServiceImpl[m - [rules] process-rule rule=RULE_FRACTION ruleId=232 result=OK status-http=2ms total=2ms
[30m2026-09-09T12:11:17,345[m [32mINFO  [m[[1;34mhttp-nio-8080-exec-80[m] [36mStatusUpdateBusinessRuleServiceImpl[m - [rules] process-rule rule=RULE_FRACTION_CUSTODIAN ruleId=239 result=OK status-http=2ms total=2ms
[30m2026-09-09T12:11:17,347[m [32mINFO  [m[[1;34mhttp-nio-8080-exec-80[m] [36mStatusUpdateBusinessRuleServiceImpl[m - [rules] END validate-trade tradeId=1547199 sideId=2 result=OK elapsed=19ms
[30m2026-09-09T12:11:17,348[m [32mINFO  [m[[1;34mhttp-nio-8080-exec-80[m] [36mStatusUpdateBusinessRuleServiceImpl[m - PERF_ASSIGNMENT service=reglas podName=operaciones-reglas-back-app-5894db7bb6-4scl6 operation=validateUpdateStatusTrade result=SUCCESS tradeId=1547199 side=2 totalMs=19 loadTradeMs=2 loadSettlementsAndInputMs=1 loadBusinessRulesMs=0 evaluationMs=0 tradeRepositoryCalls=1 settlementRepositoryCalls=1 businessRuleRepositoryCalls=0 statusHttpCalls=4 statusRestTotalMs=13
[30m2026-09-09T12:11:17,348[m [32mINFO  [m[[1;34mhttp-nio-8080-exec-80[m] [36mStatusUpdateBusinessRuleServiceImpl[m - PERF_RULES_STATUS_SUMMARY service=reglas podName=operaciones-reglas-back-app-5894db7bb6-4scl6 validationCount=1 statusHttpCalls=4 statusHttpTotalMs=13 uniqueStatusTransitionKeys=4 tradeRepositoryCalls=1 settlementRepositoryCalls=1 businessRuleRepositoryCalls=0
[30m2026-09-09T12:11:17,392[m [32mINFO  [m[[1;34mhttp-nio-8080-exec-79[m] [36mStatusUpdateBusinessRuleServiceImpl[m - [rules] START validate-trade tradeId=1548137 sideId=2 code=RULE_ASSIGNMENT
[30m2026-09-09T12:11:17,400[m [32mINFO  [m[[1;34mhttp-nio-8080-exec-79[m] [36mStatusUpdateBusinessRuleServiceImpl[m - [rules] process-rule rule=RULE_SIDE ruleId=230 result=OK status-http=3ms total=3ms
[30m2026-09-09T12:11:17,403[m [32mINFO  [m[[1;34mhttp-nio-8080-exec-79[m] [36mStatusUpdateBusinessRuleServiceImpl[m - [rules] process-rule rule=RULE_FRACTION ruleId=232 result=OK status-http=2ms total=2ms
[30m2026-09-09T12:11:17,406[m [32mINFO  [m[[1;34mhttp-nio-8080-exec-79[m] [36mStatusUpdateBusinessRuleServiceImpl[m - [rules] process-rule rule=RULE_FRACTION_CUSTODIAN ruleId=239 result=OK status-http=2ms total=2ms
[30m2026-09-09T12:11:17,408[m [32mINFO  [m[[1;34mhttp-nio-8080-exec-79[m] [36mStatusUpdateBusinessRuleServiceImpl[m - [rules] END validate-trade tradeId=1548137 sideId=2 result=OK elapsed=15ms
[30m2026-09-09T12:11:17,408[m [32mINFO  [m[[1;34mhttp-nio-8080-exec-79[m] [36mStatusUpdateBusinessRuleServiceImpl[m - PERF_ASSIGNMENT service=reglas podName=operaciones-reglas-back-app-5894db7bb6-4scl6 operation=validateUpdateStatusTrade result=SUCCESS tradeId=1548137 side=2 totalMs=16 loadTradeMs=2 loadSettlementsAndInputMs=1 loadBusinessRulesMs=0 evaluationMs=0 tradeRepositoryCalls=1 settlementRepositoryCalls=1 businessRuleRepositoryCalls=0 statusHttpCalls=4 statusRestTotalMs=9
[30m2026-09-09T12:11:17,408[m [32mINFO  [m[[1;34mhttp-nio-8080-exec-79[m] [36mStatusUpdateBusinessRuleServiceImpl[m - PERF_RULES_STATUS_SUMMARY service=reglas podName=operaciones-reglas-back-app-5894db7bb6-4scl6 validationCount=1 statusHttpCalls=4 statusHttpTotalMs=9 uniqueStatusTransitionKeys=4 tradeRepositoryCalls=1 settlementRepositoryCalls=1 businessRuleRepositoryCalls=0
[30m2026-09-09T12:11:17,462[m [32mINFO  [m[[1;34mhttp-nio-8080-exec-83[m] [36mStatusUpdateBusinessRuleServiceImpl[m - [rules] START validate-trade tradeId=1548139 sideId=2 code=RULE_ASSIGNMENT
[30m2026-09-09T12:11:17,469[m [32mINFO  [m[[1;34mhttp-nio-8080-exec-83[m] [36mStatusUpdateBusinessRuleServiceImpl[m - [rules] process-rule rule=RULE_SIDE ruleId=230 result=OK status-http=2ms total=2ms
[30m2026-09-09T12:11:17,472[m [32mINFO  [m[[1;34mhttp-nio-8080-exec-83[m] [36mStatusUpdateBusinessRuleServiceImpl[m - [rules] process-rule rule=RULE_FRACTION ruleId=232 result=OK status-http=2ms total=2ms
[30m2026-09-09T12:11:17,474[m [32mINFO  [m[[1;34mhttp-nio-8080-exec-83[m] [36mStatusUpdateBusinessRuleServiceImpl[m - [rules] process-rule rule=RULE_FRACTION_CUSTODIAN ruleId=239 result=OK status-http=2ms total=2ms
[30m2026-09-09T12:11:17,477[m [32mINFO  [m[[1;34mhttp-nio-8080-exec-83[m] [36mStatusUpdateBusinessRuleServiceImpl[m - [rules] END validate-trade tradeId=1548139 sideId=2 result=OK elapsed=14ms
[30m2026-09-09T12:11:17,477[m [32mINFO  [m[[1;34mhttp-nio-8080-exec-83[m] [36mStatusUpdateBusinessRuleServiceImpl[m - PERF_ASSIGNMENT service=reglas podName=operaciones-reglas-back-app-5894db7bb6-4scl6 operation=validateUpdateStatusTrade result=SUCCESS tradeId=1548139 side=2 totalMs=14 loadTradeMs=2 loadSettlementsAndInputMs=1 loadBusinessRulesMs=0 evaluationMs=0 tradeRepositoryCalls=1 settlementRepositoryCalls=1 businessRuleRepositoryCalls=0 statusHttpCalls=4 statusRestTotalMs=9
[30m2026-09-09T12:11:17,477[m [32mINFO  [m[[1;34mhttp-nio-8080-exec-83[m] [36mStatusUpdateBusinessRuleServiceImpl[m - PERF_RULES_STATUS_SUMMARY service=reglas podName=operaciones-reglas-back-app-5894db7bb6-4scl6 validationCount=1 statusHttpCalls=4 statusHttpTotalMs=9 uniqueStatusTransitionKeys=4 tradeRepositoryCalls=1 settlementRepositoryCalls=1 businessRuleRepositoryCalls=0
[30m2026-09-09T12:11:17,524[m [32mINFO  [m[[1;34mhttp-nio-8080-exec-82[m] [36mStatusUpdateBusinessRuleServiceImpl[m - [rules] START validate-trade tradeId=1548147 sideId=2 code=RULE_ASSIGNMENT
[30m2026-09-09T12:11:17,531[m [32mINFO  [m[[1;34mhttp-nio-8080-exec-82[m] [36mStatusUpdateBusinessRuleServiceImpl[m - [rules] process-rule rule=RULE_SIDE ruleId=230 result=OK status-http=2ms total=2ms
[30m2026-09-09T12:11:17,534[m [32mINFO  [m[[1;34mhttp-nio-8080-exec-82[m] [36mStatusUpdateBusinessRuleServiceImpl[m - [rules] process-rule rule=RULE_FRACTION ruleId=232 result=OK status-http=2ms total=2ms
[30m2026-09-09T12:11:17,536[m [32mINFO  [m[[1;34mhttp-nio-8080-exec-82[m] [36mStatusUpdateBusinessRuleServiceImpl[m - [rules] process-rule rule=RULE_FRACTION_CUSTODIAN ruleId=239 result=OK status-http=2ms total=2ms
[30m2026-09-09T12:11:17,539[m [32mINFO  [m[[1;34mhttp-nio-8080-exec-82[m] [36mStatusUpdateBusinessRuleServiceImpl[m - [rules] END validate-trade tradeId=1548147 sideId=2 result=OK elapsed=14ms
[30m2026-09-09T12:11:17,539[m [32mINFO  [m[[1;34mhttp-nio-8080-exec-82[m] [36mStatusUpdateBusinessRuleServiceImpl[m - PERF_ASSIGNMENT service=reglas podName=operaciones-reglas-back-app-5894db7bb6-4scl6 operation=validateUpdateStatusTrade result=SUCCESS tradeId=1548147 side=2 totalMs=14 loadTradeMs=2 loadSettlementsAndInputMs=1 loadBusinessRulesMs=0 evaluationMs=0 tradeRepositoryCalls=1 settlementRepositoryCalls=1 businessRuleRepositoryCalls=0 statusHttpCalls=4 statusRestTotalMs=8
[30m2026-09-09T12:11:17,539[m [32mINFO  [m[[1;34mhttp-nio-8080-exec-82[m] [36mStatusUpdateBusinessRuleServiceImpl[m - PERF_RULES_STATUS_SUMMARY service=reglas podName=operaciones-reglas-back-app-5894db7bb6-4scl6 validationCount=1 statusHttpCalls=4 statusHttpTotalMs=8 uniqueStatusTransitionKeys=4 tradeRepositoryCalls=1 settlementRepositoryCalls=1 businessRuleRepositoryCalls=0
[30m2026-09-09T12:11:17,579[m [32mINFO  [m[[1;34mhttp-nio-8080-exec-84[m] [36mStatusUpdateBusinessRuleServiceImpl[m - [rules] START validate-trade tradeId=1551012 sideId=2 code=RULE_ASSIGNMENT
[30m2026-09-09T12:11:17,587[m [32mINFO  [m[[1;34mhttp-nio-8080-exec-84[m] [36mStatusUpdateBusinessRuleServiceImpl[m - [rules] process-rule rule=RULE_SIDE ruleId=230 result=OK status-http=2ms total=2ms
[30m2026-09-09T12:11:17,589[m [32mINFO  [m[[1;34mhttp-nio-8080-exec-84[m] [36mStatusUpdateBusinessRuleServiceImpl[m - [rules] process-rule rule=RULE_FRACTION ruleId=232 result=OK status-http=2ms total=2ms
[30m2026-09-09T12:11:17,591[m [32mINFO  [m[[1;34mhttp-nio-8080-exec-84[m] [36mStatusUpdateBusinessRuleServiceImpl[m - [rules] process-rule rule=RULE_FRACTION_CUSTODIAN ruleId=239 result=OK status-http=1ms total=2ms
[30m2026-09-09T12:11:17,594[m [32mINFO  [m[[1;34mhttp-nio-8080-exec-84[m] [36mStatusUpdateBusinessRuleServiceImpl[m - [rules] END validate-trade tradeId=1551012 sideId=2 result=OK elapsed=14ms
[30m2026-09-09T12:11:17,594[m [32mINFO  [m[[1;34mhttp-nio-8080-exec-84[m] [36mStatusUpdateBusinessRuleServiceImpl[m - PERF_ASSIGNMENT service=reglas podName=operaciones-reglas-back-app-5894db7bb6-4scl6 operation=validateUpdateStatusTrade result=SUCCESS tradeId=1551012 side=2 totalMs=15 loadTradeMs=2 loadSettlementsAndInputMs=1 loadBusinessRulesMs=0 evaluationMs=0 tradeRepositoryCalls=1 settlementRepositoryCalls=1 businessRuleRepositoryCalls=0 statusHttpCalls=4 statusRestTotalMs=9
[30m2026-09-09T12:11:17,594[m [32mINFO  [m[[1;34mhttp-nio-8080-exec-84[m] [36mStatusUpdateBusinessRuleServiceImpl[m - PERF_RULES_STATUS_SUMMARY service=reglas podName=operaciones-reglas-back-app-5894db7bb6-4scl6 validationCount=1 statusHttpCalls=4 statusHttpTotalMs=9 uniqueStatusTransitionKeys=4 tradeRepositoryCalls=1 settlementRepositoryCalls=1 businessRuleRepositoryCalls=0
[30m2026-09-09T12:11:17,636[m [32mINFO  [m[[1;34mhttp-nio-8080-exec-81[m] [36mStatusUpdateBusinessRuleServiceImpl[m - [rules] START validate-trade tradeId=1551013 sideId=2 code=RULE_ASSIGNMENT
[30m2026-09-09T12:11:17,644[m [32mINFO  [m[[1;34mhttp-nio-8080-exec-81[m] [36mStatusUpdateBusinessRuleServiceImpl[m - [rules] process-rule rule=RULE_SIDE ruleId=230 result=OK status-http=2ms total=2ms
[30m2026-09-09T12:11:17,646[m [32mINFO  [m[[1;34mhttp-nio-8080-exec-81[m] [36mStatusUpdateBusinessRuleServiceImpl[m - [rules] process-rule rule=RULE_FRACTION ruleId=232 result=OK status-http=2ms total=2ms
[30m2026-09-09T12:11:17,649[m [32mINFO  [m[[1;34mhttp-nio-8080-exec-81[m] [36mStatusUpdateBusinessRuleServiceImpl[m - [rules] process-rule rule=RULE_FRACTION_CUSTODIAN ruleId=239 result=OK status-http=1ms total=2ms
[30m2026-09-09T12:11:17,651[m [32mINFO  [m[[1;34mhttp-nio-8080-exec-81[m] [36mStatusUpdateBusinessRuleServiceImpl[m - [rules] END validate-trade tradeId=1551013 sideId=2 result=OK elapsed=14ms
[30m2026-09-09T12:11:17,651[m [32mINFO  [m[[1;34mhttp-nio-8080-exec-81[m] [36mStatusUpdateBusinessRuleServiceImpl[m - PERF_ASSIGNMENT service=reglas podName=operaciones-reglas-back-app-5894db7bb6-4scl6 operation=validateUpdateStatusTrade result=SUCCESS tradeId=1551013 side=2 totalMs=14 loadTradeMs=2 loadSettlementsAndInputMs=1 loadBusinessRulesMs=0 evaluationMs=0 tradeRepositoryCalls=1 settlementRepositoryCalls=1 businessRuleRepositoryCalls=0 statusHttpCalls=4 statusRestTotalMs=8
[30m2026-09-09T12:11:17,651[m [32mINFO  [m[[1;34mhttp-nio-8080-exec-81[m] [36mStatusUpdateBusinessRuleServiceImpl[m - PERF_RULES_STATUS_SUMMARY service=reglas podName=operaciones-reglas-back-app-5894db7bb6-4scl6 validationCount=1 statusHttpCalls=4 statusHttpTotalMs=8 uniqueStatusTransitionKeys=4 tradeRepositoryCalls=1 settlementRepositoryCalls=1 businessRuleRepositoryCalls=0
[30m2026-09-09T12:11:17,702[m [32mINFO  [m[[1;34mhttp-nio-8080-exec-86[m] [36mStatusUpdateBusinessRuleServiceImpl[m - [rules] START validate-trade tradeId=1551015 sideId=2 code=RULE_ASSIGNMENT
[30m2026-09-09T12:11:17,709[m [32mINFO  [m[[1;34mhttp-nio-8080-exec-86[m] [36mStatusUpdateBusinessRuleServiceImpl[m - [rules] process-rule rule=RULE_SIDE ruleId=230 result=OK status-http=2ms total=2ms
[30m2026-09-09T12:11:17,711[m [32mINFO  [m[[1;34mhttp-nio-8080-exec-86[m] [36mStatusUpdateBusinessRuleServiceImpl[m - [rules] process-rule rule=RULE_FRACTION ruleId=232 result=OK status-http=2ms total=2ms
[30m2026-09-09T12:11:17,713[m [32mINFO  [m[[1;34mhttp-nio-8080-exec-86[m] [36mStatusUpdateBusinessRuleServiceImpl[m - [rules] process-rule rule=RULE_FRACTION_CUSTODIAN ruleId=239 result=OK status-http=1ms total=1ms
[30m2026-09-09T12:11:17,715[m [32mINFO  [m[[1;34mhttp-nio-8080-exec-86[m] [36mStatusUpdateBusinessRuleServiceImpl[m - [rules] END validate-trade tradeId=1551015 sideId=2 result=OK elapsed=13ms
[30m2026-09-09T12:11:17,715[m [32mINFO  [m[[1;34mhttp-nio-8080-exec-86[m] [36mStatusUpdateBusinessRuleServiceImpl[m - PERF_ASSIGNMENT service=reglas podName=operaciones-reglas-back-app-5894db7bb6-4scl6 operation=validateUpdateStatusTrade result=SUCCESS tradeId=1551015 side=2 totalMs=13 loadTradeMs=2 loadSettlementsAndInputMs=1 loadBusinessRulesMs=0 evaluationMs=0 tradeRepositoryCalls=1 settlementRepositoryCalls=1 businessRuleRepositoryCalls=0 statusHttpCalls=4 statusRestTotalMs=8
[30m2026-09-09T12:11:17,715[m [32mINFO  [m[[1;34mhttp-nio-8080-exec-86[m] [36mStatusUpdateBusinessRuleServiceImpl[m - PERF_RULES_STATUS_SUMMARY service=reglas podName=operaciones-reglas-back-app-5894db7bb6-4scl6 validationCount=1 statusHttpCalls=4 statusHttpTotalMs=8 uniqueStatusTransitionKeys=4 tradeRepositoryCalls=1 settlementRepositoryCalls=1 businessRuleRepositoryCalls=0
[30m2026-09-09T12:11:17,770[m [32mINFO  [m[[1;34mhttp-nio-8080-exec-85[m] [36mStatusUpdateBusinessRuleServiceImpl[m - [rules] START validate-trade tradeId=1551016 sideId=2 code=RULE_ASSIGNMENT
[30m2026-09-09T12:11:17,777[m [32mINFO  [m[[1;34mhttp-nio-8080-exec-85[m] [36mStatusUpdateBusinessRuleServiceImpl[m - [rules] process-rule rule=RULE_SIDE ruleId=230 result=OK status-http=2ms total=2ms
[30m2026-09-09T12:11:17,779[m [32mINFO  [m[[1;34mhttp-nio-8080-exec-85[m] [36mStatusUpdateBusinessRuleServiceImpl[m - [rules] process-rule rule=RULE_FRACTION ruleId=232 result=OK status-http=2ms total=2ms
[30m2026-09-09T12:11:17,781[m [32mINFO  [m[[1;34mhttp-nio-8080-exec-85[m] [36mStatusUpdateBusinessRuleServiceImpl[m - [rules] process-rule rule=RULE_FRACTION_CUSTODIAN ruleId=239 result=OK status-http=2ms total=2ms
[30m2026-09-09T12:11:17,784[m [32mINFO  [m[[1;34mhttp-nio-8080-exec-85[m] [36mStatusUpdateBusinessRuleServiceImpl[m - [rules] END validate-trade tradeId=1551016 sideId=2 result=OK elapsed=13ms
[30m2026-09-09T12:11:17,784[m [32mINFO  [m[[1;34mhttp-nio-8080-exec-85[m] [36mStatusUpdateBusinessRuleServiceImpl[m - PERF_ASSIGNMENT service=reglas podName=operaciones-reglas-back-app-5894db7bb6-4scl6 operation=validateUpdateStatusTrade result=SUCCESS tradeId=1551016 side=2 totalMs=14 loadTradeMs=2 loadSettlementsAndInputMs=1 loadBusinessRulesMs=0 evaluationMs=0 tradeRepositoryCalls=1 settlementRepositoryCalls=1 businessRuleRepositoryCalls=0 statusHttpCalls=4 statusRestTotalMs=8
[30m2026-09-09T12:11:17,784[m [32mINFO  [m[[1;34mhttp-nio-8080-exec-85[m] [36mStatusUpdateBusinessRuleServiceImpl[m - PERF_RULES_STATUS_SUMMARY service=reglas podName=operaciones-reglas-back-app-5894db7bb6-4scl6 validationCount=1 statusHttpCalls=4 statusHttpTotalMs=8 uniqueStatusTransitionKeys=4 tradeRepositoryCalls=1 settlementRepositoryCalls=1 businessRuleRepositoryCalls=0
[30m2026-09-09T12:11:17,830[m [32mINFO  [m[[1;34mhttp-nio-8080-exec-88[m] [36mStatusUpdateBusinessRuleServiceImpl[m - [rules] START validate-trade tradeId=1551017 sideId=2 code=RULE_ASSIGNMENT
[30m2026-09-09T12:11:17,837[m [32mINFO  [m[[1;34mhttp-nio-8080-exec-88[m] [36mStatusUpdateBusinessRuleServiceImpl[m - [rules] process-rule rule=RULE_SIDE ruleId=230 result=OK status-http=2ms total=2ms
[30m2026-09-09T12:11:17,840[m [32mINFO  [m[[1;34mhttp-nio-8080-exec-88[m] [36mStatusUpdateBusinessRuleServiceImpl[m - [rules] process-rule rule=RULE_FRACTION ruleId=232 result=OK status-http=2ms total=2ms
[30m2026-09-09T12:11:17,841[m [32mINFO  [m[[1;34mhttp-nio-8080-exec-88[m] [36mStatusUpdateBusinessRuleServiceImpl[m - [rules] process-rule rule=RULE_FRACTION_CUSTODIAN ruleId=239 result=OK status-http=1ms total=1ms
[30m2026-09-09T12:11:17,843[m [32mINFO  [m[[1;34mhttp-nio-8080-exec-88[m] [36mStatusUpdateBusinessRuleServiceImpl[m - [rules] END validate-trade tradeId=1551017 sideId=2 result=OK elapsed=13ms
[30m2026-09-09T12:11:17,843[m [32mINFO  [m[[1;34mhttp-nio-8080-exec-88[m] [36mStatusUpdateBusinessRuleServiceImpl[m - PERF_ASSIGNMENT service=reglas podName=operaciones-reglas-back-app-5894db7bb6-4scl6 operation=validateUpdateStatusTrade result=SUCCESS tradeId=1551017 side=2 totalMs=13 loadTradeMs=2 loadSettlementsAndInputMs=1 loadBusinessRulesMs=0 evaluationMs=0 tradeRepositoryCalls=1 settlementRepositoryCalls=1 businessRuleRepositoryCalls=0 statusHttpCalls=4 statusRestTotalMs=7
[30m2026-09-09T12:11:17,843[m [32mINFO  [m[[1;34mhttp-nio-8080-exec-88[m] [36mStatusUpdateBusinessRuleServiceImpl[m - PERF_RULES_STATUS_SUMMARY service=reglas podName=operaciones-reglas-back-app-5894db7bb6-4scl6 validationCount=1 statusHttpCalls=4 statusHttpTotalMs=7 uniqueStatusTransitionKeys=4 tradeRepositoryCalls=1 settlementRepositoryCalls=1 businessRuleRepositoryCalls=0
[30m2026-09-09T12:11:17,885[m [32mINFO  [m[[1;34mhttp-nio-8080-exec-87[m] [36mStatusUpdateBusinessRuleServiceImpl[m - [rules] START validate-trade tradeId=1551018 sideId=2 code=RULE_ASSIGNMENT
[30m2026-09-09T12:11:17,893[m [32mINFO  [m[[1;34mhttp-nio-8080-exec-87[m] [36mStatusUpdateBusinessRuleServiceImpl[m - [rules] process-rule rule=RULE_SIDE ruleId=230 result=OK status-http=2ms total=2ms
[30m2026-09-09T12:11:17,895[m [32mINFO  [m[[1;34mhttp-nio-8080-exec-87[m] [36mStatusUpdateBusinessRuleServiceImpl[m - [rules] process-rule rule=RULE_FRACTION ruleId=232 result=OK status-http=1ms total=1ms
[30m2026-09-09T12:11:17,897[m [32mINFO  [m[[1;34mhttp-nio-8080-exec-87[m] [36mStatusUpdateBusinessRuleServiceImpl[m - [rules] process-rule rule=RULE_FRACTION_CUSTODIAN ruleId=239 result=OK status-http=1ms total=2ms
[30m2026-09-09T12:11:17,899[m [32mINFO  [m[[1;34mhttp-nio-8080-exec-87[m] [36mStatusUpdateBusinessRuleServiceImpl[m - [rules] END validate-trade tradeId=1551018 sideId=2 result=OK elapsed=13ms
[30m2026-09-09T12:11:17,899[m [32mINFO  [m[[1;34mhttp-nio-8080-exec-87[m] [36mStatusUpdateBusinessRuleServiceImpl[m - PERF_ASSIGNMENT service=reglas podName=operaciones-reglas-back-app-5894db7bb6-4scl6 operation=validateUpdateStatusTrade result=SUCCESS tradeId=1551018 side=2 totalMs=13 loadTradeMs=2 loadSettlementsAndInputMs=1 loadBusinessRulesMs=0 evaluationMs=0 tradeRepositoryCalls=1 settlementRepositoryCalls=1 businessRuleRepositoryCalls=0 statusHttpCalls=4 statusRestTotalMs=8
[30m2026-09-09T12:11:17,899[m [32mINFO  [m[[1;34mhttp-nio-8080-exec-87[m] [36mStatusUpdateBusinessRuleServiceImpl[m - PERF_RULES_STATUS_SUMMARY service=reglas podName=operaciones-reglas-back-app-5894db7bb6-4scl6 validationCount=1 statusHttpCalls=4 statusHttpTotalMs=8 uniqueStatusTransitionKeys=4 tradeRepositoryCalls=1 settlementRepositoryCalls=1 businessRuleRepositoryCalls=0
[30m2026-09-09T12:11:17,940[m [32mINFO  [m[[1;34mhttp-nio-8080-exec-90[m] [36mStatusUpdateBusinessRuleServiceImpl[m - [rules] START validate-trade tradeId=1551019 sideId=2 code=RULE_ASSIGNMENT
[30m2026-09-09T12:11:17,947[m [32mINFO  [m[[1;34mhttp-nio-8080-exec-90[m] [36mStatusUpdateBusinessRuleServiceImpl[m - [rules] process-rule rule=RULE_SIDE ruleId=230 result=OK status-http=2ms total=2ms
[30m2026-09-09T12:11:17,949[m [32mINFO  [m[[1;34mhttp-nio-8080-exec-90[m] [36mStatusUpdateBusinessRuleServiceImpl[m - [rules] process-rule rule=RULE_FRACTION ruleId=232 result=OK status-http=1ms total=1ms
[30m2026-09-09T12:11:17,951[m [32mINFO  [m[[1;34mhttp-nio-8080-exec-90[m] [36mStatusUpdateBusinessRuleServiceImpl[m - [rules] process-rule rule=RULE_FRACTION_CUSTODIAN ruleId=239 result=OK status-http=1ms total=1ms
[30m2026-09-09T12:11:17,953[m [32mINFO  [m[[1;34mhttp-nio-8080-exec-90[m] [36mStatusUpdateBusinessRuleServiceImpl[m - [rules] END validate-trade tradeId=1551019 sideId=2 result=OK elapsed=12ms
[30m2026-09-09T12:11:17,953[m [32mINFO  [m[[1;34mhttp-nio-8080-exec-90[m] [36mStatusUpdateBusinessRuleServiceImpl[m - PERF_ASSIGNMENT service=reglas podName=operaciones-reglas-back-app-5894db7bb6-4scl6 operation=validateUpdateStatusTrade result=SUCCESS tradeId=1551019 side=2 totalMs=12 loadTradeMs=2 loadSettlementsAndInputMs=1 loadBusinessRulesMs=0 evaluationMs=0 tradeRepositoryCalls=1 settlementRepositoryCalls=1 businessRuleRepositoryCalls=0 statusHttpCalls=4 statusRestTotalMs=7
[30m2026-09-09T12:11:17,953[m [32mINFO  [m[[1;34mhttp-nio-8080-exec-90[m] [36mStatusUpdateBusinessRuleServiceImpl[m - PERF_RULES_STATUS_SUMMARY service=reglas podName=operaciones-reglas-back-app-5894db7bb6-4scl6 validationCount=1 statusHttpCalls=4 statusHttpTotalMs=7 uniqueStatusTransitionKeys=4 tradeRepositoryCalls=1 settlementRepositoryCalls=1 businessRuleRepositoryCalls=0
[30m2026-09-09T12:11:17,995[m [32mINFO  [m[[1;34mhttp-nio-8080-exec-89[m] [36mStatusUpdateBusinessRuleServiceImpl[m - [rules] START validate-trade tradeId=1551020 sideId=2 code=RULE_ASSIGNMENT
[30m2026-09-09T12:11:18,002[m [32mINFO  [m[[1;34mhttp-nio-8080-exec-89[m] [36mStatusUpdateBusinessRuleServiceImpl[m - [rules] process-rule rule=RULE_SIDE ruleId=230 result=OK status-http=2ms total=2ms
[30m2026-09-09T12:11:18,004[m [32mINFO  [m[[1;34mhttp-nio-8080-exec-89[m] [36mStatusUpdateBusinessRuleServiceImpl[m - [rules] process-rule rule=RULE_FRACTION ruleId=232 result=OK status-http=2ms total=2ms
[30m2026-09-09T12:11:18,007[m [32mINFO  [m[[1;34mhttp-nio-8080-exec-89[m] [36mStatusUpdateBusinessRuleServiceImpl[m - [rules] process-rule rule=RULE_FRACTION_CUSTODIAN ruleId=239 result=OK status-http=2ms total=2ms
[30m2026-09-09T12:11:18,009[m [32mINFO  [m[[1;34mhttp-nio-8080-exec-89[m] [36mStatusUpdateBusinessRuleServiceImpl[m - [rules] END validate-trade tradeId=1551020 sideId=2 result=OK elapsed=13ms
[30m2026-09-09T12:11:18,009[m [32mINFO  [m[[1;34mhttp-nio-8080-exec-89[m] [36mStatusUpdateBusinessRuleServiceImpl[m - PERF_ASSIGNMENT service=reglas podName=operaciones-reglas-back-app-5894db7bb6-4scl6 operation=validateUpdateStatusTrade result=SUCCESS tradeId=1551020 side=2 totalMs=13 loadTradeMs=2 loadSettlementsAndInputMs=1 loadBusinessRulesMs=0 evaluationMs=0 tradeRepositoryCalls=1 settlementRepositoryCalls=1 businessRuleRepositoryCalls=0 statusHttpCalls=4 statusRestTotalMs=8
[30m2026-09-09T12:11:18,009[m [32mINFO  [m[[1;34mhttp-nio-8080-exec-89[m] [36mStatusUpdateBusinessRuleServiceImpl[m - PERF_RULES_STATUS_SUMMARY service=reglas podName=operaciones-reglas-back-app-5894db7bb6-4scl6 validationCount=1 statusHttpCalls=4 statusHttpTotalMs=8 uniqueStatusTransitionKeys=4 tradeRepositoryCalls=1 settlementRepositoryCalls=1 businessRuleRepositoryCalls=0
[30m2026-09-09T12:11:18,069[m [32mINFO  [m[[1;34mhttp-nio-8080-exec-91[m] [36mStatusUpdateBusinessRuleServiceImpl[m - [rules] START validate-trade tradeId=1551023 sideId=2 code=RULE_ASSIGNMENT
[30m2026-09-09T12:11:18,076[m [32mINFO  [m[[1;34mhttp-nio-8080-exec-91[m] [36mStatusUpdateBusinessRuleServiceImpl[m - [rules] process-rule rule=RULE_SIDE ruleId=230 result=OK status-http=2ms total=2ms
[30m2026-09-09T12:11:18,078[m [32mINFO  [m[[1;34mhttp-nio-8080-exec-91[m] [36mStatusUpdateBusinessRuleServiceImpl[m - [rules] process-rule rule=RULE_FRACTION ruleId=232 result=OK status-http=1ms total=1ms
[30m2026-09-09T12:11:18,080[m [32mINFO  [m[[1;34mhttp-nio-8080-exec-91[m] [36mStatusUpdateBusinessRuleServiceImpl[m - [rules] process-rule rule=RULE_FRACTION_CUSTODIAN ruleId=239 result=OK status-http=1ms total=1ms
[30m2026-09-09T12:11:18,081[m [32mINFO  [m[[1;34mhttp-nio-8080-exec-91[m] [36mStatusUpdateBusinessRuleServiceImpl[m - [rules] END validate-trade tradeId=1551023 sideId=2 result=OK elapsed=12ms
[30m2026-09-09T12:11:18,081[m [32mINFO  [m[[1;34mhttp-nio-8080-exec-91[m] [36mStatusUpdateBusinessRuleServiceImpl[m - PERF_ASSIGNMENT service=reglas podName=operaciones-reglas-back-app-5894db7bb6-4scl6 operation=validateUpdateStatusTrade result=SUCCESS tradeId=1551023 side=2 totalMs=12 loadTradeMs=3 loadSettlementsAndInputMs=1 loadBusinessRulesMs=0 evaluationMs=0 tradeRepositoryCalls=1 settlementRepositoryCalls=1 businessRuleRepositoryCalls=0 statusHttpCalls=4 statusRestTotalMs=7
[30m2026-09-09T12:11:18,082[m [32mINFO  [m[[1;34mhttp-nio-8080-exec-91[m] [36mStatusUpdateBusinessRuleServiceImpl[m - PERF_RULES_STATUS_SUMMARY service=reglas podName=operaciones-reglas-back-app-5894db7bb6-4scl6 validationCount=1 statusHttpCalls=4 statusHttpTotalMs=7 uniqueStatusTransitionKeys=4 tradeRepositoryCalls=1 settlementRepositoryCalls=1 businessRuleRepositoryCalls=0
[30m2026-09-09T12:11:18,123[m [32mINFO  [m[[1;34mhttp-nio-8080-exec-93[m] [36mStatusUpdateBusinessRuleServiceImpl[m - [rules] START validate-trade tradeId=1551026 sideId=2 code=RULE_ASSIGNMENT
[30m2026-09-09T12:11:18,129[m [32mINFO  [m[[1;34mhttp-nio-8080-exec-93[m] [36mStatusUpdateBusinessRuleServiceImpl[m - [rules] process-rule rule=RULE_SIDE ruleId=230 result=OK status-http=2ms total=2ms
[30m2026-09-09T12:11:18,131[m [32mINFO  [m[[1;34mhttp-nio-8080-exec-93[m] [36mStatusUpdateBusinessRuleServiceImpl[m - [rules] process-rule rule=RULE_FRACTION ruleId=232 result=OK status-http=1ms total=1ms
[30m2026-09-09T12:11:18,133[m [32mINFO  [m[[1;34mhttp-nio-8080-exec-93[m] [36mStatusUpdateBusinessRuleServiceImpl[m - [rules] process-rule rule=RULE_FRACTION_CUSTODIAN ruleId=239 result=OK status-http=1ms total=1ms
[30m2026-09-09T12:11:18,134[m [32mINFO  [m[[1;34mhttp-nio-8080-exec-93[m] [36mStatusUpdateBusinessRuleServiceImpl[m - [rules] END validate-trade tradeId=1551026 sideId=2 result=OK elapsed=11ms
[30m2026-09-09T12:11:18,135[m [32mINFO  [m[[1;34mhttp-nio-8080-exec-93[m] [36mStatusUpdateBusinessRuleServiceImpl[m - PERF_ASSIGNMENT service=reglas podName=operaciones-reglas-back-app-5894db7bb6-4scl6 operation=validateUpdateStatusTrade result=SUCCESS tradeId=1551026 side=2 totalMs=12 loadTradeMs=2 loadSettlementsAndInputMs=1 loadBusinessRulesMs=0 evaluationMs=0 tradeRepositoryCalls=1 settlementRepositoryCalls=1 businessRuleRepositoryCalls=0 statusHttpCalls=4 statusRestTotalMs=7
[30m2026-09-09T12:11:18,135[m [32mINFO  [m[[1;34mhttp-nio-8080-exec-93[m] [36mStatusUpdateBusinessRuleServiceImpl[m - PERF_RULES_STATUS_SUMMARY service=reglas podName=operaciones-reglas-back-app-5894db7bb6-4scl6 validationCount=1 statusHttpCalls=4 statusHttpTotalMs=7 uniqueStatusTransitionKeys=4 tradeRepositoryCalls=1 settlementRepositoryCalls=1 businessRuleRepositoryCalls=0
[30m2026-09-09T12:11:18,177[m [32mINFO  [m[[1;34mhttp-nio-8080-exec-94[m] [36mStatusUpdateBusinessRuleServiceImpl[m - [rules] START validate-trade tradeId=1551028 sideId=2 code=RULE_ASSIGNMENT
[30m2026-09-09T12:11:18,184[m [32mINFO  [m[[1;34mhttp-nio-8080-exec-94[m] [36mStatusUpdateBusinessRuleServiceImpl[m - [rules] process-rule rule=RULE_SIDE ruleId=230 result=OK status-http=2ms total=2ms
[30m2026-09-09T12:11:18,187[m [32mINFO  [m[[1;34mhttp-nio-8080-exec-94[m] [36mStatusUpdateBusinessRuleServiceImpl[m - [rules] process-rule rule=RULE_FRACTION ruleId=232 result=OK status-http=2ms total=2ms
[30m2026-09-09T12:11:18,189[m [32mINFO  [m[[1;34mhttp-nio-8080-exec-94[m] [36mStatusUpdateBusinessRuleServiceImpl[m - [rules] process-rule rule=RULE_FRACTION_CUSTODIAN ruleId=239 result=OK status-http=2ms total=2ms
[30m2026-09-09T12:11:18,191[m [32mINFO  [m[[1;34mhttp-nio-8080-exec-94[m] [36mStatusUpdateBusinessRuleServiceImpl[m - [rules] END validate-trade tradeId=1551028 sideId=2 result=OK elapsed=13ms
[30m2026-09-09T12:11:18,191[m [32mINFO  [m[[1;34mhttp-nio-8080-exec-94[m] [36mStatusUpdateBusinessRuleServiceImpl[m - PERF_ASSIGNMENT service=reglas podName=operaciones-reglas-back-app-5894db7bb6-4scl6 operation=validateUpdateStatusTrade result=SUCCESS tradeId=1551028 side=2 totalMs=14 loadTradeMs=2 loadSettlementsAndInputMs=1 loadBusinessRulesMs=0 evaluationMs=0 tradeRepositoryCalls=1 settlementRepositoryCalls=1 businessRuleRepositoryCalls=0 statusHttpCalls=4 statusRestTotalMs=8
[30m2026-09-09T12:11:18,191[m [32mINFO  [m[[1;34mhttp-nio-8080-exec-94[m] [36mStatusUpdateBusinessRuleServiceImpl[m - PERF_RULES_STATUS_SUMMARY service=reglas podName=operaciones-reglas-back-app-5894db7bb6-4scl6 validationCount=1 statusHttpCalls=4 statusHttpTotalMs=8 uniqueStatusTransitionKeys=4 tradeRepositoryCalls=1 settlementRepositoryCalls=1 businessRuleRepositoryCalls=0
[30m2026-09-09T12:11:18,237[m [32mINFO  [m[[1;34mhttp-nio-8080-exec-92[m] [36mStatusUpdateBusinessRuleServiceImpl[m - [rules] START validate-trade tradeId=1551031 sideId=2 code=RULE_ASSIGNMENT
[30m2026-09-09T12:11:18,243[m [32mINFO  [m[[1;34mhttp-nio-8080-exec-92[m] [36mStatusUpdateBusinessRuleServiceImpl[m - [rules] process-rule rule=RULE_SIDE ruleId=230 result=OK status-http=2ms total=2ms
[30m2026-09-09T12:11:18,246[m [32mINFO  [m[[1;34mhttp-nio-8080-exec-92[m] [36mStatusUpdateBusinessRuleServiceImpl[m - [rules] process-rule rule=RULE_FRACTION ruleId=232 result=OK status-http=2ms total=2ms
[30m2026-09-09T12:11:18,248[m [32mINFO  [m[[1;34mhttp-nio-8080-exec-92[m] [36mStatusUpdateBusinessRuleServiceImpl[m - [rules] process-rule rule=RULE_FRACTION_CUSTODIAN ruleId=239 result=OK status-http=1ms total=1ms
[30m2026-09-09T12:11:18,250[m [32mINFO  [m[[1;34mhttp-nio-8080-exec-92[m] [36mStatusUpdateBusinessRuleServiceImpl[m - [rules] END validate-trade tradeId=1551031 sideId=2 result=OK elapsed=13ms
[30m2026-09-09T12:11:18,250[m [32mINFO  [m[[1;34mhttp-nio-8080-exec-92[m] [36mStatusUpdateBusinessRuleServiceImpl[m - PERF_ASSIGNMENT service=reglas podName=operaciones-reglas-back-app-5894db7bb6-4scl6 operation=validateUpdateStatusTrade result=SUCCESS tradeId=1551031 side=2 totalMs=13 loadTradeMs=2 loadSettlementsAndInputMs=1 loadBusinessRulesMs=0 evaluationMs=0 tradeRepositoryCalls=1 settlementRepositoryCalls=1 businessRuleRepositoryCalls=0 statusHttpCalls=4 statusRestTotalMs=8
[30m2026-09-09T12:11:18,250[m [32mINFO  [m[[1;34mhttp-nio-8080-exec-92[m] [36mStatusUpdateBusinessRuleServiceImpl[m - PERF_RULES_STATUS_SUMMARY service=reglas podName=operaciones-reglas-back-app-5894db7bb6-4scl6 validationCount=1 statusHttpCalls=4 statusHttpTotalMs=8 uniqueStatusTransitionKeys=4 tradeRepositoryCalls=1 settlementRepositoryCalls=1 businessRuleRepositoryCalls=0
[30m2026-09-09T12:11:18,292[m [32mINFO  [m[[1;34mhttp-nio-8080-exec-97[m] [36mStatusUpdateBusinessRuleServiceImpl[m - [rules] START validate-trade tradeId=1551032 sideId=2 code=RULE_ASSIGNMENT
[30m2026-09-09T12:11:18,301[m [32mINFO  [m[[1;34mhttp-nio-8080-exec-97[m] [36mStatusUpdateBusinessRuleServiceImpl[m - [rules] process-rule rule=RULE_SIDE ruleId=230 result=OK status-http=3ms total=3ms
[30m2026-09-09T12:11:18,303[m [32mINFO  [m[[1;34mhttp-nio-8080-exec-97[m] [36mStatusUpdateBusinessRuleServiceImpl[m - [rules] process-rule rule=RULE_FRACTION ruleId=232 result=OK status-http=1ms total=1ms
[30m2026-09-09T12:11:18,305[m [32mINFO  [m[[1;34mhttp-nio-8080-exec-97[m] [36mStatusUpdateBusinessRuleServiceImpl[m - [rules] process-rule rule=RULE_FRACTION_CUSTODIAN ruleId=239 result=OK status-http=2ms total=2ms
[30m2026-09-09T12:11:18,308[m [32mINFO  [m[[1;34mhttp-nio-8080-exec-97[m] [36mStatusUpdateBusinessRuleServiceImpl[m - [rules] END validate-trade tradeId=1551032 sideId=2 result=OK elapsed=15ms
[30m2026-09-09T12:11:18,308[m [32mINFO  [m[[1;34mhttp-nio-8080-exec-97[m] [36mStatusUpdateBusinessRuleServiceImpl[m - PERF_ASSIGNMENT service=reglas podName=operaciones-reglas-back-app-5894db7bb6-4scl6 operation=validateUpdateStatusTrade result=SUCCESS tradeId=1551032 side=2 totalMs=15 loadTradeMs=2 loadSettlementsAndInputMs=1 loadBusinessRulesMs=0 evaluationMs=0 tradeRepositoryCalls=1 settlementRepositoryCalls=1 businessRuleRepositoryCalls=0 statusHttpCalls=4 statusRestTotalMs=9
[30m2026-09-09T12:11:18,308[m [32mINFO  [m[[1;34mhttp-nio-8080-exec-97[m] [36mStatusUpdateBusinessRuleServiceImpl[m - PERF_RULES_STATUS_SUMMARY service=reglas podName=operaciones-reglas-back-app-5894db7bb6-4scl6 validationCount=1 statusHttpCalls=4 statusHttpTotalMs=9 uniqueStatusTransitionKeys=4 tradeRepositoryCalls=1 settlementRepositoryCalls=1 businessRuleRepositoryCalls=0
[30m2026-09-09T12:11:18,352[m [32mINFO  [m[[1;34mhttp-nio-8080-exec-95[m] [36mStatusUpdateBusinessRuleServiceImpl[m - [rules] START validate-trade tradeId=1551033 sideId=2 code=RULE_ASSIGNMENT
[30m2026-09-09T12:11:18,359[m [32mINFO  [m[[1;34mhttp-nio-8080-exec-95[m] [36mStatusUpdateBusinessRuleServiceImpl[m - [rules] process-rule rule=RULE_SIDE ruleId=230 result=OK status-http=2ms total=2ms
[30m2026-09-09T12:11:18,362[m [32mINFO  [m[[1;34mhttp-nio-8080-exec-95[m] [36mStatusUpdateBusinessRuleServiceImpl[m - [rules] process-rule rule=RULE_FRACTION ruleId=232 result=OK status-http=2ms total=2ms
[30m2026-09-09T12:11:18,365[m [32mINFO  [m[[1;34mhttp-nio-8080-exec-95[m] [36mStatusUpdateBusinessRuleServiceImpl[m - [rules] process-rule rule=RULE_FRACTION_CUSTODIAN ruleId=239 result=OK status-http=2ms total=2ms
[30m2026-09-09T12:11:18,367[m [32mINFO  [m[[1;34mhttp-nio-8080-exec-95[m] [36mStatusUpdateBusinessRuleServiceImpl[m - [rules] END validate-trade tradeId=1551033 sideId=2 result=OK elapsed=15ms
[30m2026-09-09T12:11:18,367[m [32mINFO  [m[[1;34mhttp-nio-8080-exec-95[m] [36mStatusUpdateBusinessRuleServiceImpl[m - PERF_ASSIGNMENT service=reglas podName=operaciones-reglas-back-app-5894db7bb6-4scl6 operation=validateUpdateStatusTrade result=SUCCESS tradeId=1551033 side=2 totalMs=15 loadTradeMs=2 loadSettlementsAndInputMs=1 loadBusinessRulesMs=0 evaluationMs=0 tradeRepositoryCalls=1 settlementRepositoryCalls=1 businessRuleRepositoryCalls=0 statusHttpCalls=4 statusRestTotalMs=9
[30m2026-09-09T12:11:18,367[m [32mINFO  [m[[1;34mhttp-nio-8080-exec-95[m] [36mStatusUpdateBusinessRuleServiceImpl[m - PERF_RULES_STATUS_SUMMARY service=reglas podName=operaciones-reglas-back-app-5894db7bb6-4scl6 validationCount=1 statusHttpCalls=4 statusHttpTotalMs=9 uniqueStatusTransitionKeys=4 tradeRepositoryCalls=1 settlementRepositoryCalls=1 businessRuleRepositoryCalls=0
[30m2026-09-09T12:11:18,414[m [32mINFO  [m[[1;34mhttp-nio-8080-exec-96[m] [36mStatusUpdateBusinessRuleServiceImpl[m - [rules] START validate-trade tradeId=1551035 sideId=2 code=RULE_ASSIGNMENT
[30m2026-09-09T12:11:18,426[m [32mINFO  [m[[1;34mhttp-nio-8080-exec-96[m] [36mStatusUpdateBusinessRuleServiceImpl[m - [rules] process-rule rule=RULE_SIDE ruleId=230 result=OK status-http=6ms total=7ms
[30m2026-09-09T12:11:18,428[m [32mINFO  [m[[1;34mhttp-nio-8080-exec-96[m] [36mStatusUpdateBusinessRuleServiceImpl[m - [rules] process-rule rule=RULE_FRACTION ruleId=232 result=OK status-http=2ms total=2ms
[30m2026-09-09T12:11:18,431[m [32mINFO  [m[[1;34mhttp-nio-8080-exec-96[m] [36mStatusUpdateBusinessRuleServiceImpl[m - [rules] process-rule rule=RULE_FRACTION_CUSTODIAN ruleId=239 result=OK status-http=2ms total=2ms
[30m2026-09-09T12:11:18,433[m [32mINFO  [m[[1;34mhttp-nio-8080-exec-96[m] [36mStatusUpdateBusinessRuleServiceImpl[m - [rules] END validate-trade tradeId=1551035 sideId=2 result=OK elapsed=19ms
[30m2026-09-09T12:11:18,433[m [32mINFO  [m[[1;34mhttp-nio-8080-exec-96[m] [36mStatusUpdateBusinessRuleServiceImpl[m - PERF_ASSIGNMENT service=reglas podName=operaciones-reglas-back-app-5894db7bb6-4scl6 operation=validateUpdateStatusTrade result=SUCCESS tradeId=1551035 side=2 totalMs=19 loadTradeMs=3 loadSettlementsAndInputMs=1 loadBusinessRulesMs=0 evaluationMs=0 tradeRepositoryCalls=1 settlementRepositoryCalls=1 businessRuleRepositoryCalls=0 statusHttpCalls=4 statusRestTotalMs=13
[30m2026-09-09T12:11:18,433[m [32mINFO  [m[[1;34mhttp-nio-8080-exec-96[m] [36mStatusUpdateBusinessRuleServiceImpl[m - PERF_RULES_STATUS_SUMMARY service=reglas podName=operaciones-reglas-back-app-5894db7bb6-4scl6 validationCount=1 statusHttpCalls=4 statusHttpTotalMs=13 uniqueStatusTransitionKeys=4 tradeRepositoryCalls=1 settlementRepositoryCalls=1 businessRuleRepositoryCalls=0
[30m2026-09-09T12:11:18,477[m [32mINFO  [m[[1;34mhttp-nio-8080-exec-98[m] [36mStatusUpdateBusinessRuleServiceImpl[m - [rules] START validate-trade tradeId=1551036 sideId=2 code=RULE_ASSIGNMENT
[30m2026-09-09T12:11:18,484[m [32mINFO  [m[[1;34mhttp-nio-8080-exec-98[m] [36mStatusUpdateBusinessRuleServiceImpl[m - [rules] process-rule rule=RULE_SIDE ruleId=230 result=OK status-http=3ms total=3ms
[30m2026-09-09T12:11:18,486[m [32mINFO  [m[[1;34mhttp-nio-8080-exec-98[m] [36mStatusUpdateBusinessRuleServiceImpl[m - [rules] process-rule rule=RULE_FRACTION ruleId=232 result=OK status-http=1ms total=2ms
[30m2026-09-09T12:11:18,488[m [32mINFO  [m[[1;34mhttp-nio-8080-exec-98[m] [36mStatusUpdateBusinessRuleServiceImpl[m - [rules] process-rule rule=RULE_FRACTION_CUSTODIAN ruleId=239 result=OK status-http=1ms total=2ms
[30m2026-09-09T12:11:18,491[m [32mINFO  [m[[1;34mhttp-nio-8080-exec-98[m] [36mStatusUpdateBusinessRuleServiceImpl[m - [rules] END validate-trade tradeId=1551036 sideId=2 result=OK elapsed=14ms
[30m2026-09-09T12:11:18,491[m [32mINFO  [m[[1;34mhttp-nio-8080-exec-98[m] [36mStatusUpdateBusinessRuleServiceImpl[m - PERF_ASSIGNMENT service=reglas podName=operaciones-reglas-back-app-5894db7bb6-4scl6 operation=validateUpdateStatusTrade result=SUCCESS tradeId=1551036 side=2 totalMs=14 loadTradeMs=2 loadSettlementsAndInputMs=1 loadBusinessRulesMs=0 evaluationMs=0 tradeRepositoryCalls=1 settlementRepositoryCalls=1 businessRuleRepositoryCalls=0 statusHttpCalls=4 statusRestTotalMs=9
[30m2026-09-09T12:11:18,491[m [32mINFO  [m[[1;34mhttp-nio-8080-exec-98[m] [36mStatusUpdateBusinessRuleServiceImpl[m - PERF_RULES_STATUS_SUMMARY service=reglas podName=operaciones-reglas-back-app-5894db7bb6-4scl6 validationCount=1 statusHttpCalls=4 statusHttpTotalMs=9 uniqueStatusTransitionKeys=4 tradeRepositoryCalls=1 settlementRepositoryCalls=1 businessRuleRepositoryCalls=0
[30m2026-09-09T12:11:18,533[m [32mINFO  [m[[1;34mhttp-nio-8080-exec-100[m] [36mStatusUpdateBusinessRuleServiceImpl[m - [rules] START validate-trade tradeId=1551037 sideId=2 code=RULE_ASSIGNMENT
[30m2026-09-09T12:11:18,540[m [32mINFO  [m[[1;34mhttp-nio-8080-exec-100[m] [36mStatusUpdateBusinessRuleServiceImpl[m - [rules] process-rule rule=RULE_SIDE ruleId=230 result=OK status-http=2ms total=2ms
[30m2026-09-09T12:11:18,542[m [32mINFO  [m[[1;34mhttp-nio-8080-exec-100[m] [36mStatusUpdateBusinessRuleServiceImpl[m - [rules] process-rule rule=RULE_FRACTION ruleId=232 result=OK status-http=2ms total=2ms
[30m2026-09-09T12:11:18,544[m [32mINFO  [m[[1;34mhttp-nio-8080-exec-100[m] [36mStatusUpdateBusinessRuleServiceImpl[m - [rules] process-rule rule=RULE_FRACTION_CUSTODIAN ruleId=239 result=OK status-http=1ms total=1ms
[30m2026-09-09T12:11:18,546[m [32mINFO  [m[[1;34mhttp-nio-8080-exec-100[m] [36mStatusUpdateBusinessRuleServiceImpl[m - [rules] END validate-trade tradeId=1551037 sideId=2 result=OK elapsed=12ms
[30m2026-09-09T12:11:18,546[m [32mINFO  [m[[1;34mhttp-nio-8080-exec-100[m] [36mStatusUpdateBusinessRuleServiceImpl[m - PERF_ASSIGNMENT service=reglas podName=operaciones-reglas-back-app-5894db7bb6-4scl6 operation=validateUpdateStatusTrade result=SUCCESS tradeId=1551037 side=2 totalMs=12 loadTradeMs=2 loadSettlementsAndInputMs=1 loadBusinessRulesMs=0 evaluationMs=0 tradeRepositoryCalls=1 settlementRepositoryCalls=1 businessRuleRepositoryCalls=0 statusHttpCalls=4 statusRestTotalMs=7
[30m2026-09-09T12:11:18,546[m [32mINFO  [m[[1;34mhttp-nio-8080-exec-100[m] [36mStatusUpdateBusinessRuleServiceImpl[m - PERF_RULES_STATUS_SUMMARY service=reglas podName=operaciones-reglas-back-app-5894db7bb6-4scl6 validationCount=1 statusHttpCalls=4 statusHttpTotalMs=7 uniqueStatusTransitionKeys=4 tradeRepositoryCalls=1 settlementRepositoryCalls=1 businessRuleRepositoryCalls=0
[30m2026-09-09T12:11:18,593[m [32mINFO  [m[[1;34mhttp-nio-8080-exec-99[m] [36mStatusUpdateBusinessRuleServiceImpl[m - [rules] START validate-trade tradeId=1551038 sideId=2 code=RULE_ASSIGNMENT
[30m2026-09-09T12:11:18,600[m [32mINFO  [m[[1;34mhttp-nio-8080-exec-99[m] [36mStatusUpdateBusinessRuleServiceImpl[m - [rules] process-rule rule=RULE_SIDE ruleId=230 result=OK status-http=2ms total=2ms
[30m2026-09-09T12:11:18,602[m [32mINFO  [m[[1;34mhttp-nio-8080-exec-99[m] [36mStatusUpdateBusinessRuleServiceImpl[m - [rules] process-rule rule=RULE_FRACTION ruleId=232 result=OK status-http=1ms total=1ms
[30m2026-09-09T12:11:18,604[m [32mINFO  [m[[1;34mhttp-nio-8080-exec-99[m] [36mStatusUpdateBusinessRuleServiceImpl[m - [rules] process-rule rule=RULE_FRACTION_CUSTODIAN ruleId=239 result=OK status-http=1ms total=1ms
[30m2026-09-09T12:11:18,608[m [32mINFO  [m[[1;34mhttp-nio-8080-exec-99[m] [36mStatusUpdateBusinessRuleServiceImpl[m - [rules] END validate-trade tradeId=1551038 sideId=2 result=OK elapsed=14ms
[30m2026-09-09T12:11:18,608[m [32mINFO  [m[[1;34mhttp-nio-8080-exec-99[m] [36mStatusUpdateBusinessRuleServiceImpl[m - PERF_ASSIGNMENT service=reglas podName=operaciones-reglas-back-app-5894db7bb6-4scl6 operation=validateUpdateStatusTrade result=SUCCESS tradeId=1551038 side=2 totalMs=15 loadTradeMs=2 loadSettlementsAndInputMs=1 loadBusinessRulesMs=0 evaluationMs=0 tradeRepositoryCalls=1 settlementRepositoryCalls=1 businessRuleRepositoryCalls=0 statusHttpCalls=4 statusRestTotalMs=9
[30m2026-09-09T12:11:18,608[m [32mINFO  [m[[1;34mhttp-nio-8080-exec-99[m] [36mStatusUpdateBusinessRuleServiceImpl[m - PERF_RULES_STATUS_SUMMARY service=reglas podName=operaciones-reglas-back-app-5894db7bb6-4scl6 validationCount=1 statusHttpCalls=4 statusHttpTotalMs=9 uniqueStatusTransitionKeys=4 tradeRepositoryCalls=1 settlementRepositoryCalls=1 businessRuleRepositoryCalls=0
[30m2026-09-09T12:11:18,655[m [32mINFO  [m[[1;34mhttp-nio-8080-exec-1[m] [36mStatusUpdateBusinessRuleServiceImpl[m - [rules] START validate-trade tradeId=1551041 sideId=2 code=RULE_ASSIGNMENT
[30m2026-09-09T12:11:18,662[m [32mINFO  [m[[1;34mhttp-nio-8080-exec-1[m] [36mStatusUpdateBusinessRuleServiceImpl[m - [rules] process-rule rule=RULE_SIDE ruleId=230 result=OK status-http=2ms total=2ms
[30m2026-09-09T12:11:18,666[m [32mINFO  [m[[1;34mhttp-nio-8080-exec-1[m] [36mStatusUpdateBusinessRuleServiceImpl[m - [rules] process-rule rule=RULE_FRACTION ruleId=232 result=OK status-http=3ms total=3ms
[30m2026-09-09T12:11:18,668[m [32mINFO  [m[[1;34mhttp-nio-8080-exec-1[m] [36mStatusUpdateBusinessRuleServiceImpl[m - [rules] process-rule rule=RULE_FRACTION_CUSTODIAN ruleId=239 result=OK status-http=1ms total=1ms
[30m2026-09-09T12:11:18,670[m [32mINFO  [m[[1;34mhttp-nio-8080-exec-1[m] [36mStatusUpdateBusinessRuleServiceImpl[m - [rules] END validate-trade tradeId=1551041 sideId=2 result=OK elapsed=14ms
[30m2026-09-09T12:11:18,670[m [32mINFO  [m[[1;34mhttp-nio-8080-exec-1[m] [36mStatusUpdateBusinessRuleServiceImpl[m - PERF_ASSIGNMENT service=reglas podName=operaciones-reglas-back-app-5894db7bb6-4scl6 operation=validateUpdateStatusTrade result=SUCCESS tradeId=1551041 side=2 totalMs=14 loadTradeMs=2 loadSettlementsAndInputMs=1 loadBusinessRulesMs=0 evaluationMs=0 tradeRepositoryCalls=1 settlementRepositoryCalls=1 businessRuleRepositoryCalls=0 statusHttpCalls=4 statusRestTotalMs=9
[30m2026-09-09T12:11:18,670[m [32mINFO  [m[[1;34mhttp-nio-8080-exec-1[m] [36mStatusUpdateBusinessRuleServiceImpl[m - PERF_RULES_STATUS_SUMMARY service=reglas podName=operaciones-reglas-back-app-5894db7bb6-4scl6 validationCount=1 statusHttpCalls=4 statusHttpTotalMs=9 uniqueStatusTransitionKeys=4 tradeRepositoryCalls=1 settlementRepositoryCalls=1 businessRuleRepositoryCalls=0
[30m2026-09-09T12:11:18,715[m [32mINFO  [m[[1;34mhttp-nio-8080-exec-2[m] [36mStatusUpdateBusinessRuleServiceImpl[m - [rules] START validate-trade tradeId=1551045 sideId=2 code=RULE_ASSIGNMENT
[30m2026-09-09T12:11:18,724[m [32mINFO  [m[[1;34mhttp-nio-8080-exec-2[m] [36mStatusUpdateBusinessRuleServiceImpl[m - [rules] process-rule rule=RULE_SIDE ruleId=230 result=OK status-http=2ms total=2ms
[30m2026-09-09T12:11:18,726[m [32mINFO  [m[[1;34mhttp-nio-8080-exec-2[m] [36mStatusUpdateBusinessRuleServiceImpl[m - [rules] process-rule rule=RULE_FRACTION ruleId=232 result=OK status-http=1ms total=1ms
[30m2026-09-09T12:11:18,728[m [32mINFO  [m[[1;34mhttp-nio-8080-exec-2[m] [36mStatusUpdateBusinessRuleServiceImpl[m - [rules] process-rule rule=RULE_FRACTION_CUSTODIAN ruleId=239 result=OK status-http=1ms total=1ms
[30m2026-09-09T12:11:18,730[m [32mINFO  [m[[1;34mhttp-nio-8080-exec-2[m] [36mStatusUpdateBusinessRuleServiceImpl[m - [rules] END validate-trade tradeId=1551045 sideId=2 result=OK elapsed=14ms
[30m2026-09-09T12:11:18,730[m [32mINFO  [m[[1;34mhttp-nio-8080-exec-2[m] [36mStatusUpdateBusinessRuleServiceImpl[m - PERF_ASSIGNMENT service=reglas podName=operaciones-reglas-back-app-5894db7bb6-4scl6 operation=validateUpdateStatusTrade result=SUCCESS tradeId=1551045 side=2 totalMs=15 loadTradeMs=2 loadSettlementsAndInputMs=2 loadBusinessRulesMs=0 evaluationMs=0 tradeRepositoryCalls=1 settlementRepositoryCalls=1 businessRuleRepositoryCalls=0 statusHttpCalls=4 statusRestTotalMs=8
[30m2026-09-09T12:11:18,730[m [32mINFO  [m[[1;34mhttp-nio-8080-exec-2[m] [36mStatusUpdateBusinessRuleServiceImpl[m - PERF_RULES_STATUS_SUMMARY service=reglas podName=operaciones-reglas-back-app-5894db7bb6-4scl6 validationCount=1 statusHttpCalls=4 statusHttpTotalMs=8 uniqueStatusTransitionKeys=4 tradeRepositoryCalls=1 settlementRepositoryCalls=1 businessRuleRepositoryCalls=0
[30m2026-09-09T12:11:18,773[m [32mINFO  [m[[1;34mhttp-nio-8080-exec-3[m] [36mStatusUpdateBusinessRuleServiceImpl[m - [rules] START validate-trade tradeId=1551046 sideId=2 code=RULE_ASSIGNMENT
[30m2026-09-09T12:11:18,780[m [32mINFO  [m[[1;34mhttp-nio-8080-exec-3[m] [36mStatusUpdateBusinessRuleServiceImpl[m - [rules] process-rule rule=RULE_SIDE ruleId=230 result=OK status-http=2ms total=3ms
[30m2026-09-09T12:11:18,783[m [32mINFO  [m[[1;34mhttp-nio-8080-exec-3[m] [36mStatusUpdateBusinessRuleServiceImpl[m - [rules] process-rule rule=RULE_FRACTION ruleId=232 result=OK status-http=2ms total=2ms
[30m2026-09-09T12:11:18,785[m [32mINFO  [m[[1;34mhttp-nio-8080-exec-3[m] [36mStatusUpdateBusinessRuleServiceImpl[m - [rules] process-rule rule=RULE_FRACTION_CUSTODIAN ruleId=239 result=OK status-http=2ms total=2ms
[30m2026-09-09T12:11:18,788[m [32mINFO  [m[[1;34mhttp-nio-8080-exec-3[m] [36mStatusUpdateBusinessRuleServiceImpl[m - [rules] END validate-trade tradeId=1551046 sideId=2 result=OK elapsed=15ms
[30m2026-09-09T12:11:18,789[m [32mINFO  [m[[1;34mhttp-nio-8080-exec-3[m] [36mStatusUpdateBusinessRuleServiceImpl[m - PERF_ASSIGNMENT service=reglas podName=operaciones-reglas-back-app-5894db7bb6-4scl6 operation=validateUpdateStatusTrade result=SUCCESS tradeId=1551046 side=2 totalMs=15 loadTradeMs=2 loadSettlementsAndInputMs=1 loadBusinessRulesMs=0 evaluationMs=0 tradeRepositoryCalls=1 settlementRepositoryCalls=1 businessRuleRepositoryCalls=0 statusHttpCalls=4 statusRestTotalMs=10
[30m2026-09-09T12:11:18,789[m [32mINFO  [m[[1;34mhttp-nio-8080-exec-3[m] [36mStatusUpdateBusinessRuleServiceImpl[m - PERF_RULES_STATUS_SUMMARY service=reglas podName=operaciones-reglas-back-app-5894db7bb6-4scl6 validationCount=1 statusHttpCalls=4 statusHttpTotalMs=10 uniqueStatusTransitionKeys=4 tradeRepositoryCalls=1 settlementRepositoryCalls=1 businessRuleRepositoryCalls=0
[30m2026-09-09T12:11:18,833[m [32mINFO  [m[[1;34mhttp-nio-8080-exec-4[m] [36mStatusUpdateBusinessRuleServiceImpl[m - [rules] START validate-trade tradeId=1551049 sideId=2 code=RULE_ASSIGNMENT
[30m2026-09-09T12:11:18,840[m [32mINFO  [m[[1;34mhttp-nio-8080-exec-4[m] [36mStatusUpdateBusinessRuleServiceImpl[m - [rules] process-rule rule=RULE_SIDE ruleId=230 result=OK status-http=2ms total=2ms
[30m2026-09-09T12:11:18,843[m [32mINFO  [m[[1;34mhttp-nio-8080-exec-4[m] [36mStatusUpdateBusinessRuleServiceImpl[m - [rules] process-rule rule=RULE_FRACTION ruleId=232 result=OK status-http=3ms total=3ms
[30m2026-09-09T12:11:18,846[m [32mINFO  [m[[1;34mhttp-nio-8080-exec-4[m] [36mStatusUpdateBusinessRuleServiceImpl[m - [rules] process-rule rule=RULE_FRACTION_CUSTODIAN ruleId=239 result=OK status-http=2ms total=2ms
[30m2026-09-09T12:11:18,849[m [32mINFO  [m[[1;34mhttp-nio-8080-exec-4[m] [36mStatusUpdateBusinessRuleServiceImpl[m - [rules] END validate-trade tradeId=1551049 sideId=2 result=OK elapsed=16ms
[30m2026-09-09T12:11:18,849[m [32mINFO  [m[[1;34mhttp-nio-8080-exec-4[m] [36mStatusUpdateBusinessRuleServiceImpl[m - PERF_ASSIGNMENT service=reglas podName=operaciones-reglas-back-app-5894db7bb6-4scl6 operation=validateUpdateStatusTrade result=SUCCESS tradeId=1551049 side=2 totalMs=16 loadTradeMs=2 loadSettlementsAndInputMs=1 loadBusinessRulesMs=0 evaluationMs=0 tradeRepositoryCalls=1 settlementRepositoryCalls=1 businessRuleRepositoryCalls=0 statusHttpCalls=4 statusRestTotalMs=10
[30m2026-09-09T12:11:18,849[m [32mINFO  [m[[1;34mhttp-nio-8080-exec-4[m] [36mStatusUpdateBusinessRuleServiceImpl[m - PERF_RULES_STATUS_SUMMARY service=reglas podName=operaciones-reglas-back-app-5894db7bb6-4scl6 validationCount=1 statusHttpCalls=4 statusHttpTotalMs=10 uniqueStatusTransitionKeys=4 tradeRepositoryCalls=1 settlementRepositoryCalls=1 businessRuleRepositoryCalls=0
[30m2026-09-09T12:11:18,892[m [32mINFO  [m[[1;34mhttp-nio-8080-exec-5[m] [36mStatusUpdateBusinessRuleServiceImpl[m - [rules] START validate-trade tradeId=1551052 sideId=2 code=RULE_ASSIGNMENT
[30m2026-09-09T12:11:18,898[m [32mINFO  [m[[1;34mhttp-nio-8080-exec-5[m] [36mStatusUpdateBusinessRuleServiceImpl[m - [rules] process-rule rule=RULE_SIDE ruleId=230 result=OK status-http=2ms total=2ms
[30m2026-09-09T12:11:18,900[m [32mINFO  [m[[1;34mhttp-nio-8080-exec-5[m] [36mStatusUpdateBusinessRuleServiceImpl[m - [rules] process-rule rule=RULE_FRACTION ruleId=232 result=OK status-http=1ms total=1ms
[30m2026-09-09T12:11:18,903[m [32mINFO  [m[[1;34mhttp-nio-8080-exec-5[m] [36mStatusUpdateBusinessRuleServiceImpl[m - [rules] process-rule rule=RULE_FRACTION_CUSTODIAN ruleId=239 result=OK status-http=2ms total=2ms
[30m2026-09-09T12:11:18,906[m [32mINFO  [m[[1;34mhttp-nio-8080-exec-5[m] [36mStatusUpdateBusinessRuleServiceImpl[m - [rules] END validate-trade tradeId=1551052 sideId=2 result=OK elapsed=13ms
[30m2026-09-09T12:11:18,906[m [32mINFO  [m[[1;34mhttp-nio-8080-exec-5[m] [36mStatusUpdateBusinessRuleServiceImpl[m - PERF_ASSIGNMENT service=reglas podName=operaciones-reglas-back-app-5894db7bb6-4scl6 operation=validateUpdateStatusTrade result=SUCCESS tradeId=1551052 side=2 totalMs=13 loadTradeMs=2 loadSettlementsAndInputMs=1 loadBusinessRulesMs=0 evaluationMs=0 tradeRepositoryCalls=1 settlementRepositoryCalls=1 businessRuleRepositoryCalls=0 statusHttpCalls=4 statusRestTotalMs=8
[30m2026-09-09T12:11:18,906[m [32mINFO  [m[[1;34mhttp-nio-8080-exec-5[m] [36mStatusUpdateBusinessRuleServiceImpl[m - PERF_RULES_STATUS_SUMMARY service=reglas podName=operaciones-reglas-back-app-5894db7bb6-4scl6 validationCount=1 statusHttpCalls=4 statusHttpTotalMs=8 uniqueStatusTransitionKeys=4 tradeRepositoryCalls=1 settlementRepositoryCalls=1 businessRuleRepositoryCalls=0
[30m2026-09-09T12:11:18,948[m [32mINFO  [m[[1;34mhttp-nio-8080-exec-6[m] [36mStatusUpdateBusinessRuleServiceImpl[m - [rules] START validate-trade tradeId=1551054 sideId=2 code=RULE_ASSIGNMENT
[30m2026-09-09T12:11:18,955[m [32mINFO  [m[[1;34mhttp-nio-8080-exec-6[m] [36mStatusUpdateBusinessRuleServiceImpl[m - [rules] process-rule rule=RULE_SIDE ruleId=230 result=OK status-http=1ms total=2ms
[30m2026-09-09T12:11:18,957[m [32mINFO  [m[[1;34mhttp-nio-8080-exec-6[m] [36mStatusUpdateBusinessRuleServiceImpl[m - [rules] process-rule rule=RULE_FRACTION ruleId=232 result=OK status-http=1ms total=1ms
[30m2026-09-09T12:11:18,959[m [32mINFO  [m[[1;34mhttp-nio-8080-exec-6[m] [36mStatusUpdateBusinessRuleServiceImpl[m - [rules] process-rule rule=RULE_FRACTION_CUSTODIAN ruleId=239 result=OK status-http=1ms total=1ms
[30m2026-09-09T12:11:18,961[m [32mINFO  [m[[1;34mhttp-nio-8080-exec-6[m] [36mStatusUpdateBusinessRuleServiceImpl[m - [rules] END validate-trade tradeId=1551054 sideId=2 result=OK elapsed=12ms
[30m2026-09-09T12:11:18,961[m [32mINFO  [m[[1;34mhttp-nio-8080-exec-6[m] [36mStatusUpdateBusinessRuleServiceImpl[m - PERF_ASSIGNMENT service=reglas podName=operaciones-reglas-back-app-5894db7bb6-4scl6 operation=validateUpdateStatusTrade result=SUCCESS tradeId=1551054 side=2 totalMs=12 loadTradeMs=2 loadSettlementsAndInputMs=1 loadBusinessRulesMs=0 evaluationMs=0 tradeRepositoryCalls=1 settlementRepositoryCalls=1 businessRuleRepositoryCalls=0 statusHttpCalls=4 statusRestTotalMs=7
[30m2026-09-09T12:11:18,961[m [32mINFO  [m[[1;34mhttp-nio-8080-exec-6[m] [36mStatusUpdateBusinessRuleServiceImpl[m - PERF_RULES_STATUS_SUMMARY service=reglas podName=operaciones-reglas-back-app-5894db7bb6-4scl6 validationCount=1 statusHttpCalls=4 statusHttpTotalMs=7 uniqueStatusTransitionKeys=4 tradeRepositoryCalls=1 settlementRepositoryCalls=1 businessRuleRepositoryCalls=0
[30m2026-09-09T12:11:19,002[m [32mINFO  [m[[1;34mhttp-nio-8080-exec-8[m] [36mStatusUpdateBusinessRuleServiceImpl[m - [rules] START validate-trade tradeId=1551055 sideId=2 code=RULE_ASSIGNMENT
[30m2026-09-09T12:11:19,011[m [32mINFO  [m[[1;34mhttp-nio-8080-exec-8[m] [36mStatusUpdateBusinessRuleServiceImpl[m - [rules] process-rule rule=RULE_SIDE ruleId=230 result=OK status-http=3ms total=3ms
[30m2026-09-09T12:11:19,013[m [32mINFO  [m[[1;34mhttp-nio-8080-exec-8[m] [36mStatusUpdateBusinessRuleServiceImpl[m - [rules] process-rule rule=RULE_FRACTION ruleId=232 result=OK status-http=2ms total=2ms
[30m2026-09-09T12:11:19,016[m [32mINFO  [m[[1;34mhttp-nio-8080-exec-8[m] [36mStatusUpdateBusinessRuleServiceImpl[m - [rules] process-rule rule=RULE_FRACTION_CUSTODIAN ruleId=239 result=OK status-http=2ms total=2ms
[30m2026-09-09T12:11:19,018[m [32mINFO  [m[[1;34mhttp-nio-8080-exec-8[m] [36mStatusUpdateBusinessRuleServiceImpl[m - [rules] END validate-trade tradeId=1551055 sideId=2 result=OK elapsed=16ms
[30m2026-09-09T12:11:19,018[m [32mINFO  [m[[1;34mhttp-nio-8080-exec-8[m] [36mStatusUpdateBusinessRuleServiceImpl[m - PERF_ASSIGNMENT service=reglas podName=operaciones-reglas-back-app-5894db7bb6-4scl6 operation=validateUpdateStatusTrade result=SUCCESS tradeId=1551055 side=2 totalMs=16 loadTradeMs=2 loadSettlementsAndInputMs=1 loadBusinessRulesMs=0 evaluationMs=0 tradeRepositoryCalls=1 settlementRepositoryCalls=1 businessRuleRepositoryCalls=0 statusHttpCalls=4 statusRestTotalMs=10
[30m2026-09-09T12:11:19,018[m [32mINFO  [m[[1;34mhttp-nio-8080-exec-8[m] [36mStatusUpdateBusinessRuleServiceImpl[m - PERF_RULES_STATUS_SUMMARY service=reglas podName=operaciones-reglas-back-app-5894db7bb6-4scl6 validationCount=1 statusHttpCalls=4 statusHttpTotalMs=10 uniqueStatusTransitionKeys=4 tradeRepositoryCalls=1 settlementRepositoryCalls=1 businessRuleRepositoryCalls=0
[30m2026-09-09T12:11:19,071[m [32mINFO  [m[[1;34mhttp-nio-8080-exec-7[m] [36mStatusUpdateBusinessRuleServiceImpl[m - [rules] START validate-trade tradeId=1551056 sideId=2 code=RULE_ASSIGNMENT
[30m2026-09-09T12:11:19,078[m [32mINFO  [m[[1;34mhttp-nio-8080-exec-7[m] [36mStatusUpdateBusinessRuleServiceImpl[m - [rules] process-rule rule=RULE_SIDE ruleId=230 result=OK status-http=2ms total=2ms
[30m2026-09-09T12:11:19,080[m [32mINFO  [m[[1;34mhttp-nio-8080-exec-7[m] [36mStatusUpdateBusinessRuleServiceImpl[m - [rules] process-rule rule=RULE_FRACTION ruleId=232 result=OK status-http=1ms total=2ms
[30m2026-09-09T12:11:19,083[m [32mINFO  [m[[1;34mhttp-nio-8080-exec-7[m] [36mStatusUpdateBusinessRuleServiceImpl[m - [rules] process-rule rule=RULE_FRACTION_CUSTODIAN ruleId=239 result=OK status-http=2ms total=2ms
[30m2026-09-09T12:11:19,085[m [32mINFO  [m[[1;34mhttp-nio-8080-exec-7[m] [36mStatusUpdateBusinessRuleServiceImpl[m - [rules] END validate-trade tradeId=1551056 sideId=2 result=OK elapsed=13ms
[30m2026-09-09T12:11:19,085[m [32mINFO  [m[[1;34mhttp-nio-8080-exec-7[m] [36mStatusUpdateBusinessRuleServiceImpl[m - PERF_ASSIGNMENT service=reglas podName=operaciones-reglas-back-app-5894db7bb6-4scl6 operation=validateUpdateStatusTrade result=SUCCESS tradeId=1551056 side=2 totalMs=13 loadTradeMs=2 loadSettlementsAndInputMs=1 loadBusinessRulesMs=0 evaluationMs=0 tradeRepositoryCalls=1 settlementRepositoryCalls=1 businessRuleRepositoryCalls=0 statusHttpCalls=4 statusRestTotalMs=8
[30m2026-09-09T12:11:19,085[m [32mINFO  [m[[1;34mhttp-nio-8080-exec-7[m] [36mStatusUpdateBusinessRuleServiceImpl[m - PERF_RULES_STATUS_SUMMARY service=reglas podName=operaciones-reglas-back-app-5894db7bb6-4scl6 validationCount=1 statusHttpCalls=4 statusHttpTotalMs=8 uniqueStatusTransitionKeys=4 tradeRepositoryCalls=1 settlementRepositoryCalls=1 businessRuleRepositoryCalls=0
[30m2026-09-09T12:11:19,130[m [32mINFO  [m[[1;34mhttp-nio-8080-exec-10[m] [36mStatusUpdateBusinessRuleServiceImpl[m - [rules] START validate-trade tradeId=1551057 sideId=2 code=RULE_ASSIGNMENT
[30m2026-09-09T12:11:19,137[m [32mINFO  [m[[1;34mhttp-nio-8080-exec-10[m] [36mStatusUpdateBusinessRuleServiceImpl[m - [rules] process-rule rule=RULE_SIDE ruleId=230 result=OK status-http=2ms total=2ms
[30m2026-09-09T12:11:19,140[m [32mINFO  [m[[1;34mhttp-nio-8080-exec-10[m] [36mStatusUpdateBusinessRuleServiceImpl[m - [rules] process-rule rule=RULE_FRACTION ruleId=232 result=OK status-http=2ms total=2ms
[30m2026-09-09T12:11:19,142[m [32mINFO  [m[[1;34mhttp-nio-8080-exec-10[m] [36mStatusUpdateBusinessRuleServiceImpl[m - [rules] process-rule rule=RULE_FRACTION_CUSTODIAN ruleId=239 result=OK status-http=1ms total=2ms
[30m2026-09-09T12:11:19,144[m [32mINFO  [m[[1;34mhttp-nio-8080-exec-10[m] [36mStatusUpdateBusinessRuleServiceImpl[m - [rules] END validate-trade tradeId=1551057 sideId=2 result=OK elapsed=14ms
[30m2026-09-09T12:11:19,145[m [32mINFO  [m[[1;34mhttp-nio-8080-exec-10[m] [36mStatusUpdateBusinessRuleServiceImpl[m - PERF_ASSIGNMENT service=reglas podName=operaciones-reglas-back-app-5894db7bb6-4scl6 operation=validateUpdateStatusTrade result=SUCCESS tradeId=1551057 side=2 totalMs=15 loadTradeMs=2 loadSettlementsAndInputMs=1 loadBusinessRulesMs=0 evaluationMs=0 tradeRepositoryCalls=1 settlementRepositoryCalls=1 businessRuleRepositoryCalls=0 statusHttpCalls=4 statusRestTotalMs=8
[30m2026-09-09T12:11:19,145[m [32mINFO  [m[[1;34mhttp-nio-8080-exec-10[m] [36mStatusUpdateBusinessRuleServiceImpl[m - PERF_RULES_STATUS_SUMMARY service=reglas podName=operaciones-reglas-back-app-5894db7bb6-4scl6 validationCount=1 statusHttpCalls=4 statusHttpTotalMs=8 uniqueStatusTransitionKeys=4 tradeRepositoryCalls=1 settlementRepositoryCalls=1 businessRuleRepositoryCalls=0
[30m2026-09-09T12:11:19,188[m [32mINFO  [m[[1;34mhttp-nio-8080-exec-9[m] [36mStatusUpdateBusinessRuleServiceImpl[m - [rules] START validate-trade tradeId=1551058 sideId=2 code=RULE_ASSIGNMENT
[30m2026-09-09T12:11:19,196[m [32mINFO  [m[[1;34mhttp-nio-8080-exec-9[m] [36mStatusUpdateBusinessRuleServiceImpl[m - [rules] process-rule rule=RULE_SIDE ruleId=230 result=OK status-http=2ms total=3ms
[30m2026-09-09T12:11:19,199[m [32mINFO  [m[[1;34mhttp-nio-8080-exec-9[m] [36mStatusUpdateBusinessRuleServiceImpl[m - [rules] process-rule rule=RULE_FRACTION ruleId=232 result=OK status-http=2ms total=2ms
[30m2026-09-09T12:11:19,201[m [32mINFO  [m[[1;34mhttp-nio-8080-exec-9[m] [36mStatusUpdateBusinessRuleServiceImpl[m - [rules] process-rule rule=RULE_FRACTION_CUSTODIAN ruleId=239 result=OK status-http=1ms total=2ms
[30m2026-09-09T12:11:19,204[m [32mINFO  [m[[1;34mhttp-nio-8080-exec-9[m] [36mStatusUpdateBusinessRuleServiceImpl[m - [rules] END validate-trade tradeId=1551058 sideId=2 result=OK elapsed=15ms
[30m2026-09-09T12:11:19,204[m [32mINFO  [m[[1;34mhttp-nio-8080-exec-9[m] [36mStatusUpdateBusinessRuleServiceImpl[m - PERF_ASSIGNMENT service=reglas podName=operaciones-reglas-back-app-5894db7bb6-4scl6 operation=validateUpdateStatusTrade result=SUCCESS tradeId=1551058 side=2 totalMs=15 loadTradeMs=2 loadSettlementsAndInputMs=1 loadBusinessRulesMs=0 evaluationMs=0 tradeRepositoryCalls=1 settlementRepositoryCalls=1 businessRuleRepositoryCalls=0 statusHttpCalls=4 statusRestTotalMs=10
[30m2026-09-09T12:11:19,204[m [32mINFO  [m[[1;34mhttp-nio-8080-exec-9[m] [36mStatusUpdateBusinessRuleServiceImpl[m - PERF_RULES_STATUS_SUMMARY service=reglas podName=operaciones-reglas-back-app-5894db7bb6-4scl6 validationCount=1 statusHttpCalls=4 statusHttpTotalMs=10 uniqueStatusTransitionKeys=4 tradeRepositoryCalls=1 settlementRepositoryCalls=1 businessRuleRepositoryCalls=0
[30m2026-09-09T12:11:19,249[m [32mINFO  [m[[1;34mhttp-nio-8080-exec-12[m] [36mStatusUpdateBusinessRuleServiceImpl[m - [rules] START validate-trade tradeId=1551059 sideId=2 code=RULE_ASSIGNMENT
[30m2026-09-09T12:11:19,257[m [32mINFO  [m[[1;34mhttp-nio-8080-exec-12[m] [36mStatusUpdateBusinessRuleServiceImpl[m - [rules] process-rule rule=RULE_SIDE ruleId=230 result=OK status-http=2ms total=2ms
[30m2026-09-09T12:11:19,259[m [32mINFO  [m[[1;34mhttp-nio-8080-exec-12[m] [36mStatusUpdateBusinessRuleServiceImpl[m - [rules] process-rule rule=RULE_FRACTION ruleId=232 result=OK status-http=2ms total=2ms
[30m2026-09-09T12:11:19,264[m [32mINFO  [m[[1;34mhttp-nio-8080-exec-12[m] [36mStatusUpdateBusinessRuleServiceImpl[m - [rules] process-rule rule=RULE_FRACTION_CUSTODIAN ruleId=239 result=OK status-http=4ms total=4ms
[30m2026-09-09T12:11:19,267[m [32mINFO  [m[[1;34mhttp-nio-8080-exec-12[m] [36mStatusUpdateBusinessRuleServiceImpl[m - [rules] END validate-trade tradeId=1551059 sideId=2 result=OK elapsed=17ms
[30m2026-09-09T12:11:19,267[m [32mINFO  [m[[1;34mhttp-nio-8080-exec-12[m] [36mStatusUpdateBusinessRuleServiceImpl[m - PERF_ASSIGNMENT service=reglas podName=operaciones-reglas-back-app-5894db7bb6-4scl6 operation=validateUpdateStatusTrade result=SUCCESS tradeId=1551059 side=2 totalMs=17 loadTradeMs=2 loadSettlementsAndInputMs=1 loadBusinessRulesMs=0 evaluationMs=0 tradeRepositoryCalls=1 settlementRepositoryCalls=1 businessRuleRepositoryCalls=0 statusHttpCalls=4 statusRestTotalMs=11
[30m2026-09-09T12:11:19,267[m [32mINFO  [m[[1;34mhttp-nio-8080-exec-12[m] [36mStatusUpdateBusinessRuleServiceImpl[m - PERF_RULES_STATUS_SUMMARY service=reglas podName=operaciones-reglas-back-app-5894db7bb6-4scl6 validationCount=1 statusHttpCalls=4 statusHttpTotalMs=11 uniqueStatusTransitionKeys=4 tradeRepositoryCalls=1 settlementRepositoryCalls=1 businessRuleRepositoryCalls=0
[30m2026-09-09T12:11:19,310[m [32mINFO  [m[[1;34mhttp-nio-8080-exec-11[m] [36mStatusUpdateBusinessRuleServiceImpl[m - [rules] START validate-trade tradeId=1551060 sideId=2 code=RULE_ASSIGNMENT
[30m2026-09-09T12:11:19,317[m [32mINFO  [m[[1;34mhttp-nio-8080-exec-11[m] [36mStatusUpdateBusinessRuleServiceImpl[m - [rules] process-rule rule=RULE_SIDE ruleId=230 result=OK status-http=2ms total=3ms
[30m2026-09-09T12:11:19,321[m [32mINFO  [m[[1;34mhttp-nio-8080-exec-11[m] [36mStatusUpdateBusinessRuleServiceImpl[m - [rules] process-rule rule=RULE_FRACTION ruleId=232 result=OK status-http=3ms total=3ms
[30m2026-09-09T12:11:19,323[m [32mINFO  [m[[1;34mhttp-nio-8080-exec-11[m] [36mStatusUpdateBusinessRuleServiceImpl[m - [rules] process-rule rule=RULE_FRACTION_CUSTODIAN ruleId=239 result=OK status-http=2ms total=2ms
[30m2026-09-09T12:11:19,331[m [32mINFO  [m[[1;34mhttp-nio-8080-exec-11[m] [36mStatusUpdateBusinessRuleServiceImpl[m - [rules] END validate-trade tradeId=1551060 sideId=2 result=OK elapsed=20ms
[30m2026-09-09T12:11:19,331[m [32mINFO  [m[[1;34mhttp-nio-8080-exec-11[m] [36mStatusUpdateBusinessRuleServiceImpl[m - PERF_ASSIGNMENT service=reglas podName=operaciones-reglas-back-app-5894db7bb6-4scl6 operation=validateUpdateStatusTrade result=SUCCESS tradeId=1551060 side=2 totalMs=21 loadTradeMs=2 loadSettlementsAndInputMs=1 loadBusinessRulesMs=0 evaluationMs=0 tradeRepositoryCalls=1 settlementRepositoryCalls=1 businessRuleRepositoryCalls=0 statusHttpCalls=4 statusRestTotalMs=15
[30m2026-09-09T12:11:19,331[m [32mINFO  [m[[1;34mhttp-nio-8080-exec-11[m] [36mStatusUpdateBusinessRuleServiceImpl[m - PERF_RULES_STATUS_SUMMARY service=reglas podName=operaciones-reglas-back-app-5894db7bb6-4scl6 validationCount=1 statusHttpCalls=4 statusHttpTotalMs=15 uniqueStatusTransitionKeys=4 tradeRepositoryCalls=1 settlementRepositoryCalls=1 businessRuleRepositoryCalls=0
[30m2026-09-09T12:11:19,373[m [32mINFO  [m[[1;34mhttp-nio-8080-exec-15[m] [36mStatusUpdateBusinessRuleServiceImpl[m - [rules] START validate-trade tradeId=1551061 sideId=2 code=RULE_ASSIGNMENT
[30m2026-09-09T12:11:19,385[m [32mINFO  [m[[1;34mhttp-nio-8080-exec-15[m] [36mStatusUpdateBusinessRuleServiceImpl[m - [rules] process-rule rule=RULE_SIDE ruleId=230 result=OK status-http=7ms total=7ms
[30m2026-09-09T12:11:19,388[m [32mINFO  [m[[1;34mhttp-nio-8080-exec-15[m] [36mStatusUpdateBusinessRuleServiceImpl[m - [rules] process-rule rule=RULE_FRACTION ruleId=232 result=OK status-http=2ms total=2ms
[30m2026-09-09T12:11:19,390[m [32mINFO  [m[[1;34mhttp-nio-8080-exec-15[m] [36mStatusUpdateBusinessRuleServiceImpl[m - [rules] process-rule rule=RULE_FRACTION_CUSTODIAN ruleId=239 result=OK status-http=2ms total=2ms
[30m2026-09-09T12:11:19,394[m [32mINFO  [m[[1;34mhttp-nio-8080-exec-15[m] [36mStatusUpdateBusinessRuleServiceImpl[m - [rules] END validate-trade tradeId=1551061 sideId=2 result=OK elapsed=20ms
[30m2026-09-09T12:11:19,394[m [32mINFO  [m[[1;34mhttp-nio-8080-exec-15[m] [36mStatusUpdateBusinessRuleServiceImpl[m - PERF_ASSIGNMENT service=reglas podName=operaciones-reglas-back-app-5894db7bb6-4scl6 operation=validateUpdateStatusTrade result=SUCCESS tradeId=1551061 side=2 totalMs=20 loadTradeMs=2 loadSettlementsAndInputMs=1 loadBusinessRulesMs=0 evaluationMs=0 tradeRepositoryCalls=1 settlementRepositoryCalls=1 businessRuleRepositoryCalls=0 statusHttpCalls=4 statusRestTotalMs=15
[30m2026-09-09T12:11:19,394[m [32mINFO  [m[[1;34mhttp-nio-8080-exec-15[m] [36mStatusUpdateBusinessRuleServiceImpl[m - PERF_RULES_STATUS_SUMMARY service=reglas podName=operaciones-reglas-back-app-5894db7bb6-4scl6 validationCount=1 statusHttpCalls=4 statusHttpTotalMs=15 uniqueStatusTransitionKeys=4 tradeRepositoryCalls=1 settlementRepositoryCalls=1 businessRuleRepositoryCalls=0
[30m2026-09-09T12:11:19,440[m [32mINFO  [m[[1;34mhttp-nio-8080-exec-13[m] [36mStatusUpdateBusinessRuleServiceImpl[m - [rules] START validate-trade tradeId=1551062 sideId=2 code=RULE_ASSIGNMENT
[30m2026-09-09T12:11:19,448[m [32mINFO  [m[[1;34mhttp-nio-8080-exec-13[m] [36mStatusUpdateBusinessRuleServiceImpl[m - [rules] process-rule rule=RULE_SIDE ruleId=230 result=OK status-http=3ms total=3ms
[30m2026-09-09T12:11:19,451[m [32mINFO  [m[[1;34mhttp-nio-8080-exec-13[m] [36mStatusUpdateBusinessRuleServiceImpl[m - [rules] process-rule rule=RULE_FRACTION ruleId=232 result=OK status-http=2ms total=2ms
[30m2026-09-09T12:11:19,454[m [32mINFO  [m[[1;34mhttp-nio-8080-exec-13[m] [36mStatusUpdateBusinessRuleServiceImpl[m - [rules] process-rule rule=RULE_FRACTION_CUSTODIAN ruleId=239 result=OK status-http=2ms total=2ms
[30m2026-09-09T12:11:19,456[m [32mINFO  [m[[1;34mhttp-nio-8080-exec-13[m] [36mStatusUpdateBusinessRuleServiceImpl[m - [rules] END validate-trade tradeId=1551062 sideId=2 result=OK elapsed=16ms
[30m2026-09-09T12:11:19,457[m [32mINFO  [m[[1;34mhttp-nio-8080-exec-13[m] [36mStatusUpdateBusinessRuleServiceImpl[m - PERF_ASSIGNMENT service=reglas podName=operaciones-reglas-back-app-5894db7bb6-4scl6 operation=validateUpdateStatusTrade result=SUCCESS tradeId=1551062 side=2 totalMs=16 loadTradeMs=2 loadSettlementsAndInputMs=1 loadBusinessRulesMs=0 evaluationMs=0 tradeRepositoryCalls=1 settlementRepositoryCalls=1 businessRuleRepositoryCalls=0 statusHttpCalls=4 statusRestTotalMs=10
[30m2026-09-09T12:11:19,457[m [32mINFO  [m[[1;34mhttp-nio-8080-exec-13[m] [36mStatusUpdateBusinessRuleServiceImpl[m - PERF_RULES_STATUS_SUMMARY service=reglas podName=operaciones-reglas-back-app-5894db7bb6-4scl6 validationCount=1 statusHttpCalls=4 statusHttpTotalMs=10 uniqueStatusTransitionKeys=4 tradeRepositoryCalls=1 settlementRepositoryCalls=1 businessRuleRepositoryCalls=0
[30m2026-09-09T12:11:19,501[m [32mINFO  [m[[1;34mhttp-nio-8080-exec-18[m] [36mStatusUpdateBusinessRuleServiceImpl[m - [rules] START validate-trade tradeId=1551064 sideId=2 code=RULE_ASSIGNMENT
[30m2026-09-09T12:11:19,513[m [32mINFO  [m[[1;34mhttp-nio-8080-exec-18[m] [36mStatusUpdateBusinessRuleServiceImpl[m - [rules] process-rule rule=RULE_SIDE ruleId=230 result=OK status-http=7ms total=7ms
[30m2026-09-09T12:11:19,516[m [32mINFO  [m[[1;34mhttp-nio-8080-exec-18[m] [36mStatusUpdateBusinessRuleServiceImpl[m - [rules] process-rule rule=RULE_FRACTION ruleId=232 result=OK status-http=2ms total=2ms
[30m2026-09-09T12:11:19,520[m [32mINFO  [m[[1;34mhttp-nio-8080-exec-18[m] [36mStatusUpdateBusinessRuleServiceImpl[m - [rules] process-rule rule=RULE_FRACTION_CUSTODIAN ruleId=239 result=OK status-http=3ms total=3ms
[30m2026-09-09T12:11:19,525[m [32mINFO  [m[[1;34mhttp-nio-8080-exec-18[m] [36mStatusUpdateBusinessRuleServiceImpl[m - [rules] END validate-trade tradeId=1551064 sideId=2 result=OK elapsed=23ms
[30m2026-09-09T12:11:19,525[m [32mINFO  [m[[1;34mhttp-nio-8080-exec-18[m] [36mStatusUpdateBusinessRuleServiceImpl[m - PERF_ASSIGNMENT service=reglas podName=operaciones-reglas-back-app-5894db7bb6-4scl6 operation=validateUpdateStatusTrade result=SUCCESS tradeId=1551064 side=2 totalMs=24 loadTradeMs=2 loadSettlementsAndInputMs=1 loadBusinessRulesMs=0 evaluationMs=0 tradeRepositoryCalls=1 settlementRepositoryCalls=1 businessRuleRepositoryCalls=0 statusHttpCalls=4 statusRestTotalMs=18
[30m2026-09-09T12:11:19,525[m [32mINFO  [m[[1;34mhttp-nio-8080-exec-18[m] [36mStatusUpdateBusinessRuleServiceImpl[m - PERF_RULES_STATUS_SUMMARY service=reglas podName=operaciones-reglas-back-app-5894db7bb6-4scl6 validationCount=1 statusHttpCalls=4 statusHttpTotalMs=18 uniqueStatusTransitionKeys=4 tradeRepositoryCalls=1 settlementRepositoryCalls=1 businessRuleRepositoryCalls=0
[30m2026-09-09T12:11:19,570[m [32mINFO  [m[[1;34mhttp-nio-8080-exec-14[m] [36mStatusUpdateBusinessRuleServiceImpl[m - [rules] START validate-trade tradeId=1548101 sideId=2 code=RULE_ASSIGNMENT
[30m2026-09-09T12:11:19,578[m [32mINFO  [m[[1;34mhttp-nio-8080-exec-14[m] [36mStatusUpdateBusinessRuleServiceImpl[m - [rules] process-rule rule=RULE_SIDE ruleId=230 result=OK status-http=2ms total=2ms
[30m2026-09-09T12:11:19,581[m [32mINFO  [m[[1;34mhttp-nio-8080-exec-14[m] [36mStatusUpdateBusinessRuleServiceImpl[m - [rules] process-rule rule=RULE_FRACTION ruleId=232 result=OK status-http=2ms total=2ms
[30m2026-09-09T12:11:19,586[m [32mINFO  [m[[1;34mhttp-nio-8080-exec-14[m] [36mStatusUpdateBusinessRuleServiceImpl[m - [rules] process-rule rule=RULE_FRACTION_CUSTODIAN ruleId=239 result=OK status-http=4ms total=4ms
[30m2026-09-09T12:11:19,590[m [32mINFO  [m[[1;34mhttp-nio-8080-exec-14[m] [36mStatusUpdateBusinessRuleServiceImpl[m - [rules] END validate-trade tradeId=1548101 sideId=2 result=OK elapsed=19ms
[30m2026-09-09T12:11:19,590[m [32mINFO  [m[[1;34mhttp-nio-8080-exec-14[m] [36mStatusUpdateBusinessRuleServiceImpl[m - PERF_ASSIGNMENT service=reglas podName=operaciones-reglas-back-app-5894db7bb6-4scl6 operation=validateUpdateStatusTrade result=SUCCESS tradeId=1548101 side=2 totalMs=19 loadTradeMs=2 loadSettlementsAndInputMs=1 loadBusinessRulesMs=0 evaluationMs=0 tradeRepositoryCalls=1 settlementRepositoryCalls=1 businessRuleRepositoryCalls=0 statusHttpCalls=4 statusRestTotalMs=14
[30m2026-09-09T12:11:19,590[m [32mINFO  [m[[1;34mhttp-nio-8080-exec-14[m] [36mStatusUpdateBusinessRuleServiceImpl[m - PERF_RULES_STATUS_SUMMARY service=reglas podName=operaciones-reglas-back-app-5894db7bb6-4scl6 validationCount=1 statusHttpCalls=4 statusHttpTotalMs=14 uniqueStatusTransitionKeys=4 tradeRepositoryCalls=1 settlementRepositoryCalls=1 businessRuleRepositoryCalls=0
[30m2026-09-09T12:11:19,644[m [32mINFO  [m[[1;34mhttp-nio-8080-exec-16[m] [36mStatusUpdateBusinessRuleServiceImpl[m - [rules] START validate-trade tradeId=1548102 sideId=2 code=RULE_ASSIGNMENT
[30m2026-09-09T12:11:19,651[m [32mINFO  [m[[1;34mhttp-nio-8080-exec-16[m] [36mStatusUpdateBusinessRuleServiceImpl[m - [rules] process-rule rule=RULE_SIDE ruleId=230 result=OK status-http=2ms total=2ms
[30m2026-09-09T12:11:19,654[m [32mINFO  [m[[1;34mhttp-nio-8080-exec-16[m] [36mStatusUpdateBusinessRuleServiceImpl[m - [rules] process-rule rule=RULE_FRACTION ruleId=232 result=OK status-http=2ms total=2ms
[30m2026-09-09T12:11:19,656[m [32mINFO  [m[[1;34mhttp-nio-8080-exec-16[m] [36mStatusUpdateBusinessRuleServiceImpl[m - [rules] process-rule rule=RULE_FRACTION_CUSTODIAN ruleId=239 result=OK status-http=1ms total=1ms
[30m2026-09-09T12:11:19,659[m [32mINFO  [m[[1;34mhttp-nio-8080-exec-16[m] [36mStatusUpdateBusinessRuleServiceImpl[m - [rules] END validate-trade tradeId=1548102 sideId=2 result=OK elapsed=14ms
[30m2026-09-09T12:11:19,659[m [32mINFO  [m[[1;34mhttp-nio-8080-exec-16[m] [36mStatusUpdateBusinessRuleServiceImpl[m - PERF_ASSIGNMENT service=reglas podName=operaciones-reglas-back-app-5894db7bb6-4scl6 operation=validateUpdateStatusTrade result=SUCCESS tradeId=1548102 side=2 totalMs=14 loadTradeMs=2 loadSettlementsAndInputMs=1 loadBusinessRulesMs=0 evaluationMs=0 tradeRepositoryCalls=1 settlementRepositoryCalls=1 businessRuleRepositoryCalls=0 statusHttpCalls=4 statusRestTotalMs=9
[30m2026-09-09T12:11:19,659[m [32mINFO  [m[[1;34mhttp-nio-8080-exec-16[m] [36mStatusUpdateBusinessRuleServiceImpl[m - PERF_RULES_STATUS_SUMMARY service=reglas podName=operaciones-reglas-back-app-5894db7bb6-4scl6 validationCount=1 statusHttpCalls=4 statusHttpTotalMs=9 uniqueStatusTransitionKeys=4 tradeRepositoryCalls=1 settlementRepositoryCalls=1 businessRuleRepositoryCalls=0
[30m2026-09-09T12:11:19,704[m [32mINFO  [m[[1;34mhttp-nio-8080-exec-19[m] [36mStatusUpdateBusinessRuleServiceImpl[m - [rules] START validate-trade tradeId=1548104 sideId=2 code=RULE_ASSIGNMENT
[30m2026-09-09T12:11:19,712[m [32mINFO  [m[[1;34mhttp-nio-8080-exec-19[m] [36mStatusUpdateBusinessRuleServiceImpl[m - [rules] process-rule rule=RULE_SIDE ruleId=230 result=OK status-http=3ms total=3ms
[30m2026-09-09T12:11:19,715[m [32mINFO  [m[[1;34mhttp-nio-8080-exec-19[m] [36mStatusUpdateBusinessRuleServiceImpl[m - [rules] process-rule rule=RULE_FRACTION ruleId=232 result=OK status-http=3ms total=3ms
[30m2026-09-09T12:11:19,717[m [32mINFO  [m[[1;34mhttp-nio-8080-exec-19[m] [36mStatusUpdateBusinessRuleServiceImpl[m - [rules] process-rule rule=RULE_FRACTION_CUSTODIAN ruleId=239 result=OK status-http=2ms total=2ms
[30m2026-09-09T12:11:19,720[m [32mINFO  [m[[1;34mhttp-nio-8080-exec-19[m] [36mStatusUpdateBusinessRuleServiceImpl[m - [rules] END validate-trade tradeId=1548104 sideId=2 result=OK elapsed=15ms
[30m2026-09-09T12:11:19,720[m [32mINFO  [m[[1;34mhttp-nio-8080-exec-19[m] [36mStatusUpdateBusinessRuleServiceImpl[m - PERF_ASSIGNMENT service=reglas podName=operaciones-reglas-back-app-5894db7bb6-4scl6 operation=validateUpdateStatusTrade result=SUCCESS tradeId=1548104 side=2 totalMs=15 loadTradeMs=2 loadSettlementsAndInputMs=1 loadBusinessRulesMs=0 evaluationMs=0 tradeRepositoryCalls=1 settlementRepositoryCalls=1 businessRuleRepositoryCalls=0 statusHttpCalls=4 statusRestTotalMs=10
[30m2026-09-09T12:11:19,720[m [32mINFO  [m[[1;34mhttp-nio-8080-exec-19[m] [36mStatusUpdateBusinessRuleServiceImpl[m - PERF_RULES_STATUS_SUMMARY service=reglas podName=operaciones-reglas-back-app-5894db7bb6-4scl6 validationCount=1 statusHttpCalls=4 statusHttpTotalMs=10 uniqueStatusTransitionKeys=4 tradeRepositoryCalls=1 settlementRepositoryCalls=1 businessRuleRepositoryCalls=0
[30m2026-09-09T12:11:19,766[m [32mINFO  [m[[1;34mhttp-nio-8080-exec-17[m] [36mStatusUpdateBusinessRuleServiceImpl[m - [rules] START validate-trade tradeId=1548106 sideId=2 code=RULE_ASSIGNMENT
[30m2026-09-09T12:11:19,773[m [32mINFO  [m[[1;34mhttp-nio-8080-exec-17[m] [36mStatusUpdateBusinessRuleServiceImpl[m - [rules] process-rule rule=RULE_SIDE ruleId=230 result=OK status-http=2ms total=3ms
[30m2026-09-09T12:11:19,776[m [32mINFO  [m[[1;34mhttp-nio-8080-exec-17[m] [36mStatusUpdateBusinessRuleServiceImpl[m - [rules] process-rule rule=RULE_FRACTION ruleId=232 result=OK status-http=2ms total=2ms
[30m2026-09-09T12:11:19,781[m [32mINFO  [m[[1;34mhttp-nio-8080-exec-17[m] [36mStatusUpdateBusinessRuleServiceImpl[m - [rules] process-rule rule=RULE_FRACTION_CUSTODIAN ruleId=239 result=OK status-http=4ms total=4ms
[30m2026-09-09T12:11:19,784[m [32mINFO  [m[[1;34mhttp-nio-8080-exec-17[m] [36mStatusUpdateBusinessRuleServiceImpl[m - [rules] END validate-trade tradeId=1548106 sideId=2 result=OK elapsed=18ms
[30m2026-09-09T12:11:19,784[m [32mINFO  [m[[1;34mhttp-nio-8080-exec-17[m] [36mStatusUpdateBusinessRuleServiceImpl[m - PERF_ASSIGNMENT service=reglas podName=operaciones-reglas-back-app-5894db7bb6-4scl6 operation=validateUpdateStatusTrade result=SUCCESS tradeId=1548106 side=2 totalMs=18 loadTradeMs=2 loadSettlementsAndInputMs=1 loadBusinessRulesMs=0 evaluationMs=0 tradeRepositoryCalls=1 settlementRepositoryCalls=1 businessRuleRepositoryCalls=0 statusHttpCalls=4 statusRestTotalMs=13
[30m2026-09-09T12:11:19,785[m [32mINFO  [m[[1;34mhttp-nio-8080-exec-17[m] [36mStatusUpdateBusinessRuleServiceImpl[m - PERF_RULES_STATUS_SUMMARY service=reglas podName=operaciones-reglas-back-app-5894db7bb6-4scl6 validationCount=1 statusHttpCalls=4 statusHttpTotalMs=13 uniqueStatusTransitionKeys=4 tradeRepositoryCalls=1 settlementRepositoryCalls=1 businessRuleRepositoryCalls=0
[30m2026-09-09T12:11:19,830[m [32mINFO  [m[[1;34mhttp-nio-8080-exec-21[m] [36mStatusUpdateBusinessRuleServiceImpl[m - [rules] START validate-trade tradeId=1548111 sideId=2 code=RULE_ASSIGNMENT
[30m2026-09-09T12:11:19,839[m [32mINFO  [m[[1;34mhttp-nio-8080-exec-21[m] [36mStatusUpdateBusinessRuleServiceImpl[m - [rules] process-rule rule=RULE_SIDE ruleId=230 result=OK status-http=3ms total=3ms
[30m2026-09-09T12:11:19,843[m [32mINFO  [m[[1;34mhttp-nio-8080-exec-21[m] [36mStatusUpdateBusinessRuleServiceImpl[m - [rules] process-rule rule=RULE_FRACTION ruleId=232 result=OK status-http=3ms total=4ms
[30m2026-09-09T12:11:19,846[m [32mINFO  [m[[1;34mhttp-nio-8080-exec-21[m] [36mStatusUpdateBusinessRuleServiceImpl[m - [rules] process-rule rule=RULE_FRACTION_CUSTODIAN ruleId=239 result=OK status-http=3ms total=3ms
[30m2026-09-09T12:11:19,849[m [32mINFO  [m[[1;34mhttp-nio-8080-exec-21[m] [36mStatusUpdateBusinessRuleServiceImpl[m - [rules] END validate-trade tradeId=1548111 sideId=2 result=OK elapsed=19ms
[30m2026-09-09T12:11:19,850[m [32mINFO  [m[[1;34mhttp-nio-8080-exec-21[m] [36mStatusUpdateBusinessRuleServiceImpl[m - PERF_ASSIGNMENT service=reglas podName=operaciones-reglas-back-app-5894db7bb6-4scl6 operation=validateUpdateStatusTrade result=SUCCESS tradeId=1548111 side=2 totalMs=19 loadTradeMs=2 loadSettlementsAndInputMs=1 loadBusinessRulesMs=0 evaluationMs=0 tradeRepositoryCalls=1 settlementRepositoryCalls=1 businessRuleRepositoryCalls=0 statusHttpCalls=4 statusRestTotalMs=13
[30m2026-09-09T12:11:19,850[m [32mINFO  [m[[1;34mhttp-nio-8080-exec-21[m] [36mStatusUpdateBusinessRuleServiceImpl[m - PERF_RULES_STATUS_SUMMARY service=reglas podName=operaciones-reglas-back-app-5894db7bb6-4scl6 validationCount=1 statusHttpCalls=4 statusHttpTotalMs=13 uniqueStatusTransitionKeys=4 tradeRepositoryCalls=1 settlementRepositoryCalls=1 businessRuleRepositoryCalls=0
[30m2026-09-09T12:11:19,899[m [32mINFO  [m[[1;34mhttp-nio-8080-exec-20[m] [36mStatusUpdateBusinessRuleServiceImpl[m - [rules] START validate-trade tradeId=1548114 sideId=2 code=RULE_ASSIGNMENT
[30m2026-09-09T12:11:19,907[m [32mINFO  [m[[1;34mhttp-nio-8080-exec-20[m] [36mStatusUpdateBusinessRuleServiceImpl[m - [rules] process-rule rule=RULE_SIDE ruleId=230 result=OK status-http=3ms total=3ms
[30m2026-09-09T12:11:19,910[m [32mINFO  [m[[1;34mhttp-nio-8080-exec-20[m] [36mStatusUpdateBusinessRuleServiceImpl[m - [rules] process-rule rule=RULE_FRACTION ruleId=232 result=OK status-http=2ms total=2ms
[30m2026-09-09T12:11:19,916[m [32mINFO  [m[[1;34mhttp-nio-8080-exec-20[m] [36mStatusUpdateBusinessRuleServiceImpl[m - [rules] process-rule rule=RULE_FRACTION_CUSTODIAN ruleId=239 result=OK status-http=5ms total=6ms
[30m2026-09-09T12:11:19,919[m [32mINFO  [m[[1;34mhttp-nio-8080-exec-20[m] [36mStatusUpdateBusinessRuleServiceImpl[m - [rules] END validate-trade tradeId=1548114 sideId=2 result=OK elapsed=20ms
[30m2026-09-09T12:11:19,919[m [32mINFO  [m[[1;34mhttp-nio-8080-exec-20[m] [36mStatusUpdateBusinessRuleServiceImpl[m - PERF_ASSIGNMENT service=reglas podName=operaciones-reglas-back-app-5894db7bb6-4scl6 operation=validateUpdateStatusTrade result=SUCCESS tradeId=1548114 side=2 totalMs=20 loadTradeMs=2 loadSettlementsAndInputMs=1 loadBusinessRulesMs=0 evaluationMs=0 tradeRepositoryCalls=1 settlementRepositoryCalls=1 businessRuleRepositoryCalls=0 statusHttpCalls=4 statusRestTotalMs=14
[30m2026-09-09T12:11:19,919[m [32mINFO  [m[[1;34mhttp-nio-8080-exec-20[m] [36mStatusUpdateBusinessRuleServiceImpl[m - PERF_RULES_STATUS_SUMMARY service=reglas podName=operaciones-reglas-back-app-5894db7bb6-4scl6 validationCount=1 statusHttpCalls=4 statusHttpTotalMs=14 uniqueStatusTransitionKeys=4 tradeRepositoryCalls=1 settlementRepositoryCalls=1 businessRuleRepositoryCalls=0
[30m2026-09-09T12:11:19,965[m [32mINFO  [m[[1;34mhttp-nio-8080-exec-22[m] [36mStatusUpdateBusinessRuleServiceImpl[m - [rules] START validate-trade tradeId=1548118 sideId=2 code=RULE_ASSIGNMENT
[30m2026-09-09T12:11:19,974[m [32mINFO  [m[[1;34mhttp-nio-8080-exec-22[m] [36mStatusUpdateBusinessRuleServiceImpl[m - [rules] process-rule rule=RULE_SIDE ruleId=230 result=OK status-http=3ms total=4ms
[30m2026-09-09T12:11:19,978[m [32mINFO  [m[[1;34mhttp-nio-8080-exec-22[m] [36mStatusUpdateBusinessRuleServiceImpl[m - [rules] process-rule rule=RULE_FRACTION ruleId=232 result=OK status-http=3ms total=3ms
[30m2026-09-09T12:11:19,982[m [32mINFO  [m[[1;34mhttp-nio-8080-exec-22[m] [36mStatusUpdateBusinessRuleServiceImpl[m - [rules] process-rule rule=RULE_FRACTION_CUSTODIAN ruleId=239 result=OK status-http=3ms total=3ms
[30m2026-09-09T12:11:19,986[m [32mINFO  [m[[1;34mhttp-nio-8080-exec-22[m] [36mStatusUpdateBusinessRuleServiceImpl[m - [rules] END validate-trade tradeId=1548118 sideId=2 result=OK elapsed=20ms
[30m2026-09-09T12:11:19,986[m [32mINFO  [m[[1;34mhttp-nio-8080-exec-22[m] [36mStatusUpdateBusinessRuleServiceImpl[m - PERF_ASSIGNMENT service=reglas podName=operaciones-reglas-back-app-5894db7bb6-4scl6 operation=validateUpdateStatusTrade result=SUCCESS tradeId=1548118 side=2 totalMs=20 loadTradeMs=2 loadSettlementsAndInputMs=1 loadBusinessRulesMs=0 evaluationMs=0 tradeRepositoryCalls=1 settlementRepositoryCalls=1 businessRuleRepositoryCalls=0 statusHttpCalls=4 statusRestTotalMs=14
[30m2026-09-09T12:11:19,986[m [32mINFO  [m[[1;34mhttp-nio-8080-exec-22[m] [36mStatusUpdateBusinessRuleServiceImpl[m - PERF_RULES_STATUS_SUMMARY service=reglas podName=operaciones-reglas-back-app-5894db7bb6-4scl6 validationCount=1 statusHttpCalls=4 statusHttpTotalMs=14 uniqueStatusTransitionKeys=4 tradeRepositoryCalls=1 settlementRepositoryCalls=1 businessRuleRepositoryCalls=0
[30m2026-09-09T12:11:26,465[m [32mINFO  [m[[1;34mhttp-nio-8080-exec-23[m] [36mStatusUpdateBusinessRuleServiceImpl[m - [rules] START validate-trade tradeId=1552077 sideId=2 code=RULE_ASSIGNMENT
[30m2026-09-09T12:11:26,473[m [32mINFO  [m[[1;34mhttp-nio-8080-exec-23[m] [36mStatusUpdateBusinessRuleServiceImpl[m - [rules] process-rule rule=RULE_SIDE ruleId=230 result=OK status-http=3ms total=3ms
[30m2026-09-09T12:11:26,475[m [32mINFO  [m[[1;34mhttp-nio-8080-exec-23[m] [36mStatusUpdateBusinessRuleServiceImpl[m - [rules] process-rule rule=RULE_FRACTION ruleId=232 result=OK status-http=1ms total=1ms
[30m2026-09-09T12:11:26,477[m [32mINFO  [m[[1;34mhttp-nio-8080-exec-23[m] [36mStatusUpdateBusinessRuleServiceImpl[m - [rules] process-rule rule=RULE_FRACTION_CUSTODIAN ruleId=239 result=OK status-http=1ms total=2ms
[30m2026-09-09T12:11:26,479[m [32mINFO  [m[[1;34mhttp-nio-8080-exec-23[m] [36mStatusUpdateBusinessRuleServiceImpl[m - [rules] END validate-trade tradeId=1552077 sideId=2 result=OK elapsed=14ms
[30m2026-09-09T12:11:26,479[m [32mINFO  [m[[1;34mhttp-nio-8080-exec-23[m] [36mStatusUpdateBusinessRuleServiceImpl[m - PERF_ASSIGNMENT service=reglas podName=operaciones-reglas-back-app-5894db7bb6-4scl6 operation=validateUpdateStatusTrade result=SUCCESS tradeId=1552077 side=2 totalMs=14 loadTradeMs=2 loadSettlementsAndInputMs=1 loadBusinessRulesMs=0 evaluationMs=0 tradeRepositoryCalls=1 settlementRepositoryCalls=1 businessRuleRepositoryCalls=0 statusHttpCalls=4 statusRestTotalMs=8
[30m2026-09-09T12:11:26,479[m [32mINFO  [m[[1;34mhttp-nio-8080-exec-23[m] [36mStatusUpdateBusinessRuleServiceImpl[m - PERF_RULES_STATUS_SUMMARY service=reglas podName=operaciones-reglas-back-app-5894db7bb6-4scl6 validationCount=1 statusHttpCalls=4 statusHttpTotalMs=8 uniqueStatusTransitionKeys=4 tradeRepositoryCalls=1 settlementRepositoryCalls=1 businessRuleRepositoryCalls=0
[30m2026-09-09T12:11:26,527[m [32mINFO  [m[[1;34mhttp-nio-8080-exec-25[m] [36mStatusUpdateBusinessRuleServiceImpl[m - [rules] START validate-trade tradeId=1552091 sideId=2 code=RULE_ASSIGNMENT
[30m2026-09-09T12:11:26,534[m [32mINFO  [m[[1;34mhttp-nio-8080-exec-25[m] [36mStatusUpdateBusinessRuleServiceImpl[m - [rules] process-rule rule=RULE_SIDE ruleId=230 result=OK status-http=2ms total=2ms
[30m2026-09-09T12:11:26,537[m [32mINFO  [m[[1;34mhttp-nio-8080-exec-25[m] [36mStatusUpdateBusinessRuleServiceImpl[m - [rules] process-rule rule=RULE_FRACTION ruleId=232 result=OK status-http=2ms total=2ms
[30m2026-09-09T12:11:26,540[m [32mINFO  [m[[1;34mhttp-nio-8080-exec-25[m] [36mStatusUpdateBusinessRuleServiceImpl[m - [rules] process-rule rule=RULE_FRACTION_CUSTODIAN ruleId=239 result=OK status-http=2ms total=2ms
[30m2026-09-09T12:11:26,542[m [32mINFO  [m[[1;34mhttp-nio-8080-exec-25[m] [36mStatusUpdateBusinessRuleServiceImpl[m - [rules] END validate-trade tradeId=1552091 sideId=2 result=OK elapsed=15ms
[30m2026-09-09T12:11:26,542[m [32mINFO  [m[[1;34mhttp-nio-8080-exec-25[m] [36mStatusUpdateBusinessRuleServiceImpl[m - PERF_ASSIGNMENT service=reglas podName=operaciones-reglas-back-app-5894db7bb6-4scl6 operation=validateUpdateStatusTrade result=SUCCESS tradeId=1552091 side=2 totalMs=15 loadTradeMs=2 loadSettlementsAndInputMs=1 loadBusinessRulesMs=0 evaluationMs=0 tradeRepositoryCalls=1 settlementRepositoryCalls=1 businessRuleRepositoryCalls=0 statusHttpCalls=4 statusRestTotalMs=9
[30m2026-09-09T12:11:26,542[m [32mINFO  [m[[1;34mhttp-nio-8080-exec-25[m] [36mStatusUpdateBusinessRuleServiceImpl[m - PERF_RULES_STATUS_SUMMARY service=reglas podName=operaciones-reglas-back-app-5894db7bb6-4scl6 validationCount=1 statusHttpCalls=4 statusHttpTotalMs=9 uniqueStatusTransitionKeys=4 tradeRepositoryCalls=1 settlementRepositoryCalls=1 businessRuleRepositoryCalls=0
[30m2026-09-09T12:11:26,581[m [32mINFO  [m[[1;34mhttp-nio-8080-exec-24[m] [36mStatusUpdateBusinessRuleServiceImpl[m - [rules] START validate-trade tradeId=1547283 sideId=2 code=RULE_ASSIGNMENT
[30m2026-09-09T12:11:26,592[m [32mINFO  [m[[1;34mhttp-nio-8080-exec-24[m] [36mStatusUpdateBusinessRuleServiceImpl[m - [rules] process-rule rule=RULE_SIDE ruleId=230 result=OK status-http=2ms total=2ms
[30m2026-09-09T12:11:26,594[m [32mINFO  [m[[1;34mhttp-nio-8080-exec-24[m] [36mStatusUpdateBusinessRuleServiceImpl[m - [rules] process-rule rule=RULE_FRACTION ruleId=232 result=OK status-http=1ms total=1ms
[30m2026-09-09T12:11:26,596[m [32mINFO  [m[[1;34mhttp-nio-8080-exec-24[m] [36mStatusUpdateBusinessRuleServiceImpl[m - [rules] process-rule rule=RULE_FRACTION_CUSTODIAN ruleId=239 result=OK status-http=2ms total=2ms
[30m2026-09-09T12:11:26,599[m [32mINFO  [m[[1;34mhttp-nio-8080-exec-24[m] [36mStatusUpdateBusinessRuleServiceImpl[m - [rules] END validate-trade tradeId=1547283 sideId=2 result=OK elapsed=18ms
[30m2026-09-09T12:11:26,599[m [32mINFO  [m[[1;34mhttp-nio-8080-exec-24[m] [36mStatusUpdateBusinessRuleServiceImpl[m - PERF_ASSIGNMENT service=reglas podName=operaciones-reglas-back-app-5894db7bb6-4scl6 operation=validateUpdateStatusTrade result=SUCCESS tradeId=1547283 side=2 totalMs=18 loadTradeMs=6 loadSettlementsAndInputMs=1 loadBusinessRulesMs=0 evaluationMs=0 tradeRepositoryCalls=1 settlementRepositoryCalls=1 businessRuleRepositoryCalls=0 statusHttpCalls=4 statusRestTotalMs=8
[30m2026-09-09T12:11:26,599[m [32mINFO  [m[[1;34mhttp-nio-8080-exec-24[m] [36mStatusUpdateBusinessRuleServiceImpl[m - PERF_RULES_STATUS_SUMMARY service=reglas podName=operaciones-reglas-back-app-5894db7bb6-4scl6 validationCount=1 statusHttpCalls=4 statusHttpTotalMs=8 uniqueStatusTransitionKeys=4 tradeRepositoryCalls=1 settlementRepositoryCalls=1 businessRuleRepositoryCalls=0
[30m2026-09-09T12:11:26,641[m [32mINFO  [m[[1;34mhttp-nio-8080-exec-26[m] [36mStatusUpdateBusinessRuleServiceImpl[m - [rules] START validate-trade tradeId=1547287 sideId=2 code=RULE_ASSIGNMENT
[30m2026-09-09T12:11:26,651[m [32mINFO  [m[[1;34mhttp-nio-8080-exec-26[m] [36mStatusUpdateBusinessRuleServiceImpl[m - [rules] process-rule rule=RULE_SIDE ruleId=230 result=OK status-http=1ms total=2ms
[30m2026-09-09T12:11:26,653[m [32mINFO  [m[[1;34mhttp-nio-8080-exec-26[m] [36mStatusUpdateBusinessRuleServiceImpl[m - [rules] process-rule rule=RULE_FRACTION ruleId=232 result=OK status-http=1ms total=1ms
[30m2026-09-09T12:11:26,655[m [32mINFO  [m[[1;34mhttp-nio-8080-exec-26[m] [36mStatusUpdateBusinessRuleServiceImpl[m - [rules] process-rule rule=RULE_FRACTION_CUSTODIAN ruleId=239 result=OK status-http=1ms total=1ms
[30m2026-09-09T12:11:26,657[m [32mINFO  [m[[1;34mhttp-nio-8080-exec-26[m] [36mStatusUpdateBusinessRuleServiceImpl[m - [rules] END validate-trade tradeId=1547287 sideId=2 result=OK elapsed=15ms
[30m2026-09-09T12:11:26,657[m [32mINFO  [m[[1;34mhttp-nio-8080-exec-26[m] [36mStatusUpdateBusinessRuleServiceImpl[m - PERF_ASSIGNMENT service=reglas podName=operaciones-reglas-back-app-5894db7bb6-4scl6 operation=validateUpdateStatusTrade result=SUCCESS tradeId=1547287 side=2 totalMs=15 loadTradeMs=5 loadSettlementsAndInputMs=1 loadBusinessRulesMs=0 evaluationMs=0 tradeRepositoryCalls=1 settlementRepositoryCalls=1 businessRuleRepositoryCalls=0 statusHttpCalls=4 statusRestTotalMs=7
[30m2026-09-09T12:11:26,657[m [32mINFO  [m[[1;34mhttp-nio-8080-exec-26[m] [36mStatusUpdateBusinessRuleServiceImpl[m - PERF_RULES_STATUS_SUMMARY service=reglas podName=operaciones-reglas-back-app-5894db7bb6-4scl6 validationCount=1 statusHttpCalls=4 statusHttpTotalMs=7 uniqueStatusTransitionKeys=4 tradeRepositoryCalls=1 settlementRepositoryCalls=1 businessRuleRepositoryCalls=0
[30m2026-09-09T12:11:26,700[m [32mINFO  [m[[1;34mhttp-nio-8080-exec-27[m] [36mStatusUpdateBusinessRuleServiceImpl[m - [rules] START validate-trade tradeId=1547306 sideId=2 code=RULE_ASSIGNMENT
[30m2026-09-09T12:11:26,707[m [32mINFO  [m[[1;34mhttp-nio-8080-exec-27[m] [36mStatusUpdateBusinessRuleServiceImpl[m - [rules] process-rule rule=RULE_SIDE ruleId=230 result=OK status-http=2ms total=2ms
[30m2026-09-09T12:11:26,709[m [32mINFO  [m[[1;34mhttp-nio-8080-exec-27[m] [36mStatusUpdateBusinessRuleServiceImpl[m - [rules] process-rule rule=RULE_FRACTION ruleId=232 result=OK status-http=1ms total=1ms
[30m2026-09-09T12:11:26,711[m [32mINFO  [m[[1;34mhttp-nio-8080-exec-27[m] [36mStatusUpdateBusinessRuleServiceImpl[m - [rules] process-rule rule=RULE_FRACTION_CUSTODIAN ruleId=239 result=OK status-http=1ms total=1ms
[30m2026-09-09T12:11:26,713[m [32mINFO  [m[[1;34mhttp-nio-8080-exec-27[m] [36mStatusUpdateBusinessRuleServiceImpl[m - [rules] END validate-trade tradeId=1547306 sideId=2 result=OK elapsed=12ms
[30m2026-09-09T12:11:26,713[m [32mINFO  [m[[1;34mhttp-nio-8080-exec-27[m] [36mStatusUpdateBusinessRuleServiceImpl[m - PERF_ASSIGNMENT service=reglas podName=operaciones-reglas-back-app-5894db7bb6-4scl6 operation=validateUpdateStatusTrade result=SUCCESS tradeId=1547306 side=2 totalMs=12 loadTradeMs=2 loadSettlementsAndInputMs=1 loadBusinessRulesMs=0 evaluationMs=0 tradeRepositoryCalls=1 settlementRepositoryCalls=1 businessRuleRepositoryCalls=0 statusHttpCalls=4 statusRestTotalMs=7
[30m2026-09-09T12:11:26,713[m [32mINFO  [m[[1;34mhttp-nio-8080-exec-27[m] [36mStatusUpdateBusinessRuleServiceImpl[m - PERF_RULES_STATUS_SUMMARY service=reglas podName=operaciones-reglas-back-app-5894db7bb6-4scl6 validationCount=1 statusHttpCalls=4 statusHttpTotalMs=7 uniqueStatusTransitionKeys=4 tradeRepositoryCalls=1 settlementRepositoryCalls=1 businessRuleRepositoryCalls=0
[30m2026-09-09T12:11:26,752[m [32mINFO  [m[[1;34mhttp-nio-8080-exec-29[m] [36mStatusUpdateBusinessRuleServiceImpl[m - [rules] START validate-trade tradeId=1547315 sideId=2 code=RULE_ASSIGNMENT
[30m2026-09-09T12:11:26,759[m [32mINFO  [m[[1;34mhttp-nio-8080-exec-29[m] [36mStatusUpdateBusinessRuleServiceImpl[m - [rules] process-rule rule=RULE_SIDE ruleId=230 result=OK status-http=2ms total=2ms
[30m2026-09-09T12:11:26,761[m [32mINFO  [m[[1;34mhttp-nio-8080-exec-29[m] [36mStatusUpdateBusinessRuleServiceImpl[m - [rules] process-rule rule=RULE_FRACTION ruleId=232 result=OK status-http=1ms total=1ms
[30m2026-09-09T12:11:26,763[m [32mINFO  [m[[1;34mhttp-nio-8080-exec-29[m] [36mStatusUpdateBusinessRuleServiceImpl[m - [rules] process-rule rule=RULE_FRACTION_CUSTODIAN ruleId=239 result=OK status-http=1ms total=1ms
[30m2026-09-09T12:11:26,765[m [32mINFO  [m[[1;34mhttp-nio-8080-exec-29[m] [36mStatusUpdateBusinessRuleServiceImpl[m - [rules] END validate-trade tradeId=1547315 sideId=2 result=OK elapsed=12ms
[30m2026-09-09T12:11:26,765[m [32mINFO  [m[[1;34mhttp-nio-8080-exec-29[m] [36mStatusUpdateBusinessRuleServiceImpl[m - PERF_ASSIGNMENT service=reglas podName=operaciones-reglas-back-app-5894db7bb6-4scl6 operation=validateUpdateStatusTrade result=SUCCESS tradeId=1547315 side=2 totalMs=12 loadTradeMs=2 loadSettlementsAndInputMs=1 loadBusinessRulesMs=0 evaluationMs=0 tradeRepositoryCalls=1 settlementRepositoryCalls=1 businessRuleRepositoryCalls=0 statusHttpCalls=4 statusRestTotalMs=7
[30m2026-09-09T12:11:26,765[m [32mINFO  [m[[1;34mhttp-nio-8080-exec-29[m] [36mStatusUpdateBusinessRuleServiceImpl[m - PERF_RULES_STATUS_SUMMARY service=reglas podName=operaciones-reglas-back-app-5894db7bb6-4scl6 validationCount=1 statusHttpCalls=4 statusHttpTotalMs=7 uniqueStatusTransitionKeys=4 tradeRepositoryCalls=1 settlementRepositoryCalls=1 businessRuleRepositoryCalls=0
[30m2026-09-09T12:11:26,804[m [32mINFO  [m[[1;34mhttp-nio-8080-exec-28[m] [36mStatusUpdateBusinessRuleServiceImpl[m - [rules] START validate-trade tradeId=1547319 sideId=2 code=RULE_ASSIGNMENT
[30m2026-09-09T12:11:26,812[m [32mINFO  [m[[1;34mhttp-nio-8080-exec-28[m] [36mStatusUpdateBusinessRuleServiceImpl[m - [rules] process-rule rule=RULE_SIDE ruleId=230 result=OK status-http=3ms total=3ms
[30m2026-09-09T12:11:26,814[m [32mINFO  [m[[1;34mhttp-nio-8080-exec-28[m] [36mStatusUpdateBusinessRuleServiceImpl[m - [rules] process-rule rule=RULE_FRACTION ruleId=232 result=OK status-http=2ms total=2ms
[30m2026-09-09T12:11:26,817[m [32mINFO  [m[[1;34mhttp-nio-8080-exec-28[m] [36mStatusUpdateBusinessRuleServiceImpl[m - [rules] process-rule rule=RULE_FRACTION_CUSTODIAN ruleId=239 result=OK status-http=2ms total=2ms
[30m2026-09-09T12:11:26,819[m [32mINFO  [m[[1;34mhttp-nio-8080-exec-28[m] [36mStatusUpdateBusinessRuleServiceImpl[m - [rules] END validate-trade tradeId=1547319 sideId=2 result=OK elapsed=14ms
[30m2026-09-09T12:11:26,819[m [32mINFO  [m[[1;34mhttp-nio-8080-exec-28[m] [36mStatusUpdateBusinessRuleServiceImpl[m - PERF_ASSIGNMENT service=reglas podName=operaciones-reglas-back-app-5894db7bb6-4scl6 operation=validateUpdateStatusTrade result=SUCCESS tradeId=1547319 side=2 totalMs=14 loadTradeMs=2 loadSettlementsAndInputMs=1 loadBusinessRulesMs=0 evaluationMs=0 tradeRepositoryCalls=1 settlementRepositoryCalls=1 businessRuleRepositoryCalls=0 statusHttpCalls=4 statusRestTotalMs=9
[30m2026-09-09T12:11:26,819[m [32mINFO  [m[[1;34mhttp-nio-8080-exec-28[m] [36mStatusUpdateBusinessRuleServiceImpl[m - PERF_RULES_STATUS_SUMMARY service=reglas podName=operaciones-reglas-back-app-5894db7bb6-4scl6 validationCount=1 statusHttpCalls=4 statusHttpTotalMs=9 uniqueStatusTransitionKeys=4 tradeRepositoryCalls=1 settlementRepositoryCalls=1 businessRuleRepositoryCalls=0
[30m2026-09-09T12:11:26,863[m [32mINFO  [m[[1;34mhttp-nio-8080-exec-34[m] [36mStatusUpdateBusinessRuleServiceImpl[m - [rules] START validate-trade tradeId=1547321 sideId=2 code=RULE_ASSIGNMENT
[30m2026-09-09T12:11:26,870[m [32mINFO  [m[[1;34mhttp-nio-8080-exec-34[m] [36mStatusUpdateBusinessRuleServiceImpl[m - [rules] process-rule rule=RULE_SIDE ruleId=230 result=OK status-http=2ms total=2ms
[30m2026-09-09T12:11:26,872[m [32mINFO  [m[[1;34mhttp-nio-8080-exec-34[m] [36mStatusUpdateBusinessRuleServiceImpl[m - [rules] process-rule rule=RULE_FRACTION ruleId=232 result=OK status-http=1ms total=1ms
[30m2026-09-09T12:11:26,873[m [32mINFO  [m[[1;34mhttp-nio-8080-exec-34[m] [36mStatusUpdateBusinessRuleServiceImpl[m - [rules] process-rule rule=RULE_FRACTION_CUSTODIAN ruleId=239 result=OK status-http=1ms total=1ms
[30m2026-09-09T12:11:26,875[m [32mINFO  [m[[1;34mhttp-nio-8080-exec-34[m] [36mStatusUpdateBusinessRuleServiceImpl[m - [rules] END validate-trade tradeId=1547321 sideId=2 result=OK elapsed=12ms
[30m2026-09-09T12:11:26,875[m [32mINFO  [m[[1;34mhttp-nio-8080-exec-34[m] [36mStatusUpdateBusinessRuleServiceImpl[m - PERF_ASSIGNMENT service=reglas podName=operaciones-reglas-back-app-5894db7bb6-4scl6 operation=validateUpdateStatusTrade result=SUCCESS tradeId=1547321 side=2 totalMs=12 loadTradeMs=2 loadSettlementsAndInputMs=1 loadBusinessRulesMs=0 evaluationMs=0 tradeRepositoryCalls=1 settlementRepositoryCalls=1 businessRuleRepositoryCalls=0 statusHttpCalls=4 statusRestTotalMs=7
[30m2026-09-09T12:11:26,875[m [32mINFO  [m[[1;34mhttp-nio-8080-exec-34[m] [36mStatusUpdateBusinessRuleServiceImpl[m - PERF_RULES_STATUS_SUMMARY service=reglas podName=operaciones-reglas-back-app-5894db7bb6-4scl6 validationCount=1 statusHttpCalls=4 statusHttpTotalMs=7 uniqueStatusTransitionKeys=4 tradeRepositoryCalls=1 settlementRepositoryCalls=1 businessRuleRepositoryCalls=0
[30m2026-09-09T12:11:26,917[m [32mINFO  [m[[1;34mhttp-nio-8080-exec-30[m] [36mStatusUpdateBusinessRuleServiceImpl[m - [rules] START validate-trade tradeId=1547331 sideId=2 code=RULE_ASSIGNMENT
[30m2026-09-09T12:11:26,925[m [32mINFO  [m[[1;34mhttp-nio-8080-exec-30[m] [36mStatusUpdateBusinessRuleServiceImpl[m - [rules] process-rule rule=RULE_SIDE ruleId=230 result=OK status-http=2ms total=2ms
[30m2026-09-09T12:11:26,927[m [32mINFO  [m[[1;34mhttp-nio-8080-exec-30[m] [36mStatusUpdateBusinessRuleServiceImpl[m - [rules] process-rule rule=RULE_FRACTION ruleId=232 result=OK status-http=1ms total=1ms
[30m2026-09-09T12:11:26,929[m [32mINFO  [m[[1;34mhttp-nio-8080-exec-30[m] [36mStatusUpdateBusinessRuleServiceImpl[m - [rules] process-rule rule=RULE_FRACTION_CUSTODIAN ruleId=239 result=OK status-http=2ms total=2ms
[30m2026-09-09T12:11:26,932[m [32mINFO  [m[[1;34mhttp-nio-8080-exec-30[m] [36mStatusUpdateBusinessRuleServiceImpl[m - [rules] END validate-trade tradeId=1547331 sideId=2 result=OK elapsed=14ms
[30m2026-09-09T12:11:26,932[m [32mINFO  [m[[1;34mhttp-nio-8080-exec-30[m] [36mStatusUpdateBusinessRuleServiceImpl[m - PERF_ASSIGNMENT service=reglas podName=operaciones-reglas-back-app-5894db7bb6-4scl6 operation=validateUpdateStatusTrade result=SUCCESS tradeId=1547331 side=2 totalMs=14 loadTradeMs=2 loadSettlementsAndInputMs=1 loadBusinessRulesMs=0 evaluationMs=0 tradeRepositoryCalls=1 settlementRepositoryCalls=1 businessRuleRepositoryCalls=0 statusHttpCalls=4 statusRestTotalMs=8
[30m2026-09-09T12:11:26,932[m [32mINFO  [m[[1;34mhttp-nio-8080-exec-30[m] [36mStatusUpdateBusinessRuleServiceImpl[m - PERF_RULES_STATUS_SUMMARY service=reglas podName=operaciones-reglas-back-app-5894db7bb6-4scl6 validationCount=1 statusHttpCalls=4 statusHttpTotalMs=8 uniqueStatusTransitionKeys=4 tradeRepositoryCalls=1 settlementRepositoryCalls=1 businessRuleRepositoryCalls=0
[30m2026-09-09T12:11:26,974[m [32mINFO  [m[[1;34mhttp-nio-8080-exec-32[m] [36mStatusUpdateBusinessRuleServiceImpl[m - [rules] START validate-trade tradeId=1547334 sideId=2 code=RULE_ASSIGNMENT
[30m2026-09-09T12:11:26,982[m [32mINFO  [m[[1;34mhttp-nio-8080-exec-32[m] [36mStatusUpdateBusinessRuleServiceImpl[m - [rules] process-rule rule=RULE_SIDE ruleId=230 result=OK status-http=2ms total=2ms
[30m2026-09-09T12:11:26,984[m [32mINFO  [m[[1;34mhttp-nio-8080-exec-32[m] [36mStatusUpdateBusinessRuleServiceImpl[m - [rules] process-rule rule=RULE_FRACTION ruleId=232 result=OK status-http=2ms total=2ms
[30m2026-09-09T12:11:26,986[m [32mINFO  [m[[1;34mhttp-nio-8080-exec-32[m] [36mStatusUpdateBusinessRuleServiceImpl[m - [rules] process-rule rule=RULE_FRACTION_CUSTODIAN ruleId=239 result=OK status-http=1ms total=2ms
[30m2026-09-09T12:11:26,990[m [32mINFO  [m[[1;34mhttp-nio-8080-exec-32[m] [36mStatusUpdateBusinessRuleServiceImpl[m - [rules] END validate-trade tradeId=1547334 sideId=2 result=OK elapsed=16ms
[30m2026-09-09T12:11:26,990[m [32mINFO  [m[[1;34mhttp-nio-8080-exec-32[m] [36mStatusUpdateBusinessRuleServiceImpl[m - PERF_ASSIGNMENT service=reglas podName=operaciones-reglas-back-app-5894db7bb6-4scl6 operation=validateUpdateStatusTrade result=SUCCESS tradeId=1547334 side=2 totalMs=16 loadTradeMs=3 loadSettlementsAndInputMs=1 loadBusinessRulesMs=0 evaluationMs=0 tradeRepositoryCalls=1 settlementRepositoryCalls=1 businessRuleRepositoryCalls=0 statusHttpCalls=4 statusRestTotalMs=9
[30m2026-09-09T12:11:26,990[m [32mINFO  [m[[1;34mhttp-nio-8080-exec-32[m] [36mStatusUpdateBusinessRuleServiceImpl[m - PERF_RULES_STATUS_SUMMARY service=reglas podName=operaciones-reglas-back-app-5894db7bb6-4scl6 validationCount=1 statusHttpCalls=4 statusHttpTotalMs=9 uniqueStatusTransitionKeys=4 tradeRepositoryCalls=1 settlementRepositoryCalls=1 businessRuleRepositoryCalls=0
[30m2026-09-09T12:11:27,038[m [32mINFO  [m[[1;34mhttp-nio-8080-exec-31[m] [36mStatusUpdateBusinessRuleServiceImpl[m - [rules] START validate-trade tradeId=1547339 sideId=2 code=RULE_ASSIGNMENT
[30m2026-09-09T12:11:27,047[m [32mINFO  [m[[1;34mhttp-nio-8080-exec-31[m] [36mStatusUpdateBusinessRuleServiceImpl[m - [rules] process-rule rule=RULE_SIDE ruleId=230 result=OK status-http=3ms total=3ms
[30m2026-09-09T12:11:27,049[m [32mINFO  [m[[1;34mhttp-nio-8080-exec-31[m] [36mStatusUpdateBusinessRuleServiceImpl[m - [rules] process-rule rule=RULE_FRACTION ruleId=232 result=OK status-http=2ms total=2ms
[30m2026-09-09T12:11:27,051[m [32mINFO  [m[[1;34mhttp-nio-8080-exec-31[m] [36mStatusUpdateBusinessRuleServiceImpl[m - [rules] process-rule rule=RULE_FRACTION_CUSTODIAN ruleId=239 result=OK status-http=1ms total=1ms
[30m2026-09-09T12:11:27,053[m [32mINFO  [m[[1;34mhttp-nio-8080-exec-31[m] [36mStatusUpdateBusinessRuleServiceImpl[m - [rules] END validate-trade tradeId=1547339 sideId=2 result=OK elapsed=15ms
[30m2026-09-09T12:11:27,054[m [32mINFO  [m[[1;34mhttp-nio-8080-exec-31[m] [36mStatusUpdateBusinessRuleServiceImpl[m - PERF_ASSIGNMENT service=reglas podName=operaciones-reglas-back-app-5894db7bb6-4scl6 operation=validateUpdateStatusTrade result=SUCCESS tradeId=1547339 side=2 totalMs=15 loadTradeMs=3 loadSettlementsAndInputMs=1 loadBusinessRulesMs=0 evaluationMs=0 tradeRepositoryCalls=1 settlementRepositoryCalls=1 businessRuleRepositoryCalls=0 statusHttpCalls=4 statusRestTotalMs=8
[30m2026-09-09T12:11:27,054[m [32mINFO  [m[[1;34mhttp-nio-8080-exec-31[m] [36mStatusUpdateBusinessRuleServiceImpl[m - PERF_RULES_STATUS_SUMMARY service=reglas podName=operaciones-reglas-back-app-5894db7bb6-4scl6 validationCount=1 statusHttpCalls=4 statusHttpTotalMs=8 uniqueStatusTransitionKeys=4 tradeRepositoryCalls=1 settlementRepositoryCalls=1 businessRuleRepositoryCalls=0
[30m2026-09-09T12:11:27,097[m [32mINFO  [m[[1;34mhttp-nio-8080-exec-38[m] [36mStatusUpdateBusinessRuleServiceImpl[m - [rules] START validate-trade tradeId=1547344 sideId=2 code=RULE_ASSIGNMENT
[30m2026-09-09T12:11:27,104[m [32mINFO  [m[[1;34mhttp-nio-8080-exec-38[m] [36mStatusUpdateBusinessRuleServiceImpl[m - [rules] process-rule rule=RULE_SIDE ruleId=230 result=OK status-http=2ms total=3ms
[30m2026-09-09T12:11:27,107[m [32mINFO  [m[[1;34mhttp-nio-8080-exec-38[m] [36mStatusUpdateBusinessRuleServiceImpl[m - [rules] process-rule rule=RULE_FRACTION ruleId=232 result=OK status-http=2ms total=2ms
[30m2026-09-09T12:11:27,111[m [32mINFO  [m[[1;34mhttp-nio-8080-exec-38[m] [36mStatusUpdateBusinessRuleServiceImpl[m - [rules] process-rule rule=RULE_FRACTION_CUSTODIAN ruleId=239 result=OK status-http=3ms total=3ms
[30m2026-09-09T12:11:27,115[m [32mINFO  [m[[1;34mhttp-nio-8080-exec-38[m] [36mStatusUpdateBusinessRuleServiceImpl[m - [rules] END validate-trade tradeId=1547344 sideId=2 result=OK elapsed=17ms
[30m2026-09-09T12:11:27,115[m [32mINFO  [m[[1;34mhttp-nio-8080-exec-38[m] [36mStatusUpdateBusinessRuleServiceImpl[m - PERF_ASSIGNMENT service=reglas podName=operaciones-reglas-back-app-5894db7bb6-4scl6 operation=validateUpdateStatusTrade result=SUCCESS tradeId=1547344 side=2 totalMs=18 loadTradeMs=2 loadSettlementsAndInputMs=1 loadBusinessRulesMs=0 evaluationMs=0 tradeRepositoryCalls=1 settlementRepositoryCalls=1 businessRuleRepositoryCalls=0 statusHttpCalls=4 statusRestTotalMs=11
[30m2026-09-09T12:11:27,115[m [32mINFO  [m[[1;34mhttp-nio-8080-exec-38[m] [36mStatusUpdateBusinessRuleServiceImpl[m - PERF_RULES_STATUS_SUMMARY service=reglas podName=operaciones-reglas-back-app-5894db7bb6-4scl6 validationCount=1 statusHttpCalls=4 statusHttpTotalMs=11 uniqueStatusTransitionKeys=4 tradeRepositoryCalls=1 settlementRepositoryCalls=1 businessRuleRepositoryCalls=0
[30m2026-09-09T12:11:27,160[m [32mINFO  [m[[1;34mhttp-nio-8080-exec-33[m] [36mStatusUpdateBusinessRuleServiceImpl[m - [rules] START validate-trade tradeId=1547349 sideId=2 code=RULE_ASSIGNMENT
[30m2026-09-09T12:11:27,167[m [32mINFO  [m[[1;34mhttp-nio-8080-exec-33[m] [36mStatusUpdateBusinessRuleServiceImpl[m - [rules] process-rule rule=RULE_SIDE ruleId=230 result=OK status-http=2ms total=2ms
[30m2026-09-09T12:11:27,170[m [32mINFO  [m[[1;34mhttp-nio-8080-exec-33[m] [36mStatusUpdateBusinessRuleServiceImpl[m - [rules] process-rule rule=RULE_FRACTION ruleId=232 result=OK status-http=2ms total=2ms
[30m2026-09-09T12:11:27,172[m [32mINFO  [m[[1;34mhttp-nio-8080-exec-33[m] [36mStatusUpdateBusinessRuleServiceImpl[m - [rules] process-rule rule=RULE_FRACTION_CUSTODIAN ruleId=239 result=OK status-http=2ms total=2ms
[30m2026-09-09T12:11:27,176[m [32mINFO  [m[[1;34mhttp-nio-8080-exec-33[m] [36mStatusUpdateBusinessRuleServiceImpl[m - [rules] END validate-trade tradeId=1547349 sideId=2 result=OK elapsed=16ms
[30m2026-09-09T12:11:27,176[m [32mINFO  [m[[1;34mhttp-nio-8080-exec-33[m] [36mStatusUpdateBusinessRuleServiceImpl[m - PERF_ASSIGNMENT service=reglas podName=operaciones-reglas-back-app-5894db7bb6-4scl6 operation=validateUpdateStatusTrade result=SUCCESS tradeId=1547349 side=2 totalMs=16 loadTradeMs=2 loadSettlementsAndInputMs=1 loadBusinessRulesMs=0 evaluationMs=0 tradeRepositoryCalls=1 settlementRepositoryCalls=1 businessRuleRepositoryCalls=0 statusHttpCalls=4 statusRestTotalMs=10
[30m2026-09-09T12:11:27,176[m [32mINFO  [m[[1;34mhttp-nio-8080-exec-33[m] [36mStatusUpdateBusinessRuleServiceImpl[m - PERF_RULES_STATUS_SUMMARY service=reglas podName=operaciones-reglas-back-app-5894db7bb6-4scl6 validationCount=1 statusHttpCalls=4 statusHttpTotalMs=10 uniqueStatusTransitionKeys=4 tradeRepositoryCalls=1 settlementRepositoryCalls=1 businessRuleRepositoryCalls=0
[30m2026-09-09T12:11:27,220[m [32mINFO  [m[[1;34mhttp-nio-8080-exec-36[m] [36mStatusUpdateBusinessRuleServiceImpl[m - [rules] START validate-trade tradeId=1547357 sideId=2 code=RULE_ASSIGNMENT
[30m2026-09-09T12:11:27,230[m [32mINFO  [m[[1;34mhttp-nio-8080-exec-36[m] [36mStatusUpdateBusinessRuleServiceImpl[m - [rules] process-rule rule=RULE_SIDE ruleId=230 result=OK status-http=4ms total=5ms
[30m2026-09-09T12:11:27,233[m [32mINFO  [m[[1;34mhttp-nio-8080-exec-36[m] [36mStatusUpdateBusinessRuleServiceImpl[m - [rules] process-rule rule=RULE_FRACTION ruleId=232 result=OK status-http=2ms total=2ms
[30m2026-09-09T12:11:27,235[m [32mINFO  [m[[1;34mhttp-nio-8080-exec-36[m] [36mStatusUpdateBusinessRuleServiceImpl[m - [rules] process-rule rule=RULE_FRACTION_CUSTODIAN ruleId=239 result=OK status-http=1ms total=2ms
[30m2026-09-09T12:11:27,238[m [32mINFO  [m[[1;34mhttp-nio-8080-exec-36[m] [36mStatusUpdateBusinessRuleServiceImpl[m - [rules] END validate-trade tradeId=1547357 sideId=2 result=OK elapsed=18ms
[30m2026-09-09T12:11:27,238[m [32mINFO  [m[[1;34mhttp-nio-8080-exec-36[m] [36mStatusUpdateBusinessRuleServiceImpl[m - PERF_ASSIGNMENT service=reglas podName=operaciones-reglas-back-app-5894db7bb6-4scl6 operation=validateUpdateStatusTrade result=SUCCESS tradeId=1547357 side=2 totalMs=18 loadTradeMs=2 loadSettlementsAndInputMs=1 loadBusinessRulesMs=0 evaluationMs=0 tradeRepositoryCalls=1 settlementRepositoryCalls=1 businessRuleRepositoryCalls=0 statusHttpCalls=4 statusRestTotalMs=12
[30m2026-09-09T12:11:27,238[m [32mINFO  [m[[1;34mhttp-nio-8080-exec-36[m] [36mStatusUpdateBusinessRuleServiceImpl[m - PERF_RULES_STATUS_SUMMARY service=reglas podName=operaciones-reglas-back-app-5894db7bb6-4scl6 validationCount=1 statusHttpCalls=4 statusHttpTotalMs=12 uniqueStatusTransitionKeys=4 tradeRepositoryCalls=1 settlementRepositoryCalls=1 businessRuleRepositoryCalls=0
[30m2026-09-09T12:11:27,284[m [32mINFO  [m[[1;34mhttp-nio-8080-exec-37[m] [36mStatusUpdateBusinessRuleServiceImpl[m - [rules] START validate-trade tradeId=1547365 sideId=2 code=RULE_ASSIGNMENT
[30m2026-09-09T12:11:27,295[m [32mINFO  [m[[1;34mhttp-nio-8080-exec-37[m] [36mStatusUpdateBusinessRuleServiceImpl[m - [rules] process-rule rule=RULE_SIDE ruleId=230 result=OK status-http=4ms total=4ms
[30m2026-09-09T12:11:27,306[m [32mINFO  [m[[1;34mhttp-nio-8080-exec-37[m] [36mStatusUpdateBusinessRuleServiceImpl[m - [rules] process-rule rule=RULE_FRACTION ruleId=232 result=OK status-http=11ms total=11ms
[30m2026-09-09T12:11:27,311[m [32mINFO  [m[[1;34mhttp-nio-8080-exec-37[m] [36mStatusUpdateBusinessRuleServiceImpl[m - [rules] process-rule rule=RULE_FRACTION_CUSTODIAN ruleId=239 result=OK status-http=4ms total=4ms
[30m2026-09-09T12:11:27,314[m [32mINFO  [m[[1;34mhttp-nio-8080-exec-37[m] [36mStatusUpdateBusinessRuleServiceImpl[m - [rules] END validate-trade tradeId=1547365 sideId=2 result=OK elapsed=29ms
[30m2026-09-09T12:11:27,314[m [32mINFO  [m[[1;34mhttp-nio-8080-exec-37[m] [36mStatusUpdateBusinessRuleServiceImpl[m - PERF_ASSIGNMENT service=reglas podName=operaciones-reglas-back-app-5894db7bb6-4scl6 operation=validateUpdateStatusTrade result=SUCCESS tradeId=1547365 side=2 totalMs=29 loadTradeMs=3 loadSettlementsAndInputMs=1 loadBusinessRulesMs=0 evaluationMs=0 tradeRepositoryCalls=1 settlementRepositoryCalls=1 businessRuleRepositoryCalls=0 statusHttpCalls=4 statusRestTotalMs=22
[30m2026-09-09T12:11:27,314[m [32mINFO  [m[[1;34mhttp-nio-8080-exec-37[m] [36mStatusUpdateBusinessRuleServiceImpl[m - PERF_RULES_STATUS_SUMMARY service=reglas podName=operaciones-reglas-back-app-5894db7bb6-4scl6 validationCount=1 statusHttpCalls=4 statusHttpTotalMs=22 uniqueStatusTransitionKeys=4 tradeRepositoryCalls=1 settlementRepositoryCalls=1 businessRuleRepositoryCalls=0
[30m2026-09-09T12:11:27,381[m [32mINFO  [m[[1;34mhttp-nio-8080-exec-35[m] [36mStatusUpdateBusinessRuleServiceImpl[m - [rules] START validate-trade tradeId=1547376 sideId=2 code=RULE_ASSIGNMENT
[30m2026-09-09T12:11:27,390[m [32mINFO  [m[[1;34mhttp-nio-8080-exec-35[m] [36mStatusUpdateBusinessRuleServiceImpl[m - [rules] process-rule rule=RULE_SIDE ruleId=230 result=OK status-http=3ms total=3ms
[30m2026-09-09T12:11:27,393[m [32mINFO  [m[[1;34mhttp-nio-8080-exec-35[m] [36mStatusUpdateBusinessRuleServiceImpl[m - [rules] process-rule rule=RULE_FRACTION ruleId=232 result=OK status-http=2ms total=2ms
[30m2026-09-09T12:11:27,397[m [32mINFO  [m[[1;34mhttp-nio-8080-exec-35[m] [36mStatusUpdateBusinessRuleServiceImpl[m - [rules] process-rule rule=RULE_FRACTION_CUSTODIAN ruleId=239 result=OK status-http=3ms total=3ms
[30m2026-09-09T12:11:27,400[m [32mINFO  [m[[1;34mhttp-nio-8080-exec-35[m] [36mStatusUpdateBusinessRuleServiceImpl[m - [rules] END validate-trade tradeId=1547376 sideId=2 result=OK elapsed=19ms
[30m2026-09-09T12:11:27,400[m [32mINFO  [m[[1;34mhttp-nio-8080-exec-35[m] [36mStatusUpdateBusinessRuleServiceImpl[m - PERF_ASSIGNMENT service=reglas podName=operaciones-reglas-back-app-5894db7bb6-4scl6 operation=validateUpdateStatusTrade result=SUCCESS tradeId=1547376 side=2 totalMs=19 loadTradeMs=3 loadSettlementsAndInputMs=1 loadBusinessRulesMs=0 evaluationMs=0 tradeRepositoryCalls=1 settlementRepositoryCalls=1 businessRuleRepositoryCalls=0 statusHttpCalls=4 statusRestTotalMs=12
[30m2026-09-09T12:11:27,400[m [32mINFO  [m[[1;34mhttp-nio-8080-exec-35[m] [36mStatusUpdateBusinessRuleServiceImpl[m - PERF_RULES_STATUS_SUMMARY service=reglas podName=operaciones-reglas-back-app-5894db7bb6-4scl6 validationCount=1 statusHttpCalls=4 statusHttpTotalMs=12 uniqueStatusTransitionKeys=4 tradeRepositoryCalls=1 settlementRepositoryCalls=1 businessRuleRepositoryCalls=0
[30m2026-09-09T12:11:27,450[m [32mINFO  [m[[1;34mhttp-nio-8080-exec-39[m] [36mStatusUpdateBusinessRuleServiceImpl[m - [rules] START validate-trade tradeId=1547379 sideId=2 code=RULE_ASSIGNMENT
[30m2026-09-09T12:11:27,457[m [32mINFO  [m[[1;34mhttp-nio-8080-exec-39[m] [36mStatusUpdateBusinessRuleServiceImpl[m - [rules] process-rule rule=RULE_SIDE ruleId=230 result=OK status-http=2ms total=2ms
[30m2026-09-09T12:11:27,460[m [32mINFO  [m[[1;34mhttp-nio-8080-exec-39[m] [36mStatusUpdateBusinessRuleServiceImpl[m - [rules] process-rule rule=RULE_FRACTION ruleId=232 result=OK status-http=2ms total=2ms
[30m2026-09-09T12:11:27,462[m [32mINFO  [m[[1;34mhttp-nio-8080-exec-39[m] [36mStatusUpdateBusinessRuleServiceImpl[m - [rules] process-rule rule=RULE_FRACTION_CUSTODIAN ruleId=239 result=OK status-http=2ms total=2ms
[30m2026-09-09T12:11:27,465[m [32mINFO  [m[[1;34mhttp-nio-8080-exec-39[m] [36mStatusUpdateBusinessRuleServiceImpl[m - [rules] END validate-trade tradeId=1547379 sideId=2 result=OK elapsed=14ms
[30m2026-09-09T12:11:27,465[m [32mINFO  [m[[1;34mhttp-nio-8080-exec-39[m] [36mStatusUpdateBusinessRuleServiceImpl[m - PERF_ASSIGNMENT service=reglas podName=operaciones-reglas-back-app-5894db7bb6-4scl6 operation=validateUpdateStatusTrade result=SUCCESS tradeId=1547379 side=2 totalMs=15 loadTradeMs=2 loadSettlementsAndInputMs=1 loadBusinessRulesMs=0 evaluationMs=0 tradeRepositoryCalls=1 settlementRepositoryCalls=1 businessRuleRepositoryCalls=0 statusHttpCalls=4 statusRestTotalMs=8
[30m2026-09-09T12:11:27,465[m [32mINFO  [m[[1;34mhttp-nio-8080-exec-39[m] [36mStatusUpdateBusinessRuleServiceImpl[m - PERF_RULES_STATUS_SUMMARY service=reglas podName=operaciones-reglas-back-app-5894db7bb6-4scl6 validationCount=1 statusHttpCalls=4 statusHttpTotalMs=8 uniqueStatusTransitionKeys=4 tradeRepositoryCalls=1 settlementRepositoryCalls=1 businessRuleRepositoryCalls=0
[30m2026-09-09T12:11:27,506[m [32mINFO  [m[[1;34mhttp-nio-8080-exec-40[m] [36mStatusUpdateBusinessRuleServiceImpl[m - [rules] START validate-trade tradeId=1553000 sideId=2 code=RULE_ASSIGNMENT
[30m2026-09-09T12:11:27,513[m [32mINFO  [m[[1;34mhttp-nio-8080-exec-40[m] [36mStatusUpdateBusinessRuleServiceImpl[m - [rules] process-rule rule=RULE_SIDE ruleId=230 result=OK status-http=2ms total=2ms
[30m2026-09-09T12:11:27,516[m [32mINFO  [m[[1;34mhttp-nio-8080-exec-40[m] [36mStatusUpdateBusinessRuleServiceImpl[m - [rules] process-rule rule=RULE_FRACTION ruleId=232 result=OK status-http=2ms total=2ms
[30m2026-09-09T12:11:27,518[m [32mINFO  [m[[1;34mhttp-nio-8080-exec-40[m] [36mStatusUpdateBusinessRuleServiceImpl[m - [rules] process-rule rule=RULE_FRACTION_CUSTODIAN ruleId=239 result=OK status-http=2ms total=2ms
[30m2026-09-09T12:11:27,522[m [32mINFO  [m[[1;34mhttp-nio-8080-exec-40[m] [36mStatusUpdateBusinessRuleServiceImpl[m - [rules] END validate-trade tradeId=1553000 sideId=2 result=OK elapsed=16ms
[30m2026-09-09T12:11:27,522[m [32mINFO  [m[[1;34mhttp-nio-8080-exec-40[m] [36mStatusUpdateBusinessRuleServiceImpl[m - PERF_ASSIGNMENT service=reglas podName=operaciones-reglas-back-app-5894db7bb6-4scl6 operation=validateUpdateStatusTrade result=SUCCESS tradeId=1553000 side=2 totalMs=16 loadTradeMs=3 loadSettlementsAndInputMs=1 loadBusinessRulesMs=0 evaluationMs=0 tradeRepositoryCalls=1 settlementRepositoryCalls=1 businessRuleRepositoryCalls=0 statusHttpCalls=4 statusRestTotalMs=10
[30m2026-09-09T12:11:27,522[m [32mINFO  [m[[1;34mhttp-nio-8080-exec-40[m] [36mStatusUpdateBusinessRuleServiceImpl[m - PERF_RULES_STATUS_SUMMARY service=reglas podName=operaciones-reglas-back-app-5894db7bb6-4scl6 validationCount=1 statusHttpCalls=4 statusHttpTotalMs=10 uniqueStatusTransitionKeys=4 tradeRepositoryCalls=1 settlementRepositoryCalls=1 businessRuleRepositoryCalls=0
[30m2026-09-09T12:11:27,559[m [32mINFO  [m[[1;34mhttp-nio-8080-exec-41[m] [36mStatusUpdateBusinessRuleServiceImpl[m - [rules] START validate-trade tradeId=1554003 sideId=2 code=RULE_ASSIGNMENT
[30m2026-09-09T12:11:27,567[m [32mINFO  [m[[1;34mhttp-nio-8080-exec-41[m] [36mStatusUpdateBusinessRuleServiceImpl[m - [rules] process-rule rule=RULE_SIDE ruleId=230 result=OK status-http=2ms total=2ms
[30m2026-09-09T12:11:27,570[m [32mINFO  [m[[1;34mhttp-nio-8080-exec-41[m] [36mStatusUpdateBusinessRuleServiceImpl[m - [rules] process-rule rule=RULE_FRACTION ruleId=232 result=OK status-http=2ms total=2ms
[30m2026-09-09T12:11:27,573[m [32mINFO  [m[[1;34mhttp-nio-8080-exec-41[m] [36mStatusUpdateBusinessRuleServiceImpl[m - [rules] process-rule rule=RULE_FRACTION_CUSTODIAN ruleId=239 result=OK status-http=3ms total=3ms
[30m2026-09-09T12:11:27,576[m [32mINFO  [m[[1;34mhttp-nio-8080-exec-41[m] [36mStatusUpdateBusinessRuleServiceImpl[m - [rules] END validate-trade tradeId=1554003 sideId=2 result=OK elapsed=16ms
[30m2026-09-09T12:11:27,576[m [32mINFO  [m[[1;34mhttp-nio-8080-exec-41[m] [36mStatusUpdateBusinessRuleServiceImpl[m - PERF_ASSIGNMENT service=reglas podName=operaciones-reglas-back-app-5894db7bb6-4scl6 operation=validateUpdateStatusTrade result=SUCCESS tradeId=1554003 side=2 totalMs=17 loadTradeMs=2 loadSettlementsAndInputMs=1 loadBusinessRulesMs=0 evaluationMs=0 tradeRepositoryCalls=1 settlementRepositoryCalls=1 businessRuleRepositoryCalls=0 statusHttpCalls=4 statusRestTotalMs=11
[30m2026-09-09T12:11:27,576[m [32mINFO  [m[[1;34mhttp-nio-8080-exec-41[m] [36mStatusUpdateBusinessRuleServiceImpl[m - PERF_RULES_STATUS_SUMMARY service=reglas podName=operaciones-reglas-back-app-5894db7bb6-4scl6 validationCount=1 statusHttpCalls=4 statusHttpTotalMs=11 uniqueStatusTransitionKeys=4 tradeRepositoryCalls=1 settlementRepositoryCalls=1 businessRuleRepositoryCalls=0
[30m2026-09-09T12:11:27,618[m [32mINFO  [m[[1;34mhttp-nio-8080-exec-44[m] [36mStatusUpdateBusinessRuleServiceImpl[m - [rules] START validate-trade tradeId=1554006 sideId=2 code=RULE_ASSIGNMENT
[30m2026-09-09T12:11:27,627[m [32mINFO  [m[[1;34mhttp-nio-8080-exec-44[m] [36mStatusUpdateBusinessRuleServiceImpl[m - [rules] process-rule rule=RULE_SIDE ruleId=230 result=OK status-http=3ms total=3ms
[30m2026-09-09T12:11:27,631[m [32mINFO  [m[[1;34mhttp-nio-8080-exec-44[m] [36mStatusUpdateBusinessRuleServiceImpl[m - [rules] process-rule rule=RULE_FRACTION ruleId=232 result=OK status-http=3ms total=4ms
[30m2026-09-09T12:11:27,634[m [32mINFO  [m[[1;34mhttp-nio-8080-exec-44[m] [36mStatusUpdateBusinessRuleServiceImpl[m - [rules] process-rule rule=RULE_FRACTION_CUSTODIAN ruleId=239 result=OK status-http=2ms total=2ms
[30m2026-09-09T12:11:27,637[m [32mINFO  [m[[1;34mhttp-nio-8080-exec-44[m] [36mStatusUpdateBusinessRuleServiceImpl[m - [rules] END validate-trade tradeId=1554006 sideId=2 result=OK elapsed=18ms
[30m2026-09-09T12:11:27,637[m [32mINFO  [m[[1;34mhttp-nio-8080-exec-44[m] [36mStatusUpdateBusinessRuleServiceImpl[m - PERF_ASSIGNMENT service=reglas podName=operaciones-reglas-back-app-5894db7bb6-4scl6 operation=validateUpdateStatusTrade result=SUCCESS tradeId=1554006 side=2 totalMs=18 loadTradeMs=2 loadSettlementsAndInputMs=1 loadBusinessRulesMs=0 evaluationMs=0 tradeRepositoryCalls=1 settlementRepositoryCalls=1 businessRuleRepositoryCalls=0 statusHttpCalls=4 statusRestTotalMs=12
[30m2026-09-09T12:11:27,637[m [32mINFO  [m[[1;34mhttp-nio-8080-exec-44[m] [36mStatusUpdateBusinessRuleServiceImpl[m - PERF_RULES_STATUS_SUMMARY service=reglas podName=operaciones-reglas-back-app-5894db7bb6-4scl6 validationCount=1 statusHttpCalls=4 statusHttpTotalMs=12 uniqueStatusTransitionKeys=4 tradeRepositoryCalls=1 settlementRepositoryCalls=1 businessRuleRepositoryCalls=0
[30m2026-09-09T12:11:27,678[m [32mINFO  [m[[1;34mhttp-nio-8080-exec-42[m] [36mStatusUpdateBusinessRuleServiceImpl[m - [rules] START validate-trade tradeId=1553037 sideId=2 code=RULE_ASSIGNMENT
[30m2026-09-09T12:11:27,685[m [32mINFO  [m[[1;34mhttp-nio-8080-exec-42[m] [36mStatusUpdateBusinessRuleServiceImpl[m - [rules] process-rule rule=RULE_SIDE ruleId=230 result=OK status-http=2ms total=2ms
[30m2026-09-09T12:11:27,688[m [32mINFO  [m[[1;34mhttp-nio-8080-exec-42[m] [36mStatusUpdateBusinessRuleServiceImpl[m - [rules] process-rule rule=RULE_FRACTION ruleId=232 result=OK status-http=2ms total=2ms
[30m2026-09-09T12:11:27,690[m [32mINFO  [m[[1;34mhttp-nio-8080-exec-42[m] [36mStatusUpdateBusinessRuleServiceImpl[m - [rules] process-rule rule=RULE_FRACTION_CUSTODIAN ruleId=239 result=OK status-http=1ms total=2ms
[30m2026-09-09T12:11:27,694[m [32mINFO  [m[[1;34mhttp-nio-8080-exec-42[m] [36mStatusUpdateBusinessRuleServiceImpl[m - [rules] END validate-trade tradeId=1553037 sideId=2 result=OK elapsed=16ms
[30m2026-09-09T12:11:27,694[m [32mINFO  [m[[1;34mhttp-nio-8080-exec-42[m] [36mStatusUpdateBusinessRuleServiceImpl[m - PERF_ASSIGNMENT service=reglas podName=operaciones-reglas-back-app-5894db7bb6-4scl6 operation=validateUpdateStatusTrade result=SUCCESS tradeId=1553037 side=2 totalMs=16 loadTradeMs=2 loadSettlementsAndInputMs=1 loadBusinessRulesMs=0 evaluationMs=0 tradeRepositoryCalls=1 settlementRepositoryCalls=1 businessRuleRepositoryCalls=0 statusHttpCalls=4 statusRestTotalMs=10
[30m2026-09-09T12:11:27,694[m [32mINFO  [m[[1;34mhttp-nio-8080-exec-42[m] [36mStatusUpdateBusinessRuleServiceImpl[m - PERF_RULES_STATUS_SUMMARY service=reglas podName=operaciones-reglas-back-app-5894db7bb6-4scl6 validationCount=1 statusHttpCalls=4 statusHttpTotalMs=10 uniqueStatusTransitionKeys=4 tradeRepositoryCalls=1 settlementRepositoryCalls=1 businessRuleRepositoryCalls=0
[30m2026-09-09T12:11:27,735[m [32mINFO  [m[[1;34mhttp-nio-8080-exec-43[m] [36mStatusUpdateBusinessRuleServiceImpl[m - [rules] START validate-trade tradeId=1553038 sideId=2 code=RULE_ASSIGNMENT
[30m2026-09-09T12:11:27,743[m [32mINFO  [m[[1;34mhttp-nio-8080-exec-43[m] [36mStatusUpdateBusinessRuleServiceImpl[m - [rules] process-rule rule=RULE_SIDE ruleId=230 result=OK status-http=2ms total=2ms
[30m2026-09-09T12:11:27,745[m [32mINFO  [m[[1;34mhttp-nio-8080-exec-43[m] [36mStatusUpdateBusinessRuleServiceImpl[m - [rules] process-rule rule=RULE_FRACTION ruleId=232 result=OK status-http=2ms total=2ms
[30m2026-09-09T12:11:27,748[m [32mINFO  [m[[1;34mhttp-nio-8080-exec-43[m] [36mStatusUpdateBusinessRuleServiceImpl[m - [rules] process-rule rule=RULE_FRACTION_CUSTODIAN ruleId=239 result=OK status-http=2ms total=2ms
[30m2026-09-09T12:11:27,751[m [32mINFO  [m[[1;34mhttp-nio-8080-exec-43[m] [36mStatusUpdateBusinessRuleServiceImpl[m - [rules] END validate-trade tradeId=1553038 sideId=2 result=OK elapsed=15ms
[30m2026-09-09T12:11:27,751[m [32mINFO  [m[[1;34mhttp-nio-8080-exec-43[m] [36mStatusUpdateBusinessRuleServiceImpl[m - PERF_ASSIGNMENT service=reglas podName=operaciones-reglas-back-app-5894db7bb6-4scl6 operation=validateUpdateStatusTrade result=SUCCESS tradeId=1553038 side=2 totalMs=15 loadTradeMs=2 loadSettlementsAndInputMs=1 loadBusinessRulesMs=0 evaluationMs=0 tradeRepositoryCalls=1 settlementRepositoryCalls=1 businessRuleRepositoryCalls=0 statusHttpCalls=4 statusRestTotalMs=9
[30m2026-09-09T12:11:27,751[m [32mINFO  [m[[1;34mhttp-nio-8080-exec-43[m] [36mStatusUpdateBusinessRuleServiceImpl[m - PERF_RULES_STATUS_SUMMARY service=reglas podName=operaciones-reglas-back-app-5894db7bb6-4scl6 validationCount=1 statusHttpCalls=4 statusHttpTotalMs=9 uniqueStatusTransitionKeys=4 tradeRepositoryCalls=1 settlementRepositoryCalls=1 businessRuleRepositoryCalls=0
[30m2026-09-09T12:11:27,794[m [32mINFO  [m[[1;34mhttp-nio-8080-exec-46[m] [36mStatusUpdateBusinessRuleServiceImpl[m - [rules] START validate-trade tradeId=1553039 sideId=2 code=RULE_ASSIGNMENT
[30m2026-09-09T12:11:27,803[m [32mINFO  [m[[1;34mhttp-nio-8080-exec-46[m] [36mStatusUpdateBusinessRuleServiceImpl[m - [rules] process-rule rule=RULE_SIDE ruleId=230 result=OK status-http=2ms total=2ms
[30m2026-09-09T12:11:27,807[m [32mINFO  [m[[1;34mhttp-nio-8080-exec-46[m] [36mStatusUpdateBusinessRuleServiceImpl[m - [rules] process-rule rule=RULE_FRACTION ruleId=232 result=OK status-http=3ms total=3ms
[30m2026-09-09T12:11:27,809[m [32mINFO  [m[[1;34mhttp-nio-8080-exec-46[m] [36mStatusUpdateBusinessRuleServiceImpl[m - [rules] process-rule rule=RULE_FRACTION_CUSTODIAN ruleId=239 result=OK status-http=2ms total=2ms
[30m2026-09-09T12:11:27,811[m [32mINFO  [m[[1;34mhttp-nio-8080-exec-46[m] [36mStatusUpdateBusinessRuleServiceImpl[m - [rules] END validate-trade tradeId=1553039 sideId=2 result=OK elapsed=16ms
[30m2026-09-09T12:11:27,811[m [32mINFO  [m[[1;34mhttp-nio-8080-exec-46[m] [36mStatusUpdateBusinessRuleServiceImpl[m - PERF_ASSIGNMENT service=reglas podName=operaciones-reglas-back-app-5894db7bb6-4scl6 operation=validateUpdateStatusTrade result=SUCCESS tradeId=1553039 side=2 totalMs=17 loadTradeMs=2 loadSettlementsAndInputMs=2 loadBusinessRulesMs=0 evaluationMs=0 tradeRepositoryCalls=1 settlementRepositoryCalls=1 businessRuleRepositoryCalls=0 statusHttpCalls=4 statusRestTotalMs=10
[30m2026-09-09T12:11:27,811[m [32mINFO  [m[[1;34mhttp-nio-8080-exec-46[m] [36mStatusUpdateBusinessRuleServiceImpl[m - PERF_RULES_STATUS_SUMMARY service=reglas podName=operaciones-reglas-back-app-5894db7bb6-4scl6 validationCount=1 statusHttpCalls=4 statusHttpTotalMs=10 uniqueStatusTransitionKeys=4 tradeRepositoryCalls=1 settlementRepositoryCalls=1 businessRuleRepositoryCalls=0
[30m2026-09-09T12:11:27,853[m [32mINFO  [m[[1;34mhttp-nio-8080-exec-45[m] [36mStatusUpdateBusinessRuleServiceImpl[m - [rules] START validate-trade tradeId=1553045 sideId=2 code=RULE_ASSIGNMENT
[30m2026-09-09T12:11:27,860[m [32mINFO  [m[[1;34mhttp-nio-8080-exec-45[m] [36mStatusUpdateBusinessRuleServiceImpl[m - [rules] process-rule rule=RULE_SIDE ruleId=230 result=OK status-http=2ms total=2ms
[30m2026-09-09T12:11:27,863[m [32mINFO  [m[[1;34mhttp-nio-8080-exec-45[m] [36mStatusUpdateBusinessRuleServiceImpl[m - [rules] process-rule rule=RULE_FRACTION ruleId=232 result=OK status-http=2ms total=2ms
[30m2026-09-09T12:11:27,865[m [32mINFO  [m[[1;34mhttp-nio-8080-exec-45[m] [36mStatusUpdateBusinessRuleServiceImpl[m - [rules] process-rule rule=RULE_FRACTION_CUSTODIAN ruleId=239 result=OK status-http=2ms total=2ms
[30m2026-09-09T12:11:27,869[m [32mINFO  [m[[1;34mhttp-nio-8080-exec-45[m] [36mStatusUpdateBusinessRuleServiceImpl[m - [rules] END validate-trade tradeId=1553045 sideId=2 result=OK elapsed=15ms
[30m2026-09-09T12:11:27,869[m [32mINFO  [m[[1;34mhttp-nio-8080-exec-45[m] [36mStatusUpdateBusinessRuleServiceImpl[m - PERF_ASSIGNMENT service=reglas podName=operaciones-reglas-back-app-5894db7bb6-4scl6 operation=validateUpdateStatusTrade result=SUCCESS tradeId=1553045 side=2 totalMs=15 loadTradeMs=2 loadSettlementsAndInputMs=1 loadBusinessRulesMs=0 evaluationMs=0 tradeRepositoryCalls=1 settlementRepositoryCalls=1 businessRuleRepositoryCalls=0 statusHttpCalls=4 statusRestTotalMs=9
[30m2026-09-09T12:11:27,869[m [32mINFO  [m[[1;34mhttp-nio-8080-exec-45[m] [36mStatusUpdateBusinessRuleServiceImpl[m - PERF_RULES_STATUS_SUMMARY service=reglas podName=operaciones-reglas-back-app-5894db7bb6-4scl6 validationCount=1 statusHttpCalls=4 statusHttpTotalMs=9 uniqueStatusTransitionKeys=4 tradeRepositoryCalls=1 settlementRepositoryCalls=1 businessRuleRepositoryCalls=0
[30m2026-09-09T12:11:27,906[m [32mINFO  [m[[1;34mhttp-nio-8080-exec-47[m] [36mStatusUpdateBusinessRuleServiceImpl[m - [rules] START validate-trade tradeId=1553051 sideId=2 code=RULE_ASSIGNMENT
[30m2026-09-09T12:11:27,913[m [32mINFO  [m[[1;34mhttp-nio-8080-exec-47[m] [36mStatusUpdateBusinessRuleServiceImpl[m - [rules] process-rule rule=RULE_SIDE ruleId=230 result=OK status-http=2ms total=2ms
[30m2026-09-09T12:11:27,916[m [32mINFO  [m[[1;34mhttp-nio-8080-exec-47[m] [36mStatusUpdateBusinessRuleServiceImpl[m - [rules] process-rule rule=RULE_FRACTION ruleId=232 result=OK status-http=2ms total=2ms
[30m2026-09-09T12:11:27,918[m [32mINFO  [m[[1;34mhttp-nio-8080-exec-47[m] [36mStatusUpdateBusinessRuleServiceImpl[m - [rules] process-rule rule=RULE_FRACTION_CUSTODIAN ruleId=239 result=OK status-http=2ms total=2ms
[30m2026-09-09T12:11:27,920[m [32mINFO  [m[[1;34mhttp-nio-8080-exec-47[m] [36mStatusUpdateBusinessRuleServiceImpl[m - [rules] END validate-trade tradeId=1553051 sideId=2 result=OK elapsed=14ms
[30m2026-09-09T12:11:27,920[m [32mINFO  [m[[1;34mhttp-nio-8080-exec-47[m] [36mStatusUpdateBusinessRuleServiceImpl[m - PERF_ASSIGNMENT service=reglas podName=operaciones-reglas-back-app-5894db7bb6-4scl6 operation=validateUpdateStatusTrade result=SUCCESS tradeId=1553051 side=2 totalMs=14 loadTradeMs=2 loadSettlementsAndInputMs=1 loadBusinessRulesMs=0 evaluationMs=0 tradeRepositoryCalls=1 settlementRepositoryCalls=1 businessRuleRepositoryCalls=0 statusHttpCalls=4 statusRestTotalMs=8
[30m2026-09-09T12:11:27,920[m [32mINFO  [m[[1;34mhttp-nio-8080-exec-47[m] [36mStatusUpdateBusinessRuleServiceImpl[m - PERF_RULES_STATUS_SUMMARY service=reglas podName=operaciones-reglas-back-app-5894db7bb6-4scl6 validationCount=1 statusHttpCalls=4 statusHttpTotalMs=8 uniqueStatusTransitionKeys=4 tradeRepositoryCalls=1 settlementRepositoryCalls=1 businessRuleRepositoryCalls=0
[30m2026-09-09T12:11:27,963[m [32mINFO  [m[[1;34mhttp-nio-8080-exec-48[m] [36mStatusUpdateBusinessRuleServiceImpl[m - [rules] START validate-trade tradeId=1553056 sideId=2 code=RULE_ASSIGNMENT
[30m2026-09-09T12:11:27,972[m [32mINFO  [m[[1;34mhttp-nio-8080-exec-48[m] [36mStatusUpdateBusinessRuleServiceImpl[m - [rules] process-rule rule=RULE_SIDE ruleId=230 result=OK status-http=4ms total=4ms
[30m2026-09-09T12:11:27,975[m [32mINFO  [m[[1;34mhttp-nio-8080-exec-48[m] [36mStatusUpdateBusinessRuleServiceImpl[m - [rules] process-rule rule=RULE_FRACTION ruleId=232 result=OK status-http=2ms total=2ms
[30m2026-09-09T12:11:27,978[m [32mINFO  [m[[1;34mhttp-nio-8080-exec-48[m] [36mStatusUpdateBusinessRuleServiceImpl[m - [rules] process-rule rule=RULE_FRACTION_CUSTODIAN ruleId=239 result=OK status-http=2ms total=2ms
[30m2026-09-09T12:11:27,980[m [32mINFO  [m[[1;34mhttp-nio-8080-exec-48[m] [36mStatusUpdateBusinessRuleServiceImpl[m - [rules] END validate-trade tradeId=1553056 sideId=2 result=OK elapsed=17ms
[30m2026-09-09T12:11:27,980[m [32mINFO  [m[[1;34mhttp-nio-8080-exec-48[m] [36mStatusUpdateBusinessRuleServiceImpl[m - PERF_ASSIGNMENT service=reglas podName=operaciones-reglas-back-app-5894db7bb6-4scl6 operation=validateUpdateStatusTrade result=SUCCESS tradeId=1553056 side=2 totalMs=17 loadTradeMs=2 loadSettlementsAndInputMs=1 loadBusinessRulesMs=0 evaluationMs=0 tradeRepositoryCalls=1 settlementRepositoryCalls=1 businessRuleRepositoryCalls=0 statusHttpCalls=4 statusRestTotalMs=11
[30m2026-09-09T12:11:27,981[m [32mINFO  [m[[1;34mhttp-nio-8080-exec-48[m] [36mStatusUpdateBusinessRuleServiceImpl[m - PERF_RULES_STATUS_SUMMARY service=reglas podName=operaciones-reglas-back-app-5894db7bb6-4scl6 validationCount=1 statusHttpCalls=4 statusHttpTotalMs=11 uniqueStatusTransitionKeys=4 tradeRepositoryCalls=1 settlementRepositoryCalls=1 businessRuleRepositoryCalls=0
[30m2026-09-09T12:11:28,039[m [32mINFO  [m[[1;34mhttp-nio-8080-exec-49[m] [36mStatusUpdateBusinessRuleServiceImpl[m - [rules] START validate-trade tradeId=1553072 sideId=2 code=RULE_ASSIGNMENT
[30m2026-09-09T12:11:28,047[m [32mINFO  [m[[1;34mhttp-nio-8080-exec-49[m] [36mStatusUpdateBusinessRuleServiceImpl[m - [rules] process-rule rule=RULE_SIDE ruleId=230 result=OK status-http=2ms total=2ms
[30m2026-09-09T12:11:28,050[m [32mINFO  [m[[1;34mhttp-nio-8080-exec-49[m] [36mStatusUpdateBusinessRuleServiceImpl[m - [rules] process-rule rule=RULE_FRACTION ruleId=232 result=OK status-http=2ms total=2ms
[30m2026-09-09T12:11:28,053[m [32mINFO  [m[[1;34mhttp-nio-8080-exec-49[m] [36mStatusUpdateBusinessRuleServiceImpl[m - [rules] process-rule rule=RULE_FRACTION_CUSTODIAN ruleId=239 result=OK status-http=2ms total=2ms
[30m2026-09-09T12:11:28,056[m [32mINFO  [m[[1;34mhttp-nio-8080-exec-49[m] [36mStatusUpdateBusinessRuleServiceImpl[m - [rules] END validate-trade tradeId=1553072 sideId=2 result=OK elapsed=16ms
[30m2026-09-09T12:11:28,056[m [32mINFO  [m[[1;34mhttp-nio-8080-exec-49[m] [36mStatusUpdateBusinessRuleServiceImpl[m - PERF_ASSIGNMENT service=reglas podName=operaciones-reglas-back-app-5894db7bb6-4scl6 operation=validateUpdateStatusTrade result=SUCCESS tradeId=1553072 side=2 totalMs=16 loadTradeMs=3 loadSettlementsAndInputMs=1 loadBusinessRulesMs=0 evaluationMs=0 tradeRepositoryCalls=1 settlementRepositoryCalls=1 businessRuleRepositoryCalls=0 statusHttpCalls=4 statusRestTotalMs=10
[30m2026-09-09T12:11:28,056[m [32mINFO  [m[[1;34mhttp-nio-8080-exec-49[m] [36mStatusUpdateBusinessRuleServiceImpl[m - PERF_RULES_STATUS_SUMMARY service=reglas podName=operaciones-reglas-back-app-5894db7bb6-4scl6 validationCount=1 statusHttpCalls=4 statusHttpTotalMs=10 uniqueStatusTransitionKeys=4 tradeRepositoryCalls=1 settlementRepositoryCalls=1 businessRuleRepositoryCalls=0
[30m2026-09-09T12:11:28,101[m [32mINFO  [m[[1;34mhttp-nio-8080-exec-51[m] [36mStatusUpdateBusinessRuleServiceImpl[m - [rules] START validate-trade tradeId=1553073 sideId=2 code=RULE_ASSIGNMENT
[30m2026-09-09T12:11:28,108[m [32mINFO  [m[[1;34mhttp-nio-8080-exec-51[m] [36mStatusUpdateBusinessRuleServiceImpl[m - [rules] process-rule rule=RULE_SIDE ruleId=230 result=OK status-http=2ms total=2ms
[30m2026-09-09T12:11:28,111[m [32mINFO  [m[[1;34mhttp-nio-8080-exec-51[m] [36mStatusUpdateBusinessRuleServiceImpl[m - [rules] process-rule rule=RULE_FRACTION ruleId=232 result=OK status-http=2ms total=2ms
[30m2026-09-09T12:11:28,114[m [32mINFO  [m[[1;34mhttp-nio-8080-exec-51[m] [36mStatusUpdateBusinessRuleServiceImpl[m - [rules] process-rule rule=RULE_FRACTION_CUSTODIAN ruleId=239 result=OK status-http=2ms total=2ms
[30m2026-09-09T12:11:28,116[m [32mINFO  [m[[1;34mhttp-nio-8080-exec-51[m] [36mStatusUpdateBusinessRuleServiceImpl[m - [rules] END validate-trade tradeId=1553073 sideId=2 result=OK elapsed=15ms
[30m2026-09-09T12:11:28,117[m [32mINFO  [m[[1;34mhttp-nio-8080-exec-51[m] [36mStatusUpdateBusinessRuleServiceImpl[m - PERF_ASSIGNMENT service=reglas podName=operaciones-reglas-back-app-5894db7bb6-4scl6 operation=validateUpdateStatusTrade result=SUCCESS tradeId=1553073 side=2 totalMs=15 loadTradeMs=2 loadSettlementsAndInputMs=1 loadBusinessRulesMs=0 evaluationMs=0 tradeRepositoryCalls=1 settlementRepositoryCalls=1 businessRuleRepositoryCalls=0 statusHttpCalls=4 statusRestTotalMs=9
[30m2026-09-09T12:11:28,117[m [32mINFO  [m[[1;34mhttp-nio-8080-exec-51[m] [36mStatusUpdateBusinessRuleServiceImpl[m - PERF_RULES_STATUS_SUMMARY service=reglas podName=operaciones-reglas-back-app-5894db7bb6-4scl6 validationCount=1 statusHttpCalls=4 statusHttpTotalMs=9 uniqueStatusTransitionKeys=4 tradeRepositoryCalls=1 settlementRepositoryCalls=1 businessRuleRepositoryCalls=0
[30m2026-09-09T12:11:28,158[m [32mINFO  [m[[1;34mhttp-nio-8080-exec-50[m] [36mStatusUpdateBusinessRuleServiceImpl[m - [rules] START validate-trade tradeId=1553080 sideId=2 code=RULE_ASSIGNMENT
[30m2026-09-09T12:11:28,165[m [32mINFO  [m[[1;34mhttp-nio-8080-exec-50[m] [36mStatusUpdateBusinessRuleServiceImpl[m - [rules] process-rule rule=RULE_SIDE ruleId=230 result=OK status-http=2ms total=2ms
[30m2026-09-09T12:11:28,168[m [32mINFO  [m[[1;34mhttp-nio-8080-exec-50[m] [36mStatusUpdateBusinessRuleServiceImpl[m - [rules] process-rule rule=RULE_FRACTION ruleId=232 result=OK status-http=2ms total=2ms
[30m2026-09-09T12:11:28,170[m [32mINFO  [m[[1;34mhttp-nio-8080-exec-50[m] [36mStatusUpdateBusinessRuleServiceImpl[m - [rules] process-rule rule=RULE_FRACTION_CUSTODIAN ruleId=239 result=OK status-http=2ms total=2ms
[30m2026-09-09T12:11:28,173[m [32mINFO  [m[[1;34mhttp-nio-8080-exec-50[m] [36mStatusUpdateBusinessRuleServiceImpl[m - [rules] END validate-trade tradeId=1553080 sideId=2 result=OK elapsed=14ms
[30m2026-09-09T12:11:28,173[m [32mINFO  [m[[1;34mhttp-nio-8080-exec-50[m] [36mStatusUpdateBusinessRuleServiceImpl[m - PERF_ASSIGNMENT service=reglas podName=operaciones-reglas-back-app-5894db7bb6-4scl6 operation=validateUpdateStatusTrade result=SUCCESS tradeId=1553080 side=2 totalMs=14 loadTradeMs=2 loadSettlementsAndInputMs=1 loadBusinessRulesMs=0 evaluationMs=0 tradeRepositoryCalls=1 settlementRepositoryCalls=1 businessRuleRepositoryCalls=0 statusHttpCalls=4 statusRestTotalMs=9
[30m2026-09-09T12:11:28,173[m [32mINFO  [m[[1;34mhttp-nio-8080-exec-50[m] [36mStatusUpdateBusinessRuleServiceImpl[m - PERF_RULES_STATUS_SUMMARY service=reglas podName=operaciones-reglas-back-app-5894db7bb6-4scl6 validationCount=1 statusHttpCalls=4 statusHttpTotalMs=9 uniqueStatusTransitionKeys=4 tradeRepositoryCalls=1 settlementRepositoryCalls=1 businessRuleRepositoryCalls=0
[30m2026-09-09T12:11:28,215[m [32mINFO  [m[[1;34mhttp-nio-8080-exec-53[m] [36mStatusUpdateBusinessRuleServiceImpl[m - [rules] START validate-trade tradeId=1553081 sideId=2 code=RULE_ASSIGNMENT
[30m2026-09-09T12:11:28,223[m [32mINFO  [m[[1;34mhttp-nio-8080-exec-53[m] [36mStatusUpdateBusinessRuleServiceImpl[m - [rules] process-rule rule=RULE_SIDE ruleId=230 result=OK status-http=2ms total=2ms
[30m2026-09-09T12:11:28,225[m [32mINFO  [m[[1;34mhttp-nio-8080-exec-53[m] [36mStatusUpdateBusinessRuleServiceImpl[m - [rules] process-rule rule=RULE_FRACTION ruleId=232 result=OK status-http=2ms total=2ms
[30m2026-09-09T12:11:28,228[m [32mINFO  [m[[1;34mhttp-nio-8080-exec-53[m] [36mStatusUpdateBusinessRuleServiceImpl[m - [rules] process-rule rule=RULE_FRACTION_CUSTODIAN ruleId=239 result=OK status-http=2ms total=2ms
[30m2026-09-09T12:11:28,230[m [32mINFO  [m[[1;34mhttp-nio-8080-exec-53[m] [36mStatusUpdateBusinessRuleServiceImpl[m - [rules] END validate-trade tradeId=1553081 sideId=2 result=OK elapsed=15ms
[30m2026-09-09T12:11:28,230[m [32mINFO  [m[[1;34mhttp-nio-8080-exec-53[m] [36mStatusUpdateBusinessRuleServiceImpl[m - PERF_ASSIGNMENT service=reglas podName=operaciones-reglas-back-app-5894db7bb6-4scl6 operation=validateUpdateStatusTrade result=SUCCESS tradeId=1553081 side=2 totalMs=15 loadTradeMs=2 loadSettlementsAndInputMs=1 loadBusinessRulesMs=0 evaluationMs=0 tradeRepositoryCalls=1 settlementRepositoryCalls=1 businessRuleRepositoryCalls=0 statusHttpCalls=4 statusRestTotalMs=9
[30m2026-09-09T12:11:28,230[m [32mINFO  [m[[1;34mhttp-nio-8080-exec-53[m] [36mStatusUpdateBusinessRuleServiceImpl[m - PERF_RULES_STATUS_SUMMARY service=reglas podName=operaciones-reglas-back-app-5894db7bb6-4scl6 validationCount=1 statusHttpCalls=4 statusHttpTotalMs=9 uniqueStatusTransitionKeys=4 tradeRepositoryCalls=1 settlementRepositoryCalls=1 businessRuleRepositoryCalls=0
[30m2026-09-09T12:11:28,269[m [32mINFO  [m[[1;34mhttp-nio-8080-exec-52[m] [36mStatusUpdateBusinessRuleServiceImpl[m - [rules] START validate-trade tradeId=1553086 sideId=2 code=RULE_ASSIGNMENT
[30m2026-09-09T12:11:28,276[m [32mINFO  [m[[1;34mhttp-nio-8080-exec-52[m] [36mStatusUpdateBusinessRuleServiceImpl[m - [rules] process-rule rule=RULE_SIDE ruleId=230 result=OK status-http=2ms total=2ms
[30m2026-09-09T12:11:28,279[m [32mINFO  [m[[1;34mhttp-nio-8080-exec-52[m] [36mStatusUpdateBusinessRuleServiceImpl[m - [rules] process-rule rule=RULE_FRACTION ruleId=232 result=OK status-http=2ms total=2ms
[30m2026-09-09T12:11:28,281[m [32mINFO  [m[[1;34mhttp-nio-8080-exec-52[m] [36mStatusUpdateBusinessRuleServiceImpl[m - [rules] process-rule rule=RULE_FRACTION_CUSTODIAN ruleId=239 result=OK status-http=2ms total=2ms
[30m2026-09-09T12:11:28,284[m [32mINFO  [m[[1;34mhttp-nio-8080-exec-52[m] [36mStatusUpdateBusinessRuleServiceImpl[m - [rules] END validate-trade tradeId=1553086 sideId=2 result=OK elapsed=15ms
[30m2026-09-09T12:11:28,284[m [32mINFO  [m[[1;34mhttp-nio-8080-exec-52[m] [36mStatusUpdateBusinessRuleServiceImpl[m - PERF_ASSIGNMENT service=reglas podName=operaciones-reglas-back-app-5894db7bb6-4scl6 operation=validateUpdateStatusTrade result=SUCCESS tradeId=1553086 side=2 totalMs=15 loadTradeMs=2 loadSettlementsAndInputMs=1 loadBusinessRulesMs=0 evaluationMs=0 tradeRepositoryCalls=1 settlementRepositoryCalls=1 businessRuleRepositoryCalls=0 statusHttpCalls=4 statusRestTotalMs=9
[30m2026-09-09T12:11:28,284[m [32mINFO  [m[[1;34mhttp-nio-8080-exec-52[m] [36mStatusUpdateBusinessRuleServiceImpl[m - PERF_RULES_STATUS_SUMMARY service=reglas podName=operaciones-reglas-back-app-5894db7bb6-4scl6 validationCount=1 statusHttpCalls=4 statusHttpTotalMs=9 uniqueStatusTransitionKeys=4 tradeRepositoryCalls=1 settlementRepositoryCalls=1 businessRuleRepositoryCalls=0
[30m2026-09-09T12:11:28,322[m [32mINFO  [m[[1;34mhttp-nio-8080-exec-54[m] [36mStatusUpdateBusinessRuleServiceImpl[m - [rules] START validate-trade tradeId=1553099 sideId=2 code=RULE_ASSIGNMENT
[30m2026-09-09T12:11:28,329[m [32mINFO  [m[[1;34mhttp-nio-8080-exec-54[m] [36mStatusUpdateBusinessRuleServiceImpl[m - [rules] process-rule rule=RULE_SIDE ruleId=230 result=OK status-http=2ms total=2ms
[30m2026-09-09T12:11:28,332[m [32mINFO  [m[[1;34mhttp-nio-8080-exec-54[m] [36mStatusUpdateBusinessRuleServiceImpl[m - [rules] process-rule rule=RULE_FRACTION ruleId=232 result=OK status-http=2ms total=2ms
[30m2026-09-09T12:11:28,336[m [32mINFO  [m[[1;34mhttp-nio-8080-exec-54[m] [36mStatusUpdateBusinessRuleServiceImpl[m - [rules] process-rule rule=RULE_FRACTION_CUSTODIAN ruleId=239 result=OK status-http=2ms total=3ms
[30m2026-09-09T12:11:28,338[m [32mINFO  [m[[1;34mhttp-nio-8080-exec-54[m] [36mStatusUpdateBusinessRuleServiceImpl[m - [rules] END validate-trade tradeId=1553099 sideId=2 result=OK elapsed=16ms
[30m2026-09-09T12:11:28,339[m [32mINFO  [m[[1;34mhttp-nio-8080-exec-54[m] [36mStatusUpdateBusinessRuleServiceImpl[m - PERF_ASSIGNMENT service=reglas podName=operaciones-reglas-back-app-5894db7bb6-4scl6 operation=validateUpdateStatusTrade result=SUCCESS tradeId=1553099 side=2 totalMs=16 loadTradeMs=2 loadSettlementsAndInputMs=1 loadBusinessRulesMs=0 evaluationMs=0 tradeRepositoryCalls=1 settlementRepositoryCalls=1 businessRuleRepositoryCalls=0 statusHttpCalls=4 statusRestTotalMs=10
[30m2026-09-09T12:11:28,339[m [32mINFO  [m[[1;34mhttp-nio-8080-exec-54[m] [36mStatusUpdateBusinessRuleServiceImpl[m - PERF_RULES_STATUS_SUMMARY service=reglas podName=operaciones-reglas-back-app-5894db7bb6-4scl6 validationCount=1 statusHttpCalls=4 statusHttpTotalMs=10 uniqueStatusTransitionKeys=4 tradeRepositoryCalls=1 settlementRepositoryCalls=1 businessRuleRepositoryCalls=0
[30m2026-09-09T12:11:28,376[m [32mINFO  [m[[1;34mhttp-nio-8080-exec-56[m] [36mStatusUpdateBusinessRuleServiceImpl[m - [rules] START validate-trade tradeId=1554000 sideId=2 code=RULE_ASSIGNMENT
[30m2026-09-09T12:11:28,383[m [32mINFO  [m[[1;34mhttp-nio-8080-exec-56[m] [36mStatusUpdateBusinessRuleServiceImpl[m - [rules] process-rule rule=RULE_SIDE ruleId=230 result=OK status-http=2ms total=2ms
[30m2026-09-09T12:11:28,385[m [32mINFO  [m[[1;34mhttp-nio-8080-exec-56[m] [36mStatusUpdateBusinessRuleServiceImpl[m - [rules] process-rule rule=RULE_FRACTION ruleId=232 result=OK status-http=2ms total=2ms
[30m2026-09-09T12:11:28,388[m [32mINFO  [m[[1;34mhttp-nio-8080-exec-56[m] [36mStatusUpdateBusinessRuleServiceImpl[m - [rules] process-rule rule=RULE_FRACTION_CUSTODIAN ruleId=239 result=OK status-http=2ms total=2ms
[30m2026-09-09T12:11:28,390[m [32mINFO  [m[[1;34mhttp-nio-8080-exec-56[m] [36mStatusUpdateBusinessRuleServiceImpl[m - [rules] END validate-trade tradeId=1554000 sideId=2 result=OK elapsed=14ms
[30m2026-09-09T12:11:28,391[m [32mINFO  [m[[1;34mhttp-nio-8080-exec-56[m] [36mStatusUpdateBusinessRuleServiceImpl[m - PERF_ASSIGNMENT service=reglas podName=operaciones-reglas-back-app-5894db7bb6-4scl6 operation=validateUpdateStatusTrade result=SUCCESS tradeId=1554000 side=2 totalMs=14 loadTradeMs=2 loadSettlementsAndInputMs=1 loadBusinessRulesMs=0 evaluationMs=0 tradeRepositoryCalls=1 settlementRepositoryCalls=1 businessRuleRepositoryCalls=0 statusHttpCalls=4 statusRestTotalMs=9
[30m2026-09-09T12:11:28,391[m [32mINFO  [m[[1;34mhttp-nio-8080-exec-56[m] [36mStatusUpdateBusinessRuleServiceImpl[m - PERF_RULES_STATUS_SUMMARY service=reglas podName=operaciones-reglas-back-app-5894db7bb6-4scl6 validationCount=1 statusHttpCalls=4 statusHttpTotalMs=9 uniqueStatusTransitionKeys=4 tradeRepositoryCalls=1 settlementRepositoryCalls=1 businessRuleRepositoryCalls=0
[30m2026-09-09T12:11:28,434[m [32mINFO  [m[[1;34mhttp-nio-8080-exec-55[m] [36mStatusUpdateBusinessRuleServiceImpl[m - [rules] START validate-trade tradeId=1547395 sideId=2 code=RULE_ASSIGNMENT
[30m2026-09-09T12:11:28,441[m [32mINFO  [m[[1;34mhttp-nio-8080-exec-55[m] [36mStatusUpdateBusinessRuleServiceImpl[m - [rules] process-rule rule=RULE_SIDE ruleId=230 result=OK status-http=2ms total=2ms
[30m2026-09-09T12:11:28,444[m [32mINFO  [m[[1;34mhttp-nio-8080-exec-55[m] [36mStatusUpdateBusinessRuleServiceImpl[m - [rules] process-rule rule=RULE_FRACTION ruleId=232 result=OK status-http=2ms total=2ms
[30m2026-09-09T12:11:28,447[m [32mINFO  [m[[1;34mhttp-nio-8080-exec-55[m] [36mStatusUpdateBusinessRuleServiceImpl[m - [rules] process-rule rule=RULE_FRACTION_CUSTODIAN ruleId=239 result=OK status-http=2ms total=2ms
[30m2026-09-09T12:11:28,450[m [32mINFO  [m[[1;34mhttp-nio-8080-exec-55[m] [36mStatusUpdateBusinessRuleServiceImpl[m - [rules] END validate-trade tradeId=1547395 sideId=2 result=OK elapsed=15ms
[30m2026-09-09T12:11:28,450[m [32mINFO  [m[[1;34mhttp-nio-8080-exec-55[m] [36mStatusUpdateBusinessRuleServiceImpl[m - PERF_ASSIGNMENT service=reglas podName=operaciones-reglas-back-app-5894db7bb6-4scl6 operation=validateUpdateStatusTrade result=SUCCESS tradeId=1547395 side=2 totalMs=16 loadTradeMs=2 loadSettlementsAndInputMs=1 loadBusinessRulesMs=0 evaluationMs=0 tradeRepositoryCalls=1 settlementRepositoryCalls=1 businessRuleRepositoryCalls=0 statusHttpCalls=4 statusRestTotalMs=10
[30m2026-09-09T12:11:28,450[m [32mINFO  [m[[1;34mhttp-nio-8080-exec-55[m] [36mStatusUpdateBusinessRuleServiceImpl[m - PERF_RULES_STATUS_SUMMARY service=reglas podName=operaciones-reglas-back-app-5894db7bb6-4scl6 validationCount=1 statusHttpCalls=4 statusHttpTotalMs=10 uniqueStatusTransitionKeys=4 tradeRepositoryCalls=1 settlementRepositoryCalls=1 businessRuleRepositoryCalls=0
[30m2026-09-09T12:11:28,492[m [32mINFO  [m[[1;34mhttp-nio-8080-exec-57[m] [36mStatusUpdateBusinessRuleServiceImpl[m - [rules] START validate-trade tradeId=1547402 sideId=2 code=RULE_ASSIGNMENT
[30m2026-09-09T12:11:28,500[m [32mINFO  [m[[1;34mhttp-nio-8080-exec-57[m] [36mStatusUpdateBusinessRuleServiceImpl[m - [rules] process-rule rule=RULE_SIDE ruleId=230 result=OK status-http=2ms total=2ms
[30m2026-09-09T12:11:28,502[m [32mINFO  [m[[1;34mhttp-nio-8080-exec-57[m] [36mStatusUpdateBusinessRuleServiceImpl[m - [rules] process-rule rule=RULE_FRACTION ruleId=232 result=OK status-http=2ms total=2ms
[30m2026-09-09T12:11:28,505[m [32mINFO  [m[[1;34mhttp-nio-8080-exec-57[m] [36mStatusUpdateBusinessRuleServiceImpl[m - [rules] process-rule rule=RULE_FRACTION_CUSTODIAN ruleId=239 result=OK status-http=2ms total=2ms
[30m2026-09-09T12:11:28,507[m [32mINFO  [m[[1;34mhttp-nio-8080-exec-57[m] [36mStatusUpdateBusinessRuleServiceImpl[m - [rules] END validate-trade tradeId=1547402 sideId=2 result=OK elapsed=15ms
[30m2026-09-09T12:11:28,508[m [32mINFO  [m[[1;34mhttp-nio-8080-exec-57[m] [36mStatusUpdateBusinessRuleServiceImpl[m - PERF_ASSIGNMENT service=reglas podName=operaciones-reglas-back-app-5894db7bb6-4scl6 operation=validateUpdateStatusTrade result=SUCCESS tradeId=1547402 side=2 totalMs=15 loadTradeMs=2 loadSettlementsAndInputMs=1 loadBusinessRulesMs=0 evaluationMs=0 tradeRepositoryCalls=1 settlementRepositoryCalls=1 businessRuleRepositoryCalls=0 statusHttpCalls=4 statusRestTotalMs=9
[30m2026-09-09T12:11:28,508[m [32mINFO  [m[[1;34mhttp-nio-8080-exec-57[m] [36mStatusUpdateBusinessRuleServiceImpl[m - PERF_RULES_STATUS_SUMMARY service=reglas podName=operaciones-reglas-back-app-5894db7bb6-4scl6 validationCount=1 statusHttpCalls=4 statusHttpTotalMs=9 uniqueStatusTransitionKeys=4 tradeRepositoryCalls=1 settlementRepositoryCalls=1 businessRuleRepositoryCalls=0
[30m2026-09-09T12:11:28,545[m [32mINFO  [m[[1;34mhttp-nio-8080-exec-58[m] [36mStatusUpdateBusinessRuleServiceImpl[m - [rules] START validate-trade tradeId=1547420 sideId=2 code=RULE_ASSIGNMENT
[30m2026-09-09T12:11:28,554[m [32mINFO  [m[[1;34mhttp-nio-8080-exec-58[m] [36mStatusUpdateBusinessRuleServiceImpl[m - [rules] process-rule rule=RULE_SIDE ruleId=230 result=OK status-http=2ms total=3ms
[30m2026-09-09T12:11:28,557[m [32mINFO  [m[[1;34mhttp-nio-8080-exec-58[m] [36mStatusUpdateBusinessRuleServiceImpl[m - [rules] process-rule rule=RULE_FRACTION ruleId=232 result=OK status-http=2ms total=2ms
[30m2026-09-09T12:11:28,559[m [32mINFO  [m[[1;34mhttp-nio-8080-exec-58[m] [36mStatusUpdateBusinessRuleServiceImpl[m - [rules] process-rule rule=RULE_FRACTION_CUSTODIAN ruleId=239 result=OK status-http=2ms total=2ms
[30m2026-09-09T12:11:28,562[m [32mINFO  [m[[1;34mhttp-nio-8080-exec-58[m] [36mStatusUpdateBusinessRuleServiceImpl[m - [rules] END validate-trade tradeId=1547420 sideId=2 result=OK elapsed=16ms
[30m2026-09-09T12:11:28,562[m [32mINFO  [m[[1;34mhttp-nio-8080-exec-58[m] [36mStatusUpdateBusinessRuleServiceImpl[m - PERF_ASSIGNMENT service=reglas podName=operaciones-reglas-back-app-5894db7bb6-4scl6 operation=validateUpdateStatusTrade result=SUCCESS tradeId=1547420 side=2 totalMs=16 loadTradeMs=3 loadSettlementsAndInputMs=1 loadBusinessRulesMs=0 evaluationMs=0 tradeRepositoryCalls=1 settlementRepositoryCalls=1 businessRuleRepositoryCalls=0 statusHttpCalls=4 statusRestTotalMs=10
[30m2026-09-09T12:11:28,562[m [32mINFO  [m[[1;34mhttp-nio-8080-exec-58[m] [36mStatusUpdateBusinessRuleServiceImpl[m - PERF_RULES_STATUS_SUMMARY service=reglas podName=operaciones-reglas-back-app-5894db7bb6-4scl6 validationCount=1 statusHttpCalls=4 statusHttpTotalMs=10 uniqueStatusTransitionKeys=4 tradeRepositoryCalls=1 settlementRepositoryCalls=1 businessRuleRepositoryCalls=0
[30m2026-09-09T12:11:28,601[m [32mINFO  [m[[1;34mhttp-nio-8080-exec-59[m] [36mStatusUpdateBusinessRuleServiceImpl[m - [rules] START validate-trade tradeId=1547438 sideId=2 code=RULE_ASSIGNMENT
[30m2026-09-09T12:11:28,608[m [32mINFO  [m[[1;34mhttp-nio-8080-exec-59[m] [36mStatusUpdateBusinessRuleServiceImpl[m - [rules] process-rule rule=RULE_SIDE ruleId=230 result=OK status-http=2ms total=2ms
[30m2026-09-09T12:11:28,611[m [32mINFO  [m[[1;34mhttp-nio-8080-exec-59[m] [36mStatusUpdateBusinessRuleServiceImpl[m - [rules] process-rule rule=RULE_FRACTION ruleId=232 result=OK status-http=2ms total=2ms
[30m2026-09-09T12:11:28,613[m [32mINFO  [m[[1;34mhttp-nio-8080-exec-59[m] [36mStatusUpdateBusinessRuleServiceImpl[m - [rules] process-rule rule=RULE_FRACTION_CUSTODIAN ruleId=239 result=OK status-http=2ms total=2ms
[30m2026-09-09T12:11:28,616[m [32mINFO  [m[[1;34mhttp-nio-8080-exec-59[m] [36mStatusUpdateBusinessRuleServiceImpl[m - [rules] END validate-trade tradeId=1547438 sideId=2 result=OK elapsed=14ms
[30m2026-09-09T12:11:28,616[m [32mINFO  [m[[1;34mhttp-nio-8080-exec-59[m] [36mStatusUpdateBusinessRuleServiceImpl[m - PERF_ASSIGNMENT service=reglas podName=operaciones-reglas-back-app-5894db7bb6-4scl6 operation=validateUpdateStatusTrade result=SUCCESS tradeId=1547438 side=2 totalMs=15 loadTradeMs=2 loadSettlementsAndInputMs=1 loadBusinessRulesMs=0 evaluationMs=0 tradeRepositoryCalls=1 settlementRepositoryCalls=1 businessRuleRepositoryCalls=0 statusHttpCalls=4 statusRestTotalMs=9
[30m2026-09-09T12:11:28,616[m [32mINFO  [m[[1;34mhttp-nio-8080-exec-59[m] [36mStatusUpdateBusinessRuleServiceImpl[m - PERF_RULES_STATUS_SUMMARY service=reglas podName=operaciones-reglas-back-app-5894db7bb6-4scl6 validationCount=1 statusHttpCalls=4 statusHttpTotalMs=9 uniqueStatusTransitionKeys=4 tradeRepositoryCalls=1 settlementRepositoryCalls=1 businessRuleRepositoryCalls=0
[30m2026-09-09T12:11:28,656[m [32mINFO  [m[[1;34mhttp-nio-8080-exec-60[m] [36mStatusUpdateBusinessRuleServiceImpl[m - [rules] START validate-trade tradeId=1547455 sideId=2 code=RULE_ASSIGNMENT
[30m2026-09-09T12:11:28,663[m [32mINFO  [m[[1;34mhttp-nio-8080-exec-60[m] [36mStatusUpdateBusinessRuleServiceImpl[m - [rules] process-rule rule=RULE_SIDE ruleId=230 result=OK status-http=2ms total=2ms
[30m2026-09-09T12:11:28,666[m [32mINFO  [m[[1;34mhttp-nio-8080-exec-60[m] [36mStatusUpdateBusinessRuleServiceImpl[m - [rules] process-rule rule=RULE_FRACTION ruleId=232 result=OK status-http=2ms total=2ms
[30m2026-09-09T12:11:28,669[m [32mINFO  [m[[1;34mhttp-nio-8080-exec-60[m] [36mStatusUpdateBusinessRuleServiceImpl[m - [rules] process-rule rule=RULE_FRACTION_CUSTODIAN ruleId=239 result=OK status-http=2ms total=2ms
[30m2026-09-09T12:11:28,672[m [32mINFO  [m[[1;34mhttp-nio-8080-exec-60[m] [36mStatusUpdateBusinessRuleServiceImpl[m - [rules] END validate-trade tradeId=1547455 sideId=2 result=OK elapsed=15ms
[30m2026-09-09T12:11:28,672[m [32mINFO  [m[[1;34mhttp-nio-8080-exec-60[m] [36mStatusUpdateBusinessRuleServiceImpl[m - PERF_ASSIGNMENT service=reglas podName=operaciones-reglas-back-app-5894db7bb6-4scl6 operation=validateUpdateStatusTrade result=SUCCESS tradeId=1547455 side=2 totalMs=15 loadTradeMs=2 loadSettlementsAndInputMs=1 loadBusinessRulesMs=0 evaluationMs=0 tradeRepositoryCalls=1 settlementRepositoryCalls=1 businessRuleRepositoryCalls=0 statusHttpCalls=4 statusRestTotalMs=10
[30m2026-09-09T12:11:28,672[m [32mINFO  [m[[1;34mhttp-nio-8080-exec-60[m] [36mStatusUpdateBusinessRuleServiceImpl[m - PERF_RULES_STATUS_SUMMARY service=reglas podName=operaciones-reglas-back-app-5894db7bb6-4scl6 validationCount=1 statusHttpCalls=4 statusHttpTotalMs=10 uniqueStatusTransitionKeys=4 tradeRepositoryCalls=1 settlementRepositoryCalls=1 businessRuleRepositoryCalls=0
[30m2026-09-09T12:11:28,711[m [32mINFO  [m[[1;34mhttp-nio-8080-exec-61[m] [36mStatusUpdateBusinessRuleServiceImpl[m - [rules] START validate-trade tradeId=1550273 sideId=2 code=RULE_ASSIGNMENT
[30m2026-09-09T12:11:28,717[m [32mINFO  [m[[1;34mhttp-nio-8080-exec-61[m] [36mStatusUpdateBusinessRuleServiceImpl[m - [rules] process-rule rule=RULE_SIDE ruleId=230 result=OK status-http=2ms total=2ms
[30m2026-09-09T12:11:28,720[m [32mINFO  [m[[1;34mhttp-nio-8080-exec-61[m] [36mStatusUpdateBusinessRuleServiceImpl[m - [rules] process-rule rule=RULE_FRACTION ruleId=232 result=OK status-http=2ms total=2ms
[30m2026-09-09T12:11:28,722[m [32mINFO  [m[[1;34mhttp-nio-8080-exec-61[m] [36mStatusUpdateBusinessRuleServiceImpl[m - [rules] process-rule rule=RULE_FRACTION_CUSTODIAN ruleId=239 result=OK status-http=2ms total=2ms
[30m2026-09-09T12:11:28,725[m [32mINFO  [m[[1;34mhttp-nio-8080-exec-61[m] [36mStatusUpdateBusinessRuleServiceImpl[m - [rules] END validate-trade tradeId=1550273 sideId=2 result=OK elapsed=14ms
[30m2026-09-09T12:11:28,726[m [32mINFO  [m[[1;34mhttp-nio-8080-exec-61[m] [36mStatusUpdateBusinessRuleServiceImpl[m - PERF_ASSIGNMENT service=reglas podName=operaciones-reglas-back-app-5894db7bb6-4scl6 operation=validateUpdateStatusTrade result=SUCCESS tradeId=1550273 side=2 totalMs=15 loadTradeMs=2 loadSettlementsAndInputMs=1 loadBusinessRulesMs=0 evaluationMs=0 tradeRepositoryCalls=1 settlementRepositoryCalls=1 businessRuleRepositoryCalls=0 statusHttpCalls=4 statusRestTotalMs=10
[30m2026-09-09T12:11:28,726[m [32mINFO  [m[[1;34mhttp-nio-8080-exec-61[m] [36mStatusUpdateBusinessRuleServiceImpl[m - PERF_RULES_STATUS_SUMMARY service=reglas podName=operaciones-reglas-back-app-5894db7bb6-4scl6 validationCount=1 statusHttpCalls=4 statusHttpTotalMs=10 uniqueStatusTransitionKeys=4 tradeRepositoryCalls=1 settlementRepositoryCalls=1 businessRuleRepositoryCalls=0
[30m2026-09-09T12:11:28,769[m [32mINFO  [m[[1;34mhttp-nio-8080-exec-62[m] [36mStatusUpdateBusinessRuleServiceImpl[m - [rules] START validate-trade tradeId=1548378 sideId=2 code=RULE_ASSIGNMENT
[30m2026-09-09T12:11:28,778[m [32mINFO  [m[[1;34mhttp-nio-8080-exec-62[m] [36mStatusUpdateBusinessRuleServiceImpl[m - [rules] process-rule rule=RULE_SIDE ruleId=230 result=OK status-http=3ms total=3ms
[30m2026-09-09T12:11:28,781[m [32mINFO  [m[[1;34mhttp-nio-8080-exec-62[m] [36mStatusUpdateBusinessRuleServiceImpl[m - [rules] process-rule rule=RULE_FRACTION ruleId=232 result=OK status-http=3ms total=3ms
[30m2026-09-09T12:11:28,784[m [32mINFO  [m[[1;34mhttp-nio-8080-exec-62[m] [36mStatusUpdateBusinessRuleServiceImpl[m - [rules] process-rule rule=RULE_FRACTION_CUSTODIAN ruleId=239 result=OK status-http=2ms total=2ms
[30m2026-09-09T12:11:28,788[m [32mINFO  [m[[1;34mhttp-nio-8080-exec-62[m] [36mStatusUpdateBusinessRuleServiceImpl[m - [rules] END validate-trade tradeId=1548378 sideId=2 result=OK elapsed=18ms
[30m2026-09-09T12:11:28,788[m [32mINFO  [m[[1;34mhttp-nio-8080-exec-62[m] [36mStatusUpdateBusinessRuleServiceImpl[m - PERF_ASSIGNMENT service=reglas podName=operaciones-reglas-back-app-5894db7bb6-4scl6 operation=validateUpdateStatusTrade result=SUCCESS tradeId=1548378 side=2 totalMs=18 loadTradeMs=2 loadSettlementsAndInputMs=1 loadBusinessRulesMs=0 evaluationMs=0 tradeRepositoryCalls=1 settlementRepositoryCalls=1 businessRuleRepositoryCalls=0 statusHttpCalls=4 statusRestTotalMs=11
[30m2026-09-09T12:11:28,788[m [32mINFO  [m[[1;34mhttp-nio-8080-exec-62[m] [36mStatusUpdateBusinessRuleServiceImpl[m - PERF_RULES_STATUS_SUMMARY service=reglas podName=operaciones-reglas-back-app-5894db7bb6-4scl6 validationCount=1 statusHttpCalls=4 statusHttpTotalMs=11 uniqueStatusTransitionKeys=4 tradeRepositoryCalls=1 settlementRepositoryCalls=1 businessRuleRepositoryCalls=0
[30m2026-09-09T12:11:28,829[m [32mINFO  [m[[1;34mhttp-nio-8080-exec-63[m] [36mStatusUpdateBusinessRuleServiceImpl[m - [rules] START validate-trade tradeId=1554021 sideId=2 code=RULE_ASSIGNMENT
[30m2026-09-09T12:11:28,836[m [32mINFO  [m[[1;34mhttp-nio-8080-exec-63[m] [36mStatusUpdateBusinessRuleServiceImpl[m - [rules] process-rule rule=RULE_SIDE ruleId=230 result=OK status-http=2ms total=2ms
[30m2026-09-09T12:11:28,839[m [32mINFO  [m[[1;34mhttp-nio-8080-exec-63[m] [36mStatusUpdateBusinessRuleServiceImpl[m - [rules] process-rule rule=RULE_FRACTION ruleId=232 result=OK status-http=2ms total=2ms
[30m2026-09-09T12:11:28,841[m [32mINFO  [m[[1;34mhttp-nio-8080-exec-63[m] [36mStatusUpdateBusinessRuleServiceImpl[m - [rules] process-rule rule=RULE_FRACTION_CUSTODIAN ruleId=239 result=OK status-http=2ms total=2ms
[30m2026-09-09T12:11:28,844[m [32mINFO  [m[[1;34mhttp-nio-8080-exec-63[m] [36mStatusUpdateBusinessRuleServiceImpl[m - [rules] END validate-trade tradeId=1554021 sideId=2 result=OK elapsed=15ms
[30m2026-09-09T12:11:28,844[m [32mINFO  [m[[1;34mhttp-nio-8080-exec-63[m] [36mStatusUpdateBusinessRuleServiceImpl[m - PERF_ASSIGNMENT service=reglas podName=operaciones-reglas-back-app-5894db7bb6-4scl6 operation=validateUpdateStatusTrade result=SUCCESS tradeId=1554021 side=2 totalMs=15 loadTradeMs=2 loadSettlementsAndInputMs=1 loadBusinessRulesMs=0 evaluationMs=0 tradeRepositoryCalls=1 settlementRepositoryCalls=1 businessRuleRepositoryCalls=0 statusHttpCalls=4 statusRestTotalMs=10
[30m2026-09-09T12:11:28,844[m [32mINFO  [m[[1;34mhttp-nio-8080-exec-63[m] [36mStatusUpdateBusinessRuleServiceImpl[m - PERF_RULES_STATUS_SUMMARY service=reglas podName=operaciones-reglas-back-app-5894db7bb6-4scl6 validationCount=1 statusHttpCalls=4 statusHttpTotalMs=10 uniqueStatusTransitionKeys=4 tradeRepositoryCalls=1 settlementRepositoryCalls=1 businessRuleRepositoryCalls=0
[30m2026-09-09T12:11:28,885[m [32mINFO  [m[[1;34mhttp-nio-8080-exec-64[m] [36mStatusUpdateBusinessRuleServiceImpl[m - [rules] START validate-trade tradeId=1554026 sideId=2 code=RULE_ASSIGNMENT
[30m2026-09-09T12:11:28,894[m [32mINFO  [m[[1;34mhttp-nio-8080-exec-64[m] [36mStatusUpdateBusinessRuleServiceImpl[m - [rules] process-rule rule=RULE_SIDE ruleId=230 result=OK status-http=4ms total=4ms
[30m2026-09-09T12:11:28,897[m [32mINFO  [m[[1;34mhttp-nio-8080-exec-64[m] [36mStatusUpdateBusinessRuleServiceImpl[m - [rules] process-rule rule=RULE_FRACTION ruleId=232 result=OK status-http=2ms total=2ms
[30m2026-09-09T12:11:28,900[m [32mINFO  [m[[1;34mhttp-nio-8080-exec-64[m] [36mStatusUpdateBusinessRuleServiceImpl[m - [rules] process-rule rule=RULE_FRACTION_CUSTODIAN ruleId=239 result=OK status-http=2ms total=2ms
[30m2026-09-09T12:11:28,902[m [32mINFO  [m[[1;34mhttp-nio-8080-exec-64[m] [36mStatusUpdateBusinessRuleServiceImpl[m - [rules] END validate-trade tradeId=1554026 sideId=2 result=OK elapsed=17ms
[30m2026-09-09T12:11:28,902[m [32mINFO  [m[[1;34mhttp-nio-8080-exec-64[m] [36mStatusUpdateBusinessRuleServiceImpl[m - PERF_ASSIGNMENT service=reglas podName=operaciones-reglas-back-app-5894db7bb6-4scl6 operation=validateUpdateStatusTrade result=SUCCESS tradeId=1554026 side=2 totalMs=17 loadTradeMs=3 loadSettlementsAndInputMs=1 loadBusinessRulesMs=0 evaluationMs=0 tradeRepositoryCalls=1 settlementRepositoryCalls=1 businessRuleRepositoryCalls=0 statusHttpCalls=4 statusRestTotalMs=11
[30m2026-09-09T12:11:28,902[m [32mINFO  [m[[1;34mhttp-nio-8080-exec-64[m] [36mStatusUpdateBusinessRuleServiceImpl[m - PERF_RULES_STATUS_SUMMARY service=reglas podName=operaciones-reglas-back-app-5894db7bb6-4scl6 validationCount=1 statusHttpCalls=4 statusHttpTotalMs=11 uniqueStatusTransitionKeys=4 tradeRepositoryCalls=1 settlementRepositoryCalls=1 businessRuleRepositoryCalls=0
[30m2026-09-09T12:11:28,941[m [32mINFO  [m[[1;34mhttp-nio-8080-exec-66[m] [36mStatusUpdateBusinessRuleServiceImpl[m - [rules] START validate-trade tradeId=1554031 sideId=2 code=RULE_ASSIGNMENT
[30m2026-09-09T12:11:28,948[m [32mINFO  [m[[1;34mhttp-nio-8080-exec-66[m] [36mStatusUpdateBusinessRuleServiceImpl[m - [rules] process-rule rule=RULE_SIDE ruleId=230 result=OK status-http=2ms total=2ms
[30m2026-09-09T12:11:28,951[m [32mINFO  [m[[1;34mhttp-nio-8080-exec-66[m] [36mStatusUpdateBusinessRuleServiceImpl[m - [rules] process-rule rule=RULE_FRACTION ruleId=232 result=OK status-http=2ms total=2ms
[30m2026-09-09T12:11:28,954[m [32mINFO  [m[[1;34mhttp-nio-8080-exec-66[m] [36mStatusUpdateBusinessRuleServiceImpl[m - [rules] process-rule rule=RULE_FRACTION_CUSTODIAN ruleId=239 result=OK status-http=2ms total=2ms
[30m2026-09-09T12:11:28,956[m [32mINFO  [m[[1;34mhttp-nio-8080-exec-66[m] [36mStatusUpdateBusinessRuleServiceImpl[m - [rules] END validate-trade tradeId=1554031 sideId=2 result=OK elapsed=15ms
[30m2026-09-09T12:11:28,956[m [32mINFO  [m[[1;34mhttp-nio-8080-exec-66[m] [36mStatusUpdateBusinessRuleServiceImpl[m - PERF_ASSIGNMENT service=reglas podName=operaciones-reglas-back-app-5894db7bb6-4scl6 operation=validateUpdateStatusTrade result=SUCCESS tradeId=1554031 side=2 totalMs=15 loadTradeMs=2 loadSettlementsAndInputMs=1 loadBusinessRulesMs=0 evaluationMs=0 tradeRepositoryCalls=1 settlementRepositoryCalls=1 businessRuleRepositoryCalls=0 statusHttpCalls=4 statusRestTotalMs=10
[30m2026-09-09T12:11:28,956[m [32mINFO  [m[[1;34mhttp-nio-8080-exec-66[m] [36mStatusUpdateBusinessRuleServiceImpl[m - PERF_RULES_STATUS_SUMMARY service=reglas podName=operaciones-reglas-back-app-5894db7bb6-4scl6 validationCount=1 statusHttpCalls=4 statusHttpTotalMs=10 uniqueStatusTransitionKeys=4 tradeRepositoryCalls=1 settlementRepositoryCalls=1 businessRuleRepositoryCalls=0
[30m2026-09-09T12:11:28,995[m [32mINFO  [m[[1;34mhttp-nio-8080-exec-65[m] [36mStatusUpdateBusinessRuleServiceImpl[m - [rules] START validate-trade tradeId=1554037 sideId=2 code=RULE_ASSIGNMENT
[30m2026-09-09T12:11:29,003[m [32mINFO  [m[[1;34mhttp-nio-8080-exec-65[m] [36mStatusUpdateBusinessRuleServiceImpl[m - [rules] process-rule rule=RULE_SIDE ruleId=230 result=OK status-http=3ms total=3ms
[30m2026-09-09T12:11:29,006[m [32mINFO  [m[[1;34mhttp-nio-8080-exec-65[m] [36mStatusUpdateBusinessRuleServiceImpl[m - [rules] process-rule rule=RULE_FRACTION ruleId=232 result=OK status-http=2ms total=2ms
[30m2026-09-09T12:11:29,008[m [32mINFO  [m[[1;34mhttp-nio-8080-exec-65[m] [36mStatusUpdateBusinessRuleServiceImpl[m - [rules] process-rule rule=RULE_FRACTION_CUSTODIAN ruleId=239 result=OK status-http=2ms total=2ms
[30m2026-09-09T12:11:29,011[m [32mINFO  [m[[1;34mhttp-nio-8080-exec-65[m] [36mStatusUpdateBusinessRuleServiceImpl[m - [rules] END validate-trade tradeId=1554037 sideId=2 result=OK elapsed=16ms
[30m2026-09-09T12:11:29,011[m [32mINFO  [m[[1;34mhttp-nio-8080-exec-65[m] [36mStatusUpdateBusinessRuleServiceImpl[m - PERF_ASSIGNMENT service=reglas podName=operaciones-reglas-back-app-5894db7bb6-4scl6 operation=validateUpdateStatusTrade result=SUCCESS tradeId=1554037 side=2 totalMs=16 loadTradeMs=2 loadSettlementsAndInputMs=1 loadBusinessRulesMs=0 evaluationMs=0 tradeRepositoryCalls=1 settlementRepositoryCalls=1 businessRuleRepositoryCalls=0 statusHttpCalls=4 statusRestTotalMs=10
[30m2026-09-09T12:11:29,011[m [32mINFO  [m[[1;34mhttp-nio-8080-exec-65[m] [36mStatusUpdateBusinessRuleServiceImpl[m - PERF_RULES_STATUS_SUMMARY service=reglas podName=operaciones-reglas-back-app-5894db7bb6-4scl6 validationCount=1 statusHttpCalls=4 statusHttpTotalMs=10 uniqueStatusTransitionKeys=4 tradeRepositoryCalls=1 settlementRepositoryCalls=1 businessRuleRepositoryCalls=0
[30m2026-09-09T12:11:29,053[m [32mINFO  [m[[1;34mhttp-nio-8080-exec-68[m] [36mStatusUpdateBusinessRuleServiceImpl[m - [rules] START validate-trade tradeId=1554051 sideId=2 code=RULE_ASSIGNMENT
[30m2026-09-09T12:11:29,060[m [32mINFO  [m[[1;34mhttp-nio-8080-exec-68[m] [36mStatusUpdateBusinessRuleServiceImpl[m - [rules] process-rule rule=RULE_SIDE ruleId=230 result=OK status-http=2ms total=2ms
[30m2026-09-09T12:11:29,062[m [32mINFO  [m[[1;34mhttp-nio-8080-exec-68[m] [36mStatusUpdateBusinessRuleServiceImpl[m - [rules] process-rule rule=RULE_FRACTION ruleId=232 result=OK status-http=2ms total=2ms
[30m2026-09-09T12:11:29,065[m [32mINFO  [m[[1;34mhttp-nio-8080-exec-68[m] [36mStatusUpdateBusinessRuleServiceImpl[m - [rules] process-rule rule=RULE_FRACTION_CUSTODIAN ruleId=239 result=OK status-http=2ms total=2ms
[30m2026-09-09T12:11:29,068[m [32mINFO  [m[[1;34mhttp-nio-8080-exec-68[m] [36mStatusUpdateBusinessRuleServiceImpl[m - [rules] END validate-trade tradeId=1554051 sideId=2 result=OK elapsed=14ms
[30m2026-09-09T12:11:29,068[m [32mINFO  [m[[1;34mhttp-nio-8080-exec-68[m] [36mStatusUpdateBusinessRuleServiceImpl[m - PERF_ASSIGNMENT service=reglas podName=operaciones-reglas-back-app-5894db7bb6-4scl6 operation=validateUpdateStatusTrade result=SUCCESS tradeId=1554051 side=2 totalMs=15 loadTradeMs=2 loadSettlementsAndInputMs=1 loadBusinessRulesMs=0 evaluationMs=0 tradeRepositoryCalls=1 settlementRepositoryCalls=1 businessRuleRepositoryCalls=0 statusHttpCalls=4 statusRestTotalMs=9
[30m2026-09-09T12:11:29,068[m [32mINFO  [m[[1;34mhttp-nio-8080-exec-68[m] [36mStatusUpdateBusinessRuleServiceImpl[m - PERF_RULES_STATUS_SUMMARY service=reglas podName=operaciones-reglas-back-app-5894db7bb6-4scl6 validationCount=1 statusHttpCalls=4 statusHttpTotalMs=9 uniqueStatusTransitionKeys=4 tradeRepositoryCalls=1 settlementRepositoryCalls=1 businessRuleRepositoryCalls=0
[30m2026-09-09T12:11:29,106[m [32mINFO  [m[[1;34mhttp-nio-8080-exec-70[m] [36mStatusUpdateBusinessRuleServiceImpl[m - [rules] START validate-trade tradeId=1554077 sideId=2 code=RULE_ASSIGNMENT
[30m2026-09-09T12:11:29,113[m [32mINFO  [m[[1;34mhttp-nio-8080-exec-70[m] [36mStatusUpdateBusinessRuleServiceImpl[m - [rules] process-rule rule=RULE_SIDE ruleId=230 result=OK status-http=2ms total=2ms
[30m2026-09-09T12:11:29,115[m [32mINFO  [m[[1;34mhttp-nio-8080-exec-70[m] [36mStatusUpdateBusinessRuleServiceImpl[m - [rules] process-rule rule=RULE_FRACTION ruleId=232 result=OK status-http=2ms total=2ms
[30m2026-09-09T12:11:29,118[m [32mINFO  [m[[1;34mhttp-nio-8080-exec-70[m] [36mStatusUpdateBusinessRuleServiceImpl[m - [rules] process-rule rule=RULE_FRACTION_CUSTODIAN ruleId=239 result=OK status-http=2ms total=2ms
[30m2026-09-09T12:11:29,120[m [32mINFO  [m[[1;34mhttp-nio-8080-exec-70[m] [36mStatusUpdateBusinessRuleServiceImpl[m - [rules] END validate-trade tradeId=1554077 sideId=2 result=OK elapsed=14ms
[30m2026-09-09T12:11:29,121[m [32mINFO  [m[[1;34mhttp-nio-8080-exec-70[m] [36mStatusUpdateBusinessRuleServiceImpl[m - PERF_ASSIGNMENT service=reglas podName=operaciones-reglas-back-app-5894db7bb6-4scl6 operation=validateUpdateStatusTrade result=SUCCESS tradeId=1554077 side=2 totalMs=14 loadTradeMs=2 loadSettlementsAndInputMs=1 loadBusinessRulesMs=0 evaluationMs=0 tradeRepositoryCalls=1 settlementRepositoryCalls=1 businessRuleRepositoryCalls=0 statusHttpCalls=4 statusRestTotalMs=9
[30m2026-09-09T12:11:29,121[m [32mINFO  [m[[1;34mhttp-nio-8080-exec-70[m] [36mStatusUpdateBusinessRuleServiceImpl[m - PERF_RULES_STATUS_SUMMARY service=reglas podName=operaciones-reglas-back-app-5894db7bb6-4scl6 validationCount=1 statusHttpCalls=4 statusHttpTotalMs=9 uniqueStatusTransitionKeys=4 tradeRepositoryCalls=1 settlementRepositoryCalls=1 businessRuleRepositoryCalls=0
[30m2026-09-09T12:11:29,161[m [32mINFO  [m[[1;34mhttp-nio-8080-exec-67[m] [36mStatusUpdateBusinessRuleServiceImpl[m - [rules] START validate-trade tradeId=1554082 sideId=2 code=RULE_ASSIGNMENT
[30m2026-09-09T12:11:29,168[m [32mINFO  [m[[1;34mhttp-nio-8080-exec-67[m] [36mStatusUpdateBusinessRuleServiceImpl[m - [rules] process-rule rule=RULE_SIDE ruleId=230 result=OK status-http=2ms total=2ms
[30m2026-09-09T12:11:29,171[m [32mINFO  [m[[1;34mhttp-nio-8080-exec-67[m] [36mStatusUpdateBusinessRuleServiceImpl[m - [rules] process-rule rule=RULE_FRACTION ruleId=232 result=OK status-http=2ms total=2ms
[30m2026-09-09T12:11:29,174[m [32mINFO  [m[[1;34mhttp-nio-8080-exec-67[m] [36mStatusUpdateBusinessRuleServiceImpl[m - [rules] process-rule rule=RULE_FRACTION_CUSTODIAN ruleId=239 result=OK status-http=2ms total=2ms
[30m2026-09-09T12:11:29,176[m [32mINFO  [m[[1;34mhttp-nio-8080-exec-67[m] [36mStatusUpdateBusinessRuleServiceImpl[m - [rules] END validate-trade tradeId=1554082 sideId=2 result=OK elapsed=15ms
[30m2026-09-09T12:11:29,177[m [32mINFO  [m[[1;34mhttp-nio-8080-exec-67[m] [36mStatusUpdateBusinessRuleServiceImpl[m - PERF_ASSIGNMENT service=reglas podName=operaciones-reglas-back-app-5894db7bb6-4scl6 operation=validateUpdateStatusTrade result=SUCCESS tradeId=1554082 side=2 totalMs=15 loadTradeMs=2 loadSettlementsAndInputMs=1 loadBusinessRulesMs=0 evaluationMs=0 tradeRepositoryCalls=1 settlementRepositoryCalls=1 businessRuleRepositoryCalls=0 statusHttpCalls=4 statusRestTotalMs=10
[30m2026-09-09T12:11:29,177[m [32mINFO  [m[[1;34mhttp-nio-8080-exec-67[m] [36mStatusUpdateBusinessRuleServiceImpl[m - PERF_RULES_STATUS_SUMMARY service=reglas podName=operaciones-reglas-back-app-5894db7bb6-4scl6 validationCount=1 statusHttpCalls=4 statusHttpTotalMs=10 uniqueStatusTransitionKeys=4 tradeRepositoryCalls=1 settlementRepositoryCalls=1 businessRuleRepositoryCalls=0
[30m2026-09-09T12:11:29,216[m [32mINFO  [m[[1;34mhttp-nio-8080-exec-69[m] [36mStatusUpdateBusinessRuleServiceImpl[m - [rules] START validate-trade tradeId=1548304 sideId=2 code=RULE_ASSIGNMENT
[30m2026-09-09T12:11:29,224[m [32mINFO  [m[[1;34mhttp-nio-8080-exec-69[m] [36mStatusUpdateBusinessRuleServiceImpl[m - [rules] process-rule rule=RULE_SIDE ruleId=230 result=OK status-http=2ms total=2ms
[30m2026-09-09T12:11:29,227[m [32mINFO  [m[[1;34mhttp-nio-8080-exec-69[m] [36mStatusUpdateBusinessRuleServiceImpl[m - [rules] process-rule rule=RULE_FRACTION ruleId=232 result=OK status-http=2ms total=2ms
[30m2026-09-09T12:11:29,230[m [32mINFO  [m[[1;34mhttp-nio-8080-exec-69[m] [36mStatusUpdateBusinessRuleServiceImpl[m - [rules] process-rule rule=RULE_FRACTION_CUSTODIAN ruleId=239 result=OK status-http=3ms total=3ms
[30m2026-09-09T12:11:29,233[m [32mINFO  [m[[1;34mhttp-nio-8080-exec-69[m] [36mStatusUpdateBusinessRuleServiceImpl[m - [rules] END validate-trade tradeId=1548304 sideId=2 result=OK elapsed=16ms
[30m2026-09-09T12:11:29,233[m [32mINFO  [m[[1;34mhttp-nio-8080-exec-69[m] [36mStatusUpdateBusinessRuleServiceImpl[m - PERF_ASSIGNMENT service=reglas podName=operaciones-reglas-back-app-5894db7bb6-4scl6 operation=validateUpdateStatusTrade result=SUCCESS tradeId=1548304 side=2 totalMs=16 loadTradeMs=2 loadSettlementsAndInputMs=1 loadBusinessRulesMs=0 evaluationMs=0 tradeRepositoryCalls=1 settlementRepositoryCalls=1 businessRuleRepositoryCalls=0 statusHttpCalls=4 statusRestTotalMs=10
[30m2026-09-09T12:11:29,233[m [32mINFO  [m[[1;34mhttp-nio-8080-exec-69[m] [36mStatusUpdateBusinessRuleServiceImpl[m - PERF_RULES_STATUS_SUMMARY service=reglas podName=operaciones-reglas-back-app-5894db7bb6-4scl6 validationCount=1 statusHttpCalls=4 statusHttpTotalMs=10 uniqueStatusTransitionKeys=4 tradeRepositoryCalls=1 settlementRepositoryCalls=1 businessRuleRepositoryCalls=0
[30m2026-09-09T12:11:29,280[m [32mINFO  [m[[1;34mhttp-nio-8080-exec-72[m] [36mStatusUpdateBusinessRuleServiceImpl[m - [rules] START validate-trade tradeId=1548309 sideId=2 code=RULE_ASSIGNMENT
[30m2026-09-09T12:11:29,287[m [32mINFO  [m[[1;34mhttp-nio-8080-exec-72[m] [36mStatusUpdateBusinessRuleServiceImpl[m - [rules] process-rule rule=RULE_SIDE ruleId=230 result=OK status-http=2ms total=3ms
[30m2026-09-09T12:11:29,290[m [32mINFO  [m[[1;34mhttp-nio-8080-exec-72[m] [36mStatusUpdateBusinessRuleServiceImpl[m - [rules] process-rule rule=RULE_FRACTION ruleId=232 result=OK status-http=2ms total=2ms
[30m2026-09-09T12:11:29,293[m [32mINFO  [m[[1;34mhttp-nio-8080-exec-72[m] [36mStatusUpdateBusinessRuleServiceImpl[m - [rules] process-rule rule=RULE_FRACTION_CUSTODIAN ruleId=239 result=OK status-http=2ms total=2ms
[30m2026-09-09T12:11:29,296[m [32mINFO  [m[[1;34mhttp-nio-8080-exec-72[m] [36mStatusUpdateBusinessRuleServiceImpl[m - [rules] END validate-trade tradeId=1548309 sideId=2 result=OK elapsed=15ms
[30m2026-09-09T12:11:29,296[m [32mINFO  [m[[1;34mhttp-nio-8080-exec-72[m] [36mStatusUpdateBusinessRuleServiceImpl[m - PERF_ASSIGNMENT service=reglas podName=operaciones-reglas-back-app-5894db7bb6-4scl6 operation=validateUpdateStatusTrade result=SUCCESS tradeId=1548309 side=2 totalMs=16 loadTradeMs=2 loadSettlementsAndInputMs=1 loadBusinessRulesMs=0 evaluationMs=0 tradeRepositoryCalls=1 settlementRepositoryCalls=1 businessRuleRepositoryCalls=0 statusHttpCalls=4 statusRestTotalMs=10
[30m2026-09-09T12:11:29,296[m [32mINFO  [m[[1;34mhttp-nio-8080-exec-72[m] [36mStatusUpdateBusinessRuleServiceImpl[m - PERF_RULES_STATUS_SUMMARY service=reglas podName=operaciones-reglas-back-app-5894db7bb6-4scl6 validationCount=1 statusHttpCalls=4 statusHttpTotalMs=10 uniqueStatusTransitionKeys=4 tradeRepositoryCalls=1 settlementRepositoryCalls=1 businessRuleRepositoryCalls=0
[30m2026-09-09T12:11:29,335[m [32mINFO  [m[[1;34mhttp-nio-8080-exec-73[m] [36mStatusUpdateBusinessRuleServiceImpl[m - [rules] START validate-trade tradeId=1548326 sideId=2 code=RULE_ASSIGNMENT
[30m2026-09-09T12:11:29,342[m [32mINFO  [m[[1;34mhttp-nio-8080-exec-73[m] [36mStatusUpdateBusinessRuleServiceImpl[m - [rules] process-rule rule=RULE_SIDE ruleId=230 result=OK status-http=2ms total=2ms
[30m2026-09-09T12:11:29,345[m [32mINFO  [m[[1;34mhttp-nio-8080-exec-73[m] [36mStatusUpdateBusinessRuleServiceImpl[m - [rules] process-rule rule=RULE_FRACTION ruleId=232 result=OK status-http=2ms total=2ms
[30m2026-09-09T12:11:29,347[m [32mINFO  [m[[1;34mhttp-nio-8080-exec-73[m] [36mStatusUpdateBusinessRuleServiceImpl[m - [rules] process-rule rule=RULE_FRACTION_CUSTODIAN ruleId=239 result=OK status-http=2ms total=2ms
[30m2026-09-09T12:11:29,350[m [32mINFO  [m[[1;34mhttp-nio-8080-exec-73[m] [36mStatusUpdateBusinessRuleServiceImpl[m - [rules] END validate-trade tradeId=1548326 sideId=2 result=OK elapsed=14ms
[30m2026-09-09T12:11:29,350[m [32mINFO  [m[[1;34mhttp-nio-8080-exec-73[m] [36mStatusUpdateBusinessRuleServiceImpl[m - PERF_ASSIGNMENT service=reglas podName=operaciones-reglas-back-app-5894db7bb6-4scl6 operation=validateUpdateStatusTrade result=SUCCESS tradeId=1548326 side=2 totalMs=14 loadTradeMs=2 loadSettlementsAndInputMs=1 loadBusinessRulesMs=0 evaluationMs=0 tradeRepositoryCalls=1 settlementRepositoryCalls=1 businessRuleRepositoryCalls=0 statusHttpCalls=4 statusRestTotalMs=9
[30m2026-09-09T12:11:29,350[m [32mINFO  [m[[1;34mhttp-nio-8080-exec-73[m] [36mStatusUpdateBusinessRuleServiceImpl[m - PERF_RULES_STATUS_SUMMARY service=reglas podName=operaciones-reglas-back-app-5894db7bb6-4scl6 validationCount=1 statusHttpCalls=4 statusHttpTotalMs=9 uniqueStatusTransitionKeys=4 tradeRepositoryCalls=1 settlementRepositoryCalls=1 businessRuleRepositoryCalls=0
[30m2026-09-09T12:11:29,390[m [32mINFO  [m[[1;34mhttp-nio-8080-exec-71[m] [36mStatusUpdateBusinessRuleServiceImpl[m - [rules] START validate-trade tradeId=1548349 sideId=2 code=RULE_ASSIGNMENT
[30m2026-09-09T12:11:29,400[m [32mINFO  [m[[1;34mhttp-nio-8080-exec-71[m] [36mStatusUpdateBusinessRuleServiceImpl[m - [rules] process-rule rule=RULE_SIDE ruleId=230 result=OK status-http=5ms total=5ms
[30m2026-09-09T12:11:29,406[m [32mINFO  [m[[1;34mhttp-nio-8080-exec-71[m] [36mStatusUpdateBusinessRuleServiceImpl[m - [rules] process-rule rule=RULE_FRACTION ruleId=232 result=OK status-http=5ms total=5ms
[30m2026-09-09T12:11:29,408[m [32mINFO  [m[[1;34mhttp-nio-8080-exec-71[m] [36mStatusUpdateBusinessRuleServiceImpl[m - [rules] process-rule rule=RULE_FRACTION_CUSTODIAN ruleId=239 result=OK status-http=2ms total=2ms
[30m2026-09-09T12:11:29,410[m [32mINFO  [m[[1;34mhttp-nio-8080-exec-71[m] [36mStatusUpdateBusinessRuleServiceImpl[m - [rules] END validate-trade tradeId=1548349 sideId=2 result=OK elapsed=19ms
[30m2026-09-09T12:11:29,410[m [32mINFO  [m[[1;34mhttp-nio-8080-exec-71[m] [36mStatusUpdateBusinessRuleServiceImpl[m - PERF_ASSIGNMENT service=reglas podName=operaciones-reglas-back-app-5894db7bb6-4scl6 operation=validateUpdateStatusTrade result=SUCCESS tradeId=1548349 side=2 totalMs=20 loadTradeMs=2 loadSettlementsAndInputMs=1 loadBusinessRulesMs=0 evaluationMs=0 tradeRepositoryCalls=1 settlementRepositoryCalls=1 businessRuleRepositoryCalls=0 statusHttpCalls=4 statusRestTotalMs=14
[30m2026-09-09T12:11:29,410[m [32mINFO  [m[[1;34mhttp-nio-8080-exec-71[m] [36mStatusUpdateBusinessRuleServiceImpl[m - PERF_RULES_STATUS_SUMMARY service=reglas podName=operaciones-reglas-back-app-5894db7bb6-4scl6 validationCount=1 statusHttpCalls=4 statusHttpTotalMs=14 uniqueStatusTransitionKeys=4 tradeRepositoryCalls=1 settlementRepositoryCalls=1 businessRuleRepositoryCalls=0
[30m2026-09-09T12:11:29,448[m [32mINFO  [m[[1;34mhttp-nio-8080-exec-76[m] [36mStatusUpdateBusinessRuleServiceImpl[m - [rules] START validate-trade tradeId=1548465 sideId=2 code=RULE_ASSIGNMENT
[30m2026-09-09T12:11:29,454[m [32mINFO  [m[[1;34mhttp-nio-8080-exec-76[m] [36mStatusUpdateBusinessRuleServiceImpl[m - [rules] process-rule rule=RULE_SIDE ruleId=230 result=OK status-http=2ms total=2ms
[30m2026-09-09T12:11:29,457[m [32mINFO  [m[[1;34mhttp-nio-8080-exec-76[m] [36mStatusUpdateBusinessRuleServiceImpl[m - [rules] process-rule rule=RULE_FRACTION ruleId=232 result=OK status-http=2ms total=2ms
[30m2026-09-09T12:11:29,462[m [32mINFO  [m[[1;34mhttp-nio-8080-exec-76[m] [36mStatusUpdateBusinessRuleServiceImpl[m - [rules] process-rule rule=RULE_FRACTION_CUSTODIAN ruleId=239 result=OK status-http=4ms total=4ms
[30m2026-09-09T12:11:29,465[m [32mINFO  [m[[1;34mhttp-nio-8080-exec-76[m] [36mStatusUpdateBusinessRuleServiceImpl[m - [rules] END validate-trade tradeId=1548465 sideId=2 result=OK elapsed=17ms
[30m2026-09-09T12:11:29,465[m [32mINFO  [m[[1;34mhttp-nio-8080-exec-76[m] [36mStatusUpdateBusinessRuleServiceImpl[m - PERF_ASSIGNMENT service=reglas podName=operaciones-reglas-back-app-5894db7bb6-4scl6 operation=validateUpdateStatusTrade result=SUCCESS tradeId=1548465 side=2 totalMs=17 loadTradeMs=2 loadSettlementsAndInputMs=1 loadBusinessRulesMs=0 evaluationMs=0 tradeRepositoryCalls=1 settlementRepositoryCalls=1 businessRuleRepositoryCalls=0 statusHttpCalls=4 statusRestTotalMs=12
[30m2026-09-09T12:11:29,465[m [32mINFO  [m[[1;34mhttp-nio-8080-exec-76[m] [36mStatusUpdateBusinessRuleServiceImpl[m - PERF_RULES_STATUS_SUMMARY service=reglas podName=operaciones-reglas-back-app-5894db7bb6-4scl6 validationCount=1 statusHttpCalls=4 statusHttpTotalMs=12 uniqueStatusTransitionKeys=4 tradeRepositoryCalls=1 settlementRepositoryCalls=1 businessRuleRepositoryCalls=0
[30m2026-09-09T12:11:29,503[m [32mINFO  [m[[1;34mhttp-nio-8080-exec-74[m] [36mStatusUpdateBusinessRuleServiceImpl[m - [rules] START validate-trade tradeId=1548483 sideId=2 code=RULE_ASSIGNMENT
[30m2026-09-09T12:11:29,510[m [32mINFO  [m[[1;34mhttp-nio-8080-exec-74[m] [36mStatusUpdateBusinessRuleServiceImpl[m - [rules] process-rule rule=RULE_SIDE ruleId=230 result=OK status-http=2ms total=2ms
[30m2026-09-09T12:11:29,513[m [32mINFO  [m[[1;34mhttp-nio-8080-exec-74[m] [36mStatusUpdateBusinessRuleServiceImpl[m - [rules] process-rule rule=RULE_FRACTION ruleId=232 result=OK status-http=2ms total=2ms
[30m2026-09-09T12:11:29,516[m [32mINFO  [m[[1;34mhttp-nio-8080-exec-74[m] [36mStatusUpdateBusinessRuleServiceImpl[m - [rules] process-rule rule=RULE_FRACTION_CUSTODIAN ruleId=239 result=OK status-http=3ms total=3ms
[30m2026-09-09T12:11:29,518[m [32mINFO  [m[[1;34mhttp-nio-8080-exec-74[m] [36mStatusUpdateBusinessRuleServiceImpl[m - [rules] END validate-trade tradeId=1548483 sideId=2 result=OK elapsed=15ms
[30m2026-09-09T12:11:29,518[m [32mINFO  [m[[1;34mhttp-nio-8080-exec-74[m] [36mStatusUpdateBusinessRuleServiceImpl[m - PERF_ASSIGNMENT service=reglas podName=operaciones-reglas-back-app-5894db7bb6-4scl6 operation=validateUpdateStatusTrade result=SUCCESS tradeId=1548483 side=2 totalMs=15 loadTradeMs=2 loadSettlementsAndInputMs=1 loadBusinessRulesMs=0 evaluationMs=0 tradeRepositoryCalls=1 settlementRepositoryCalls=1 businessRuleRepositoryCalls=0 statusHttpCalls=4 statusRestTotalMs=9
[30m2026-09-09T12:11:29,518[m [32mINFO  [m[[1;34mhttp-nio-8080-exec-74[m] [36mStatusUpdateBusinessRuleServiceImpl[m - PERF_RULES_STATUS_SUMMARY service=reglas podName=operaciones-reglas-back-app-5894db7bb6-4scl6 validationCount=1 statusHttpCalls=4 statusHttpTotalMs=9 uniqueStatusTransitionKeys=4 tradeRepositoryCalls=1 settlementRepositoryCalls=1 businessRuleRepositoryCalls=0
[30m2026-09-09T12:11:29,560[m [32mINFO  [m[[1;34mhttp-nio-8080-exec-75[m] [36mStatusUpdateBusinessRuleServiceImpl[m - [rules] START validate-trade tradeId=1548517 sideId=2 code=RULE_ASSIGNMENT
[30m2026-09-09T12:11:29,567[m [32mINFO  [m[[1;34mhttp-nio-8080-exec-75[m] [36mStatusUpdateBusinessRuleServiceImpl[m - [rules] process-rule rule=RULE_SIDE ruleId=230 result=OK status-http=2ms total=2ms
[30m2026-09-09T12:11:29,570[m [32mINFO  [m[[1;34mhttp-nio-8080-exec-75[m] [36mStatusUpdateBusinessRuleServiceImpl[m - [rules] process-rule rule=RULE_FRACTION ruleId=232 result=OK status-http=2ms total=2ms
[30m2026-09-09T12:11:29,572[m [32mINFO  [m[[1;34mhttp-nio-8080-exec-75[m] [36mStatusUpdateBusinessRuleServiceImpl[m - [rules] process-rule rule=RULE_FRACTION_CUSTODIAN ruleId=239 result=OK status-http=2ms total=2ms
[30m2026-09-09T12:11:29,575[m [32mINFO  [m[[1;34mhttp-nio-8080-exec-75[m] [36mStatusUpdateBusinessRuleServiceImpl[m - [rules] END validate-trade tradeId=1548517 sideId=2 result=OK elapsed=14ms
[30m2026-09-09T12:11:29,575[m [32mINFO  [m[[1;34mhttp-nio-8080-exec-75[m] [36mStatusUpdateBusinessRuleServiceImpl[m - PERF_ASSIGNMENT service=reglas podName=operaciones-reglas-back-app-5894db7bb6-4scl6 operation=validateUpdateStatusTrade result=SUCCESS tradeId=1548517 side=2 totalMs=14 loadTradeMs=2 loadSettlementsAndInputMs=1 loadBusinessRulesMs=0 evaluationMs=0 tradeRepositoryCalls=1 settlementRepositoryCalls=1 businessRuleRepositoryCalls=0 statusHttpCalls=4 statusRestTotalMs=9
[30m2026-09-09T12:11:29,575[m [32mINFO  [m[[1;34mhttp-nio-8080-exec-75[m] [36mStatusUpdateBusinessRuleServiceImpl[m - PERF_RULES_STATUS_SUMMARY service=reglas podName=operaciones-reglas-back-app-5894db7bb6-4scl6 validationCount=1 statusHttpCalls=4 statusHttpTotalMs=9 uniqueStatusTransitionKeys=4 tradeRepositoryCalls=1 settlementRepositoryCalls=1 businessRuleRepositoryCalls=0
[30m2026-09-09T12:11:29,618[m [32mINFO  [m[[1;34mhttp-nio-8080-exec-77[m] [36mStatusUpdateBusinessRuleServiceImpl[m - [rules] START validate-trade tradeId=1556000 sideId=2 code=RULE_ASSIGNMENT
[30m2026-09-09T12:11:29,626[m [32mINFO  [m[[1;34mhttp-nio-8080-exec-77[m] [36mStatusUpdateBusinessRuleServiceImpl[m - [rules] process-rule rule=RULE_SIDE ruleId=230 result=OK status-http=3ms total=3ms
[30m2026-09-09T12:11:29,629[m [32mINFO  [m[[1;34mhttp-nio-8080-exec-77[m] [36mStatusUpdateBusinessRuleServiceImpl[m - [rules] process-rule rule=RULE_FRACTION ruleId=232 result=OK status-http=2ms total=2ms
[30m2026-09-09T12:11:29,633[m [32mINFO  [m[[1;34mhttp-nio-8080-exec-77[m] [36mStatusUpdateBusinessRuleServiceImpl[m - [rules] process-rule rule=RULE_FRACTION_CUSTODIAN ruleId=239 result=OK status-http=4ms total=4ms
[30m2026-09-09T12:11:29,636[m [32mINFO  [m[[1;34mhttp-nio-8080-exec-77[m] [36mStatusUpdateBusinessRuleServiceImpl[m - [rules] END validate-trade tradeId=1556000 sideId=2 result=OK elapsed=17ms
[30m2026-09-09T12:11:29,636[m [32mINFO  [m[[1;34mhttp-nio-8080-exec-77[m] [36mStatusUpdateBusinessRuleServiceImpl[m - PERF_ASSIGNMENT service=reglas podName=operaciones-reglas-back-app-5894db7bb6-4scl6 operation=validateUpdateStatusTrade result=SUCCESS tradeId=1556000 side=2 totalMs=17 loadTradeMs=2 loadSettlementsAndInputMs=1 loadBusinessRulesMs=0 evaluationMs=0 tradeRepositoryCalls=1 settlementRepositoryCalls=1 businessRuleRepositoryCalls=0 statusHttpCalls=4 statusRestTotalMs=11
[30m2026-09-09T12:11:29,636[m [32mINFO  [m[[1;34mhttp-nio-8080-exec-77[m] [36mStatusUpdateBusinessRuleServiceImpl[m - PERF_RULES_STATUS_SUMMARY service=reglas podName=operaciones-reglas-back-app-5894db7bb6-4scl6 validationCount=1 statusHttpCalls=4 statusHttpTotalMs=11 uniqueStatusTransitionKeys=4 tradeRepositoryCalls=1 settlementRepositoryCalls=1 businessRuleRepositoryCalls=0
[30m2026-09-09T12:11:29,673[m [32mINFO  [m[[1;34mhttp-nio-8080-exec-78[m] [36mStatusUpdateBusinessRuleServiceImpl[m - [rules] START validate-trade tradeId=1556010 sideId=2 code=RULE_ASSIGNMENT
[30m2026-09-09T12:11:29,680[m [32mINFO  [m[[1;34mhttp-nio-8080-exec-78[m] [36mStatusUpdateBusinessRuleServiceImpl[m - [rules] process-rule rule=RULE_SIDE ruleId=230 result=OK status-http=2ms total=2ms
[30m2026-09-09T12:11:29,682[m [32mINFO  [m[[1;34mhttp-nio-8080-exec-78[m] [36mStatusUpdateBusinessRuleServiceImpl[m - [rules] process-rule rule=RULE_FRACTION ruleId=232 result=OK status-http=1ms total=2ms
[30m2026-09-09T12:11:29,685[m [32mINFO  [m[[1;34mhttp-nio-8080-exec-78[m] [36mStatusUpdateBusinessRuleServiceImpl[m - [rules] process-rule rule=RULE_FRACTION_CUSTODIAN ruleId=239 result=OK status-http=2ms total=2ms
[30m2026-09-09T12:11:29,687[m [32mINFO  [m[[1;34mhttp-nio-8080-exec-78[m] [36mStatusUpdateBusinessRuleServiceImpl[m - [rules] END validate-trade tradeId=1556010 sideId=2 result=OK elapsed=13ms
[30m2026-09-09T12:11:29,687[m [32mINFO  [m[[1;34mhttp-nio-8080-exec-78[m] [36mStatusUpdateBusinessRuleServiceImpl[m - PERF_ASSIGNMENT service=reglas podName=operaciones-reglas-back-app-5894db7bb6-4scl6 operation=validateUpdateStatusTrade result=SUCCESS tradeId=1556010 side=2 totalMs=13 loadTradeMs=2 loadSettlementsAndInputMs=1 loadBusinessRulesMs=0 evaluationMs=0 tradeRepositoryCalls=1 settlementRepositoryCalls=1 businessRuleRepositoryCalls=0 statusHttpCalls=4 statusRestTotalMs=8
[30m2026-09-09T12:11:29,687[m [32mINFO  [m[[1;34mhttp-nio-8080-exec-78[m] [36mStatusUpdateBusinessRuleServiceImpl[m - PERF_RULES_STATUS_SUMMARY service=reglas podName=operaciones-reglas-back-app-5894db7bb6-4scl6 validationCount=1 statusHttpCalls=4 statusHttpTotalMs=8 uniqueStatusTransitionKeys=4 tradeRepositoryCalls=1 settlementRepositoryCalls=1 businessRuleRepositoryCalls=0
[30m2026-09-09T12:11:29,727[m [32mINFO  [m[[1;34mhttp-nio-8080-exec-80[m] [36mStatusUpdateBusinessRuleServiceImpl[m - [rules] START validate-trade tradeId=1556011 sideId=2 code=RULE_ASSIGNMENT
[30m2026-09-09T12:11:29,733[m [32mINFO  [m[[1;34mhttp-nio-8080-exec-80[m] [36mStatusUpdateBusinessRuleServiceImpl[m - [rules] process-rule rule=RULE_SIDE ruleId=230 result=OK status-http=2ms total=2ms
[30m2026-09-09T12:11:29,735[m [32mINFO  [m[[1;34mhttp-nio-8080-exec-80[m] [36mStatusUpdateBusinessRuleServiceImpl[m - [rules] process-rule rule=RULE_FRACTION ruleId=232 result=OK status-http=1ms total=1ms
[30m2026-09-09T12:11:29,737[m [32mINFO  [m[[1;34mhttp-nio-8080-exec-80[m] [36mStatusUpdateBusinessRuleServiceImpl[m - [rules] process-rule rule=RULE_FRACTION_CUSTODIAN ruleId=239 result=OK status-http=1ms total=1ms
[30m2026-09-09T12:11:29,739[m [32mINFO  [m[[1;34mhttp-nio-8080-exec-80[m] [36mStatusUpdateBusinessRuleServiceImpl[m - [rules] END validate-trade tradeId=1556011 sideId=2 result=OK elapsed=12ms
[30m2026-09-09T12:11:29,739[m [32mINFO  [m[[1;34mhttp-nio-8080-exec-80[m] [36mStatusUpdateBusinessRuleServiceImpl[m - PERF_ASSIGNMENT service=reglas podName=operaciones-reglas-back-app-5894db7bb6-4scl6 operation=validateUpdateStatusTrade result=SUCCESS tradeId=1556011 side=2 totalMs=12 loadTradeMs=2 loadSettlementsAndInputMs=1 loadBusinessRulesMs=0 evaluationMs=0 tradeRepositoryCalls=1 settlementRepositoryCalls=1 businessRuleRepositoryCalls=0 statusHttpCalls=4 statusRestTotalMs=7
[30m2026-09-09T12:11:29,739[m [32mINFO  [m[[1;34mhttp-nio-8080-exec-80[m] [36mStatusUpdateBusinessRuleServiceImpl[m - PERF_RULES_STATUS_SUMMARY service=reglas podName=operaciones-reglas-back-app-5894db7bb6-4scl6 validationCount=1 statusHttpCalls=4 statusHttpTotalMs=7 uniqueStatusTransitionKeys=4 tradeRepositoryCalls=1 settlementRepositoryCalls=1 businessRuleRepositoryCalls=0
[30m2026-09-09T12:11:29,776[m [32mINFO  [m[[1;34mhttp-nio-8080-exec-79[m] [36mStatusUpdateBusinessRuleServiceImpl[m - [rules] START validate-trade tradeId=1556015 sideId=2 code=RULE_ASSIGNMENT
[30m2026-09-09T12:11:29,783[m [32mINFO  [m[[1;34mhttp-nio-8080-exec-79[m] [36mStatusUpdateBusinessRuleServiceImpl[m - [rules] process-rule rule=RULE_SIDE ruleId=230 result=OK status-http=2ms total=2ms
[30m2026-09-09T12:11:29,785[m [32mINFO  [m[[1;34mhttp-nio-8080-exec-79[m] [36mStatusUpdateBusinessRuleServiceImpl[m - [rules] process-rule rule=RULE_FRACTION ruleId=232 result=OK status-http=2ms total=2ms
[30m2026-09-09T12:11:29,787[m [32mINFO  [m[[1;34mhttp-nio-8080-exec-79[m] [36mStatusUpdateBusinessRuleServiceImpl[m - [rules] process-rule rule=RULE_FRACTION_CUSTODIAN ruleId=239 result=OK status-http=1ms total=2ms
[30m2026-09-09T12:11:29,789[m [32mINFO  [m[[1;34mhttp-nio-8080-exec-79[m] [36mStatusUpdateBusinessRuleServiceImpl[m - [rules] END validate-trade tradeId=1556015 sideId=2 result=OK elapsed=13ms
[30m2026-09-09T12:11:29,790[m [32mINFO  [m[[1;34mhttp-nio-8080-exec-79[m] [36mStatusUpdateBusinessRuleServiceImpl[m - PERF_ASSIGNMENT service=reglas podName=operaciones-reglas-back-app-5894db7bb6-4scl6 operation=validateUpdateStatusTrade result=SUCCESS tradeId=1556015 side=2 totalMs=13 loadTradeMs=2 loadSettlementsAndInputMs=1 loadBusinessRulesMs=0 evaluationMs=0 tradeRepositoryCalls=1 settlementRepositoryCalls=1 businessRuleRepositoryCalls=0 statusHttpCalls=4 statusRestTotalMs=8
[30m2026-09-09T12:11:29,790[m [32mINFO  [m[[1;34mhttp-nio-8080-exec-79[m] [36mStatusUpdateBusinessRuleServiceImpl[m - PERF_RULES_STATUS_SUMMARY service=reglas podName=operaciones-reglas-back-app-5894db7bb6-4scl6 validationCount=1 statusHttpCalls=4 statusHttpTotalMs=8 uniqueStatusTransitionKeys=4 tradeRepositoryCalls=1 settlementRepositoryCalls=1 businessRuleRepositoryCalls=0
[30m2026-09-09T12:11:29,826[m [32mINFO  [m[[1;34mhttp-nio-8080-exec-83[m] [36mStatusUpdateBusinessRuleServiceImpl[m - [rules] START validate-trade tradeId=1556018 sideId=2 code=RULE_ASSIGNMENT
[30m2026-09-09T12:11:29,833[m [32mINFO  [m[[1;34mhttp-nio-8080-exec-83[m] [36mStatusUpdateBusinessRuleServiceImpl[m - [rules] process-rule rule=RULE_SIDE ruleId=230 result=OK status-http=2ms total=2ms
[30m2026-09-09T12:11:29,836[m [32mINFO  [m[[1;34mhttp-nio-8080-exec-83[m] [36mStatusUpdateBusinessRuleServiceImpl[m - [rules] process-rule rule=RULE_FRACTION ruleId=232 result=OK status-http=2ms total=2ms
[30m2026-09-09T12:11:29,840[m [32mINFO  [m[[1;34mhttp-nio-8080-exec-83[m] [36mStatusUpdateBusinessRuleServiceImpl[m - [rules] process-rule rule=RULE_FRACTION_CUSTODIAN ruleId=239 result=OK status-http=4ms total=4ms
[30m2026-09-09T12:11:29,843[m [32mINFO  [m[[1;34mhttp-nio-8080-exec-83[m] [36mStatusUpdateBusinessRuleServiceImpl[m - [rules] END validate-trade tradeId=1556018 sideId=2 result=OK elapsed=16ms
[30m2026-09-09T12:11:29,843[m [32mINFO  [m[[1;34mhttp-nio-8080-exec-83[m] [36mStatusUpdateBusinessRuleServiceImpl[m - PERF_ASSIGNMENT service=reglas podName=operaciones-reglas-back-app-5894db7bb6-4scl6 operation=validateUpdateStatusTrade result=SUCCESS tradeId=1556018 side=2 totalMs=16 loadTradeMs=2 loadSettlementsAndInputMs=1 loadBusinessRulesMs=0 evaluationMs=0 tradeRepositoryCalls=1 settlementRepositoryCalls=1 businessRuleRepositoryCalls=0 statusHttpCalls=4 statusRestTotalMs=11
[30m2026-09-09T12:11:29,843[m [32mINFO  [m[[1;34mhttp-nio-8080-exec-83[m] [36mStatusUpdateBusinessRuleServiceImpl[m - PERF_RULES_STATUS_SUMMARY service=reglas podName=operaciones-reglas-back-app-5894db7bb6-4scl6 validationCount=1 statusHttpCalls=4 statusHttpTotalMs=11 uniqueStatusTransitionKeys=4 tradeRepositoryCalls=1 settlementRepositoryCalls=1 businessRuleRepositoryCalls=0
[30m2026-09-09T12:11:29,881[m [32mINFO  [m[[1;34mhttp-nio-8080-exec-82[m] [36mStatusUpdateBusinessRuleServiceImpl[m - [rules] START validate-trade tradeId=1556020 sideId=2 code=RULE_ASSIGNMENT
[30m2026-09-09T12:11:29,887[m [32mINFO  [m[[1;34mhttp-nio-8080-exec-82[m] [36mStatusUpdateBusinessRuleServiceImpl[m - [rules] process-rule rule=RULE_SIDE ruleId=230 result=OK status-http=2ms total=2ms
[30m2026-09-09T12:11:29,890[m [32mINFO  [m[[1;34mhttp-nio-8080-exec-82[m] [36mStatusUpdateBusinessRuleServiceImpl[m - [rules] process-rule rule=RULE_FRACTION ruleId=232 result=OK status-http=2ms total=2ms
[30m2026-09-09T12:11:29,892[m [32mINFO  [m[[1;34mhttp-nio-8080-exec-82[m] [36mStatusUpdateBusinessRuleServiceImpl[m - [rules] process-rule rule=RULE_FRACTION_CUSTODIAN ruleId=239 result=OK status-http=2ms total=2ms
[30m2026-09-09T12:11:29,895[m [32mINFO  [m[[1;34mhttp-nio-8080-exec-82[m] [36mStatusUpdateBusinessRuleServiceImpl[m - [rules] END validate-trade tradeId=1556020 sideId=2 result=OK elapsed=13ms
[30m2026-09-09T12:11:29,895[m [32mINFO  [m[[1;34mhttp-nio-8080-exec-82[m] [36mStatusUpdateBusinessRuleServiceImpl[m - PERF_ASSIGNMENT service=reglas podName=operaciones-reglas-back-app-5894db7bb6-4scl6 operation=validateUpdateStatusTrade result=SUCCESS tradeId=1556020 side=2 totalMs=13 loadTradeMs=2 loadSettlementsAndInputMs=1 loadBusinessRulesMs=0 evaluationMs=0 tradeRepositoryCalls=1 settlementRepositoryCalls=1 businessRuleRepositoryCalls=0 statusHttpCalls=4 statusRestTotalMs=8
[30m2026-09-09T12:11:29,895[m [32mINFO  [m[[1;34mhttp-nio-8080-exec-82[m] [36mStatusUpdateBusinessRuleServiceImpl[m - PERF_RULES_STATUS_SUMMARY service=reglas podName=operaciones-reglas-back-app-5894db7bb6-4scl6 validationCount=1 statusHttpCalls=4 statusHttpTotalMs=8 uniqueStatusTransitionKeys=4 tradeRepositoryCalls=1 settlementRepositoryCalls=1 businessRuleRepositoryCalls=0
[30m2026-09-09T12:11:29,932[m [32mINFO  [m[[1;34mhttp-nio-8080-exec-84[m] [36mStatusUpdateBusinessRuleServiceImpl[m - [rules] START validate-trade tradeId=1550214 sideId=2 code=RULE_ASSIGNMENT
[30m2026-09-09T12:11:29,939[m [32mINFO  [m[[1;34mhttp-nio-8080-exec-84[m] [36mStatusUpdateBusinessRuleServiceImpl[m - [rules] process-rule rule=RULE_SIDE ruleId=230 result=OK status-http=2ms total=2ms
[30m2026-09-09T12:11:29,941[m [32mINFO  [m[[1;34mhttp-nio-8080-exec-84[m] [36mStatusUpdateBusinessRuleServiceImpl[m - [rules] process-rule rule=RULE_FRACTION ruleId=232 result=OK status-http=2ms total=2ms
[30m2026-09-09T12:11:29,944[m [32mINFO  [m[[1;34mhttp-nio-8080-exec-84[m] [36mStatusUpdateBusinessRuleServiceImpl[m - [rules] process-rule rule=RULE_FRACTION_CUSTODIAN ruleId=239 result=OK status-http=2ms total=2ms
[30m2026-09-09T12:11:29,946[m [32mINFO  [m[[1;34mhttp-nio-8080-exec-84[m] [36mStatusUpdateBusinessRuleServiceImpl[m - [rules] END validate-trade tradeId=1550214 sideId=2 result=OK elapsed=13ms
[30m2026-09-09T12:11:29,946[m [32mINFO  [m[[1;34mhttp-nio-8080-exec-84[m] [36mStatusUpdateBusinessRuleServiceImpl[m - PERF_ASSIGNMENT service=reglas podName=operaciones-reglas-back-app-5894db7bb6-4scl6 operation=validateUpdateStatusTrade result=SUCCESS tradeId=1550214 side=2 totalMs=13 loadTradeMs=2 loadSettlementsAndInputMs=1 loadBusinessRulesMs=0 evaluationMs=0 tradeRepositoryCalls=1 settlementRepositoryCalls=1 businessRuleRepositoryCalls=0 statusHttpCalls=4 statusRestTotalMs=8
[30m2026-09-09T12:11:29,946[m [32mINFO  [m[[1;34mhttp-nio-8080-exec-84[m] [36mStatusUpdateBusinessRuleServiceImpl[m - PERF_RULES_STATUS_SUMMARY service=reglas podName=operaciones-reglas-back-app-5894db7bb6-4scl6 validationCount=1 statusHttpCalls=4 statusHttpTotalMs=8 uniqueStatusTransitionKeys=4 tradeRepositoryCalls=1 settlementRepositoryCalls=1 businessRuleRepositoryCalls=0
[30m2026-09-09T12:11:29,983[m [32mINFO  [m[[1;34mhttp-nio-8080-exec-81[m] [36mStatusUpdateBusinessRuleServiceImpl[m - [rules] START validate-trade tradeId=1550240 sideId=2 code=RULE_ASSIGNMENT
[30m2026-09-09T12:11:29,990[m [32mINFO  [m[[1;34mhttp-nio-8080-exec-81[m] [36mStatusUpdateBusinessRuleServiceImpl[m - [rules] process-rule rule=RULE_SIDE ruleId=230 result=OK status-http=2ms total=2ms
[30m2026-09-09T12:11:29,992[m [32mINFO  [m[[1;34mhttp-nio-8080-exec-81[m] [36mStatusUpdateBusinessRuleServiceImpl[m - [rules] process-rule rule=RULE_FRACTION ruleId=232 result=OK status-http=2ms total=2ms
[30m2026-09-09T12:11:29,994[m [32mINFO  [m[[1;34mhttp-nio-8080-exec-81[m] [36mStatusUpdateBusinessRuleServiceImpl[m - [rules] process-rule rule=RULE_FRACTION_CUSTODIAN ruleId=239 result=OK status-http=1ms total=1ms
[30m2026-09-09T12:11:29,997[m [32mINFO  [m[[1;34mhttp-nio-8080-exec-81[m] [36mStatusUpdateBusinessRuleServiceImpl[m - [rules] END validate-trade tradeId=1550240 sideId=2 result=OK elapsed=13ms
[30m2026-09-09T12:11:29,997[m [32mINFO  [m[[1;34mhttp-nio-8080-exec-81[m] [36mStatusUpdateBusinessRuleServiceImpl[m - PERF_ASSIGNMENT service=reglas podName=operaciones-reglas-back-app-5894db7bb6-4scl6 operation=validateUpdateStatusTrade result=SUCCESS tradeId=1550240 side=2 totalMs=13 loadTradeMs=2 loadSettlementsAndInputMs=1 loadBusinessRulesMs=0 evaluationMs=0 tradeRepositoryCalls=1 settlementRepositoryCalls=1 businessRuleRepositoryCalls=0 statusHttpCalls=4 statusRestTotalMs=8
[30m2026-09-09T12:11:29,997[m [32mINFO  [m[[1;34mhttp-nio-8080-exec-81[m] [36mStatusUpdateBusinessRuleServiceImpl[m - PERF_RULES_STATUS_SUMMARY service=reglas podName=operaciones-reglas-back-app-5894db7bb6-4scl6 validationCount=1 statusHttpCalls=4 statusHttpTotalMs=8 uniqueStatusTransitionKeys=4 tradeRepositoryCalls=1 settlementRepositoryCalls=1 businessRuleRepositoryCalls=0
[30m2026-09-09T12:11:30,052[m [32mINFO  [m[[1;34mhttp-nio-8080-exec-86[m] [36mStatusUpdateBusinessRuleServiceImpl[m - [rules] START validate-trade tradeId=1550246 sideId=2 code=RULE_ASSIGNMENT
[30m2026-09-09T12:11:30,059[m [32mINFO  [m[[1;34mhttp-nio-8080-exec-86[m] [36mStatusUpdateBusinessRuleServiceImpl[m - [rules] process-rule rule=RULE_SIDE ruleId=230 result=OK status-http=2ms total=2ms
[30m2026-09-09T12:11:30,061[m [32mINFO  [m[[1;34mhttp-nio-8080-exec-86[m] [36mStatusUpdateBusinessRuleServiceImpl[m - [rules] process-rule rule=RULE_FRACTION ruleId=232 result=OK status-http=1ms total=1ms
[30m2026-09-09T12:11:30,063[m [32mINFO  [m[[1;34mhttp-nio-8080-exec-86[m] [36mStatusUpdateBusinessRuleServiceImpl[m - [rules] process-rule rule=RULE_FRACTION_CUSTODIAN ruleId=239 result=OK status-http=1ms total=1ms
[30m2026-09-09T12:11:30,065[m [32mINFO  [m[[1;34mhttp-nio-8080-exec-86[m] [36mStatusUpdateBusinessRuleServiceImpl[m - [rules] END validate-trade tradeId=1550246 sideId=2 result=OK elapsed=12ms
[30m2026-09-09T12:11:30,065[m [32mINFO  [m[[1;34mhttp-nio-8080-exec-86[m] [36mStatusUpdateBusinessRuleServiceImpl[m - PERF_ASSIGNMENT service=reglas podName=operaciones-reglas-back-app-5894db7bb6-4scl6 operation=validateUpdateStatusTrade result=SUCCESS tradeId=1550246 side=2 totalMs=12 loadTradeMs=2 loadSettlementsAndInputMs=1 loadBusinessRulesMs=0 evaluationMs=0 tradeRepositoryCalls=1 settlementRepositoryCalls=1 businessRuleRepositoryCalls=0 statusHttpCalls=4 statusRestTotalMs=7
[30m2026-09-09T12:11:30,065[m [32mINFO  [m[[1;34mhttp-nio-8080-exec-86[m] [36mStatusUpdateBusinessRuleServiceImpl[m - PERF_RULES_STATUS_SUMMARY service=reglas podName=operaciones-reglas-back-app-5894db7bb6-4scl6 validationCount=1 statusHttpCalls=4 statusHttpTotalMs=7 uniqueStatusTransitionKeys=4 tradeRepositoryCalls=1 settlementRepositoryCalls=1 businessRuleRepositoryCalls=0
[30m2026-09-09T12:11:30,106[m [32mINFO  [m[[1;34mhttp-nio-8080-exec-85[m] [36mStatusUpdateBusinessRuleServiceImpl[m - [rules] START validate-trade tradeId=1550253 sideId=2 code=RULE_ASSIGNMENT
[30m2026-09-09T12:11:30,113[m [32mINFO  [m[[1;34mhttp-nio-8080-exec-85[m] [36mStatusUpdateBusinessRuleServiceImpl[m - [rules] process-rule rule=RULE_SIDE ruleId=230 result=OK status-http=2ms total=2ms
[30m2026-09-09T12:11:30,115[m [32mINFO  [m[[1;34mhttp-nio-8080-exec-85[m] [36mStatusUpdateBusinessRuleServiceImpl[m - [rules] process-rule rule=RULE_FRACTION ruleId=232 result=OK status-http=2ms total=2ms
[30m2026-09-09T12:11:30,118[m [32mINFO  [m[[1;34mhttp-nio-8080-exec-85[m] [36mStatusUpdateBusinessRuleServiceImpl[m - [rules] process-rule rule=RULE_FRACTION_CUSTODIAN ruleId=239 result=OK status-http=2ms total=2ms
[30m2026-09-09T12:11:30,120[m [32mINFO  [m[[1;34mhttp-nio-8080-exec-85[m] [36mStatusUpdateBusinessRuleServiceImpl[m - [rules] END validate-trade tradeId=1550253 sideId=2 result=OK elapsed=14ms
[30m2026-09-09T12:11:30,120[m [32mINFO  [m[[1;34mhttp-nio-8080-exec-85[m] [36mStatusUpdateBusinessRuleServiceImpl[m - PERF_ASSIGNMENT service=reglas podName=operaciones-reglas-back-app-5894db7bb6-4scl6 operation=validateUpdateStatusTrade result=SUCCESS tradeId=1550253 side=2 totalMs=14 loadTradeMs=2 loadSettlementsAndInputMs=1 loadBusinessRulesMs=0 evaluationMs=0 tradeRepositoryCalls=1 settlementRepositoryCalls=1 businessRuleRepositoryCalls=0 statusHttpCalls=4 statusRestTotalMs=8
[30m2026-09-09T12:11:30,120[m [32mINFO  [m[[1;34mhttp-nio-8080-exec-85[m] [36mStatusUpdateBusinessRuleServiceImpl[m - PERF_RULES_STATUS_SUMMARY service=reglas podName=operaciones-reglas-back-app-5894db7bb6-4scl6 validationCount=1 statusHttpCalls=4 statusHttpTotalMs=8 uniqueStatusTransitionKeys=4 tradeRepositoryCalls=1 settlementRepositoryCalls=1 businessRuleRepositoryCalls=0
[30m2026-09-09T12:11:30,157[m [32mINFO  [m[[1;34mhttp-nio-8080-exec-88[m] [36mStatusUpdateBusinessRuleServiceImpl[m - [rules] START validate-trade tradeId=1547495 sideId=2 code=RULE_ASSIGNMENT
[30m2026-09-09T12:11:30,164[m [32mINFO  [m[[1;34mhttp-nio-8080-exec-88[m] [36mStatusUpdateBusinessRuleServiceImpl[m - [rules] process-rule rule=RULE_SIDE ruleId=230 result=OK status-http=2ms total=2ms
[30m2026-09-09T12:11:30,166[m [32mINFO  [m[[1;34mhttp-nio-8080-exec-88[m] [36mStatusUpdateBusinessRuleServiceImpl[m - [rules] process-rule rule=RULE_FRACTION ruleId=232 result=OK status-http=2ms total=2ms
[30m2026-09-09T12:11:30,169[m [32mINFO  [m[[1;34mhttp-nio-8080-exec-88[m] [36mStatusUpdateBusinessRuleServiceImpl[m - [rules] process-rule rule=RULE_FRACTION_CUSTODIAN ruleId=239 result=OK status-http=2ms total=2ms
[30m2026-09-09T12:11:30,171[m [32mINFO  [m[[1;34mhttp-nio-8080-exec-88[m] [36mStatusUpdateBusinessRuleServiceImpl[m - [rules] END validate-trade tradeId=1547495 sideId=2 result=OK elapsed=13ms
[30m2026-09-09T12:11:30,171[m [32mINFO  [m[[1;34mhttp-nio-8080-exec-88[m] [36mStatusUpdateBusinessRuleServiceImpl[m - PERF_ASSIGNMENT service=reglas podName=operaciones-reglas-back-app-5894db7bb6-4scl6 operation=validateUpdateStatusTrade result=SUCCESS tradeId=1547495 side=2 totalMs=13 loadTradeMs=2 loadSettlementsAndInputMs=1 loadBusinessRulesMs=0 evaluationMs=0 tradeRepositoryCalls=1 settlementRepositoryCalls=1 businessRuleRepositoryCalls=0 statusHttpCalls=4 statusRestTotalMs=8
[30m2026-09-09T12:11:30,171[m [32mINFO  [m[[1;34mhttp-nio-8080-exec-88[m] [36mStatusUpdateBusinessRuleServiceImpl[m - PERF_RULES_STATUS_SUMMARY service=reglas podName=operaciones-reglas-back-app-5894db7bb6-4scl6 validationCount=1 statusHttpCalls=4 statusHttpTotalMs=8 uniqueStatusTransitionKeys=4 tradeRepositoryCalls=1 settlementRepositoryCalls=1 businessRuleRepositoryCalls=0
[30m2026-09-09T12:11:30,210[m [32mINFO  [m[[1;34mhttp-nio-8080-exec-87[m] [36mStatusUpdateBusinessRuleServiceImpl[m - [rules] START validate-trade tradeId=1547513 sideId=2 code=RULE_ASSIGNMENT
[30m2026-09-09T12:11:30,217[m [32mINFO  [m[[1;34mhttp-nio-8080-exec-87[m] [36mStatusUpdateBusinessRuleServiceImpl[m - [rules] process-rule rule=RULE_SIDE ruleId=230 result=OK status-http=2ms total=3ms
[30m2026-09-09T12:11:30,219[m [32mINFO  [m[[1;34mhttp-nio-8080-exec-87[m] [36mStatusUpdateBusinessRuleServiceImpl[m - [rules] process-rule rule=RULE_FRACTION ruleId=232 result=OK status-http=2ms total=2ms
[30m2026-09-09T12:11:30,222[m [32mINFO  [m[[1;34mhttp-nio-8080-exec-87[m] [36mStatusUpdateBusinessRuleServiceImpl[m - [rules] process-rule rule=RULE_FRACTION_CUSTODIAN ruleId=239 result=OK status-http=2ms total=2ms
[30m2026-09-09T12:11:30,225[m [32mINFO  [m[[1;34mhttp-nio-8080-exec-87[m] [36mStatusUpdateBusinessRuleServiceImpl[m - [rules] END validate-trade tradeId=1547513 sideId=2 result=OK elapsed=15ms
[30m2026-09-09T12:11:30,225[m [32mINFO  [m[[1;34mhttp-nio-8080-exec-87[m] [36mStatusUpdateBusinessRuleServiceImpl[m - PERF_ASSIGNMENT service=reglas podName=operaciones-reglas-back-app-5894db7bb6-4scl6 operation=validateUpdateStatusTrade result=SUCCESS tradeId=1547513 side=2 totalMs=15 loadTradeMs=2 loadSettlementsAndInputMs=1 loadBusinessRulesMs=0 evaluationMs=0 tradeRepositoryCalls=1 settlementRepositoryCalls=1 businessRuleRepositoryCalls=0 statusHttpCalls=4 statusRestTotalMs=10
[30m2026-09-09T12:11:30,225[m [32mINFO  [m[[1;34mhttp-nio-8080-exec-87[m] [36mStatusUpdateBusinessRuleServiceImpl[m - PERF_RULES_STATUS_SUMMARY service=reglas podName=operaciones-reglas-back-app-5894db7bb6-4scl6 validationCount=1 statusHttpCalls=4 statusHttpTotalMs=10 uniqueStatusTransitionKeys=4 tradeRepositoryCalls=1 settlementRepositoryCalls=1 businessRuleRepositoryCalls=0
[30m2026-09-09T12:11:30,262[m [32mINFO  [m[[1;34mhttp-nio-8080-exec-90[m] [36mStatusUpdateBusinessRuleServiceImpl[m - [rules] START validate-trade tradeId=1547531 sideId=2 code=RULE_ASSIGNMENT
[30m2026-09-09T12:11:30,272[m [32mINFO  [m[[1;34mhttp-nio-8080-exec-90[m] [36mStatusUpdateBusinessRuleServiceImpl[m - [rules] process-rule rule=RULE_SIDE ruleId=230 result=OK status-http=5ms total=6ms
[30m2026-09-09T12:11:30,276[m [32mINFO  [m[[1;34mhttp-nio-8080-exec-90[m] [36mStatusUpdateBusinessRuleServiceImpl[m - [rules] process-rule rule=RULE_FRACTION ruleId=232 result=OK status-http=3ms total=3ms
[30m2026-09-09T12:11:30,279[m [32mINFO  [m[[1;34mhttp-nio-8080-exec-90[m] [36mStatusUpdateBusinessRuleServiceImpl[m - [rules] process-rule rule=RULE_FRACTION_CUSTODIAN ruleId=239 result=OK status-http=2ms total=2ms
[30m2026-09-09T12:11:30,282[m [32mINFO  [m[[1;34mhttp-nio-8080-exec-90[m] [36mStatusUpdateBusinessRuleServiceImpl[m - [rules] END validate-trade tradeId=1547531 sideId=2 result=OK elapsed=20ms
[30m2026-09-09T12:11:30,282[m [32mINFO  [m[[1;34mhttp-nio-8080-exec-90[m] [36mStatusUpdateBusinessRuleServiceImpl[m - PERF_ASSIGNMENT service=reglas podName=operaciones-reglas-back-app-5894db7bb6-4scl6 operation=validateUpdateStatusTrade result=SUCCESS tradeId=1547531 side=2 totalMs=20 loadTradeMs=2 loadSettlementsAndInputMs=1 loadBusinessRulesMs=0 evaluationMs=0 tradeRepositoryCalls=1 settlementRepositoryCalls=1 businessRuleRepositoryCalls=0 statusHttpCalls=4 statusRestTotalMs=14
[30m2026-09-09T12:11:30,282[m [32mINFO  [m[[1;34mhttp-nio-8080-exec-90[m] [36mStatusUpdateBusinessRuleServiceImpl[m - PERF_RULES_STATUS_SUMMARY service=reglas podName=operaciones-reglas-back-app-5894db7bb6-4scl6 validationCount=1 statusHttpCalls=4 statusHttpTotalMs=14 uniqueStatusTransitionKeys=4 tradeRepositoryCalls=1 settlementRepositoryCalls=1 businessRuleRepositoryCalls=0
[30m2026-09-09T12:11:30,322[m [32mINFO  [m[[1;34mhttp-nio-8080-exec-89[m] [36mStatusUpdateBusinessRuleServiceImpl[m - [rules] START validate-trade tradeId=1547532 sideId=2 code=RULE_ASSIGNMENT
[30m2026-09-09T12:11:30,329[m [32mINFO  [m[[1;34mhttp-nio-8080-exec-89[m] [36mStatusUpdateBusinessRuleServiceImpl[m - [rules] process-rule rule=RULE_SIDE ruleId=230 result=OK status-http=2ms total=2ms
[30m2026-09-09T12:11:30,331[m [32mINFO  [m[[1;34mhttp-nio-8080-exec-89[m] [36mStatusUpdateBusinessRuleServiceImpl[m - [rules] process-rule rule=RULE_FRACTION ruleId=232 result=OK status-http=2ms total=2ms
[30m2026-09-09T12:11:30,335[m [32mINFO  [m[[1;34mhttp-nio-8080-exec-89[m] [36mStatusUpdateBusinessRuleServiceImpl[m - [rules] process-rule rule=RULE_FRACTION_CUSTODIAN ruleId=239 result=OK status-http=3ms total=3ms
[30m2026-09-09T12:11:30,340[m [32mINFO  [m[[1;34mhttp-nio-8080-exec-89[m] [36mStatusUpdateBusinessRuleServiceImpl[m - [rules] END validate-trade tradeId=1547532 sideId=2 result=OK elapsed=17ms
[30m2026-09-09T12:11:30,340[m [32mINFO  [m[[1;34mhttp-nio-8080-exec-89[m] [36mStatusUpdateBusinessRuleServiceImpl[m - PERF_ASSIGNMENT service=reglas podName=operaciones-reglas-back-app-5894db7bb6-4scl6 operation=validateUpdateStatusTrade result=SUCCESS tradeId=1547532 side=2 totalMs=17 loadTradeMs=2 loadSettlementsAndInputMs=1 loadBusinessRulesMs=0 evaluationMs=0 tradeRepositoryCalls=1 settlementRepositoryCalls=1 businessRuleRepositoryCalls=0 statusHttpCalls=4 statusRestTotalMs=12
[30m2026-09-09T12:11:30,340[m [32mINFO  [m[[1;34mhttp-nio-8080-exec-89[m] [36mStatusUpdateBusinessRuleServiceImpl[m - PERF_RULES_STATUS_SUMMARY service=reglas podName=operaciones-reglas-back-app-5894db7bb6-4scl6 validationCount=1 statusHttpCalls=4 statusHttpTotalMs=12 uniqueStatusTransitionKeys=4 tradeRepositoryCalls=1 settlementRepositoryCalls=1 businessRuleRepositoryCalls=0
[30m2026-09-09T12:11:30,385[m [32mINFO  [m[[1;34mhttp-nio-8080-exec-91[m] [36mStatusUpdateBusinessRuleServiceImpl[m - [rules] START validate-trade tradeId=1547560 sideId=2 code=RULE_ASSIGNMENT
[30m2026-09-09T12:11:30,394[m [32mINFO  [m[[1;34mhttp-nio-8080-exec-91[m] [36mStatusUpdateBusinessRuleServiceImpl[m - [rules] process-rule rule=RULE_SIDE ruleId=230 result=OK status-http=3ms total=3ms
[30m2026-09-09T12:11:30,407[m [32mINFO  [m[[1;34mhttp-nio-8080-exec-91[m] [36mStatusUpdateBusinessRuleServiceImpl[m - [rules] process-rule rule=RULE_FRACTION ruleId=232 result=OK status-http=12ms total=12ms
[30m2026-09-09T12:11:30,412[m [32mINFO  [m[[1;34mhttp-nio-8080-exec-91[m] [36mStatusUpdateBusinessRuleServiceImpl[m - [rules] process-rule rule=RULE_FRACTION_CUSTODIAN ruleId=239 result=OK status-http=4ms total=4ms
[30m2026-09-09T12:11:30,415[m [32mINFO  [m[[1;34mhttp-nio-8080-exec-91[m] [36mStatusUpdateBusinessRuleServiceImpl[m - [rules] END validate-trade tradeId=1547560 sideId=2 result=OK elapsed=29ms
[30m2026-09-09T12:11:30,415[m [32mINFO  [m[[1;34mhttp-nio-8080-exec-91[m] [36mStatusUpdateBusinessRuleServiceImpl[m - PERF_ASSIGNMENT service=reglas podName=operaciones-reglas-back-app-5894db7bb6-4scl6 operation=validateUpdateStatusTrade result=SUCCESS tradeId=1547560 side=2 totalMs=29 loadTradeMs=3 loadSettlementsAndInputMs=1 loadBusinessRulesMs=0 evaluationMs=0 tradeRepositoryCalls=1 settlementRepositoryCalls=1 businessRuleRepositoryCalls=0 statusHttpCalls=4 statusRestTotalMs=23
[30m2026-09-09T12:11:30,415[m [32mINFO  [m[[1;34mhttp-nio-8080-exec-91[m] [36mStatusUpdateBusinessRuleServiceImpl[m - PERF_RULES_STATUS_SUMMARY service=reglas podName=operaciones-reglas-back-app-5894db7bb6-4scl6 validationCount=1 statusHttpCalls=4 statusHttpTotalMs=23 uniqueStatusTransitionKeys=4 tradeRepositoryCalls=1 settlementRepositoryCalls=1 businessRuleRepositoryCalls=0
[30m2026-09-09T12:11:30,456[m [32mINFO  [m[[1;34mhttp-nio-8080-exec-93[m] [36mStatusUpdateBusinessRuleServiceImpl[m - [rules] START validate-trade tradeId=1547578 sideId=2 code=RULE_ASSIGNMENT
[30m2026-09-09T12:11:30,466[m [32mINFO  [m[[1;34mhttp-nio-8080-exec-93[m] [36mStatusUpdateBusinessRuleServiceImpl[m - [rules] process-rule rule=RULE_SIDE ruleId=230 result=OK status-http=6ms total=6ms
[30m2026-09-09T12:11:30,470[m [32mINFO  [m[[1;34mhttp-nio-8080-exec-93[m] [36mStatusUpdateBusinessRuleServiceImpl[m - [rules] process-rule rule=RULE_FRACTION ruleId=232 result=OK status-http=2ms total=2ms
[30m2026-09-09T12:11:30,482[m [32mINFO  [m[[1;34mhttp-nio-8080-exec-93[m] [36mStatusUpdateBusinessRuleServiceImpl[m - [rules] process-rule rule=RULE_FRACTION_CUSTODIAN ruleId=239 result=OK status-http=12ms total=12ms
[30m2026-09-09T12:11:30,489[m [32mINFO  [m[[1;34mhttp-nio-8080-exec-93[m] [36mStatusUpdateBusinessRuleServiceImpl[m - [rules] END validate-trade tradeId=1547578 sideId=2 result=OK elapsed=33ms
[30m2026-09-09T12:11:30,489[m [32mINFO  [m[[1;34mhttp-nio-8080-exec-93[m] [36mStatusUpdateBusinessRuleServiceImpl[m - PERF_ASSIGNMENT service=reglas podName=operaciones-reglas-back-app-5894db7bb6-4scl6 operation=validateUpdateStatusTrade result=SUCCESS tradeId=1547578 side=2 totalMs=33 loadTradeMs=2 loadSettlementsAndInputMs=1 loadBusinessRulesMs=0 evaluationMs=0 tradeRepositoryCalls=1 settlementRepositoryCalls=1 businessRuleRepositoryCalls=0 statusHttpCalls=4 statusRestTotalMs=27
[30m2026-09-09T12:11:30,489[m [32mINFO  [m[[1;34mhttp-nio-8080-exec-93[m] [36mStatusUpdateBusinessRuleServiceImpl[m - PERF_RULES_STATUS_SUMMARY service=reglas podName=operaciones-reglas-back-app-5894db7bb6-4scl6 validationCount=1 statusHttpCalls=4 statusHttpTotalMs=27 uniqueStatusTransitionKeys=4 tradeRepositoryCalls=1 settlementRepositoryCalls=1 businessRuleRepositoryCalls=0
[30m2026-09-09T12:11:30,547[m [32mINFO  [m[[1;34mhttp-nio-8080-exec-94[m] [36mStatusUpdateBusinessRuleServiceImpl[m - [rules] START validate-trade tradeId=1547701 sideId=2 code=RULE_ASSIGNMENT
[30m2026-09-09T12:11:30,557[m [32mINFO  [m[[1;34mhttp-nio-8080-exec-94[m] [36mStatusUpdateBusinessRuleServiceImpl[m - [rules] process-rule rule=RULE_SIDE ruleId=230 result=OK status-http=4ms total=4ms
[30m2026-09-09T12:11:30,559[m [32mINFO  [m[[1;34mhttp-nio-8080-exec-94[m] [36mStatusUpdateBusinessRuleServiceImpl[m - [rules] process-rule rule=RULE_FRACTION ruleId=232 result=OK status-http=2ms total=2ms
[30m2026-09-09T12:11:30,562[m [32mINFO  [m[[1;34mhttp-nio-8080-exec-94[m] [36mStatusUpdateBusinessRuleServiceImpl[m - [rules] process-rule rule=RULE_FRACTION_CUSTODIAN ruleId=239 result=OK status-http=2ms total=2ms
[30m2026-09-09T12:11:30,566[m [32mINFO  [m[[1;34mhttp-nio-8080-exec-94[m] [36mStatusUpdateBusinessRuleServiceImpl[m - [rules] END validate-trade tradeId=1547701 sideId=2 result=OK elapsed=19ms
[30m2026-09-09T12:11:30,567[m [32mINFO  [m[[1;34mhttp-nio-8080-exec-94[m] [36mStatusUpdateBusinessRuleServiceImpl[m - PERF_ASSIGNMENT service=reglas podName=operaciones-reglas-back-app-5894db7bb6-4scl6 operation=validateUpdateStatusTrade result=SUCCESS tradeId=1547701 side=2 totalMs=19 loadTradeMs=2 loadSettlementsAndInputMs=1 loadBusinessRulesMs=0 evaluationMs=0 tradeRepositoryCalls=1 settlementRepositoryCalls=1 businessRuleRepositoryCalls=0 statusHttpCalls=4 statusRestTotalMs=13
[30m2026-09-09T12:11:30,567[m [32mINFO  [m[[1;34mhttp-nio-8080-exec-94[m] [36mStatusUpdateBusinessRuleServiceImpl[m - PERF_RULES_STATUS_SUMMARY service=reglas podName=operaciones-reglas-back-app-5894db7bb6-4scl6 validationCount=1 statusHttpCalls=4 statusHttpTotalMs=13 uniqueStatusTransitionKeys=4 tradeRepositoryCalls=1 settlementRepositoryCalls=1 businessRuleRepositoryCalls=0
[30m2026-09-09T12:11:30,607[m [32mINFO  [m[[1;34mhttp-nio-8080-exec-92[m] [36mStatusUpdateBusinessRuleServiceImpl[m - [rules] START validate-trade tradeId=1547705 sideId=2 code=RULE_ASSIGNMENT
[30m2026-09-09T12:11:30,614[m [32mINFO  [m[[1;34mhttp-nio-8080-exec-92[m] [36mStatusUpdateBusinessRuleServiceImpl[m - [rules] process-rule rule=RULE_SIDE ruleId=230 result=OK status-http=2ms total=2ms
[30m2026-09-09T12:11:30,622[m [32mINFO  [m[[1;34mhttp-nio-8080-exec-92[m] [36mStatusUpdateBusinessRuleServiceImpl[m - [rules] process-rule rule=RULE_FRACTION ruleId=232 result=OK status-http=8ms total=8ms
[30m2026-09-09T12:11:30,625[m [32mINFO  [m[[1;34mhttp-nio-8080-exec-92[m] [36mStatusUpdateBusinessRuleServiceImpl[m - [rules] process-rule rule=RULE_FRACTION_CUSTODIAN ruleId=239 result=OK status-http=2ms total=2ms
[30m2026-09-09T12:11:30,629[m [32mINFO  [m[[1;34mhttp-nio-8080-exec-92[m] [36mStatusUpdateBusinessRuleServiceImpl[m - [rules] END validate-trade tradeId=1547705 sideId=2 result=OK elapsed=21ms
[30m2026-09-09T12:11:30,629[m [32mINFO  [m[[1;34mhttp-nio-8080-exec-92[m] [36mStatusUpdateBusinessRuleServiceImpl[m - PERF_ASSIGNMENT service=reglas podName=operaciones-reglas-back-app-5894db7bb6-4scl6 operation=validateUpdateStatusTrade result=SUCCESS tradeId=1547705 side=2 totalMs=22 loadTradeMs=2 loadSettlementsAndInputMs=1 loadBusinessRulesMs=0 evaluationMs=0 tradeRepositoryCalls=1 settlementRepositoryCalls=1 businessRuleRepositoryCalls=0 statusHttpCalls=4 statusRestTotalMs=16
[30m2026-09-09T12:11:30,629[m [32mINFO  [m[[1;34mhttp-nio-8080-exec-92[m] [36mStatusUpdateBusinessRuleServiceImpl[m - PERF_RULES_STATUS_SUMMARY service=reglas podName=operaciones-reglas-back-app-5894db7bb6-4scl6 validationCount=1 statusHttpCalls=4 statusHttpTotalMs=16 uniqueStatusTransitionKeys=4 tradeRepositoryCalls=1 settlementRepositoryCalls=1 businessRuleRepositoryCalls=0
[30m2026-09-09T12:11:30,671[m [32mINFO  [m[[1;34mhttp-nio-8080-exec-97[m] [36mStatusUpdateBusinessRuleServiceImpl[m - [rules] START validate-trade tradeId=1547706 sideId=2 code=RULE_ASSIGNMENT
[30m2026-09-09T12:11:30,679[m [32mINFO  [m[[1;34mhttp-nio-8080-exec-97[m] [36mStatusUpdateBusinessRuleServiceImpl[m - [rules] process-rule rule=RULE_SIDE ruleId=230 result=OK status-http=2ms total=2ms
[30m2026-09-09T12:11:30,684[m [32mINFO  [m[[1;34mhttp-nio-8080-exec-97[m] [36mStatusUpdateBusinessRuleServiceImpl[m - [rules] process-rule rule=RULE_FRACTION ruleId=232 result=OK status-http=4ms total=4ms
[30m2026-09-09T12:11:30,687[m [32mINFO  [m[[1;34mhttp-nio-8080-exec-97[m] [36mStatusUpdateBusinessRuleServiceImpl[m - [rules] process-rule rule=RULE_FRACTION_CUSTODIAN ruleId=239 result=OK status-http=2ms total=2ms
[30m2026-09-09T12:11:30,689[m [32mINFO  [m[[1;34mhttp-nio-8080-exec-97[m] [36mStatusUpdateBusinessRuleServiceImpl[m - [rules] END validate-trade tradeId=1547706 sideId=2 result=OK elapsed=17ms
[30m2026-09-09T12:11:30,689[m [32mINFO  [m[[1;34mhttp-nio-8080-exec-97[m] [36mStatusUpdateBusinessRuleServiceImpl[m - PERF_ASSIGNMENT service=reglas podName=operaciones-reglas-back-app-5894db7bb6-4scl6 operation=validateUpdateStatusTrade result=SUCCESS tradeId=1547706 side=2 totalMs=18 loadTradeMs=2 loadSettlementsAndInputMs=2 loadBusinessRulesMs=0 evaluationMs=0 tradeRepositoryCalls=1 settlementRepositoryCalls=1 businessRuleRepositoryCalls=0 statusHttpCalls=4 statusRestTotalMs=11
[30m2026-09-09T12:11:30,689[m [32mINFO  [m[[1;34mhttp-nio-8080-exec-97[m] [36mStatusUpdateBusinessRuleServiceImpl[m - PERF_RULES_STATUS_SUMMARY service=reglas podName=operaciones-reglas-back-app-5894db7bb6-4scl6 validationCount=1 statusHttpCalls=4 statusHttpTotalMs=11 uniqueStatusTransitionKeys=4 tradeRepositoryCalls=1 settlementRepositoryCalls=1 businessRuleRepositoryCalls=0
[30m2026-09-09T12:11:30,738[m [32mINFO  [m[[1;34mhttp-nio-8080-exec-95[m] [36mStatusUpdateBusinessRuleServiceImpl[m - [rules] START validate-trade tradeId=1547707 sideId=2 code=RULE_ASSIGNMENT
[30m2026-09-09T12:11:30,751[m [32mINFO  [m[[1;34mhttp-nio-8080-exec-95[m] [36mStatusUpdateBusinessRuleServiceImpl[m - [rules] process-rule rule=RULE_SIDE ruleId=230 result=OK status-http=5ms total=5ms
[30m2026-09-09T12:11:30,753[m [32mINFO  [m[[1;34mhttp-nio-8080-exec-95[m] [36mStatusUpdateBusinessRuleServiceImpl[m - [rules] process-rule rule=RULE_FRACTION ruleId=232 result=OK status-http=2ms total=2ms
[30m2026-09-09T12:11:30,757[m [32mINFO  [m[[1;34mhttp-nio-8080-exec-95[m] [36mStatusUpdateBusinessRuleServiceImpl[m - [rules] process-rule rule=RULE_FRACTION_CUSTODIAN ruleId=239 result=OK status-http=2ms total=2ms
[30m2026-09-09T12:11:30,760[m [32mINFO  [m[[1;34mhttp-nio-8080-exec-95[m] [36mStatusUpdateBusinessRuleServiceImpl[m - [rules] END validate-trade tradeId=1547707 sideId=2 result=OK elapsed=22ms
[30m2026-09-09T12:11:30,760[m [32mINFO  [m[[1;34mhttp-nio-8080-exec-95[m] [36mStatusUpdateBusinessRuleServiceImpl[m - PERF_ASSIGNMENT service=reglas podName=operaciones-reglas-back-app-5894db7bb6-4scl6 operation=validateUpdateStatusTrade result=SUCCESS tradeId=1547707 side=2 totalMs=22 loadTradeMs=6 loadSettlementsAndInputMs=1 loadBusinessRulesMs=0 evaluationMs=0 tradeRepositoryCalls=1 settlementRepositoryCalls=1 businessRuleRepositoryCalls=0 statusHttpCalls=4 statusRestTotalMs=13
[30m2026-09-09T12:11:30,760[m [32mINFO  [m[[1;34mhttp-nio-8080-exec-95[m] [36mStatusUpdateBusinessRuleServiceImpl[m - PERF_RULES_STATUS_SUMMARY service=reglas podName=operaciones-reglas-back-app-5894db7bb6-4scl6 validationCount=1 statusHttpCalls=4 statusHttpTotalMs=13 uniqueStatusTransitionKeys=4 tradeRepositoryCalls=1 settlementRepositoryCalls=1 businessRuleRepositoryCalls=0
[30m2026-09-09T12:11:30,802[m [32mINFO  [m[[1;34mhttp-nio-8080-exec-96[m] [36mStatusUpdateBusinessRuleServiceImpl[m - [rules] START validate-trade tradeId=1547708 sideId=2 code=RULE_ASSIGNMENT
[30m2026-09-09T12:11:30,813[m [32mINFO  [m[[1;34mhttp-nio-8080-exec-96[m] [36mStatusUpdateBusinessRuleServiceImpl[m - [rules] process-rule rule=RULE_SIDE ruleId=230 result=OK status-http=5ms total=5ms
[30m2026-09-09T12:11:30,816[m [32mINFO  [m[[1;34mhttp-nio-8080-exec-96[m] [36mStatusUpdateBusinessRuleServiceImpl[m - [rules] process-rule rule=RULE_FRACTION ruleId=232 result=OK status-http=3ms total=3ms
[30m2026-09-09T12:11:30,822[m [32mINFO  [m[[1;34mhttp-nio-8080-exec-96[m] [36mStatusUpdateBusinessRuleServiceImpl[m - [rules] process-rule rule=RULE_FRACTION_CUSTODIAN ruleId=239 result=OK status-http=5ms total=6ms
[30m2026-09-09T12:11:30,831[m [32mINFO  [m[[1;34mhttp-nio-8080-exec-96[m] [36mStatusUpdateBusinessRuleServiceImpl[m - [rules] END validate-trade tradeId=1547708 sideId=2 result=OK elapsed=28ms
[30m2026-09-09T12:11:30,831[m [32mINFO  [m[[1;34mhttp-nio-8080-exec-96[m] [36mStatusUpdateBusinessRuleServiceImpl[m - PERF_ASSIGNMENT service=reglas podName=operaciones-reglas-back-app-5894db7bb6-4scl6 operation=validateUpdateStatusTrade result=SUCCESS tradeId=1547708 side=2 totalMs=29 loadTradeMs=3 loadSettlementsAndInputMs=1 loadBusinessRulesMs=0 evaluationMs=0 tradeRepositoryCalls=1 settlementRepositoryCalls=1 businessRuleRepositoryCalls=0 statusHttpCalls=4 statusRestTotalMs=22
[30m2026-09-09T12:11:30,831[m [32mINFO  [m[[1;34mhttp-nio-8080-exec-96[m] [36mStatusUpdateBusinessRuleServiceImpl[m - PERF_RULES_STATUS_SUMMARY service=reglas podName=operaciones-reglas-back-app-5894db7bb6-4scl6 validationCount=1 statusHttpCalls=4 statusHttpTotalMs=22 uniqueStatusTransitionKeys=4 tradeRepositoryCalls=1 settlementRepositoryCalls=1 businessRuleRepositoryCalls=0
[30m2026-09-09T12:11:30,879[m [32mINFO  [m[[1;34mhttp-nio-8080-exec-98[m] [36mStatusUpdateBusinessRuleServiceImpl[m - [rules] START validate-trade tradeId=1547709 sideId=2 code=RULE_ASSIGNMENT
[30m2026-09-09T12:11:30,894[m [32mINFO  [m[[1;34mhttp-nio-8080-exec-98[m] [36mStatusUpdateBusinessRuleServiceImpl[m - [rules] process-rule rule=RULE_SIDE ruleId=230 result=OK status-http=10ms total=10ms
[30m2026-09-09T12:11:30,898[m [32mINFO  [m[[1;34mhttp-nio-8080-exec-98[m] [36mStatusUpdateBusinessRuleServiceImpl[m - [rules] process-rule rule=RULE_FRACTION ruleId=232 result=OK status-http=3ms total=3ms
[30m2026-09-09T12:11:30,903[m [32mINFO  [m[[1;34mhttp-nio-8080-exec-98[m] [36mStatusUpdateBusinessRuleServiceImpl[m - [rules] process-rule rule=RULE_FRACTION_CUSTODIAN ruleId=239 result=OK status-http=4ms total=4ms
[30m2026-09-09T12:11:30,906[m [32mINFO  [m[[1;34mhttp-nio-8080-exec-98[m] [36mStatusUpdateBusinessRuleServiceImpl[m - [rules] END validate-trade tradeId=1547709 sideId=2 result=OK elapsed=27ms
[30m2026-09-09T12:11:30,907[m [32mINFO  [m[[1;34mhttp-nio-8080-exec-98[m] [36mStatusUpdateBusinessRuleServiceImpl[m - PERF_ASSIGNMENT service=reglas podName=operaciones-reglas-back-app-5894db7bb6-4scl6 operation=validateUpdateStatusTrade result=SUCCESS tradeId=1547709 side=2 totalMs=27 loadTradeMs=2 loadSettlementsAndInputMs=2 loadBusinessRulesMs=0 evaluationMs=0 tradeRepositoryCalls=1 settlementRepositoryCalls=1 businessRuleRepositoryCalls=0 statusHttpCalls=4 statusRestTotalMs=20
[30m2026-09-09T12:11:30,907[m [32mINFO  [m[[1;34mhttp-nio-8080-exec-98[m] [36mStatusUpdateBusinessRuleServiceImpl[m - PERF_RULES_STATUS_SUMMARY service=reglas podName=operaciones-reglas-back-app-5894db7bb6-4scl6 validationCount=1 statusHttpCalls=4 statusHttpTotalMs=20 uniqueStatusTransitionKeys=4 tradeRepositoryCalls=1 settlementRepositoryCalls=1 businessRuleRepositoryCalls=0
[30m2026-09-09T12:11:30,957[m [32mINFO  [m[[1;34mhttp-nio-8080-exec-100[m] [36mStatusUpdateBusinessRuleServiceImpl[m - [rules] START validate-trade tradeId=1547710 sideId=2 code=RULE_ASSIGNMENT
[30m2026-09-09T12:11:30,965[m [32mINFO  [m[[1;34mhttp-nio-8080-exec-100[m] [36mStatusUpdateBusinessRuleServiceImpl[m - [rules] process-rule rule=RULE_SIDE ruleId=230 result=OK status-http=3ms total=3ms
[30m2026-09-09T12:11:30,968[m [32mINFO  [m[[1;34mhttp-nio-8080-exec-100[m] [36mStatusUpdateBusinessRuleServiceImpl[m - [rules] process-rule rule=RULE_FRACTION ruleId=232 result=OK status-http=2ms total=3ms
[30m2026-09-09T12:11:30,972[m [32mINFO  [m[[1;34mhttp-nio-8080-exec-100[m] [36mStatusUpdateBusinessRuleServiceImpl[m - [rules] process-rule rule=RULE_FRACTION_CUSTODIAN ruleId=239 result=OK status-http=3ms total=3ms
[30m2026-09-09T12:11:30,975[m [32mINFO  [m[[1;34mhttp-nio-8080-exec-100[m] [36mStatusUpdateBusinessRuleServiceImpl[m - [rules] END validate-trade tradeId=1547710 sideId=2 result=OK elapsed=17ms
[30m2026-09-09T12:11:30,975[m [32mINFO  [m[[1;34mhttp-nio-8080-exec-100[m] [36mStatusUpdateBusinessRuleServiceImpl[m - PERF_ASSIGNMENT service=reglas podName=operaciones-reglas-back-app-5894db7bb6-4scl6 operation=validateUpdateStatusTrade result=SUCCESS tradeId=1547710 side=2 totalMs=18 loadTradeMs=2 loadSettlementsAndInputMs=1 loadBusinessRulesMs=0 evaluationMs=0 tradeRepositoryCalls=1 settlementRepositoryCalls=1 businessRuleRepositoryCalls=0 statusHttpCalls=4 statusRestTotalMs=12
[30m2026-09-09T12:11:30,976[m [32mINFO  [m[[1;34mhttp-nio-8080-exec-100[m] [36mStatusUpdateBusinessRuleServiceImpl[m - PERF_RULES_STATUS_SUMMARY service=reglas podName=operaciones-reglas-back-app-5894db7bb6-4scl6 validationCount=1 statusHttpCalls=4 statusHttpTotalMs=12 uniqueStatusTransitionKeys=4 tradeRepositoryCalls=1 settlementRepositoryCalls=1 businessRuleRepositoryCalls=0
[30m2026-09-09T12:11:31,015[m [32mINFO  [m[[1;34mhttp-nio-8080-exec-99[m] [36mStatusUpdateBusinessRuleServiceImpl[m - [rules] START validate-trade tradeId=1547768 sideId=2 code=RULE_ASSIGNMENT
[30m2026-09-09T12:11:31,022[m [32mINFO  [m[[1;34mhttp-nio-8080-exec-99[m] [36mStatusUpdateBusinessRuleServiceImpl[m - [rules] process-rule rule=RULE_SIDE ruleId=230 result=OK status-http=3ms total=3ms
[30m2026-09-09T12:11:31,029[m [32mINFO  [m[[1;34mhttp-nio-8080-exec-99[m] [36mStatusUpdateBusinessRuleServiceImpl[m - [rules] process-rule rule=RULE_FRACTION ruleId=232 result=OK status-http=6ms total=6ms
[30m2026-09-09T12:11:31,034[m [32mINFO  [m[[1;34mhttp-nio-8080-exec-99[m] [36mStatusUpdateBusinessRuleServiceImpl[m - [rules] process-rule rule=RULE_FRACTION_CUSTODIAN ruleId=239 result=OK status-http=4ms total=4ms
[30m2026-09-09T12:11:31,039[m [32mINFO  [m[[1;34mhttp-nio-8080-exec-99[m] [36mStatusUpdateBusinessRuleServiceImpl[m - [rules] END validate-trade tradeId=1547768 sideId=2 result=OK elapsed=24ms
[30m2026-09-09T12:11:31,039[m [32mINFO  [m[[1;34mhttp-nio-8080-exec-99[m] [36mStatusUpdateBusinessRuleServiceImpl[m - PERF_ASSIGNMENT service=reglas podName=operaciones-reglas-back-app-5894db7bb6-4scl6 operation=validateUpdateStatusTrade result=SUCCESS tradeId=1547768 side=2 totalMs=24 loadTradeMs=2 loadSettlementsAndInputMs=1 loadBusinessRulesMs=0 evaluationMs=0 tradeRepositoryCalls=1 settlementRepositoryCalls=1 businessRuleRepositoryCalls=0 statusHttpCalls=4 statusRestTotalMs=18
[30m2026-09-09T12:11:31,039[m [32mINFO  [m[[1;34mhttp-nio-8080-exec-99[m] [36mStatusUpdateBusinessRuleServiceImpl[m - PERF_RULES_STATUS_SUMMARY service=reglas podName=operaciones-reglas-back-app-5894db7bb6-4scl6 validationCount=1 statusHttpCalls=4 statusHttpTotalMs=18 uniqueStatusTransitionKeys=4 tradeRepositoryCalls=1 settlementRepositoryCalls=1 businessRuleRepositoryCalls=0
[30m2026-09-09T12:11:31,079[m [32mINFO  [m[[1;34mhttp-nio-8080-exec-1[m] [36mStatusUpdateBusinessRuleServiceImpl[m - [rules] START validate-trade tradeId=1557091 sideId=2 code=RULE_ASSIGNMENT
[30m2026-09-09T12:11:31,085[m [32mINFO  [m[[1;34mhttp-nio-8080-exec-1[m] [36mStatusUpdateBusinessRuleServiceImpl[m - [rules] process-rule rule=RULE_SIDE ruleId=230 result=OK status-http=2ms total=2ms
[30m2026-09-09T12:11:31,088[m [32mINFO  [m[[1;34mhttp-nio-8080-exec-1[m] [36mStatusUpdateBusinessRuleServiceImpl[m - [rules] process-rule rule=RULE_FRACTION ruleId=232 result=OK status-http=2ms total=2ms
[30m2026-09-09T12:11:31,090[m [32mINFO  [m[[1;34mhttp-nio-8080-exec-1[m] [36mStatusUpdateBusinessRuleServiceImpl[m - [rules] process-rule rule=RULE_FRACTION_CUSTODIAN ruleId=239 result=OK status-http=1ms total=1ms
[30m2026-09-09T12:11:31,097[m [32mINFO  [m[[1;34mhttp-nio-8080-exec-1[m] [36mStatusUpdateBusinessRuleServiceImpl[m - [rules] END validate-trade tradeId=1557091 sideId=2 result=OK elapsed=18ms
[30m2026-09-09T12:11:31,097[m [32mINFO  [m[[1;34mhttp-nio-8080-exec-1[m] [36mStatusUpdateBusinessRuleServiceImpl[m - PERF_ASSIGNMENT service=reglas podName=operaciones-reglas-back-app-5894db7bb6-4scl6 operation=validateUpdateStatusTrade result=SUCCESS tradeId=1557091 side=2 totalMs=18 loadTradeMs=2 loadSettlementsAndInputMs=1 loadBusinessRulesMs=0 evaluationMs=0 tradeRepositoryCalls=1 settlementRepositoryCalls=1 businessRuleRepositoryCalls=0 statusHttpCalls=4 statusRestTotalMs=13
[30m2026-09-09T12:11:31,097[m [32mINFO  [m[[1;34mhttp-nio-8080-exec-1[m] [36mStatusUpdateBusinessRuleServiceImpl[m - PERF_RULES_STATUS_SUMMARY service=reglas podName=operaciones-reglas-back-app-5894db7bb6-4scl6 validationCount=1 statusHttpCalls=4 statusHttpTotalMs=13 uniqueStatusTransitionKeys=4 tradeRepositoryCalls=1 settlementRepositoryCalls=1 businessRuleRepositoryCalls=0
[30m2026-09-09T12:11:31,139[m [32mINFO  [m[[1;34mhttp-nio-8080-exec-2[m] [36mStatusUpdateBusinessRuleServiceImpl[m - [rules] START validate-trade tradeId=1548591 sideId=2 code=RULE_ASSIGNMENT
[30m2026-09-09T12:11:31,146[m [32mINFO  [m[[1;34mhttp-nio-8080-exec-2[m] [36mStatusUpdateBusinessRuleServiceImpl[m - [rules] process-rule rule=RULE_SIDE ruleId=230 result=OK status-http=2ms total=2ms
[30m2026-09-09T12:11:31,148[m [32mINFO  [m[[1;34mhttp-nio-8080-exec-2[m] [36mStatusUpdateBusinessRuleServiceImpl[m - [rules] process-rule rule=RULE_FRACTION ruleId=232 result=OK status-http=1ms total=2ms
[30m2026-09-09T12:11:31,150[m [32mINFO  [m[[1;34mhttp-nio-8080-exec-2[m] [36mStatusUpdateBusinessRuleServiceImpl[m - [rules] process-rule rule=RULE_FRACTION_CUSTODIAN ruleId=239 result=OK status-http=1ms total=1ms
[30m2026-09-09T12:11:31,152[m [32mINFO  [m[[1;34mhttp-nio-8080-exec-2[m] [36mStatusUpdateBusinessRuleServiceImpl[m - [rules] END validate-trade tradeId=1548591 sideId=2 result=OK elapsed=13ms
[30m2026-09-09T12:11:31,152[m [32mINFO  [m[[1;34mhttp-nio-8080-exec-2[m] [36mStatusUpdateBusinessRuleServiceImpl[m - PERF_ASSIGNMENT service=reglas podName=operaciones-reglas-back-app-5894db7bb6-4scl6 operation=validateUpdateStatusTrade result=SUCCESS tradeId=1548591 side=2 totalMs=13 loadTradeMs=2 loadSettlementsAndInputMs=1 loadBusinessRulesMs=0 evaluationMs=0 tradeRepositoryCalls=1 settlementRepositoryCalls=1 businessRuleRepositoryCalls=0 statusHttpCalls=4 statusRestTotalMs=7
[30m2026-09-09T12:11:31,152[m [32mINFO  [m[[1;34mhttp-nio-8080-exec-2[m] [36mStatusUpdateBusinessRuleServiceImpl[m - PERF_RULES_STATUS_SUMMARY service=reglas podName=operaciones-reglas-back-app-5894db7bb6-4scl6 validationCount=1 statusHttpCalls=4 statusHttpTotalMs=7 uniqueStatusTransitionKeys=4 tradeRepositoryCalls=1 settlementRepositoryCalls=1 businessRuleRepositoryCalls=0
[30m2026-09-09T12:11:31,192[m [32mINFO  [m[[1;34mhttp-nio-8080-exec-3[m] [36mStatusUpdateBusinessRuleServiceImpl[m - [rules] START validate-trade tradeId=1548396 sideId=2 code=RULE_ASSIGNMENT
[30m2026-09-09T12:11:31,200[m [32mINFO  [m[[1;34mhttp-nio-8080-exec-3[m] [36mStatusUpdateBusinessRuleServiceImpl[m - [rules] process-rule rule=RULE_SIDE ruleId=230 result=OK status-http=2ms total=2ms
[30m2026-09-09T12:11:31,202[m [32mINFO  [m[[1;34mhttp-nio-8080-exec-3[m] [36mStatusUpdateBusinessRuleServiceImpl[m - [rules] process-rule rule=RULE_FRACTION ruleId=232 result=OK status-http=1ms total=1ms
[30m2026-09-09T12:11:31,207[m [32mINFO  [m[[1;34mhttp-nio-8080-exec-3[m] [36mStatusUpdateBusinessRuleServiceImpl[m - [rules] process-rule rule=RULE_FRACTION_CUSTODIAN ruleId=239 result=OK status-http=5ms total=5ms
[30m2026-09-09T12:11:31,210[m [32mINFO  [m[[1;34mhttp-nio-8080-exec-3[m] [36mStatusUpdateBusinessRuleServiceImpl[m - [rules] END validate-trade tradeId=1548396 sideId=2 result=OK elapsed=17ms
[30m2026-09-09T12:11:31,210[m [32mINFO  [m[[1;34mhttp-nio-8080-exec-3[m] [36mStatusUpdateBusinessRuleServiceImpl[m - PERF_ASSIGNMENT service=reglas podName=operaciones-reglas-back-app-5894db7bb6-4scl6 operation=validateUpdateStatusTrade result=SUCCESS tradeId=1548396 side=2 totalMs=18 loadTradeMs=2 loadSettlementsAndInputMs=1 loadBusinessRulesMs=0 evaluationMs=0 tradeRepositoryCalls=1 settlementRepositoryCalls=1 businessRuleRepositoryCalls=0 statusHttpCalls=4 statusRestTotalMs=12
[30m2026-09-09T12:11:31,210[m [32mINFO  [m[[1;34mhttp-nio-8080-exec-3[m] [36mStatusUpdateBusinessRuleServiceImpl[m - PERF_RULES_STATUS_SUMMARY service=reglas podName=operaciones-reglas-back-app-5894db7bb6-4scl6 validationCount=1 statusHttpCalls=4 statusHttpTotalMs=12 uniqueStatusTransitionKeys=4 tradeRepositoryCalls=1 settlementRepositoryCalls=1 businessRuleRepositoryCalls=0
[30m2026-09-09T12:11:31,253[m [32mINFO  [m[[1;34mhttp-nio-8080-exec-4[m] [36mStatusUpdateBusinessRuleServiceImpl[m - [rules] START validate-trade tradeId=1548414 sideId=2 code=RULE_ASSIGNMENT
[30m2026-09-09T12:11:31,260[m [32mINFO  [m[[1;34mhttp-nio-8080-exec-4[m] [36mStatusUpdateBusinessRuleServiceImpl[m - [rules] process-rule rule=RULE_SIDE ruleId=230 result=OK status-http=2ms total=2ms
[30m2026-09-09T12:11:31,263[m [32mINFO  [m[[1;34mhttp-nio-8080-exec-4[m] [36mStatusUpdateBusinessRuleServiceImpl[m - [rules] process-rule rule=RULE_FRACTION ruleId=232 result=OK status-http=2ms total=2ms
[30m2026-09-09T12:11:31,265[m [32mINFO  [m[[1;34mhttp-nio-8080-exec-4[m] [36mStatusUpdateBusinessRuleServiceImpl[m - [rules] process-rule rule=RULE_FRACTION_CUSTODIAN ruleId=239 result=OK status-http=2ms total=2ms
[30m2026-09-09T12:11:31,268[m [32mINFO  [m[[1;34mhttp-nio-8080-exec-4[m] [36mStatusUpdateBusinessRuleServiceImpl[m - [rules] END validate-trade tradeId=1548414 sideId=2 result=OK elapsed=14ms
[30m2026-09-09T12:11:31,268[m [32mINFO  [m[[1;34mhttp-nio-8080-exec-4[m] [36mStatusUpdateBusinessRuleServiceImpl[m - PERF_ASSIGNMENT service=reglas podName=operaciones-reglas-back-app-5894db7bb6-4scl6 operation=validateUpdateStatusTrade result=SUCCESS tradeId=1548414 side=2 totalMs=14 loadTradeMs=2 loadSettlementsAndInputMs=1 loadBusinessRulesMs=0 evaluationMs=0 tradeRepositoryCalls=1 settlementRepositoryCalls=1 businessRuleRepositoryCalls=0 statusHttpCalls=4 statusRestTotalMs=8
[30m2026-09-09T12:11:31,268[m [32mINFO  [m[[1;34mhttp-nio-8080-exec-4[m] [36mStatusUpdateBusinessRuleServiceImpl[m - PERF_RULES_STATUS_SUMMARY service=reglas podName=operaciones-reglas-back-app-5894db7bb6-4scl6 validationCount=1 statusHttpCalls=4 statusHttpTotalMs=8 uniqueStatusTransitionKeys=4 tradeRepositoryCalls=1 settlementRepositoryCalls=1 businessRuleRepositoryCalls=0
[30m2026-09-09T12:11:31,306[m [32mINFO  [m[[1;34mhttp-nio-8080-exec-5[m] [36mStatusUpdateBusinessRuleServiceImpl[m - [rules] START validate-trade tradeId=1548432 sideId=2 code=RULE_ASSIGNMENT
[30m2026-09-09T12:11:31,315[m [32mINFO  [m[[1;34mhttp-nio-8080-exec-5[m] [36mStatusUpdateBusinessRuleServiceImpl[m - [rules] process-rule rule=RULE_SIDE ruleId=230 result=OK status-http=4ms total=5ms
[30m2026-09-09T12:11:31,319[m [32mINFO  [m[[1;34mhttp-nio-8080-exec-5[m] [36mStatusUpdateBusinessRuleServiceImpl[m - [rules] process-rule rule=RULE_FRACTION ruleId=232 result=OK status-http=4ms total=4ms
[30m2026-09-09T12:11:31,323[m [32mINFO  [m[[1;34mhttp-nio-8080-exec-5[m] [36mStatusUpdateBusinessRuleServiceImpl[m - [rules] process-rule rule=RULE_FRACTION_CUSTODIAN ruleId=239 result=OK status-http=3ms total=3ms
[30m2026-09-09T12:11:31,328[m [32mINFO  [m[[1;34mhttp-nio-8080-exec-5[m] [36mStatusUpdateBusinessRuleServiceImpl[m - [rules] END validate-trade tradeId=1548432 sideId=2 result=OK elapsed=22ms
[30m2026-09-09T12:11:31,329[m [32mINFO  [m[[1;34mhttp-nio-8080-exec-5[m] [36mStatusUpdateBusinessRuleServiceImpl[m - PERF_ASSIGNMENT service=reglas podName=operaciones-reglas-back-app-5894db7bb6-4scl6 operation=validateUpdateStatusTrade result=SUCCESS tradeId=1548432 side=2 totalMs=22 loadTradeMs=2 loadSettlementsAndInputMs=1 loadBusinessRulesMs=0 evaluationMs=0 tradeRepositoryCalls=1 settlementRepositoryCalls=1 businessRuleRepositoryCalls=0 statusHttpCalls=4 statusRestTotalMs=17
[30m2026-09-09T12:11:31,329[m [32mINFO  [m[[1;34mhttp-nio-8080-exec-5[m] [36mStatusUpdateBusinessRuleServiceImpl[m - PERF_RULES_STATUS_SUMMARY service=reglas podName=operaciones-reglas-back-app-5894db7bb6-4scl6 validationCount=1 statusHttpCalls=4 statusHttpTotalMs=17 uniqueStatusTransitionKeys=4 tradeRepositoryCalls=1 settlementRepositoryCalls=1 businessRuleRepositoryCalls=0
[30m2026-09-09T12:11:31,367[m [32mINFO  [m[[1;34mhttp-nio-8080-exec-6[m] [36mStatusUpdateBusinessRuleServiceImpl[m - [rules] START validate-trade tradeId=1548433 sideId=2 code=RULE_ASSIGNMENT
[30m2026-09-09T12:11:31,374[m [32mINFO  [m[[1;34mhttp-nio-8080-exec-6[m] [36mStatusUpdateBusinessRuleServiceImpl[m - [rules] process-rule rule=RULE_SIDE ruleId=230 result=OK status-http=2ms total=3ms
[30m2026-09-09T12:11:31,377[m [32mINFO  [m[[1;34mhttp-nio-8080-exec-6[m] [36mStatusUpdateBusinessRuleServiceImpl[m - [rules] process-rule rule=RULE_FRACTION ruleId=232 result=OK status-http=2ms total=2ms
[30m2026-09-09T12:11:31,382[m [32mINFO  [m[[1;34mhttp-nio-8080-exec-6[m] [36mStatusUpdateBusinessRuleServiceImpl[m - [rules] process-rule rule=RULE_FRACTION_CUSTODIAN ruleId=239 result=OK status-http=5ms total=5ms
[30m2026-09-09T12:11:31,385[m [32mINFO  [m[[1;34mhttp-nio-8080-exec-6[m] [36mStatusUpdateBusinessRuleServiceImpl[m - [rules] END validate-trade tradeId=1548433 sideId=2 result=OK elapsed=18ms
[30m2026-09-09T12:11:31,386[m [32mINFO  [m[[1;34mhttp-nio-8080-exec-6[m] [36mStatusUpdateBusinessRuleServiceImpl[m - PERF_ASSIGNMENT service=reglas podName=operaciones-reglas-back-app-5894db7bb6-4scl6 operation=validateUpdateStatusTrade result=SUCCESS tradeId=1548433 side=2 totalMs=18 loadTradeMs=2 loadSettlementsAndInputMs=1 loadBusinessRulesMs=0 evaluationMs=0 tradeRepositoryCalls=1 settlementRepositoryCalls=1 businessRuleRepositoryCalls=0 statusHttpCalls=4 statusRestTotalMs=13
[30m2026-09-09T12:11:31,386[m [32mINFO  [m[[1;34mhttp-nio-8080-exec-6[m] [36mStatusUpdateBusinessRuleServiceImpl[m - PERF_RULES_STATUS_SUMMARY service=reglas podName=operaciones-reglas-back-app-5894db7bb6-4scl6 validationCount=1 statusHttpCalls=4 statusHttpTotalMs=13 uniqueStatusTransitionKeys=4 tradeRepositoryCalls=1 settlementRepositoryCalls=1 businessRuleRepositoryCalls=0
[30m2026-09-09T12:11:31,432[m [32mINFO  [m[[1;34mhttp-nio-8080-exec-8[m] [36mStatusUpdateBusinessRuleServiceImpl[m - [rules] START validate-trade tradeId=1555012 sideId=2 code=RULE_ASSIGNMENT
[30m2026-09-09T12:11:31,443[m [32mINFO  [m[[1;34mhttp-nio-8080-exec-8[m] [36mStatusUpdateBusinessRuleServiceImpl[m - [rules] process-rule rule=RULE_SIDE ruleId=230 result=OK status-http=6ms total=6ms
[30m2026-09-09T12:11:31,445[m [32mINFO  [m[[1;34mhttp-nio-8080-exec-8[m] [36mStatusUpdateBusinessRuleServiceImpl[m - [rules] process-rule rule=RULE_FRACTION ruleId=232 result=OK status-http=2ms total=2ms
[30m2026-09-09T12:11:31,449[m [32mINFO  [m[[1;34mhttp-nio-8080-exec-8[m] [36mStatusUpdateBusinessRuleServiceImpl[m - [rules] process-rule rule=RULE_FRACTION_CUSTODIAN ruleId=239 result=OK status-http=3ms total=3ms
[30m2026-09-09T12:11:31,456[m [32mINFO  [m[[1;34mhttp-nio-8080-exec-8[m] [36mStatusUpdateBusinessRuleServiceImpl[m - [rules] END validate-trade tradeId=1555012 sideId=2 result=OK elapsed=23ms
[30m2026-09-09T12:11:31,456[m [32mINFO  [m[[1;34mhttp-nio-8080-exec-8[m] [36mStatusUpdateBusinessRuleServiceImpl[m - PERF_ASSIGNMENT service=reglas podName=operaciones-reglas-back-app-5894db7bb6-4scl6 operation=validateUpdateStatusTrade result=SUCCESS tradeId=1555012 side=2 totalMs=23 loadTradeMs=2 loadSettlementsAndInputMs=1 loadBusinessRulesMs=0 evaluationMs=0 tradeRepositoryCalls=1 settlementRepositoryCalls=1 businessRuleRepositoryCalls=0 statusHttpCalls=4 statusRestTotalMs=18
[30m2026-09-09T12:11:31,456[m [32mINFO  [m[[1;34mhttp-nio-8080-exec-8[m] [36mStatusUpdateBusinessRuleServiceImpl[m - PERF_RULES_STATUS_SUMMARY service=reglas podName=operaciones-reglas-back-app-5894db7bb6-4scl6 validationCount=1 statusHttpCalls=4 statusHttpTotalMs=18 uniqueStatusTransitionKeys=4 tradeRepositoryCalls=1 settlementRepositoryCalls=1 businessRuleRepositoryCalls=0
[30m2026-09-09T12:11:31,503[m [32mINFO  [m[[1;34mhttp-nio-8080-exec-7[m] [36mStatusUpdateBusinessRuleServiceImpl[m - [rules] START validate-trade tradeId=1555034 sideId=2 code=RULE_ASSIGNMENT
[30m2026-09-09T12:11:31,510[m [32mINFO  [m[[1;34mhttp-nio-8080-exec-7[m] [36mStatusUpdateBusinessRuleServiceImpl[m - [rules] process-rule rule=RULE_SIDE ruleId=230 result=OK status-http=2ms total=2ms
[30m2026-09-09T12:11:31,513[m [32mINFO  [m[[1;34mhttp-nio-8080-exec-7[m] [36mStatusUpdateBusinessRuleServiceImpl[m - [rules] process-rule rule=RULE_FRACTION ruleId=232 result=OK status-http=2ms total=2ms
[30m2026-09-09T12:11:31,517[m [32mINFO  [m[[1;34mhttp-nio-8080-exec-7[m] [36mStatusUpdateBusinessRuleServiceImpl[m - [rules] process-rule rule=RULE_FRACTION_CUSTODIAN ruleId=239 result=OK status-http=3ms total=3ms
[30m2026-09-09T12:11:31,520[m [32mINFO  [m[[1;34mhttp-nio-8080-exec-7[m] [36mStatusUpdateBusinessRuleServiceImpl[m - [rules] END validate-trade tradeId=1555034 sideId=2 result=OK elapsed=16ms
[30m2026-09-09T12:11:31,520[m [32mINFO  [m[[1;34mhttp-nio-8080-exec-7[m] [36mStatusUpdateBusinessRuleServiceImpl[m - PERF_ASSIGNMENT service=reglas podName=operaciones-reglas-back-app-5894db7bb6-4scl6 operation=validateUpdateStatusTrade result=SUCCESS tradeId=1555034 side=2 totalMs=16 loadTradeMs=2 loadSettlementsAndInputMs=1 loadBusinessRulesMs=0 evaluationMs=0 tradeRepositoryCalls=1 settlementRepositoryCalls=1 businessRuleRepositoryCalls=0 statusHttpCalls=4 statusRestTotalMs=11
[30m2026-09-09T12:11:31,520[m [32mINFO  [m[[1;34mhttp-nio-8080-exec-7[m] [36mStatusUpdateBusinessRuleServiceImpl[m - PERF_RULES_STATUS_SUMMARY service=reglas podName=operaciones-reglas-back-app-5894db7bb6-4scl6 validationCount=1 statusHttpCalls=4 statusHttpTotalMs=11 uniqueStatusTransitionKeys=4 tradeRepositoryCalls=1 settlementRepositoryCalls=1 businessRuleRepositoryCalls=0
[30m2026-09-09T12:11:31,559[m [32mINFO  [m[[1;34mhttp-nio-8080-exec-10[m] [36mStatusUpdateBusinessRuleServiceImpl[m - [rules] START validate-trade tradeId=1550333 sideId=2 code=RULE_ASSIGNMENT
[30m2026-09-09T12:11:31,566[m [32mINFO  [m[[1;34mhttp-nio-8080-exec-10[m] [36mStatusUpdateBusinessRuleServiceImpl[m - [rules] process-rule rule=RULE_SIDE ruleId=230 result=OK status-http=2ms total=3ms
[30m2026-09-09T12:11:31,568[m [32mINFO  [m[[1;34mhttp-nio-8080-exec-10[m] [36mStatusUpdateBusinessRuleServiceImpl[m - [rules] process-rule rule=RULE_FRACTION ruleId=232 result=OK status-http=1ms total=2ms
[30m2026-09-09T12:11:31,570[m [32mINFO  [m[[1;34mhttp-nio-8080-exec-10[m] [36mStatusUpdateBusinessRuleServiceImpl[m - [rules] process-rule rule=RULE_FRACTION_CUSTODIAN ruleId=239 result=OK status-http=1ms total=2ms
[30m2026-09-09T12:11:31,573[m [32mINFO  [m[[1;34mhttp-nio-8080-exec-10[m] [36mStatusUpdateBusinessRuleServiceImpl[m - [rules] END validate-trade tradeId=1550333 sideId=2 result=OK elapsed=13ms
[30m2026-09-09T12:11:31,573[m [32mINFO  [m[[1;34mhttp-nio-8080-exec-10[m] [36mStatusUpdateBusinessRuleServiceImpl[m - PERF_ASSIGNMENT service=reglas podName=operaciones-reglas-back-app-5894db7bb6-4scl6 operation=validateUpdateStatusTrade result=SUCCESS tradeId=1550333 side=2 totalMs=14 loadTradeMs=2 loadSettlementsAndInputMs=1 loadBusinessRulesMs=0 evaluationMs=0 tradeRepositoryCalls=1 settlementRepositoryCalls=1 businessRuleRepositoryCalls=0 statusHttpCalls=4 statusRestTotalMs=8
[30m2026-09-09T12:11:31,573[m [32mINFO  [m[[1;34mhttp-nio-8080-exec-10[m] [36mStatusUpdateBusinessRuleServiceImpl[m - PERF_RULES_STATUS_SUMMARY service=reglas podName=operaciones-reglas-back-app-5894db7bb6-4scl6 validationCount=1 statusHttpCalls=4 statusHttpTotalMs=8 uniqueStatusTransitionKeys=4 tradeRepositoryCalls=1 settlementRepositoryCalls=1 businessRuleRepositoryCalls=0
[30m2026-09-09T12:11:31,612[m [32mINFO  [m[[1;34mhttp-nio-8080-exec-9[m] [36mStatusUpdateBusinessRuleServiceImpl[m - [rules] START validate-trade tradeId=1550371 sideId=2 code=RULE_ASSIGNMENT
[30m2026-09-09T12:11:31,618[m [32mINFO  [m[[1;34mhttp-nio-8080-exec-9[m] [36mStatusUpdateBusinessRuleServiceImpl[m - [rules] process-rule rule=RULE_SIDE ruleId=230 result=OK status-http=2ms total=2ms
[30m2026-09-09T12:11:31,620[m [32mINFO  [m[[1;34mhttp-nio-8080-exec-9[m] [36mStatusUpdateBusinessRuleServiceImpl[m - [rules] process-rule rule=RULE_FRACTION ruleId=232 result=OK status-http=1ms total=1ms
[30m2026-09-09T12:11:31,622[m [32mINFO  [m[[1;34mhttp-nio-8080-exec-9[m] [36mStatusUpdateBusinessRuleServiceImpl[m - [rules] process-rule rule=RULE_FRACTION_CUSTODIAN ruleId=239 result=OK status-http=1ms total=1ms
[30m2026-09-09T12:11:31,624[m [32mINFO  [m[[1;34mhttp-nio-8080-exec-9[m] [36mStatusUpdateBusinessRuleServiceImpl[m - [rules] END validate-trade tradeId=1550371 sideId=2 result=OK elapsed=12ms
[30m2026-09-09T12:11:31,624[m [32mINFO  [m[[1;34mhttp-nio-8080-exec-9[m] [36mStatusUpdateBusinessRuleServiceImpl[m - PERF_ASSIGNMENT service=reglas podName=operaciones-reglas-back-app-5894db7bb6-4scl6 operation=validateUpdateStatusTrade result=SUCCESS tradeId=1550371 side=2 totalMs=12 loadTradeMs=2 loadSettlementsAndInputMs=1 loadBusinessRulesMs=0 evaluationMs=0 tradeRepositoryCalls=1 settlementRepositoryCalls=1 businessRuleRepositoryCalls=0 statusHttpCalls=4 statusRestTotalMs=7
[30m2026-09-09T12:11:31,624[m [32mINFO  [m[[1;34mhttp-nio-8080-exec-9[m] [36mStatusUpdateBusinessRuleServiceImpl[m - PERF_RULES_STATUS_SUMMARY service=reglas podName=operaciones-reglas-back-app-5894db7bb6-4scl6 validationCount=1 statusHttpCalls=4 statusHttpTotalMs=7 uniqueStatusTransitionKeys=4 tradeRepositoryCalls=1 settlementRepositoryCalls=1 businessRuleRepositoryCalls=0
[30m2026-09-09T12:11:31,668[m [32mINFO  [m[[1;34mhttp-nio-8080-exec-12[m] [36mStatusUpdateBusinessRuleServiceImpl[m - [rules] START validate-trade tradeId=1555056 sideId=2 code=RULE_ASSIGNMENT
[30m2026-09-09T12:11:31,674[m [32mINFO  [m[[1;34mhttp-nio-8080-exec-12[m] [36mStatusUpdateBusinessRuleServiceImpl[m - [rules] process-rule rule=RULE_SIDE ruleId=230 result=OK status-http=2ms total=2ms
[30m2026-09-09T12:11:31,676[m [32mINFO  [m[[1;34mhttp-nio-8080-exec-12[m] [36mStatusUpdateBusinessRuleServiceImpl[m - [rules] process-rule rule=RULE_FRACTION ruleId=232 result=OK status-http=1ms total=1ms
[30m2026-09-09T12:11:31,678[m [32mINFO  [m[[1;34mhttp-nio-8080-exec-12[m] [36mStatusUpdateBusinessRuleServiceImpl[m - [rules] process-rule rule=RULE_FRACTION_CUSTODIAN ruleId=239 result=OK status-http=1ms total=2ms
[30m2026-09-09T12:11:31,680[m [32mINFO  [m[[1;34mhttp-nio-8080-exec-12[m] [36mStatusUpdateBusinessRuleServiceImpl[m - [rules] END validate-trade tradeId=1555056 sideId=2 result=OK elapsed=12ms
[30m2026-09-09T12:11:31,680[m [32mINFO  [m[[1;34mhttp-nio-8080-exec-12[m] [36mStatusUpdateBusinessRuleServiceImpl[m - PERF_ASSIGNMENT service=reglas podName=operaciones-reglas-back-app-5894db7bb6-4scl6 operation=validateUpdateStatusTrade result=SUCCESS tradeId=1555056 side=2 totalMs=12 loadTradeMs=2 loadSettlementsAndInputMs=1 loadBusinessRulesMs=0 evaluationMs=0 tradeRepositoryCalls=1 settlementRepositoryCalls=1 businessRuleRepositoryCalls=0 statusHttpCalls=4 statusRestTotalMs=7
[30m2026-09-09T12:11:31,680[m [32mINFO  [m[[1;34mhttp-nio-8080-exec-12[m] [36mStatusUpdateBusinessRuleServiceImpl[m - PERF_RULES_STATUS_SUMMARY service=reglas podName=operaciones-reglas-back-app-5894db7bb6-4scl6 validationCount=1 statusHttpCalls=4 statusHttpTotalMs=7 uniqueStatusTransitionKeys=4 tradeRepositoryCalls=1 settlementRepositoryCalls=1 businessRuleRepositoryCalls=0
[30m2026-09-09T12:11:31,718[m [32mINFO  [m[[1;34mhttp-nio-8080-exec-11[m] [36mStatusUpdateBusinessRuleServiceImpl[m - [rules] START validate-trade tradeId=1555077 sideId=2 code=RULE_ASSIGNMENT
[30m2026-09-09T12:11:31,724[m [32mINFO  [m[[1;34mhttp-nio-8080-exec-11[m] [36mStatusUpdateBusinessRuleServiceImpl[m - [rules] process-rule rule=RULE_SIDE ruleId=230 result=OK status-http=2ms total=2ms
[30m2026-09-09T12:11:31,726[m [32mINFO  [m[[1;34mhttp-nio-8080-exec-11[m] [36mStatusUpdateBusinessRuleServiceImpl[m - [rules] process-rule rule=RULE_FRACTION ruleId=232 result=OK status-http=1ms total=2ms
[30m2026-09-09T12:11:31,728[m [32mINFO  [m[[1;34mhttp-nio-8080-exec-11[m] [36mStatusUpdateBusinessRuleServiceImpl[m - [rules] process-rule rule=RULE_FRACTION_CUSTODIAN ruleId=239 result=OK status-http=1ms total=1ms
[30m2026-09-09T12:11:31,731[m [32mINFO  [m[[1;34mhttp-nio-8080-exec-11[m] [36mStatusUpdateBusinessRuleServiceImpl[m - [rules] END validate-trade tradeId=1555077 sideId=2 result=OK elapsed=12ms
[30m2026-09-09T12:11:31,731[m [32mINFO  [m[[1;34mhttp-nio-8080-exec-11[m] [36mStatusUpdateBusinessRuleServiceImpl[m - PERF_ASSIGNMENT service=reglas podName=operaciones-reglas-back-app-5894db7bb6-4scl6 operation=validateUpdateStatusTrade result=SUCCESS tradeId=1555077 side=2 totalMs=12 loadTradeMs=2 loadSettlementsAndInputMs=1 loadBusinessRulesMs=0 evaluationMs=0 tradeRepositoryCalls=1 settlementRepositoryCalls=1 businessRuleRepositoryCalls=0 statusHttpCalls=4 statusRestTotalMs=8
[30m2026-09-09T12:11:31,731[m [32mINFO  [m[[1;34mhttp-nio-8080-exec-11[m] [36mStatusUpdateBusinessRuleServiceImpl[m - PERF_RULES_STATUS_SUMMARY service=reglas podName=operaciones-reglas-back-app-5894db7bb6-4scl6 validationCount=1 statusHttpCalls=4 statusHttpTotalMs=8 uniqueStatusTransitionKeys=4 tradeRepositoryCalls=1 settlementRepositoryCalls=1 businessRuleRepositoryCalls=0
[30m2026-09-09T12:11:31,770[m [32mINFO  [m[[1;34mhttp-nio-8080-exec-15[m] [36mStatusUpdateBusinessRuleServiceImpl[m - [rules] START validate-trade tradeId=1555079 sideId=2 code=RULE_ASSIGNMENT
[30m2026-09-09T12:11:31,777[m [32mINFO  [m[[1;34mhttp-nio-8080-exec-15[m] [36mStatusUpdateBusinessRuleServiceImpl[m - [rules] process-rule rule=RULE_SIDE ruleId=230 result=OK status-http=2ms total=2ms
[30m2026-09-09T12:11:31,779[m [32mINFO  [m[[1;34mhttp-nio-8080-exec-15[m] [36mStatusUpdateBusinessRuleServiceImpl[m - [rules] process-rule rule=RULE_FRACTION ruleId=232 result=OK status-http=2ms total=2ms
[30m2026-09-09T12:11:31,782[m [32mINFO  [m[[1;34mhttp-nio-8080-exec-15[m] [36mStatusUpdateBusinessRuleServiceImpl[m - [rules] process-rule rule=RULE_FRACTION_CUSTODIAN ruleId=239 result=OK status-http=2ms total=2ms
[30m2026-09-09T12:11:31,784[m [32mINFO  [m[[1;34mhttp-nio-8080-exec-15[m] [36mStatusUpdateBusinessRuleServiceImpl[m - [rules] END validate-trade tradeId=1555079 sideId=2 result=OK elapsed=13ms
[30m2026-09-09T12:11:31,784[m [32mINFO  [m[[1;34mhttp-nio-8080-exec-15[m] [36mStatusUpdateBusinessRuleServiceImpl[m - PERF_ASSIGNMENT service=reglas podName=operaciones-reglas-back-app-5894db7bb6-4scl6 operation=validateUpdateStatusTrade result=SUCCESS tradeId=1555079 side=2 totalMs=13 loadTradeMs=2 loadSettlementsAndInputMs=1 loadBusinessRulesMs=0 evaluationMs=0 tradeRepositoryCalls=1 settlementRepositoryCalls=1 businessRuleRepositoryCalls=0 statusHttpCalls=4 statusRestTotalMs=8
[30m2026-09-09T12:11:31,784[m [32mINFO  [m[[1;34mhttp-nio-8080-exec-15[m] [36mStatusUpdateBusinessRuleServiceImpl[m - PERF_RULES_STATUS_SUMMARY service=reglas podName=operaciones-reglas-back-app-5894db7bb6-4scl6 validationCount=1 statusHttpCalls=4 statusHttpTotalMs=8 uniqueStatusTransitionKeys=4 tradeRepositoryCalls=1 settlementRepositoryCalls=1 businessRuleRepositoryCalls=0
[30m2026-09-09T12:11:31,823[m [32mINFO  [m[[1;34mhttp-nio-8080-exec-13[m] [36mStatusUpdateBusinessRuleServiceImpl[m - [rules] START validate-trade tradeId=1555080 sideId=2 code=RULE_ASSIGNMENT
[30m2026-09-09T12:11:31,831[m [32mINFO  [m[[1;34mhttp-nio-8080-exec-13[m] [36mStatusUpdateBusinessRuleServiceImpl[m - [rules] process-rule rule=RULE_SIDE ruleId=230 result=OK status-http=3ms total=3ms
[30m2026-09-09T12:11:31,834[m [32mINFO  [m[[1;34mhttp-nio-8080-exec-13[m] [36mStatusUpdateBusinessRuleServiceImpl[m - [rules] process-rule rule=RULE_FRACTION ruleId=232 result=OK status-http=2ms total=2ms
[30m2026-09-09T12:11:31,837[m [32mINFO  [m[[1;34mhttp-nio-8080-exec-13[m] [36mStatusUpdateBusinessRuleServiceImpl[m - [rules] process-rule rule=RULE_FRACTION_CUSTODIAN ruleId=239 result=OK status-http=2ms total=2ms
[30m2026-09-09T12:11:31,841[m [32mINFO  [m[[1;34mhttp-nio-8080-exec-13[m] [36mStatusUpdateBusinessRuleServiceImpl[m - [rules] END validate-trade tradeId=1555080 sideId=2 result=OK elapsed=18ms
[30m2026-09-09T12:11:31,841[m [32mINFO  [m[[1;34mhttp-nio-8080-exec-13[m] [36mStatusUpdateBusinessRuleServiceImpl[m - PERF_ASSIGNMENT service=reglas podName=operaciones-reglas-back-app-5894db7bb6-4scl6 operation=validateUpdateStatusTrade result=SUCCESS tradeId=1555080 side=2 totalMs=18 loadTradeMs=3 loadSettlementsAndInputMs=1 loadBusinessRulesMs=0 evaluationMs=0 tradeRepositoryCalls=1 settlementRepositoryCalls=1 businessRuleRepositoryCalls=0 statusHttpCalls=4 statusRestTotalMs=11
[30m2026-09-09T12:11:31,841[m [32mINFO  [m[[1;34mhttp-nio-8080-exec-13[m] [36mStatusUpdateBusinessRuleServiceImpl[m - PERF_RULES_STATUS_SUMMARY service=reglas podName=operaciones-reglas-back-app-5894db7bb6-4scl6 validationCount=1 statusHttpCalls=4 statusHttpTotalMs=11 uniqueStatusTransitionKeys=4 tradeRepositoryCalls=1 settlementRepositoryCalls=1 businessRuleRepositoryCalls=0
[30m2026-09-09T12:11:31,886[m [32mINFO  [m[[1;34mhttp-nio-8080-exec-18[m] [36mStatusUpdateBusinessRuleServiceImpl[m - [rules] START validate-trade tradeId=1555082 sideId=2 code=RULE_ASSIGNMENT
[30m2026-09-09T12:11:31,893[m [32mINFO  [m[[1;34mhttp-nio-8080-exec-18[m] [36mStatusUpdateBusinessRuleServiceImpl[m - [rules] process-rule rule=RULE_SIDE ruleId=230 result=OK status-http=2ms total=2ms
[30m2026-09-09T12:11:31,895[m [32mINFO  [m[[1;34mhttp-nio-8080-exec-18[m] [36mStatusUpdateBusinessRuleServiceImpl[m - [rules] process-rule rule=RULE_FRACTION ruleId=232 result=OK status-http=2ms total=2ms
[30m2026-09-09T12:11:31,898[m [32mINFO  [m[[1;34mhttp-nio-8080-exec-18[m] [36mStatusUpdateBusinessRuleServiceImpl[m - [rules] process-rule rule=RULE_FRACTION_CUSTODIAN ruleId=239 result=OK status-http=2ms total=2ms
[30m2026-09-09T12:11:31,901[m [32mINFO  [m[[1;34mhttp-nio-8080-exec-18[m] [36mStatusUpdateBusinessRuleServiceImpl[m - [rules] END validate-trade tradeId=1555082 sideId=2 result=OK elapsed=15ms
[30m2026-09-09T12:11:31,901[m [32mINFO  [m[[1;34mhttp-nio-8080-exec-18[m] [36mStatusUpdateBusinessRuleServiceImpl[m - PERF_ASSIGNMENT service=reglas podName=operaciones-reglas-back-app-5894db7bb6-4scl6 operation=validateUpdateStatusTrade result=SUCCESS tradeId=1555082 side=2 totalMs=15 loadTradeMs=2 loadSettlementsAndInputMs=1 loadBusinessRulesMs=0 evaluationMs=0 tradeRepositoryCalls=1 settlementRepositoryCalls=1 businessRuleRepositoryCalls=0 statusHttpCalls=4 statusRestTotalMs=9
[30m2026-09-09T12:11:31,901[m [32mINFO  [m[[1;34mhttp-nio-8080-exec-18[m] [36mStatusUpdateBusinessRuleServiceImpl[m - PERF_RULES_STATUS_SUMMARY service=reglas podName=operaciones-reglas-back-app-5894db7bb6-4scl6 validationCount=1 statusHttpCalls=4 statusHttpTotalMs=9 uniqueStatusTransitionKeys=4 tradeRepositoryCalls=1 settlementRepositoryCalls=1 businessRuleRepositoryCalls=0
[30m2026-09-09T12:11:31,947[m [32mINFO  [m[[1;34mhttp-nio-8080-exec-14[m] [36mStatusUpdateBusinessRuleServiceImpl[m - [rules] START validate-trade tradeId=1547637 sideId=2 code=RULE_ASSIGNMENT
[30m2026-09-09T12:11:31,955[m [32mINFO  [m[[1;34mhttp-nio-8080-exec-14[m] [36mStatusUpdateBusinessRuleServiceImpl[m - [rules] process-rule rule=RULE_SIDE ruleId=230 result=OK status-http=2ms total=2ms
[30m2026-09-09T12:11:31,957[m [32mINFO  [m[[1;34mhttp-nio-8080-exec-14[m] [36mStatusUpdateBusinessRuleServiceImpl[m - [rules] process-rule rule=RULE_FRACTION ruleId=232 result=OK status-http=1ms total=2ms
[30m2026-09-09T12:11:31,960[m [32mINFO  [m[[1;34mhttp-nio-8080-exec-14[m] [36mStatusUpdateBusinessRuleServiceImpl[m - [rules] process-rule rule=RULE_FRACTION_CUSTODIAN ruleId=239 result=OK status-http=2ms total=2ms
[30m2026-09-09T12:11:31,962[m [32mINFO  [m[[1;34mhttp-nio-8080-exec-14[m] [36mStatusUpdateBusinessRuleServiceImpl[m - [rules] END validate-trade tradeId=1547637 sideId=2 result=OK elapsed=14ms
[30m2026-09-09T12:11:31,962[m [32mINFO  [m[[1;34mhttp-nio-8080-exec-14[m] [36mStatusUpdateBusinessRuleServiceImpl[m - PERF_ASSIGNMENT service=reglas podName=operaciones-reglas-back-app-5894db7bb6-4scl6 operation=validateUpdateStatusTrade result=SUCCESS tradeId=1547637 side=2 totalMs=14 loadTradeMs=2 loadSettlementsAndInputMs=1 loadBusinessRulesMs=0 evaluationMs=0 tradeRepositoryCalls=1 settlementRepositoryCalls=1 businessRuleRepositoryCalls=0 statusHttpCalls=4 statusRestTotalMs=9
[30m2026-09-09T12:11:31,962[m [32mINFO  [m[[1;34mhttp-nio-8080-exec-14[m] [36mStatusUpdateBusinessRuleServiceImpl[m - PERF_RULES_STATUS_SUMMARY service=reglas podName=operaciones-reglas-back-app-5894db7bb6-4scl6 validationCount=1 statusHttpCalls=4 statusHttpTotalMs=9 uniqueStatusTransitionKeys=4 tradeRepositoryCalls=1 settlementRepositoryCalls=1 businessRuleRepositoryCalls=0
[30m2026-09-09T12:11:32,005[m [32mINFO  [m[[1;34mhttp-nio-8080-exec-16[m] [36mStatusUpdateBusinessRuleServiceImpl[m - [rules] START validate-trade tradeId=1556044 sideId=2 code=RULE_ASSIGNMENT
[30m2026-09-09T12:11:32,013[m [32mINFO  [m[[1;34mhttp-nio-8080-exec-16[m] [36mStatusUpdateBusinessRuleServiceImpl[m - [rules] process-rule rule=RULE_SIDE ruleId=230 result=OK status-http=3ms total=3ms
[30m2026-09-09T12:11:32,017[m [32mINFO  [m[[1;34mhttp-nio-8080-exec-16[m] [36mStatusUpdateBusinessRuleServiceImpl[m - [rules] process-rule rule=RULE_FRACTION ruleId=232 result=OK status-http=3ms total=3ms
[30m2026-09-09T12:11:32,021[m [32mINFO  [m[[1;34mhttp-nio-8080-exec-16[m] [36mStatusUpdateBusinessRuleServiceImpl[m - [rules] process-rule rule=RULE_FRACTION_CUSTODIAN ruleId=239 result=OK status-http=3ms total=3ms
[30m2026-09-09T12:11:32,023[m [32mINFO  [m[[1;34mhttp-nio-8080-exec-16[m] [36mStatusUpdateBusinessRuleServiceImpl[m - [rules] END validate-trade tradeId=1556044 sideId=2 result=OK elapsed=18ms
[30m2026-09-09T12:11:32,023[m [32mINFO  [m[[1;34mhttp-nio-8080-exec-16[m] [36mStatusUpdateBusinessRuleServiceImpl[m - PERF_ASSIGNMENT service=reglas podName=operaciones-reglas-back-app-5894db7bb6-4scl6 operation=validateUpdateStatusTrade result=SUCCESS tradeId=1556044 side=2 totalMs=18 loadTradeMs=3 loadSettlementsAndInputMs=1 loadBusinessRulesMs=0 evaluationMs=0 tradeRepositoryCalls=1 settlementRepositoryCalls=1 businessRuleRepositoryCalls=0 statusHttpCalls=4 statusRestTotalMs=12
[30m2026-09-09T12:11:32,023[m [32mINFO  [m[[1;34mhttp-nio-8080-exec-16[m] [36mStatusUpdateBusinessRuleServiceImpl[m - PERF_RULES_STATUS_SUMMARY service=reglas podName=operaciones-reglas-back-app-5894db7bb6-4scl6 validationCount=1 statusHttpCalls=4 statusHttpTotalMs=12 uniqueStatusTransitionKeys=4 tradeRepositoryCalls=1 settlementRepositoryCalls=1 businessRuleRepositoryCalls=0
[30m2026-09-09T12:11:32,066[m [32mINFO  [m[[1;34mhttp-nio-8080-exec-19[m] [36mStatusUpdateBusinessRuleServiceImpl[m - [rules] START validate-trade tradeId=1550408 sideId=2 code=RULE_ASSIGNMENT
[30m2026-09-09T12:11:32,078[m [32mINFO  [m[[1;34mhttp-nio-8080-exec-19[m] [36mStatusUpdateBusinessRuleServiceImpl[m - [rules] process-rule rule=RULE_SIDE ruleId=230 result=OK status-http=2ms total=2ms
[30m2026-09-09T12:11:32,081[m [32mINFO  [m[[1;34mhttp-nio-8080-exec-19[m] [36mStatusUpdateBusinessRuleServiceImpl[m - [rules] process-rule rule=RULE_FRACTION ruleId=232 result=OK status-http=2ms total=2ms
[30m2026-09-09T12:11:32,085[m [32mINFO  [m[[1;34mhttp-nio-8080-exec-19[m] [36mStatusUpdateBusinessRuleServiceImpl[m - [rules] process-rule rule=RULE_FRACTION_CUSTODIAN ruleId=239 result=OK status-http=3ms total=3ms
[30m2026-09-09T12:11:32,088[m [32mINFO  [m[[1;34mhttp-nio-8080-exec-19[m] [36mStatusUpdateBusinessRuleServiceImpl[m - [rules] END validate-trade tradeId=1550408 sideId=2 result=OK elapsed=22ms
[30m2026-09-09T12:11:32,088[m [32mINFO  [m[[1;34mhttp-nio-8080-exec-19[m] [36mStatusUpdateBusinessRuleServiceImpl[m - PERF_ASSIGNMENT service=reglas podName=operaciones-reglas-back-app-5894db7bb6-4scl6 operation=validateUpdateStatusTrade result=SUCCESS tradeId=1550408 side=2 totalMs=22 loadTradeMs=7 loadSettlementsAndInputMs=1 loadBusinessRulesMs=0 evaluationMs=0 tradeRepositoryCalls=1 settlementRepositoryCalls=1 businessRuleRepositoryCalls=0 statusHttpCalls=4 statusRestTotalMs=11
[30m2026-09-09T12:11:32,088[m [32mINFO  [m[[1;34mhttp-nio-8080-exec-19[m] [36mStatusUpdateBusinessRuleServiceImpl[m - PERF_RULES_STATUS_SUMMARY service=reglas podName=operaciones-reglas-back-app-5894db7bb6-4scl6 validationCount=1 statusHttpCalls=4 statusHttpTotalMs=11 uniqueStatusTransitionKeys=4 tradeRepositoryCalls=1 settlementRepositoryCalls=1 businessRuleRepositoryCalls=0
[30m2026-09-09T12:11:32,132[m [32mINFO  [m[[1;34mhttp-nio-8080-exec-17[m] [36mStatusUpdateBusinessRuleServiceImpl[m - [rules] START validate-trade tradeId=1550464 sideId=2 code=RULE_ASSIGNMENT
[30m2026-09-09T12:11:32,140[m [32mINFO  [m[[1;34mhttp-nio-8080-exec-17[m] [36mStatusUpdateBusinessRuleServiceImpl[m - [rules] process-rule rule=RULE_SIDE ruleId=230 result=OK status-http=2ms total=2ms
[30m2026-09-09T12:11:32,144[m [32mINFO  [m[[1;34mhttp-nio-8080-exec-17[m] [36mStatusUpdateBusinessRuleServiceImpl[m - [rules] process-rule rule=RULE_FRACTION ruleId=232 result=OK status-http=3ms total=3ms
[30m2026-09-09T12:11:32,146[m [32mINFO  [m[[1;34mhttp-nio-8080-exec-17[m] [36mStatusUpdateBusinessRuleServiceImpl[m - [rules] process-rule rule=RULE_FRACTION_CUSTODIAN ruleId=239 result=OK status-http=2ms total=2ms
[30m2026-09-09T12:11:32,151[m [32mINFO  [m[[1;34mhttp-nio-8080-exec-17[m] [36mStatusUpdateBusinessRuleServiceImpl[m - [rules] END validate-trade tradeId=1550464 sideId=2 result=OK elapsed=19ms
[30m2026-09-09T12:11:32,151[m [32mINFO  [m[[1;34mhttp-nio-8080-exec-17[m] [36mStatusUpdateBusinessRuleServiceImpl[m - PERF_ASSIGNMENT service=reglas podName=operaciones-reglas-back-app-5894db7bb6-4scl6 operation=validateUpdateStatusTrade result=SUCCESS tradeId=1550464 side=2 totalMs=19 loadTradeMs=3 loadSettlementsAndInputMs=1 loadBusinessRulesMs=0 evaluationMs=0 tradeRepositoryCalls=1 settlementRepositoryCalls=1 businessRuleRepositoryCalls=0 statusHttpCalls=4 statusRestTotalMs=13
[30m2026-09-09T12:11:32,151[m [32mINFO  [m[[1;34mhttp-nio-8080-exec-17[m] [36mStatusUpdateBusinessRuleServiceImpl[m - PERF_RULES_STATUS_SUMMARY service=reglas podName=operaciones-reglas-back-app-5894db7bb6-4scl6 validationCount=1 statusHttpCalls=4 statusHttpTotalMs=13 uniqueStatusTransitionKeys=4 tradeRepositoryCalls=1 settlementRepositoryCalls=1 businessRuleRepositoryCalls=0
[30m2026-09-09T12:11:32,198[m [32mINFO  [m[[1;34mhttp-nio-8080-exec-21[m] [36mStatusUpdateBusinessRuleServiceImpl[m - [rules] START validate-trade tradeId=1550466 sideId=2 code=RULE_ASSIGNMENT
[30m2026-09-09T12:11:32,213[m [32mINFO  [m[[1;34mhttp-nio-8080-exec-21[m] [36mStatusUpdateBusinessRuleServiceImpl[m - [rules] process-rule rule=RULE_SIDE ruleId=230 result=OK status-http=9ms total=10ms
[30m2026-09-09T12:11:32,216[m [32mINFO  [m[[1;34mhttp-nio-8080-exec-21[m] [36mStatusUpdateBusinessRuleServiceImpl[m - [rules] process-rule rule=RULE_FRACTION ruleId=232 result=OK status-http=2ms total=2ms
[30m2026-09-09T12:11:32,220[m [32mINFO  [m[[1;34mhttp-nio-8080-exec-21[m] [36mStatusUpdateBusinessRuleServiceImpl[m - [rules] process-rule rule=RULE_FRACTION_CUSTODIAN ruleId=239 result=OK status-http=4ms total=4ms
[30m2026-09-09T12:11:32,222[m [32mINFO  [m[[1;34mhttp-nio-8080-exec-21[m] [36mStatusUpdateBusinessRuleServiceImpl[m - [rules] END validate-trade tradeId=1550466 sideId=2 result=OK elapsed=24ms
[30m2026-09-09T12:11:32,223[m [32mINFO  [m[[1;34mhttp-nio-8080-exec-21[m] [36mStatusUpdateBusinessRuleServiceImpl[m - PERF_ASSIGNMENT service=reglas podName=operaciones-reglas-back-app-5894db7bb6-4scl6 operation=validateUpdateStatusTrade result=SUCCESS tradeId=1550466 side=2 totalMs=24 loadTradeMs=2 loadSettlementsAndInputMs=1 loadBusinessRulesMs=0 evaluationMs=0 tradeRepositoryCalls=1 settlementRepositoryCalls=1 businessRuleRepositoryCalls=0 statusHttpCalls=4 statusRestTotalMs=18
[30m2026-09-09T12:11:32,223[m [32mINFO  [m[[1;34mhttp-nio-8080-exec-21[m] [36mStatusUpdateBusinessRuleServiceImpl[m - PERF_RULES_STATUS_SUMMARY service=reglas podName=operaciones-reglas-back-app-5894db7bb6-4scl6 validationCount=1 statusHttpCalls=4 statusHttpTotalMs=18 uniqueStatusTransitionKeys=4 tradeRepositoryCalls=1 settlementRepositoryCalls=1 businessRuleRepositoryCalls=0
[30m2026-09-09T12:11:32,273[m [32mINFO  [m[[1;34mhttp-nio-8080-exec-20[m] [36mStatusUpdateBusinessRuleServiceImpl[m - [rules] START validate-trade tradeId=1557142 sideId=2 code=RULE_ASSIGNMENT
[30m2026-09-09T12:11:32,283[m [32mINFO  [m[[1;34mhttp-nio-8080-exec-20[m] [36mStatusUpdateBusinessRuleServiceImpl[m - [rules] process-rule rule=RULE_SIDE ruleId=230 result=OK status-http=4ms total=4ms
[30m2026-09-09T12:11:32,288[m [32mINFO  [m[[1;34mhttp-nio-8080-exec-20[m] [36mStatusUpdateBusinessRuleServiceImpl[m - [rules] process-rule rule=RULE_FRACTION ruleId=232 result=OK status-http=4ms total=4ms
[30m2026-09-09T12:11:32,291[m [32mINFO  [m[[1;34mhttp-nio-8080-exec-20[m] [36mStatusUpdateBusinessRuleServiceImpl[m - [rules] process-rule rule=RULE_FRACTION_CUSTODIAN ruleId=239 result=OK status-http=3ms total=3ms
[30m2026-09-09T12:11:32,295[m [32mINFO  [m[[1;34mhttp-nio-8080-exec-20[m] [36mStatusUpdateBusinessRuleServiceImpl[m - [rules] END validate-trade tradeId=1557142 sideId=2 result=OK elapsed=22ms
[30m2026-09-09T12:11:32,296[m [32mINFO  [m[[1;34mhttp-nio-8080-exec-20[m] [36mStatusUpdateBusinessRuleServiceImpl[m - PERF_ASSIGNMENT service=reglas podName=operaciones-reglas-back-app-5894db7bb6-4scl6 operation=validateUpdateStatusTrade result=SUCCESS tradeId=1557142 side=2 totalMs=22 loadTradeMs=3 loadSettlementsAndInputMs=1 loadBusinessRulesMs=0 evaluationMs=0 tradeRepositoryCalls=1 settlementRepositoryCalls=1 businessRuleRepositoryCalls=0 statusHttpCalls=4 statusRestTotalMs=16
[30m2026-09-09T12:11:32,296[m [32mINFO  [m[[1;34mhttp-nio-8080-exec-20[m] [36mStatusUpdateBusinessRuleServiceImpl[m - PERF_RULES_STATUS_SUMMARY service=reglas podName=operaciones-reglas-back-app-5894db7bb6-4scl6 validationCount=1 statusHttpCalls=4 statusHttpTotalMs=16 uniqueStatusTransitionKeys=4 tradeRepositoryCalls=1 settlementRepositoryCalls=1 businessRuleRepositoryCalls=0
[30m2026-09-09T12:11:32,338[m [32mINFO  [m[[1;34mhttp-nio-8080-exec-22[m] [36mStatusUpdateBusinessRuleServiceImpl[m - [rules] START validate-trade tradeId=1553321 sideId=2 code=RULE_ASSIGNMENT
[30m2026-09-09T12:11:32,346[m [32mINFO  [m[[1;34mhttp-nio-8080-exec-22[m] [36mStatusUpdateBusinessRuleServiceImpl[m - [rules] process-rule rule=RULE_SIDE ruleId=230 result=OK status-http=3ms total=3ms
[30m2026-09-09T12:11:32,351[m [32mINFO  [m[[1;34mhttp-nio-8080-exec-22[m] [36mStatusUpdateBusinessRuleServiceImpl[m - [rules] process-rule rule=RULE_FRACTION ruleId=232 result=OK status-http=4ms total=4ms
[30m2026-09-09T12:11:32,353[m [32mINFO  [m[[1;34mhttp-nio-8080-exec-22[m] [36mStatusUpdateBusinessRuleServiceImpl[m - [rules] process-rule rule=RULE_FRACTION_CUSTODIAN ruleId=239 result=OK status-http=2ms total=2ms
[30m2026-09-09T12:11:32,356[m [32mINFO  [m[[1;34mhttp-nio-8080-exec-22[m] [36mStatusUpdateBusinessRuleServiceImpl[m - [rules] END validate-trade tradeId=1553321 sideId=2 result=OK elapsed=18ms
[30m2026-09-09T12:11:32,357[m [32mINFO  [m[[1;34mhttp-nio-8080-exec-22[m] [36mStatusUpdateBusinessRuleServiceImpl[m - PERF_ASSIGNMENT service=reglas podName=operaciones-reglas-back-app-5894db7bb6-4scl6 operation=validateUpdateStatusTrade result=SUCCESS tradeId=1553321 side=2 totalMs=18 loadTradeMs=2 loadSettlementsAndInputMs=1 loadBusinessRulesMs=0 evaluationMs=0 tradeRepositoryCalls=1 settlementRepositoryCalls=1 businessRuleRepositoryCalls=0 statusHttpCalls=4 statusRestTotalMs=13
[30m2026-09-09T12:11:32,357[m [32mINFO  [m[[1;34mhttp-nio-8080-exec-22[m] [36mStatusUpdateBusinessRuleServiceImpl[m - PERF_RULES_STATUS_SUMMARY service=reglas podName=operaciones-reglas-back-app-5894db7bb6-4scl6 validationCount=1 statusHttpCalls=4 statusHttpTotalMs=13 uniqueStatusTransitionKeys=4 tradeRepositoryCalls=1 settlementRepositoryCalls=1 businessRuleRepositoryCalls=0
[30m2026-09-09T13:13:01,624[m [32mINFO  [m[[1;34mhttp-nio-8080-exec-23[m] [36mStatusUpdateBusinessRuleServiceImpl[m - [rules] rule-map-cache MISS countryId=37 code=RULE_ASSIGNMENT — loading from DB
[30m2026-09-09T13:13:01,714[m [32mINFO  [m[[1;34mhttp-nio-8080-exec-23[m] [36mStatusUpdateBusinessRuleServiceImpl[m - [rules] rule-map-cache LOADED countryId=37 code=RULE_ASSIGNMENT rules=[RULE_FOLIO, RULE_FRACTION_CUSTODIAN, RULE_SIDE, RULE_FRACTION] elapsed=90ms
[30m2026-09-09T13:13:02,015[m [32mINFO  [m[[1;34mhttp-nio-8080-exec-25[m] [36mStatusUpdateBusinessRuleServiceImpl[m - PERF_RULES_BATCH service=reglas podName=operaciones-reglas-back-app-5894db7bb6-4scl6 batchId=ed9f6ea3-7ec0-457e-9d73-a5e5d291ec4b items=80 tradeRequested=80 tradeUnique=80 tradeRepositoryCalls=1 tradeRowsLoaded=80 tradeBulkMs=182 settlementRequestedPairs=80 settlementUniquePairs=80 settlementRepositoryCalls=1 settlementRowsLoaded=0 settlementBulkMs=17 businessRuleRepositoryCalls=0 statusTransitionRequests=240 uniqueStatusTransitionKeys=3 statusHttpCalls=3 statusHttpTotalMs=6 evaluationMs=82 prevalidatedCount=80 businessValidCount=80 businessRejectedCount=0 fallbackCount=0 totalMs=289 result=SUCCESS
[30m2026-09-09T13:13:02,015[m [32mINFO  [m[[1;34mhttp-nio-8080-exec-25[m] [36mStatusUpdateBusinessRuleServiceImpl[m - PERF_RULES_BATCH_REDUCTION service=reglas podName=operaciones-reglas-back-app-5894db7bb6-4scl6 batchId=ed9f6ea3-7ec0-457e-9d73-a5e5d291ec4b legacyFractionationToRulesHttpCallsEstimated=80 fractionationToRulesBatchHttpCalls=1 legacyTradeReadsEstimated=80 tradeRepositoryReadsAfter=1 legacySettlementReadsEstimated=80 settlementRepositoryReadsAfter=1 logicalStatusTransitionRequests=240 uniqueStatusTransitionKeys=3 statusHttpCallsAfter=3 statusHttpReductionPercent=99
[30m2026-09-09T13:13:02,015[m [32mINFO  [m[[1;34mhttp-nio-8080-exec-23[m] [36mStatusUpdateBusinessRuleServiceImpl[m - PERF_RULES_BATCH service=reglas podName=operaciones-reglas-back-app-5894db7bb6-4scl6 batchId=ed9f6ea3-7ec0-457e-9d73-a5e5d291ec4b items=82 tradeRequested=82 tradeUnique=82 tradeRepositoryCalls=1 tradeRowsLoaded=82 tradeBulkMs=84 settlementRequestedPairs=82 settlementUniquePairs=82 settlementRepositoryCalls=1 settlementRowsLoaded=0 settlementBulkMs=15 businessRuleRepositoryCalls=10 statusTransitionRequests=246 uniqueStatusTransitionKeys=3 statusHttpCalls=3 statusHttpTotalMs=127 evaluationMs=173 prevalidatedCount=82 businessValidCount=82 businessRejectedCount=0 fallbackCount=0 totalMs=492 result=SUCCESS
[30m2026-09-09T13:13:02,015[m [32mINFO  [m[[1;34mhttp-nio-8080-exec-23[m] [36mStatusUpdateBusinessRuleServiceImpl[m - PERF_RULES_BATCH_REDUCTION service=reglas podName=operaciones-reglas-back-app-5894db7bb6-4scl6 batchId=ed9f6ea3-7ec0-457e-9d73-a5e5d291ec4b legacyFractionationToRulesHttpCallsEstimated=82 fractionationToRulesBatchHttpCalls=1 legacyTradeReadsEstimated=82 tradeRepositoryReadsAfter=1 legacySettlementReadsEstimated=82 settlementRepositoryReadsAfter=1 logicalStatusTransitionRequests=246 uniqueStatusTransitionKeys=3 statusHttpCallsAfter=3 statusHttpReductionPercent=99
[30m2026-09-09T13:13:09,397[m [32mINFO  [m[[1;34mhttp-nio-8080-exec-24[m] [36mStatusUpdateBusinessRuleServiceImpl[m - PERF_RULES_BATCH service=reglas podName=operaciones-reglas-back-app-5894db7bb6-4scl6 batchId=d393e819-a548-4018-8c29-8e558858383b items=75 tradeRequested=75 tradeUnique=75 tradeRepositoryCalls=1 tradeRowsLoaded=75 tradeBulkMs=5 settlementRequestedPairs=75 settlementUniquePairs=75 settlementRepositoryCalls=1 settlementRowsLoaded=0 settlementBulkMs=2 businessRuleRepositoryCalls=0 statusTransitionRequests=225 uniqueStatusTransitionKeys=3 statusHttpCalls=3 statusHttpTotalMs=6 evaluationMs=3 prevalidatedCount=75 businessValidCount=75 businessRejectedCount=0 fallbackCount=0 totalMs=18 result=SUCCESS
[30m2026-09-09T13:13:09,397[m [32mINFO  [m[[1;34mhttp-nio-8080-exec-24[m] [36mStatusUpdateBusinessRuleServiceImpl[m - PERF_RULES_BATCH_REDUCTION service=reglas podName=operaciones-reglas-back-app-5894db7bb6-4scl6 batchId=d393e819-a548-4018-8c29-8e558858383b legacyFractionationToRulesHttpCallsEstimated=75 fractionationToRulesBatchHttpCalls=1 legacyTradeReadsEstimated=75 tradeRepositoryReadsAfter=1 legacySettlementReadsEstimated=75 settlementRepositoryReadsAfter=1 logicalStatusTransitionRequests=225 uniqueStatusTransitionKeys=3 statusHttpCallsAfter=3 statusHttpReductionPercent=99
[30m2026-09-09T13:13:09,431[m [32mINFO  [m[[1;34mhttp-nio-8080-exec-26[m] [36mStatusUpdateBusinessRuleServiceImpl[m - PERF_RULES_BATCH service=reglas podName=operaciones-reglas-back-app-5894db7bb6-4scl6 batchId=d393e819-a548-4018-8c29-8e558858383b items=91 tradeRequested=91 tradeUnique=91 tradeRepositoryCalls=1 tradeRowsLoaded=91 tradeBulkMs=16 settlementRequestedPairs=91 settlementUniquePairs=91 settlementRepositoryCalls=1 settlementRowsLoaded=0 settlementBulkMs=3 businessRuleRepositoryCalls=0 statusTransitionRequests=273 uniqueStatusTransitionKeys=3 statusHttpCalls=3 statusHttpTotalMs=8 evaluationMs=3 prevalidatedCount=91 businessValidCount=91 businessRejectedCount=0 fallbackCount=0 totalMs=32 result=SUCCESS
[30m2026-09-09T13:13:09,431[m [32mINFO  [m[[1;34mhttp-nio-8080-exec-26[m] [36mStatusUpdateBusinessRuleServiceImpl[m - PERF_RULES_BATCH_REDUCTION service=reglas podName=operaciones-reglas-back-app-5894db7bb6-4scl6 batchId=d393e819-a548-4018-8c29-8e558858383b legacyFractionationToRulesHttpCallsEstimated=91 fractionationToRulesBatchHttpCalls=1 legacyTradeReadsEstimated=91 tradeRepositoryReadsAfter=1 legacySettlementReadsEstimated=91 settlementRepositoryReadsAfter=1 logicalStatusTransitionRequests=273 uniqueStatusTransitionKeys=3 statusHttpCallsAfter=3 statusHttpReductionPercent=99
[30m2026-09-09T13:13:13,696[m [32mINFO  [m[[1;34mhttp-nio-8080-exec-27[m] [36mStatusUpdateBusinessRuleServiceImpl[m - PERF_RULES_BATCH service=reglas podName=operaciones-reglas-back-app-5894db7bb6-4scl6 batchId=8b6c3e19-3228-4e08-ace4-51f68eba331e items=19 tradeRequested=19 tradeUnique=19 tradeRepositoryCalls=1 tradeRowsLoaded=19 tradeBulkMs=4 settlementRequestedPairs=19 settlementUniquePairs=19 settlementRepositoryCalls=1 settlementRowsLoaded=0 settlementBulkMs=2 businessRuleRepositoryCalls=0 statusTransitionRequests=57 uniqueStatusTransitionKeys=3 statusHttpCalls=3 statusHttpTotalMs=9 evaluationMs=1 prevalidatedCount=19 businessValidCount=19 businessRejectedCount=0 fallbackCount=0 totalMs=16 result=SUCCESS
[30m2026-09-09T13:13:13,696[m [32mINFO  [m[[1;34mhttp-nio-8080-exec-27[m] [36mStatusUpdateBusinessRuleServiceImpl[m - PERF_RULES_BATCH_REDUCTION service=reglas podName=operaciones-reglas-back-app-5894db7bb6-4scl6 batchId=8b6c3e19-3228-4e08-ace4-51f68eba331e legacyFractionationToRulesHttpCallsEstimated=19 fractionationToRulesBatchHttpCalls=1 legacyTradeReadsEstimated=19 tradeRepositoryReadsAfter=1 legacySettlementReadsEstimated=19 settlementRepositoryReadsAfter=1 logicalStatusTransitionRequests=57 uniqueStatusTransitionKeys=3 statusHttpCallsAfter=3 statusHttpReductionPercent=95
[30m2026-09-09T13:13:14,124[m [32mINFO  [m[[1;34mhttp-nio-8080-exec-29[m] [36mStatusUpdateBusinessRuleServiceImpl[m - PERF_RULES_BATCH service=reglas podName=operaciones-reglas-back-app-5894db7bb6-4scl6 batchId=8b6c3e19-3228-4e08-ace4-51f68eba331e items=19 tradeRequested=19 tradeUnique=19 tradeRepositoryCalls=1 tradeRowsLoaded=19 tradeBulkMs=4 settlementRequestedPairs=19 settlementUniquePairs=19 settlementRepositoryCalls=1 settlementRowsLoaded=0 settlementBulkMs=2 businessRuleRepositoryCalls=0 statusTransitionRequests=57 uniqueStatusTransitionKeys=3 statusHttpCalls=3 statusHttpTotalMs=6 evaluationMs=1 prevalidatedCount=19 businessValidCount=19 businessRejectedCount=0 fallbackCount=0 totalMs=14 result=SUCCESS
[30m2026-09-09T13:13:14,125[m [32mINFO  [m[[1;34mhttp-nio-8080-exec-29[m] [36mStatusUpdateBusinessRuleServiceImpl[m - PERF_RULES_BATCH_REDUCTION service=reglas podName=operaciones-reglas-back-app-5894db7bb6-4scl6 batchId=8b6c3e19-3228-4e08-ace4-51f68eba331e legacyFractionationToRulesHttpCallsEstimated=19 fractionationToRulesBatchHttpCalls=1 legacyTradeReadsEstimated=19 tradeRepositoryReadsAfter=1 legacySettlementReadsEstimated=19 settlementRepositoryReadsAfter=1 logicalStatusTransitionRequests=57 uniqueStatusTransitionKeys=3 statusHttpCallsAfter=3 statusHttpReductionPercent=95
[30m2026-09-09T13:13:14,996[m [32mINFO  [m[[1;34mhttp-nio-8080-exec-28[m] [36mStatusUpdateBusinessRuleServiceImpl[m - PERF_RULES_BATCH service=reglas podName=operaciones-reglas-back-app-5894db7bb6-4scl6 batchId=f6397859-5963-4be3-99c4-c3a1069b2c31 items=84 tradeRequested=84 tradeUnique=84 tradeRepositoryCalls=1 tradeRowsLoaded=84 tradeBulkMs=7 settlementRequestedPairs=84 settlementUniquePairs=84 settlementRepositoryCalls=1 settlementRowsLoaded=0 settlementBulkMs=2 businessRuleRepositoryCalls=0 statusTransitionRequests=252 uniqueStatusTransitionKeys=3 statusHttpCalls=3 statusHttpTotalMs=11 evaluationMs=4 prevalidatedCount=84 businessValidCount=84 businessRejectedCount=0 fallbackCount=0 totalMs=25 result=SUCCESS
[30m2026-09-09T13:13:14,996[m [32mINFO  [m[[1;34mhttp-nio-8080-exec-28[m] [36mStatusUpdateBusinessRuleServiceImpl[m - PERF_RULES_BATCH_REDUCTION service=reglas podName=operaciones-reglas-back-app-5894db7bb6-4scl6 batchId=f6397859-5963-4be3-99c4-c3a1069b2c31 legacyFractionationToRulesHttpCallsEstimated=84 fractionationToRulesBatchHttpCalls=1 legacyTradeReadsEstimated=84 tradeRepositoryReadsAfter=1 legacySettlementReadsEstimated=84 settlementRepositoryReadsAfter=1 logicalStatusTransitionRequests=252 uniqueStatusTransitionKeys=3 statusHttpCallsAfter=3 statusHttpReductionPercent=99
[30m2026-09-09T13:13:15,359[m [32mINFO  [m[[1;34mhttp-nio-8080-exec-34[m] [36mStatusUpdateBusinessRuleServiceImpl[m - PERF_RULES_BATCH service=reglas podName=operaciones-reglas-back-app-5894db7bb6-4scl6 batchId=f6397859-5963-4be3-99c4-c3a1069b2c31 items=81 tradeRequested=81 tradeUnique=81 tradeRepositoryCalls=1 tradeRowsLoaded=81 tradeBulkMs=6 settlementRequestedPairs=81 settlementUniquePairs=81 settlementRepositoryCalls=1 settlementRowsLoaded=0 settlementBulkMs=2 businessRuleRepositoryCalls=0 statusTransitionRequests=243 uniqueStatusTransitionKeys=3 statusHttpCalls=3 statusHttpTotalMs=9 evaluationMs=2 prevalidatedCount=81 businessValidCount=81 businessRejectedCount=0 fallbackCount=0 totalMs=21 result=SUCCESS
[30m2026-09-09T13:13:15,359[m [32mINFO  [m[[1;34mhttp-nio-8080-exec-34[m] [36mStatusUpdateBusinessRuleServiceImpl[m - PERF_RULES_BATCH_REDUCTION service=reglas podName=operaciones-reglas-back-app-5894db7bb6-4scl6 batchId=f6397859-5963-4be3-99c4-c3a1069b2c31 legacyFractionationToRulesHttpCallsEstimated=81 fractionationToRulesBatchHttpCalls=1 legacyTradeReadsEstimated=81 tradeRepositoryReadsAfter=1 legacySettlementReadsEstimated=81 settlementRepositoryReadsAfter=1 logicalStatusTransitionRequests=243 uniqueStatusTransitionKeys=3 statusHttpCallsAfter=3 statusHttpReductionPercent=99
[30m2026-09-09T13:13:18,817[m [32mINFO  [m[[1;34mhttp-nio-8080-exec-30[m] [36mStatusUpdateBusinessRuleServiceImpl[m - PERF_RULES_BATCH service=reglas podName=operaciones-reglas-back-app-5894db7bb6-4scl6 batchId=d55ffd1a-47c6-4b31-a055-c29166e5b7e1 items=96 tradeRequested=96 tradeUnique=96 tradeRepositoryCalls=1 tradeRowsLoaded=96 tradeBulkMs=5 settlementRequestedPairs=96 settlementUniquePairs=96 settlementRepositoryCalls=1 settlementRowsLoaded=0 settlementBulkMs=2 businessRuleRepositoryCalls=0 statusTransitionRequests=288 uniqueStatusTransitionKeys=3 statusHttpCalls=3 statusHttpTotalMs=8 evaluationMs=3 prevalidatedCount=96 businessValidCount=96 businessRejectedCount=0 fallbackCount=0 totalMs=20 result=SUCCESS
[30m2026-09-09T13:13:18,817[m [32mINFO  [m[[1;34mhttp-nio-8080-exec-30[m] [36mStatusUpdateBusinessRuleServiceImpl[m - PERF_RULES_BATCH_REDUCTION service=reglas podName=operaciones-reglas-back-app-5894db7bb6-4scl6 batchId=d55ffd1a-47c6-4b31-a055-c29166e5b7e1 legacyFractionationToRulesHttpCallsEstimated=96 fractionationToRulesBatchHttpCalls=1 legacyTradeReadsEstimated=96 tradeRepositoryReadsAfter=1 legacySettlementReadsEstimated=96 settlementRepositoryReadsAfter=1 logicalStatusTransitionRequests=288 uniqueStatusTransitionKeys=3 statusHttpCallsAfter=3 statusHttpReductionPercent=99
[30m2026-09-09T13:13:19,213[m [32mINFO  [m[[1;34mhttp-nio-8080-exec-32[m] [36mStatusUpdateBusinessRuleServiceImpl[m - PERF_RULES_BATCH service=reglas podName=operaciones-reglas-back-app-5894db7bb6-4scl6 batchId=d55ffd1a-47c6-4b31-a055-c29166e5b7e1 items=82 tradeRequested=82 tradeUnique=82 tradeRepositoryCalls=1 tradeRowsLoaded=82 tradeBulkMs=6 settlementRequestedPairs=82 settlementUniquePairs=82 settlementRepositoryCalls=1 settlementRowsLoaded=0 settlementBulkMs=2 businessRuleRepositoryCalls=0 statusTransitionRequests=246 uniqueStatusTransitionKeys=3 statusHttpCalls=3 statusHttpTotalMs=9 evaluationMs=3 prevalidatedCount=82 businessValidCount=82 businessRejectedCount=0 fallbackCount=0 totalMs=22 result=SUCCESS
[30m2026-09-09T13:13:19,213[m [32mINFO  [m[[1;34mhttp-nio-8080-exec-32[m] [36mStatusUpdateBusinessRuleServiceImpl[m - PERF_RULES_BATCH_REDUCTION service=reglas podName=operaciones-reglas-back-app-5894db7bb6-4scl6 batchId=d55ffd1a-47c6-4b31-a055-c29166e5b7e1 legacyFractionationToRulesHttpCallsEstimated=82 fractionationToRulesBatchHttpCalls=1 legacyTradeReadsEstimated=82 tradeRepositoryReadsAfter=1 legacySettlementReadsEstimated=82 settlementRepositoryReadsAfter=1 logicalStatusTransitionRequests=246 uniqueStatusTransitionKeys=3 statusHttpCallsAfter=3 statusHttpReductionPercent=99
[30m2026-09-09T13:13:23,026[m [32mINFO  [m[[1;34mhttp-nio-8080-exec-31[m] [36mStatusUpdateBusinessRuleServiceImpl[m - PERF_RULES_BATCH service=reglas podName=operaciones-reglas-back-app-5894db7bb6-4scl6 batchId=1e679639-e5c6-4579-bee9-9d2ff1e5f8ad items=76 tradeRequested=76 tradeUnique=76 tradeRepositoryCalls=1 tradeRowsLoaded=76 tradeBulkMs=6 settlementRequestedPairs=76 settlementUniquePairs=76 settlementRepositoryCalls=1 settlementRowsLoaded=0 settlementBulkMs=2 businessRuleRepositoryCalls=0 statusTransitionRequests=228 uniqueStatusTransitionKeys=3 statusHttpCalls=3 statusHttpTotalMs=7 evaluationMs=3 prevalidatedCount=76 businessValidCount=76 businessRejectedCount=0 fallbackCount=0 totalMs=19 result=SUCCESS
[30m2026-09-09T13:13:23,026[m [32mINFO  [m[[1;34mhttp-nio-8080-exec-31[m] [36mStatusUpdateBusinessRuleServiceImpl[m - PERF_RULES_BATCH_REDUCTION service=reglas podName=operaciones-reglas-back-app-5894db7bb6-4scl6 batchId=1e679639-e5c6-4579-bee9-9d2ff1e5f8ad legacyFractionationToRulesHttpCallsEstimated=76 fractionationToRulesBatchHttpCalls=1 legacyTradeReadsEstimated=76 tradeRepositoryReadsAfter=1 legacySettlementReadsEstimated=76 settlementRepositoryReadsAfter=1 logicalStatusTransitionRequests=228 uniqueStatusTransitionKeys=3 statusHttpCallsAfter=3 statusHttpReductionPercent=99
[30m2026-09-09T13:13:23,092[m [32mINFO  [m[[1;34mhttp-nio-8080-exec-38[m] [36mStatusUpdateBusinessRuleServiceImpl[m - PERF_RULES_BATCH service=reglas podName=operaciones-reglas-back-app-5894db7bb6-4scl6 batchId=1e679639-e5c6-4579-bee9-9d2ff1e5f8ad items=78 tradeRequested=78 tradeUnique=78 tradeRepositoryCalls=1 tradeRowsLoaded=78 tradeBulkMs=6 settlementRequestedPairs=78 settlementUniquePairs=78 settlementRepositoryCalls=1 settlementRowsLoaded=0 settlementBulkMs=2 businessRuleRepositoryCalls=0 statusTransitionRequests=234 uniqueStatusTransitionKeys=3 statusHttpCalls=3 statusHttpTotalMs=6 evaluationMs=2 prevalidatedCount=78 businessValidCount=78 businessRejectedCount=0 fallbackCount=0 totalMs=18 result=SUCCESS
[30m2026-09-09T13:13:23,092[m [32mINFO  [m[[1;34mhttp-nio-8080-exec-38[m] [36mStatusUpdateBusinessRuleServiceImpl[m - PERF_RULES_BATCH_REDUCTION service=reglas podName=operaciones-reglas-back-app-5894db7bb6-4scl6 batchId=1e679639-e5c6-4579-bee9-9d2ff1e5f8ad legacyFractionationToRulesHttpCallsEstimated=78 fractionationToRulesBatchHttpCalls=1 legacyTradeReadsEstimated=78 tradeRepositoryReadsAfter=1 legacySettlementReadsEstimated=78 settlementRepositoryReadsAfter=1 logicalStatusTransitionRequests=234 uniqueStatusTransitionKeys=3 statusHttpCallsAfter=3 statusHttpReductionPercent=99
[30m2026-09-09T13:13:26,423[m [32mINFO  [m[[1;34mhttp-nio-8080-exec-33[m] [36mStatusUpdateBusinessRuleServiceImpl[m - PERF_RULES_BATCH service=reglas podName=operaciones-reglas-back-app-5894db7bb6-4scl6 batchId=aa2c0bc8-6f73-4a92-af6e-6030a3f26673 items=92 tradeRequested=92 tradeUnique=92 tradeRepositoryCalls=1 tradeRowsLoaded=92 tradeBulkMs=5 settlementRequestedPairs=92 settlementUniquePairs=92 settlementRepositoryCalls=1 settlementRowsLoaded=0 settlementBulkMs=2 businessRuleRepositoryCalls=0 statusTransitionRequests=276 uniqueStatusTransitionKeys=3 statusHttpCalls=3 statusHttpTotalMs=11 evaluationMs=3 prevalidatedCount=92 businessValidCount=92 businessRejectedCount=0 fallbackCount=0 totalMs=24 result=SUCCESS
[30m2026-09-09T13:13:26,423[m [32mINFO  [m[[1;34mhttp-nio-8080-exec-33[m] [36mStatusUpdateBusinessRuleServiceImpl[m - PERF_RULES_BATCH_REDUCTION service=reglas podName=operaciones-reglas-back-app-5894db7bb6-4scl6 batchId=aa2c0bc8-6f73-4a92-af6e-6030a3f26673 legacyFractionationToRulesHttpCallsEstimated=92 fractionationToRulesBatchHttpCalls=1 legacyTradeReadsEstimated=92 tradeRepositoryReadsAfter=1 legacySettlementReadsEstimated=92 settlementRepositoryReadsAfter=1 logicalStatusTransitionRequests=276 uniqueStatusTransitionKeys=3 statusHttpCallsAfter=3 statusHttpReductionPercent=99
[30m2026-09-09T13:13:26,433[m [32mINFO  [m[[1;34mhttp-nio-8080-exec-36[m] [36mStatusUpdateBusinessRuleServiceImpl[m - PERF_RULES_BATCH service=reglas podName=operaciones-reglas-back-app-5894db7bb6-4scl6 batchId=aa2c0bc8-6f73-4a92-af6e-6030a3f26673 items=96 tradeRequested=96 tradeUnique=96 tradeRepositoryCalls=1 tradeRowsLoaded=96 tradeBulkMs=6 settlementRequestedPairs=96 settlementUniquePairs=96 settlementRepositoryCalls=1 settlementRowsLoaded=0 settlementBulkMs=3 businessRuleRepositoryCalls=0 statusTransitionRequests=288 uniqueStatusTransitionKeys=3 statusHttpCalls=3 statusHttpTotalMs=11 evaluationMs=5 prevalidatedCount=96 businessValidCount=96 businessRejectedCount=0 fallbackCount=0 totalMs=26 result=SUCCESS
[30m2026-09-09T13:13:26,434[m [32mINFO  [m[[1;34mhttp-nio-8080-exec-36[m] [36mStatusUpdateBusinessRuleServiceImpl[m - PERF_RULES_BATCH_REDUCTION service=reglas podName=operaciones-reglas-back-app-5894db7bb6-4scl6 batchId=aa2c0bc8-6f73-4a92-af6e-6030a3f26673 legacyFractionationToRulesHttpCallsEstimated=96 fractionationToRulesBatchHttpCalls=1 legacyTradeReadsEstimated=96 tradeRepositoryReadsAfter=1 legacySettlementReadsEstimated=96 settlementRepositoryReadsAfter=1 logicalStatusTransitionRequests=288 uniqueStatusTransitionKeys=3 statusHttpCallsAfter=3 statusHttpReductionPercent=99
[30m2026-09-09T13:13:30,209[m [32mINFO  [m[[1;34mhttp-nio-8080-exec-37[m] [36mStatusUpdateBusinessRuleServiceImpl[m - PERF_RULES_BATCH service=reglas podName=operaciones-reglas-back-app-5894db7bb6-4scl6 batchId=caffcf7f-db3c-4711-b888-1046dd3d87af items=95 tradeRequested=95 tradeUnique=95 tradeRepositoryCalls=1 tradeRowsLoaded=95 tradeBulkMs=6 settlementRequestedPairs=95 settlementUniquePairs=95 settlementRepositoryCalls=1 settlementRowsLoaded=0 settlementBulkMs=4 businessRuleRepositoryCalls=0 statusTransitionRequests=285 uniqueStatusTransitionKeys=3 statusHttpCalls=3 statusHttpTotalMs=6 evaluationMs=7 prevalidatedCount=95 businessValidCount=95 businessRejectedCount=0 fallbackCount=0 totalMs=26 result=SUCCESS
[30m2026-09-09T13:13:30,209[m [32mINFO  [m[[1;34mhttp-nio-8080-exec-37[m] [36mStatusUpdateBusinessRuleServiceImpl[m - PERF_RULES_BATCH_REDUCTION service=reglas podName=operaciones-reglas-back-app-5894db7bb6-4scl6 batchId=caffcf7f-db3c-4711-b888-1046dd3d87af legacyFractionationToRulesHttpCallsEstimated=95 fractionationToRulesBatchHttpCalls=1 legacyTradeReadsEstimated=95 tradeRepositoryReadsAfter=1 legacySettlementReadsEstimated=95 settlementRepositoryReadsAfter=1 logicalStatusTransitionRequests=285 uniqueStatusTransitionKeys=3 statusHttpCallsAfter=3 statusHttpReductionPercent=99
[30m2026-09-09T13:13:30,724[m [32mINFO  [m[[1;34mhttp-nio-8080-exec-35[m] [36mStatusUpdateBusinessRuleServiceImpl[m - PERF_RULES_BATCH service=reglas podName=operaciones-reglas-back-app-5894db7bb6-4scl6 batchId=caffcf7f-db3c-4711-b888-1046dd3d87af items=84 tradeRequested=84 tradeUnique=84 tradeRepositoryCalls=1 tradeRowsLoaded=84 tradeBulkMs=6 settlementRequestedPairs=84 settlementUniquePairs=84 settlementRepositoryCalls=1 settlementRowsLoaded=0 settlementBulkMs=2 businessRuleRepositoryCalls=0 statusTransitionRequests=252 uniqueStatusTransitionKeys=3 statusHttpCalls=3 statusHttpTotalMs=6 evaluationMs=3 prevalidatedCount=84 businessValidCount=84 businessRejectedCount=0 fallbackCount=0 totalMs=19 result=SUCCESS
[30m2026-09-09T13:13:30,724[m [32mINFO  [m[[1;34mhttp-nio-8080-exec-35[m] [36mStatusUpdateBusinessRuleServiceImpl[m - PERF_RULES_BATCH_REDUCTION service=reglas podName=operaciones-reglas-back-app-5894db7bb6-4scl6 batchId=caffcf7f-db3c-4711-b888-1046dd3d87af legacyFractionationToRulesHttpCallsEstimated=84 fractionationToRulesBatchHttpCalls=1 legacyTradeReadsEstimated=84 tradeRepositoryReadsAfter=1 legacySettlementReadsEstimated=84 settlementRepositoryReadsAfter=1 logicalStatusTransitionRequests=252 uniqueStatusTransitionKeys=3 statusHttpCallsAfter=3 statusHttpReductionPercent=99
[30m2026-09-09T13:13:34,960[m [32mINFO  [m[[1;34mhttp-nio-8080-exec-39[m] [36mStatusUpdateBusinessRuleServiceImpl[m - PERF_RULES_BATCH service=reglas podName=operaciones-reglas-back-app-5894db7bb6-4scl6 batchId=9fc88989-8784-48c7-93fd-c233f820de4e items=78 tradeRequested=78 tradeUnique=78 tradeRepositoryCalls=1 tradeRowsLoaded=78 tradeBulkMs=6 settlementRequestedPairs=78 settlementUniquePairs=78 settlementRepositoryCalls=1 settlementRowsLoaded=71 settlementBulkMs=3 businessRuleRepositoryCalls=0 statusTransitionRequests=305 uniqueStatusTransitionKeys=4 statusHttpCalls=4 statusHttpTotalMs=16 evaluationMs=3 prevalidatedCount=78 businessValidCount=78 businessRejectedCount=0 fallbackCount=0 totalMs=30 result=SUCCESS
[30m2026-09-09T13:13:34,960[m [32mINFO  [m[[1;34mhttp-nio-8080-exec-39[m] [36mStatusUpdateBusinessRuleServiceImpl[m - PERF_RULES_BATCH_REDUCTION service=reglas podName=operaciones-reglas-back-app-5894db7bb6-4scl6 batchId=9fc88989-8784-48c7-93fd-c233f820de4e legacyFractionationToRulesHttpCallsEstimated=78 fractionationToRulesBatchHttpCalls=1 legacyTradeReadsEstimated=78 tradeRepositoryReadsAfter=1 legacySettlementReadsEstimated=78 settlementRepositoryReadsAfter=1 logicalStatusTransitionRequests=305 uniqueStatusTransitionKeys=4 statusHttpCallsAfter=4 statusHttpReductionPercent=99
[30m2026-09-09T13:13:35,056[m [32mINFO  [m[[1;34mhttp-nio-8080-exec-40[m] [36mStatusUpdateBusinessRuleServiceImpl[m - PERF_RULES_BATCH service=reglas podName=operaciones-reglas-back-app-5894db7bb6-4scl6 batchId=9fc88989-8784-48c7-93fd-c233f820de4e items=80 tradeRequested=80 tradeUnique=80 tradeRepositoryCalls=1 tradeRowsLoaded=80 tradeBulkMs=7 settlementRequestedPairs=80 settlementUniquePairs=80 settlementRepositoryCalls=1 settlementRowsLoaded=71 settlementBulkMs=7 businessRuleRepositoryCalls=0 statusTransitionRequests=311 uniqueStatusTransitionKeys=4 statusHttpCalls=4 statusHttpTotalMs=10 evaluationMs=3 prevalidatedCount=80 businessValidCount=80 businessRejectedCount=0 fallbackCount=0 totalMs=29 result=SUCCESS
[30m2026-09-09T13:13:35,056[m [32mINFO  [m[[1;34mhttp-nio-8080-exec-40[m] [36mStatusUpdateBusinessRuleServiceImpl[m - PERF_RULES_BATCH_REDUCTION service=reglas podName=operaciones-reglas-back-app-5894db7bb6-4scl6 batchId=9fc88989-8784-48c7-93fd-c233f820de4e legacyFractionationToRulesHttpCallsEstimated=80 fractionationToRulesBatchHttpCalls=1 legacyTradeReadsEstimated=80 tradeRepositoryReadsAfter=1 legacySettlementReadsEstimated=80 settlementRepositoryReadsAfter=1 logicalStatusTransitionRequests=311 uniqueStatusTransitionKeys=4 statusHttpCallsAfter=4 statusHttpReductionPercent=99
[30m2026-09-09T13:13:37,633[m [32mINFO  [m[[1;34mhttp-nio-8080-exec-41[m] [36mStatusUpdateBusinessRuleServiceImpl[m - PERF_RULES_BATCH service=reglas podName=operaciones-reglas-back-app-5894db7bb6-4scl6 batchId=69793e0c-7199-4fd8-8c23-edc0f9a42de4 items=78 tradeRequested=78 tradeUnique=78 tradeRepositoryCalls=1 tradeRowsLoaded=78 tradeBulkMs=6 settlementRequestedPairs=78 settlementUniquePairs=78 settlementRepositoryCalls=1 settlementRowsLoaded=45 settlementBulkMs=3 businessRuleRepositoryCalls=0 statusTransitionRequests=279 uniqueStatusTransitionKeys=4 statusHttpCalls=4 statusHttpTotalMs=13 evaluationMs=4 prevalidatedCount=78 businessValidCount=78 businessRejectedCount=0 fallbackCount=0 totalMs=28 result=SUCCESS
[30m2026-09-09T13:13:37,633[m [32mINFO  [m[[1;34mhttp-nio-8080-exec-41[m] [36mStatusUpdateBusinessRuleServiceImpl[m - PERF_RULES_BATCH_REDUCTION service=reglas podName=operaciones-reglas-back-app-5894db7bb6-4scl6 batchId=69793e0c-7199-4fd8-8c23-edc0f9a42de4 legacyFractionationToRulesHttpCallsEstimated=78 fractionationToRulesBatchHttpCalls=1 legacyTradeReadsEstimated=78 tradeRepositoryReadsAfter=1 legacySettlementReadsEstimated=78 settlementRepositoryReadsAfter=1 logicalStatusTransitionRequests=279 uniqueStatusTransitionKeys=4 statusHttpCallsAfter=4 statusHttpReductionPercent=99
[30m2026-09-09T13:13:38,012[m [32mINFO  [m[[1;34mhttp-nio-8080-exec-44[m] [36mStatusUpdateBusinessRuleServiceImpl[m - PERF_RULES_BATCH service=reglas podName=operaciones-reglas-back-app-5894db7bb6-4scl6 batchId=69793e0c-7199-4fd8-8c23-edc0f9a42de4 items=90 tradeRequested=90 tradeUnique=90 tradeRepositoryCalls=1 tradeRowsLoaded=90 tradeBulkMs=6 settlementRequestedPairs=90 settlementUniquePairs=90 settlementRepositoryCalls=1 settlementRowsLoaded=52 settlementBulkMs=3 businessRuleRepositoryCalls=0 statusTransitionRequests=322 uniqueStatusTransitionKeys=4 statusHttpCalls=4 statusHttpTotalMs=15 evaluationMs=5 prevalidatedCount=90 businessValidCount=90 businessRejectedCount=0 fallbackCount=0 totalMs=31 result=SUCCESS
[30m2026-09-09T13:13:38,012[m [32mINFO  [m[[1;34mhttp-nio-8080-exec-44[m] [36mStatusUpdateBusinessRuleServiceImpl[m - PERF_RULES_BATCH_REDUCTION service=reglas podName=operaciones-reglas-back-app-5894db7bb6-4scl6 batchId=69793e0c-7199-4fd8-8c23-edc0f9a42de4 legacyFractionationToRulesHttpCallsEstimated=90 fractionationToRulesBatchHttpCalls=1 legacyTradeReadsEstimated=90 tradeRepositoryReadsAfter=1 legacySettlementReadsEstimated=90 settlementRepositoryReadsAfter=1 logicalStatusTransitionRequests=322 uniqueStatusTransitionKeys=4 statusHttpCallsAfter=4 statusHttpReductionPercent=99
[30m2026-09-09T13:13:40,010[m [32mINFO  [m[[1;34mhttp-nio-8080-exec-42[m] [36mStatusUpdateBusinessRuleServiceImpl[m - PERF_RULES_BATCH service=reglas podName=operaciones-reglas-back-app-5894db7bb6-4scl6 batchId=69793e0c-7199-4fd8-8c23-edc0f9a42de4 items=74 tradeRequested=74 tradeUnique=74 tradeRepositoryCalls=1 tradeRowsLoaded=74 tradeBulkMs=5 settlementRequestedPairs=74 settlementUniquePairs=74 settlementRepositoryCalls=1 settlementRowsLoaded=40 settlementBulkMs=3 businessRuleRepositoryCalls=0 statusTransitionRequests=262 uniqueStatusTransitionKeys=4 statusHttpCalls=4 statusHttpTotalMs=9 evaluationMs=3 prevalidatedCount=74 businessValidCount=74 businessRejectedCount=0 fallbackCount=0 totalMs=21 result=SUCCESS
[30m2026-09-09T13:13:40,011[m [32mINFO  [m[[1;34mhttp-nio-8080-exec-42[m] [36mStatusUpdateBusinessRuleServiceImpl[m - PERF_RULES_BATCH_REDUCTION service=reglas podName=operaciones-reglas-back-app-5894db7bb6-4scl6 batchId=69793e0c-7199-4fd8-8c23-edc0f9a42de4 legacyFractionationToRulesHttpCallsEstimated=74 fractionationToRulesBatchHttpCalls=1 legacyTradeReadsEstimated=74 tradeRepositoryReadsAfter=1 legacySettlementReadsEstimated=74 settlementRepositoryReadsAfter=1 logicalStatusTransitionRequests=262 uniqueStatusTransitionKeys=4 statusHttpCallsAfter=4 statusHttpReductionPercent=98
[30m2026-09-09T13:13:41,302[m [32mINFO  [m[[1;34mhttp-nio-8080-exec-43[m] [36mStatusUpdateBusinessRuleServiceImpl[m - PERF_RULES_BATCH service=reglas podName=operaciones-reglas-back-app-5894db7bb6-4scl6 batchId=42a745cc-94f1-40ea-a97b-c44fd8dc9515 items=76 tradeRequested=76 tradeUnique=76 tradeRepositoryCalls=1 tradeRowsLoaded=76 tradeBulkMs=5 settlementRequestedPairs=76 settlementUniquePairs=76 settlementRepositoryCalls=1 settlementRowsLoaded=0 settlementBulkMs=3 businessRuleRepositoryCalls=0 statusTransitionRequests=285 uniqueStatusTransitionKeys=4 statusHttpCalls=4 statusHttpTotalMs=13 evaluationMs=3 prevalidatedCount=76 businessValidCount=76 businessRejectedCount=0 fallbackCount=0 totalMs=26 result=SUCCESS
[30m2026-09-09T13:13:41,302[m [32mINFO  [m[[1;34mhttp-nio-8080-exec-43[m] [36mStatusUpdateBusinessRuleServiceImpl[m - PERF_RULES_BATCH_REDUCTION service=reglas podName=operaciones-reglas-back-app-5894db7bb6-4scl6 batchId=42a745cc-94f1-40ea-a97b-c44fd8dc9515 legacyFractionationToRulesHttpCallsEstimated=76 fractionationToRulesBatchHttpCalls=1 legacyTradeReadsEstimated=76 tradeRepositoryReadsAfter=1 legacySettlementReadsEstimated=76 settlementRepositoryReadsAfter=1 logicalStatusTransitionRequests=285 uniqueStatusTransitionKeys=4 statusHttpCallsAfter=4 statusHttpReductionPercent=99
[30m2026-09-09T13:13:42,566[m [32mINFO  [m[[1;34mhttp-nio-8080-exec-46[m] [36mStatusUpdateBusinessRuleServiceImpl[m - PERF_RULES_BATCH service=reglas podName=operaciones-reglas-back-app-5894db7bb6-4scl6 batchId=42a745cc-94f1-40ea-a97b-c44fd8dc9515 items=74 tradeRequested=74 tradeUnique=74 tradeRepositoryCalls=1 tradeRowsLoaded=74 tradeBulkMs=8 settlementRequestedPairs=74 settlementUniquePairs=74 settlementRepositoryCalls=1 settlementRowsLoaded=0 settlementBulkMs=3 businessRuleRepositoryCalls=0 statusTransitionRequests=277 uniqueStatusTransitionKeys=4 statusHttpCalls=4 statusHttpTotalMs=21 evaluationMs=3 prevalidatedCount=74 businessValidCount=74 businessRejectedCount=0 fallbackCount=0 totalMs=37 result=SUCCESS
[30m2026-09-09T13:13:42,567[m [32mINFO  [m[[1;34mhttp-nio-8080-exec-46[m] [36mStatusUpdateBusinessRuleServiceImpl[m - PERF_RULES_BATCH_REDUCTION service=reglas podName=operaciones-reglas-back-app-5894db7bb6-4scl6 batchId=42a745cc-94f1-40ea-a97b-c44fd8dc9515 legacyFractionationToRulesHttpCallsEstimated=74 fractionationToRulesBatchHttpCalls=1 legacyTradeReadsEstimated=74 tradeRepositoryReadsAfter=1 legacySettlementReadsEstimated=74 settlementRepositoryReadsAfter=1 logicalStatusTransitionRequests=277 uniqueStatusTransitionKeys=4 statusHttpCallsAfter=4 statusHttpReductionPercent=99
[30m2026-09-09T13:13:44,806[m [32mINFO  [m[[1;34mhttp-nio-8080-exec-45[m] [36mStatusUpdateBusinessRuleServiceImpl[m - PERF_RULES_BATCH service=reglas podName=operaciones-reglas-back-app-5894db7bb6-4scl6 batchId=6e6775be-93e7-43b7-a4ca-5701f351243a items=94 tradeRequested=94 tradeUnique=94 tradeRepositoryCalls=1 tradeRowsLoaded=94 tradeBulkMs=8 settlementRequestedPairs=94 settlementUniquePairs=94 settlementRepositoryCalls=1 settlementRowsLoaded=0 settlementBulkMs=2 businessRuleRepositoryCalls=0 statusTransitionRequests=363 uniqueStatusTransitionKeys=4 statusHttpCalls=4 statusHttpTotalMs=11 evaluationMs=3 prevalidatedCount=94 businessValidCount=94 businessRejectedCount=0 fallbackCount=0 totalMs=27 result=SUCCESS
[30m2026-09-09T13:13:44,806[m [32mINFO  [m[[1;34mhttp-nio-8080-exec-45[m] [36mStatusUpdateBusinessRuleServiceImpl[m - PERF_RULES_BATCH_REDUCTION service=reglas podName=operaciones-reglas-back-app-5894db7bb6-4scl6 batchId=6e6775be-93e7-43b7-a4ca-5701f351243a legacyFractionationToRulesHttpCallsEstimated=94 fractionationToRulesBatchHttpCalls=1 legacyTradeReadsEstimated=94 tradeRepositoryReadsAfter=1 legacySettlementReadsEstimated=94 settlementRepositoryReadsAfter=1 logicalStatusTransitionRequests=363 uniqueStatusTransitionKeys=4 statusHttpCallsAfter=4 statusHttpReductionPercent=99
[30m2026-09-09T13:13:45,889[m [32mINFO  [m[[1;34mhttp-nio-8080-exec-47[m] [36mStatusUpdateBusinessRuleServiceImpl[m - PERF_RULES_BATCH service=reglas podName=operaciones-reglas-back-app-5894db7bb6-4scl6 batchId=6e6775be-93e7-43b7-a4ca-5701f351243a items=86 tradeRequested=86 tradeUnique=86 tradeRepositoryCalls=1 tradeRowsLoaded=86 tradeBulkMs=5 settlementRequestedPairs=86 settlementUniquePairs=86 settlementRepositoryCalls=1 settlementRowsLoaded=0 settlementBulkMs=2 businessRuleRepositoryCalls=0 statusTransitionRequests=326 uniqueStatusTransitionKeys=4 statusHttpCalls=4 statusHttpTotalMs=8 evaluationMs=3 prevalidatedCount=86 businessValidCount=86 businessRejectedCount=0 fallbackCount=0 totalMs=20 result=SUCCESS
[30m2026-09-09T13:13:45,889[m [32mINFO  [m[[1;34mhttp-nio-8080-exec-47[m] [36mStatusUpdateBusinessRuleServiceImpl[m - PERF_RULES_BATCH_REDUCTION service=reglas podName=operaciones-reglas-back-app-5894db7bb6-4scl6 batchId=6e6775be-93e7-43b7-a4ca-5701f351243a legacyFractionationToRulesHttpCallsEstimated=86 fractionationToRulesBatchHttpCalls=1 legacyTradeReadsEstimated=86 tradeRepositoryReadsAfter=1 legacySettlementReadsEstimated=86 settlementRepositoryReadsAfter=1 logicalStatusTransitionRequests=326 uniqueStatusTransitionKeys=4 statusHttpCallsAfter=4 statusHttpReductionPercent=99
[30m2026-09-09T13:13:48,264[m [32mINFO  [m[[1;34mhttp-nio-8080-exec-48[m] [36mStatusUpdateBusinessRuleServiceImpl[m - PERF_RULES_BATCH service=reglas podName=operaciones-reglas-back-app-5894db7bb6-4scl6 batchId=458cbdb6-69ef-498d-b9a0-ff96044ebb75 items=87 tradeRequested=87 tradeUnique=87 tradeRepositoryCalls=1 tradeRowsLoaded=87 tradeBulkMs=7 settlementRequestedPairs=87 settlementUniquePairs=87 settlementRepositoryCalls=1 settlementRowsLoaded=0 settlementBulkMs=2 businessRuleRepositoryCalls=0 statusTransitionRequests=325 uniqueStatusTransitionKeys=4 statusHttpCalls=4 statusHttpTotalMs=15 evaluationMs=3 prevalidatedCount=87 businessValidCount=87 businessRejectedCount=0 fallbackCount=0 totalMs=29 result=SUCCESS
[30m2026-09-09T13:13:48,264[m [32mINFO  [m[[1;34mhttp-nio-8080-exec-48[m] [36mStatusUpdateBusinessRuleServiceImpl[m - PERF_RULES_BATCH_REDUCTION service=reglas podName=operaciones-reglas-back-app-5894db7bb6-4scl6 batchId=458cbdb6-69ef-498d-b9a0-ff96044ebb75 legacyFractionationToRulesHttpCallsEstimated=87 fractionationToRulesBatchHttpCalls=1 legacyTradeReadsEstimated=87 tradeRepositoryReadsAfter=1 legacySettlementReadsEstimated=87 settlementRepositoryReadsAfter=1 logicalStatusTransitionRequests=325 uniqueStatusTransitionKeys=4 statusHttpCallsAfter=4 statusHttpReductionPercent=99
[30m2026-09-09T13:13:49,469[m [32mINFO  [m[[1;34mhttp-nio-8080-exec-49[m] [36mStatusUpdateBusinessRuleServiceImpl[m - PERF_RULES_BATCH service=reglas podName=operaciones-reglas-back-app-5894db7bb6-4scl6 batchId=458cbdb6-69ef-498d-b9a0-ff96044ebb75 items=83 tradeRequested=83 tradeUnique=83 tradeRepositoryCalls=1 tradeRowsLoaded=83 tradeBulkMs=6 settlementRequestedPairs=83 settlementUniquePairs=83 settlementRepositoryCalls=1 settlementRowsLoaded=0 settlementBulkMs=3 businessRuleRepositoryCalls=0 statusTransitionRequests=305 uniqueStatusTransitionKeys=4 statusHttpCalls=4 statusHttpTotalMs=15 evaluationMs=3 prevalidatedCount=83 businessValidCount=83 businessRejectedCount=0 fallbackCount=0 totalMs=29 result=SUCCESS
[30m2026-09-09T13:13:49,469[m [32mINFO  [m[[1;34mhttp-nio-8080-exec-49[m] [36mStatusUpdateBusinessRuleServiceImpl[m - PERF_RULES_BATCH_REDUCTION service=reglas podName=operaciones-reglas-back-app-5894db7bb6-4scl6 batchId=458cbdb6-69ef-498d-b9a0-ff96044ebb75 legacyFractionationToRulesHttpCallsEstimated=83 fractionationToRulesBatchHttpCalls=1 legacyTradeReadsEstimated=83 tradeRepositoryReadsAfter=1 legacySettlementReadsEstimated=83 settlementRepositoryReadsAfter=1 logicalStatusTransitionRequests=305 uniqueStatusTransitionKeys=4 statusHttpCallsAfter=4 statusHttpReductionPercent=99
[30m2026-09-09T13:13:50,922[m [32mINFO  [m[[1;34mhttp-nio-8080-exec-51[m] [36mStatusUpdateBusinessRuleServiceImpl[m - PERF_RULES_BATCH service=reglas podName=operaciones-reglas-back-app-5894db7bb6-4scl6 batchId=95376bfc-bce0-4ddc-aba5-efd305cc2b66 items=87 tradeRequested=87 tradeUnique=87 tradeRepositoryCalls=1 tradeRowsLoaded=87 tradeBulkMs=5 settlementRequestedPairs=87 settlementUniquePairs=87 settlementRepositoryCalls=1 settlementRowsLoaded=0 settlementBulkMs=2 businessRuleRepositoryCalls=0 statusTransitionRequests=319 uniqueStatusTransitionKeys=4 statusHttpCalls=4 statusHttpTotalMs=12 evaluationMs=5 prevalidatedCount=87 businessValidCount=87 businessRejectedCount=0 fallbackCount=0 totalMs=26 result=SUCCESS
[30m2026-09-09T13:13:50,922[m [32mINFO  [m[[1;34mhttp-nio-8080-exec-51[m] [36mStatusUpdateBusinessRuleServiceImpl[m - PERF_RULES_BATCH_REDUCTION service=reglas podName=operaciones-reglas-back-app-5894db7bb6-4scl6 batchId=95376bfc-bce0-4ddc-aba5-efd305cc2b66 legacyFractionationToRulesHttpCallsEstimated=87 fractionationToRulesBatchHttpCalls=1 legacyTradeReadsEstimated=87 tradeRepositoryReadsAfter=1 legacySettlementReadsEstimated=87 settlementRepositoryReadsAfter=1 logicalStatusTransitionRequests=319 uniqueStatusTransitionKeys=4 statusHttpCallsAfter=4 statusHttpReductionPercent=99
[30m2026-09-09T13:13:52,653[m [32mINFO  [m[[1;34mhttp-nio-8080-exec-50[m] [36mStatusUpdateBusinessRuleServiceImpl[m - PERF_RULES_BATCH service=reglas podName=operaciones-reglas-back-app-5894db7bb6-4scl6 batchId=95376bfc-bce0-4ddc-aba5-efd305cc2b66 items=93 tradeRequested=93 tradeUnique=93 tradeRepositoryCalls=1 tradeRowsLoaded=93 tradeBulkMs=6 settlementRequestedPairs=93 settlementUniquePairs=93 settlementRepositoryCalls=1 settlementRowsLoaded=0 settlementBulkMs=3 businessRuleRepositoryCalls=0 statusTransitionRequests=344 uniqueStatusTransitionKeys=4 statusHttpCalls=4 statusHttpTotalMs=10 evaluationMs=3 prevalidatedCount=93 businessValidCount=93 businessRejectedCount=0 fallbackCount=0 totalMs=23 result=SUCCESS
[30m2026-09-09T13:13:52,653[m [32mINFO  [m[[1;34mhttp-nio-8080-exec-50[m] [36mStatusUpdateBusinessRuleServiceImpl[m - PERF_RULES_BATCH_REDUCTION service=reglas podName=operaciones-reglas-back-app-5894db7bb6-4scl6 batchId=95376bfc-bce0-4ddc-aba5-efd305cc2b66 legacyFractionationToRulesHttpCallsEstimated=93 fractionationToRulesBatchHttpCalls=1 legacyTradeReadsEstimated=93 tradeRepositoryReadsAfter=1 legacySettlementReadsEstimated=93 settlementRepositoryReadsAfter=1 logicalStatusTransitionRequests=344 uniqueStatusTransitionKeys=4 statusHttpCallsAfter=4 statusHttpReductionPercent=99
[30m2026-09-09T13:13:53,403[m [32mINFO  [m[[1;34mhttp-nio-8080-exec-53[m] [36mStatusUpdateBusinessRuleServiceImpl[m - PERF_RULES_BATCH service=reglas podName=operaciones-reglas-back-app-5894db7bb6-4scl6 batchId=098ccbf7-44dc-41b7-9de9-d00d0c567b05 items=36 tradeRequested=36 tradeUnique=36 tradeRepositoryCalls=1 tradeRowsLoaded=36 tradeBulkMs=4 settlementRequestedPairs=36 settlementUniquePairs=36 settlementRepositoryCalls=1 settlementRowsLoaded=0 settlementBulkMs=2 businessRuleRepositoryCalls=0 statusTransitionRequests=133 uniqueStatusTransitionKeys=4 statusHttpCalls=4 statusHttpTotalMs=8 evaluationMs=1 prevalidatedCount=36 businessValidCount=36 businessRejectedCount=0 fallbackCount=0 totalMs=17 result=SUCCESS
[30m2026-09-09T13:13:53,403[m [32mINFO  [m[[1;34mhttp-nio-8080-exec-53[m] [36mStatusUpdateBusinessRuleServiceImpl[m - PERF_RULES_BATCH_REDUCTION service=reglas podName=operaciones-reglas-back-app-5894db7bb6-4scl6 batchId=098ccbf7-44dc-41b7-9de9-d00d0c567b05 legacyFractionationToRulesHttpCallsEstimated=36 fractionationToRulesBatchHttpCalls=1 legacyTradeReadsEstimated=36 tradeRepositoryReadsAfter=1 legacySettlementReadsEstimated=36 settlementRepositoryReadsAfter=1 logicalStatusTransitionRequests=133 uniqueStatusTransitionKeys=4 statusHttpCallsAfter=4 statusHttpReductionPercent=97
[30m2026-09-09T13:13:54,876[m [32mINFO  [m[[1;34mhttp-nio-8080-exec-52[m] [36mStatusUpdateBusinessRuleServiceImpl[m - PERF_RULES_BATCH service=reglas podName=operaciones-reglas-back-app-5894db7bb6-4scl6 batchId=098ccbf7-44dc-41b7-9de9-d00d0c567b05 items=30 tradeRequested=30 tradeUnique=30 tradeRepositoryCalls=1 tradeRowsLoaded=30 tradeBulkMs=4 settlementRequestedPairs=30 settlementUniquePairs=30 settlementRepositoryCalls=1 settlementRowsLoaded=0 settlementBulkMs=2 businessRuleRepositoryCalls=0 statusTransitionRequests=112 uniqueStatusTransitionKeys=4 statusHttpCalls=4 statusHttpTotalMs=7 evaluationMs=1 prevalidatedCount=30 businessValidCount=30 businessRejectedCount=0 fallbackCount=0 totalMs=16 result=SUCCESS
[30m2026-09-09T13:13:54,877[m [32mINFO  [m[[1;34mhttp-nio-8080-exec-52[m] [36mStatusUpdateBusinessRuleServiceImpl[m - PERF_RULES_BATCH_REDUCTION service=reglas podName=operaciones-reglas-back-app-5894db7bb6-4scl6 batchId=098ccbf7-44dc-41b7-9de9-d00d0c567b05 legacyFractionationToRulesHttpCallsEstimated=30 fractionationToRulesBatchHttpCalls=1 legacyTradeReadsEstimated=30 tradeRepositoryReadsAfter=1 legacySettlementReadsEstimated=30 settlementRepositoryReadsAfter=1 logicalStatusTransitionRequests=112 uniqueStatusTransitionKeys=4 statusHttpCallsAfter=4 statusHttpReductionPercent=96
[30m2026-09-09T13:13:56,050[m [32mINFO  [m[[1;34mhttp-nio-8080-exec-54[m] [36mStatusUpdateBusinessRuleServiceImpl[m - PERF_RULES_BATCH service=reglas podName=operaciones-reglas-back-app-5894db7bb6-4scl6 batchId=098ccbf7-44dc-41b7-9de9-d00d0c567b05 items=43 tradeRequested=43 tradeUnique=43 tradeRepositoryCalls=1 tradeRowsLoaded=43 tradeBulkMs=5 settlementRequestedPairs=43 settlementUniquePairs=43 settlementRepositoryCalls=1 settlementRowsLoaded=0 settlementBulkMs=3 businessRuleRepositoryCalls=0 statusTransitionRequests=162 uniqueStatusTransitionKeys=4 statusHttpCalls=4 statusHttpTotalMs=8 evaluationMs=1 prevalidatedCount=43 businessValidCount=43 businessRejectedCount=0 fallbackCount=0 totalMs=19 result=SUCCESS
[30m2026-09-09T13:13:56,050[m [32mINFO  [m[[1;34mhttp-nio-8080-exec-54[m] [36mStatusUpdateBusinessRuleServiceImpl[m - PERF_RULES_BATCH_REDUCTION service=reglas podName=operaciones-reglas-back-app-5894db7bb6-4scl6 batchId=098ccbf7-44dc-41b7-9de9-d00d0c567b05 legacyFractionationToRulesHttpCallsEstimated=43 fractionationToRulesBatchHttpCalls=1 legacyTradeReadsEstimated=43 tradeRepositoryReadsAfter=1 legacySettlementReadsEstimated=43 settlementRepositoryReadsAfter=1 logicalStatusTransitionRequests=162 uniqueStatusTransitionKeys=4 statusHttpCallsAfter=4 statusHttpReductionPercent=98
[30m2026-09-09T13:13:56,545[m [32mINFO  [m[[1;34mhttp-nio-8080-exec-56[m] [36mStatusUpdateBusinessRuleServiceImpl[m - PERF_RULES_BATCH service=reglas podName=operaciones-reglas-back-app-5894db7bb6-4scl6 batchId=381bc2e5-6769-47b6-b52a-29cd5ccf4156 items=89 tradeRequested=89 tradeUnique=89 tradeRepositoryCalls=1 tradeRowsLoaded=89 tradeBulkMs=5 settlementRequestedPairs=89 settlementUniquePairs=89 settlementRepositoryCalls=1 settlementRowsLoaded=64 settlementBulkMs=3 businessRuleRepositoryCalls=0 statusTransitionRequests=331 uniqueStatusTransitionKeys=4 statusHttpCalls=4 statusHttpTotalMs=7 evaluationMs=7 prevalidatedCount=89 businessValidCount=89 businessRejectedCount=0 fallbackCount=0 totalMs=25 result=SUCCESS
[30m2026-09-09T13:13:56,545[m [32mINFO  [m[[1;34mhttp-nio-8080-exec-56[m] [36mStatusUpdateBusinessRuleServiceImpl[m - PERF_RULES_BATCH_REDUCTION service=reglas podName=operaciones-reglas-back-app-5894db7bb6-4scl6 batchId=381bc2e5-6769-47b6-b52a-29cd5ccf4156 legacyFractionationToRulesHttpCallsEstimated=89 fractionationToRulesBatchHttpCalls=1 legacyTradeReadsEstimated=89 tradeRepositoryReadsAfter=1 legacySettlementReadsEstimated=89 settlementRepositoryReadsAfter=1 logicalStatusTransitionRequests=331 uniqueStatusTransitionKeys=4 statusHttpCallsAfter=4 statusHttpReductionPercent=99
[30m2026-09-09T13:13:57,599[m [32mINFO  [m[[1;34mhttp-nio-8080-exec-55[m] [36mStatusUpdateBusinessRuleServiceImpl[m - PERF_RULES_BATCH service=reglas podName=operaciones-reglas-back-app-5894db7bb6-4scl6 batchId=381bc2e5-6769-47b6-b52a-29cd5ccf4156 items=80 tradeRequested=80 tradeUnique=80 tradeRepositoryCalls=1 tradeRowsLoaded=80 tradeBulkMs=5 settlementRequestedPairs=80 settlementUniquePairs=80 settlementRepositoryCalls=1 settlementRowsLoaded=48 settlementBulkMs=2 businessRuleRepositoryCalls=0 statusTransitionRequests=288 uniqueStatusTransitionKeys=4 statusHttpCalls=4 statusHttpTotalMs=9 evaluationMs=4 prevalidatedCount=80 businessValidCount=80 businessRejectedCount=0 fallbackCount=0 totalMs=23 result=SUCCESS
[30m2026-09-09T13:13:57,599[m [32mINFO  [m[[1;34mhttp-nio-8080-exec-55[m] [36mStatusUpdateBusinessRuleServiceImpl[m - PERF_RULES_BATCH_REDUCTION service=reglas podName=operaciones-reglas-back-app-5894db7bb6-4scl6 batchId=381bc2e5-6769-47b6-b52a-29cd5ccf4156 legacyFractionationToRulesHttpCallsEstimated=80 fractionationToRulesBatchHttpCalls=1 legacyTradeReadsEstimated=80 tradeRepositoryReadsAfter=1 legacySettlementReadsEstimated=80 settlementRepositoryReadsAfter=1 logicalStatusTransitionRequests=288 uniqueStatusTransitionKeys=4 statusHttpCallsAfter=4 statusHttpReductionPercent=99
[30m2026-09-09T13:14:00,847[m [32mINFO  [m[[1;34mhttp-nio-8080-exec-57[m] [36mStatusUpdateBusinessRuleServiceImpl[m - PERF_RULES_BATCH service=reglas podName=operaciones-reglas-back-app-5894db7bb6-4scl6 batchId=6e95154e-24ca-4aed-af75-ad3fe516f7f4 items=84 tradeRequested=84 tradeUnique=84 tradeRepositoryCalls=1 tradeRowsLoaded=84 tradeBulkMs=5 settlementRequestedPairs=84 settlementUniquePairs=84 settlementRepositoryCalls=1 settlementRowsLoaded=0 settlementBulkMs=2 businessRuleRepositoryCalls=0 statusTransitionRequests=312 uniqueStatusTransitionKeys=4 statusHttpCalls=4 statusHttpTotalMs=7 evaluationMs=4 prevalidatedCount=84 businessValidCount=84 businessRejectedCount=0 fallbackCount=0 totalMs=20 result=SUCCESS
[30m2026-09-09T13:14:00,848[m [32mINFO  [m[[1;34mhttp-nio-8080-exec-57[m] [36mStatusUpdateBusinessRuleServiceImpl[m - PERF_RULES_BATCH_REDUCTION service=reglas podName=operaciones-reglas-back-app-5894db7bb6-4scl6 batchId=6e95154e-24ca-4aed-af75-ad3fe516f7f4 legacyFractionationToRulesHttpCallsEstimated=84 fractionationToRulesBatchHttpCalls=1 legacyTradeReadsEstimated=84 tradeRepositoryReadsAfter=1 legacySettlementReadsEstimated=84 settlementRepositoryReadsAfter=1 logicalStatusTransitionRequests=312 uniqueStatusTransitionKeys=4 statusHttpCallsAfter=4 statusHttpReductionPercent=99
[30m2026-09-09T13:14:00,888[m [32mINFO  [m[[1;34mhttp-nio-8080-exec-58[m] [36mStatusUpdateBusinessRuleServiceImpl[m - PERF_RULES_BATCH service=reglas podName=operaciones-reglas-back-app-5894db7bb6-4scl6 batchId=6e95154e-24ca-4aed-af75-ad3fe516f7f4 items=78 tradeRequested=78 tradeUnique=78 tradeRepositoryCalls=1 tradeRowsLoaded=78 tradeBulkMs=5 settlementRequestedPairs=78 settlementUniquePairs=78 settlementRepositoryCalls=1 settlementRowsLoaded=0 settlementBulkMs=2 businessRuleRepositoryCalls=0 statusTransitionRequests=280 uniqueStatusTransitionKeys=4 statusHttpCalls=4 statusHttpTotalMs=7 evaluationMs=3 prevalidatedCount=78 businessValidCount=78 businessRejectedCount=0 fallbackCount=0 totalMs=20 result=SUCCESS
[30m2026-09-09T13:14:00,888[m [32mINFO  [m[[1;34mhttp-nio-8080-exec-58[m] [36mStatusUpdateBusinessRuleServiceImpl[m - PERF_RULES_BATCH_REDUCTION service=reglas podName=operaciones-reglas-back-app-5894db7bb6-4scl6 batchId=6e95154e-24ca-4aed-af75-ad3fe516f7f4 legacyFractionationToRulesHttpCallsEstimated=78 fractionationToRulesBatchHttpCalls=1 legacyTradeReadsEstimated=78 tradeRepositoryReadsAfter=1 legacySettlementReadsEstimated=78 settlementRepositoryReadsAfter=1 logicalStatusTransitionRequests=280 uniqueStatusTransitionKeys=4 statusHttpCallsAfter=4 statusHttpReductionPercent=99
[30m2026-09-09T13:14:04,656[m [32mINFO  [m[[1;34mhttp-nio-8080-exec-59[m] [36mStatusUpdateBusinessRuleServiceImpl[m - PERF_RULES_BATCH service=reglas podName=operaciones-reglas-back-app-5894db7bb6-4scl6 batchId=dd13449a-d1a7-4b1b-b327-29f6c1cff7d0 items=91 tradeRequested=91 tradeUnique=91 tradeRepositoryCalls=1 tradeRowsLoaded=91 tradeBulkMs=5 settlementRequestedPairs=91 settlementUniquePairs=91 settlementRepositoryCalls=1 settlementRowsLoaded=0 settlementBulkMs=2 businessRuleRepositoryCalls=0 statusTransitionRequests=335 uniqueStatusTransitionKeys=4 statusHttpCalls=4 statusHttpTotalMs=10 evaluationMs=4 prevalidatedCount=91 businessValidCount=91 businessRejectedCount=0 fallbackCount=0 totalMs=24 result=SUCCESS
[30m2026-09-09T13:14:04,657[m [32mINFO  [m[[1;34mhttp-nio-8080-exec-59[m] [36mStatusUpdateBusinessRuleServiceImpl[m - PERF_RULES_BATCH_REDUCTION service=reglas podName=operaciones-reglas-back-app-5894db7bb6-4scl6 batchId=dd13449a-d1a7-4b1b-b327-29f6c1cff7d0 legacyFractionationToRulesHttpCallsEstimated=91 fractionationToRulesBatchHttpCalls=1 legacyTradeReadsEstimated=91 tradeRepositoryReadsAfter=1 legacySettlementReadsEstimated=91 settlementRepositoryReadsAfter=1 logicalStatusTransitionRequests=335 uniqueStatusTransitionKeys=4 statusHttpCallsAfter=4 statusHttpReductionPercent=99
[30m2026-09-09T13:14:04,717[m [32mINFO  [m[[1;34mhttp-nio-8080-exec-60[m] [36mStatusUpdateBusinessRuleServiceImpl[m - PERF_RULES_BATCH service=reglas podName=operaciones-reglas-back-app-5894db7bb6-4scl6 batchId=dd13449a-d1a7-4b1b-b327-29f6c1cff7d0 items=78 tradeRequested=78 tradeUnique=78 tradeRepositoryCalls=1 tradeRowsLoaded=78 tradeBulkMs=6 settlementRequestedPairs=78 settlementUniquePairs=78 settlementRepositoryCalls=1 settlementRowsLoaded=0 settlementBulkMs=2 businessRuleRepositoryCalls=0 statusTransitionRequests=278 uniqueStatusTransitionKeys=4 statusHttpCalls=4 statusHttpTotalMs=15 evaluationMs=2 prevalidatedCount=78 businessValidCount=78 businessRejectedCount=0 fallbackCount=0 totalMs=27 result=SUCCESS
[30m2026-09-09T13:14:04,718[m [32mINFO  [m[[1;34mhttp-nio-8080-exec-60[m] [36mStatusUpdateBusinessRuleServiceImpl[m - PERF_RULES_BATCH_REDUCTION service=reglas podName=operaciones-reglas-back-app-5894db7bb6-4scl6 batchId=dd13449a-d1a7-4b1b-b327-29f6c1cff7d0 legacyFractionationToRulesHttpCallsEstimated=78 fractionationToRulesBatchHttpCalls=1 legacyTradeReadsEstimated=78 tradeRepositoryReadsAfter=1 legacySettlementReadsEstimated=78 settlementRepositoryReadsAfter=1 logicalStatusTransitionRequests=278 uniqueStatusTransitionKeys=4 statusHttpCallsAfter=4 statusHttpReductionPercent=99
[30m2026-09-09T13:14:09,237[m [32mINFO  [m[[1;34mhttp-nio-8080-exec-61[m] [36mStatusUpdateBusinessRuleServiceImpl[m - PERF_RULES_BATCH service=reglas podName=operaciones-reglas-back-app-5894db7bb6-4scl6 batchId=7899238e-c18f-452e-bf4b-a421579c7f7d items=81 tradeRequested=81 tradeUnique=81 tradeRepositoryCalls=1 tradeRowsLoaded=81 tradeBulkMs=6 settlementRequestedPairs=81 settlementUniquePairs=81 settlementRepositoryCalls=1 settlementRowsLoaded=79 settlementBulkMs=4 businessRuleRepositoryCalls=0 statusTransitionRequests=322 uniqueStatusTransitionKeys=4 statusHttpCalls=4 statusHttpTotalMs=12 evaluationMs=4 prevalidatedCount=81 businessValidCount=81 businessRejectedCount=0 fallbackCount=0 totalMs=29 result=SUCCESS
[30m2026-09-09T13:14:09,237[m [32mINFO  [m[[1;34mhttp-nio-8080-exec-61[m] [36mStatusUpdateBusinessRuleServiceImpl[m - PERF_RULES_BATCH_REDUCTION service=reglas podName=operaciones-reglas-back-app-5894db7bb6-4scl6 batchId=7899238e-c18f-452e-bf4b-a421579c7f7d legacyFractionationToRulesHttpCallsEstimated=81 fractionationToRulesBatchHttpCalls=1 legacyTradeReadsEstimated=81 tradeRepositoryReadsAfter=1 legacySettlementReadsEstimated=81 settlementRepositoryReadsAfter=1 logicalStatusTransitionRequests=322 uniqueStatusTransitionKeys=4 statusHttpCallsAfter=4 statusHttpReductionPercent=99
[30m2026-09-09T13:14:09,267[m [32mINFO  [m[[1;34mhttp-nio-8080-exec-62[m] [36mStatusUpdateBusinessRuleServiceImpl[m - PERF_RULES_BATCH service=reglas podName=operaciones-reglas-back-app-5894db7bb6-4scl6 batchId=7899238e-c18f-452e-bf4b-a421579c7f7d items=87 tradeRequested=87 tradeUnique=87 tradeRepositoryCalls=1 tradeRowsLoaded=87 tradeBulkMs=5 settlementRequestedPairs=87 settlementUniquePairs=87 settlementRepositoryCalls=1 settlementRowsLoaded=86 settlementBulkMs=4 businessRuleRepositoryCalls=0 statusTransitionRequests=347 uniqueStatusTransitionKeys=4 statusHttpCalls=4 statusHttpTotalMs=10 evaluationMs=3 prevalidatedCount=87 businessValidCount=87 businessRejectedCount=0 fallbackCount=0 totalMs=25 result=SUCCESS
[30m2026-09-09T13:14:09,267[m [32mINFO  [m[[1;34mhttp-nio-8080-exec-62[m] [36mStatusUpdateBusinessRuleServiceImpl[m - PERF_RULES_BATCH_REDUCTION service=reglas podName=operaciones-reglas-back-app-5894db7bb6-4scl6 batchId=7899238e-c18f-452e-bf4b-a421579c7f7d legacyFractionationToRulesHttpCallsEstimated=87 fractionationToRulesBatchHttpCalls=1 legacyTradeReadsEstimated=87 tradeRepositoryReadsAfter=1 legacySettlementReadsEstimated=87 settlementRepositoryReadsAfter=1 logicalStatusTransitionRequests=347 uniqueStatusTransitionKeys=4 statusHttpCallsAfter=4 statusHttpReductionPercent=99
[30m2026-09-09T13:14:18,045[m [32mINFO  [m[[1;34mhttp-nio-8080-exec-63[m] [36mStatusUpdateBusinessRuleServiceImpl[m - PERF_RULES_BATCH service=reglas podName=operaciones-reglas-back-app-5894db7bb6-4scl6 batchId=e2a0fd52-57a7-4050-a165-d9f77801ed5c items=79 tradeRequested=79 tradeUnique=79 tradeRepositoryCalls=1 tradeRowsLoaded=79 tradeBulkMs=8 settlementRequestedPairs=79 settlementUniquePairs=79 settlementRepositoryCalls=1 settlementRowsLoaded=0 settlementBulkMs=2 businessRuleRepositoryCalls=0 statusTransitionRequests=316 uniqueStatusTransitionKeys=4 statusHttpCalls=4 statusHttpTotalMs=9 evaluationMs=6 prevalidatedCount=79 businessValidCount=79 businessRejectedCount=0 fallbackCount=0 totalMs=27 result=SUCCESS
[30m2026-09-09T13:14:18,045[m [32mINFO  [m[[1;34mhttp-nio-8080-exec-63[m] [36mStatusUpdateBusinessRuleServiceImpl[m - PERF_RULES_BATCH_REDUCTION service=reglas podName=operaciones-reglas-back-app-5894db7bb6-4scl6 batchId=e2a0fd52-57a7-4050-a165-d9f77801ed5c legacyFractionationToRulesHttpCallsEstimated=79 fractionationToRulesBatchHttpCalls=1 legacyTradeReadsEstimated=79 tradeRepositoryReadsAfter=1 legacySettlementReadsEstimated=79 settlementRepositoryReadsAfter=1 logicalStatusTransitionRequests=316 uniqueStatusTransitionKeys=4 statusHttpCallsAfter=4 statusHttpReductionPercent=99
[30m2026-09-09T13:14:18,054[m [32mINFO  [m[[1;34mhttp-nio-8080-exec-64[m] [36mStatusUpdateBusinessRuleServiceImpl[m - PERF_RULES_BATCH service=reglas podName=operaciones-reglas-back-app-5894db7bb6-4scl6 batchId=e2a0fd52-57a7-4050-a165-d9f77801ed5c items=87 tradeRequested=87 tradeUnique=87 tradeRepositoryCalls=1 tradeRowsLoaded=87 tradeBulkMs=6 settlementRequestedPairs=87 settlementUniquePairs=87 settlementRepositoryCalls=1 settlementRowsLoaded=0 settlementBulkMs=3 businessRuleRepositoryCalls=0 statusTransitionRequests=348 uniqueStatusTransitionKeys=4 statusHttpCalls=4 statusHttpTotalMs=11 evaluationMs=3 prevalidatedCount=87 businessValidCount=87 businessRejectedCount=0 fallbackCount=0 totalMs=25 result=SUCCESS
[30m2026-09-09T13:14:18,054[m [32mINFO  [m[[1;34mhttp-nio-8080-exec-64[m] [36mStatusUpdateBusinessRuleServiceImpl[m - PERF_RULES_BATCH_REDUCTION service=reglas podName=operaciones-reglas-back-app-5894db7bb6-4scl6 batchId=e2a0fd52-57a7-4050-a165-d9f77801ed5c legacyFractionationToRulesHttpCallsEstimated=87 fractionationToRulesBatchHttpCalls=1 legacyTradeReadsEstimated=87 tradeRepositoryReadsAfter=1 legacySettlementReadsEstimated=87 settlementRepositoryReadsAfter=1 logicalStatusTransitionRequests=348 uniqueStatusTransitionKeys=4 statusHttpCallsAfter=4 statusHttpReductionPercent=99
[30m2026-09-09T13:14:21,146[m [32mINFO  [m[[1;34mhttp-nio-8080-exec-66[m] [36mStatusUpdateBusinessRuleServiceImpl[m - PERF_RULES_BATCH service=reglas podName=operaciones-reglas-back-app-5894db7bb6-4scl6 batchId=eabed333-9aea-45f5-84d7-f12839ecfe2c items=37 tradeRequested=37 tradeUnique=37 tradeRepositoryCalls=1 tradeRowsLoaded=37 tradeBulkMs=6 settlementRequestedPairs=37 settlementUniquePairs=37 settlementRepositoryCalls=1 settlementRowsLoaded=0 settlementBulkMs=9 businessRuleRepositoryCalls=0 statusTransitionRequests=148 uniqueStatusTransitionKeys=4 statusHttpCalls=4 statusHttpTotalMs=21 evaluationMs=1 prevalidatedCount=37 businessValidCount=37 businessRejectedCount=0 fallbackCount=0 totalMs=39 result=SUCCESS
[30m2026-09-09T13:14:21,146[m [32mINFO  [m[[1;34mhttp-nio-8080-exec-66[m] [36mStatusUpdateBusinessRuleServiceImpl[m - PERF_RULES_BATCH_REDUCTION service=reglas podName=operaciones-reglas-back-app-5894db7bb6-4scl6 batchId=eabed333-9aea-45f5-84d7-f12839ecfe2c legacyFractionationToRulesHttpCallsEstimated=37 fractionationToRulesBatchHttpCalls=1 legacyTradeReadsEstimated=37 tradeRepositoryReadsAfter=1 legacySettlementReadsEstimated=37 settlementRepositoryReadsAfter=1 logicalStatusTransitionRequests=148 uniqueStatusTransitionKeys=4 statusHttpCallsAfter=4 statusHttpReductionPercent=97
