[30m2026-09-03T15:12:57,111[m [32mINFO  [m[[1;34mhttp-nio-8080-exec-6[m] [36mFractionationCountedServiceImpl[m - PERF_ASSIGNMENT_BATCH service=cmd batchId=c19282fa-5432-48c6-a505-27394b77589e mode=RAW_VALIDATED configuredMaxBatchSize=80 receivedBatchSize=17 processedCount=17 successCount=17 failureCount=0 fractionationMs=441 totalMs=441
[30m2026-09-03T15:12:57,111[m [32mINFO  [m[[1;34mhttp-nio-8080-exec-6[m] [36mFractionationCountedServiceImpl[m - PERF_ASSIGNMENT_BATCH service=cmd batchId=c19282fa-5432-48c6-a505-27394b77589e mode=RAW configuredMaxBatchSize=80 receivedBatchSize=17 validCount=17 invalidCount=0 sentToFractionationCount=17 successCount=17 failureCount=0 totalMs=476
[30m2026-09-03T15:12:57,112[m [32mINFO  [m[[1;34mhttp-nio-8080-exec-6[m] [36mGlobalFilter[m - Request [POST /operations-cmd-api/v1/fractionation/counted-operation/batch] completed in 478 ms with status 200
[30m2026-09-03T15:12:57,174[m [32mINFO  [m[[1;34mhttp-nio-8080-exec-4[m] [36mFractionationCountedServiceImpl[m - PERF_ASSIGNMENT_BATCH service=cmd batchId=c19282fa-5432-48c6-a505-27394b77589e mode=RAW_VALIDATED configuredMaxBatchSize=80 receivedBatchSize=15 processedCount=15 successCount=15 failureCount=0 fractionationMs=504 totalMs=504
[30m2026-09-03T15:12:57,174[m [32mINFO  [m[[1;34mhttp-nio-8080-exec-4[m] [36mFractionationCountedServiceImpl[m - PERF_ASSIGNMENT_BATCH service=cmd batchId=c19282fa-5432-48c6-a505-27394b77589e mode=RAW configuredMaxBatchSize=80 receivedBatchSize=15 validCount=15 invalidCount=0 sentToFractionationCount=15 successCount=15 failureCount=0 totalMs=539
[30m2026-09-03T15:12:57,175[m [32mINFO  [m[[1;34mhttp-nio-8080-exec-4[m] [36mGlobalFilter[m - Request [POST /operations-cmd-api/v1/fractionation/counted-operation/batch] completed in 541 ms with status 200
[30m2026-09-03T15:12:57,245[m [32mINFO  [m[[1;34mhttp-nio-8080-exec-3[m] [36mFractionationCountedServiceImpl[m - PERF_ASSIGNMENT_BATCH service=cmd batchId=c19282fa-5432-48c6-a505-27394b77589e mode=RAW_VALIDATED configuredMaxBatchSize=80 receivedBatchSize=13 processedCount=13 successCount=13 failureCount=0 fractionationMs=565 totalMs=565
[30m2026-09-03T15:12:57,245[m [32mINFO  [m[[1;34mhttp-nio-8080-exec-3[m] [36mFractionationCountedServiceImpl[m - PERF_ASSIGNMENT_BATCH service=cmd batchId=c19282fa-5432-48c6-a505-27394b77589e mode=RAW configuredMaxBatchSize=80 receivedBatchSize=13 validCount=13 invalidCount=0 sentToFractionationCount=13 successCount=13 failureCount=0 totalMs=609
[30m2026-09-03T15:12:57,246[m [32mINFO  [m[[1;34mhttp-nio-8080-exec-3[m] [36mGlobalFilter[m - Request [POST /operations-cmd-api/v1/fractionation/counted-operation/batch] completed in 612 ms with status 200
[30m2026-09-03T15:12:57,299[m [32mINFO  [m[[1;34mhttp-nio-8080-exec-8[m] [36mFractionationCountedServiceImpl[m - PERF_ASSIGNMENT_BATCH service=cmd batchId=c19282fa-5432-48c6-a505-27394b77589e mode=RAW_VALIDATED configuredMaxBatchSize=80 receivedBatchSize=16 processedCount=16 successCount=16 failureCount=0 fractionationMs=629 totalMs=629
[30m2026-09-03T15:12:57,299[m [32mINFO  [m[[1;34mhttp-nio-8080-exec-8[m] [36mFractionationCountedServiceImpl[m - PERF_ASSIGNMENT_BATCH service=cmd batchId=c19282fa-5432-48c6-a505-27394b77589e mode=RAW configuredMaxBatchSize=80 receivedBatchSize=16 validCount=16 invalidCount=0 sentToFractionationCount=16 successCount=16 failureCount=0 totalMs=664
[30m2026-09-03T15:12:57,300[m [32mINFO  [m[[1;34mhttp-nio-8080-exec-8[m] [36mGlobalFilter[m - Request [POST /operations-cmd-api/v1/fractionation/counted-operation/batch] completed in 666 ms with status 200
[30m2026-09-03T15:12:57,534[m [32mINFO  [m[[1;34mhttp-nio-8080-exec-2[m] [36mFractionationCountedServiceImpl[m - PERF_ASSIGNMENT_BATCH service=cmd batchId=c19282fa-5432-48c6-a505-27394b77589e mode=RAW_VALIDATED configuredMaxBatchSize=80 receivedBatchSize=19 processedCount=19 successCount=19 failureCount=0 fractionationMs=839 totalMs=839
[30m2026-09-03T15:12:57,534[m [32mINFO  [m[[1;34mhttp-nio-8080-exec-2[m] [36mFractionationCountedServiceImpl[m - PERF_ASSIGNMENT_BATCH service=cmd batchId=c19282fa-5432-48c6-a505-27394b77589e mode=RAW configuredMaxBatchSize=80 receivedBatchSize=19 validCount=19 invalidCount=0 sentToFractionationCount=19 successCount=19 failureCount=0 totalMs=899
[30m2026-09-03T15:12:57,535[m [32mINFO  [m[[1;34mhttp-nio-8080-exec-2[m] [36mGlobalFilter[m - Request [POST /operations-cmd-api/v1/fractionation/counted-operation/batch] completed in 901 ms with status 200
[30m2026-09-03T15:12:57,556[m [32mINFO  [m[[1;34mhttp-nio-8080-exec-1[m] [36mGlobalFilter[m - ----------- Client User: operaciones-orquestador-ext-back ----------
[30m2026-09-03T15:12:57,556[m [32mINFO  [m[[1;34mhttp-nio-8080-exec-10[m] [36mGlobalFilter[m - ----------- Client User: operaciones-orquestador-ext-back ----------
[30m2026-09-03T15:12:57,556[m [32mINFO  [m[[1;34mhttp-nio-8080-exec-9[m] [36mGlobalFilter[m - ----------- Client User: operaciones-orquestador-ext-back ----------
[30m2026-09-03T15:12:57,556[m [32mINFO  [m[[1;34mhttp-nio-8080-exec-5[m] [36mGlobalFilter[m - ----------- Client User: operaciones-orquestador-ext-back ----------
[30m2026-09-03T15:12:57,556[m [32mINFO  [m[[1;34mhttp-nio-8080-exec-7[m] [36mGlobalFilter[m - ----------- Client User: operaciones-orquestador-ext-back ----------
[30m2026-09-03T15:12:57,558[m [36mDEBUG [m[[1;34mhttp-nio-8080-exec-1[m] [36mSqlStatementLogger[m - select te1_0."TRADE_ID",te1_0."MATCH_ID",te1_0."MATCH_DATE",te1_0."CLEARING_DATE",te1_0."QUANTITY",t1_0."TYPE_ID",c1_0."COUNTRY_ID",pb1_0."PARTICIPANT_ID",pb1_0."DOCUMENT_NUMBER",c2_0."COUNTRY_ID",pb1_0."DIRECT_ALLOCATION",ps1_0."PARTICIPANT_ID",ps1_0."DOCUMENT_NUMBER",c3_0."COUNTRY_ID",ps1_0."DIRECT_ALLOCATION",db1_0."DEPOSITORY_ID",ds1_0."DEPOSITORY_ID",sqbt1_0."TYPE_ID",sqst1_0."TYPE_ID",st1_0."COUNTRY_ID" from "NUANBODB"."TRADE" te1_0 left join "NUANBODB"."TYPE" t1_0 on t1_0."TYPE_ID"=te1_0."TYPE_ID" left join "NUANBODB"."COUNTRY" c1_0 on c1_0."COUNTRY_ID"=te1_0."COUNTRY_ID" left join "NUANBODB"."PARTICIPANT" pb1_0 on pb1_0."PARTICIPANT_ID"=te1_0."PARTICIPANT_ID_BUY" left join "NUANBODB"."COUNTRY" c2_0 on c2_0."COUNTRY_ID"=pb1_0."COUNTRY_ID" left join "NUANBODB"."PARTICIPANT" ps1_0 on ps1_0."PARTICIPANT_ID"=te1_0."PARTICIPANT_ID_SELL" left join "NUANBODB"."COUNTRY" c3_0 on c3_0."COUNTRY_ID"=ps1_0."COUNTRY_ID" left join "NUANBODB"."DEPOSITORY" db1_0 on db1_0."DEPOSITORY_ID"=te1_0."DEPOSITORY_ID_BUY" left join "NUANBODB"."DEPOSITORY" ds1_0 on ds1_0."DEPOSITORY_ID"=te1_0."DEPOSITORY_ID_SELL" left join "NUANBODB"."TYPE" sqbt1_0 on sqbt1_0."TYPE_ID"=te1_0."SOURCE_QUOTE_BUY_TYPE" left join "NUANBODB"."TYPE" sqst1_0 on sqst1_0."TYPE_ID"=te1_0."SOURCE_QUOTE_SELL_TYPE" left join "NUANBODB"."SECURITY_TITLE" st1_0 on st1_0."SECURITY_ID"=te1_0."SECURITY_ID" where te1_0."MATCH_ID" in (?,?,?,?,?,?,?,?,?,?,?,?,?,?,?,?)
[30m2026-09-03T15:12:57,558[m [36mDEBUG [m[[1;34mhttp-nio-8080-exec-7[m] [36mSqlStatementLogger[m - select te1_0."TRADE_ID",te1_0."MATCH_ID",te1_0."MATCH_DATE",te1_0."CLEARING_DATE",te1_0."QUANTITY",t1_0."TYPE_ID",c1_0."COUNTRY_ID",pb1_0."PARTICIPANT_ID",pb1_0."DOCUMENT_NUMBER",c2_0."COUNTRY_ID",pb1_0."DIRECT_ALLOCATION",ps1_0."PARTICIPANT_ID",ps1_0."DOCUMENT_NUMBER",c3_0."COUNTRY_ID",ps1_0."DIRECT_ALLOCATION",db1_0."DEPOSITORY_ID",ds1_0."DEPOSITORY_ID",sqbt1_0."TYPE_ID",sqst1_0."TYPE_ID",st1_0."COUNTRY_ID" from "NUANBODB"."TRADE" te1_0 left join "NUANBODB"."TYPE" t1_0 on t1_0."TYPE_ID"=te1_0."TYPE_ID" left join "NUANBODB"."COUNTRY" c1_0 on c1_0."COUNTRY_ID"=te1_0."COUNTRY_ID" left join "NUANBODB"."PARTICIPANT" pb1_0 on pb1_0."PARTICIPANT_ID"=te1_0."PARTICIPANT_ID_BUY" left join "NUANBODB"."COUNTRY" c2_0 on c2_0."COUNTRY_ID"=pb1_0."COUNTRY_ID" left join "NUANBODB"."PARTICIPANT" ps1_0 on ps1_0."PARTICIPANT_ID"=te1_0."PARTICIPANT_ID_SELL" left join "NUANBODB"."COUNTRY" c3_0 on c3_0."COUNTRY_ID"=ps1_0."COUNTRY_ID" left join "NUANBODB"."DEPOSITORY" db1_0 on db1_0."DEPOSITORY_ID"=te1_0."DEPOSITORY_ID_BUY" left join "NUANBODB"."DEPOSITORY" ds1_0 on ds1_0."DEPOSITORY_ID"=te1_0."DEPOSITORY_ID_SELL" left join "NUANBODB"."TYPE" sqbt1_0 on sqbt1_0."TYPE_ID"=te1_0."SOURCE_QUOTE_BUY_TYPE" left join "NUANBODB"."TYPE" sqst1_0 on sqst1_0."TYPE_ID"=te1_0."SOURCE_QUOTE_SELL_TYPE" left join "NUANBODB"."SECURITY_TITLE" st1_0 on st1_0."SECURITY_ID"=te1_0."SECURITY_ID" where te1_0."MATCH_ID" in (?,?,?,?,?,?,?,?,?,?,?,?,?,?,?)
[30m2026-09-03T15:12:57,558[m [36mDEBUG [m[[1;34mhttp-nio-8080-exec-5[m] [36mSqlStatementLogger[m - select te1_0."TRADE_ID",te1_0."MATCH_ID",te1_0."MATCH_DATE",te1_0."CLEARING_DATE",te1_0."QUANTITY",t1_0."TYPE_ID",c1_0."COUNTRY_ID",pb1_0."PARTICIPANT_ID",pb1_0."DOCUMENT_NUMBER",c2_0."COUNTRY_ID",pb1_0."DIRECT_ALLOCATION",ps1_0."PARTICIPANT_ID",ps1_0."DOCUMENT_NUMBER",c3_0."COUNTRY_ID",ps1_0."DIRECT_ALLOCATION",db1_0."DEPOSITORY_ID",ds1_0."DEPOSITORY_ID",sqbt1_0."TYPE_ID",sqst1_0."TYPE_ID",st1_0."COUNTRY_ID" from "NUANBODB"."TRADE" te1_0 left join "NUANBODB"."TYPE" t1_0 on t1_0."TYPE_ID"=te1_0."TYPE_ID" left join "NUANBODB"."COUNTRY" c1_0 on c1_0."COUNTRY_ID"=te1_0."COUNTRY_ID" left join "NUANBODB"."PARTICIPANT" pb1_0 on pb1_0."PARTICIPANT_ID"=te1_0."PARTICIPANT_ID_BUY" left join "NUANBODB"."COUNTRY" c2_0 on c2_0."COUNTRY_ID"=pb1_0."COUNTRY_ID" left join "NUANBODB"."PARTICIPANT" ps1_0 on ps1_0."PARTICIPANT_ID"=te1_0."PARTICIPANT_ID_SELL" left join "NUANBODB"."COUNTRY" c3_0 on c3_0."COUNTRY_ID"=ps1_0."COUNTRY_ID" left join "NUANBODB"."DEPOSITORY" db1_0 on db1_0."DEPOSITORY_ID"=te1_0."DEPOSITORY_ID_BUY" left join "NUANBODB"."DEPOSITORY" ds1_0 on ds1_0."DEPOSITORY_ID"=te1_0."DEPOSITORY_ID_SELL" left join "NUANBODB"."TYPE" sqbt1_0 on sqbt1_0."TYPE_ID"=te1_0."SOURCE_QUOTE_BUY_TYPE" left join "NUANBODB"."TYPE" sqst1_0 on sqst1_0."TYPE_ID"=te1_0."SOURCE_QUOTE_SELL_TYPE" left join "NUANBODB"."SECURITY_TITLE" st1_0 on st1_0."SECURITY_ID"=te1_0."SECURITY_ID" where te1_0."MATCH_ID" in (?,?,?,?,?,?,?,?,?,?,?,?,?,?,?)
[30m2026-09-03T15:12:57,558[m [36mDEBUG [m[[1;34mhttp-nio-8080-exec-10[m] [36mSqlStatementLogger[m - select te1_0."TRADE_ID",te1_0."MATCH_ID",te1_0."MATCH_DATE",te1_0."CLEARING_DATE",te1_0."QUANTITY",t1_0."TYPE_ID",c1_0."COUNTRY_ID",pb1_0."PARTICIPANT_ID",pb1_0."DOCUMENT_NUMBER",c2_0."COUNTRY_ID",pb1_0."DIRECT_ALLOCATION",ps1_0."PARTICIPANT_ID",ps1_0."DOCUMENT_NUMBER",c3_0."COUNTRY_ID",ps1_0."DIRECT_ALLOCATION",db1_0."DEPOSITORY_ID",ds1_0."DEPOSITORY_ID",sqbt1_0."TYPE_ID",sqst1_0."TYPE_ID",st1_0."COUNTRY_ID" from "NUANBODB"."TRADE" te1_0 left join "NUANBODB"."TYPE" t1_0 on t1_0."TYPE_ID"=te1_0."TYPE_ID" left join "NUANBODB"."COUNTRY" c1_0 on c1_0."COUNTRY_ID"=te1_0."COUNTRY_ID" left join "NUANBODB"."PARTICIPANT" pb1_0 on pb1_0."PARTICIPANT_ID"=te1_0."PARTICIPANT_ID_BUY" left join "NUANBODB"."COUNTRY" c2_0 on c2_0."COUNTRY_ID"=pb1_0."COUNTRY_ID" left join "NUANBODB"."PARTICIPANT" ps1_0 on ps1_0."PARTICIPANT_ID"=te1_0."PARTICIPANT_ID_SELL" left join "NUANBODB"."COUNTRY" c3_0 on c3_0."COUNTRY_ID"=ps1_0."COUNTRY_ID" left join "NUANBODB"."DEPOSITORY" db1_0 on db1_0."DEPOSITORY_ID"=te1_0."DEPOSITORY_ID_BUY" left join "NUANBODB"."DEPOSITORY" ds1_0 on ds1_0."DEPOSITORY_ID"=te1_0."DEPOSITORY_ID_SELL" left join "NUANBODB"."TYPE" sqbt1_0 on sqbt1_0."TYPE_ID"=te1_0."SOURCE_QUOTE_BUY_TYPE" left join "NUANBODB"."TYPE" sqst1_0 on sqst1_0."TYPE_ID"=te1_0."SOURCE_QUOTE_SELL_TYPE" left join "NUANBODB"."SECURITY_TITLE" st1_0 on st1_0."SECURITY_ID"=te1_0."SECURITY_ID" where te1_0."MATCH_ID" in (?,?,?,?,?,?,?,?,?,?,?,?,?,?,?,?,?)
[30m2026-09-03T15:12:57,558[m [36mDEBUG [m[[1;34mhttp-nio-8080-exec-9[m] [36mSqlStatementLogger[m - select te1_0."TRADE_ID",te1_0."MATCH_ID",te1_0."MATCH_DATE",te1_0."CLEARING_DATE",te1_0."QUANTITY",t1_0."TYPE_ID",c1_0."COUNTRY_ID",pb1_0."PARTICIPANT_ID",pb1_0."DOCUMENT_NUMBER",c2_0."COUNTRY_ID",pb1_0."DIRECT_ALLOCATION",ps1_0."PARTICIPANT_ID",ps1_0."DOCUMENT_NUMBER",c3_0."COUNTRY_ID",ps1_0."DIRECT_ALLOCATION",db1_0."DEPOSITORY_ID",ds1_0."DEPOSITORY_ID",sqbt1_0."TYPE_ID",sqst1_0."TYPE_ID",st1_0."COUNTRY_ID" from "NUANBODB"."TRADE" te1_0 left join "NUANBODB"."TYPE" t1_0 on t1_0."TYPE_ID"=te1_0."TYPE_ID" left join "NUANBODB"."COUNTRY" c1_0 on c1_0."COUNTRY_ID"=te1_0."COUNTRY_ID" left join "NUANBODB"."PARTICIPANT" pb1_0 on pb1_0."PARTICIPANT_ID"=te1_0."PARTICIPANT_ID_BUY" left join "NUANBODB"."COUNTRY" c2_0 on c2_0."COUNTRY_ID"=pb1_0."COUNTRY_ID" left join "NUANBODB"."PARTICIPANT" ps1_0 on ps1_0."PARTICIPANT_ID"=te1_0."PARTICIPANT_ID_SELL" left join "NUANBODB"."COUNTRY" c3_0 on c3_0."COUNTRY_ID"=ps1_0."COUNTRY_ID" left join "NUANBODB"."DEPOSITORY" db1_0 on db1_0."DEPOSITORY_ID"=te1_0."DEPOSITORY_ID_BUY" left join "NUANBODB"."DEPOSITORY" ds1_0 on ds1_0."DEPOSITORY_ID"=te1_0."DEPOSITORY_ID_SELL" left join "NUANBODB"."TYPE" sqbt1_0 on sqbt1_0."TYPE_ID"=te1_0."SOURCE_QUOTE_BUY_TYPE" left join "NUANBODB"."TYPE" sqst1_0 on sqst1_0."TYPE_ID"=te1_0."SOURCE_QUOTE_SELL_TYPE" left join "NUANBODB"."SECURITY_TITLE" st1_0 on st1_0."SECURITY_ID"=te1_0."SECURITY_ID" where te1_0."MATCH_ID" in (?,?,?,?,?,?,?,?,?,?,?,?,?,?,?,?,?)
[30m2026-09-03T15:12:57,559[m [30mTRACE [m[[1;34mhttp-nio-8080-exec-9[m] [36mJdbcBindingLogging[m - binding parameter (1:BIGINT) <- [642825]
[30m2026-09-03T15:12:57,559[m [30mTRACE [m[[1;34mhttp-nio-8080-exec-7[m] [36mJdbcBindingLogging[m - binding parameter (1:BIGINT) <- [642859]
[30m2026-09-03T15:12:57,559[m [30mTRACE [m[[1;34mhttp-nio-8080-exec-9[m] [36mJdbcBindingLogging[m - binding parameter (2:BIGINT) <- [642889]
[30m2026-09-03T15:12:57,559[m [30mTRACE [m[[1;34mhttp-nio-8080-exec-1[m] [36mJdbcBindingLogging[m - binding parameter (1:BIGINT) <- [642857]
[30m2026-09-03T15:12:57,559[m [30mTRACE [m[[1;34mhttp-nio-8080-exec-9[m] [36mJdbcBindingLogging[m - binding parameter (3:BIGINT) <- [642824]
[30m2026-09-03T15:12:57,559[m [30mTRACE [m[[1;34mhttp-nio-8080-exec-7[m] [36mJdbcBindingLogging[m - binding parameter (2:BIGINT) <- [642831]
[30m2026-09-03T15:12:57,559[m [30mTRACE [m[[1;34mhttp-nio-8080-exec-10[m] [36mJdbcBindingLogging[m - binding parameter (1:BIGINT) <- [642856]
[30m2026-09-03T15:12:57,559[m [30mTRACE [m[[1;34mhttp-nio-8080-exec-9[m] [36mJdbcBindingLogging[m - binding parameter (4:BIGINT) <- [642888]
[30m2026-09-03T15:12:57,559[m [30mTRACE [m[[1;34mhttp-nio-8080-exec-7[m] [36mJdbcBindingLogging[m - binding parameter (3:BIGINT) <- [642830]
[30m2026-09-03T15:12:57,559[m [30mTRACE [m[[1;34mhttp-nio-8080-exec-10[m] [36mJdbcBindingLogging[m - binding parameter (2:BIGINT) <- [642827]
[30m2026-09-03T15:12:57,559[m [30mTRACE [m[[1;34mhttp-nio-8080-exec-1[m] [36mJdbcBindingLogging[m - binding parameter (2:BIGINT) <- [642858]
[30m2026-09-03T15:12:57,559[m [30mTRACE [m[[1;34mhttp-nio-8080-exec-5[m] [36mJdbcBindingLogging[m - binding parameter (1:BIGINT) <- [642826]
[30m2026-09-03T15:12:57,559[m [30mTRACE [m[[1;34mhttp-nio-8080-exec-9[m] [36mJdbcBindingLogging[m - binding parameter (5:BIGINT) <- [642860]
[30m2026-09-03T15:12:57,559[m [30mTRACE [m[[1;34mhttp-nio-8080-exec-10[m] [36mJdbcBindingLogging[m - binding parameter (3:BIGINT) <- [642891]
[30m2026-09-03T15:12:57,559[m [30mTRACE [m[[1;34mhttp-nio-8080-exec-7[m] [36mJdbcBindingLogging[m - binding parameter (4:BIGINT) <- [642816]
[30m2026-09-03T15:12:57,559[m [30mTRACE [m[[1;34mhttp-nio-8080-exec-9[m] [36mJdbcBindingLogging[m - binding parameter (6:BIGINT) <- [642817]
[30m2026-09-03T15:12:57,559[m [30mTRACE [m[[1;34mhttp-nio-8080-exec-10[m] [36mJdbcBindingLogging[m - binding parameter (4:BIGINT) <- [642828]
[30m2026-09-03T15:12:57,559[m [30mTRACE [m[[1;34mhttp-nio-8080-exec-7[m] [36mJdbcBindingLogging[m - binding parameter (5:BIGINT) <- [642880]
[30m2026-09-03T15:12:57,559[m [30mTRACE [m[[1;34mhttp-nio-8080-exec-1[m] [36mJdbcBindingLogging[m - binding parameter (3:BIGINT) <- [642829]
[30m2026-09-03T15:12:57,559[m [30mTRACE [m[[1;34mhttp-nio-8080-exec-10[m] [36mJdbcBindingLogging[m - binding parameter (5:BIGINT) <- [642892]
[30m2026-09-03T15:12:57,559[m [30mTRACE [m[[1;34mhttp-nio-8080-exec-9[m] [36mJdbcBindingLogging[m - binding parameter (7:BIGINT) <- [642881]
[30m2026-09-03T15:12:57,559[m [30mTRACE [m[[1;34mhttp-nio-8080-exec-5[m] [36mJdbcBindingLogging[m - binding parameter (2:BIGINT) <- [642890]
[30m2026-09-03T15:12:57,559[m [30mTRACE [m[[1;34mhttp-nio-8080-exec-7[m] [36mJdbcBindingLogging[m - binding parameter (6:BIGINT) <- [642851]
[30m2026-09-03T15:12:57,559[m [30mTRACE [m[[1;34mhttp-nio-8080-exec-1[m] [36mJdbcBindingLogging[m - binding parameter (4:BIGINT) <- [642850]
[30m2026-09-03T15:12:57,559[m [30mTRACE [m[[1;34mhttp-nio-8080-exec-9[m] [36mJdbcBindingLogging[m - binding parameter (8:BIGINT) <- [642818]
[30m2026-09-03T15:12:57,559[m [30mTRACE [m[[1;34mhttp-nio-8080-exec-10[m] [36mJdbcBindingLogging[m - binding parameter (6:BIGINT) <- [642863]
[30m2026-09-03T15:12:57,559[m [30mTRACE [m[[1;34mhttp-nio-8080-exec-7[m] [36mJdbcBindingLogging[m - binding parameter (7:BIGINT) <- [642852]
[30m2026-09-03T15:12:57,559[m [30mTRACE [m[[1;34mhttp-nio-8080-exec-5[m] [36mJdbcBindingLogging[m - binding parameter (3:BIGINT) <- [642861]
[30m2026-09-03T15:12:57,559[m [30mTRACE [m[[1;34mhttp-nio-8080-exec-1[m] [36mJdbcBindingLogging[m - binding parameter (5:BIGINT) <- [642822]
[30m2026-09-03T15:12:57,559[m [30mTRACE [m[[1;34mhttp-nio-8080-exec-9[m] [36mJdbcBindingLogging[m - binding parameter (9:BIGINT) <- [642882]
[30m2026-09-03T15:12:57,559[m [30mTRACE [m[[1;34mhttp-nio-8080-exec-10[m] [36mJdbcBindingLogging[m - binding parameter (7:BIGINT) <- [642849]
[30m2026-09-03T15:12:57,559[m [30mTRACE [m[[1;34mhttp-nio-8080-exec-7[m] [36mJdbcBindingLogging[m - binding parameter (8:BIGINT) <- [642823]
[30m2026-09-03T15:12:57,559[m [30mTRACE [m[[1;34mhttp-nio-8080-exec-5[m] [36mJdbcBindingLogging[m - binding parameter (4:BIGINT) <- [642862]
[30m2026-09-03T15:12:57,559[m [30mTRACE [m[[1;34mhttp-nio-8080-exec-9[m] [36mJdbcBindingLogging[m - binding parameter (10:BIGINT) <- [642853]
[30m2026-09-03T15:12:57,559[m [30mTRACE [m[[1;34mhttp-nio-8080-exec-10[m] [36mJdbcBindingLogging[m - binding parameter (8:BIGINT) <- [642821]
[30m2026-09-03T15:12:57,559[m [30mTRACE [m[[1;34mhttp-nio-8080-exec-7[m] [36mJdbcBindingLogging[m - binding parameter (9:BIGINT) <- [642887]
[30m2026-09-03T15:12:57,559[m [30mTRACE [m[[1;34mhttp-nio-8080-exec-1[m] [36mJdbcBindingLogging[m - binding parameter (6:BIGINT) <- [642886]
[30m2026-09-03T15:12:57,559[m [30mTRACE [m[[1;34mhttp-nio-8080-exec-5[m] [36mJdbcBindingLogging[m - binding parameter (5:BIGINT) <- [642848]
[30m2026-09-03T15:12:57,559[m [30mTRACE [m[[1;34mhttp-nio-8080-exec-10[m] [36mJdbcBindingLogging[m - binding parameter (9:BIGINT) <- [642885]
[30m2026-09-03T15:12:57,559[m [30mTRACE [m[[1;34mhttp-nio-8080-exec-9[m] [36mJdbcBindingLogging[m - binding parameter (11:BIGINT) <- [642875]
[30m2026-09-03T15:12:57,559[m [30mTRACE [m[[1;34mhttp-nio-8080-exec-1[m] [36mJdbcBindingLogging[m - binding parameter (7:BIGINT) <- [642872]
[30m2026-09-03T15:12:57,559[m [30mTRACE [m[[1;34mhttp-nio-8080-exec-7[m] [36mJdbcBindingLogging[m - binding parameter (10:BIGINT) <- [642873]
[30m2026-09-03T15:12:57,559[m [30mTRACE [m[[1;34mhttp-nio-8080-exec-10[m] [36mJdbcBindingLogging[m - binding parameter (10:BIGINT) <- [642820]
[30m2026-09-03T15:12:57,559[m [30mTRACE [m[[1;34mhttp-nio-8080-exec-5[m] [36mJdbcBindingLogging[m - binding parameter (6:BIGINT) <- [642819]
[30m2026-09-03T15:12:57,559[m [30mTRACE [m[[1;34mhttp-nio-8080-exec-1[m] [36mJdbcBindingLogging[m - binding parameter (8:BIGINT) <- [642843]
[30m2026-09-03T15:12:57,559[m [30mTRACE [m[[1;34mhttp-nio-8080-exec-9[m] [36mJdbcBindingLogging[m - binding parameter (12:BIGINT) <- [642874]
[30m2026-09-03T15:12:57,559[m [30mTRACE [m[[1;34mhttp-nio-8080-exec-1[m] [36mJdbcBindingLogging[m - binding parameter (9:BIGINT) <- [642815]
[30m2026-09-03T15:12:57,559[m [30mTRACE [m[[1;34mhttp-nio-8080-exec-1[m] [36mJdbcBindingLogging[m - binding parameter (10:BIGINT) <- [642879]
[30m2026-09-03T15:12:57,559[m [30mTRACE [m[[1;34mhttp-nio-8080-exec-10[m] [36mJdbcBindingLogging[m - binding parameter (11:BIGINT) <- [642884]
[30m2026-09-03T15:12:57,559[m [30mTRACE [m[[1;34mhttp-nio-8080-exec-9[m] [36mJdbcBindingLogging[m - binding parameter (13:BIGINT) <- [642846]
[30m2026-09-03T15:12:57,559[m [30mTRACE [m[[1;34mhttp-nio-8080-exec-7[m] [36mJdbcBindingLogging[m - binding parameter (11:BIGINT) <- [642845]
[30m2026-09-03T15:12:57,559[m [30mTRACE [m[[1;34mhttp-nio-8080-exec-9[m] [36mJdbcBindingLogging[m - binding parameter (14:BIGINT) <- [642832]
[30m2026-09-03T15:12:57,559[m [30mTRACE [m[[1;34mhttp-nio-8080-exec-10[m] [36mJdbcBindingLogging[m - binding parameter (12:BIGINT) <- [642842]
[30m2026-09-03T15:12:57,559[m [30mTRACE [m[[1;34mhttp-nio-8080-exec-7[m] [36mJdbcBindingLogging[m - binding parameter (12:BIGINT) <- [642844]
[30m2026-09-03T15:12:57,559[m [30mTRACE [m[[1;34mhttp-nio-8080-exec-9[m] [36mJdbcBindingLogging[m - binding parameter (15:BIGINT) <- [642867]
[30m2026-09-03T15:12:57,559[m [30mTRACE [m[[1;34mhttp-nio-8080-exec-1[m] [36mJdbcBindingLogging[m - binding parameter (11:BIGINT) <- [642814]
[30m2026-09-03T15:12:57,559[m [30mTRACE [m[[1;34mhttp-nio-8080-exec-7[m] [36mJdbcBindingLogging[m - binding parameter (13:BIGINT) <- [642866]
[30m2026-09-03T15:12:57,559[m [30mTRACE [m[[1;34mhttp-nio-8080-exec-5[m] [36mJdbcBindingLogging[m - binding parameter (7:BIGINT) <- [642883]
[30m2026-09-03T15:12:57,559[m [30mTRACE [m[[1;34mhttp-nio-8080-exec-10[m] [36mJdbcBindingLogging[m - binding parameter (13:BIGINT) <- [642813]
[30m2026-09-03T15:12:57,559[m [30mTRACE [m[[1;34mhttp-nio-8080-exec-1[m] [36mJdbcBindingLogging[m - binding parameter (12:BIGINT) <- [642878]
[30m2026-09-03T15:12:57,559[m [30mTRACE [m[[1;34mhttp-nio-8080-exec-7[m] [36mJdbcBindingLogging[m - binding parameter (14:BIGINT) <- [642837]
[30m2026-09-03T15:12:57,559[m [30mTRACE [m[[1;34mhttp-nio-8080-exec-9[m] [36mJdbcBindingLogging[m - binding parameter (16:BIGINT) <- [642868]
[30m2026-09-03T15:12:57,559[m [30mTRACE [m[[1;34mhttp-nio-8080-exec-5[m] [36mJdbcBindingLogging[m - binding parameter (8:BIGINT) <- [642855]
[30m2026-09-03T15:12:57,559[m [30mTRACE [m[[1;34mhttp-nio-8080-exec-10[m] [36mJdbcBindingLogging[m - binding parameter (14:BIGINT) <- [642877]
[30m2026-09-03T15:12:57,559[m [30mTRACE [m[[1;34mhttp-nio-8080-exec-7[m] [36mJdbcBindingLogging[m - binding parameter (15:BIGINT) <- [642838]
[30m2026-09-03T15:12:57,559[m [30mTRACE [m[[1;34mhttp-nio-8080-exec-9[m] [36mJdbcBindingLogging[m - binding parameter (17:BIGINT) <- [642839]
[30m2026-09-03T15:12:57,559[m [30mTRACE [m[[1;34mhttp-nio-8080-exec-1[m] [36mJdbcBindingLogging[m - binding parameter (13:BIGINT) <- [642865]
[30m2026-09-03T15:12:57,559[m [30mTRACE [m[[1;34mhttp-nio-8080-exec-10[m] [36mJdbcBindingLogging[m - binding parameter (15:BIGINT) <- [642835]
[30m2026-09-03T15:12:57,559[m [30mTRACE [m[[1;34mhttp-nio-8080-exec-5[m] [36mJdbcBindingLogging[m - binding parameter (9:BIGINT) <- [642854]
[30m2026-09-03T15:12:57,559[m [30mTRACE [m[[1;34mhttp-nio-8080-exec-1[m] [36mJdbcBindingLogging[m - binding parameter (14:BIGINT) <- [642864]
[30m2026-09-03T15:12:57,559[m [30mTRACE [m[[1;34mhttp-nio-8080-exec-10[m] [36mJdbcBindingLogging[m - binding parameter (16:BIGINT) <- [642834]
[30m2026-09-03T15:12:57,560[m [30mTRACE [m[[1;34mhttp-nio-8080-exec-1[m] [36mJdbcBindingLogging[m - binding parameter (15:BIGINT) <- [642836]
[30m2026-09-03T15:12:57,560[m [30mTRACE [m[[1;34mhttp-nio-8080-exec-10[m] [36mJdbcBindingLogging[m - binding parameter (17:BIGINT) <- [642870]
[30m2026-09-03T15:12:57,560[m [30mTRACE [m[[1;34mhttp-nio-8080-exec-5[m] [36mJdbcBindingLogging[m - binding parameter (10:BIGINT) <- [642841]
[30m2026-09-03T15:12:57,560[m [30mTRACE [m[[1;34mhttp-nio-8080-exec-1[m] [36mJdbcBindingLogging[m - binding parameter (16:BIGINT) <- [642871]
[30m2026-09-03T15:12:57,560[m [30mTRACE [m[[1;34mhttp-nio-8080-exec-5[m] [36mJdbcBindingLogging[m - binding parameter (11:BIGINT) <- [642840]
[30m2026-09-03T15:12:57,560[m [30mTRACE [m[[1;34mhttp-nio-8080-exec-5[m] [36mJdbcBindingLogging[m - binding parameter (12:BIGINT) <- [642876]
[30m2026-09-03T15:12:57,560[m [30mTRACE [m[[1;34mhttp-nio-8080-exec-5[m] [36mJdbcBindingLogging[m - binding parameter (13:BIGINT) <- [642847]
[30m2026-09-03T15:12:57,560[m [30mTRACE [m[[1;34mhttp-nio-8080-exec-5[m] [36mJdbcBindingLogging[m - binding parameter (14:BIGINT) <- [642833]
[30m2026-09-03T15:12:57,560[m [30mTRACE [m[[1;34mhttp-nio-8080-exec-5[m] [36mJdbcBindingLogging[m - binding parameter (15:BIGINT) <- [642869]
[30m2026-09-03T15:12:57,562[m [36mDEBUG [m[[1;34mhttp-nio-8080-exec-1[m] [36mSqlStatementLogger[m - select pe1_0."PARTICIPANT_ID",pe1_0."CODE",pe1_0."COUNTRY_ID",pe1_0."CUSTODIAN",pe1_0."DIRECT_ALLOCATION",pe1_0."DOCUMENT_NUMBER",pe1_0."ENABLED",pe1_0."IDENTIFICATION_TYPE_ID",pe1_0."MARGIN_ACCOUNT",pe1_0."MARKET_MAKER",pe1_0."MASTER_ACCOUNT",pe1_0."MNEMONIC",pe1_0."NAME",pe1_0."NIT_CLEARING_HOUSE",pe1_0."REGISTRATION_DATE",pe1_0."SHORT_NAME",pe1_0."STATUS_ID",pe1_0."TAX_CODE",pe1_0."TAX_STATUS_ID",pe1_0."TYPE_ID",pe1_0."TYPE_ENTITY" from "NUANBODB"."PARTICIPANT" pe1_0 where lower(pe1_0."CODE") in (?)
[30m2026-09-03T15:12:57,562[m [36mDEBUG [m[[1;34mhttp-nio-8080-exec-9[m] [36mSqlStatementLogger[m - select pe1_0."PARTICIPANT_ID",pe1_0."CODE",pe1_0."COUNTRY_ID",pe1_0."CUSTODIAN",pe1_0."DIRECT_ALLOCATION",pe1_0."DOCUMENT_NUMBER",pe1_0."ENABLED",pe1_0."IDENTIFICATION_TYPE_ID",pe1_0."MARGIN_ACCOUNT",pe1_0."MARKET_MAKER",pe1_0."MASTER_ACCOUNT",pe1_0."MNEMONIC",pe1_0."NAME",pe1_0."NIT_CLEARING_HOUSE",pe1_0."REGISTRATION_DATE",pe1_0."SHORT_NAME",pe1_0."STATUS_ID",pe1_0."TAX_CODE",pe1_0."TAX_STATUS_ID",pe1_0."TYPE_ID",pe1_0."TYPE_ENTITY" from "NUANBODB"."PARTICIPANT" pe1_0 where lower(pe1_0."CODE") in (?)
[30m2026-09-03T15:12:57,562[m [36mDEBUG [m[[1;34mhttp-nio-8080-exec-10[m] [36mSqlStatementLogger[m - select pe1_0."PARTICIPANT_ID",pe1_0."CODE",pe1_0."COUNTRY_ID",pe1_0."CUSTODIAN",pe1_0."DIRECT_ALLOCATION",pe1_0."DOCUMENT_NUMBER",pe1_0."ENABLED",pe1_0."IDENTIFICATION_TYPE_ID",pe1_0."MARGIN_ACCOUNT",pe1_0."MARKET_MAKER",pe1_0."MASTER_ACCOUNT",pe1_0."MNEMONIC",pe1_0."NAME",pe1_0."NIT_CLEARING_HOUSE",pe1_0."REGISTRATION_DATE",pe1_0."SHORT_NAME",pe1_0."STATUS_ID",pe1_0."TAX_CODE",pe1_0."TAX_STATUS_ID",pe1_0."TYPE_ID",pe1_0."TYPE_ENTITY" from "NUANBODB"."PARTICIPANT" pe1_0 where lower(pe1_0."CODE") in (?)
[30m2026-09-03T15:12:57,562[m [30mTRACE [m[[1;34mhttp-nio-8080-exec-1[m] [36mJdbcBindingLogging[m - binding parameter (1:VARCHAR) <- [co0010]
[30m2026-09-03T15:12:57,562[m [30mTRACE [m[[1;34mhttp-nio-8080-exec-9[m] [36mJdbcBindingLogging[m - binding parameter (1:VARCHAR) <- [co0010]
[30m2026-09-03T15:12:57,562[m [30mTRACE [m[[1;34mhttp-nio-8080-exec-10[m] [36mJdbcBindingLogging[m - binding parameter (1:VARCHAR) <- [co0010]
[30m2026-09-03T15:12:57,562[m [36mDEBUG [m[[1;34mhttp-nio-8080-exec-7[m] [36mSqlStatementLogger[m - select pe1_0."PARTICIPANT_ID",pe1_0."CODE",pe1_0."COUNTRY_ID",pe1_0."CUSTODIAN",pe1_0."DIRECT_ALLOCATION",pe1_0."DOCUMENT_NUMBER",pe1_0."ENABLED",pe1_0."IDENTIFICATION_TYPE_ID",pe1_0."MARGIN_ACCOUNT",pe1_0."MARKET_MAKER",pe1_0."MASTER_ACCOUNT",pe1_0."MNEMONIC",pe1_0."NAME",pe1_0."NIT_CLEARING_HOUSE",pe1_0."REGISTRATION_DATE",pe1_0."SHORT_NAME",pe1_0."STATUS_ID",pe1_0."TAX_CODE",pe1_0."TAX_STATUS_ID",pe1_0."TYPE_ID",pe1_0."TYPE_ENTITY" from "NUANBODB"."PARTICIPANT" pe1_0 where lower(pe1_0."CODE") in (?)
[30m2026-09-03T15:12:57,562[m [30mTRACE [m[[1;34mhttp-nio-8080-exec-7[m] [36mJdbcBindingLogging[m - binding parameter (1:VARCHAR) <- [co0010]
[30m2026-09-03T15:12:57,562[m [36mDEBUG [m[[1;34mhttp-nio-8080-exec-5[m] [36mSqlStatementLogger[m - select pe1_0."PARTICIPANT_ID",pe1_0."CODE",pe1_0."COUNTRY_ID",pe1_0."CUSTODIAN",pe1_0."DIRECT_ALLOCATION",pe1_0."DOCUMENT_NUMBER",pe1_0."ENABLED",pe1_0."IDENTIFICATION_TYPE_ID",pe1_0."MARGIN_ACCOUNT",pe1_0."MARKET_MAKER",pe1_0."MASTER_ACCOUNT",pe1_0."MNEMONIC",pe1_0."NAME",pe1_0."NIT_CLEARING_HOUSE",pe1_0."REGISTRATION_DATE",pe1_0."SHORT_NAME",pe1_0."STATUS_ID",pe1_0."TAX_CODE",pe1_0."TAX_STATUS_ID",pe1_0."TYPE_ID",pe1_0."TYPE_ENTITY" from "NUANBODB"."PARTICIPANT" pe1_0 where lower(pe1_0."CODE") in (?)
[30m2026-09-03T15:12:57,562[m [30mTRACE [m[[1;34mhttp-nio-8080-exec-5[m] [36mJdbcBindingLogging[m - binding parameter (1:VARCHAR) <- [co0010]
[30m2026-09-03T15:12:57,566[m [36mDEBUG [m[[1;34mhttp-nio-8080-exec-5[m] [36mSqlStatementLogger[m - select ce1_0."COUNTRY_ID",ce1_0."CODE",ce1_0."CURRENCY_ID",c1_0."CURRENCY_ID",c1_0."CODE",c1_0."NAME",ce1_0."NAME",ce1_0."TIME_ZONE" from "NUANBODB"."COUNTRY" ce1_0 join "NUANBODB"."CURRENCY" c1_0 on c1_0."CURRENCY_ID"=ce1_0."CURRENCY_ID" where ce1_0."COUNTRY_ID"=?
[30m2026-09-03T15:12:57,566[m [36mDEBUG [m[[1;34mhttp-nio-8080-exec-10[m] [36mSqlStatementLogger[m - select ce1_0."COUNTRY_ID",ce1_0."CODE",ce1_0."CURRENCY_ID",c1_0."CURRENCY_ID",c1_0."CODE",c1_0."NAME",ce1_0."NAME",ce1_0."TIME_ZONE" from "NUANBODB"."COUNTRY" ce1_0 join "NUANBODB"."CURRENCY" c1_0 on c1_0."CURRENCY_ID"=ce1_0."CURRENCY_ID" where ce1_0."COUNTRY_ID"=?
[30m2026-09-03T15:12:57,566[m [36mDEBUG [m[[1;34mhttp-nio-8080-exec-1[m] [36mSqlStatementLogger[m - select ce1_0."COUNTRY_ID",ce1_0."CODE",ce1_0."CURRENCY_ID",c1_0."CURRENCY_ID",c1_0."CODE",c1_0."NAME",ce1_0."NAME",ce1_0."TIME_ZONE" from "NUANBODB"."COUNTRY" ce1_0 join "NUANBODB"."CURRENCY" c1_0 on c1_0."CURRENCY_ID"=ce1_0."CURRENCY_ID" where ce1_0."COUNTRY_ID"=?
[30m2026-09-03T15:12:57,566[m [30mTRACE [m[[1;34mhttp-nio-8080-exec-5[m] [36mJdbcBindingLogging[m - binding parameter (1:BIGINT) <- [37]
[30m2026-09-03T15:12:57,566[m [30mTRACE [m[[1;34mhttp-nio-8080-exec-10[m] [36mJdbcBindingLogging[m - binding parameter (1:BIGINT) <- [37]
[30m2026-09-03T15:12:57,566[m [30mTRACE [m[[1;34mhttp-nio-8080-exec-1[m] [36mJdbcBindingLogging[m - binding parameter (1:BIGINT) <- [37]
[30m2026-09-03T15:12:57,567[m [36mDEBUG [m[[1;34mhttp-nio-8080-exec-5[m] [36mSqlStatementLogger[m - select ite1_0."IDENTIFICATION_TYPE_ID",ite1_0."CODE",ite1_0."DESCRIPTION" from "NUANBODB"."IDENTIFICATION_TYPE" ite1_0 where ite1_0."IDENTIFICATION_TYPE_ID"=?
[30m2026-09-03T15:12:57,567[m [30mTRACE [m[[1;34mhttp-nio-8080-exec-5[m] [36mJdbcBindingLogging[m - binding parameter (1:BIGINT) <- [7]
[30m2026-09-03T15:12:57,567[m [36mDEBUG [m[[1;34mhttp-nio-8080-exec-10[m] [36mSqlStatementLogger[m - select ite1_0."IDENTIFICATION_TYPE_ID",ite1_0."CODE",ite1_0."DESCRIPTION" from "NUANBODB"."IDENTIFICATION_TYPE" ite1_0 where ite1_0."IDENTIFICATION_TYPE_ID"=?
[30m2026-09-03T15:12:57,567[m [30mTRACE [m[[1;34mhttp-nio-8080-exec-10[m] [36mJdbcBindingLogging[m - binding parameter (1:BIGINT) <- [7]
[30m2026-09-03T15:12:57,567[m [36mDEBUG [m[[1;34mhttp-nio-8080-exec-1[m] [36mSqlStatementLogger[m - select ite1_0."IDENTIFICATION_TYPE_ID",ite1_0."CODE",ite1_0."DESCRIPTION" from "NUANBODB"."IDENTIFICATION_TYPE" ite1_0 where ite1_0."IDENTIFICATION_TYPE_ID"=?
[30m2026-09-03T15:12:57,567[m [30mTRACE [m[[1;34mhttp-nio-8080-exec-1[m] [36mJdbcBindingLogging[m - binding parameter (1:BIGINT) <- [7]
[30m2026-09-03T15:12:57,568[m [36mDEBUG [m[[1;34mhttp-nio-8080-exec-5[m] [36mSqlStatementLogger[m - select se1_0."STATUS_ID",se1_0."CATEGORY",se1_0."DESCRIPTION" from "NUANBODB"."STATUS" se1_0 where se1_0."STATUS_ID"=?
[30m2026-09-03T15:12:57,568[m [30mTRACE [m[[1;34mhttp-nio-8080-exec-5[m] [36mJdbcBindingLogging[m - binding parameter (1:BIGINT) <- [510]
[30m2026-09-03T15:12:57,568[m [36mDEBUG [m[[1;34mhttp-nio-8080-exec-1[m] [36mSqlStatementLogger[m - select se1_0."STATUS_ID",se1_0."CATEGORY",se1_0."DESCRIPTION" from "NUANBODB"."STATUS" se1_0 where se1_0."STATUS_ID"=?
[30m2026-09-03T15:12:57,568[m [36mDEBUG [m[[1;34mhttp-nio-8080-exec-10[m] [36mSqlStatementLogger[m - select se1_0."STATUS_ID",se1_0."CATEGORY",se1_0."DESCRIPTION" from "NUANBODB"."STATUS" se1_0 where se1_0."STATUS_ID"=?
[30m2026-09-03T15:12:57,568[m [30mTRACE [m[[1;34mhttp-nio-8080-exec-1[m] [36mJdbcBindingLogging[m - binding parameter (1:BIGINT) <- [510]
[30m2026-09-03T15:12:57,568[m [30mTRACE [m[[1;34mhttp-nio-8080-exec-10[m] [36mJdbcBindingLogging[m - binding parameter (1:BIGINT) <- [510]
[30m2026-09-03T15:12:57,568[m [36mDEBUG [m[[1;34mhttp-nio-8080-exec-9[m] [36mSqlStatementLogger[m - select ce1_0."COUNTRY_ID",ce1_0."CODE",ce1_0."CURRENCY_ID",c1_0."CURRENCY_ID",c1_0."CODE",c1_0."NAME",ce1_0."NAME",ce1_0."TIME_ZONE" from "NUANBODB"."COUNTRY" ce1_0 join "NUANBODB"."CURRENCY" c1_0 on c1_0."CURRENCY_ID"=ce1_0."CURRENCY_ID" where ce1_0."COUNTRY_ID"=?
[30m2026-09-03T15:12:57,568[m [36mDEBUG [m[[1;34mhttp-nio-8080-exec-7[m] [36mSqlStatementLogger[m - select ce1_0."COUNTRY_ID",ce1_0."CODE",ce1_0."CURRENCY_ID",c1_0."CURRENCY_ID",c1_0."CODE",c1_0."NAME",ce1_0."NAME",ce1_0."TIME_ZONE" from "NUANBODB"."COUNTRY" ce1_0 join "NUANBODB"."CURRENCY" c1_0 on c1_0."CURRENCY_ID"=ce1_0."CURRENCY_ID" where ce1_0."COUNTRY_ID"=?
[30m2026-09-03T15:12:57,568[m [30mTRACE [m[[1;34mhttp-nio-8080-exec-9[m] [36mJdbcBindingLogging[m - binding parameter (1:BIGINT) <- [37]
[30m2026-09-03T15:12:57,568[m [30mTRACE [m[[1;34mhttp-nio-8080-exec-7[m] [36mJdbcBindingLogging[m - binding parameter (1:BIGINT) <- [37]
[30m2026-09-03T15:12:57,568[m [36mDEBUG [m[[1;34mhttp-nio-8080-exec-5[m] [36mSqlStatementLogger[m - select tse1_0."TAX_STATUS_ID",tse1_0."DESCRIPTION",tse1_0."LAST_MODIFY_APPLIC",tse1_0."LAST_MODIFY_DATE",tse1_0."LAST_MODIFY_IP",tse1_0."LAST_MODIFY_USER" from "NUANBODB"."TAX_STATUS" tse1_0 where tse1_0."TAX_STATUS_ID"=?
[30m2026-09-03T15:12:57,568[m [30mTRACE [m[[1;34mhttp-nio-8080-exec-5[m] [36mJdbcBindingLogging[m - binding parameter (1:BIGINT) <- [0]
[30m2026-09-03T15:12:57,569[m [36mDEBUG [m[[1;34mhttp-nio-8080-exec-1[m] [36mSqlStatementLogger[m - select tse1_0."TAX_STATUS_ID",tse1_0."DESCRIPTION",tse1_0."LAST_MODIFY_APPLIC",tse1_0."LAST_MODIFY_DATE",tse1_0."LAST_MODIFY_IP",tse1_0."LAST_MODIFY_USER" from "NUANBODB"."TAX_STATUS" tse1_0 where tse1_0."TAX_STATUS_ID"=?
[30m2026-09-03T15:12:57,569[m [30mTRACE [m[[1;34mhttp-nio-8080-exec-1[m] [36mJdbcBindingLogging[m - binding parameter (1:BIGINT) <- [0]
[30m2026-09-03T15:12:57,569[m [36mDEBUG [m[[1;34mhttp-nio-8080-exec-9[m] [36mSqlStatementLogger[m - select ite1_0."IDENTIFICATION_TYPE_ID",ite1_0."CODE",ite1_0."DESCRIPTION" from "NUANBODB"."IDENTIFICATION_TYPE" ite1_0 where ite1_0."IDENTIFICATION_TYPE_ID"=?
[30m2026-09-03T15:12:57,569[m [36mDEBUG [m[[1;34mhttp-nio-8080-exec-10[m] [36mSqlStatementLogger[m - select tse1_0."TAX_STATUS_ID",tse1_0."DESCRIPTION",tse1_0."LAST_MODIFY_APPLIC",tse1_0."LAST_MODIFY_DATE",tse1_0."LAST_MODIFY_IP",tse1_0."LAST_MODIFY_USER" from "NUANBODB"."TAX_STATUS" tse1_0 where tse1_0."TAX_STATUS_ID"=?
[30m2026-09-03T15:12:57,569[m [36mDEBUG [m[[1;34mhttp-nio-8080-exec-5[m] [36mSqlStatementLogger[m - select te1_0."TYPE_ID",te1_0."CATEGORY",te1_0."DESCRIPTION" from "NUANBODB"."TYPE" te1_0 where te1_0."TYPE_ID"=?
[30m2026-09-03T15:12:57,569[m [30mTRACE [m[[1;34mhttp-nio-8080-exec-9[m] [36mJdbcBindingLogging[m - binding parameter (1:BIGINT) <- [7]
[30m2026-09-03T15:12:57,569[m [30mTRACE [m[[1;34mhttp-nio-8080-exec-10[m] [36mJdbcBindingLogging[m - binding parameter (1:BIGINT) <- [0]
[30m2026-09-03T15:12:57,569[m [30mTRACE [m[[1;34mhttp-nio-8080-exec-5[m] [36mJdbcBindingLogging[m - binding parameter (1:BIGINT) <- [31]
[30m2026-09-03T15:12:57,569[m [36mDEBUG [m[[1;34mhttp-nio-8080-exec-7[m] [36mSqlStatementLogger[m - select ite1_0."IDENTIFICATION_TYPE_ID",ite1_0."CODE",ite1_0."DESCRIPTION" from "NUANBODB"."IDENTIFICATION_TYPE" ite1_0 where ite1_0."IDENTIFICATION_TYPE_ID"=?
[30m2026-09-03T15:12:57,569[m [30mTRACE [m[[1;34mhttp-nio-8080-exec-7[m] [36mJdbcBindingLogging[m - binding parameter (1:BIGINT) <- [7]
[30m2026-09-03T15:12:57,569[m [36mDEBUG [m[[1;34mhttp-nio-8080-exec-9[m] [36mSqlStatementLogger[m - select se1_0."STATUS_ID",se1_0."CATEGORY",se1_0."DESCRIPTION" from "NUANBODB"."STATUS" se1_0 where se1_0."STATUS_ID"=?
[30m2026-09-03T15:12:57,569[m [30mTRACE [m[[1;34mhttp-nio-8080-exec-9[m] [36mJdbcBindingLogging[m - binding parameter (1:BIGINT) <- [510]
[30m2026-09-03T15:12:57,569[m [36mDEBUG [m[[1;34mhttp-nio-8080-exec-10[m] [36mSqlStatementLogger[m - select te1_0."TYPE_ID",te1_0."CATEGORY",te1_0."DESCRIPTION" from "NUANBODB"."TYPE" te1_0 where te1_0."TYPE_ID"=?
[30m2026-09-03T15:12:57,569[m [36mDEBUG [m[[1;34mhttp-nio-8080-exec-1[m] [36mSqlStatementLogger[m - select te1_0."TYPE_ID",te1_0."CATEGORY",te1_0."DESCRIPTION" from "NUANBODB"."TYPE" te1_0 where te1_0."TYPE_ID"=?
[30m2026-09-03T15:12:57,569[m [30mTRACE [m[[1;34mhttp-nio-8080-exec-10[m] [36mJdbcBindingLogging[m - binding parameter (1:BIGINT) <- [31]
[30m2026-09-03T15:12:57,569[m [30mTRACE [m[[1;34mhttp-nio-8080-exec-1[m] [36mJdbcBindingLogging[m - binding parameter (1:BIGINT) <- [31]
[30m2026-09-03T15:12:57,570[m [36mDEBUG [m[[1;34mhttp-nio-8080-exec-7[m] [36mSqlStatementLogger[m - select se1_0."STATUS_ID",se1_0."CATEGORY",se1_0."DESCRIPTION" from "NUANBODB"."STATUS" se1_0 where se1_0."STATUS_ID"=?
[30m2026-09-03T15:12:57,570[m [30mTRACE [m[[1;34mhttp-nio-8080-exec-7[m] [36mJdbcBindingLogging[m - binding parameter (1:BIGINT) <- [510]
[30m2026-09-03T15:12:57,570[m [36mDEBUG [m[[1;34mhttp-nio-8080-exec-5[m] [36mSqlStatementLogger[m - select pae1_0."PARTICIPANT_ACCOUNT_ID",pae1_0."ACCOUNT_NUMBER",pae1_0."DEPOSITORY_ID",pae1_0."IND_MASTER",pae1_0."LAST_MODIFY_APPLIC",pae1_0."LAST_MODIFY_DATE",pae1_0."LAST_MODIFY_IP",pae1_0."LAST_MODIFY_USER",pae1_0."ORIGIN_TYPE_ID",pae1_0."PARTICIPANT_ID",pae1_0."STATUS_ID",pae1_0."TAX_EXEMP",pae1_0."TYPE_ID" from "NUANBODB"."PARTICIPANT_ACCOUNT" pae1_0 left join "NUANBODB"."DEPOSITORY" d1_0 on d1_0."DEPOSITORY_ID"=pae1_0."DEPOSITORY_ID" left join "NUANBODB"."TYPE" ot1_0 on ot1_0."TYPE_ID"=pae1_0."ORIGIN_TYPE_ID" where pae1_0."ACCOUNT_NUMBER"=? and d1_0."DEPOSITORY_ID"=? and ot1_0."TYPE_ID"<>? fetch first ? rows only
[30m2026-09-03T15:12:57,570[m [36mDEBUG [m[[1;34mhttp-nio-8080-exec-9[m] [36mSqlStatementLogger[m - select tse1_0."TAX_STATUS_ID",tse1_0."DESCRIPTION",tse1_0."LAST_MODIFY_APPLIC",tse1_0."LAST_MODIFY_DATE",tse1_0."LAST_MODIFY_IP",tse1_0."LAST_MODIFY_USER" from "NUANBODB"."TAX_STATUS" tse1_0 where tse1_0."TAX_STATUS_ID"=?
[30m2026-09-03T15:12:57,570[m [30mTRACE [m[[1;34mhttp-nio-8080-exec-9[m] [36mJdbcBindingLogging[m - binding parameter (1:BIGINT) <- [0]
[30m2026-09-03T15:12:57,570[m [30mTRACE [m[[1;34mhttp-nio-8080-exec-5[m] [36mJdbcBindingLogging[m - binding parameter (1:VARCHAR) <- [4021801]
[30m2026-09-03T15:12:57,570[m [30mTRACE [m[[1;34mhttp-nio-8080-exec-5[m] [36mJdbcBindingLogging[m - binding parameter (2:VARCHAR) <- [1]
[30m2026-09-03T15:12:57,570[m [30mTRACE [m[[1;34mhttp-nio-8080-exec-5[m] [36mJdbcBindingLogging[m - binding parameter (3:BIGINT) <- [121]
[30m2026-09-03T15:12:57,570[m [30mTRACE [m[[1;34mhttp-nio-8080-exec-5[m] [36mJdbcBindingLogging[m - binding parameter (4:INTEGER) <- [1]
[30m2026-09-03T15:12:57,570[m [36mDEBUG [m[[1;34mhttp-nio-8080-exec-7[m] [36mSqlStatementLogger[m - select tse1_0."TAX_STATUS_ID",tse1_0."DESCRIPTION",tse1_0."LAST_MODIFY_APPLIC",tse1_0."LAST_MODIFY_DATE",tse1_0."LAST_MODIFY_IP",tse1_0."LAST_MODIFY_USER" from "NUANBODB"."TAX_STATUS" tse1_0 where tse1_0."TAX_STATUS_ID"=?
[30m2026-09-03T15:12:57,570[m [30mTRACE [m[[1;34mhttp-nio-8080-exec-7[m] [36mJdbcBindingLogging[m - binding parameter (1:BIGINT) <- [0]
[30m2026-09-03T15:12:57,570[m [36mDEBUG [m[[1;34mhttp-nio-8080-exec-1[m] [36mSqlStatementLogger[m - select pae1_0."PARTICIPANT_ACCOUNT_ID",pae1_0."ACCOUNT_NUMBER",pae1_0."DEPOSITORY_ID",pae1_0."IND_MASTER",pae1_0."LAST_MODIFY_APPLIC",pae1_0."LAST_MODIFY_DATE",pae1_0."LAST_MODIFY_IP",pae1_0."LAST_MODIFY_USER",pae1_0."ORIGIN_TYPE_ID",pae1_0."PARTICIPANT_ID",pae1_0."STATUS_ID",pae1_0."TAX_EXEMP",pae1_0."TYPE_ID" from "NUANBODB"."PARTICIPANT_ACCOUNT" pae1_0 left join "NUANBODB"."DEPOSITORY" d1_0 on d1_0."DEPOSITORY_ID"=pae1_0."DEPOSITORY_ID" left join "NUANBODB"."TYPE" ot1_0 on ot1_0."TYPE_ID"=pae1_0."ORIGIN_TYPE_ID" where pae1_0."ACCOUNT_NUMBER"=? and d1_0."DEPOSITORY_ID"=? and ot1_0."TYPE_ID"<>? fetch first ? rows only
[30m2026-09-03T15:12:57,570[m [36mDEBUG [m[[1;34mhttp-nio-8080-exec-10[m] [36mSqlStatementLogger[m - select pae1_0."PARTICIPANT_ACCOUNT_ID",pae1_0."ACCOUNT_NUMBER",pae1_0."DEPOSITORY_ID",pae1_0."IND_MASTER",pae1_0."LAST_MODIFY_APPLIC",pae1_0."LAST_MODIFY_DATE",pae1_0."LAST_MODIFY_IP",pae1_0."LAST_MODIFY_USER",pae1_0."ORIGIN_TYPE_ID",pae1_0."PARTICIPANT_ID",pae1_0."STATUS_ID",pae1_0."TAX_EXEMP",pae1_0."TYPE_ID" from "NUANBODB"."PARTICIPANT_ACCOUNT" pae1_0 left join "NUANBODB"."DEPOSITORY" d1_0 on d1_0."DEPOSITORY_ID"=pae1_0."DEPOSITORY_ID" left join "NUANBODB"."TYPE" ot1_0 on ot1_0."TYPE_ID"=pae1_0."ORIGIN_TYPE_ID" where pae1_0."ACCOUNT_NUMBER"=? and d1_0."DEPOSITORY_ID"=? and ot1_0."TYPE_ID"<>? fetch first ? rows only
[30m2026-09-03T15:12:57,570[m [36mDEBUG [m[[1;34mhttp-nio-8080-exec-9[m] [36mSqlStatementLogger[m - select te1_0."TYPE_ID",te1_0."CATEGORY",te1_0."DESCRIPTION" from "NUANBODB"."TYPE" te1_0 where te1_0."TYPE_ID"=?
[30m2026-09-03T15:12:57,570[m [30mTRACE [m[[1;34mhttp-nio-8080-exec-1[m] [36mJdbcBindingLogging[m - binding parameter (1:VARCHAR) <- [4021801]
[30m2026-09-03T15:12:57,570[m [30mTRACE [m[[1;34mhttp-nio-8080-exec-9[m] [36mJdbcBindingLogging[m - binding parameter (1:BIGINT) <- [31]
[30m2026-09-03T15:12:57,570[m [30mTRACE [m[[1;34mhttp-nio-8080-exec-10[m] [36mJdbcBindingLogging[m - binding parameter (1:VARCHAR) <- [4021801]
[30m2026-09-03T15:12:57,571[m [30mTRACE [m[[1;34mhttp-nio-8080-exec-1[m] [36mJdbcBindingLogging[m - binding parameter (2:VARCHAR) <- [1]
[30m2026-09-03T15:12:57,571[m [30mTRACE [m[[1;34mhttp-nio-8080-exec-10[m] [36mJdbcBindingLogging[m - binding parameter (2:VARCHAR) <- [1]
[30m2026-09-03T15:12:57,571[m [30mTRACE [m[[1;34mhttp-nio-8080-exec-1[m] [36mJdbcBindingLogging[m - binding parameter (3:BIGINT) <- [121]
[30m2026-09-03T15:12:57,571[m [30mTRACE [m[[1;34mhttp-nio-8080-exec-10[m] [36mJdbcBindingLogging[m - binding parameter (3:BIGINT) <- [121]
[30m2026-09-03T15:12:57,571[m [30mTRACE [m[[1;34mhttp-nio-8080-exec-1[m] [36mJdbcBindingLogging[m - binding parameter (4:INTEGER) <- [1]
[30m2026-09-03T15:12:57,571[m [30mTRACE [m[[1;34mhttp-nio-8080-exec-10[m] [36mJdbcBindingLogging[m - binding parameter (4:INTEGER) <- [1]
[30m2026-09-03T15:12:57,571[m [36mDEBUG [m[[1;34mhttp-nio-8080-exec-7[m] [36mSqlStatementLogger[m - select te1_0."TYPE_ID",te1_0."CATEGORY",te1_0."DESCRIPTION" from "NUANBODB"."TYPE" te1_0 where te1_0."TYPE_ID"=?
[30m2026-09-03T15:12:57,571[m [30mTRACE [m[[1;34mhttp-nio-8080-exec-7[m] [36mJdbcBindingLogging[m - binding parameter (1:BIGINT) <- [31]
[30m2026-09-03T15:12:57,571[m [36mDEBUG [m[[1;34mhttp-nio-8080-exec-5[m] [36mSqlStatementLogger[m - select iae1_0."INVESTOR_ACCOUNT_ID",iae1_0."ACCOUNT_NAME",iae1_0."ACCOUNT_NUMBER",iae1_0."DEPOSITORY_ID",iae1_0."INVESTOR_ID",iae1_0."LAST_MODIFY_APPLIC",iae1_0."LAST_MODIFY_DATE",iae1_0."LAST_MODIFY_IP",iae1_0."LAST_MODIFY_USER",iae1_0."ORIGIN_TYPE_ID",iae1_0."PARTICIPANT_ID",iae1_0."STATUS_ID",iae1_0."TAX_EXEMP",iae1_0."TYPE_ID" from "NUANBODB"."INVESTOR_ACCOUNT" iae1_0 left join "NUANBODB"."INVESTOR" i1_0 on i1_0."INVESTOR_ID"=iae1_0."INVESTOR_ID" left join "NUANBODB"."DEPOSITORY" d1_0 on d1_0."DEPOSITORY_ID"=iae1_0."DEPOSITORY_ID" left join "NUANBODB"."TYPE" ot1_0 on ot1_0."TYPE_ID"=iae1_0."ORIGIN_TYPE_ID" where iae1_0."ACCOUNT_NUMBER"=? and i1_0."DOCUMENT_NUMBER"<>? and d1_0."DEPOSITORY_ID"=? and ot1_0."TYPE_ID"<>? fetch first ? rows only
[30m2026-09-03T15:12:57,571[m [30mTRACE [m[[1;34mhttp-nio-8080-exec-5[m] [36mJdbcBindingLogging[m - binding parameter (1:VARCHAR) <- [4021801]
[30m2026-09-03T15:12:57,571[m [30mTRACE [m[[1;34mhttp-nio-8080-exec-5[m] [36mJdbcBindingLogging[m - binding parameter (2:VARCHAR) <- [800128735-8]
[30m2026-09-03T15:12:57,571[m [30mTRACE [m[[1;34mhttp-nio-8080-exec-5[m] [36mJdbcBindingLogging[m - binding parameter (3:VARCHAR) <- [1]
[30m2026-09-03T15:12:57,571[m [30mTRACE [m[[1;34mhttp-nio-8080-exec-5[m] [36mJdbcBindingLogging[m - binding parameter (4:BIGINT) <- [121]
[30m2026-09-03T15:12:57,571[m [30mTRACE [m[[1;34mhttp-nio-8080-exec-5[m] [36mJdbcBindingLogging[m - binding parameter (5:INTEGER) <- [1]
[30m2026-09-03T15:12:57,571[m [36mDEBUG [m[[1;34mhttp-nio-8080-exec-9[m] [36mSqlStatementLogger[m - select pae1_0."PARTICIPANT_ACCOUNT_ID",pae1_0."ACCOUNT_NUMBER",pae1_0."DEPOSITORY_ID",pae1_0."IND_MASTER",pae1_0."LAST_MODIFY_APPLIC",pae1_0."LAST_MODIFY_DATE",pae1_0."LAST_MODIFY_IP",pae1_0."LAST_MODIFY_USER",pae1_0."ORIGIN_TYPE_ID",pae1_0."PARTICIPANT_ID",pae1_0."STATUS_ID",pae1_0."TAX_EXEMP",pae1_0."TYPE_ID" from "NUANBODB"."PARTICIPANT_ACCOUNT" pae1_0 left join "NUANBODB"."DEPOSITORY" d1_0 on d1_0."DEPOSITORY_ID"=pae1_0."DEPOSITORY_ID" left join "NUANBODB"."TYPE" ot1_0 on ot1_0."TYPE_ID"=pae1_0."ORIGIN_TYPE_ID" where pae1_0."ACCOUNT_NUMBER"=? and d1_0."DEPOSITORY_ID"=? and ot1_0."TYPE_ID"<>? fetch first ? rows only
[30m2026-09-03T15:12:57,571[m [30mTRACE [m[[1;34mhttp-nio-8080-exec-9[m] [36mJdbcBindingLogging[m - binding parameter (1:VARCHAR) <- [4021801]
[30m2026-09-03T15:12:57,571[m [30mTRACE [m[[1;34mhttp-nio-8080-exec-9[m] [36mJdbcBindingLogging[m - binding parameter (2:VARCHAR) <- [1]
[30m2026-09-03T15:12:57,572[m [30mTRACE [m[[1;34mhttp-nio-8080-exec-9[m] [36mJdbcBindingLogging[m - binding parameter (3:BIGINT) <- [121]
[30m2026-09-03T15:12:57,572[m [30mTRACE [m[[1;34mhttp-nio-8080-exec-9[m] [36mJdbcBindingLogging[m - binding parameter (4:INTEGER) <- [1]
[30m2026-09-03T15:12:57,572[m [36mDEBUG [m[[1;34mhttp-nio-8080-exec-1[m] [36mSqlStatementLogger[m - select iae1_0."INVESTOR_ACCOUNT_ID",iae1_0."ACCOUNT_NAME",iae1_0."ACCOUNT_NUMBER",iae1_0."DEPOSITORY_ID",iae1_0."INVESTOR_ID",iae1_0."LAST_MODIFY_APPLIC",iae1_0."LAST_MODIFY_DATE",iae1_0."LAST_MODIFY_IP",iae1_0."LAST_MODIFY_USER",iae1_0."ORIGIN_TYPE_ID",iae1_0."PARTICIPANT_ID",iae1_0."STATUS_ID",iae1_0."TAX_EXEMP",iae1_0."TYPE_ID" from "NUANBODB"."INVESTOR_ACCOUNT" iae1_0 left join "NUANBODB"."INVESTOR" i1_0 on i1_0."INVESTOR_ID"=iae1_0."INVESTOR_ID" left join "NUANBODB"."DEPOSITORY" d1_0 on d1_0."DEPOSITORY_ID"=iae1_0."DEPOSITORY_ID" left join "NUANBODB"."TYPE" ot1_0 on ot1_0."TYPE_ID"=iae1_0."ORIGIN_TYPE_ID" where iae1_0."ACCOUNT_NUMBER"=? and i1_0."DOCUMENT_NUMBER"<>? and d1_0."DEPOSITORY_ID"=? and ot1_0."TYPE_ID"<>? fetch first ? rows only
[30m2026-09-03T15:12:57,572[m [36mDEBUG [m[[1;34mhttp-nio-8080-exec-10[m] [36mSqlStatementLogger[m - select iae1_0."INVESTOR_ACCOUNT_ID",iae1_0."ACCOUNT_NAME",iae1_0."ACCOUNT_NUMBER",iae1_0."DEPOSITORY_ID",iae1_0."INVESTOR_ID",iae1_0."LAST_MODIFY_APPLIC",iae1_0."LAST_MODIFY_DATE",iae1_0."LAST_MODIFY_IP",iae1_0."LAST_MODIFY_USER",iae1_0."ORIGIN_TYPE_ID",iae1_0."PARTICIPANT_ID",iae1_0."STATUS_ID",iae1_0."TAX_EXEMP",iae1_0."TYPE_ID" from "NUANBODB"."INVESTOR_ACCOUNT" iae1_0 left join "NUANBODB"."INVESTOR" i1_0 on i1_0."INVESTOR_ID"=iae1_0."INVESTOR_ID" left join "NUANBODB"."DEPOSITORY" d1_0 on d1_0."DEPOSITORY_ID"=iae1_0."DEPOSITORY_ID" left join "NUANBODB"."TYPE" ot1_0 on ot1_0."TYPE_ID"=iae1_0."ORIGIN_TYPE_ID" where iae1_0."ACCOUNT_NUMBER"=? and i1_0."DOCUMENT_NUMBER"<>? and d1_0."DEPOSITORY_ID"=? and ot1_0."TYPE_ID"<>? fetch first ? rows only
[30m2026-09-03T15:12:57,572[m [36mDEBUG [m[[1;34mhttp-nio-8080-exec-7[m] [36mSqlStatementLogger[m - select pae1_0."PARTICIPANT_ACCOUNT_ID",pae1_0."ACCOUNT_NUMBER",pae1_0."DEPOSITORY_ID",pae1_0."IND_MASTER",pae1_0."LAST_MODIFY_APPLIC",pae1_0."LAST_MODIFY_DATE",pae1_0."LAST_MODIFY_IP",pae1_0."LAST_MODIFY_USER",pae1_0."ORIGIN_TYPE_ID",pae1_0."PARTICIPANT_ID",pae1_0."STATUS_ID",pae1_0."TAX_EXEMP",pae1_0."TYPE_ID" from "NUANBODB"."PARTICIPANT_ACCOUNT" pae1_0 left join "NUANBODB"."DEPOSITORY" d1_0 on d1_0."DEPOSITORY_ID"=pae1_0."DEPOSITORY_ID" left join "NUANBODB"."TYPE" ot1_0 on ot1_0."TYPE_ID"=pae1_0."ORIGIN_TYPE_ID" where pae1_0."ACCOUNT_NUMBER"=? and d1_0."DEPOSITORY_ID"=? and ot1_0."TYPE_ID"<>? fetch first ? rows only
[30m2026-09-03T15:12:57,572[m [30mTRACE [m[[1;34mhttp-nio-8080-exec-1[m] [36mJdbcBindingLogging[m - binding parameter (1:VARCHAR) <- [4021801]
[30m2026-09-03T15:12:57,572[m [30mTRACE [m[[1;34mhttp-nio-8080-exec-1[m] [36mJdbcBindingLogging[m - binding parameter (2:VARCHAR) <- [800128735-8]
[30m2026-09-03T15:12:57,572[m [30mTRACE [m[[1;34mhttp-nio-8080-exec-10[m] [36mJdbcBindingLogging[m - binding parameter (1:VARCHAR) <- [4021801]
[30m2026-09-03T15:12:57,572[m [30mTRACE [m[[1;34mhttp-nio-8080-exec-1[m] [36mJdbcBindingLogging[m - binding parameter (3:VARCHAR) <- [1]
[30m2026-09-03T15:12:57,572[m [30mTRACE [m[[1;34mhttp-nio-8080-exec-7[m] [36mJdbcBindingLogging[m - binding parameter (1:VARCHAR) <- [4021801]
[30m2026-09-03T15:12:57,572[m [30mTRACE [m[[1;34mhttp-nio-8080-exec-1[m] [36mJdbcBindingLogging[m - binding parameter (4:BIGINT) <- [121]
[30m2026-09-03T15:12:57,572[m [30mTRACE [m[[1;34mhttp-nio-8080-exec-10[m] [36mJdbcBindingLogging[m - binding parameter (2:VARCHAR) <- [800128735-8]
[30m2026-09-03T15:12:57,572[m [30mTRACE [m[[1;34mhttp-nio-8080-exec-7[m] [36mJdbcBindingLogging[m - binding parameter (2:VARCHAR) <- [1]
[30m2026-09-03T15:12:57,572[m [30mTRACE [m[[1;34mhttp-nio-8080-exec-1[m] [36mJdbcBindingLogging[m - binding parameter (5:INTEGER) <- [1]
[30m2026-09-03T15:12:57,572[m [30mTRACE [m[[1;34mhttp-nio-8080-exec-7[m] [36mJdbcBindingLogging[m - binding parameter (3:BIGINT) <- [121]
[30m2026-09-03T15:12:57,572[m [36mDEBUG [m[[1;34mhttp-nio-8080-exec-5[m] [36mSqlStatementLogger[m - select de1_0."DEPOSITORY_ID",de1_0."DESCRIPTION" from "NUANBODB"."DEPOSITORY" de1_0 where de1_0."DEPOSITORY_ID"=?
[30m2026-09-03T15:12:57,572[m [30mTRACE [m[[1;34mhttp-nio-8080-exec-7[m] [36mJdbcBindingLogging[m - binding parameter (4:INTEGER) <- [1]
[30m2026-09-03T15:12:57,572[m [30mTRACE [m[[1;34mhttp-nio-8080-exec-10[m] [36mJdbcBindingLogging[m - binding parameter (3:VARCHAR) <- [1]
[30m2026-09-03T15:12:57,572[m [30mTRACE [m[[1;34mhttp-nio-8080-exec-5[m] [36mJdbcBindingLogging[m - binding parameter (1:VARCHAR) <- [1]
[30m2026-09-03T15:12:57,572[m [30mTRACE [m[[1;34mhttp-nio-8080-exec-10[m] [36mJdbcBindingLogging[m - binding parameter (4:BIGINT) <- [121]
[30m2026-09-03T15:12:57,572[m [30mTRACE [m[[1;34mhttp-nio-8080-exec-10[m] [36mJdbcBindingLogging[m - binding parameter (5:INTEGER) <- [1]
[30m2026-09-03T15:12:57,573[m [36mDEBUG [m[[1;34mhttp-nio-8080-exec-9[m] [36mSqlStatementLogger[m - select iae1_0."INVESTOR_ACCOUNT_ID",iae1_0."ACCOUNT_NAME",iae1_0."ACCOUNT_NUMBER",iae1_0."DEPOSITORY_ID",iae1_0."INVESTOR_ID",iae1_0."LAST_MODIFY_APPLIC",iae1_0."LAST_MODIFY_DATE",iae1_0."LAST_MODIFY_IP",iae1_0."LAST_MODIFY_USER",iae1_0."ORIGIN_TYPE_ID",iae1_0."PARTICIPANT_ID",iae1_0."STATUS_ID",iae1_0."TAX_EXEMP",iae1_0."TYPE_ID" from "NUANBODB"."INVESTOR_ACCOUNT" iae1_0 left join "NUANBODB"."INVESTOR" i1_0 on i1_0."INVESTOR_ID"=iae1_0."INVESTOR_ID" left join "NUANBODB"."DEPOSITORY" d1_0 on d1_0."DEPOSITORY_ID"=iae1_0."DEPOSITORY_ID" left join "NUANBODB"."TYPE" ot1_0 on ot1_0."TYPE_ID"=iae1_0."ORIGIN_TYPE_ID" where iae1_0."ACCOUNT_NUMBER"=? and i1_0."DOCUMENT_NUMBER"<>? and d1_0."DEPOSITORY_ID"=? and ot1_0."TYPE_ID"<>? fetch first ? rows only
[30m2026-09-03T15:12:57,573[m [36mDEBUG [m[[1;34mhttp-nio-8080-exec-5[m] [36mSqlStatementLogger[m - select ie1_0."INVESTOR_ID",ie1_0."CLEARINGHOUSE_CODE",ie1_0."CODE",ie1_0."COMPANY_NAME",ie1_0."COUNTRY_ID",c1_0."COUNTRY_ID",c1_0."CODE",c1_0."CURRENCY_ID",c2_0."CURRENCY_ID",c2_0."CODE",c2_0."NAME",c1_0."NAME",c1_0."TIME_ZONE",ie1_0."DOCUMENT_NUMBER",ie1_0."FIRST_NAME",g1_0."GICS_ID",g1_0."DESCRIPTION",ie1_0."IDENTIFICATION_TYPE_ID",it1_0."IDENTIFICATION_TYPE_ID",it1_0."CODE",it1_0."DESCRIPTION",ie1_0."LAST_MODIFY_APPLIC",ie1_0."LAST_MODIFY_DATE",ie1_0."LAST_MODIFY_IP",ie1_0."LAST_MODIFY_USER",ie1_0."LAST_NAME",ie1_0."MONEY_LAUNDERING_FLAG",ie1_0."NATIONALITY",ie1_0."STATUS_ID",s1_0."STATUS_ID",s1_0."CATEGORY",s1_0."DESCRIPTION",ie1_0."TAX_EXEMP",ts1_0."TAX_STATUS_ID",ts1_0."DESCRIPTION",ts1_0."LAST_MODIFY_APPLIC",ts1_0."LAST_MODIFY_DATE",ts1_0."LAST_MODIFY_IP",ts1_0."LAST_MODIFY_USER",ie1_0."TYPE_ID",t1_0."TYPE_ID",t1_0."CATEGORY",t1_0."DESCRIPTION" from "NUANBODB"."INVESTOR" ie1_0 join "NUANBODB"."COUNTRY" c1_0 on c1_0."COUNTRY_ID"=ie1_0."COUNTRY_ID" join "NUANBODB"."CURRENCY" c2_0 on c2_0."CURRENCY_ID"=c1_0."CURRENCY_ID" left join "NUANBODB"."GICS" g1_0 on g1_0."GICS_ID"=ie1_0."GICS_ID" join "NUANBODB"."IDENTIFICATION_TYPE" it1_0 on it1_0."IDENTIFICATION_TYPE_ID"=ie1_0."IDENTIFICATION_TYPE_ID" join "NUANBODB"."STATUS" s1_0 on s1_0."STATUS_ID"=ie1_0."STATUS_ID" left join "NUANBODB"."TAX_STATUS" ts1_0 on ts1_0."TAX_STATUS_ID"=ie1_0."TAX_STATUS_ID" join "NUANBODB"."TYPE" t1_0 on t1_0."TYPE_ID"=ie1_0."TYPE_ID" where ie1_0."INVESTOR_ID"=?
[30m2026-09-03T15:12:57,573[m [36mDEBUG [m[[1;34mhttp-nio-8080-exec-1[m] [36mSqlStatementLogger[m - select de1_0."DEPOSITORY_ID",de1_0."DESCRIPTION" from "NUANBODB"."DEPOSITORY" de1_0 where de1_0."DEPOSITORY_ID"=?
[30m2026-09-03T15:12:57,573[m [30mTRACE [m[[1;34mhttp-nio-8080-exec-9[m] [36mJdbcBindingLogging[m - binding parameter (1:VARCHAR) <- [4021801]
[30m2026-09-03T15:12:57,573[m [30mTRACE [m[[1;34mhttp-nio-8080-exec-5[m] [36mJdbcBindingLogging[m - binding parameter (1:BIGINT) <- [167]
[30m2026-09-03T15:12:57,573[m [30mTRACE [m[[1;34mhttp-nio-8080-exec-9[m] [36mJdbcBindingLogging[m - binding parameter (2:VARCHAR) <- [800128735-8]
[30m2026-09-03T15:12:57,573[m [30mTRACE [m[[1;34mhttp-nio-8080-exec-1[m] [36mJdbcBindingLogging[m - binding parameter (1:VARCHAR) <- [1]
[30m2026-09-03T15:12:57,573[m [30mTRACE [m[[1;34mhttp-nio-8080-exec-9[m] [36mJdbcBindingLogging[m - binding parameter (3:VARCHAR) <- [1]
[30m2026-09-03T15:12:57,573[m [36mDEBUG [m[[1;34mhttp-nio-8080-exec-10[m] [36mSqlStatementLogger[m - select de1_0."DEPOSITORY_ID",de1_0."DESCRIPTION" from "NUANBODB"."DEPOSITORY" de1_0 where de1_0."DEPOSITORY_ID"=?
[30m2026-09-03T15:12:57,573[m [36mDEBUG [m[[1;34mhttp-nio-8080-exec-7[m] [36mSqlStatementLogger[m - select iae1_0."INVESTOR_ACCOUNT_ID",iae1_0."ACCOUNT_NAME",iae1_0."ACCOUNT_NUMBER",iae1_0."DEPOSITORY_ID",iae1_0."INVESTOR_ID",iae1_0."LAST_MODIFY_APPLIC",iae1_0."LAST_MODIFY_DATE",iae1_0."LAST_MODIFY_IP",iae1_0."LAST_MODIFY_USER",iae1_0."ORIGIN_TYPE_ID",iae1_0."PARTICIPANT_ID",iae1_0."STATUS_ID",iae1_0."TAX_EXEMP",iae1_0."TYPE_ID" from "NUANBODB"."INVESTOR_ACCOUNT" iae1_0 left join "NUANBODB"."INVESTOR" i1_0 on i1_0."INVESTOR_ID"=iae1_0."INVESTOR_ID" left join "NUANBODB"."DEPOSITORY" d1_0 on d1_0."DEPOSITORY_ID"=iae1_0."DEPOSITORY_ID" left join "NUANBODB"."TYPE" ot1_0 on ot1_0."TYPE_ID"=iae1_0."ORIGIN_TYPE_ID" where iae1_0."ACCOUNT_NUMBER"=? and i1_0."DOCUMENT_NUMBER"<>? and d1_0."DEPOSITORY_ID"=? and ot1_0."TYPE_ID"<>? fetch first ? rows only
[30m2026-09-03T15:12:57,573[m [30mTRACE [m[[1;34mhttp-nio-8080-exec-9[m] [36mJdbcBindingLogging[m - binding parameter (4:BIGINT) <- [121]
[30m2026-09-03T15:12:57,573[m [30mTRACE [m[[1;34mhttp-nio-8080-exec-10[m] [36mJdbcBindingLogging[m - binding parameter (1:VARCHAR) <- [1]
[30m2026-09-03T15:12:57,573[m [30mTRACE [m[[1;34mhttp-nio-8080-exec-7[m] [36mJdbcBindingLogging[m - binding parameter (1:VARCHAR) <- [4021801]
[30m2026-09-03T15:12:57,573[m [30mTRACE [m[[1;34mhttp-nio-8080-exec-9[m] [36mJdbcBindingLogging[m - binding parameter (5:INTEGER) <- [1]
[30m2026-09-03T15:12:57,573[m [30mTRACE [m[[1;34mhttp-nio-8080-exec-7[m] [36mJdbcBindingLogging[m - binding parameter (2:VARCHAR) <- [800128735-8]
[30m2026-09-03T15:12:57,573[m [30mTRACE [m[[1;34mhttp-nio-8080-exec-7[m] [36mJdbcBindingLogging[m - binding parameter (3:VARCHAR) <- [1]
[30m2026-09-03T15:12:57,573[m [30mTRACE [m[[1;34mhttp-nio-8080-exec-7[m] [36mJdbcBindingLogging[m - binding parameter (4:BIGINT) <- [121]
[30m2026-09-03T15:12:57,573[m [30mTRACE [m[[1;34mhttp-nio-8080-exec-7[m] [36mJdbcBindingLogging[m - binding parameter (5:INTEGER) <- [1]
[30m2026-09-03T15:12:57,573[m [36mDEBUG [m[[1;34mhttp-nio-8080-exec-10[m] [36mSqlStatementLogger[m - select ie1_0."INVESTOR_ID",ie1_0."CLEARINGHOUSE_CODE",ie1_0."CODE",ie1_0."COMPANY_NAME",ie1_0."COUNTRY_ID",c1_0."COUNTRY_ID",c1_0."CODE",c1_0."CURRENCY_ID",c2_0."CURRENCY_ID",c2_0."CODE",c2_0."NAME",c1_0."NAME",c1_0."TIME_ZONE",ie1_0."DOCUMENT_NUMBER",ie1_0."FIRST_NAME",g1_0."GICS_ID",g1_0."DESCRIPTION",ie1_0."IDENTIFICATION_TYPE_ID",it1_0."IDENTIFICATION_TYPE_ID",it1_0."CODE",it1_0."DESCRIPTION",ie1_0."LAST_MODIFY_APPLIC",ie1_0."LAST_MODIFY_DATE",ie1_0."LAST_MODIFY_IP",ie1_0."LAST_MODIFY_USER",ie1_0."LAST_NAME",ie1_0."MONEY_LAUNDERING_FLAG",ie1_0."NATIONALITY",ie1_0."STATUS_ID",s1_0."STATUS_ID",s1_0."CATEGORY",s1_0."DESCRIPTION",ie1_0."TAX_EXEMP",ts1_0."TAX_STATUS_ID",ts1_0."DESCRIPTION",ts1_0."LAST_MODIFY_APPLIC",ts1_0."LAST_MODIFY_DATE",ts1_0."LAST_MODIFY_IP",ts1_0."LAST_MODIFY_USER",ie1_0."TYPE_ID",t1_0."TYPE_ID",t1_0."CATEGORY",t1_0."DESCRIPTION" from "NUANBODB"."INVESTOR" ie1_0 join "NUANBODB"."COUNTRY" c1_0 on c1_0."COUNTRY_ID"=ie1_0."COUNTRY_ID" join "NUANBODB"."CURRENCY" c2_0 on c2_0."CURRENCY_ID"=c1_0."CURRENCY_ID" left join "NUANBODB"."GICS" g1_0 on g1_0."GICS_ID"=ie1_0."GICS_ID" join "NUANBODB"."IDENTIFICATION_TYPE" it1_0 on it1_0."IDENTIFICATION_TYPE_ID"=ie1_0."IDENTIFICATION_TYPE_ID" join "NUANBODB"."STATUS" s1_0 on s1_0."STATUS_ID"=ie1_0."STATUS_ID" left join "NUANBODB"."TAX_STATUS" ts1_0 on ts1_0."TAX_STATUS_ID"=ie1_0."TAX_STATUS_ID" join "NUANBODB"."TYPE" t1_0 on t1_0."TYPE_ID"=ie1_0."TYPE_ID" where ie1_0."INVESTOR_ID"=?
[30m2026-09-03T15:12:57,574[m [36mDEBUG [m[[1;34mhttp-nio-8080-exec-9[m] [36mSqlStatementLogger[m - select de1_0."DEPOSITORY_ID",de1_0."DESCRIPTION" from "NUANBODB"."DEPOSITORY" de1_0 where de1_0."DEPOSITORY_ID"=?
[30m2026-09-03T15:12:57,574[m [36mDEBUG [m[[1;34mhttp-nio-8080-exec-1[m] [36mSqlStatementLogger[m - select ie1_0."INVESTOR_ID",ie1_0."CLEARINGHOUSE_CODE",ie1_0."CODE",ie1_0."COMPANY_NAME",ie1_0."COUNTRY_ID",c1_0."COUNTRY_ID",c1_0."CODE",c1_0."CURRENCY_ID",c2_0."CURRENCY_ID",c2_0."CODE",c2_0."NAME",c1_0."NAME",c1_0."TIME_ZONE",ie1_0."DOCUMENT_NUMBER",ie1_0."FIRST_NAME",g1_0."GICS_ID",g1_0."DESCRIPTION",ie1_0."IDENTIFICATION_TYPE_ID",it1_0."IDENTIFICATION_TYPE_ID",it1_0."CODE",it1_0."DESCRIPTION",ie1_0."LAST_MODIFY_APPLIC",ie1_0."LAST_MODIFY_DATE",ie1_0."LAST_MODIFY_IP",ie1_0."LAST_MODIFY_USER",ie1_0."LAST_NAME",ie1_0."MONEY_LAUNDERING_FLAG",ie1_0."NATIONALITY",ie1_0."STATUS_ID",s1_0."STATUS_ID",s1_0."CATEGORY",s1_0."DESCRIPTION",ie1_0."TAX_EXEMP",ts1_0."TAX_STATUS_ID",ts1_0."DESCRIPTION",ts1_0."LAST_MODIFY_APPLIC",ts1_0."LAST_MODIFY_DATE",ts1_0."LAST_MODIFY_IP",ts1_0."LAST_MODIFY_USER",ie1_0."TYPE_ID",t1_0."TYPE_ID",t1_0."CATEGORY",t1_0."DESCRIPTION" from "NUANBODB"."INVESTOR" ie1_0 join "NUANBODB"."COUNTRY" c1_0 on c1_0."COUNTRY_ID"=ie1_0."COUNTRY_ID" join "NUANBODB"."CURRENCY" c2_0 on c2_0."CURRENCY_ID"=c1_0."CURRENCY_ID" left join "NUANBODB"."GICS" g1_0 on g1_0."GICS_ID"=ie1_0."GICS_ID" join "NUANBODB"."IDENTIFICATION_TYPE" it1_0 on it1_0."IDENTIFICATION_TYPE_ID"=ie1_0."IDENTIFICATION_TYPE_ID" join "NUANBODB"."STATUS" s1_0 on s1_0."STATUS_ID"=ie1_0."STATUS_ID" left join "NUANBODB"."TAX_STATUS" ts1_0 on ts1_0."TAX_STATUS_ID"=ie1_0."TAX_STATUS_ID" join "NUANBODB"."TYPE" t1_0 on t1_0."TYPE_ID"=ie1_0."TYPE_ID" where ie1_0."INVESTOR_ID"=?
[30m2026-09-03T15:12:57,574[m [30mTRACE [m[[1;34mhttp-nio-8080-exec-10[m] [36mJdbcBindingLogging[m - binding parameter (1:BIGINT) <- [167]
[30m2026-09-03T15:12:57,574[m [30mTRACE [m[[1;34mhttp-nio-8080-exec-9[m] [36mJdbcBindingLogging[m - binding parameter (1:VARCHAR) <- [1]
[30m2026-09-03T15:12:57,574[m [30mTRACE [m[[1;34mhttp-nio-8080-exec-1[m] [36mJdbcBindingLogging[m - binding parameter (1:BIGINT) <- [167]
[30m2026-09-03T15:12:57,574[m [36mDEBUG [m[[1;34mhttp-nio-8080-exec-5[m] [36mSqlStatementLogger[m - select te1_0."TYPE_ID",te1_0."CATEGORY",te1_0."DESCRIPTION" from "NUANBODB"."TYPE" te1_0 where te1_0."TYPE_ID"=?
[30m2026-09-03T15:12:57,574[m [36mDEBUG [m[[1;34mhttp-nio-8080-exec-7[m] [36mSqlStatementLogger[m - select de1_0."DEPOSITORY_ID",de1_0."DESCRIPTION" from "NUANBODB"."DEPOSITORY" de1_0 where de1_0."DEPOSITORY_ID"=?
[30m2026-09-03T15:12:57,574[m [30mTRACE [m[[1;34mhttp-nio-8080-exec-5[m] [36mJdbcBindingLogging[m - binding parameter (1:BIGINT) <- [120]
[30m2026-09-03T15:12:57,574[m [30mTRACE [m[[1;34mhttp-nio-8080-exec-7[m] [36mJdbcBindingLogging[m - binding parameter (1:VARCHAR) <- [1]
[30m2026-09-03T15:12:57,574[m [36mDEBUG [m[[1;34mhttp-nio-8080-exec-9[m] [36mSqlStatementLogger[m - select ie1_0."INVESTOR_ID",ie1_0."CLEARINGHOUSE_CODE",ie1_0."CODE",ie1_0."COMPANY_NAME",ie1_0."COUNTRY_ID",c1_0."COUNTRY_ID",c1_0."CODE",c1_0."CURRENCY_ID",c2_0."CURRENCY_ID",c2_0."CODE",c2_0."NAME",c1_0."NAME",c1_0."TIME_ZONE",ie1_0."DOCUMENT_NUMBER",ie1_0."FIRST_NAME",g1_0."GICS_ID",g1_0."DESCRIPTION",ie1_0."IDENTIFICATION_TYPE_ID",it1_0."IDENTIFICATION_TYPE_ID",it1_0."CODE",it1_0."DESCRIPTION",ie1_0."LAST_MODIFY_APPLIC",ie1_0."LAST_MODIFY_DATE",ie1_0."LAST_MODIFY_IP",ie1_0."LAST_MODIFY_USER",ie1_0."LAST_NAME",ie1_0."MONEY_LAUNDERING_FLAG",ie1_0."NATIONALITY",ie1_0."STATUS_ID",s1_0."STATUS_ID",s1_0."CATEGORY",s1_0."DESCRIPTION",ie1_0."TAX_EXEMP",ts1_0."TAX_STATUS_ID",ts1_0."DESCRIPTION",ts1_0."LAST_MODIFY_APPLIC",ts1_0."LAST_MODIFY_DATE",ts1_0."LAST_MODIFY_IP",ts1_0."LAST_MODIFY_USER",ie1_0."TYPE_ID",t1_0."TYPE_ID",t1_0."CATEGORY",t1_0."DESCRIPTION" from "NUANBODB"."INVESTOR" ie1_0 join "NUANBODB"."COUNTRY" c1_0 on c1_0."COUNTRY_ID"=ie1_0."COUNTRY_ID" join "NUANBODB"."CURRENCY" c2_0 on c2_0."CURRENCY_ID"=c1_0."CURRENCY_ID" left join "NUANBODB"."GICS" g1_0 on g1_0."GICS_ID"=ie1_0."GICS_ID" join "NUANBODB"."IDENTIFICATION_TYPE" it1_0 on it1_0."IDENTIFICATION_TYPE_ID"=ie1_0."IDENTIFICATION_TYPE_ID" join "NUANBODB"."STATUS" s1_0 on s1_0."STATUS_ID"=ie1_0."STATUS_ID" left join "NUANBODB"."TAX_STATUS" ts1_0 on ts1_0."TAX_STATUS_ID"=ie1_0."TAX_STATUS_ID" join "NUANBODB"."TYPE" t1_0 on t1_0."TYPE_ID"=ie1_0."TYPE_ID" where ie1_0."INVESTOR_ID"=?
[30m2026-09-03T15:12:57,574[m [30mTRACE [m[[1;34mhttp-nio-8080-exec-9[m] [36mJdbcBindingLogging[m - binding parameter (1:BIGINT) <- [167]
[30m2026-09-03T15:12:57,574[m [36mDEBUG [m[[1;34mhttp-nio-8080-exec-5[m] [36mSqlStatementLogger[m - select se1_0."STATUS_ID",se1_0."CATEGORY",se1_0."DESCRIPTION" from "NUANBODB"."STATUS" se1_0 where se1_0."STATUS_ID"=?
[30m2026-09-03T15:12:57,574[m [30mTRACE [m[[1;34mhttp-nio-8080-exec-5[m] [36mJdbcBindingLogging[m - binding parameter (1:BIGINT) <- [570]
[30m2026-09-03T15:12:57,574[m [36mDEBUG [m[[1;34mhttp-nio-8080-exec-10[m] [36mSqlStatementLogger[m - select te1_0."TYPE_ID",te1_0."CATEGORY",te1_0."DESCRIPTION" from "NUANBODB"."TYPE" te1_0 where te1_0."TYPE_ID"=?
[30m2026-09-03T15:12:57,574[m [36mDEBUG [m[[1;34mhttp-nio-8080-exec-7[m] [36mSqlStatementLogger[m - select ie1_0."INVESTOR_ID",ie1_0."CLEARINGHOUSE_CODE",ie1_0."CODE",ie1_0."COMPANY_NAME",ie1_0."COUNTRY_ID",c1_0."COUNTRY_ID",c1_0."CODE",c1_0."CURRENCY_ID",c2_0."CURRENCY_ID",c2_0."CODE",c2_0."NAME",c1_0."NAME",c1_0."TIME_ZONE",ie1_0."DOCUMENT_NUMBER",ie1_0."FIRST_NAME",g1_0."GICS_ID",g1_0."DESCRIPTION",ie1_0."IDENTIFICATION_TYPE_ID",it1_0."IDENTIFICATION_TYPE_ID",it1_0."CODE",it1_0."DESCRIPTION",ie1_0."LAST_MODIFY_APPLIC",ie1_0."LAST_MODIFY_DATE",ie1_0."LAST_MODIFY_IP",ie1_0."LAST_MODIFY_USER",ie1_0."LAST_NAME",ie1_0."MONEY_LAUNDERING_FLAG",ie1_0."NATIONALITY",ie1_0."STATUS_ID",s1_0."STATUS_ID",s1_0."CATEGORY",s1_0."DESCRIPTION",ie1_0."TAX_EXEMP",ts1_0."TAX_STATUS_ID",ts1_0."DESCRIPTION",ts1_0."LAST_MODIFY_APPLIC",ts1_0."LAST_MODIFY_DATE",ts1_0."LAST_MODIFY_IP",ts1_0."LAST_MODIFY_USER",ie1_0."TYPE_ID",t1_0."TYPE_ID",t1_0."CATEGORY",t1_0."DESCRIPTION" from "NUANBODB"."INVESTOR" ie1_0 join "NUANBODB"."COUNTRY" c1_0 on c1_0."COUNTRY_ID"=ie1_0."COUNTRY_ID" join "NUANBODB"."CURRENCY" c2_0 on c2_0."CURRENCY_ID"=c1_0."CURRENCY_ID" left join "NUANBODB"."GICS" g1_0 on g1_0."GICS_ID"=ie1_0."GICS_ID" join "NUANBODB"."IDENTIFICATION_TYPE" it1_0 on it1_0."IDENTIFICATION_TYPE_ID"=ie1_0."IDENTIFICATION_TYPE_ID" join "NUANBODB"."STATUS" s1_0 on s1_0."STATUS_ID"=ie1_0."STATUS_ID" left join "NUANBODB"."TAX_STATUS" ts1_0 on ts1_0."TAX_STATUS_ID"=ie1_0."TAX_STATUS_ID" join "NUANBODB"."TYPE" t1_0 on t1_0."TYPE_ID"=ie1_0."TYPE_ID" where ie1_0."INVESTOR_ID"=?
[30m2026-09-03T15:12:57,574[m [30mTRACE [m[[1;34mhttp-nio-8080-exec-10[m] [36mJdbcBindingLogging[m - binding parameter (1:BIGINT) <- [120]
[30m2026-09-03T15:12:57,574[m [30mTRACE [m[[1;34mhttp-nio-8080-exec-7[m] [36mJdbcBindingLogging[m - binding parameter (1:BIGINT) <- [167]
[30m2026-09-03T15:12:57,574[m [36mDEBUG [m[[1;34mhttp-nio-8080-exec-1[m] [36mSqlStatementLogger[m - select te1_0."TYPE_ID",te1_0."CATEGORY",te1_0."DESCRIPTION" from "NUANBODB"."TYPE" te1_0 where te1_0."TYPE_ID"=?
[30m2026-09-03T15:12:57,575[m [30mTRACE [m[[1;34mhttp-nio-8080-exec-1[m] [36mJdbcBindingLogging[m - binding parameter (1:BIGINT) <- [120]
[30m2026-09-03T15:12:57,575[m [36mDEBUG [m[[1;34mhttp-nio-8080-exec-5[m] [36mSqlStatementLogger[m - select te1_0."TYPE_ID",te1_0."CATEGORY",te1_0."DESCRIPTION" from "NUANBODB"."TYPE" te1_0 where te1_0."TYPE_ID"=?
[30m2026-09-03T15:12:57,575[m [30mTRACE [m[[1;34mhttp-nio-8080-exec-5[m] [36mJdbcBindingLogging[m - binding parameter (1:BIGINT) <- [26]
[30m2026-09-03T15:12:57,575[m [36mDEBUG [m[[1;34mhttp-nio-8080-exec-10[m] [36mSqlStatementLogger[m - select se1_0."STATUS_ID",se1_0."CATEGORY",se1_0."DESCRIPTION" from "NUANBODB"."STATUS" se1_0 where se1_0."STATUS_ID"=?
[30m2026-09-03T15:12:57,575[m [30mTRACE [m[[1;34mhttp-nio-8080-exec-10[m] [36mJdbcBindingLogging[m - binding parameter (1:BIGINT) <- [570]
[30m2026-09-03T15:12:57,575[m [36mDEBUG [m[[1;34mhttp-nio-8080-exec-9[m] [36mSqlStatementLogger[m - select te1_0."TYPE_ID",te1_0."CATEGORY",te1_0."DESCRIPTION" from "NUANBODB"."TYPE" te1_0 where te1_0."TYPE_ID"=?
[30m2026-09-03T15:12:57,575[m [30mTRACE [m[[1;34mhttp-nio-8080-exec-9[m] [36mJdbcBindingLogging[m - binding parameter (1:BIGINT) <- [120]
[30m2026-09-03T15:12:57,575[m [36mDEBUG [m[[1;34mhttp-nio-8080-exec-1[m] [36mSqlStatementLogger[m - select se1_0."STATUS_ID",se1_0."CATEGORY",se1_0."DESCRIPTION" from "NUANBODB"."STATUS" se1_0 where se1_0."STATUS_ID"=?
[30m2026-09-03T15:12:57,575[m [30mTRACE [m[[1;34mhttp-nio-8080-exec-1[m] [36mJdbcBindingLogging[m - binding parameter (1:BIGINT) <- [570]
[30m2026-09-03T15:12:57,575[m [36mDEBUG [m[[1;34mhttp-nio-8080-exec-7[m] [36mSqlStatementLogger[m - select te1_0."TYPE_ID",te1_0."CATEGORY",te1_0."DESCRIPTION" from "NUANBODB"."TYPE" te1_0 where te1_0."TYPE_ID"=?
[30m2026-09-03T15:12:57,575[m [30mTRACE [m[[1;34mhttp-nio-8080-exec-7[m] [36mJdbcBindingLogging[m - binding parameter (1:BIGINT) <- [120]
[30m2026-09-03T15:12:57,576[m [36mDEBUG [m[[1;34mhttp-nio-8080-exec-9[m] [36mSqlStatementLogger[m - select se1_0."STATUS_ID",se1_0."CATEGORY",se1_0."DESCRIPTION" from "NUANBODB"."STATUS" se1_0 where se1_0."STATUS_ID"=?
[30m2026-09-03T15:12:57,576[m [36mDEBUG [m[[1;34mhttp-nio-8080-exec-5[m] [36mSqlStatementLogger[m - select cre1_0."CUSTODIAN_RELATION_ID",cre1_0."CUSTODIAN_ID",cre1_0."DEPOSITORY_ID",cre1_0."INVESTOR_ACCOUNT_ID",cre1_0."LAST_MODIFY_APPLIC",cre1_0."LAST_MODIFY_DATE",cre1_0."LAST_MODIFY_IP",cre1_0."LAST_MODIFY_USER",cre1_0."PARTICIPANT_ID",cre1_0."STATUS_ID" from "NUANBODB"."CUSTODIAN_RELATION" cre1_0 where cre1_0."PARTICIPANT_ID"=? and cre1_0."DEPOSITORY_ID"=? and cre1_0."INVESTOR_ACCOUNT_ID"=? and cre1_0."STATUS_ID"=?
[30m2026-09-03T15:12:57,576[m [30mTRACE [m[[1;34mhttp-nio-8080-exec-5[m] [36mJdbcBindingLogging[m - binding parameter (1:BIGINT) <- [15]
[30m2026-09-03T15:12:57,576[m [30mTRACE [m[[1;34mhttp-nio-8080-exec-9[m] [36mJdbcBindingLogging[m - binding parameter (1:BIGINT) <- [570]
[30m2026-09-03T15:12:57,576[m [30mTRACE [m[[1;34mhttp-nio-8080-exec-5[m] [36mJdbcBindingLogging[m - binding parameter (2:VARCHAR) <- [1]
[30m2026-09-03T15:12:57,576[m [30mTRACE [m[[1;34mhttp-nio-8080-exec-5[m] [36mJdbcBindingLogging[m - binding parameter (3:BIGINT) <- [57]
[30m2026-09-03T15:12:57,576[m [30mTRACE [m[[1;34mhttp-nio-8080-exec-5[m] [36mJdbcBindingLogging[m - binding parameter (4:BIGINT) <- [1163]
[30m2026-09-03T15:12:57,576[m [36mDEBUG [m[[1;34mhttp-nio-8080-exec-10[m] [36mSqlStatementLogger[m - select te1_0."TYPE_ID",te1_0."CATEGORY",te1_0."DESCRIPTION" from "NUANBODB"."TYPE" te1_0 where te1_0."TYPE_ID"=?
[30m2026-09-03T15:12:57,576[m [30mTRACE [m[[1;34mhttp-nio-8080-exec-10[m] [36mJdbcBindingLogging[m - binding parameter (1:BIGINT) <- [26]
[30m2026-09-03T15:12:57,576[m [36mDEBUG [m[[1;34mhttp-nio-8080-exec-1[m] [36mSqlStatementLogger[m - select te1_0."TYPE_ID",te1_0."CATEGORY",te1_0."DESCRIPTION" from "NUANBODB"."TYPE" te1_0 where te1_0."TYPE_ID"=?
[30m2026-09-03T15:12:57,576[m [36mDEBUG [m[[1;34mhttp-nio-8080-exec-7[m] [36mSqlStatementLogger[m - select se1_0."STATUS_ID",se1_0."CATEGORY",se1_0."DESCRIPTION" from "NUANBODB"."STATUS" se1_0 where se1_0."STATUS_ID"=?
[30m2026-09-03T15:12:57,576[m [30mTRACE [m[[1;34mhttp-nio-8080-exec-1[m] [36mJdbcBindingLogging[m - binding parameter (1:BIGINT) <- [26]
[30m2026-09-03T15:12:57,576[m [30mTRACE [m[[1;34mhttp-nio-8080-exec-7[m] [36mJdbcBindingLogging[m - binding parameter (1:BIGINT) <- [570]
[30m2026-09-03T15:12:57,576[m [36mDEBUG [m[[1;34mhttp-nio-8080-exec-9[m] [36mSqlStatementLogger[m - select te1_0."TYPE_ID",te1_0."CATEGORY",te1_0."DESCRIPTION" from "NUANBODB"."TYPE" te1_0 where te1_0."TYPE_ID"=?
[30m2026-09-03T15:12:57,576[m [30mTRACE [m[[1;34mhttp-nio-8080-exec-9[m] [36mJdbcBindingLogging[m - binding parameter (1:BIGINT) <- [26]
[30m2026-09-03T15:12:57,577[m [36mDEBUG [m[[1;34mhttp-nio-8080-exec-10[m] [36mSqlStatementLogger[m - select cre1_0."CUSTODIAN_RELATION_ID",cre1_0."CUSTODIAN_ID",cre1_0."DEPOSITORY_ID",cre1_0."INVESTOR_ACCOUNT_ID",cre1_0."LAST_MODIFY_APPLIC",cre1_0."LAST_MODIFY_DATE",cre1_0."LAST_MODIFY_IP",cre1_0."LAST_MODIFY_USER",cre1_0."PARTICIPANT_ID",cre1_0."STATUS_ID" from "NUANBODB"."CUSTODIAN_RELATION" cre1_0 where cre1_0."PARTICIPANT_ID"=? and cre1_0."DEPOSITORY_ID"=? and cre1_0."INVESTOR_ACCOUNT_ID"=? and cre1_0."STATUS_ID"=?
[30m2026-09-03T15:12:57,577[m [36mDEBUG [m[[1;34mhttp-nio-8080-exec-7[m] [36mSqlStatementLogger[m - select te1_0."TYPE_ID",te1_0."CATEGORY",te1_0."DESCRIPTION" from "NUANBODB"."TYPE" te1_0 where te1_0."TYPE_ID"=?
[30m2026-09-03T15:12:57,577[m [30mTRACE [m[[1;34mhttp-nio-8080-exec-10[m] [36mJdbcBindingLogging[m - binding parameter (1:BIGINT) <- [15]
[30m2026-09-03T15:12:57,577[m [30mTRACE [m[[1;34mhttp-nio-8080-exec-7[m] [36mJdbcBindingLogging[m - binding parameter (1:BIGINT) <- [26]
[30m2026-09-03T15:12:57,577[m [36mDEBUG [m[[1;34mhttp-nio-8080-exec-5[m] [36mSqlStatementLogger[m - select mde1_0."MILA_DEPOSITORY_ID",mde1_0."CODE",mde1_0."DIRECT_DEPOSITORY_NUMBER",mde1_0."DOCUMENT_NUMBER",mde1_0."IDENTIFICATION_TYPE_ID",mde1_0."LAST_MODIFY_APPLIC",mde1_0."LAST_MODIFY_DATE",mde1_0."LAST_MODIFY_IP",mde1_0."LAST_MODIFY_USER" from "NUANBODB"."MILA_DEPOSITORY" mde1_0 where mde1_0."IDENTIFICATION_TYPE_ID"=? and mde1_0."DOCUMENT_NUMBER"=? fetch first ? rows only
[30m2026-09-03T15:12:57,577[m [30mTRACE [m[[1;34mhttp-nio-8080-exec-10[m] [36mJdbcBindingLogging[m - binding parameter (2:VARCHAR) <- [1]
[30m2026-09-03T15:12:57,577[m [30mTRACE [m[[1;34mhttp-nio-8080-exec-5[m] [36mJdbcBindingLogging[m - binding parameter (1:BIGINT) <- [5]
[30m2026-09-03T15:12:57,577[m [36mDEBUG [m[[1;34mhttp-nio-8080-exec-1[m] [36mSqlStatementLogger[m - select cre1_0."CUSTODIAN_RELATION_ID",cre1_0."CUSTODIAN_ID",cre1_0."DEPOSITORY_ID",cre1_0."INVESTOR_ACCOUNT_ID",cre1_0."LAST_MODIFY_APPLIC",cre1_0."LAST_MODIFY_DATE",cre1_0."LAST_MODIFY_IP",cre1_0."LAST_MODIFY_USER",cre1_0."PARTICIPANT_ID",cre1_0."STATUS_ID" from "NUANBODB"."CUSTODIAN_RELATION" cre1_0 where cre1_0."PARTICIPANT_ID"=? and cre1_0."DEPOSITORY_ID"=? and cre1_0."INVESTOR_ACCOUNT_ID"=? and cre1_0."STATUS_ID"=?
[30m2026-09-03T15:12:57,577[m [30mTRACE [m[[1;34mhttp-nio-8080-exec-10[m] [36mJdbcBindingLogging[m - binding parameter (3:BIGINT) <- [57]
[30m2026-09-03T15:12:57,577[m [30mTRACE [m[[1;34mhttp-nio-8080-exec-5[m] [36mJdbcBindingLogging[m - binding parameter (2:VARCHAR) <- [8605303170]
[30m2026-09-03T15:12:57,577[m [30mTRACE [m[[1;34mhttp-nio-8080-exec-1[m] [36mJdbcBindingLogging[m - binding parameter (1:BIGINT) <- [15]
[30m2026-09-03T15:12:57,577[m [30mTRACE [m[[1;34mhttp-nio-8080-exec-10[m] [36mJdbcBindingLogging[m - binding parameter (4:BIGINT) <- [1163]
[30m2026-09-03T15:12:57,577[m [30mTRACE [m[[1;34mhttp-nio-8080-exec-5[m] [36mJdbcBindingLogging[m - binding parameter (3:INTEGER) <- [1]
[30m2026-09-03T15:12:57,577[m [30mTRACE [m[[1;34mhttp-nio-8080-exec-1[m] [36mJdbcBindingLogging[m - binding parameter (2:VARCHAR) <- [1]
[30m2026-09-03T15:12:57,577[m [30mTRACE [m[[1;34mhttp-nio-8080-exec-1[m] [36mJdbcBindingLogging[m - binding parameter (3:BIGINT) <- [57]
[30m2026-09-03T15:12:57,577[m [36mDEBUG [m[[1;34mhttp-nio-8080-exec-9[m] [36mSqlStatementLogger[m - select cre1_0."CUSTODIAN_RELATION_ID",cre1_0."CUSTODIAN_ID",cre1_0."DEPOSITORY_ID",cre1_0."INVESTOR_ACCOUNT_ID",cre1_0."LAST_MODIFY_APPLIC",cre1_0."LAST_MODIFY_DATE",cre1_0."LAST_MODIFY_IP",cre1_0."LAST_MODIFY_USER",cre1_0."PARTICIPANT_ID",cre1_0."STATUS_ID" from "NUANBODB"."CUSTODIAN_RELATION" cre1_0 where cre1_0."PARTICIPANT_ID"=? and cre1_0."DEPOSITORY_ID"=? and cre1_0."INVESTOR_ACCOUNT_ID"=? and cre1_0."STATUS_ID"=?
[30m2026-09-03T15:12:57,577[m [30mTRACE [m[[1;34mhttp-nio-8080-exec-9[m] [36mJdbcBindingLogging[m - binding parameter (1:BIGINT) <- [15]
[30m2026-09-03T15:12:57,577[m [30mTRACE [m[[1;34mhttp-nio-8080-exec-1[m] [36mJdbcBindingLogging[m - binding parameter (4:BIGINT) <- [1163]
[30m2026-09-03T15:12:57,577[m [30mTRACE [m[[1;34mhttp-nio-8080-exec-9[m] [36mJdbcBindingLogging[m - binding parameter (2:VARCHAR) <- [1]
[30m2026-09-03T15:12:57,577[m [30mTRACE [m[[1;34mhttp-nio-8080-exec-9[m] [36mJdbcBindingLogging[m - binding parameter (3:BIGINT) <- [57]
[30m2026-09-03T15:12:57,577[m [30mTRACE [m[[1;34mhttp-nio-8080-exec-9[m] [36mJdbcBindingLogging[m - binding parameter (4:BIGINT) <- [1163]
[30m2026-09-03T15:12:57,577[m [36mDEBUG [m[[1;34mhttp-nio-8080-exec-7[m] [36mSqlStatementLogger[m - select cre1_0."CUSTODIAN_RELATION_ID",cre1_0."CUSTODIAN_ID",cre1_0."DEPOSITORY_ID",cre1_0."INVESTOR_ACCOUNT_ID",cre1_0."LAST_MODIFY_APPLIC",cre1_0."LAST_MODIFY_DATE",cre1_0."LAST_MODIFY_IP",cre1_0."LAST_MODIFY_USER",cre1_0."PARTICIPANT_ID",cre1_0."STATUS_ID" from "NUANBODB"."CUSTODIAN_RELATION" cre1_0 where cre1_0."PARTICIPANT_ID"=? and cre1_0."DEPOSITORY_ID"=? and cre1_0."INVESTOR_ACCOUNT_ID"=? and cre1_0."STATUS_ID"=?
[30m2026-09-03T15:12:57,578[m [30mTRACE [m[[1;34mhttp-nio-8080-exec-7[m] [36mJdbcBindingLogging[m - binding parameter (1:BIGINT) <- [15]
[30m2026-09-03T15:12:57,578[m [30mTRACE [m[[1;34mhttp-nio-8080-exec-7[m] [36mJdbcBindingLogging[m - binding parameter (2:VARCHAR) <- [1]
[30m2026-09-03T15:12:57,578[m [30mTRACE [m[[1;34mhttp-nio-8080-exec-7[m] [36mJdbcBindingLogging[m - binding parameter (3:BIGINT) <- [57]
[30m2026-09-03T15:12:57,578[m [30mTRACE [m[[1;34mhttp-nio-8080-exec-7[m] [36mJdbcBindingLogging[m - binding parameter (4:BIGINT) <- [1163]
[30m2026-09-03T15:12:57,578[m [36mDEBUG [m[[1;34mhttp-nio-8080-exec-10[m] [36mSqlStatementLogger[m - select mde1_0."MILA_DEPOSITORY_ID",mde1_0."CODE",mde1_0."DIRECT_DEPOSITORY_NUMBER",mde1_0."DOCUMENT_NUMBER",mde1_0."IDENTIFICATION_TYPE_ID",mde1_0."LAST_MODIFY_APPLIC",mde1_0."LAST_MODIFY_DATE",mde1_0."LAST_MODIFY_IP",mde1_0."LAST_MODIFY_USER" from "NUANBODB"."MILA_DEPOSITORY" mde1_0 where mde1_0."IDENTIFICATION_TYPE_ID"=? and mde1_0."DOCUMENT_NUMBER"=? fetch first ? rows only
[30m2026-09-03T15:12:57,578[m [30mTRACE [m[[1;34mhttp-nio-8080-exec-10[m] [36mJdbcBindingLogging[m - binding parameter (1:BIGINT) <- [5]
[30m2026-09-03T15:12:57,578[m [30mTRACE [m[[1;34mhttp-nio-8080-exec-10[m] [36mJdbcBindingLogging[m - binding parameter (2:VARCHAR) <- [8605303170]
[30m2026-09-03T15:12:57,578[m [30mTRACE [m[[1;34mhttp-nio-8080-exec-10[m] [36mJdbcBindingLogging[m - binding parameter (3:INTEGER) <- [1]
[30m2026-09-03T15:12:57,578[m [36mDEBUG [m[[1;34mhttp-nio-8080-exec-9[m] [36mSqlStatementLogger[m - select mde1_0."MILA_DEPOSITORY_ID",mde1_0."CODE",mde1_0."DIRECT_DEPOSITORY_NUMBER",mde1_0."DOCUMENT_NUMBER",mde1_0."IDENTIFICATION_TYPE_ID",mde1_0."LAST_MODIFY_APPLIC",mde1_0."LAST_MODIFY_DATE",mde1_0."LAST_MODIFY_IP",mde1_0."LAST_MODIFY_USER" from "NUANBODB"."MILA_DEPOSITORY" mde1_0 where mde1_0."IDENTIFICATION_TYPE_ID"=? and mde1_0."DOCUMENT_NUMBER"=? fetch first ? rows only
[30m2026-09-03T15:12:57,578[m [36mDEBUG [m[[1;34mhttp-nio-8080-exec-5[m] [36mSqlStatementLogger[m - select iae1_0."INVESTOR_ACCOUNT_ID",iae1_0."ACCOUNT_NAME",iae1_0."ACCOUNT_NUMBER",iae1_0."DEPOSITORY_ID",iae1_0."INVESTOR_ID",iae1_0."LAST_MODIFY_APPLIC",iae1_0."LAST_MODIFY_DATE",iae1_0."LAST_MODIFY_IP",iae1_0."LAST_MODIFY_USER",iae1_0."ORIGIN_TYPE_ID",iae1_0."PARTICIPANT_ID",iae1_0."STATUS_ID",iae1_0."TAX_EXEMP",iae1_0."TYPE_ID" from "NUANBODB"."INVESTOR_ACCOUNT" iae1_0 where iae1_0."INVESTOR_ACCOUNT_ID" in (?)
[30m2026-09-03T15:12:57,578[m [36mDEBUG [m[[1;34mhttp-nio-8080-exec-1[m] [36mSqlStatementLogger[m - select mde1_0."MILA_DEPOSITORY_ID",mde1_0."CODE",mde1_0."DIRECT_DEPOSITORY_NUMBER",mde1_0."DOCUMENT_NUMBER",mde1_0."IDENTIFICATION_TYPE_ID",mde1_0."LAST_MODIFY_APPLIC",mde1_0."LAST_MODIFY_DATE",mde1_0."LAST_MODIFY_IP",mde1_0."LAST_MODIFY_USER" from "NUANBODB"."MILA_DEPOSITORY" mde1_0 where mde1_0."IDENTIFICATION_TYPE_ID"=? and mde1_0."DOCUMENT_NUMBER"=? fetch first ? rows only
[30m2026-09-03T15:12:57,578[m [30mTRACE [m[[1;34mhttp-nio-8080-exec-5[m] [36mJdbcBindingLogging[m - binding parameter (1:BIGINT) <- [57]
[30m2026-09-03T15:12:57,578[m [30mTRACE [m[[1;34mhttp-nio-8080-exec-9[m] [36mJdbcBindingLogging[m - binding parameter (1:BIGINT) <- [5]
[30m2026-09-03T15:12:57,578[m [30mTRACE [m[[1;34mhttp-nio-8080-exec-1[m] [36mJdbcBindingLogging[m - binding parameter (1:BIGINT) <- [5]
[30m2026-09-03T15:12:57,578[m [30mTRACE [m[[1;34mhttp-nio-8080-exec-9[m] [36mJdbcBindingLogging[m - binding parameter (2:VARCHAR) <- [8605303170]
[30m2026-09-03T15:12:57,578[m [30mTRACE [m[[1;34mhttp-nio-8080-exec-1[m] [36mJdbcBindingLogging[m - binding parameter (2:VARCHAR) <- [8605303170]
[30m2026-09-03T15:12:57,578[m [30mTRACE [m[[1;34mhttp-nio-8080-exec-9[m] [36mJdbcBindingLogging[m - binding parameter (3:INTEGER) <- [1]
[30m2026-09-03T15:12:57,578[m [30mTRACE [m[[1;34mhttp-nio-8080-exec-1[m] [36mJdbcBindingLogging[m - binding parameter (3:INTEGER) <- [1]
[30m2026-09-03T15:12:57,578[m [36mDEBUG [m[[1;34mhttp-nio-8080-exec-7[m] [36mSqlStatementLogger[m - select mde1_0."MILA_DEPOSITORY_ID",mde1_0."CODE",mde1_0."DIRECT_DEPOSITORY_NUMBER",mde1_0."DOCUMENT_NUMBER",mde1_0."IDENTIFICATION_TYPE_ID",mde1_0."LAST_MODIFY_APPLIC",mde1_0."LAST_MODIFY_DATE",mde1_0."LAST_MODIFY_IP",mde1_0."LAST_MODIFY_USER" from "NUANBODB"."MILA_DEPOSITORY" mde1_0 where mde1_0."IDENTIFICATION_TYPE_ID"=? and mde1_0."DOCUMENT_NUMBER"=? fetch first ? rows only
[30m2026-09-03T15:12:57,578[m [30mTRACE [m[[1;34mhttp-nio-8080-exec-7[m] [36mJdbcBindingLogging[m - binding parameter (1:BIGINT) <- [5]
[30m2026-09-03T15:12:57,578[m [30mTRACE [m[[1;34mhttp-nio-8080-exec-7[m] [36mJdbcBindingLogging[m - binding parameter (2:VARCHAR) <- [8605303170]
[30m2026-09-03T15:12:57,578[m [30mTRACE [m[[1;34mhttp-nio-8080-exec-7[m] [36mJdbcBindingLogging[m - binding parameter (3:INTEGER) <- [1]
[30m2026-09-03T15:12:57,579[m [36mDEBUG [m[[1;34mhttp-nio-8080-exec-10[m] [36mSqlStatementLogger[m - select iae1_0."INVESTOR_ACCOUNT_ID",iae1_0."ACCOUNT_NAME",iae1_0."ACCOUNT_NUMBER",iae1_0."DEPOSITORY_ID",iae1_0."INVESTOR_ID",iae1_0."LAST_MODIFY_APPLIC",iae1_0."LAST_MODIFY_DATE",iae1_0."LAST_MODIFY_IP",iae1_0."LAST_MODIFY_USER",iae1_0."ORIGIN_TYPE_ID",iae1_0."PARTICIPANT_ID",iae1_0."STATUS_ID",iae1_0."TAX_EXEMP",iae1_0."TYPE_ID" from "NUANBODB"."INVESTOR_ACCOUNT" iae1_0 where iae1_0."INVESTOR_ACCOUNT_ID" in (?)
[30m2026-09-03T15:12:57,579[m [30mTRACE [m[[1;34mhttp-nio-8080-exec-10[m] [36mJdbcBindingLogging[m - binding parameter (1:BIGINT) <- [57]
[30m2026-09-03T15:12:57,579[m [36mDEBUG [m[[1;34mhttp-nio-8080-exec-5[m] [36mSqlStatementLogger[m - select de1_0."DEPOSITORY_ID",de1_0."DESCRIPTION" from "NUANBODB"."DEPOSITORY" de1_0 where de1_0."DEPOSITORY_ID"=?
[30m2026-09-03T15:12:57,579[m [30mTRACE [m[[1;34mhttp-nio-8080-exec-5[m] [36mJdbcBindingLogging[m - binding parameter (1:VARCHAR) <- [1]
[30m2026-09-03T15:12:57,579[m [36mDEBUG [m[[1;34mhttp-nio-8080-exec-1[m] [36mSqlStatementLogger[m - select iae1_0."INVESTOR_ACCOUNT_ID",iae1_0."ACCOUNT_NAME",iae1_0."ACCOUNT_NUMBER",iae1_0."DEPOSITORY_ID",iae1_0."INVESTOR_ID",iae1_0."LAST_MODIFY_APPLIC",iae1_0."LAST_MODIFY_DATE",iae1_0."LAST_MODIFY_IP",iae1_0."LAST_MODIFY_USER",iae1_0."ORIGIN_TYPE_ID",iae1_0."PARTICIPANT_ID",iae1_0."STATUS_ID",iae1_0."TAX_EXEMP",iae1_0."TYPE_ID" from "NUANBODB"."INVESTOR_ACCOUNT" iae1_0 where iae1_0."INVESTOR_ACCOUNT_ID" in (?)
[30m2026-09-03T15:12:57,579[m [36mDEBUG [m[[1;34mhttp-nio-8080-exec-9[m] [36mSqlStatementLogger[m - select iae1_0."INVESTOR_ACCOUNT_ID",iae1_0."ACCOUNT_NAME",iae1_0."ACCOUNT_NUMBER",iae1_0."DEPOSITORY_ID",iae1_0."INVESTOR_ID",iae1_0."LAST_MODIFY_APPLIC",iae1_0."LAST_MODIFY_DATE",iae1_0."LAST_MODIFY_IP",iae1_0."LAST_MODIFY_USER",iae1_0."ORIGIN_TYPE_ID",iae1_0."PARTICIPANT_ID",iae1_0."STATUS_ID",iae1_0."TAX_EXEMP",iae1_0."TYPE_ID" from "NUANBODB"."INVESTOR_ACCOUNT" iae1_0 where iae1_0."INVESTOR_ACCOUNT_ID" in (?)
[30m2026-09-03T15:12:57,579[m [30mTRACE [m[[1;34mhttp-nio-8080-exec-1[m] [36mJdbcBindingLogging[m - binding parameter (1:BIGINT) <- [57]
[30m2026-09-03T15:12:57,579[m [30mTRACE [m[[1;34mhttp-nio-8080-exec-9[m] [36mJdbcBindingLogging[m - binding parameter (1:BIGINT) <- [57]
[30m2026-09-03T15:12:57,579[m [36mDEBUG [m[[1;34mhttp-nio-8080-exec-7[m] [36mSqlStatementLogger[m - select iae1_0."INVESTOR_ACCOUNT_ID",iae1_0."ACCOUNT_NAME",iae1_0."ACCOUNT_NUMBER",iae1_0."DEPOSITORY_ID",iae1_0."INVESTOR_ID",iae1_0."LAST_MODIFY_APPLIC",iae1_0."LAST_MODIFY_DATE",iae1_0."LAST_MODIFY_IP",iae1_0."LAST_MODIFY_USER",iae1_0."ORIGIN_TYPE_ID",iae1_0."PARTICIPANT_ID",iae1_0."STATUS_ID",iae1_0."TAX_EXEMP",iae1_0."TYPE_ID" from "NUANBODB"."INVESTOR_ACCOUNT" iae1_0 where iae1_0."INVESTOR_ACCOUNT_ID" in (?)
[30m2026-09-03T15:12:57,579[m [30mTRACE [m[[1;34mhttp-nio-8080-exec-7[m] [36mJdbcBindingLogging[m - binding parameter (1:BIGINT) <- [57]
[30m2026-09-03T15:12:57,580[m [36mDEBUG [m[[1;34mhttp-nio-8080-exec-5[m] [36mSqlStatementLogger[m - select ie1_0."INVESTOR_ID",ie1_0."CLEARINGHOUSE_CODE",ie1_0."CODE",ie1_0."COMPANY_NAME",ie1_0."COUNTRY_ID",c1_0."COUNTRY_ID",c1_0."CODE",c1_0."CURRENCY_ID",c2_0."CURRENCY_ID",c2_0."CODE",c2_0."NAME",c1_0."NAME",c1_0."TIME_ZONE",ie1_0."DOCUMENT_NUMBER",ie1_0."FIRST_NAME",g1_0."GICS_ID",g1_0."DESCRIPTION",ie1_0."IDENTIFICATION_TYPE_ID",it1_0."IDENTIFICATION_TYPE_ID",it1_0."CODE",it1_0."DESCRIPTION",ie1_0."LAST_MODIFY_APPLIC",ie1_0."LAST_MODIFY_DATE",ie1_0."LAST_MODIFY_IP",ie1_0."LAST_MODIFY_USER",ie1_0."LAST_NAME",ie1_0."MONEY_LAUNDERING_FLAG",ie1_0."NATIONALITY",ie1_0."STATUS_ID",s1_0."STATUS_ID",s1_0."CATEGORY",s1_0."DESCRIPTION",ie1_0."TAX_EXEMP",ts1_0."TAX_STATUS_ID",ts1_0."DESCRIPTION",ts1_0."LAST_MODIFY_APPLIC",ts1_0."LAST_MODIFY_DATE",ts1_0."LAST_MODIFY_IP",ts1_0."LAST_MODIFY_USER",ie1_0."TYPE_ID",t1_0."TYPE_ID",t1_0."CATEGORY",t1_0."DESCRIPTION" from "NUANBODB"."INVESTOR" ie1_0 join "NUANBODB"."COUNTRY" c1_0 on c1_0."COUNTRY_ID"=ie1_0."COUNTRY_ID" join "NUANBODB"."CURRENCY" c2_0 on c2_0."CURRENCY_ID"=c1_0."CURRENCY_ID" left join "NUANBODB"."GICS" g1_0 on g1_0."GICS_ID"=ie1_0."GICS_ID" join "NUANBODB"."IDENTIFICATION_TYPE" it1_0 on it1_0."IDENTIFICATION_TYPE_ID"=ie1_0."IDENTIFICATION_TYPE_ID" join "NUANBODB"."STATUS" s1_0 on s1_0."STATUS_ID"=ie1_0."STATUS_ID" left join "NUANBODB"."TAX_STATUS" ts1_0 on ts1_0."TAX_STATUS_ID"=ie1_0."TAX_STATUS_ID" join "NUANBODB"."TYPE" t1_0 on t1_0."TYPE_ID"=ie1_0."TYPE_ID" where ie1_0."INVESTOR_ID"=?
[30m2026-09-03T15:12:57,580[m [30mTRACE [m[[1;34mhttp-nio-8080-exec-5[m] [36mJdbcBindingLogging[m - binding parameter (1:BIGINT) <- [167]
[30m2026-09-03T15:12:57,580[m [36mDEBUG [m[[1;34mhttp-nio-8080-exec-10[m] [36mSqlStatementLogger[m - select de1_0."DEPOSITORY_ID",de1_0."DESCRIPTION" from "NUANBODB"."DEPOSITORY" de1_0 where de1_0."DEPOSITORY_ID"=?
[30m2026-09-03T15:12:57,580[m [30mTRACE [m[[1;34mhttp-nio-8080-exec-10[m] [36mJdbcBindingLogging[m - binding parameter (1:VARCHAR) <- [1]
[30m2026-09-03T15:12:57,580[m [36mDEBUG [m[[1;34mhttp-nio-8080-exec-9[m] [36mSqlStatementLogger[m - select de1_0."DEPOSITORY_ID",de1_0."DESCRIPTION" from "NUANBODB"."DEPOSITORY" de1_0 where de1_0."DEPOSITORY_ID"=?
[30m2026-09-03T15:12:57,580[m [36mDEBUG [m[[1;34mhttp-nio-8080-exec-10[m] [36mSqlStatementLogger[m - select ie1_0."INVESTOR_ID",ie1_0."CLEARINGHOUSE_CODE",ie1_0."CODE",ie1_0."COMPANY_NAME",ie1_0."COUNTRY_ID",c1_0."COUNTRY_ID",c1_0."CODE",c1_0."CURRENCY_ID",c2_0."CURRENCY_ID",c2_0."CODE",c2_0."NAME",c1_0."NAME",c1_0."TIME_ZONE",ie1_0."DOCUMENT_NUMBER",ie1_0."FIRST_NAME",g1_0."GICS_ID",g1_0."DESCRIPTION",ie1_0."IDENTIFICATION_TYPE_ID",it1_0."IDENTIFICATION_TYPE_ID",it1_0."CODE",it1_0."DESCRIPTION",ie1_0."LAST_MODIFY_APPLIC",ie1_0."LAST_MODIFY_DATE",ie1_0."LAST_MODIFY_IP",ie1_0."LAST_MODIFY_USER",ie1_0."LAST_NAME",ie1_0."MONEY_LAUNDERING_FLAG",ie1_0."NATIONALITY",ie1_0."STATUS_ID",s1_0."STATUS_ID",s1_0."CATEGORY",s1_0."DESCRIPTION",ie1_0."TAX_EXEMP",ts1_0."TAX_STATUS_ID",ts1_0."DESCRIPTION",ts1_0."LAST_MODIFY_APPLIC",ts1_0."LAST_MODIFY_DATE",ts1_0."LAST_MODIFY_IP",ts1_0."LAST_MODIFY_USER",ie1_0."TYPE_ID",t1_0."TYPE_ID",t1_0."CATEGORY",t1_0."DESCRIPTION" from "NUANBODB"."INVESTOR" ie1_0 join "NUANBODB"."COUNTRY" c1_0 on c1_0."COUNTRY_ID"=ie1_0."COUNTRY_ID" join "NUANBODB"."CURRENCY" c2_0 on c2_0."CURRENCY_ID"=c1_0."CURRENCY_ID" left join "NUANBODB"."GICS" g1_0 on g1_0."GICS_ID"=ie1_0."GICS_ID" join "NUANBODB"."IDENTIFICATION_TYPE" it1_0 on it1_0."IDENTIFICATION_TYPE_ID"=ie1_0."IDENTIFICATION_TYPE_ID" join "NUANBODB"."STATUS" s1_0 on s1_0."STATUS_ID"=ie1_0."STATUS_ID" left join "NUANBODB"."TAX_STATUS" ts1_0 on ts1_0."TAX_STATUS_ID"=ie1_0."TAX_STATUS_ID" join "NUANBODB"."TYPE" t1_0 on t1_0."TYPE_ID"=ie1_0."TYPE_ID" where ie1_0."INVESTOR_ID"=?
[30m2026-09-03T15:12:57,580[m [36mDEBUG [m[[1;34mhttp-nio-8080-exec-1[m] [36mSqlStatementLogger[m - select de1_0."DEPOSITORY_ID",de1_0."DESCRIPTION" from "NUANBODB"."DEPOSITORY" de1_0 where de1_0."DEPOSITORY_ID"=?
[30m2026-09-03T15:12:57,580[m [30mTRACE [m[[1;34mhttp-nio-8080-exec-9[m] [36mJdbcBindingLogging[m - binding parameter (1:VARCHAR) <- [1]
[30m2026-09-03T15:12:57,580[m [30mTRACE [m[[1;34mhttp-nio-8080-exec-10[m] [36mJdbcBindingLogging[m - binding parameter (1:BIGINT) <- [167]
[30m2026-09-03T15:12:57,580[m [36mDEBUG [m[[1;34mhttp-nio-8080-exec-7[m] [36mSqlStatementLogger[m - select de1_0."DEPOSITORY_ID",de1_0."DESCRIPTION" from "NUANBODB"."DEPOSITORY" de1_0 where de1_0."DEPOSITORY_ID"=?
[30m2026-09-03T15:12:57,580[m [30mTRACE [m[[1;34mhttp-nio-8080-exec-1[m] [36mJdbcBindingLogging[m - binding parameter (1:VARCHAR) <- [1]
[30m2026-09-03T15:12:57,580[m [30mTRACE [m[[1;34mhttp-nio-8080-exec-7[m] [36mJdbcBindingLogging[m - binding parameter (1:VARCHAR) <- [1]
[30m2026-09-03T15:12:57,581[m [36mDEBUG [m[[1;34mhttp-nio-8080-exec-5[m] [36mSqlStatementLogger[m - select te1_0."TYPE_ID",te1_0."CATEGORY",te1_0."DESCRIPTION" from "NUANBODB"."TYPE" te1_0 where te1_0."TYPE_ID"=?
[30m2026-09-03T15:12:57,581[m [30mTRACE [m[[1;34mhttp-nio-8080-exec-5[m] [36mJdbcBindingLogging[m - binding parameter (1:BIGINT) <- [120]
[30m2026-09-03T15:12:57,581[m [36mDEBUG [m[[1;34mhttp-nio-8080-exec-9[m] [36mSqlStatementLogger[m - select ie1_0."INVESTOR_ID",ie1_0."CLEARINGHOUSE_CODE",ie1_0."CODE",ie1_0."COMPANY_NAME",ie1_0."COUNTRY_ID",c1_0."COUNTRY_ID",c1_0."CODE",c1_0."CURRENCY_ID",c2_0."CURRENCY_ID",c2_0."CODE",c2_0."NAME",c1_0."NAME",c1_0."TIME_ZONE",ie1_0."DOCUMENT_NUMBER",ie1_0."FIRST_NAME",g1_0."GICS_ID",g1_0."DESCRIPTION",ie1_0."IDENTIFICATION_TYPE_ID",it1_0."IDENTIFICATION_TYPE_ID",it1_0."CODE",it1_0."DESCRIPTION",ie1_0."LAST_MODIFY_APPLIC",ie1_0."LAST_MODIFY_DATE",ie1_0."LAST_MODIFY_IP",ie1_0."LAST_MODIFY_USER",ie1_0."LAST_NAME",ie1_0."MONEY_LAUNDERING_FLAG",ie1_0."NATIONALITY",ie1_0."STATUS_ID",s1_0."STATUS_ID",s1_0."CATEGORY",s1_0."DESCRIPTION",ie1_0."TAX_EXEMP",ts1_0."TAX_STATUS_ID",ts1_0."DESCRIPTION",ts1_0."LAST_MODIFY_APPLIC",ts1_0."LAST_MODIFY_DATE",ts1_0."LAST_MODIFY_IP",ts1_0."LAST_MODIFY_USER",ie1_0."TYPE_ID",t1_0."TYPE_ID",t1_0."CATEGORY",t1_0."DESCRIPTION" from "NUANBODB"."INVESTOR" ie1_0 join "NUANBODB"."COUNTRY" c1_0 on c1_0."COUNTRY_ID"=ie1_0."COUNTRY_ID" join "NUANBODB"."CURRENCY" c2_0 on c2_0."CURRENCY_ID"=c1_0."CURRENCY_ID" left join "NUANBODB"."GICS" g1_0 on g1_0."GICS_ID"=ie1_0."GICS_ID" join "NUANBODB"."IDENTIFICATION_TYPE" it1_0 on it1_0."IDENTIFICATION_TYPE_ID"=ie1_0."IDENTIFICATION_TYPE_ID" join "NUANBODB"."STATUS" s1_0 on s1_0."STATUS_ID"=ie1_0."STATUS_ID" left join "NUANBODB"."TAX_STATUS" ts1_0 on ts1_0."TAX_STATUS_ID"=ie1_0."TAX_STATUS_ID" join "NUANBODB"."TYPE" t1_0 on t1_0."TYPE_ID"=ie1_0."TYPE_ID" where ie1_0."INVESTOR_ID"=?
[30m2026-09-03T15:12:57,581[m [30mTRACE [m[[1;34mhttp-nio-8080-exec-9[m] [36mJdbcBindingLogging[m - binding parameter (1:BIGINT) <- [167]
[30m2026-09-03T15:12:57,581[m [36mDEBUG [m[[1;34mhttp-nio-8080-exec-7[m] [36mSqlStatementLogger[m - select ie1_0."INVESTOR_ID",ie1_0."CLEARINGHOUSE_CODE",ie1_0."CODE",ie1_0."COMPANY_NAME",ie1_0."COUNTRY_ID",c1_0."COUNTRY_ID",c1_0."CODE",c1_0."CURRENCY_ID",c2_0."CURRENCY_ID",c2_0."CODE",c2_0."NAME",c1_0."NAME",c1_0."TIME_ZONE",ie1_0."DOCUMENT_NUMBER",ie1_0."FIRST_NAME",g1_0."GICS_ID",g1_0."DESCRIPTION",ie1_0."IDENTIFICATION_TYPE_ID",it1_0."IDENTIFICATION_TYPE_ID",it1_0."CODE",it1_0."DESCRIPTION",ie1_0."LAST_MODIFY_APPLIC",ie1_0."LAST_MODIFY_DATE",ie1_0."LAST_MODIFY_IP",ie1_0."LAST_MODIFY_USER",ie1_0."LAST_NAME",ie1_0."MONEY_LAUNDERING_FLAG",ie1_0."NATIONALITY",ie1_0."STATUS_ID",s1_0."STATUS_ID",s1_0."CATEGORY",s1_0."DESCRIPTION",ie1_0."TAX_EXEMP",ts1_0."TAX_STATUS_ID",ts1_0."DESCRIPTION",ts1_0."LAST_MODIFY_APPLIC",ts1_0."LAST_MODIFY_DATE",ts1_0."LAST_MODIFY_IP",ts1_0."LAST_MODIFY_USER",ie1_0."TYPE_ID",t1_0."TYPE_ID",t1_0."CATEGORY",t1_0."DESCRIPTION" from "NUANBODB"."INVESTOR" ie1_0 join "NUANBODB"."COUNTRY" c1_0 on c1_0."COUNTRY_ID"=ie1_0."COUNTRY_ID" join "NUANBODB"."CURRENCY" c2_0 on c2_0."CURRENCY_ID"=c1_0."CURRENCY_ID" left join "NUANBODB"."GICS" g1_0 on g1_0."GICS_ID"=ie1_0."GICS_ID" join "NUANBODB"."IDENTIFICATION_TYPE" it1_0 on it1_0."IDENTIFICATION_TYPE_ID"=ie1_0."IDENTIFICATION_TYPE_ID" join "NUANBODB"."STATUS" s1_0 on s1_0."STATUS_ID"=ie1_0."STATUS_ID" left join "NUANBODB"."TAX_STATUS" ts1_0 on ts1_0."TAX_STATUS_ID"=ie1_0."TAX_STATUS_ID" join "NUANBODB"."TYPE" t1_0 on t1_0."TYPE_ID"=ie1_0."TYPE_ID" where ie1_0."INVESTOR_ID"=?
[30m2026-09-03T15:12:57,581[m [36mDEBUG [m[[1;34mhttp-nio-8080-exec-1[m] [36mSqlStatementLogger[m - select ie1_0."INVESTOR_ID",ie1_0."CLEARINGHOUSE_CODE",ie1_0."CODE",ie1_0."COMPANY_NAME",ie1_0."COUNTRY_ID",c1_0."COUNTRY_ID",c1_0."CODE",c1_0."CURRENCY_ID",c2_0."CURRENCY_ID",c2_0."CODE",c2_0."NAME",c1_0."NAME",c1_0."TIME_ZONE",ie1_0."DOCUMENT_NUMBER",ie1_0."FIRST_NAME",g1_0."GICS_ID",g1_0."DESCRIPTION",ie1_0."IDENTIFICATION_TYPE_ID",it1_0."IDENTIFICATION_TYPE_ID",it1_0."CODE",it1_0."DESCRIPTION",ie1_0."LAST_MODIFY_APPLIC",ie1_0."LAST_MODIFY_DATE",ie1_0."LAST_MODIFY_IP",ie1_0."LAST_MODIFY_USER",ie1_0."LAST_NAME",ie1_0."MONEY_LAUNDERING_FLAG",ie1_0."NATIONALITY",ie1_0."STATUS_ID",s1_0."STATUS_ID",s1_0."CATEGORY",s1_0."DESCRIPTION",ie1_0."TAX_EXEMP",ts1_0."TAX_STATUS_ID",ts1_0."DESCRIPTION",ts1_0."LAST_MODIFY_APPLIC",ts1_0."LAST_MODIFY_DATE",ts1_0."LAST_MODIFY_IP",ts1_0."LAST_MODIFY_USER",ie1_0."TYPE_ID",t1_0."TYPE_ID",t1_0."CATEGORY",t1_0."DESCRIPTION" from "NUANBODB"."INVESTOR" ie1_0 join "NUANBODB"."COUNTRY" c1_0 on c1_0."COUNTRY_ID"=ie1_0."COUNTRY_ID" join "NUANBODB"."CURRENCY" c2_0 on c2_0."CURRENCY_ID"=c1_0."CURRENCY_ID" left join "NUANBODB"."GICS" g1_0 on g1_0."GICS_ID"=ie1_0."GICS_ID" join "NUANBODB"."IDENTIFICATION_TYPE" it1_0 on it1_0."IDENTIFICATION_TYPE_ID"=ie1_0."IDENTIFICATION_TYPE_ID" join "NUANBODB"."STATUS" s1_0 on s1_0."STATUS_ID"=ie1_0."STATUS_ID" left join "NUANBODB"."TAX_STATUS" ts1_0 on ts1_0."TAX_STATUS_ID"=ie1_0."TAX_STATUS_ID" join "NUANBODB"."TYPE" t1_0 on t1_0."TYPE_ID"=ie1_0."TYPE_ID" where ie1_0."INVESTOR_ID"=?
[30m2026-09-03T15:12:57,581[m [30mTRACE [m[[1;34mhttp-nio-8080-exec-1[m] [36mJdbcBindingLogging[m - binding parameter (1:BIGINT) <- [167]
[30m2026-09-03T15:12:57,581[m [30mTRACE [m[[1;34mhttp-nio-8080-exec-7[m] [36mJdbcBindingLogging[m - binding parameter (1:BIGINT) <- [167]
[30m2026-09-03T15:12:57,581[m [36mDEBUG [m[[1;34mhttp-nio-8080-exec-10[m] [36mSqlStatementLogger[m - select te1_0."TYPE_ID",te1_0."CATEGORY",te1_0."DESCRIPTION" from "NUANBODB"."TYPE" te1_0 where te1_0."TYPE_ID"=?
[30m2026-09-03T15:12:57,581[m [30mTRACE [m[[1;34mhttp-nio-8080-exec-10[m] [36mJdbcBindingLogging[m - binding parameter (1:BIGINT) <- [120]
[30m2026-09-03T15:12:57,581[m [36mDEBUG [m[[1;34mhttp-nio-8080-exec-5[m] [36mSqlStatementLogger[m - select se1_0."STATUS_ID",se1_0."CATEGORY",se1_0."DESCRIPTION" from "NUANBODB"."STATUS" se1_0 where se1_0."STATUS_ID"=?
[30m2026-09-03T15:12:57,581[m [30mTRACE [m[[1;34mhttp-nio-8080-exec-5[m] [36mJdbcBindingLogging[m - binding parameter (1:BIGINT) <- [570]
[30m2026-09-03T15:12:57,582[m [36mDEBUG [m[[1;34mhttp-nio-8080-exec-9[m] [36mSqlStatementLogger[m - select te1_0."TYPE_ID",te1_0."CATEGORY",te1_0."DESCRIPTION" from "NUANBODB"."TYPE" te1_0 where te1_0."TYPE_ID"=?
[30m2026-09-03T15:12:57,582[m [30mTRACE [m[[1;34mhttp-nio-8080-exec-9[m] [36mJdbcBindingLogging[m - binding parameter (1:BIGINT) <- [120]
[30m2026-09-03T15:12:57,582[m [36mDEBUG [m[[1;34mhttp-nio-8080-exec-10[m] [36mSqlStatementLogger[m - select se1_0."STATUS_ID",se1_0."CATEGORY",se1_0."DESCRIPTION" from "NUANBODB"."STATUS" se1_0 where se1_0."STATUS_ID"=?
[30m2026-09-03T15:12:57,582[m [36mDEBUG [m[[1;34mhttp-nio-8080-exec-5[m] [36mSqlStatementLogger[m - select te1_0."TYPE_ID",te1_0."CATEGORY",te1_0."DESCRIPTION" from "NUANBODB"."TYPE" te1_0 where te1_0."TYPE_ID"=?
[30m2026-09-03T15:12:57,582[m [36mDEBUG [m[[1;34mhttp-nio-8080-exec-1[m] [36mSqlStatementLogger[m - select te1_0."TYPE_ID",te1_0."CATEGORY",te1_0."DESCRIPTION" from "NUANBODB"."TYPE" te1_0 where te1_0."TYPE_ID"=?
[30m2026-09-03T15:12:57,582[m [30mTRACE [m[[1;34mhttp-nio-8080-exec-10[m] [36mJdbcBindingLogging[m - binding parameter (1:BIGINT) <- [570]
[30m2026-09-03T15:12:57,582[m [30mTRACE [m[[1;34mhttp-nio-8080-exec-5[m] [36mJdbcBindingLogging[m - binding parameter (1:BIGINT) <- [26]
[30m2026-09-03T15:12:57,582[m [30mTRACE [m[[1;34mhttp-nio-8080-exec-1[m] [36mJdbcBindingLogging[m - binding parameter (1:BIGINT) <- [120]
[30m2026-09-03T15:12:57,582[m [36mDEBUG [m[[1;34mhttp-nio-8080-exec-7[m] [36mSqlStatementLogger[m - select te1_0."TYPE_ID",te1_0."CATEGORY",te1_0."DESCRIPTION" from "NUANBODB"."TYPE" te1_0 where te1_0."TYPE_ID"=?
[30m2026-09-03T15:12:57,582[m [36mDEBUG [m[[1;34mhttp-nio-8080-exec-9[m] [36mSqlStatementLogger[m - select se1_0."STATUS_ID",se1_0."CATEGORY",se1_0."DESCRIPTION" from "NUANBODB"."STATUS" se1_0 where se1_0."STATUS_ID"=?
[30m2026-09-03T15:12:57,582[m [30mTRACE [m[[1;34mhttp-nio-8080-exec-7[m] [36mJdbcBindingLogging[m - binding parameter (1:BIGINT) <- [120]
[30m2026-09-03T15:12:57,582[m [30mTRACE [m[[1;34mhttp-nio-8080-exec-9[m] [36mJdbcBindingLogging[m - binding parameter (1:BIGINT) <- [570]
[30m2026-09-03T15:12:57,583[m [36mDEBUG [m[[1;34mhttp-nio-8080-exec-10[m] [36mSqlStatementLogger[m - select te1_0."TYPE_ID",te1_0."CATEGORY",te1_0."DESCRIPTION" from "NUANBODB"."TYPE" te1_0 where te1_0."TYPE_ID"=?
[30m2026-09-03T15:12:57,583[m [30mTRACE [m[[1;34mhttp-nio-8080-exec-10[m] [36mJdbcBindingLogging[m - binding parameter (1:BIGINT) <- [26]
[30m2026-09-03T15:12:57,583[m [36mDEBUG [m[[1;34mhttp-nio-8080-exec-1[m] [36mSqlStatementLogger[m - select se1_0."STATUS_ID",se1_0."CATEGORY",se1_0."DESCRIPTION" from "NUANBODB"."STATUS" se1_0 where se1_0."STATUS_ID"=?
[30m2026-09-03T15:12:57,583[m [30mTRACE [m[[1;34mhttp-nio-8080-exec-1[m] [36mJdbcBindingLogging[m - binding parameter (1:BIGINT) <- [570]
[30m2026-09-03T15:12:57,583[m [36mDEBUG [m[[1;34mhttp-nio-8080-exec-9[m] [36mSqlStatementLogger[m - select te1_0."TYPE_ID",te1_0."CATEGORY",te1_0."DESCRIPTION" from "NUANBODB"."TYPE" te1_0 where te1_0."TYPE_ID"=?
[30m2026-09-03T15:12:57,583[m [30mTRACE [m[[1;34mhttp-nio-8080-exec-9[m] [36mJdbcBindingLogging[m - binding parameter (1:BIGINT) <- [26]
[30m2026-09-03T15:12:57,583[m [36mDEBUG [m[[1;34mhttp-nio-8080-exec-7[m] [36mSqlStatementLogger[m - select se1_0."STATUS_ID",se1_0."CATEGORY",se1_0."DESCRIPTION" from "NUANBODB"."STATUS" se1_0 where se1_0."STATUS_ID"=?
[30m2026-09-03T15:12:57,583[m [36mDEBUG [m[[1;34mhttp-nio-8080-exec-1[m] [36mSqlStatementLogger[m - select te1_0."TYPE_ID",te1_0."CATEGORY",te1_0."DESCRIPTION" from "NUANBODB"."TYPE" te1_0 where te1_0."TYPE_ID"=?
[30m2026-09-03T15:12:57,583[m [30mTRACE [m[[1;34mhttp-nio-8080-exec-7[m] [36mJdbcBindingLogging[m - binding parameter (1:BIGINT) <- [570]
[30m2026-09-03T15:12:57,583[m [30mTRACE [m[[1;34mhttp-nio-8080-exec-1[m] [36mJdbcBindingLogging[m - binding parameter (1:BIGINT) <- [26]
[30m2026-09-03T15:12:57,584[m [36mDEBUG [m[[1;34mhttp-nio-8080-exec-7[m] [36mSqlStatementLogger[m - select te1_0."TYPE_ID",te1_0."CATEGORY",te1_0."DESCRIPTION" from "NUANBODB"."TYPE" te1_0 where te1_0."TYPE_ID"=?
[30m2026-09-03T15:12:57,584[m [30mTRACE [m[[1;34mhttp-nio-8080-exec-7[m] [36mJdbcBindingLogging[m - binding parameter (1:BIGINT) <- [26]
[30m2026-09-03T15:12:57,584[m [36mDEBUG [m[[1;34mhttp-nio-8080-exec-5[m] [36mSqlStatementLogger[m - select se1_0."FRACTION",se1_0."SIDE_ID",se1_0."TRADE_ID",se1_0."BANK_ACCOUNT_ID",se1_0."BROKERAGE_SERVICE",se1_0."CAPITAL_GAIN_VALUE",se1_0."CASH_ACCOUNT",se1_0."COMMISSION_AMOUNT",se1_0."COMMISSION_PERCENTAGE",c1_0."PARTICIPANT_ID",c1_0."CODE",c1_0."COUNTRY_ID",c1_0."CUSTODIAN",c1_0."DIRECT_ALLOCATION",c1_0."DOCUMENT_NUMBER",c1_0."ENABLED",c1_0."IDENTIFICATION_TYPE_ID",c1_0."MARGIN_ACCOUNT",c1_0."MARKET_MAKER",c1_0."MASTER_ACCOUNT",c1_0."MNEMONIC",c1_0."NAME",c1_0."NIT_CLEARING_HOUSE",c1_0."REGISTRATION_DATE",c1_0."SHORT_NAME",c1_0."STATUS_ID",c1_0."TAX_CODE",c1_0."TAX_STATUS_ID",c1_0."TYPE_ID",c1_0."TYPE_ENTITY",cs1_0."STATUS_ID",cs1_0."CATEGORY",cs1_0."DESCRIPTION",se1_0."DELIVERY_VERSUS_PAYMENT_VALUE",se1_0."DIRECT_DEPOSITOR",se1_0."DISBURSEMENT_VALUE",fa1_0."PARTICIPANT_ID",fa1_0."CODE",fa1_0."COUNTRY_ID",fa1_0."CUSTODIAN",fa1_0."DIRECT_ALLOCATION",fa1_0."DOCUMENT_NUMBER",fa1_0."ENABLED",fa1_0."IDENTIFICATION_TYPE_ID",fa1_0."MARGIN_ACCOUNT",fa1_0."MARKET_MAKER",fa1_0."MASTER_ACCOUNT",fa1_0."MNEMONIC",fa1_0."NAME",fa1_0."NIT_CLEARING_HOUSE",fa1_0."REGISTRATION_DATE",fa1_0."SHORT_NAME",fa1_0."STATUS_ID",fa1_0."TAX_CODE",fa1_0."TAX_STATUS_ID",fa1_0."TYPE_ID",fa1_0."TYPE_ENTITY",se1_0."FIDUCIARY_SPECIALIST",se1_0."FRACTION_QUANTITY",se1_0."FRACTION_VOLUME",se1_0."FUNDING_AMOUNT",se1_0."IND_MASTER",se1_0."INVESTOR_ID",ia1_0."INVESTOR_ACCOUNT_ID",ia1_0."ACCOUNT_NAME",ia1_0."ACCOUNT_NUMBER",ia1_0."DEPOSITORY_ID",ia1_0."INVESTOR_ID",ia1_0."LAST_MODIFY_APPLIC",ia1_0."LAST_MODIFY_DATE",ia1_0."LAST_MODIFY_IP",ia1_0."LAST_MODIFY_USER",ia1_0."ORIGIN_TYPE_ID",ia1_0."PARTICIPANT_ID",ia1_0."STATUS_ID",ia1_0."TAX_EXEMP",ia1_0."TYPE_ID",se1_0."ISSUED_RECEIPT",se1_0."ISSUED_RECEIPT_NUMBER",se1_0."LAST_MODIFY_APPLIC",se1_0."LAST_MODIFY_DATE",se1_0."LAST_MODIFY_IP",se1_0."LAST_MODIFY_USER",se1_0."MILA_DIRECT_DEPOSITOR",se1_0."NET_AMOUNT",se1_0."NET_OUTFLOW_TOTAL",se1_0."OUTFLOW_TURNOVER_VALUE",pa1_0."PARTICIPANT_ACCOUNT_ID",pa1_0."ACCOUNT_NUMBER",pa1_0."DEPOSITORY_ID",pa1_0."IND_MASTER",pa1_0."LAST_MODIFY_APPLIC",pa1_0."LAST_MODIFY_DATE",pa1_0."LAST_MODIFY_IP",pa1_0."LAST_MODIFY_USER",pa1_0."ORIGIN_TYPE_ID",pa1_0."PARTICIPANT_ID",pa1_0."STATUS_ID",pa1_0."TAX_EXEMP",pa1_0."TYPE_ID",se1_0."PARTICIPANT_BANK_ACCOUNT_ID",se1_0."REFERENCE",se1_0."REFERENCE_ALLOC_ID",se1_0."REFERENCE_PACKAGE",se1_0."REPO_AMOUNT",se1_0."RETURN_TURNOVER_VALUE",se1_0."SETTLEMENT_AMOUNT",se1_0."SOURCE_QUOTE_TYPE_ID",se1_0."STATUS_ID",se1_0."TRADING_SYSTEM_ID",se1_0."TRANSFER_VALUE",se1_0."UNIQUE_FRACTION_ID",se1_0."VAL_TAX",se1_0."VAL_TAX_AMOUNT",se1_0."WITHHOLDING_TAX",se1_0."WITHHOLDING_TAX_AMOUNT" from "NUANBODB"."SETTLEMENT" se1_0 left join "NUANBODB"."TRADE" t1_0 on t1_0."TRADE_ID"=se1_0."TRADE_ID" left join "NUANBODB"."SIDE" s1_0 on s1_0."SIDE_ID"=se1_0."SIDE_ID" left join "NUANBODB"."PARTICIPANT" c1_0 on c1_0."PARTICIPANT_ID"=se1_0."CUSTODIAN_ID" left join "NUANBODB"."STATUS" cs1_0 on cs1_0."STATUS_ID"=se1_0."CUSTODIAN_STATUS_ID" left join "NUANBODB"."PARTICIPANT" fa1_0 on fa1_0."PARTICIPANT_ID"=se1_0."FIC_ADMINISTRATOR_ID" left join "NUANBODB"."INVESTOR_ACCOUNT" ia1_0 on ia1_0."INVESTOR_ACCOUNT_ID"=se1_0."INVESTOR_ACCOUNT_ID" left join "NUANBODB"."PARTICIPANT_ACCOUNT" pa1_0 on pa1_0."PARTICIPANT_ACCOUNT_ID"=se1_0."PARTICIPANT_ACCOUNT_ID" where t1_0."TRADE_ID" in (?,?,?,?,?,?,?,?,?,?,?,?,?,?,?) and s1_0."SIDE_ID"=?
[30m2026-09-03T15:12:57,584[m [36mDEBUG [m[[1;34mhttp-nio-8080-exec-10[m] [36mSqlStatementLogger[m - select se1_0."FRACTION",se1_0."SIDE_ID",se1_0."TRADE_ID",se1_0."BANK_ACCOUNT_ID",se1_0."BROKERAGE_SERVICE",se1_0."CAPITAL_GAIN_VALUE",se1_0."CASH_ACCOUNT",se1_0."COMMISSION_AMOUNT",se1_0."COMMISSION_PERCENTAGE",c1_0."PARTICIPANT_ID",c1_0."CODE",c1_0."COUNTRY_ID",c1_0."CUSTODIAN",c1_0."DIRECT_ALLOCATION",c1_0."DOCUMENT_NUMBER",c1_0."ENABLED",c1_0."IDENTIFICATION_TYPE_ID",c1_0."MARGIN_ACCOUNT",c1_0."MARKET_MAKER",c1_0."MASTER_ACCOUNT",c1_0."MNEMONIC",c1_0."NAME",c1_0."NIT_CLEARING_HOUSE",c1_0."REGISTRATION_DATE",c1_0."SHORT_NAME",c1_0."STATUS_ID",c1_0."TAX_CODE",c1_0."TAX_STATUS_ID",c1_0."TYPE_ID",c1_0."TYPE_ENTITY",cs1_0."STATUS_ID",cs1_0."CATEGORY",cs1_0."DESCRIPTION",se1_0."DELIVERY_VERSUS_PAYMENT_VALUE",se1_0."DIRECT_DEPOSITOR",se1_0."DISBURSEMENT_VALUE",fa1_0."PARTICIPANT_ID",fa1_0."CODE",fa1_0."COUNTRY_ID",fa1_0."CUSTODIAN",fa1_0."DIRECT_ALLOCATION",fa1_0."DOCUMENT_NUMBER",fa1_0."ENABLED",fa1_0."IDENTIFICATION_TYPE_ID",fa1_0."MARGIN_ACCOUNT",fa1_0."MARKET_MAKER",fa1_0."MASTER_ACCOUNT",fa1_0."MNEMONIC",fa1_0."NAME",fa1_0."NIT_CLEARING_HOUSE",fa1_0."REGISTRATION_DATE",fa1_0."SHORT_NAME",fa1_0."STATUS_ID",fa1_0."TAX_CODE",fa1_0."TAX_STATUS_ID",fa1_0."TYPE_ID",fa1_0."TYPE_ENTITY",se1_0."FIDUCIARY_SPECIALIST",se1_0."FRACTION_QUANTITY",se1_0."FRACTION_VOLUME",se1_0."FUNDING_AMOUNT",se1_0."IND_MASTER",se1_0."INVESTOR_ID",ia1_0."INVESTOR_ACCOUNT_ID",ia1_0."ACCOUNT_NAME",ia1_0."ACCOUNT_NUMBER",ia1_0."DEPOSITORY_ID",ia1_0."INVESTOR_ID",ia1_0."LAST_MODIFY_APPLIC",ia1_0."LAST_MODIFY_DATE",ia1_0."LAST_MODIFY_IP",ia1_0."LAST_MODIFY_USER",ia1_0."ORIGIN_TYPE_ID",ia1_0."PARTICIPANT_ID",ia1_0."STATUS_ID",ia1_0."TAX_EXEMP",ia1_0."TYPE_ID",se1_0."ISSUED_RECEIPT",se1_0."ISSUED_RECEIPT_NUMBER",se1_0."LAST_MODIFY_APPLIC",se1_0."LAST_MODIFY_DATE",se1_0."LAST_MODIFY_IP",se1_0."LAST_MODIFY_USER",se1_0."MILA_DIRECT_DEPOSITOR",se1_0."NET_AMOUNT",se1_0."NET_OUTFLOW_TOTAL",se1_0."OUTFLOW_TURNOVER_VALUE",pa1_0."PARTICIPANT_ACCOUNT_ID",pa1_0."ACCOUNT_NUMBER",pa1_0."DEPOSITORY_ID",pa1_0."IND_MASTER",pa1_0."LAST_MODIFY_APPLIC",pa1_0."LAST_MODIFY_DATE",pa1_0."LAST_MODIFY_IP",pa1_0."LAST_MODIFY_USER",pa1_0."ORIGIN_TYPE_ID",pa1_0."PARTICIPANT_ID",pa1_0."STATUS_ID",pa1_0."TAX_EXEMP",pa1_0."TYPE_ID",se1_0."PARTICIPANT_BANK_ACCOUNT_ID",se1_0."REFERENCE",se1_0."REFERENCE_ALLOC_ID",se1_0."REFERENCE_PACKAGE",se1_0."REPO_AMOUNT",se1_0."RETURN_TURNOVER_VALUE",se1_0."SETTLEMENT_AMOUNT",se1_0."SOURCE_QUOTE_TYPE_ID",se1_0."STATUS_ID",se1_0."TRADING_SYSTEM_ID",se1_0."TRANSFER_VALUE",se1_0."UNIQUE_FRACTION_ID",se1_0."VAL_TAX",se1_0."VAL_TAX_AMOUNT",se1_0."WITHHOLDING_TAX",se1_0."WITHHOLDING_TAX_AMOUNT" from "NUANBODB"."SETTLEMENT" se1_0 left join "NUANBODB"."TRADE" t1_0 on t1_0."TRADE_ID"=se1_0."TRADE_ID" left join "NUANBODB"."SIDE" s1_0 on s1_0."SIDE_ID"=se1_0."SIDE_ID" left join "NUANBODB"."PARTICIPANT" c1_0 on c1_0."PARTICIPANT_ID"=se1_0."CUSTODIAN_ID" left join "NUANBODB"."STATUS" cs1_0 on cs1_0."STATUS_ID"=se1_0."CUSTODIAN_STATUS_ID" left join "NUANBODB"."PARTICIPANT" fa1_0 on fa1_0."PARTICIPANT_ID"=se1_0."FIC_ADMINISTRATOR_ID" left join "NUANBODB"."INVESTOR_ACCOUNT" ia1_0 on ia1_0."INVESTOR_ACCOUNT_ID"=se1_0."INVESTOR_ACCOUNT_ID" left join "NUANBODB"."PARTICIPANT_ACCOUNT" pa1_0 on pa1_0."PARTICIPANT_ACCOUNT_ID"=se1_0."PARTICIPANT_ACCOUNT_ID" where t1_0."TRADE_ID" in (?,?,?,?,?,?,?,?,?,?,?,?,?,?,?,?,?) and s1_0."SIDE_ID"=?
[30m2026-09-03T15:12:57,585[m [30mTRACE [m[[1;34mhttp-nio-8080-exec-5[m] [36mJdbcBindingLogging[m - binding parameter (1:BIGINT) <- [1378044]
[30m2026-09-03T15:12:57,585[m [30mTRACE [m[[1;34mhttp-nio-8080-exec-10[m] [36mJdbcBindingLogging[m - binding parameter (1:BIGINT) <- [1373301]
[30m2026-09-03T15:12:57,585[m [30mTRACE [m[[1;34mhttp-nio-8080-exec-5[m] [36mJdbcBindingLogging[m - binding parameter (2:BIGINT) <- [1373309]
[30m2026-09-03T15:12:57,585[m [30mTRACE [m[[1;34mhttp-nio-8080-exec-10[m] [36mJdbcBindingLogging[m - binding parameter (2:BIGINT) <- [1378071]
[30m2026-09-03T15:12:57,585[m [30mTRACE [m[[1;34mhttp-nio-8080-exec-5[m] [36mJdbcBindingLogging[m - binding parameter (3:BIGINT) <- [1378079]
[30m2026-09-03T15:12:57,585[m [30mTRACE [m[[1;34mhttp-nio-8080-exec-10[m] [36mJdbcBindingLogging[m - binding parameter (3:BIGINT) <- [1377079]
[30m2026-09-03T15:12:57,585[m [30mTRACE [m[[1;34mhttp-nio-8080-exec-5[m] [36mJdbcBindingLogging[m - binding parameter (4:BIGINT) <- [1378078]
[30m2026-09-03T15:12:57,585[m [30mTRACE [m[[1;34mhttp-nio-8080-exec-10[m] [36mJdbcBindingLogging[m - binding parameter (4:BIGINT) <- [1378103]
[30m2026-09-03T15:12:57,585[m [30mTRACE [m[[1;34mhttp-nio-8080-exec-5[m] [36mJdbcBindingLogging[m - binding parameter (5:BIGINT) <- [1373339]
[30m2026-09-03T15:12:57,585[m [36mDEBUG [m[[1;34mhttp-nio-8080-exec-9[m] [36mSqlStatementLogger[m - select se1_0."FRACTION",se1_0."SIDE_ID",se1_0."TRADE_ID",se1_0."BANK_ACCOUNT_ID",se1_0."BROKERAGE_SERVICE",se1_0."CAPITAL_GAIN_VALUE",se1_0."CASH_ACCOUNT",se1_0."COMMISSION_AMOUNT",se1_0."COMMISSION_PERCENTAGE",c1_0."PARTICIPANT_ID",c1_0."CODE",c1_0."COUNTRY_ID",c1_0."CUSTODIAN",c1_0."DIRECT_ALLOCATION",c1_0."DOCUMENT_NUMBER",c1_0."ENABLED",c1_0."IDENTIFICATION_TYPE_ID",c1_0."MARGIN_ACCOUNT",c1_0."MARKET_MAKER",c1_0."MASTER_ACCOUNT",c1_0."MNEMONIC",c1_0."NAME",c1_0."NIT_CLEARING_HOUSE",c1_0."REGISTRATION_DATE",c1_0."SHORT_NAME",c1_0."STATUS_ID",c1_0."TAX_CODE",c1_0."TAX_STATUS_ID",c1_0."TYPE_ID",c1_0."TYPE_ENTITY",cs1_0."STATUS_ID",cs1_0."CATEGORY",cs1_0."DESCRIPTION",se1_0."DELIVERY_VERSUS_PAYMENT_VALUE",se1_0."DIRECT_DEPOSITOR",se1_0."DISBURSEMENT_VALUE",fa1_0."PARTICIPANT_ID",fa1_0."CODE",fa1_0."COUNTRY_ID",fa1_0."CUSTODIAN",fa1_0."DIRECT_ALLOCATION",fa1_0."DOCUMENT_NUMBER",fa1_0."ENABLED",fa1_0."IDENTIFICATION_TYPE_ID",fa1_0."MARGIN_ACCOUNT",fa1_0."MARKET_MAKER",fa1_0."MASTER_ACCOUNT",fa1_0."MNEMONIC",fa1_0."NAME",fa1_0."NIT_CLEARING_HOUSE",fa1_0."REGISTRATION_DATE",fa1_0."SHORT_NAME",fa1_0."STATUS_ID",fa1_0."TAX_CODE",fa1_0."TAX_STATUS_ID",fa1_0."TYPE_ID",fa1_0."TYPE_ENTITY",se1_0."FIDUCIARY_SPECIALIST",se1_0."FRACTION_QUANTITY",se1_0."FRACTION_VOLUME",se1_0."FUNDING_AMOUNT",se1_0."IND_MASTER",se1_0."INVESTOR_ID",ia1_0."INVESTOR_ACCOUNT_ID",ia1_0."ACCOUNT_NAME",ia1_0."ACCOUNT_NUMBER",ia1_0."DEPOSITORY_ID",ia1_0."INVESTOR_ID",ia1_0."LAST_MODIFY_APPLIC",ia1_0."LAST_MODIFY_DATE",ia1_0."LAST_MODIFY_IP",ia1_0."LAST_MODIFY_USER",ia1_0."ORIGIN_TYPE_ID",ia1_0."PARTICIPANT_ID",ia1_0."STATUS_ID",ia1_0."TAX_EXEMP",ia1_0."TYPE_ID",se1_0."ISSUED_RECEIPT",se1_0."ISSUED_RECEIPT_NUMBER",se1_0."LAST_MODIFY_APPLIC",se1_0."LAST_MODIFY_DATE",se1_0."LAST_MODIFY_IP",se1_0."LAST_MODIFY_USER",se1_0."MILA_DIRECT_DEPOSITOR",se1_0."NET_AMOUNT",se1_0."NET_OUTFLOW_TOTAL",se1_0."OUTFLOW_TURNOVER_VALUE",pa1_0."PARTICIPANT_ACCOUNT_ID",pa1_0."ACCOUNT_NUMBER",pa1_0."DEPOSITORY_ID",pa1_0."IND_MASTER",pa1_0."LAST_MODIFY_APPLIC",pa1_0."LAST_MODIFY_DATE",pa1_0."LAST_MODIFY_IP",pa1_0."LAST_MODIFY_USER",pa1_0."ORIGIN_TYPE_ID",pa1_0."PARTICIPANT_ID",pa1_0."STATUS_ID",pa1_0."TAX_EXEMP",pa1_0."TYPE_ID",se1_0."PARTICIPANT_BANK_ACCOUNT_ID",se1_0."REFERENCE",se1_0."REFERENCE_ALLOC_ID",se1_0."REFERENCE_PACKAGE",se1_0."REPO_AMOUNT",se1_0."RETURN_TURNOVER_VALUE",se1_0."SETTLEMENT_AMOUNT",se1_0."SOURCE_QUOTE_TYPE_ID",se1_0."STATUS_ID",se1_0."TRADING_SYSTEM_ID",se1_0."TRANSFER_VALUE",se1_0."UNIQUE_FRACTION_ID",se1_0."VAL_TAX",se1_0."VAL_TAX_AMOUNT",se1_0."WITHHOLDING_TAX",se1_0."WITHHOLDING_TAX_AMOUNT" from "NUANBODB"."SETTLEMENT" se1_0 left join "NUANBODB"."TRADE" t1_0 on t1_0."TRADE_ID"=se1_0."TRADE_ID" left join "NUANBODB"."SIDE" s1_0 on s1_0."SIDE_ID"=se1_0."SIDE_ID" left join "NUANBODB"."PARTICIPANT" c1_0 on c1_0."PARTICIPANT_ID"=se1_0."CUSTODIAN_ID" left join "NUANBODB"."STATUS" cs1_0 on cs1_0."STATUS_ID"=se1_0."CUSTODIAN_STATUS_ID" left join "NUANBODB"."PARTICIPANT" fa1_0 on fa1_0."PARTICIPANT_ID"=se1_0."FIC_ADMINISTRATOR_ID" left join "NUANBODB"."INVESTOR_ACCOUNT" ia1_0 on ia1_0."INVESTOR_ACCOUNT_ID"=se1_0."INVESTOR_ACCOUNT_ID" left join "NUANBODB"."PARTICIPANT_ACCOUNT" pa1_0 on pa1_0."PARTICIPANT_ACCOUNT_ID"=se1_0."PARTICIPANT_ACCOUNT_ID" where t1_0."TRADE_ID" in (?,?,?,?,?,?,?,?,?,?,?,?,?,?,?,?,?) and s1_0."SIDE_ID"=?
[30m2026-09-03T15:12:57,585[m [30mTRACE [m[[1;34mhttp-nio-8080-exec-10[m] [36mJdbcBindingLogging[m - binding parameter (5:BIGINT) <- [1378045]
[30m2026-09-03T15:12:57,585[m [30mTRACE [m[[1;34mhttp-nio-8080-exec-5[m] [36mJdbcBindingLogging[m - binding parameter (6:BIGINT) <- [1373349]
[30m2026-09-03T15:12:57,585[m [30mTRACE [m[[1;34mhttp-nio-8080-exec-9[m] [36mJdbcBindingLogging[m - binding parameter (1:BIGINT) <- [1377073]
[30m2026-09-03T15:12:57,585[m [30mTRACE [m[[1;34mhttp-nio-8080-exec-5[m] [36mJdbcBindingLogging[m - binding parameter (7:BIGINT) <- [1371398]
[30m2026-09-03T15:12:57,585[m [30mTRACE [m[[1;34mhttp-nio-8080-exec-10[m] [36mJdbcBindingLogging[m - binding parameter (6:BIGINT) <- [1377080]
[30m2026-09-03T15:12:57,585[m [30mTRACE [m[[1;34mhttp-nio-8080-exec-10[m] [36mJdbcBindingLogging[m - binding parameter (7:BIGINT) <- [1372475]
[30m2026-09-03T15:12:57,585[m [30mTRACE [m[[1;34mhttp-nio-8080-exec-9[m] [36mJdbcBindingLogging[m - binding parameter (2:BIGINT) <- [1373341]
[30m2026-09-03T15:12:57,585[m [30mTRACE [m[[1;34mhttp-nio-8080-exec-5[m] [36mJdbcBindingLogging[m - binding parameter (8:BIGINT) <- [1371394]
[30m2026-09-03T15:12:57,585[m [30mTRACE [m[[1;34mhttp-nio-8080-exec-9[m] [36mJdbcBindingLogging[m - binding parameter (3:BIGINT) <- [1373310]
[30m2026-09-03T15:12:57,585[m [30mTRACE [m[[1;34mhttp-nio-8080-exec-10[m] [36mJdbcBindingLogging[m - binding parameter (8:BIGINT) <- [1377061]
[30m2026-09-03T15:12:57,585[m [30mTRACE [m[[1;34mhttp-nio-8080-exec-9[m] [36mJdbcBindingLogging[m - binding parameter (4:BIGINT) <- [1377087]
[30m2026-09-03T15:12:57,585[m [30mTRACE [m[[1;34mhttp-nio-8080-exec-10[m] [36mJdbcBindingLogging[m - binding parameter (9:BIGINT) <- [1373285]
[30m2026-09-03T15:12:57,585[m [30mTRACE [m[[1;34mhttp-nio-8080-exec-9[m] [36mJdbcBindingLogging[m - binding parameter (5:BIGINT) <- [1372504]
[30m2026-09-03T15:12:57,585[m [30mTRACE [m[[1;34mhttp-nio-8080-exec-5[m] [36mJdbcBindingLogging[m - binding parameter (9:BIGINT) <- [1373314]
[30m2026-09-03T15:12:57,585[m [30mTRACE [m[[1;34mhttp-nio-8080-exec-9[m] [36mJdbcBindingLogging[m - binding parameter (6:BIGINT) <- [1373369]
[30m2026-09-03T15:12:57,585[m [30mTRACE [m[[1;34mhttp-nio-8080-exec-10[m] [36mJdbcBindingLogging[m - binding parameter (10:BIGINT) <- [1378084]
[30m2026-09-03T15:12:57,585[m [30mTRACE [m[[1;34mhttp-nio-8080-exec-9[m] [36mJdbcBindingLogging[m - binding parameter (7:BIGINT) <- [1378043]
[30m2026-09-03T15:12:57,585[m [30mTRACE [m[[1;34mhttp-nio-8080-exec-5[m] [36mJdbcBindingLogging[m - binding parameter (10:BIGINT) <- [1372492]
[30m2026-09-03T15:12:57,585[m [36mDEBUG [m[[1;34mhttp-nio-8080-exec-1[m] [36mSqlStatementLogger[m - select se1_0."FRACTION",se1_0."SIDE_ID",se1_0."TRADE_ID",se1_0."BANK_ACCOUNT_ID",se1_0."BROKERAGE_SERVICE",se1_0."CAPITAL_GAIN_VALUE",se1_0."CASH_ACCOUNT",se1_0."COMMISSION_AMOUNT",se1_0."COMMISSION_PERCENTAGE",c1_0."PARTICIPANT_ID",c1_0."CODE",c1_0."COUNTRY_ID",c1_0."CUSTODIAN",c1_0."DIRECT_ALLOCATION",c1_0."DOCUMENT_NUMBER",c1_0."ENABLED",c1_0."IDENTIFICATION_TYPE_ID",c1_0."MARGIN_ACCOUNT",c1_0."MARKET_MAKER",c1_0."MASTER_ACCOUNT",c1_0."MNEMONIC",c1_0."NAME",c1_0."NIT_CLEARING_HOUSE",c1_0."REGISTRATION_DATE",c1_0."SHORT_NAME",c1_0."STATUS_ID",c1_0."TAX_CODE",c1_0."TAX_STATUS_ID",c1_0."TYPE_ID",c1_0."TYPE_ENTITY",cs1_0."STATUS_ID",cs1_0."CATEGORY",cs1_0."DESCRIPTION",se1_0."DELIVERY_VERSUS_PAYMENT_VALUE",se1_0."DIRECT_DEPOSITOR",se1_0."DISBURSEMENT_VALUE",fa1_0."PARTICIPANT_ID",fa1_0."CODE",fa1_0."COUNTRY_ID",fa1_0."CUSTODIAN",fa1_0."DIRECT_ALLOCATION",fa1_0."DOCUMENT_NUMBER",fa1_0."ENABLED",fa1_0."IDENTIFICATION_TYPE_ID",fa1_0."MARGIN_ACCOUNT",fa1_0."MARKET_MAKER",fa1_0."MASTER_ACCOUNT",fa1_0."MNEMONIC",fa1_0."NAME",fa1_0."NIT_CLEARING_HOUSE",fa1_0."REGISTRATION_DATE",fa1_0."SHORT_NAME",fa1_0."STATUS_ID",fa1_0."TAX_CODE",fa1_0."TAX_STATUS_ID",fa1_0."TYPE_ID",fa1_0."TYPE_ENTITY",se1_0."FIDUCIARY_SPECIALIST",se1_0."FRACTION_QUANTITY",se1_0."FRACTION_VOLUME",se1_0."FUNDING_AMOUNT",se1_0."IND_MASTER",se1_0."INVESTOR_ID",ia1_0."INVESTOR_ACCOUNT_ID",ia1_0."ACCOUNT_NAME",ia1_0."ACCOUNT_NUMBER",ia1_0."DEPOSITORY_ID",ia1_0."INVESTOR_ID",ia1_0."LAST_MODIFY_APPLIC",ia1_0."LAST_MODIFY_DATE",ia1_0."LAST_MODIFY_IP",ia1_0."LAST_MODIFY_USER",ia1_0."ORIGIN_TYPE_ID",ia1_0."PARTICIPANT_ID",ia1_0."STATUS_ID",ia1_0."TAX_EXEMP",ia1_0."TYPE_ID",se1_0."ISSUED_RECEIPT",se1_0."ISSUED_RECEIPT_NUMBER",se1_0."LAST_MODIFY_APPLIC",se1_0."LAST_MODIFY_DATE",se1_0."LAST_MODIFY_IP",se1_0."LAST_MODIFY_USER",se1_0."MILA_DIRECT_DEPOSITOR",se1_0."NET_AMOUNT",se1_0."NET_OUTFLOW_TOTAL",se1_0."OUTFLOW_TURNOVER_VALUE",pa1_0."PARTICIPANT_ACCOUNT_ID",pa1_0."ACCOUNT_NUMBER",pa1_0."DEPOSITORY_ID",pa1_0."IND_MASTER",pa1_0."LAST_MODIFY_APPLIC",pa1_0."LAST_MODIFY_DATE",pa1_0."LAST_MODIFY_IP",pa1_0."LAST_MODIFY_USER",pa1_0."ORIGIN_TYPE_ID",pa1_0."PARTICIPANT_ID",pa1_0."STATUS_ID",pa1_0."TAX_EXEMP",pa1_0."TYPE_ID",se1_0."PARTICIPANT_BANK_ACCOUNT_ID",se1_0."REFERENCE",se1_0."REFERENCE_ALLOC_ID",se1_0."REFERENCE_PACKAGE",se1_0."REPO_AMOUNT",se1_0."RETURN_TURNOVER_VALUE",se1_0."SETTLEMENT_AMOUNT",se1_0."SOURCE_QUOTE_TYPE_ID",se1_0."STATUS_ID",se1_0."TRADING_SYSTEM_ID",se1_0."TRANSFER_VALUE",se1_0."UNIQUE_FRACTION_ID",se1_0."VAL_TAX",se1_0."VAL_TAX_AMOUNT",se1_0."WITHHOLDING_TAX",se1_0."WITHHOLDING_TAX_AMOUNT" from "NUANBODB"."SETTLEMENT" se1_0 left join "NUANBODB"."TRADE" t1_0 on t1_0."TRADE_ID"=se1_0."TRADE_ID" left join "NUANBODB"."SIDE" s1_0 on s1_0."SIDE_ID"=se1_0."SIDE_ID" left join "NUANBODB"."PARTICIPANT" c1_0 on c1_0."PARTICIPANT_ID"=se1_0."CUSTODIAN_ID" left join "NUANBODB"."STATUS" cs1_0 on cs1_0."STATUS_ID"=se1_0."CUSTODIAN_STATUS_ID" left join "NUANBODB"."PARTICIPANT" fa1_0 on fa1_0."PARTICIPANT_ID"=se1_0."FIC_ADMINISTRATOR_ID" left join "NUANBODB"."INVESTOR_ACCOUNT" ia1_0 on ia1_0."INVESTOR_ACCOUNT_ID"=se1_0."INVESTOR_ACCOUNT_ID" left join "NUANBODB"."PARTICIPANT_ACCOUNT" pa1_0 on pa1_0."PARTICIPANT_ACCOUNT_ID"=se1_0."PARTICIPANT_ACCOUNT_ID" where t1_0."TRADE_ID" in (?,?,?,?,?,?,?,?,?,?,?,?,?,?,?,?) and s1_0."SIDE_ID"=?
[30m2026-09-03T15:12:57,585[m [30mTRACE [m[[1;34mhttp-nio-8080-exec-9[m] [36mJdbcBindingLogging[m - binding parameter (8:BIGINT) <- [1372474]
[30m2026-09-03T15:12:57,585[m [30mTRACE [m[[1;34mhttp-nio-8080-exec-10[m] [36mJdbcBindingLogging[m - binding parameter (11:BIGINT) <- [1373350]
[30m2026-09-03T15:12:57,585[m [30mTRACE [m[[1;34mhttp-nio-8080-exec-5[m] [36mJdbcBindingLogging[m - binding parameter (11:BIGINT) <- [1373292]
[30m2026-09-03T15:12:57,585[m [30mTRACE [m[[1;34mhttp-nio-8080-exec-10[m] [36mJdbcBindingLogging[m - binding parameter (12:BIGINT) <- [1377088]
[30m2026-09-03T15:12:57,585[m [30mTRACE [m[[1;34mhttp-nio-8080-exec-9[m] [36mJdbcBindingLogging[m - binding parameter (9:BIGINT) <- [1373307]
[30m2026-09-03T15:12:57,585[m [30mTRACE [m[[1;34mhttp-nio-8080-exec-10[m] [36mJdbcBindingLogging[m - binding parameter (13:BIGINT) <- [1378061]
[30m2026-09-03T15:12:57,585[m [30mTRACE [m[[1;34mhttp-nio-8080-exec-5[m] [36mJdbcBindingLogging[m - binding parameter (12:BIGINT) <- [1378063]
[30m2026-09-03T15:12:57,585[m [30mTRACE [m[[1;34mhttp-nio-8080-exec-9[m] [36mJdbcBindingLogging[m - binding parameter (10:BIGINT) <- [1378085]
[30m2026-09-03T15:12:57,585[m [30mTRACE [m[[1;34mhttp-nio-8080-exec-10[m] [36mJdbcBindingLogging[m - binding parameter (14:BIGINT) <- [1372493]
[30m2026-09-03T15:12:57,585[m [30mTRACE [m[[1;34mhttp-nio-8080-exec-1[m] [36mJdbcBindingLogging[m - binding parameter (1:BIGINT) <- [1377045]
[30m2026-09-03T15:12:57,585[m [30mTRACE [m[[1;34mhttp-nio-8080-exec-5[m] [36mJdbcBindingLogging[m - binding parameter (13:BIGINT) <- [1372494]
[30m2026-09-03T15:12:57,585[m [30mTRACE [m[[1;34mhttp-nio-8080-exec-9[m] [36mJdbcBindingLogging[m - binding parameter (11:BIGINT) <- [1371397]
[30m2026-09-03T15:12:57,585[m [30mTRACE [m[[1;34mhttp-nio-8080-exec-10[m] [36mJdbcBindingLogging[m - binding parameter (15:BIGINT) <- [1377039]
[30m2026-09-03T15:12:57,585[m [30mTRACE [m[[1;34mhttp-nio-8080-exec-1[m] [36mJdbcBindingLogging[m - binding parameter (2:BIGINT) <- [1371381]
[30m2026-09-03T15:12:57,585[m [30mTRACE [m[[1;34mhttp-nio-8080-exec-5[m] [36mJdbcBindingLogging[m - binding parameter (14:BIGINT) <- [1373288]
[30m2026-09-03T15:12:57,585[m [30mTRACE [m[[1;34mhttp-nio-8080-exec-10[m] [36mJdbcBindingLogging[m - binding parameter (16:BIGINT) <- [1372488]
[30m2026-09-03T15:12:57,585[m [30mTRACE [m[[1;34mhttp-nio-8080-exec-9[m] [36mJdbcBindingLogging[m - binding parameter (12:BIGINT) <- [1377060]
[30m2026-09-03T15:12:57,585[m [30mTRACE [m[[1;34mhttp-nio-8080-exec-1[m] [36mJdbcBindingLogging[m - binding parameter (3:BIGINT) <- [1378065]
[30m2026-09-03T15:12:57,585[m [30mTRACE [m[[1;34mhttp-nio-8080-exec-10[m] [36mJdbcBindingLogging[m - binding parameter (17:BIGINT) <- [1372489]
[30m2026-09-03T15:12:57,585[m [30mTRACE [m[[1;34mhttp-nio-8080-exec-5[m] [36mJdbcBindingLogging[m - binding parameter (15:BIGINT) <- [1373323]
[30m2026-09-03T15:12:57,585[m [30mTRACE [m[[1;34mhttp-nio-8080-exec-9[m] [36mJdbcBindingLogging[m - binding parameter (13:BIGINT) <- [1377056]
[30m2026-09-03T15:12:57,585[m [30mTRACE [m[[1;34mhttp-nio-8080-exec-10[m] [36mJdbcBindingLogging[m - binding parameter (18:VARCHAR) <- [1]
[30m2026-09-03T15:12:57,585[m [30mTRACE [m[[1;34mhttp-nio-8080-exec-1[m] [36mJdbcBindingLogging[m - binding parameter (4:BIGINT) <- [1372496]
[30m2026-09-03T15:12:57,585[m [30mTRACE [m[[1;34mhttp-nio-8080-exec-9[m] [36mJdbcBindingLogging[m - binding parameter (14:BIGINT) <- [1373295]
[30m2026-09-03T15:12:57,586[m [30mTRACE [m[[1;34mhttp-nio-8080-exec-1[m] [36mJdbcBindingLogging[m - binding parameter (5:BIGINT) <- [1377075]
[30m2026-09-03T15:12:57,585[m [30mTRACE [m[[1;34mhttp-nio-8080-exec-5[m] [36mJdbcBindingLogging[m - binding parameter (16:VARCHAR) <- [1]
[30m2026-09-03T15:12:57,586[m [30mTRACE [m[[1;34mhttp-nio-8080-exec-9[m] [36mJdbcBindingLogging[m - binding parameter (15:BIGINT) <- [1378057]
[30m2026-09-03T15:12:57,586[m [30mTRACE [m[[1;34mhttp-nio-8080-exec-1[m] [36mJdbcBindingLogging[m - binding parameter (6:BIGINT) <- [1377074]
[30m2026-09-03T15:12:57,586[m [30mTRACE [m[[1;34mhttp-nio-8080-exec-1[m] [36mJdbcBindingLogging[m - binding parameter (7:BIGINT) <- [1377053]
[30m2026-09-03T15:12:57,586[m [30mTRACE [m[[1;34mhttp-nio-8080-exec-9[m] [36mJdbcBindingLogging[m - binding parameter (16:BIGINT) <- [1378056]
[30m2026-09-03T15:12:57,586[m [30mTRACE [m[[1;34mhttp-nio-8080-exec-1[m] [36mJdbcBindingLogging[m - binding parameter (8:BIGINT) <- [1373304]
[30m2026-09-03T15:12:57,586[m [30mTRACE [m[[1;34mhttp-nio-8080-exec-9[m] [36mJdbcBindingLogging[m - binding parameter (17:BIGINT) <- [1373355]
[30m2026-09-03T15:12:57,586[m [30mTRACE [m[[1;34mhttp-nio-8080-exec-9[m] [36mJdbcBindingLogging[m - binding parameter (18:VARCHAR) <- [1]
[30m2026-09-03T15:12:57,586[m [30mTRACE [m[[1;34mhttp-nio-8080-exec-1[m] [36mJdbcBindingLogging[m - binding parameter (9:BIGINT) <- [1373337]
[30m2026-09-03T15:12:57,586[m [30mTRACE [m[[1;34mhttp-nio-8080-exec-1[m] [36mJdbcBindingLogging[m - binding parameter (10:BIGINT) <- [1372505]
[30m2026-09-03T15:12:57,586[m [30mTRACE [m[[1;34mhttp-nio-8080-exec-1[m] [36mJdbcBindingLogging[m - binding parameter (11:BIGINT) <- [1373317]
[30m2026-09-03T15:12:57,586[m [30mTRACE [m[[1;34mhttp-nio-8080-exec-1[m] [36mJdbcBindingLogging[m - binding parameter (12:BIGINT) <- [1371399]
[30m2026-09-03T15:12:57,586[m [30mTRACE [m[[1;34mhttp-nio-8080-exec-1[m] [36mJdbcBindingLogging[m - binding parameter (13:BIGINT) <- [1373351]
[30m2026-09-03T15:12:57,586[m [30mTRACE [m[[1;34mhttp-nio-8080-exec-1[m] [36mJdbcBindingLogging[m - binding parameter (14:BIGINT) <- [1373280]
[30m2026-09-03T15:12:57,586[m [30mTRACE [m[[1;34mhttp-nio-8080-exec-1[m] [36mJdbcBindingLogging[m - binding parameter (15:BIGINT) <- [1372495]
[30m2026-09-03T15:12:57,586[m [30mTRACE [m[[1;34mhttp-nio-8080-exec-1[m] [36mJdbcBindingLogging[m - binding parameter (16:BIGINT) <- [1373352]
[30m2026-09-03T15:12:57,586[m [30mTRACE [m[[1;34mhttp-nio-8080-exec-1[m] [36mJdbcBindingLogging[m - binding parameter (17:VARCHAR) <- [1]
[30m2026-09-03T15:12:57,586[m [36mDEBUG [m[[1;34mhttp-nio-8080-exec-7[m] [36mSqlStatementLogger[m - select se1_0."FRACTION",se1_0."SIDE_ID",se1_0."TRADE_ID",se1_0."BANK_ACCOUNT_ID",se1_0."BROKERAGE_SERVICE",se1_0."CAPITAL_GAIN_VALUE",se1_0."CASH_ACCOUNT",se1_0."COMMISSION_AMOUNT",se1_0."COMMISSION_PERCENTAGE",c1_0."PARTICIPANT_ID",c1_0."CODE",c1_0."COUNTRY_ID",c1_0."CUSTODIAN",c1_0."DIRECT_ALLOCATION",c1_0."DOCUMENT_NUMBER",c1_0."ENABLED",c1_0."IDENTIFICATION_TYPE_ID",c1_0."MARGIN_ACCOUNT",c1_0."MARKET_MAKER",c1_0."MASTER_ACCOUNT",c1_0."MNEMONIC",c1_0."NAME",c1_0."NIT_CLEARING_HOUSE",c1_0."REGISTRATION_DATE",c1_0."SHORT_NAME",c1_0."STATUS_ID",c1_0."TAX_CODE",c1_0."TAX_STATUS_ID",c1_0."TYPE_ID",c1_0."TYPE_ENTITY",cs1_0."STATUS_ID",cs1_0."CATEGORY",cs1_0."DESCRIPTION",se1_0."DELIVERY_VERSUS_PAYMENT_VALUE",se1_0."DIRECT_DEPOSITOR",se1_0."DISBURSEMENT_VALUE",fa1_0."PARTICIPANT_ID",fa1_0."CODE",fa1_0."COUNTRY_ID",fa1_0."CUSTODIAN",fa1_0."DIRECT_ALLOCATION",fa1_0."DOCUMENT_NUMBER",fa1_0."ENABLED",fa1_0."IDENTIFICATION_TYPE_ID",fa1_0."MARGIN_ACCOUNT",fa1_0."MARKET_MAKER",fa1_0."MASTER_ACCOUNT",fa1_0."MNEMONIC",fa1_0."NAME",fa1_0."NIT_CLEARING_HOUSE",fa1_0."REGISTRATION_DATE",fa1_0."SHORT_NAME",fa1_0."STATUS_ID",fa1_0."TAX_CODE",fa1_0."TAX_STATUS_ID",fa1_0."TYPE_ID",fa1_0."TYPE_ENTITY",se1_0."FIDUCIARY_SPECIALIST",se1_0."FRACTION_QUANTITY",se1_0."FRACTION_VOLUME",se1_0."FUNDING_AMOUNT",se1_0."IND_MASTER",se1_0."INVESTOR_ID",ia1_0."INVESTOR_ACCOUNT_ID",ia1_0."ACCOUNT_NAME",ia1_0."ACCOUNT_NUMBER",ia1_0."DEPOSITORY_ID",ia1_0."INVESTOR_ID",ia1_0."LAST_MODIFY_APPLIC",ia1_0."LAST_MODIFY_DATE",ia1_0."LAST_MODIFY_IP",ia1_0."LAST_MODIFY_USER",ia1_0."ORIGIN_TYPE_ID",ia1_0."PARTICIPANT_ID",ia1_0."STATUS_ID",ia1_0."TAX_EXEMP",ia1_0."TYPE_ID",se1_0."ISSUED_RECEIPT",se1_0."ISSUED_RECEIPT_NUMBER",se1_0."LAST_MODIFY_APPLIC",se1_0."LAST_MODIFY_DATE",se1_0."LAST_MODIFY_IP",se1_0."LAST_MODIFY_USER",se1_0."MILA_DIRECT_DEPOSITOR",se1_0."NET_AMOUNT",se1_0."NET_OUTFLOW_TOTAL",se1_0."OUTFLOW_TURNOVER_VALUE",pa1_0."PARTICIPANT_ACCOUNT_ID",pa1_0."ACCOUNT_NUMBER",pa1_0."DEPOSITORY_ID",pa1_0."IND_MASTER",pa1_0."LAST_MODIFY_APPLIC",pa1_0."LAST_MODIFY_DATE",pa1_0."LAST_MODIFY_IP",pa1_0."LAST_MODIFY_USER",pa1_0."ORIGIN_TYPE_ID",pa1_0."PARTICIPANT_ID",pa1_0."STATUS_ID",pa1_0."TAX_EXEMP",pa1_0."TYPE_ID",se1_0."PARTICIPANT_BANK_ACCOUNT_ID",se1_0."REFERENCE",se1_0."REFERENCE_ALLOC_ID",se1_0."REFERENCE_PACKAGE",se1_0."REPO_AMOUNT",se1_0."RETURN_TURNOVER_VALUE",se1_0."SETTLEMENT_AMOUNT",se1_0."SOURCE_QUOTE_TYPE_ID",se1_0."STATUS_ID",se1_0."TRADING_SYSTEM_ID",se1_0."TRANSFER_VALUE",se1_0."UNIQUE_FRACTION_ID",se1_0."VAL_TAX",se1_0."VAL_TAX_AMOUNT",se1_0."WITHHOLDING_TAX",se1_0."WITHHOLDING_TAX_AMOUNT" from "NUANBODB"."SETTLEMENT" se1_0 left join "NUANBODB"."TRADE" t1_0 on t1_0."TRADE_ID"=se1_0."TRADE_ID" left join "NUANBODB"."SIDE" s1_0 on s1_0."SIDE_ID"=se1_0."SIDE_ID" left join "NUANBODB"."PARTICIPANT" c1_0 on c1_0."PARTICIPANT_ID"=se1_0."CUSTODIAN_ID" left join "NUANBODB"."STATUS" cs1_0 on cs1_0."STATUS_ID"=se1_0."CUSTODIAN_STATUS_ID" left join "NUANBODB"."PARTICIPANT" fa1_0 on fa1_0."PARTICIPANT_ID"=se1_0."FIC_ADMINISTRATOR_ID" left join "NUANBODB"."INVESTOR_ACCOUNT" ia1_0 on ia1_0."INVESTOR_ACCOUNT_ID"=se1_0."INVESTOR_ACCOUNT_ID" left join "NUANBODB"."PARTICIPANT_ACCOUNT" pa1_0 on pa1_0."PARTICIPANT_ACCOUNT_ID"=se1_0."PARTICIPANT_ACCOUNT_ID" where t1_0."TRADE_ID" in (?,?,?,?,?,?,?,?,?,?,?,?,?,?,?) and s1_0."SIDE_ID"=?
[30m2026-09-03T15:12:57,586[m [30mTRACE [m[[1;34mhttp-nio-8080-exec-7[m] [36mJdbcBindingLogging[m - binding parameter (1:BIGINT) <- [1377044]
[30m2026-09-03T15:12:57,586[m [30mTRACE [m[[1;34mhttp-nio-8080-exec-7[m] [36mJdbcBindingLogging[m - binding parameter (2:BIGINT) <- [1373298]
[30m2026-09-03T15:12:57,586[m [30mTRACE [m[[1;34mhttp-nio-8080-exec-7[m] [36mJdbcBindingLogging[m - binding parameter (3:BIGINT) <- [1378066]
[30m2026-09-03T15:12:57,586[m [30mTRACE [m[[1;34mhttp-nio-8080-exec-7[m] [36mJdbcBindingLogging[m - binding parameter (4:BIGINT) <- [1373340]
[30m2026-09-03T15:12:57,586[m [30mTRACE [m[[1;34mhttp-nio-8080-exec-7[m] [36mJdbcBindingLogging[m - binding parameter (5:BIGINT) <- [1377055]
[30m2026-09-03T15:12:57,586[m [30mTRACE [m[[1;34mhttp-nio-8080-exec-7[m] [36mJdbcBindingLogging[m - binding parameter (6:BIGINT) <- [1372510]
[30m2026-09-03T15:12:57,587[m [30mTRACE [m[[1;34mhttp-nio-8080-exec-7[m] [36mJdbcBindingLogging[m - binding parameter (7:BIGINT) <- [1377054]
[30m2026-09-03T15:12:57,587[m [30mTRACE [m[[1;34mhttp-nio-8080-exec-7[m] [36mJdbcBindingLogging[m - binding parameter (8:BIGINT) <- [1378072]
[30m2026-09-03T15:12:57,587[m [30mTRACE [m[[1;34mhttp-nio-8080-exec-7[m] [36mJdbcBindingLogging[m - binding parameter (9:BIGINT) <- [1373338]
[30m2026-09-03T15:12:57,587[m [30mTRACE [m[[1;34mhttp-nio-8080-exec-7[m] [36mJdbcBindingLogging[m - binding parameter (10:BIGINT) <- [1372507]
[30m2026-09-03T15:12:57,587[m [30mTRACE [m[[1;34mhttp-nio-8080-exec-7[m] [36mJdbcBindingLogging[m - binding parameter (11:BIGINT) <- [1371396]
[30m2026-09-03T15:12:57,587[m [36mDEBUG [m[[1;34mhttp-nio-8080-exec-10[m] [36mSqlStatementLogger[m - select te1_0."TAXES_ID",te1_0."CODE",te1_0."COUNTRY_ID",te1_0."DESCRIPTION",te1_0."VALUE" from "NUANBODB"."TAXES" te1_0 join "NUANBODB"."COUNTRY" c1_0 on c1_0."COUNTRY_ID"=te1_0."COUNTRY_ID" where c1_0."COUNTRY_ID"=? and te1_0."CODE"=?
[30m2026-09-03T15:12:57,587[m [30mTRACE [m[[1;34mhttp-nio-8080-exec-7[m] [36mJdbcBindingLogging[m - binding parameter (12:BIGINT) <- [1373282]
[30m2026-09-03T15:12:57,587[m [30mTRACE [m[[1;34mhttp-nio-8080-exec-10[m] [36mJdbcBindingLogging[m - binding parameter (1:BIGINT) <- [37]
[30m2026-09-03T15:12:57,587[m [30mTRACE [m[[1;34mhttp-nio-8080-exec-7[m] [36mJdbcBindingLogging[m - binding parameter (13:BIGINT) <- [1377059]
[30m2026-09-03T15:12:57,587[m [30mTRACE [m[[1;34mhttp-nio-8080-exec-10[m] [36mJdbcBindingLogging[m - binding parameter (2:VARCHAR) <- [IVA]
[30m2026-09-03T15:12:57,587[m [30mTRACE [m[[1;34mhttp-nio-8080-exec-7[m] [36mJdbcBindingLogging[m - binding parameter (14:BIGINT) <- [1373320]
[30m2026-09-03T15:12:57,587[m [36mDEBUG [m[[1;34mhttp-nio-8080-exec-5[m] [36mSqlStatementLogger[m - select te1_0."TAXES_ID",te1_0."CODE",te1_0."COUNTRY_ID",te1_0."DESCRIPTION",te1_0."VALUE" from "NUANBODB"."TAXES" te1_0 join "NUANBODB"."COUNTRY" c1_0 on c1_0."COUNTRY_ID"=te1_0."COUNTRY_ID" where c1_0."COUNTRY_ID"=? and te1_0."CODE"=?
[30m2026-09-03T15:12:57,587[m [30mTRACE [m[[1;34mhttp-nio-8080-exec-7[m] [36mJdbcBindingLogging[m - binding parameter (15:BIGINT) <- [1372490]
[30m2026-09-03T15:12:57,587[m [30mTRACE [m[[1;34mhttp-nio-8080-exec-5[m] [36mJdbcBindingLogging[m - binding parameter (1:BIGINT) <- [37]
[30m2026-09-03T15:12:57,587[m [30mTRACE [m[[1;34mhttp-nio-8080-exec-7[m] [36mJdbcBindingLogging[m - binding parameter (16:VARCHAR) <- [1]
[30m2026-09-03T15:12:57,587[m [30mTRACE [m[[1;34mhttp-nio-8080-exec-5[m] [36mJdbcBindingLogging[m - binding parameter (2:VARCHAR) <- [IVA]
[30m2026-09-03T15:12:57,587[m [36mDEBUG [m[[1;34mhttp-nio-8080-exec-9[m] [36mSqlStatementLogger[m - select te1_0."TAXES_ID",te1_0."CODE",te1_0."COUNTRY_ID",te1_0."DESCRIPTION",te1_0."VALUE" from "NUANBODB"."TAXES" te1_0 join "NUANBODB"."COUNTRY" c1_0 on c1_0."COUNTRY_ID"=te1_0."COUNTRY_ID" where c1_0."COUNTRY_ID"=? and te1_0."CODE"=?
[30m2026-09-03T15:12:57,587[m [30mTRACE [m[[1;34mhttp-nio-8080-exec-9[m] [36mJdbcBindingLogging[m - binding parameter (1:BIGINT) <- [37]
[30m2026-09-03T15:12:57,587[m [36mDEBUG [m[[1;34mhttp-nio-8080-exec-1[m] [36mSqlStatementLogger[m - select te1_0."TAXES_ID",te1_0."CODE",te1_0."COUNTRY_ID",te1_0."DESCRIPTION",te1_0."VALUE" from "NUANBODB"."TAXES" te1_0 join "NUANBODB"."COUNTRY" c1_0 on c1_0."COUNTRY_ID"=te1_0."COUNTRY_ID" where c1_0."COUNTRY_ID"=? and te1_0."CODE"=?
[30m2026-09-03T15:12:57,587[m [30mTRACE [m[[1;34mhttp-nio-8080-exec-9[m] [36mJdbcBindingLogging[m - binding parameter (2:VARCHAR) <- [IVA]
[30m2026-09-03T15:12:57,587[m [30mTRACE [m[[1;34mhttp-nio-8080-exec-1[m] [36mJdbcBindingLogging[m - binding parameter (1:BIGINT) <- [37]
[30m2026-09-03T15:12:57,587[m [30mTRACE [m[[1;34mhttp-nio-8080-exec-1[m] [36mJdbcBindingLogging[m - binding parameter (2:VARCHAR) <- [IVA]
[30m2026-09-03T15:12:57,587[m [36mDEBUG [m[[1;34mhttp-nio-8080-exec-10[m] [36mSqlStatementLogger[m - select ce1_0."COUNTRY_ID",ce1_0."CODE",ce1_0."CURRENCY_ID",c1_0."CURRENCY_ID",c1_0."CODE",c1_0."NAME",ce1_0."NAME",ce1_0."TIME_ZONE" from "NUANBODB"."COUNTRY" ce1_0 join "NUANBODB"."CURRENCY" c1_0 on c1_0."CURRENCY_ID"=ce1_0."CURRENCY_ID" where ce1_0."COUNTRY_ID"=?
[30m2026-09-03T15:12:57,588[m [30mTRACE [m[[1;34mhttp-nio-8080-exec-10[m] [36mJdbcBindingLogging[m - binding parameter (1:BIGINT) <- [37]
[30m2026-09-03T15:12:57,588[m [36mDEBUG [m[[1;34mhttp-nio-8080-exec-5[m] [36mSqlStatementLogger[m - select ce1_0."COUNTRY_ID",ce1_0."CODE",ce1_0."CURRENCY_ID",c1_0."CURRENCY_ID",c1_0."CODE",c1_0."NAME",ce1_0."NAME",ce1_0."TIME_ZONE" from "NUANBODB"."COUNTRY" ce1_0 join "NUANBODB"."CURRENCY" c1_0 on c1_0."CURRENCY_ID"=ce1_0."CURRENCY_ID" where ce1_0."COUNTRY_ID"=?
[30m2026-09-03T15:12:57,588[m [30mTRACE [m[[1;34mhttp-nio-8080-exec-5[m] [36mJdbcBindingLogging[m - binding parameter (1:BIGINT) <- [37]
[30m2026-09-03T15:12:57,588[m [36mDEBUG [m[[1;34mhttp-nio-8080-exec-9[m] [36mSqlStatementLogger[m - select ce1_0."COUNTRY_ID",ce1_0."CODE",ce1_0."CURRENCY_ID",c1_0."CURRENCY_ID",c1_0."CODE",c1_0."NAME",ce1_0."NAME",ce1_0."TIME_ZONE" from "NUANBODB"."COUNTRY" ce1_0 join "NUANBODB"."CURRENCY" c1_0 on c1_0."CURRENCY_ID"=ce1_0."CURRENCY_ID" where ce1_0."COUNTRY_ID"=?
[30m2026-09-03T15:12:57,588[m [30mTRACE [m[[1;34mhttp-nio-8080-exec-9[m] [36mJdbcBindingLogging[m - binding parameter (1:BIGINT) <- [37]
[30m2026-09-03T15:12:57,588[m [36mDEBUG [m[[1;34mhttp-nio-8080-exec-1[m] [36mSqlStatementLogger[m - select ce1_0."COUNTRY_ID",ce1_0."CODE",ce1_0."CURRENCY_ID",c1_0."CURRENCY_ID",c1_0."CODE",c1_0."NAME",ce1_0."NAME",ce1_0."TIME_ZONE" from "NUANBODB"."COUNTRY" ce1_0 join "NUANBODB"."CURRENCY" c1_0 on c1_0."CURRENCY_ID"=ce1_0."CURRENCY_ID" where ce1_0."COUNTRY_ID"=?
[30m2026-09-03T15:12:57,588[m [30mTRACE [m[[1;34mhttp-nio-8080-exec-1[m] [36mJdbcBindingLogging[m - binding parameter (1:BIGINT) <- [37]
[30m2026-09-03T15:12:57,588[m [36mDEBUG [m[[1;34mhttp-nio-8080-exec-7[m] [36mSqlStatementLogger[m - select te1_0."TAXES_ID",te1_0."CODE",te1_0."COUNTRY_ID",te1_0."DESCRIPTION",te1_0."VALUE" from "NUANBODB"."TAXES" te1_0 join "NUANBODB"."COUNTRY" c1_0 on c1_0."COUNTRY_ID"=te1_0."COUNTRY_ID" where c1_0."COUNTRY_ID"=? and te1_0."CODE"=?
[30m2026-09-03T15:12:57,588[m [30mTRACE [m[[1;34mhttp-nio-8080-exec-7[m] [36mJdbcBindingLogging[m - binding parameter (1:BIGINT) <- [37]
[30m2026-09-03T15:12:57,588[m [30mTRACE [m[[1;34mhttp-nio-8080-exec-7[m] [36mJdbcBindingLogging[m - binding parameter (2:VARCHAR) <- [IVA]
[30m2026-09-03T15:12:57,588[m [32mINFO  [m[[1;34mhttp-nio-8080-exec-10[m] [36mFractionationCountedServiceImpl[m - PERF_ASSIGNMENT_VALIDATION_BATCH batchId=1e4fbad6-80bb-470a-9fec-b765fd8dc6ba inputCount=17 validCount=17 invalidCount=0 uniqueTrades=17 uniqueSides=1 uniqueParticipants=1 titleAccountResolutionRequests=17 titleAccountUniqueBusinessKeys=1 settlementLookupRequests=17 settlementUniqueTradeSides=17 settlementRepositoryCalls=1 settlementRowsLoaded=0 settlementPrefetchMs=2 cudLookupRequests=0 cudUniqueTradeSides=0 cudUniqueBusinessKeys=0 cudRepositoryCalls=0 cudRowsLoaded=0 cudPrefetchMs=0 tradePrefetchRepositoryCalls=1 tradePrefetchMs=4 sidePrefetchMs=0 participantPrefetchMs=8 accountResolutionMs=8 accountPrefetchMs=5 businessValidationMs=1 totalMs=30
[30m2026-09-03T15:12:57,588[m [32mINFO  [m[[1;34mhttp-nio-8080-exec-5[m] [36mFractionationCountedServiceImpl[m - PERF_ASSIGNMENT_VALIDATION_BATCH batchId=1e4fbad6-80bb-470a-9fec-b765fd8dc6ba inputCount=15 validCount=15 invalidCount=0 uniqueTrades=15 uniqueSides=1 uniqueParticipants=1 titleAccountResolutionRequests=15 titleAccountUniqueBusinessKeys=1 settlementLookupRequests=15 settlementUniqueTradeSides=15 settlementRepositoryCalls=1 settlementRowsLoaded=0 settlementPrefetchMs=3 cudLookupRequests=0 cudUniqueTradeSides=0 cudUniqueBusinessKeys=0 cudRepositoryCalls=0 cudRowsLoaded=0 cudPrefetchMs=0 tradePrefetchRepositoryCalls=1 tradePrefetchMs=4 sidePrefetchMs=0 participantPrefetchMs=7 accountResolutionMs=8 accountPrefetchMs=5 businessValidationMs=1 totalMs=31
[30m2026-09-03T15:12:57,589[m [32mINFO  [m[[1;34mhttp-nio-8080-exec-9[m] [36mFractionationCountedServiceImpl[m - PERF_ASSIGNMENT_VALIDATION_BATCH batchId=1e4fbad6-80bb-470a-9fec-b765fd8dc6ba inputCount=17 validCount=17 invalidCount=0 uniqueTrades=17 uniqueSides=1 uniqueParticipants=1 titleAccountResolutionRequests=17 titleAccountUniqueBusinessKeys=1 settlementLookupRequests=17 settlementUniqueTradeSides=17 settlementRepositoryCalls=1 settlementRowsLoaded=0 settlementPrefetchMs=2 cudLookupRequests=0 cudUniqueTradeSides=0 cudUniqueBusinessKeys=0 cudRepositoryCalls=0 cudRowsLoaded=0 cudPrefetchMs=0 tradePrefetchRepositoryCalls=1 tradePrefetchMs=4 sidePrefetchMs=0 participantPrefetchMs=9 accountResolutionMs=7 accountPrefetchMs=5 businessValidationMs=1 totalMs=31
[30m2026-09-03T15:12:57,589[m [32mINFO  [m[[1;34mhttp-nio-8080-exec-1[m] [36mFractionationCountedServiceImpl[m - PERF_ASSIGNMENT_VALIDATION_BATCH batchId=1e4fbad6-80bb-470a-9fec-b765fd8dc6ba inputCount=16 validCount=16 invalidCount=0 uniqueTrades=16 uniqueSides=1 uniqueParticipants=1 titleAccountResolutionRequests=16 titleAccountUniqueBusinessKeys=1 settlementLookupRequests=16 settlementUniqueTradeSides=16 settlementRepositoryCalls=1 settlementRowsLoaded=0 settlementPrefetchMs=2 cudLookupRequests=0 cudUniqueTradeSides=0 cudUniqueBusinessKeys=0 cudRepositoryCalls=0 cudRowsLoaded=0 cudPrefetchMs=0 tradePrefetchRepositoryCalls=1 tradePrefetchMs=4 sidePrefetchMs=0 participantPrefetchMs=8 accountResolutionMs=8 accountPrefetchMs=5 businessValidationMs=1 totalMs=31
[30m2026-09-03T15:12:57,589[m [32mINFO  [m[[1;34mhttp-nio-8080-exec-5[m] [36mRestClientUtils[m - Client [POST] http://operaciones-fracciones-contado-back-service/operations-fractionation-api/v1/fractionation/batch
[30m2026-09-03T15:12:57,589[m [32mINFO  [m[[1;34mhttp-nio-8080-exec-9[m] [36mRestClientUtils[m - Client [POST] http://operaciones-fracciones-contado-back-service/operations-fractionation-api/v1/fractionation/batch
[30m2026-09-03T15:12:57,589[m [32mINFO  [m[[1;34mhttp-nio-8080-exec-10[m] [36mRestClientUtils[m - Client [POST] http://operaciones-fracciones-contado-back-service/operations-fractionation-api/v1/fractionation/batch
[30m2026-09-03T15:12:57,589[m [32mINFO  [m[[1;34mhttp-nio-8080-exec-1[m] [36mRestClientUtils[m - Client [POST] http://operaciones-fracciones-contado-back-service/operations-fractionation-api/v1/fractionation/batch
[30m2026-09-03T15:12:57,589[m [36mDEBUG [m[[1;34mhttp-nio-8080-exec-7[m] [36mSqlStatementLogger[m - select ce1_0."COUNTRY_ID",ce1_0."CODE",ce1_0."CURRENCY_ID",c1_0."CURRENCY_ID",c1_0."CODE",c1_0."NAME",ce1_0."NAME",ce1_0."TIME_ZONE" from "NUANBODB"."COUNTRY" ce1_0 join "NUANBODB"."CURRENCY" c1_0 on c1_0."CURRENCY_ID"=ce1_0."CURRENCY_ID" where ce1_0."COUNTRY_ID"=?
[30m2026-09-03T15:12:57,589[m [30mTRACE [m[[1;34mhttp-nio-8080-exec-7[m] [36mJdbcBindingLogging[m - binding parameter (1:BIGINT) <- [37]
[30m2026-09-03T15:12:57,590[m [32mINFO  [m[[1;34mhttp-nio-8080-exec-7[m] [36mFractionationCountedServiceImpl[m - PERF_ASSIGNMENT_VALIDATION_BATCH batchId=1e4fbad6-80bb-470a-9fec-b765fd8dc6ba inputCount=15 validCount=15 invalidCount=0 uniqueTrades=15 uniqueSides=1 uniqueParticipants=1 titleAccountResolutionRequests=15 titleAccountUniqueBusinessKeys=1 settlementLookupRequests=15 settlementUniqueTradeSides=15 settlementRepositoryCalls=1 settlementRowsLoaded=0 settlementPrefetchMs=2 cudLookupRequests=0 cudUniqueTradeSides=0 cudUniqueBusinessKeys=0 cudRepositoryCalls=0 cudRowsLoaded=0 cudPrefetchMs=0 tradePrefetchRepositoryCalls=1 tradePrefetchMs=4 sidePrefetchMs=0 participantPrefetchMs=9 accountResolutionMs=7 accountPrefetchMs=6 businessValidationMs=1 totalMs=32
[30m2026-09-03T15:12:57,590[m [32mINFO  [m[[1;34mhttp-nio-8080-exec-7[m] [36mRestClientUtils[m - Client [POST] http://operaciones-fracciones-contado-back-service/operations-fractionation-api/v1/fractionation/batch
[30m2026-09-03T15:12:58,161[m [32mINFO  [m[[1;34mhttp-nio-8080-exec-9[m] [36mFractionationCountedServiceImpl[m - PERF_ASSIGNMENT_BATCH service=cmd batchId=1e4fbad6-80bb-470a-9fec-b765fd8dc6ba mode=RAW_VALIDATED configuredMaxBatchSize=80 receivedBatchSize=17 processedCount=17 successCount=17 failureCount=0 fractionationMs=572 totalMs=572
[30m2026-09-03T15:12:58,161[m [32mINFO  [m[[1;34mhttp-nio-8080-exec-9[m] [36mFractionationCountedServiceImpl[m - PERF_ASSIGNMENT_BATCH service=cmd batchId=1e4fbad6-80bb-470a-9fec-b765fd8dc6ba mode=RAW configuredMaxBatchSize=80 receivedBatchSize=17 validCount=17 invalidCount=0 sentToFractionationCount=17 successCount=17 failureCount=0 totalMs=603
[30m2026-09-03T15:12:58,162[m [32mINFO  [m[[1;34mhttp-nio-8080-exec-9[m] [36mGlobalFilter[m - Request [POST /operations-cmd-api/v1/fractionation/counted-operation/batch] completed in 606 ms with status 200
[30m2026-09-03T15:12:58,249[m [32mINFO  [m[[1;34mhttp-nio-8080-exec-7[m] [36mFractionationCountedServiceImpl[m - PERF_ASSIGNMENT_BATCH service=cmd batchId=1e4fbad6-80bb-470a-9fec-b765fd8dc6ba mode=RAW_VALIDATED configuredMaxBatchSize=80 receivedBatchSize=15 processedCount=15 successCount=15 failureCount=0 fractionationMs=659 totalMs=659
[30m2026-09-03T15:12:58,249[m [32mINFO  [m[[1;34mhttp-nio-8080-exec-7[m] [36mFractionationCountedServiceImpl[m - PERF_ASSIGNMENT_BATCH service=cmd batchId=1e4fbad6-80bb-470a-9fec-b765fd8dc6ba mode=RAW configuredMaxBatchSize=80 receivedBatchSize=15 validCount=15 invalidCount=0 sentToFractionationCount=15 successCount=15 failureCount=0 totalMs=692
[30m2026-09-03T15:12:58,250[m [32mINFO  [m[[1;34mhttp-nio-8080-exec-7[m] [36mGlobalFilter[m - Request [POST /operations-cmd-api/v1/fractionation/counted-operation/batch] completed in 694 ms with status 200
[30m2026-09-03T15:12:58,257[m [32mINFO  [m[[1;34mhttp-nio-8080-exec-5[m] [36mFractionationCountedServiceImpl[m - PERF_ASSIGNMENT_BATCH service=cmd batchId=1e4fbad6-80bb-470a-9fec-b765fd8dc6ba mode=RAW_VALIDATED configuredMaxBatchSize=80 receivedBatchSize=15 processedCount=15 successCount=15 failureCount=0 fractionationMs=668 totalMs=668
[30m2026-09-03T15:12:58,257[m [32mINFO  [m[[1;34mhttp-nio-8080-exec-5[m] [36mFractionationCountedServiceImpl[m - PERF_ASSIGNMENT_BATCH service=cmd batchId=1e4fbad6-80bb-470a-9fec-b765fd8dc6ba mode=RAW configuredMaxBatchSize=80 receivedBatchSize=15 validCount=15 invalidCount=0 sentToFractionationCount=15 successCount=15 failureCount=0 totalMs=700
[30m2026-09-03T15:12:58,258[m [32mINFO  [m[[1;34mhttp-nio-8080-exec-5[m] [36mGlobalFilter[m - Request [POST /operations-cmd-api/v1/fractionation/counted-operation/batch] completed in 702 ms with status 200
[30m2026-09-03T15:12:58,277[m [32mINFO  [m[[1;34mhttp-nio-8080-exec-1[m] [36mFractionationCountedServiceImpl[m - PERF_ASSIGNMENT_BATCH service=cmd batchId=1e4fbad6-80bb-470a-9fec-b765fd8dc6ba mode=RAW_VALIDATED configuredMaxBatchSize=80 receivedBatchSize=16 processedCount=16 successCount=16 failureCount=0 fractionationMs=688 totalMs=688
[30m2026-09-03T15:12:58,278[m [32mINFO  [m[[1;34mhttp-nio-8080-exec-1[m] [36mFractionationCountedServiceImpl[m - PERF_ASSIGNMENT_BATCH service=cmd batchId=1e4fbad6-80bb-470a-9fec-b765fd8dc6ba mode=RAW configuredMaxBatchSize=80 receivedBatchSize=16 validCount=16 invalidCount=0 sentToFractionationCount=16 successCount=16 failureCount=0 totalMs=720
[30m2026-09-03T15:12:58,278[m [32mINFO  [m[[1;34mhttp-nio-8080-exec-1[m] [36mGlobalFilter[m - Request [POST /operations-cmd-api/v1/fractionation/counted-operation/batch] completed in 722 ms with status 200
[30m2026-09-03T15:12:58,333[m [32mINFO  [m[[1;34mhttp-nio-8080-exec-10[m] [36mFractionationCountedServiceImpl[m - PERF_ASSIGNMENT_BATCH service=cmd batchId=1e4fbad6-80bb-470a-9fec-b765fd8dc6ba mode=RAW_VALIDATED configuredMaxBatchSize=80 receivedBatchSize=17 processedCount=17 successCount=17 failureCount=0 fractionationMs=744 totalMs=744
[30m2026-09-03T15:12:58,333[m [32mINFO  [m[[1;34mhttp-nio-8080-exec-10[m] [36mFractionationCountedServiceImpl[m - PERF_ASSIGNMENT_BATCH service=cmd batchId=1e4fbad6-80bb-470a-9fec-b765fd8dc6ba mode=RAW configuredMaxBatchSize=80 receivedBatchSize=17 validCount=17 invalidCount=0 sentToFractionationCount=17 successCount=17 failureCount=0 totalMs=775
[30m2026-09-03T15:12:58,334[m [32mINFO  [m[[1;34mhttp-nio-8080-exec-10[m] [36mGlobalFilter[m - Request [POST /operations-cmd-api/v1/fractionation/counted-operation/batch] completed in 778 ms with status 200
[30m2026-09-03T15:12:58,355[m [32mINFO  [m[[1;34mhttp-nio-8080-exec-4[m] [36mGlobalFilter[m - ----------- Client User: operaciones-orquestador-ext-back ----------
[30m2026-09-03T15:12:58,355[m [32mINFO  [m[[1;34mhttp-nio-8080-exec-6[m] [36mGlobalFilter[m - ----------- Client User: operaciones-orquestador-ext-back ----------
[30m2026-09-03T15:12:58,355[m [32mINFO  [m[[1;34mhttp-nio-8080-exec-2[m] [36mGlobalFilter[m - ----------- Client User: operaciones-orquestador-ext-back ----------
[30m2026-09-03T15:12:58,355[m [32mINFO  [m[[1;34mhttp-nio-8080-exec-8[m] [36mGlobalFilter[m - ----------- Client User: operaciones-orquestador-ext-back ----------
[30m2026-09-03T15:12:58,355[m [32mINFO  [m[[1;34mhttp-nio-8080-exec-3[m] [36mGlobalFilter[m - ----------- Client User: operaciones-orquestador-ext-back ----------
[30m2026-09-03T15:12:58,356[m [36mDEBUG [m[[1;34mhttp-nio-8080-exec-3[m] [36mSqlStatementLogger[m - select te1_0."TRADE_ID",te1_0."MATCH_ID",te1_0."MATCH_DATE",te1_0."CLEARING_DATE",te1_0."QUANTITY",t1_0."TYPE_ID",c1_0."COUNTRY_ID",pb1_0."PARTICIPANT_ID",pb1_0."DOCUMENT_NUMBER",c2_0."COUNTRY_ID",pb1_0."DIRECT_ALLOCATION",ps1_0."PARTICIPANT_ID",ps1_0."DOCUMENT_NUMBER",c3_0."COUNTRY_ID",ps1_0."DIRECT_ALLOCATION",db1_0."DEPOSITORY_ID",ds1_0."DEPOSITORY_ID",sqbt1_0."TYPE_ID",sqst1_0."TYPE_ID",st1_0."COUNTRY_ID" from "NUANBODB"."TRADE" te1_0 left join "NUANBODB"."TYPE" t1_0 on t1_0."TYPE_ID"=te1_0."TYPE_ID" left join "NUANBODB"."COUNTRY" c1_0 on c1_0."COUNTRY_ID"=te1_0."COUNTRY_ID" left join "NUANBODB"."PARTICIPANT" pb1_0 on pb1_0."PARTICIPANT_ID"=te1_0."PARTICIPANT_ID_BUY" left join "NUANBODB"."COUNTRY" c2_0 on c2_0."COUNTRY_ID"=pb1_0."COUNTRY_ID" left join "NUANBODB"."PARTICIPANT" ps1_0 on ps1_0."PARTICIPANT_ID"=te1_0."PARTICIPANT_ID_SELL" left join "NUANBODB"."COUNTRY" c3_0 on c3_0."COUNTRY_ID"=ps1_0."COUNTRY_ID" left join "NUANBODB"."DEPOSITORY" db1_0 on db1_0."DEPOSITORY_ID"=te1_0."DEPOSITORY_ID_BUY" left join "NUANBODB"."DEPOSITORY" ds1_0 on ds1_0."DEPOSITORY_ID"=te1_0."DEPOSITORY_ID_SELL" left join "NUANBODB"."TYPE" sqbt1_0 on sqbt1_0."TYPE_ID"=te1_0."SOURCE_QUOTE_BUY_TYPE" left join "NUANBODB"."TYPE" sqst1_0 on sqst1_0."TYPE_ID"=te1_0."SOURCE_QUOTE_SELL_TYPE" left join "NUANBODB"."SECURITY_TITLE" st1_0 on st1_0."SECURITY_ID"=te1_0."SECURITY_ID" where te1_0."MATCH_ID" in (?,?,?,?,?,?,?,?,?,?,?,?,?,?,?,?,?,?)
[30m2026-09-03T15:12:58,356[m [36mDEBUG [m[[1;34mhttp-nio-8080-exec-2[m] [36mSqlStatementLogger[m - select te1_0."TRADE_ID",te1_0."MATCH_ID",te1_0."MATCH_DATE",te1_0."CLEARING_DATE",te1_0."QUANTITY",t1_0."TYPE_ID",c1_0."COUNTRY_ID",pb1_0."PARTICIPANT_ID",pb1_0."DOCUMENT_NUMBER",c2_0."COUNTRY_ID",pb1_0."DIRECT_ALLOCATION",ps1_0."PARTICIPANT_ID",ps1_0."DOCUMENT_NUMBER",c3_0."COUNTRY_ID",ps1_0."DIRECT_ALLOCATION",db1_0."DEPOSITORY_ID",ds1_0."DEPOSITORY_ID",sqbt1_0."TYPE_ID",sqst1_0."TYPE_ID",st1_0."COUNTRY_ID" from "NUANBODB"."TRADE" te1_0 left join "NUANBODB"."TYPE" t1_0 on t1_0."TYPE_ID"=te1_0."TYPE_ID" left join "NUANBODB"."COUNTRY" c1_0 on c1_0."COUNTRY_ID"=te1_0."COUNTRY_ID" left join "NUANBODB"."PARTICIPANT" pb1_0 on pb1_0."PARTICIPANT_ID"=te1_0."PARTICIPANT_ID_BUY" left join "NUANBODB"."COUNTRY" c2_0 on c2_0."COUNTRY_ID"=pb1_0."COUNTRY_ID" left join "NUANBODB"."PARTICIPANT" ps1_0 on ps1_0."PARTICIPANT_ID"=te1_0."PARTICIPANT_ID_SELL" left join "NUANBODB"."COUNTRY" c3_0 on c3_0."COUNTRY_ID"=ps1_0."COUNTRY_ID" left join "NUANBODB"."DEPOSITORY" db1_0 on db1_0."DEPOSITORY_ID"=te1_0."DEPOSITORY_ID_BUY" left join "NUANBODB"."DEPOSITORY" ds1_0 on ds1_0."DEPOSITORY_ID"=te1_0."DEPOSITORY_ID_SELL" left join "NUANBODB"."TYPE" sqbt1_0 on sqbt1_0."TYPE_ID"=te1_0."SOURCE_QUOTE_BUY_TYPE" left join "NUANBODB"."TYPE" sqst1_0 on sqst1_0."TYPE_ID"=te1_0."SOURCE_QUOTE_SELL_TYPE" left join "NUANBODB"."SECURITY_TITLE" st1_0 on st1_0."SECURITY_ID"=te1_0."SECURITY_ID" where te1_0."MATCH_ID" in (?,?,?,?,?,?,?,?,?,?,?,?,?,?,?)
[30m2026-09-03T15:12:58,356[m [36mDEBUG [m[[1;34mhttp-nio-8080-exec-8[m] [36mSqlStatementLogger[m - select te1_0."TRADE_ID",te1_0."MATCH_ID",te1_0."MATCH_DATE",te1_0."CLEARING_DATE",te1_0."QUANTITY",t1_0."TYPE_ID",c1_0."COUNTRY_ID",pb1_0."PARTICIPANT_ID",pb1_0."DOCUMENT_NUMBER",c2_0."COUNTRY_ID",pb1_0."DIRECT_ALLOCATION",ps1_0."PARTICIPANT_ID",ps1_0."DOCUMENT_NUMBER",c3_0."COUNTRY_ID",ps1_0."DIRECT_ALLOCATION",db1_0."DEPOSITORY_ID",ds1_0."DEPOSITORY_ID",sqbt1_0."TYPE_ID",sqst1_0."TYPE_ID",st1_0."COUNTRY_ID" from "NUANBODB"."TRADE" te1_0 left join "NUANBODB"."TYPE" t1_0 on t1_0."TYPE_ID"=te1_0."TYPE_ID" left join "NUANBODB"."COUNTRY" c1_0 on c1_0."COUNTRY_ID"=te1_0."COUNTRY_ID" left join "NUANBODB"."PARTICIPANT" pb1_0 on pb1_0."PARTICIPANT_ID"=te1_0."PARTICIPANT_ID_BUY" left join "NUANBODB"."COUNTRY" c2_0 on c2_0."COUNTRY_ID"=pb1_0."COUNTRY_ID" left join "NUANBODB"."PARTICIPANT" ps1_0 on ps1_0."PARTICIPANT_ID"=te1_0."PARTICIPANT_ID_SELL" left join "NUANBODB"."COUNTRY" c3_0 on c3_0."COUNTRY_ID"=ps1_0."COUNTRY_ID" left join "NUANBODB"."DEPOSITORY" db1_0 on db1_0."DEPOSITORY_ID"=te1_0."DEPOSITORY_ID_BUY" left join "NUANBODB"."DEPOSITORY" ds1_0 on ds1_0."DEPOSITORY_ID"=te1_0."DEPOSITORY_ID_SELL" left join "NUANBODB"."TYPE" sqbt1_0 on sqbt1_0."TYPE_ID"=te1_0."SOURCE_QUOTE_BUY_TYPE" left join "NUANBODB"."TYPE" sqst1_0 on sqst1_0."TYPE_ID"=te1_0."SOURCE_QUOTE_SELL_TYPE" left join "NUANBODB"."SECURITY_TITLE" st1_0 on st1_0."SECURITY_ID"=te1_0."SECURITY_ID" where te1_0."MATCH_ID" in (?,?,?,?,?,?,?,?,?,?,?,?,?,?)
[30m2026-09-03T15:12:58,357[m [36mDEBUG [m[[1;34mhttp-nio-8080-exec-6[m] [36mSqlStatementLogger[m - select te1_0."TRADE_ID",te1_0."MATCH_ID",te1_0."MATCH_DATE",te1_0."CLEARING_DATE",te1_0."QUANTITY",t1_0."TYPE_ID",c1_0."COUNTRY_ID",pb1_0."PARTICIPANT_ID",pb1_0."DOCUMENT_NUMBER",c2_0."COUNTRY_ID",pb1_0."DIRECT_ALLOCATION",ps1_0."PARTICIPANT_ID",ps1_0."DOCUMENT_NUMBER",c3_0."COUNTRY_ID",ps1_0."DIRECT_ALLOCATION",db1_0."DEPOSITORY_ID",ds1_0."DEPOSITORY_ID",sqbt1_0."TYPE_ID",sqst1_0."TYPE_ID",st1_0."COUNTRY_ID" from "NUANBODB"."TRADE" te1_0 left join "NUANBODB"."TYPE" t1_0 on t1_0."TYPE_ID"=te1_0."TYPE_ID" left join "NUANBODB"."COUNTRY" c1_0 on c1_0."COUNTRY_ID"=te1_0."COUNTRY_ID" left join "NUANBODB"."PARTICIPANT" pb1_0 on pb1_0."PARTICIPANT_ID"=te1_0."PARTICIPANT_ID_BUY" left join "NUANBODB"."COUNTRY" c2_0 on c2_0."COUNTRY_ID"=pb1_0."COUNTRY_ID" left join "NUANBODB"."PARTICIPANT" ps1_0 on ps1_0."PARTICIPANT_ID"=te1_0."PARTICIPANT_ID_SELL" left join "NUANBODB"."COUNTRY" c3_0 on c3_0."COUNTRY_ID"=ps1_0."COUNTRY_ID" left join "NUANBODB"."DEPOSITORY" db1_0 on db1_0."DEPOSITORY_ID"=te1_0."DEPOSITORY_ID_BUY" left join "NUANBODB"."DEPOSITORY" ds1_0 on ds1_0."DEPOSITORY_ID"=te1_0."DEPOSITORY_ID_SELL" left join "NUANBODB"."TYPE" sqbt1_0 on sqbt1_0."TYPE_ID"=te1_0."SOURCE_QUOTE_BUY_TYPE" left join "NUANBODB"."TYPE" sqst1_0 on sqst1_0."TYPE_ID"=te1_0."SOURCE_QUOTE_SELL_TYPE" left join "NUANBODB"."SECURITY_TITLE" st1_0 on st1_0."SECURITY_ID"=te1_0."SECURITY_ID" where te1_0."MATCH_ID" in (?,?,?,?,?,?,?,?,?,?,?,?,?,?,?,?,?)
[30m2026-09-03T15:12:58,357[m [36mDEBUG [m[[1;34mhttp-nio-8080-exec-4[m] [36mSqlStatementLogger[m - select te1_0."TRADE_ID",te1_0."MATCH_ID",te1_0."MATCH_DATE",te1_0."CLEARING_DATE",te1_0."QUANTITY",t1_0."TYPE_ID",c1_0."COUNTRY_ID",pb1_0."PARTICIPANT_ID",pb1_0."DOCUMENT_NUMBER",c2_0."COUNTRY_ID",pb1_0."DIRECT_ALLOCATION",ps1_0."PARTICIPANT_ID",ps1_0."DOCUMENT_NUMBER",c3_0."COUNTRY_ID",ps1_0."DIRECT_ALLOCATION",db1_0."DEPOSITORY_ID",ds1_0."DEPOSITORY_ID",sqbt1_0."TYPE_ID",sqst1_0."TYPE_ID",st1_0."COUNTRY_ID" from "NUANBODB"."TRADE" te1_0 left join "NUANBODB"."TYPE" t1_0 on t1_0."TYPE_ID"=te1_0."TYPE_ID" left join "NUANBODB"."COUNTRY" c1_0 on c1_0."COUNTRY_ID"=te1_0."COUNTRY_ID" left join "NUANBODB"."PARTICIPANT" pb1_0 on pb1_0."PARTICIPANT_ID"=te1_0."PARTICIPANT_ID_BUY" left join "NUANBODB"."COUNTRY" c2_0 on c2_0."COUNTRY_ID"=pb1_0."COUNTRY_ID" left join "NUANBODB"."PARTICIPANT" ps1_0 on ps1_0."PARTICIPANT_ID"=te1_0."PARTICIPANT_ID_SELL" left join "NUANBODB"."COUNTRY" c3_0 on c3_0."COUNTRY_ID"=ps1_0."COUNTRY_ID" left join "NUANBODB"."DEPOSITORY" db1_0 on db1_0."DEPOSITORY_ID"=te1_0."DEPOSITORY_ID_BUY" left join "NUANBODB"."DEPOSITORY" ds1_0 on ds1_0."DEPOSITORY_ID"=te1_0."DEPOSITORY_ID_SELL" left join "NUANBODB"."TYPE" sqbt1_0 on sqbt1_0."TYPE_ID"=te1_0."SOURCE_QUOTE_BUY_TYPE" left join "NUANBODB"."TYPE" sqst1_0 on sqst1_0."TYPE_ID"=te1_0."SOURCE_QUOTE_SELL_TYPE" left join "NUANBODB"."SECURITY_TITLE" st1_0 on st1_0."SECURITY_ID"=te1_0."SECURITY_ID" where te1_0."MATCH_ID" in (?,?,?,?,?,?,?,?,?,?,?,?,?,?,?,?)
[30m2026-09-03T15:12:58,357[m [30mTRACE [m[[1;34mhttp-nio-8080-exec-4[m] [36mJdbcBindingLogging[m - binding parameter (1:BIGINT) <- [642923]
[30m2026-09-03T15:12:58,357[m [30mTRACE [m[[1;34mhttp-nio-8080-exec-3[m] [36mJdbcBindingLogging[m - binding parameter (1:BIGINT) <- [642920]
[30m2026-09-03T15:12:58,357[m [30mTRACE [m[[1;34mhttp-nio-8080-exec-4[m] [36mJdbcBindingLogging[m - binding parameter (2:BIGINT) <- [642922]
[30m2026-09-03T15:12:58,357[m [30mTRACE [m[[1;34mhttp-nio-8080-exec-4[m] [36mJdbcBindingLogging[m - binding parameter (3:BIGINT) <- [642958]
[30m2026-09-03T15:12:58,357[m [30mTRACE [m[[1;34mhttp-nio-8080-exec-3[m] [36mJdbcBindingLogging[m - binding parameter (2:BIGINT) <- [642955]
[30m2026-09-03T15:12:58,358[m [30mTRACE [m[[1;34mhttp-nio-8080-exec-4[m] [36mJdbcBindingLogging[m - binding parameter (4:BIGINT) <- [642944]
[30m2026-09-03T15:12:58,357[m [30mTRACE [m[[1;34mhttp-nio-8080-exec-8[m] [36mJdbcBindingLogging[m - binding parameter (1:BIGINT) <- [642954]
[30m2026-09-03T15:12:58,358[m [30mTRACE [m[[1;34mhttp-nio-8080-exec-3[m] [36mJdbcBindingLogging[m - binding parameter (3:BIGINT) <- [642895]
[30m2026-09-03T15:12:58,358[m [30mTRACE [m[[1;34mhttp-nio-8080-exec-4[m] [36mJdbcBindingLogging[m - binding parameter (5:BIGINT) <- [642915]
[30m2026-09-03T15:12:58,358[m [30mTRACE [m[[1;34mhttp-nio-8080-exec-8[m] [36mJdbcBindingLogging[m - binding parameter (2:BIGINT) <- [642893]
[30m2026-09-03T15:12:58,358[m [30mTRACE [m[[1;34mhttp-nio-8080-exec-4[m] [36mJdbcBindingLogging[m - binding parameter (6:BIGINT) <- [642916]
[30m2026-09-03T15:12:58,358[m [30mTRACE [m[[1;34mhttp-nio-8080-exec-4[m] [36mJdbcBindingLogging[m - binding parameter (7:BIGINT) <- [642951]
[30m2026-09-03T15:12:58,358[m [30mTRACE [m[[1;34mhttp-nio-8080-exec-8[m] [36mJdbcBindingLogging[m - binding parameter (3:BIGINT) <- [642925]
[30m2026-09-03T15:12:58,358[m [30mTRACE [m[[1;34mhttp-nio-8080-exec-4[m] [36mJdbcBindingLogging[m - binding parameter (8:BIGINT) <- [642937]
[30m2026-09-03T15:12:58,358[m [30mTRACE [m[[1;34mhttp-nio-8080-exec-3[m] [36mJdbcBindingLogging[m - binding parameter (4:BIGINT) <- [642927]
[30m2026-09-03T15:12:58,358[m [30mTRACE [m[[1;34mhttp-nio-8080-exec-4[m] [36mJdbcBindingLogging[m - binding parameter (9:BIGINT) <- [642936]
[30m2026-09-03T15:12:58,358[m [30mTRACE [m[[1;34mhttp-nio-8080-exec-6[m] [36mJdbcBindingLogging[m - binding parameter (1:BIGINT) <- [642953]
[30m2026-09-03T15:12:58,358[m [30mTRACE [m[[1;34mhttp-nio-8080-exec-4[m] [36mJdbcBindingLogging[m - binding parameter (10:BIGINT) <- [642908]
[30m2026-09-03T15:12:58,358[m [30mTRACE [m[[1;34mhttp-nio-8080-exec-8[m] [36mJdbcBindingLogging[m - binding parameter (4:BIGINT) <- [642947]
[30m2026-09-03T15:12:58,358[m [30mTRACE [m[[1;34mhttp-nio-8080-exec-6[m] [36mJdbcBindingLogging[m - binding parameter (2:BIGINT) <- [642952]
[30m2026-09-03T15:12:58,358[m [30mTRACE [m[[1;34mhttp-nio-8080-exec-8[m] [36mJdbcBindingLogging[m - binding parameter (5:BIGINT) <- [642946]
[30m2026-09-03T15:12:58,358[m [30mTRACE [m[[1;34mhttp-nio-8080-exec-4[m] [36mJdbcBindingLogging[m - binding parameter (11:BIGINT) <- [642972]
[30m2026-09-03T15:12:58,358[m [30mTRACE [m[[1;34mhttp-nio-8080-exec-3[m] [36mJdbcBindingLogging[m - binding parameter (5:BIGINT) <- [642894]
[30m2026-09-03T15:12:58,358[m [30mTRACE [m[[1;34mhttp-nio-8080-exec-6[m] [36mJdbcBindingLogging[m - binding parameter (3:BIGINT) <- [642924]
[30m2026-09-03T15:12:58,358[m [30mTRACE [m[[1;34mhttp-nio-8080-exec-4[m] [36mJdbcBindingLogging[m - binding parameter (12:BIGINT) <- [642897]
[30m2026-09-03T15:12:58,358[m [30mTRACE [m[[1;34mhttp-nio-8080-exec-3[m] [36mJdbcBindingLogging[m - binding parameter (6:BIGINT) <- [642926]
[30m2026-09-03T15:12:58,358[m [30mTRACE [m[[1;34mhttp-nio-8080-exec-6[m] [36mJdbcBindingLogging[m - binding parameter (4:BIGINT) <- [642959]
[30m2026-09-03T15:12:58,358[m [30mTRACE [m[[1;34mhttp-nio-8080-exec-8[m] [36mJdbcBindingLogging[m - binding parameter (6:BIGINT) <- [642918]
[30m2026-09-03T15:12:58,358[m [30mTRACE [m[[1;34mhttp-nio-8080-exec-6[m] [36mJdbcBindingLogging[m - binding parameter (5:BIGINT) <- [642945]
[30m2026-09-03T15:12:58,358[m [30mTRACE [m[[1;34mhttp-nio-8080-exec-6[m] [36mJdbcBindingLogging[m - binding parameter (6:BIGINT) <- [642917]
[30m2026-09-03T15:12:58,358[m [30mTRACE [m[[1;34mhttp-nio-8080-exec-4[m] [36mJdbcBindingLogging[m - binding parameter (13:BIGINT) <- [642929]
[30m2026-09-03T15:12:58,358[m [30mTRACE [m[[1;34mhttp-nio-8080-exec-6[m] [36mJdbcBindingLogging[m - binding parameter (7:BIGINT) <- [642938]
[30m2026-09-03T15:12:58,358[m [30mTRACE [m[[1;34mhttp-nio-8080-exec-8[m] [36mJdbcBindingLogging[m - binding parameter (7:BIGINT) <- [642904]
[30m2026-09-03T15:12:58,358[m [30mTRACE [m[[1;34mhttp-nio-8080-exec-3[m] [36mJdbcBindingLogging[m - binding parameter (7:BIGINT) <- [642913]
[30m2026-09-03T15:12:58,358[m [30mTRACE [m[[1;34mhttp-nio-8080-exec-4[m] [36mJdbcBindingLogging[m - binding parameter (14:BIGINT) <- [642930]
[30m2026-09-03T15:12:58,358[m [30mTRACE [m[[1;34mhttp-nio-8080-exec-6[m] [36mJdbcBindingLogging[m - binding parameter (8:BIGINT) <- [642909]
[30m2026-09-03T15:12:58,358[m [30mTRACE [m[[1;34mhttp-nio-8080-exec-8[m] [36mJdbcBindingLogging[m - binding parameter (8:BIGINT) <- [642968]
[30m2026-09-03T15:12:58,358[m [30mTRACE [m[[1;34mhttp-nio-8080-exec-3[m] [36mJdbcBindingLogging[m - binding parameter (8:BIGINT) <- [642912]
[30m2026-09-03T15:12:58,358[m [30mTRACE [m[[1;34mhttp-nio-8080-exec-4[m] [36mJdbcBindingLogging[m - binding parameter (15:BIGINT) <- [642901]
[30m2026-09-03T15:12:58,358[m [30mTRACE [m[[1;34mhttp-nio-8080-exec-2[m] [36mJdbcBindingLogging[m - binding parameter (1:BIGINT) <- [642921]
[30m2026-09-03T15:12:58,358[m [30mTRACE [m[[1;34mhttp-nio-8080-exec-6[m] [36mJdbcBindingLogging[m - binding parameter (9:BIGINT) <- [642910]
[30m2026-09-03T15:12:58,358[m [30mTRACE [m[[1;34mhttp-nio-8080-exec-8[m] [36mJdbcBindingLogging[m - binding parameter (9:BIGINT) <- [642939]
[30m2026-09-03T15:12:58,358[m [30mTRACE [m[[1;34mhttp-nio-8080-exec-3[m] [36mJdbcBindingLogging[m - binding parameter (9:BIGINT) <- [642948]
[30m2026-09-03T15:12:58,358[m [30mTRACE [m[[1;34mhttp-nio-8080-exec-6[m] [36mJdbcBindingLogging[m - binding parameter (10:BIGINT) <- [642960]
[30m2026-09-03T15:12:58,358[m [30mTRACE [m[[1;34mhttp-nio-8080-exec-2[m] [36mJdbcBindingLogging[m - binding parameter (2:BIGINT) <- [642957]
[30m2026-09-03T15:12:58,358[m [30mTRACE [m[[1;34mhttp-nio-8080-exec-4[m] [36mJdbcBindingLogging[m - binding parameter (16:BIGINT) <- [642965]
[30m2026-09-03T15:12:58,358[m [30mTRACE [m[[1;34mhttp-nio-8080-exec-6[m] [36mJdbcBindingLogging[m - binding parameter (11:BIGINT) <- [642899]
[30m2026-09-03T15:12:58,358[m [30mTRACE [m[[1;34mhttp-nio-8080-exec-2[m] [36mJdbcBindingLogging[m - binding parameter (3:BIGINT) <- [642956]
[30m2026-09-03T15:12:58,358[m [30mTRACE [m[[1;34mhttp-nio-8080-exec-8[m] [36mJdbcBindingLogging[m - binding parameter (10:BIGINT) <- [642940]
[30m2026-09-03T15:12:58,358[m [30mTRACE [m[[1;34mhttp-nio-8080-exec-2[m] [36mJdbcBindingLogging[m - binding parameter (4:BIGINT) <- [642914]
[30m2026-09-03T15:12:58,358[m [30mTRACE [m[[1;34mhttp-nio-8080-exec-8[m] [36mJdbcBindingLogging[m - binding parameter (11:BIGINT) <- [642911]
[30m2026-09-03T15:12:58,358[m [30mTRACE [m[[1;34mhttp-nio-8080-exec-6[m] [36mJdbcBindingLogging[m - binding parameter (12:BIGINT) <- [642931]
[30m2026-09-03T15:12:58,358[m [30mTRACE [m[[1;34mhttp-nio-8080-exec-2[m] [36mJdbcBindingLogging[m - binding parameter (5:BIGINT) <- [642949]
[30m2026-09-03T15:12:58,358[m [30mTRACE [m[[1;34mhttp-nio-8080-exec-3[m] [36mJdbcBindingLogging[m - binding parameter (10:BIGINT) <- [642919]
[30m2026-09-03T15:12:58,358[m [30mTRACE [m[[1;34mhttp-nio-8080-exec-8[m] [36mJdbcBindingLogging[m - binding parameter (12:BIGINT) <- [642961]
[30m2026-09-03T15:12:58,358[m [30mTRACE [m[[1;34mhttp-nio-8080-exec-6[m] [36mJdbcBindingLogging[m - binding parameter (13:BIGINT) <- [642898]
[30m2026-09-03T15:12:58,358[m [30mTRACE [m[[1;34mhttp-nio-8080-exec-2[m] [36mJdbcBindingLogging[m - binding parameter (6:BIGINT) <- [642950]
[30m2026-09-03T15:12:58,358[m [30mTRACE [m[[1;34mhttp-nio-8080-exec-8[m] [36mJdbcBindingLogging[m - binding parameter (13:BIGINT) <- [642933]
[30m2026-09-03T15:12:58,358[m [30mTRACE [m[[1;34mhttp-nio-8080-exec-6[m] [36mJdbcBindingLogging[m - binding parameter (14:BIGINT) <- [642903]
[30m2026-09-03T15:12:58,358[m [30mTRACE [m[[1;34mhttp-nio-8080-exec-3[m] [36mJdbcBindingLogging[m - binding parameter (11:BIGINT) <- [642905]
[30m2026-09-03T15:12:58,358[m [30mTRACE [m[[1;34mhttp-nio-8080-exec-2[m] [36mJdbcBindingLogging[m - binding parameter (7:BIGINT) <- [642907]
[30m2026-09-03T15:12:58,358[m [30mTRACE [m[[1;34mhttp-nio-8080-exec-8[m] [36mJdbcBindingLogging[m - binding parameter (14:BIGINT) <- [642932]
[30m2026-09-03T15:12:58,358[m [30mTRACE [m[[1;34mhttp-nio-8080-exec-6[m] [36mJdbcBindingLogging[m - binding parameter (15:BIGINT) <- [642967]
[30m2026-09-03T15:12:58,358[m [30mTRACE [m[[1;34mhttp-nio-8080-exec-3[m] [36mJdbcBindingLogging[m - binding parameter (12:BIGINT) <- [642969]
[30m2026-09-03T15:12:58,358[m [30mTRACE [m[[1;34mhttp-nio-8080-exec-2[m] [36mJdbcBindingLogging[m - binding parameter (8:BIGINT) <- [642971]
[30m2026-09-03T15:12:58,358[m [30mTRACE [m[[1;34mhttp-nio-8080-exec-6[m] [36mJdbcBindingLogging[m - binding parameter (16:BIGINT) <- [642902]
[30m2026-09-03T15:12:58,358[m [30mTRACE [m[[1;34mhttp-nio-8080-exec-3[m] [36mJdbcBindingLogging[m - binding parameter (13:BIGINT) <- [642906]
[30m2026-09-03T15:12:58,358[m [30mTRACE [m[[1;34mhttp-nio-8080-exec-2[m] [36mJdbcBindingLogging[m - binding parameter (9:BIGINT) <- [642943]
[30m2026-09-03T15:12:58,358[m [30mTRACE [m[[1;34mhttp-nio-8080-exec-6[m] [36mJdbcBindingLogging[m - binding parameter (17:BIGINT) <- [642966]
[30m2026-09-03T15:12:58,358[m [30mTRACE [m[[1;34mhttp-nio-8080-exec-3[m] [36mJdbcBindingLogging[m - binding parameter (14:BIGINT) <- [642970]
[30m2026-09-03T15:12:58,358[m [30mTRACE [m[[1;34mhttp-nio-8080-exec-2[m] [36mJdbcBindingLogging[m - binding parameter (10:BIGINT) <- [642942]
[30m2026-09-03T15:12:58,358[m [30mTRACE [m[[1;34mhttp-nio-8080-exec-3[m] [36mJdbcBindingLogging[m - binding parameter (15:BIGINT) <- [642941]
[30m2026-09-03T15:12:58,358[m [30mTRACE [m[[1;34mhttp-nio-8080-exec-2[m] [36mJdbcBindingLogging[m - binding parameter (11:BIGINT) <- [642896]
[30m2026-09-03T15:12:58,358[m [30mTRACE [m[[1;34mhttp-nio-8080-exec-3[m] [36mJdbcBindingLogging[m - binding parameter (16:BIGINT) <- [642963]
[30m2026-09-03T15:12:58,358[m [30mTRACE [m[[1;34mhttp-nio-8080-exec-2[m] [36mJdbcBindingLogging[m - binding parameter (12:BIGINT) <- [642928]
[30m2026-09-03T15:12:58,359[m [30mTRACE [m[[1;34mhttp-nio-8080-exec-3[m] [36mJdbcBindingLogging[m - binding parameter (17:BIGINT) <- [642962]
[30m2026-09-03T15:12:58,359[m [30mTRACE [m[[1;34mhttp-nio-8080-exec-2[m] [36mJdbcBindingLogging[m - binding parameter (13:BIGINT) <- [642900]
[30m2026-09-03T15:12:58,359[m [30mTRACE [m[[1;34mhttp-nio-8080-exec-3[m] [36mJdbcBindingLogging[m - binding parameter (18:BIGINT) <- [642934]
[30m2026-09-03T15:12:58,359[m [30mTRACE [m[[1;34mhttp-nio-8080-exec-2[m] [36mJdbcBindingLogging[m - binding parameter (14:BIGINT) <- [642964]
[30m2026-09-03T15:12:58,359[m [30mTRACE [m[[1;34mhttp-nio-8080-exec-2[m] [36mJdbcBindingLogging[m - binding parameter (15:BIGINT) <- [642935]
[30m2026-09-03T15:12:58,361[m [36mDEBUG [m[[1;34mhttp-nio-8080-exec-8[m] [36mSqlStatementLogger[m - select pe1_0."PARTICIPANT_ID",pe1_0."CODE",pe1_0."COUNTRY_ID",pe1_0."CUSTODIAN",pe1_0."DIRECT_ALLOCATION",pe1_0."DOCUMENT_NUMBER",pe1_0."ENABLED",pe1_0."IDENTIFICATION_TYPE_ID",pe1_0."MARGIN_ACCOUNT",pe1_0."MARKET_MAKER",pe1_0."MASTER_ACCOUNT",pe1_0."MNEMONIC",pe1_0."NAME",pe1_0."NIT_CLEARING_HOUSE",pe1_0."REGISTRATION_DATE",pe1_0."SHORT_NAME",pe1_0."STATUS_ID",pe1_0."TAX_CODE",pe1_0."TAX_STATUS_ID",pe1_0."TYPE_ID",pe1_0."TYPE_ENTITY" from "NUANBODB"."PARTICIPANT" pe1_0 where lower(pe1_0."CODE") in (?)
[30m2026-09-03T15:12:58,361[m [30mTRACE [m[[1;34mhttp-nio-8080-exec-8[m] [36mJdbcBindingLogging[m - binding parameter (1:VARCHAR) <- [co0010]
[30m2026-09-03T15:12:58,361[m [36mDEBUG [m[[1;34mhttp-nio-8080-exec-4[m] [36mSqlStatementLogger[m - select pe1_0."PARTICIPANT_ID",pe1_0."CODE",pe1_0."COUNTRY_ID",pe1_0."CUSTODIAN",pe1_0."DIRECT_ALLOCATION",pe1_0."DOCUMENT_NUMBER",pe1_0."ENABLED",pe1_0."IDENTIFICATION_TYPE_ID",pe1_0."MARGIN_ACCOUNT",pe1_0."MARKET_MAKER",pe1_0."MASTER_ACCOUNT",pe1_0."MNEMONIC",pe1_0."NAME",pe1_0."NIT_CLEARING_HOUSE",pe1_0."REGISTRATION_DATE",pe1_0."SHORT_NAME",pe1_0."STATUS_ID",pe1_0."TAX_CODE",pe1_0."TAX_STATUS_ID",pe1_0."TYPE_ID",pe1_0."TYPE_ENTITY" from "NUANBODB"."PARTICIPANT" pe1_0 where lower(pe1_0."CODE") in (?)
[30m2026-09-03T15:12:58,361[m [30mTRACE [m[[1;34mhttp-nio-8080-exec-4[m] [36mJdbcBindingLogging[m - binding parameter (1:VARCHAR) <- [co0010]
[30m2026-09-03T15:12:58,361[m [36mDEBUG [m[[1;34mhttp-nio-8080-exec-3[m] [36mSqlStatementLogger[m - select pe1_0."PARTICIPANT_ID",pe1_0."CODE",pe1_0."COUNTRY_ID",pe1_0."CUSTODIAN",pe1_0."DIRECT_ALLOCATION",pe1_0."DOCUMENT_NUMBER",pe1_0."ENABLED",pe1_0."IDENTIFICATION_TYPE_ID",pe1_0."MARGIN_ACCOUNT",pe1_0."MARKET_MAKER",pe1_0."MASTER_ACCOUNT",pe1_0."MNEMONIC",pe1_0."NAME",pe1_0."NIT_CLEARING_HOUSE",pe1_0."REGISTRATION_DATE",pe1_0."SHORT_NAME",pe1_0."STATUS_ID",pe1_0."TAX_CODE",pe1_0."TAX_STATUS_ID",pe1_0."TYPE_ID",pe1_0."TYPE_ENTITY" from "NUANBODB"."PARTICIPANT" pe1_0 where lower(pe1_0."CODE") in (?)
[30m2026-09-03T15:12:58,361[m [30mTRACE [m[[1;34mhttp-nio-8080-exec-3[m] [36mJdbcBindingLogging[m - binding parameter (1:VARCHAR) <- [co0010]
[30m2026-09-03T15:12:58,361[m [36mDEBUG [m[[1;34mhttp-nio-8080-exec-6[m] [36mSqlStatementLogger[m - select pe1_0."PARTICIPANT_ID",pe1_0."CODE",pe1_0."COUNTRY_ID",pe1_0."CUSTODIAN",pe1_0."DIRECT_ALLOCATION",pe1_0."DOCUMENT_NUMBER",pe1_0."ENABLED",pe1_0."IDENTIFICATION_TYPE_ID",pe1_0."MARGIN_ACCOUNT",pe1_0."MARKET_MAKER",pe1_0."MASTER_ACCOUNT",pe1_0."MNEMONIC",pe1_0."NAME",pe1_0."NIT_CLEARING_HOUSE",pe1_0."REGISTRATION_DATE",pe1_0."SHORT_NAME",pe1_0."STATUS_ID",pe1_0."TAX_CODE",pe1_0."TAX_STATUS_ID",pe1_0."TYPE_ID",pe1_0."TYPE_ENTITY" from "NUANBODB"."PARTICIPANT" pe1_0 where lower(pe1_0."CODE") in (?)
[30m2026-09-03T15:12:58,361[m [30mTRACE [m[[1;34mhttp-nio-8080-exec-6[m] [36mJdbcBindingLogging[m - binding parameter (1:VARCHAR) <- [co0010]
[30m2026-09-03T15:12:58,362[m [36mDEBUG [m[[1;34mhttp-nio-8080-exec-2[m] [36mSqlStatementLogger[m - select pe1_0."PARTICIPANT_ID",pe1_0."CODE",pe1_0."COUNTRY_ID",pe1_0."CUSTODIAN",pe1_0."DIRECT_ALLOCATION",pe1_0."DOCUMENT_NUMBER",pe1_0."ENABLED",pe1_0."IDENTIFICATION_TYPE_ID",pe1_0."MARGIN_ACCOUNT",pe1_0."MARKET_MAKER",pe1_0."MASTER_ACCOUNT",pe1_0."MNEMONIC",pe1_0."NAME",pe1_0."NIT_CLEARING_HOUSE",pe1_0."REGISTRATION_DATE",pe1_0."SHORT_NAME",pe1_0."STATUS_ID",pe1_0."TAX_CODE",pe1_0."TAX_STATUS_ID",pe1_0."TYPE_ID",pe1_0."TYPE_ENTITY" from "NUANBODB"."PARTICIPANT" pe1_0 where lower(pe1_0."CODE") in (?)
[30m2026-09-03T15:12:58,362[m [30mTRACE [m[[1;34mhttp-nio-8080-exec-2[m] [36mJdbcBindingLogging[m - binding parameter (1:VARCHAR) <- [co0010]
[30m2026-09-03T15:12:58,365[m [36mDEBUG [m[[1;34mhttp-nio-8080-exec-8[m] [36mSqlStatementLogger[m - select ce1_0."COUNTRY_ID",ce1_0."CODE",ce1_0."CURRENCY_ID",c1_0."CURRENCY_ID",c1_0."CODE",c1_0."NAME",ce1_0."NAME",ce1_0."TIME_ZONE" from "NUANBODB"."COUNTRY" ce1_0 join "NUANBODB"."CURRENCY" c1_0 on c1_0."CURRENCY_ID"=ce1_0."CURRENCY_ID" where ce1_0."COUNTRY_ID"=?
[30m2026-09-03T15:12:58,365[m [30mTRACE [m[[1;34mhttp-nio-8080-exec-8[m] [36mJdbcBindingLogging[m - binding parameter (1:BIGINT) <- [37]
[30m2026-09-03T15:12:58,365[m [36mDEBUG [m[[1;34mhttp-nio-8080-exec-3[m] [36mSqlStatementLogger[m - select ce1_0."COUNTRY_ID",ce1_0."CODE",ce1_0."CURRENCY_ID",c1_0."CURRENCY_ID",c1_0."CODE",c1_0."NAME",ce1_0."NAME",ce1_0."TIME_ZONE" from "NUANBODB"."COUNTRY" ce1_0 join "NUANBODB"."CURRENCY" c1_0 on c1_0."CURRENCY_ID"=ce1_0."CURRENCY_ID" where ce1_0."COUNTRY_ID"=?
[30m2026-09-03T15:12:58,365[m [30mTRACE [m[[1;34mhttp-nio-8080-exec-3[m] [36mJdbcBindingLogging[m - binding parameter (1:BIGINT) <- [37]
[30m2026-09-03T15:12:58,366[m [36mDEBUG [m[[1;34mhttp-nio-8080-exec-8[m] [36mSqlStatementLogger[m - select ite1_0."IDENTIFICATION_TYPE_ID",ite1_0."CODE",ite1_0."DESCRIPTION" from "NUANBODB"."IDENTIFICATION_TYPE" ite1_0 where ite1_0."IDENTIFICATION_TYPE_ID"=?
[30m2026-09-03T15:12:58,366[m [36mDEBUG [m[[1;34mhttp-nio-8080-exec-3[m] [36mSqlStatementLogger[m - select ite1_0."IDENTIFICATION_TYPE_ID",ite1_0."CODE",ite1_0."DESCRIPTION" from "NUANBODB"."IDENTIFICATION_TYPE" ite1_0 where ite1_0."IDENTIFICATION_TYPE_ID"=?
[30m2026-09-03T15:12:58,366[m [30mTRACE [m[[1;34mhttp-nio-8080-exec-8[m] [36mJdbcBindingLogging[m - binding parameter (1:BIGINT) <- [7]
[30m2026-09-03T15:12:58,366[m [30mTRACE [m[[1;34mhttp-nio-8080-exec-3[m] [36mJdbcBindingLogging[m - binding parameter (1:BIGINT) <- [7]
[30m2026-09-03T15:12:58,366[m [36mDEBUG [m[[1;34mhttp-nio-8080-exec-8[m] [36mSqlStatementLogger[m - select se1_0."STATUS_ID",se1_0."CATEGORY",se1_0."DESCRIPTION" from "NUANBODB"."STATUS" se1_0 where se1_0."STATUS_ID"=?
[30m2026-09-03T15:12:58,366[m [30mTRACE [m[[1;34mhttp-nio-8080-exec-8[m] [36mJdbcBindingLogging[m - binding parameter (1:BIGINT) <- [510]
[30m2026-09-03T15:12:58,366[m [36mDEBUG [m[[1;34mhttp-nio-8080-exec-2[m] [36mSqlStatementLogger[m - select ce1_0."COUNTRY_ID",ce1_0."CODE",ce1_0."CURRENCY_ID",c1_0."CURRENCY_ID",c1_0."CODE",c1_0."NAME",ce1_0."NAME",ce1_0."TIME_ZONE" from "NUANBODB"."COUNTRY" ce1_0 join "NUANBODB"."CURRENCY" c1_0 on c1_0."CURRENCY_ID"=ce1_0."CURRENCY_ID" where ce1_0."COUNTRY_ID"=?
[30m2026-09-03T15:12:58,366[m [36mDEBUG [m[[1;34mhttp-nio-8080-exec-3[m] [36mSqlStatementLogger[m - select se1_0."STATUS_ID",se1_0."CATEGORY",se1_0."DESCRIPTION" from "NUANBODB"."STATUS" se1_0 where se1_0."STATUS_ID"=?
[30m2026-09-03T15:12:58,366[m [30mTRACE [m[[1;34mhttp-nio-8080-exec-2[m] [36mJdbcBindingLogging[m - binding parameter (1:BIGINT) <- [37]
[30m2026-09-03T15:12:58,366[m [30mTRACE [m[[1;34mhttp-nio-8080-exec-3[m] [36mJdbcBindingLogging[m - binding parameter (1:BIGINT) <- [510]
[30m2026-09-03T15:12:58,367[m [36mDEBUG [m[[1;34mhttp-nio-8080-exec-4[m] [36mSqlStatementLogger[m - select ce1_0."COUNTRY_ID",ce1_0."CODE",ce1_0."CURRENCY_ID",c1_0."CURRENCY_ID",c1_0."CODE",c1_0."NAME",ce1_0."NAME",ce1_0."TIME_ZONE" from "NUANBODB"."COUNTRY" ce1_0 join "NUANBODB"."CURRENCY" c1_0 on c1_0."CURRENCY_ID"=ce1_0."CURRENCY_ID" where ce1_0."COUNTRY_ID"=?
[30m2026-09-03T15:12:58,367[m [30mTRACE [m[[1;34mhttp-nio-8080-exec-4[m] [36mJdbcBindingLogging[m - binding parameter (1:BIGINT) <- [37]
[30m2026-09-03T15:12:58,367[m [36mDEBUG [m[[1;34mhttp-nio-8080-exec-3[m] [36mSqlStatementLogger[m - select tse1_0."TAX_STATUS_ID",tse1_0."DESCRIPTION",tse1_0."LAST_MODIFY_APPLIC",tse1_0."LAST_MODIFY_DATE",tse1_0."LAST_MODIFY_IP",tse1_0."LAST_MODIFY_USER" from "NUANBODB"."TAX_STATUS" tse1_0 where tse1_0."TAX_STATUS_ID"=?
[30m2026-09-03T15:12:58,367[m [30mTRACE [m[[1;34mhttp-nio-8080-exec-3[m] [36mJdbcBindingLogging[m - binding parameter (1:BIGINT) <- [0]
[30m2026-09-03T15:12:58,367[m [36mDEBUG [m[[1;34mhttp-nio-8080-exec-6[m] [36mSqlStatementLogger[m - select ce1_0."COUNTRY_ID",ce1_0."CODE",ce1_0."CURRENCY_ID",c1_0."CURRENCY_ID",c1_0."CODE",c1_0."NAME",ce1_0."NAME",ce1_0."TIME_ZONE" from "NUANBODB"."COUNTRY" ce1_0 join "NUANBODB"."CURRENCY" c1_0 on c1_0."CURRENCY_ID"=ce1_0."CURRENCY_ID" where ce1_0."COUNTRY_ID"=?
[30m2026-09-03T15:12:58,367[m [30mTRACE [m[[1;34mhttp-nio-8080-exec-6[m] [36mJdbcBindingLogging[m - binding parameter (1:BIGINT) <- [37]
[30m2026-09-03T15:12:58,367[m [36mDEBUG [m[[1;34mhttp-nio-8080-exec-2[m] [36mSqlStatementLogger[m - select ite1_0."IDENTIFICATION_TYPE_ID",ite1_0."CODE",ite1_0."DESCRIPTION" from "NUANBODB"."IDENTIFICATION_TYPE" ite1_0 where ite1_0."IDENTIFICATION_TYPE_ID"=?
[30m2026-09-03T15:12:58,367[m [30mTRACE [m[[1;34mhttp-nio-8080-exec-2[m] [36mJdbcBindingLogging[m - binding parameter (1:BIGINT) <- [7]
[30m2026-09-03T15:12:58,367[m [36mDEBUG [m[[1;34mhttp-nio-8080-exec-8[m] [36mSqlStatementLogger[m - select tse1_0."TAX_STATUS_ID",tse1_0."DESCRIPTION",tse1_0."LAST_MODIFY_APPLIC",tse1_0."LAST_MODIFY_DATE",tse1_0."LAST_MODIFY_IP",tse1_0."LAST_MODIFY_USER" from "NUANBODB"."TAX_STATUS" tse1_0 where tse1_0."TAX_STATUS_ID"=?
[30m2026-09-03T15:12:58,367[m [30mTRACE [m[[1;34mhttp-nio-8080-exec-8[m] [36mJdbcBindingLogging[m - binding parameter (1:BIGINT) <- [0]
[30m2026-09-03T15:12:58,368[m [36mDEBUG [m[[1;34mhttp-nio-8080-exec-4[m] [36mSqlStatementLogger[m - select ite1_0."IDENTIFICATION_TYPE_ID",ite1_0."CODE",ite1_0."DESCRIPTION" from "NUANBODB"."IDENTIFICATION_TYPE" ite1_0 where ite1_0."IDENTIFICATION_TYPE_ID"=?
[30m2026-09-03T15:12:58,368[m [30mTRACE [m[[1;34mhttp-nio-8080-exec-4[m] [36mJdbcBindingLogging[m - binding parameter (1:BIGINT) <- [7]
[30m2026-09-03T15:12:58,368[m [36mDEBUG [m[[1;34mhttp-nio-8080-exec-3[m] [36mSqlStatementLogger[m - select te1_0."TYPE_ID",te1_0."CATEGORY",te1_0."DESCRIPTION" from "NUANBODB"."TYPE" te1_0 where te1_0."TYPE_ID"=?
[30m2026-09-03T15:12:58,368[m [30mTRACE [m[[1;34mhttp-nio-8080-exec-3[m] [36mJdbcBindingLogging[m - binding parameter (1:BIGINT) <- [31]
[30m2026-09-03T15:12:58,368[m [36mDEBUG [m[[1;34mhttp-nio-8080-exec-2[m] [36mSqlStatementLogger[m - select se1_0."STATUS_ID",se1_0."CATEGORY",se1_0."DESCRIPTION" from "NUANBODB"."STATUS" se1_0 where se1_0."STATUS_ID"=?
[30m2026-09-03T15:12:58,368[m [36mDEBUG [m[[1;34mhttp-nio-8080-exec-6[m] [36mSqlStatementLogger[m - select ite1_0."IDENTIFICATION_TYPE_ID",ite1_0."CODE",ite1_0."DESCRIPTION" from "NUANBODB"."IDENTIFICATION_TYPE" ite1_0 where ite1_0."IDENTIFICATION_TYPE_ID"=?
[30m2026-09-03T15:12:58,368[m [30mTRACE [m[[1;34mhttp-nio-8080-exec-2[m] [36mJdbcBindingLogging[m - binding parameter (1:BIGINT) <- [510]
[30m2026-09-03T15:12:58,368[m [30mTRACE [m[[1;34mhttp-nio-8080-exec-6[m] [36mJdbcBindingLogging[m - binding parameter (1:BIGINT) <- [7]
[30m2026-09-03T15:12:58,368[m [36mDEBUG [m[[1;34mhttp-nio-8080-exec-8[m] [36mSqlStatementLogger[m - select te1_0."TYPE_ID",te1_0."CATEGORY",te1_0."DESCRIPTION" from "NUANBODB"."TYPE" te1_0 where te1_0."TYPE_ID"=?
[30m2026-09-03T15:12:58,368[m [30mTRACE [m[[1;34mhttp-nio-8080-exec-8[m] [36mJdbcBindingLogging[m - binding parameter (1:BIGINT) <- [31]
[30m2026-09-03T15:12:58,368[m [36mDEBUG [m[[1;34mhttp-nio-8080-exec-4[m] [36mSqlStatementLogger[m - select se1_0."STATUS_ID",se1_0."CATEGORY",se1_0."DESCRIPTION" from "NUANBODB"."STATUS" se1_0 where se1_0."STATUS_ID"=?
[30m2026-09-03T15:12:58,368[m [30mTRACE [m[[1;34mhttp-nio-8080-exec-4[m] [36mJdbcBindingLogging[m - binding parameter (1:BIGINT) <- [510]
[30m2026-09-03T15:12:58,369[m [36mDEBUG [m[[1;34mhttp-nio-8080-exec-2[m] [36mSqlStatementLogger[m - select tse1_0."TAX_STATUS_ID",tse1_0."DESCRIPTION",tse1_0."LAST_MODIFY_APPLIC",tse1_0."LAST_MODIFY_DATE",tse1_0."LAST_MODIFY_IP",tse1_0."LAST_MODIFY_USER" from "NUANBODB"."TAX_STATUS" tse1_0 where tse1_0."TAX_STATUS_ID"=?
[30m2026-09-03T15:12:58,369[m [36mDEBUG [m[[1;34mhttp-nio-8080-exec-6[m] [36mSqlStatementLogger[m - select se1_0."STATUS_ID",se1_0."CATEGORY",se1_0."DESCRIPTION" from "NUANBODB"."STATUS" se1_0 where se1_0."STATUS_ID"=?
[30m2026-09-03T15:12:58,369[m [30mTRACE [m[[1;34mhttp-nio-8080-exec-2[m] [36mJdbcBindingLogging[m - binding parameter (1:BIGINT) <- [0]
[30m2026-09-03T15:12:58,369[m [30mTRACE [m[[1;34mhttp-nio-8080-exec-6[m] [36mJdbcBindingLogging[m - binding parameter (1:BIGINT) <- [510]
[30m2026-09-03T15:12:58,369[m [36mDEBUG [m[[1;34mhttp-nio-8080-exec-4[m] [36mSqlStatementLogger[m - select tse1_0."TAX_STATUS_ID",tse1_0."DESCRIPTION",tse1_0."LAST_MODIFY_APPLIC",tse1_0."LAST_MODIFY_DATE",tse1_0."LAST_MODIFY_IP",tse1_0."LAST_MODIFY_USER" from "NUANBODB"."TAX_STATUS" tse1_0 where tse1_0."TAX_STATUS_ID"=?
[30m2026-09-03T15:12:58,369[m [36mDEBUG [m[[1;34mhttp-nio-8080-exec-3[m] [36mSqlStatementLogger[m - select pae1_0."PARTICIPANT_ACCOUNT_ID",pae1_0."ACCOUNT_NUMBER",pae1_0."DEPOSITORY_ID",pae1_0."IND_MASTER",pae1_0."LAST_MODIFY_APPLIC",pae1_0."LAST_MODIFY_DATE",pae1_0."LAST_MODIFY_IP",pae1_0."LAST_MODIFY_USER",pae1_0."ORIGIN_TYPE_ID",pae1_0."PARTICIPANT_ID",pae1_0."STATUS_ID",pae1_0."TAX_EXEMP",pae1_0."TYPE_ID" from "NUANBODB"."PARTICIPANT_ACCOUNT" pae1_0 left join "NUANBODB"."DEPOSITORY" d1_0 on d1_0."DEPOSITORY_ID"=pae1_0."DEPOSITORY_ID" left join "NUANBODB"."TYPE" ot1_0 on ot1_0."TYPE_ID"=pae1_0."ORIGIN_TYPE_ID" where pae1_0."ACCOUNT_NUMBER"=? and d1_0."DEPOSITORY_ID"=? and ot1_0."TYPE_ID"<>? fetch first ? rows only
[30m2026-09-03T15:12:58,369[m [30mTRACE [m[[1;34mhttp-nio-8080-exec-4[m] [36mJdbcBindingLogging[m - binding parameter (1:BIGINT) <- [0]
[30m2026-09-03T15:12:58,369[m [30mTRACE [m[[1;34mhttp-nio-8080-exec-3[m] [36mJdbcBindingLogging[m - binding parameter (1:VARCHAR) <- [4021801]
[30m2026-09-03T15:12:58,369[m [30mTRACE [m[[1;34mhttp-nio-8080-exec-3[m] [36mJdbcBindingLogging[m - binding parameter (2:VARCHAR) <- [1]
[30m2026-09-03T15:12:58,369[m [30mTRACE [m[[1;34mhttp-nio-8080-exec-3[m] [36mJdbcBindingLogging[m - binding parameter (3:BIGINT) <- [121]
[30m2026-09-03T15:12:58,369[m [30mTRACE [m[[1;34mhttp-nio-8080-exec-3[m] [36mJdbcBindingLogging[m - binding parameter (4:INTEGER) <- [1]
[30m2026-09-03T15:12:58,369[m [36mDEBUG [m[[1;34mhttp-nio-8080-exec-8[m] [36mSqlStatementLogger[m - select pae1_0."PARTICIPANT_ACCOUNT_ID",pae1_0."ACCOUNT_NUMBER",pae1_0."DEPOSITORY_ID",pae1_0."IND_MASTER",pae1_0."LAST_MODIFY_APPLIC",pae1_0."LAST_MODIFY_DATE",pae1_0."LAST_MODIFY_IP",pae1_0."LAST_MODIFY_USER",pae1_0."ORIGIN_TYPE_ID",pae1_0."PARTICIPANT_ID",pae1_0."STATUS_ID",pae1_0."TAX_EXEMP",pae1_0."TYPE_ID" from "NUANBODB"."PARTICIPANT_ACCOUNT" pae1_0 left join "NUANBODB"."DEPOSITORY" d1_0 on d1_0."DEPOSITORY_ID"=pae1_0."DEPOSITORY_ID" left join "NUANBODB"."TYPE" ot1_0 on ot1_0."TYPE_ID"=pae1_0."ORIGIN_TYPE_ID" where pae1_0."ACCOUNT_NUMBER"=? and d1_0."DEPOSITORY_ID"=? and ot1_0."TYPE_ID"<>? fetch first ? rows only
[30m2026-09-03T15:12:58,369[m [30mTRACE [m[[1;34mhttp-nio-8080-exec-8[m] [36mJdbcBindingLogging[m - binding parameter (1:VARCHAR) <- [4021801]
[30m2026-09-03T15:12:58,369[m [30mTRACE [m[[1;34mhttp-nio-8080-exec-8[m] [36mJdbcBindingLogging[m - binding parameter (2:VARCHAR) <- [1]
[30m2026-09-03T15:12:58,369[m [30mTRACE [m[[1;34mhttp-nio-8080-exec-8[m] [36mJdbcBindingLogging[m - binding parameter (3:BIGINT) <- [121]
[30m2026-09-03T15:12:58,369[m [30mTRACE [m[[1;34mhttp-nio-8080-exec-8[m] [36mJdbcBindingLogging[m - binding parameter (4:INTEGER) <- [1]
[30m2026-09-03T15:12:58,369[m [36mDEBUG [m[[1;34mhttp-nio-8080-exec-4[m] [36mSqlStatementLogger[m - select te1_0."TYPE_ID",te1_0."CATEGORY",te1_0."DESCRIPTION" from "NUANBODB"."TYPE" te1_0 where te1_0."TYPE_ID"=?
[30m2026-09-03T15:12:58,370[m [30mTRACE [m[[1;34mhttp-nio-8080-exec-4[m] [36mJdbcBindingLogging[m - binding parameter (1:BIGINT) <- [31]
[30m2026-09-03T15:12:58,370[m [36mDEBUG [m[[1;34mhttp-nio-8080-exec-6[m] [36mSqlStatementLogger[m - select tse1_0."TAX_STATUS_ID",tse1_0."DESCRIPTION",tse1_0."LAST_MODIFY_APPLIC",tse1_0."LAST_MODIFY_DATE",tse1_0."LAST_MODIFY_IP",tse1_0."LAST_MODIFY_USER" from "NUANBODB"."TAX_STATUS" tse1_0 where tse1_0."TAX_STATUS_ID"=?
[30m2026-09-03T15:12:58,369[m [36mDEBUG [m[[1;34mhttp-nio-8080-exec-2[m] [36mSqlStatementLogger[m - select te1_0."TYPE_ID",te1_0."CATEGORY",te1_0."DESCRIPTION" from "NUANBODB"."TYPE" te1_0 where te1_0."TYPE_ID"=?
[30m2026-09-03T15:12:58,370[m [30mTRACE [m[[1;34mhttp-nio-8080-exec-6[m] [36mJdbcBindingLogging[m - binding parameter (1:BIGINT) <- [0]
[30m2026-09-03T15:12:58,370[m [30mTRACE [m[[1;34mhttp-nio-8080-exec-2[m] [36mJdbcBindingLogging[m - binding parameter (1:BIGINT) <- [31]
[30m2026-09-03T15:12:58,370[m [36mDEBUG [m[[1;34mhttp-nio-8080-exec-3[m] [36mSqlStatementLogger[m - select iae1_0."INVESTOR_ACCOUNT_ID",iae1_0."ACCOUNT_NAME",iae1_0."ACCOUNT_NUMBER",iae1_0."DEPOSITORY_ID",iae1_0."INVESTOR_ID",iae1_0."LAST_MODIFY_APPLIC",iae1_0."LAST_MODIFY_DATE",iae1_0."LAST_MODIFY_IP",iae1_0."LAST_MODIFY_USER",iae1_0."ORIGIN_TYPE_ID",iae1_0."PARTICIPANT_ID",iae1_0."STATUS_ID",iae1_0."TAX_EXEMP",iae1_0."TYPE_ID" from "NUANBODB"."INVESTOR_ACCOUNT" iae1_0 left join "NUANBODB"."INVESTOR" i1_0 on i1_0."INVESTOR_ID"=iae1_0."INVESTOR_ID" left join "NUANBODB"."DEPOSITORY" d1_0 on d1_0."DEPOSITORY_ID"=iae1_0."DEPOSITORY_ID" left join "NUANBODB"."TYPE" ot1_0 on ot1_0."TYPE_ID"=iae1_0."ORIGIN_TYPE_ID" where iae1_0."ACCOUNT_NUMBER"=? and i1_0."DOCUMENT_NUMBER"<>? and d1_0."DEPOSITORY_ID"=? and ot1_0."TYPE_ID"<>? fetch first ? rows only
[30m2026-09-03T15:12:58,370[m [36mDEBUG [m[[1;34mhttp-nio-8080-exec-8[m] [36mSqlStatementLogger[m - select iae1_0."INVESTOR_ACCOUNT_ID",iae1_0."ACCOUNT_NAME",iae1_0."ACCOUNT_NUMBER",iae1_0."DEPOSITORY_ID",iae1_0."INVESTOR_ID",iae1_0."LAST_MODIFY_APPLIC",iae1_0."LAST_MODIFY_DATE",iae1_0."LAST_MODIFY_IP",iae1_0."LAST_MODIFY_USER",iae1_0."ORIGIN_TYPE_ID",iae1_0."PARTICIPANT_ID",iae1_0."STATUS_ID",iae1_0."TAX_EXEMP",iae1_0."TYPE_ID" from "NUANBODB"."INVESTOR_ACCOUNT" iae1_0 left join "NUANBODB"."INVESTOR" i1_0 on i1_0."INVESTOR_ID"=iae1_0."INVESTOR_ID" left join "NUANBODB"."DEPOSITORY" d1_0 on d1_0."DEPOSITORY_ID"=iae1_0."DEPOSITORY_ID" left join "NUANBODB"."TYPE" ot1_0 on ot1_0."TYPE_ID"=iae1_0."ORIGIN_TYPE_ID" where iae1_0."ACCOUNT_NUMBER"=? and i1_0."DOCUMENT_NUMBER"<>? and d1_0."DEPOSITORY_ID"=? and ot1_0."TYPE_ID"<>? fetch first ? rows only
[30m2026-09-03T15:12:58,370[m [30mTRACE [m[[1;34mhttp-nio-8080-exec-3[m] [36mJdbcBindingLogging[m - binding parameter (1:VARCHAR) <- [4021801]
[30m2026-09-03T15:12:58,370[m [30mTRACE [m[[1;34mhttp-nio-8080-exec-8[m] [36mJdbcBindingLogging[m - binding parameter (1:VARCHAR) <- [4021801]
[30m2026-09-03T15:12:58,370[m [30mTRACE [m[[1;34mhttp-nio-8080-exec-3[m] [36mJdbcBindingLogging[m - binding parameter (2:VARCHAR) <- [800128735-8]
[30m2026-09-03T15:12:58,370[m [30mTRACE [m[[1;34mhttp-nio-8080-exec-8[m] [36mJdbcBindingLogging[m - binding parameter (2:VARCHAR) <- [800128735-8]
[30m2026-09-03T15:12:58,370[m [36mDEBUG [m[[1;34mhttp-nio-8080-exec-6[m] [36mSqlStatementLogger[m - select te1_0."TYPE_ID",te1_0."CATEGORY",te1_0."DESCRIPTION" from "NUANBODB"."TYPE" te1_0 where te1_0."TYPE_ID"=?
[30m2026-09-03T15:12:58,370[m [30mTRACE [m[[1;34mhttp-nio-8080-exec-3[m] [36mJdbcBindingLogging[m - binding parameter (3:VARCHAR) <- [1]
[30m2026-09-03T15:12:58,370[m [30mTRACE [m[[1;34mhttp-nio-8080-exec-8[m] [36mJdbcBindingLogging[m - binding parameter (3:VARCHAR) <- [1]
[30m2026-09-03T15:12:58,370[m [30mTRACE [m[[1;34mhttp-nio-8080-exec-6[m] [36mJdbcBindingLogging[m - binding parameter (1:BIGINT) <- [31]
[30m2026-09-03T15:12:58,370[m [36mDEBUG [m[[1;34mhttp-nio-8080-exec-4[m] [36mSqlStatementLogger[m - select pae1_0."PARTICIPANT_ACCOUNT_ID",pae1_0."ACCOUNT_NUMBER",pae1_0."DEPOSITORY_ID",pae1_0."IND_MASTER",pae1_0."LAST_MODIFY_APPLIC",pae1_0."LAST_MODIFY_DATE",pae1_0."LAST_MODIFY_IP",pae1_0."LAST_MODIFY_USER",pae1_0."ORIGIN_TYPE_ID",pae1_0."PARTICIPANT_ID",pae1_0."STATUS_ID",pae1_0."TAX_EXEMP",pae1_0."TYPE_ID" from "NUANBODB"."PARTICIPANT_ACCOUNT" pae1_0 left join "NUANBODB"."DEPOSITORY" d1_0 on d1_0."DEPOSITORY_ID"=pae1_0."DEPOSITORY_ID" left join "NUANBODB"."TYPE" ot1_0 on ot1_0."TYPE_ID"=pae1_0."ORIGIN_TYPE_ID" where pae1_0."ACCOUNT_NUMBER"=? and d1_0."DEPOSITORY_ID"=? and ot1_0."TYPE_ID"<>? fetch first ? rows only
[30m2026-09-03T15:12:58,370[m [30mTRACE [m[[1;34mhttp-nio-8080-exec-3[m] [36mJdbcBindingLogging[m - binding parameter (4:BIGINT) <- [121]
[30m2026-09-03T15:12:58,370[m [30mTRACE [m[[1;34mhttp-nio-8080-exec-8[m] [36mJdbcBindingLogging[m - binding parameter (4:BIGINT) <- [121]
[30m2026-09-03T15:12:58,370[m [30mTRACE [m[[1;34mhttp-nio-8080-exec-3[m] [36mJdbcBindingLogging[m - binding parameter (5:INTEGER) <- [1]
[30m2026-09-03T15:12:58,370[m [30mTRACE [m[[1;34mhttp-nio-8080-exec-4[m] [36mJdbcBindingLogging[m - binding parameter (1:VARCHAR) <- [4021801]
[30m2026-09-03T15:12:58,371[m [30mTRACE [m[[1;34mhttp-nio-8080-exec-4[m] [36mJdbcBindingLogging[m - binding parameter (2:VARCHAR) <- [1]
[30m2026-09-03T15:12:58,371[m [30mTRACE [m[[1;34mhttp-nio-8080-exec-8[m] [36mJdbcBindingLogging[m - binding parameter (5:INTEGER) <- [1]
[30m2026-09-03T15:12:58,371[m [30mTRACE [m[[1;34mhttp-nio-8080-exec-4[m] [36mJdbcBindingLogging[m - binding parameter (3:BIGINT) <- [121]
[30m2026-09-03T15:12:58,371[m [30mTRACE [m[[1;34mhttp-nio-8080-exec-4[m] [36mJdbcBindingLogging[m - binding parameter (4:INTEGER) <- [1]
[30m2026-09-03T15:12:58,371[m [36mDEBUG [m[[1;34mhttp-nio-8080-exec-2[m] [36mSqlStatementLogger[m - select pae1_0."PARTICIPANT_ACCOUNT_ID",pae1_0."ACCOUNT_NUMBER",pae1_0."DEPOSITORY_ID",pae1_0."IND_MASTER",pae1_0."LAST_MODIFY_APPLIC",pae1_0."LAST_MODIFY_DATE",pae1_0."LAST_MODIFY_IP",pae1_0."LAST_MODIFY_USER",pae1_0."ORIGIN_TYPE_ID",pae1_0."PARTICIPANT_ID",pae1_0."STATUS_ID",pae1_0."TAX_EXEMP",pae1_0."TYPE_ID" from "NUANBODB"."PARTICIPANT_ACCOUNT" pae1_0 left join "NUANBODB"."DEPOSITORY" d1_0 on d1_0."DEPOSITORY_ID"=pae1_0."DEPOSITORY_ID" left join "NUANBODB"."TYPE" ot1_0 on ot1_0."TYPE_ID"=pae1_0."ORIGIN_TYPE_ID" where pae1_0."ACCOUNT_NUMBER"=? and d1_0."DEPOSITORY_ID"=? and ot1_0."TYPE_ID"<>? fetch first ? rows only
[30m2026-09-03T15:12:58,371[m [30mTRACE [m[[1;34mhttp-nio-8080-exec-2[m] [36mJdbcBindingLogging[m - binding parameter (1:VARCHAR) <- [4021801]
[30m2026-09-03T15:12:58,371[m [30mTRACE [m[[1;34mhttp-nio-8080-exec-2[m] [36mJdbcBindingLogging[m - binding parameter (2:VARCHAR) <- [1]
[30m2026-09-03T15:12:58,371[m [30mTRACE [m[[1;34mhttp-nio-8080-exec-2[m] [36mJdbcBindingLogging[m - binding parameter (3:BIGINT) <- [121]
[30m2026-09-03T15:12:58,371[m [30mTRACE [m[[1;34mhttp-nio-8080-exec-2[m] [36mJdbcBindingLogging[m - binding parameter (4:INTEGER) <- [1]
[30m2026-09-03T15:12:58,371[m [36mDEBUG [m[[1;34mhttp-nio-8080-exec-3[m] [36mSqlStatementLogger[m - select de1_0."DEPOSITORY_ID",de1_0."DESCRIPTION" from "NUANBODB"."DEPOSITORY" de1_0 where de1_0."DEPOSITORY_ID"=?
[30m2026-09-03T15:12:58,371[m [30mTRACE [m[[1;34mhttp-nio-8080-exec-3[m] [36mJdbcBindingLogging[m - binding parameter (1:VARCHAR) <- [1]
[30m2026-09-03T15:12:58,371[m [36mDEBUG [m[[1;34mhttp-nio-8080-exec-6[m] [36mSqlStatementLogger[m - select pae1_0."PARTICIPANT_ACCOUNT_ID",pae1_0."ACCOUNT_NUMBER",pae1_0."DEPOSITORY_ID",pae1_0."IND_MASTER",pae1_0."LAST_MODIFY_APPLIC",pae1_0."LAST_MODIFY_DATE",pae1_0."LAST_MODIFY_IP",pae1_0."LAST_MODIFY_USER",pae1_0."ORIGIN_TYPE_ID",pae1_0."PARTICIPANT_ID",pae1_0."STATUS_ID",pae1_0."TAX_EXEMP",pae1_0."TYPE_ID" from "NUANBODB"."PARTICIPANT_ACCOUNT" pae1_0 left join "NUANBODB"."DEPOSITORY" d1_0 on d1_0."DEPOSITORY_ID"=pae1_0."DEPOSITORY_ID" left join "NUANBODB"."TYPE" ot1_0 on ot1_0."TYPE_ID"=pae1_0."ORIGIN_TYPE_ID" where pae1_0."ACCOUNT_NUMBER"=? and d1_0."DEPOSITORY_ID"=? and ot1_0."TYPE_ID"<>? fetch first ? rows only
[30m2026-09-03T15:12:58,371[m [30mTRACE [m[[1;34mhttp-nio-8080-exec-6[m] [36mJdbcBindingLogging[m - binding parameter (1:VARCHAR) <- [4021801]
[30m2026-09-03T15:12:58,371[m [30mTRACE [m[[1;34mhttp-nio-8080-exec-6[m] [36mJdbcBindingLogging[m - binding parameter (2:VARCHAR) <- [1]
[30m2026-09-03T15:12:58,372[m [30mTRACE [m[[1;34mhttp-nio-8080-exec-6[m] [36mJdbcBindingLogging[m - binding parameter (3:BIGINT) <- [121]
[30m2026-09-03T15:12:58,372[m [30mTRACE [m[[1;34mhttp-nio-8080-exec-6[m] [36mJdbcBindingLogging[m - binding parameter (4:INTEGER) <- [1]
[30m2026-09-03T15:12:58,372[m [36mDEBUG [m[[1;34mhttp-nio-8080-exec-8[m] [36mSqlStatementLogger[m - select de1_0."DEPOSITORY_ID",de1_0."DESCRIPTION" from "NUANBODB"."DEPOSITORY" de1_0 where de1_0."DEPOSITORY_ID"=?
[30m2026-09-03T15:12:58,372[m [30mTRACE [m[[1;34mhttp-nio-8080-exec-8[m] [36mJdbcBindingLogging[m - binding parameter (1:VARCHAR) <- [1]
[30m2026-09-03T15:12:58,372[m [36mDEBUG [m[[1;34mhttp-nio-8080-exec-4[m] [36mSqlStatementLogger[m - select iae1_0."INVESTOR_ACCOUNT_ID",iae1_0."ACCOUNT_NAME",iae1_0."ACCOUNT_NUMBER",iae1_0."DEPOSITORY_ID",iae1_0."INVESTOR_ID",iae1_0."LAST_MODIFY_APPLIC",iae1_0."LAST_MODIFY_DATE",iae1_0."LAST_MODIFY_IP",iae1_0."LAST_MODIFY_USER",iae1_0."ORIGIN_TYPE_ID",iae1_0."PARTICIPANT_ID",iae1_0."STATUS_ID",iae1_0."TAX_EXEMP",iae1_0."TYPE_ID" from "NUANBODB"."INVESTOR_ACCOUNT" iae1_0 left join "NUANBODB"."INVESTOR" i1_0 on i1_0."INVESTOR_ID"=iae1_0."INVESTOR_ID" left join "NUANBODB"."DEPOSITORY" d1_0 on d1_0."DEPOSITORY_ID"=iae1_0."DEPOSITORY_ID" left join "NUANBODB"."TYPE" ot1_0 on ot1_0."TYPE_ID"=iae1_0."ORIGIN_TYPE_ID" where iae1_0."ACCOUNT_NUMBER"=? and i1_0."DOCUMENT_NUMBER"<>? and d1_0."DEPOSITORY_ID"=? and ot1_0."TYPE_ID"<>? fetch first ? rows only
[30m2026-09-03T15:12:58,372[m [30mTRACE [m[[1;34mhttp-nio-8080-exec-4[m] [36mJdbcBindingLogging[m - binding parameter (1:VARCHAR) <- [4021801]
[30m2026-09-03T15:12:58,372[m [30mTRACE [m[[1;34mhttp-nio-8080-exec-4[m] [36mJdbcBindingLogging[m - binding parameter (2:VARCHAR) <- [800128735-8]
[30m2026-09-03T15:12:58,372[m [30mTRACE [m[[1;34mhttp-nio-8080-exec-4[m] [36mJdbcBindingLogging[m - binding parameter (3:VARCHAR) <- [1]
[30m2026-09-03T15:12:58,372[m [36mDEBUG [m[[1;34mhttp-nio-8080-exec-2[m] [36mSqlStatementLogger[m - select iae1_0."INVESTOR_ACCOUNT_ID",iae1_0."ACCOUNT_NAME",iae1_0."ACCOUNT_NUMBER",iae1_0."DEPOSITORY_ID",iae1_0."INVESTOR_ID",iae1_0."LAST_MODIFY_APPLIC",iae1_0."LAST_MODIFY_DATE",iae1_0."LAST_MODIFY_IP",iae1_0."LAST_MODIFY_USER",iae1_0."ORIGIN_TYPE_ID",iae1_0."PARTICIPANT_ID",iae1_0."STATUS_ID",iae1_0."TAX_EXEMP",iae1_0."TYPE_ID" from "NUANBODB"."INVESTOR_ACCOUNT" iae1_0 left join "NUANBODB"."INVESTOR" i1_0 on i1_0."INVESTOR_ID"=iae1_0."INVESTOR_ID" left join "NUANBODB"."DEPOSITORY" d1_0 on d1_0."DEPOSITORY_ID"=iae1_0."DEPOSITORY_ID" left join "NUANBODB"."TYPE" ot1_0 on ot1_0."TYPE_ID"=iae1_0."ORIGIN_TYPE_ID" where iae1_0."ACCOUNT_NUMBER"=? and i1_0."DOCUMENT_NUMBER"<>? and d1_0."DEPOSITORY_ID"=? and ot1_0."TYPE_ID"<>? fetch first ? rows only
[30m2026-09-03T15:12:58,372[m [30mTRACE [m[[1;34mhttp-nio-8080-exec-4[m] [36mJdbcBindingLogging[m - binding parameter (4:BIGINT) <- [121]
[30m2026-09-03T15:12:58,372[m [30mTRACE [m[[1;34mhttp-nio-8080-exec-4[m] [36mJdbcBindingLogging[m - binding parameter (5:INTEGER) <- [1]
[30m2026-09-03T15:12:58,372[m [36mDEBUG [m[[1;34mhttp-nio-8080-exec-3[m] [36mSqlStatementLogger[m - select ie1_0."INVESTOR_ID",ie1_0."CLEARINGHOUSE_CODE",ie1_0."CODE",ie1_0."COMPANY_NAME",ie1_0."COUNTRY_ID",c1_0."COUNTRY_ID",c1_0."CODE",c1_0."CURRENCY_ID",c2_0."CURRENCY_ID",c2_0."CODE",c2_0."NAME",c1_0."NAME",c1_0."TIME_ZONE",ie1_0."DOCUMENT_NUMBER",ie1_0."FIRST_NAME",g1_0."GICS_ID",g1_0."DESCRIPTION",ie1_0."IDENTIFICATION_TYPE_ID",it1_0."IDENTIFICATION_TYPE_ID",it1_0."CODE",it1_0."DESCRIPTION",ie1_0."LAST_MODIFY_APPLIC",ie1_0."LAST_MODIFY_DATE",ie1_0."LAST_MODIFY_IP",ie1_0."LAST_MODIFY_USER",ie1_0."LAST_NAME",ie1_0."MONEY_LAUNDERING_FLAG",ie1_0."NATIONALITY",ie1_0."STATUS_ID",s1_0."STATUS_ID",s1_0."CATEGORY",s1_0."DESCRIPTION",ie1_0."TAX_EXEMP",ts1_0."TAX_STATUS_ID",ts1_0."DESCRIPTION",ts1_0."LAST_MODIFY_APPLIC",ts1_0."LAST_MODIFY_DATE",ts1_0."LAST_MODIFY_IP",ts1_0."LAST_MODIFY_USER",ie1_0."TYPE_ID",t1_0."TYPE_ID",t1_0."CATEGORY",t1_0."DESCRIPTION" from "NUANBODB"."INVESTOR" ie1_0 join "NUANBODB"."COUNTRY" c1_0 on c1_0."COUNTRY_ID"=ie1_0."COUNTRY_ID" join "NUANBODB"."CURRENCY" c2_0 on c2_0."CURRENCY_ID"=c1_0."CURRENCY_ID" left join "NUANBODB"."GICS" g1_0 on g1_0."GICS_ID"=ie1_0."GICS_ID" join "NUANBODB"."IDENTIFICATION_TYPE" it1_0 on it1_0."IDENTIFICATION_TYPE_ID"=ie1_0."IDENTIFICATION_TYPE_ID" join "NUANBODB"."STATUS" s1_0 on s1_0."STATUS_ID"=ie1_0."STATUS_ID" left join "NUANBODB"."TAX_STATUS" ts1_0 on ts1_0."TAX_STATUS_ID"=ie1_0."TAX_STATUS_ID" join "NUANBODB"."TYPE" t1_0 on t1_0."TYPE_ID"=ie1_0."TYPE_ID" where ie1_0."INVESTOR_ID"=?
[30m2026-09-03T15:12:58,372[m [30mTRACE [m[[1;34mhttp-nio-8080-exec-2[m] [36mJdbcBindingLogging[m - binding parameter (1:VARCHAR) <- [4021801]
[30m2026-09-03T15:12:58,372[m [30mTRACE [m[[1;34mhttp-nio-8080-exec-3[m] [36mJdbcBindingLogging[m - binding parameter (1:BIGINT) <- [167]
[30m2026-09-03T15:12:58,372[m [30mTRACE [m[[1;34mhttp-nio-8080-exec-2[m] [36mJdbcBindingLogging[m - binding parameter (2:VARCHAR) <- [800128735-8]
[30m2026-09-03T15:12:58,372[m [30mTRACE [m[[1;34mhttp-nio-8080-exec-2[m] [36mJdbcBindingLogging[m - binding parameter (3:VARCHAR) <- [1]
[30m2026-09-03T15:12:58,372[m [30mTRACE [m[[1;34mhttp-nio-8080-exec-2[m] [36mJdbcBindingLogging[m - binding parameter (4:BIGINT) <- [121]
[30m2026-09-03T15:12:58,372[m [30mTRACE [m[[1;34mhttp-nio-8080-exec-2[m] [36mJdbcBindingLogging[m - binding parameter (5:INTEGER) <- [1]
[30m2026-09-03T15:12:58,372[m [36mDEBUG [m[[1;34mhttp-nio-8080-exec-8[m] [36mSqlStatementLogger[m - select ie1_0."INVESTOR_ID",ie1_0."CLEARINGHOUSE_CODE",ie1_0."CODE",ie1_0."COMPANY_NAME",ie1_0."COUNTRY_ID",c1_0."COUNTRY_ID",c1_0."CODE",c1_0."CURRENCY_ID",c2_0."CURRENCY_ID",c2_0."CODE",c2_0."NAME",c1_0."NAME",c1_0."TIME_ZONE",ie1_0."DOCUMENT_NUMBER",ie1_0."FIRST_NAME",g1_0."GICS_ID",g1_0."DESCRIPTION",ie1_0."IDENTIFICATION_TYPE_ID",it1_0."IDENTIFICATION_TYPE_ID",it1_0."CODE",it1_0."DESCRIPTION",ie1_0."LAST_MODIFY_APPLIC",ie1_0."LAST_MODIFY_DATE",ie1_0."LAST_MODIFY_IP",ie1_0."LAST_MODIFY_USER",ie1_0."LAST_NAME",ie1_0."MONEY_LAUNDERING_FLAG",ie1_0."NATIONALITY",ie1_0."STATUS_ID",s1_0."STATUS_ID",s1_0."CATEGORY",s1_0."DESCRIPTION",ie1_0."TAX_EXEMP",ts1_0."TAX_STATUS_ID",ts1_0."DESCRIPTION",ts1_0."LAST_MODIFY_APPLIC",ts1_0."LAST_MODIFY_DATE",ts1_0."LAST_MODIFY_IP",ts1_0."LAST_MODIFY_USER",ie1_0."TYPE_ID",t1_0."TYPE_ID",t1_0."CATEGORY",t1_0."DESCRIPTION" from "NUANBODB"."INVESTOR" ie1_0 join "NUANBODB"."COUNTRY" c1_0 on c1_0."COUNTRY_ID"=ie1_0."COUNTRY_ID" join "NUANBODB"."CURRENCY" c2_0 on c2_0."CURRENCY_ID"=c1_0."CURRENCY_ID" left join "NUANBODB"."GICS" g1_0 on g1_0."GICS_ID"=ie1_0."GICS_ID" join "NUANBODB"."IDENTIFICATION_TYPE" it1_0 on it1_0."IDENTIFICATION_TYPE_ID"=ie1_0."IDENTIFICATION_TYPE_ID" join "NUANBODB"."STATUS" s1_0 on s1_0."STATUS_ID"=ie1_0."STATUS_ID" left join "NUANBODB"."TAX_STATUS" ts1_0 on ts1_0."TAX_STATUS_ID"=ie1_0."TAX_STATUS_ID" join "NUANBODB"."TYPE" t1_0 on t1_0."TYPE_ID"=ie1_0."TYPE_ID" where ie1_0."INVESTOR_ID"=?
[30m2026-09-03T15:12:58,372[m [30mTRACE [m[[1;34mhttp-nio-8080-exec-8[m] [36mJdbcBindingLogging[m - binding parameter (1:BIGINT) <- [167]
[30m2026-09-03T15:12:58,372[m [36mDEBUG [m[[1;34mhttp-nio-8080-exec-6[m] [36mSqlStatementLogger[m - select iae1_0."INVESTOR_ACCOUNT_ID",iae1_0."ACCOUNT_NAME",iae1_0."ACCOUNT_NUMBER",iae1_0."DEPOSITORY_ID",iae1_0."INVESTOR_ID",iae1_0."LAST_MODIFY_APPLIC",iae1_0."LAST_MODIFY_DATE",iae1_0."LAST_MODIFY_IP",iae1_0."LAST_MODIFY_USER",iae1_0."ORIGIN_TYPE_ID",iae1_0."PARTICIPANT_ID",iae1_0."STATUS_ID",iae1_0."TAX_EXEMP",iae1_0."TYPE_ID" from "NUANBODB"."INVESTOR_ACCOUNT" iae1_0 left join "NUANBODB"."INVESTOR" i1_0 on i1_0."INVESTOR_ID"=iae1_0."INVESTOR_ID" left join "NUANBODB"."DEPOSITORY" d1_0 on d1_0."DEPOSITORY_ID"=iae1_0."DEPOSITORY_ID" left join "NUANBODB"."TYPE" ot1_0 on ot1_0."TYPE_ID"=iae1_0."ORIGIN_TYPE_ID" where iae1_0."ACCOUNT_NUMBER"=? and i1_0."DOCUMENT_NUMBER"<>? and d1_0."DEPOSITORY_ID"=? and ot1_0."TYPE_ID"<>? fetch first ? rows only
[30m2026-09-03T15:12:58,373[m [30mTRACE [m[[1;34mhttp-nio-8080-exec-6[m] [36mJdbcBindingLogging[m - binding parameter (1:VARCHAR) <- [4021801]
[30m2026-09-03T15:12:58,373[m [30mTRACE [m[[1;34mhttp-nio-8080-exec-6[m] [36mJdbcBindingLogging[m - binding parameter (2:VARCHAR) <- [800128735-8]
[30m2026-09-03T15:12:58,373[m [36mDEBUG [m[[1;34mhttp-nio-8080-exec-4[m] [36mSqlStatementLogger[m - select de1_0."DEPOSITORY_ID",de1_0."DESCRIPTION" from "NUANBODB"."DEPOSITORY" de1_0 where de1_0."DEPOSITORY_ID"=?
[30m2026-09-03T15:12:58,373[m [30mTRACE [m[[1;34mhttp-nio-8080-exec-6[m] [36mJdbcBindingLogging[m - binding parameter (3:VARCHAR) <- [1]
[30m2026-09-03T15:12:58,373[m [30mTRACE [m[[1;34mhttp-nio-8080-exec-4[m] [36mJdbcBindingLogging[m - binding parameter (1:VARCHAR) <- [1]
[30m2026-09-03T15:12:58,373[m [30mTRACE [m[[1;34mhttp-nio-8080-exec-6[m] [36mJdbcBindingLogging[m - binding parameter (4:BIGINT) <- [121]
[30m2026-09-03T15:12:58,373[m [30mTRACE [m[[1;34mhttp-nio-8080-exec-6[m] [36mJdbcBindingLogging[m - binding parameter (5:INTEGER) <- [1]
[30m2026-09-03T15:12:58,373[m [36mDEBUG [m[[1;34mhttp-nio-8080-exec-3[m] [36mSqlStatementLogger[m - select te1_0."TYPE_ID",te1_0."CATEGORY",te1_0."DESCRIPTION" from "NUANBODB"."TYPE" te1_0 where te1_0."TYPE_ID"=?
[30m2026-09-03T15:12:58,373[m [30mTRACE [m[[1;34mhttp-nio-8080-exec-3[m] [36mJdbcBindingLogging[m - binding parameter (1:BIGINT) <- [120]
[30m2026-09-03T15:12:58,373[m [36mDEBUG [m[[1;34mhttp-nio-8080-exec-2[m] [36mSqlStatementLogger[m - select de1_0."DEPOSITORY_ID",de1_0."DESCRIPTION" from "NUANBODB"."DEPOSITORY" de1_0 where de1_0."DEPOSITORY_ID"=?
[30m2026-09-03T15:12:58,373[m [30mTRACE [m[[1;34mhttp-nio-8080-exec-2[m] [36mJdbcBindingLogging[m - binding parameter (1:VARCHAR) <- [1]
[30m2026-09-03T15:12:58,373[m [36mDEBUG [m[[1;34mhttp-nio-8080-exec-4[m] [36mSqlStatementLogger[m - select ie1_0."INVESTOR_ID",ie1_0."CLEARINGHOUSE_CODE",ie1_0."CODE",ie1_0."COMPANY_NAME",ie1_0."COUNTRY_ID",c1_0."COUNTRY_ID",c1_0."CODE",c1_0."CURRENCY_ID",c2_0."CURRENCY_ID",c2_0."CODE",c2_0."NAME",c1_0."NAME",c1_0."TIME_ZONE",ie1_0."DOCUMENT_NUMBER",ie1_0."FIRST_NAME",g1_0."GICS_ID",g1_0."DESCRIPTION",ie1_0."IDENTIFICATION_TYPE_ID",it1_0."IDENTIFICATION_TYPE_ID",it1_0."CODE",it1_0."DESCRIPTION",ie1_0."LAST_MODIFY_APPLIC",ie1_0."LAST_MODIFY_DATE",ie1_0."LAST_MODIFY_IP",ie1_0."LAST_MODIFY_USER",ie1_0."LAST_NAME",ie1_0."MONEY_LAUNDERING_FLAG",ie1_0."NATIONALITY",ie1_0."STATUS_ID",s1_0."STATUS_ID",s1_0."CATEGORY",s1_0."DESCRIPTION",ie1_0."TAX_EXEMP",ts1_0."TAX_STATUS_ID",ts1_0."DESCRIPTION",ts1_0."LAST_MODIFY_APPLIC",ts1_0."LAST_MODIFY_DATE",ts1_0."LAST_MODIFY_IP",ts1_0."LAST_MODIFY_USER",ie1_0."TYPE_ID",t1_0."TYPE_ID",t1_0."CATEGORY",t1_0."DESCRIPTION" from "NUANBODB"."INVESTOR" ie1_0 join "NUANBODB"."COUNTRY" c1_0 on c1_0."COUNTRY_ID"=ie1_0."COUNTRY_ID" join "NUANBODB"."CURRENCY" c2_0 on c2_0."CURRENCY_ID"=c1_0."CURRENCY_ID" left join "NUANBODB"."GICS" g1_0 on g1_0."GICS_ID"=ie1_0."GICS_ID" join "NUANBODB"."IDENTIFICATION_TYPE" it1_0 on it1_0."IDENTIFICATION_TYPE_ID"=ie1_0."IDENTIFICATION_TYPE_ID" join "NUANBODB"."STATUS" s1_0 on s1_0."STATUS_ID"=ie1_0."STATUS_ID" left join "NUANBODB"."TAX_STATUS" ts1_0 on ts1_0."TAX_STATUS_ID"=ie1_0."TAX_STATUS_ID" join "NUANBODB"."TYPE" t1_0 on t1_0."TYPE_ID"=ie1_0."TYPE_ID" where ie1_0."INVESTOR_ID"=?
[30m2026-09-03T15:12:58,373[m [30mTRACE [m[[1;34mhttp-nio-8080-exec-4[m] [36mJdbcBindingLogging[m - binding parameter (1:BIGINT) <- [167]
[30m2026-09-03T15:12:58,373[m [36mDEBUG [m[[1;34mhttp-nio-8080-exec-3[m] [36mSqlStatementLogger[m - select se1_0."STATUS_ID",se1_0."CATEGORY",se1_0."DESCRIPTION" from "NUANBODB"."STATUS" se1_0 where se1_0."STATUS_ID"=?
[30m2026-09-03T15:12:58,373[m [30mTRACE [m[[1;34mhttp-nio-8080-exec-3[m] [36mJdbcBindingLogging[m - binding parameter (1:BIGINT) <- [570]
[30m2026-09-03T15:12:58,373[m [36mDEBUG [m[[1;34mhttp-nio-8080-exec-8[m] [36mSqlStatementLogger[m - select te1_0."TYPE_ID",te1_0."CATEGORY",te1_0."DESCRIPTION" from "NUANBODB"."TYPE" te1_0 where te1_0."TYPE_ID"=?
[30m2026-09-03T15:12:58,374[m [36mDEBUG [m[[1;34mhttp-nio-8080-exec-6[m] [36mSqlStatementLogger[m - select de1_0."DEPOSITORY_ID",de1_0."DESCRIPTION" from "NUANBODB"."DEPOSITORY" de1_0 where de1_0."DEPOSITORY_ID"=?
[30m2026-09-03T15:12:58,374[m [30mTRACE [m[[1;34mhttp-nio-8080-exec-8[m] [36mJdbcBindingLogging[m - binding parameter (1:BIGINT) <- [120]
[30m2026-09-03T15:12:58,374[m [36mDEBUG [m[[1;34mhttp-nio-8080-exec-2[m] [36mSqlStatementLogger[m - select ie1_0."INVESTOR_ID",ie1_0."CLEARINGHOUSE_CODE",ie1_0."CODE",ie1_0."COMPANY_NAME",ie1_0."COUNTRY_ID",c1_0."COUNTRY_ID",c1_0."CODE",c1_0."CURRENCY_ID",c2_0."CURRENCY_ID",c2_0."CODE",c2_0."NAME",c1_0."NAME",c1_0."TIME_ZONE",ie1_0."DOCUMENT_NUMBER",ie1_0."FIRST_NAME",g1_0."GICS_ID",g1_0."DESCRIPTION",ie1_0."IDENTIFICATION_TYPE_ID",it1_0."IDENTIFICATION_TYPE_ID",it1_0."CODE",it1_0."DESCRIPTION",ie1_0."LAST_MODIFY_APPLIC",ie1_0."LAST_MODIFY_DATE",ie1_0."LAST_MODIFY_IP",ie1_0."LAST_MODIFY_USER",ie1_0."LAST_NAME",ie1_0."MONEY_LAUNDERING_FLAG",ie1_0."NATIONALITY",ie1_0."STATUS_ID",s1_0."STATUS_ID",s1_0."CATEGORY",s1_0."DESCRIPTION",ie1_0."TAX_EXEMP",ts1_0."TAX_STATUS_ID",ts1_0."DESCRIPTION",ts1_0."LAST_MODIFY_APPLIC",ts1_0."LAST_MODIFY_DATE",ts1_0."LAST_MODIFY_IP",ts1_0."LAST_MODIFY_USER",ie1_0."TYPE_ID",t1_0."TYPE_ID",t1_0."CATEGORY",t1_0."DESCRIPTION" from "NUANBODB"."INVESTOR" ie1_0 join "NUANBODB"."COUNTRY" c1_0 on c1_0."COUNTRY_ID"=ie1_0."COUNTRY_ID" join "NUANBODB"."CURRENCY" c2_0 on c2_0."CURRENCY_ID"=c1_0."CURRENCY_ID" left join "NUANBODB"."GICS" g1_0 on g1_0."GICS_ID"=ie1_0."GICS_ID" join "NUANBODB"."IDENTIFICATION_TYPE" it1_0 on it1_0."IDENTIFICATION_TYPE_ID"=ie1_0."IDENTIFICATION_TYPE_ID" join "NUANBODB"."STATUS" s1_0 on s1_0."STATUS_ID"=ie1_0."STATUS_ID" left join "NUANBODB"."TAX_STATUS" ts1_0 on ts1_0."TAX_STATUS_ID"=ie1_0."TAX_STATUS_ID" join "NUANBODB"."TYPE" t1_0 on t1_0."TYPE_ID"=ie1_0."TYPE_ID" where ie1_0."INVESTOR_ID"=?
[30m2026-09-03T15:12:58,374[m [30mTRACE [m[[1;34mhttp-nio-8080-exec-6[m] [36mJdbcBindingLogging[m - binding parameter (1:VARCHAR) <- [1]
[30m2026-09-03T15:12:58,374[m [30mTRACE [m[[1;34mhttp-nio-8080-exec-2[m] [36mJdbcBindingLogging[m - binding parameter (1:BIGINT) <- [167]
[30m2026-09-03T15:12:58,374[m [36mDEBUG [m[[1;34mhttp-nio-8080-exec-3[m] [36mSqlStatementLogger[m - select te1_0."TYPE_ID",te1_0."CATEGORY",te1_0."DESCRIPTION" from "NUANBODB"."TYPE" te1_0 where te1_0."TYPE_ID"=?
[30m2026-09-03T15:12:58,374[m [30mTRACE [m[[1;34mhttp-nio-8080-exec-3[m] [36mJdbcBindingLogging[m - binding parameter (1:BIGINT) <- [26]
[30m2026-09-03T15:12:58,374[m [36mDEBUG [m[[1;34mhttp-nio-8080-exec-4[m] [36mSqlStatementLogger[m - select te1_0."TYPE_ID",te1_0."CATEGORY",te1_0."DESCRIPTION" from "NUANBODB"."TYPE" te1_0 where te1_0."TYPE_ID"=?
[30m2026-09-03T15:12:58,374[m [30mTRACE [m[[1;34mhttp-nio-8080-exec-4[m] [36mJdbcBindingLogging[m - binding parameter (1:BIGINT) <- [120]
[30m2026-09-03T15:12:58,374[m [36mDEBUG [m[[1;34mhttp-nio-8080-exec-8[m] [36mSqlStatementLogger[m - select se1_0."STATUS_ID",se1_0."CATEGORY",se1_0."DESCRIPTION" from "NUANBODB"."STATUS" se1_0 where se1_0."STATUS_ID"=?
[30m2026-09-03T15:12:58,374[m [36mDEBUG [m[[1;34mhttp-nio-8080-exec-6[m] [36mSqlStatementLogger[m - select ie1_0."INVESTOR_ID",ie1_0."CLEARINGHOUSE_CODE",ie1_0."CODE",ie1_0."COMPANY_NAME",ie1_0."COUNTRY_ID",c1_0."COUNTRY_ID",c1_0."CODE",c1_0."CURRENCY_ID",c2_0."CURRENCY_ID",c2_0."CODE",c2_0."NAME",c1_0."NAME",c1_0."TIME_ZONE",ie1_0."DOCUMENT_NUMBER",ie1_0."FIRST_NAME",g1_0."GICS_ID",g1_0."DESCRIPTION",ie1_0."IDENTIFICATION_TYPE_ID",it1_0."IDENTIFICATION_TYPE_ID",it1_0."CODE",it1_0."DESCRIPTION",ie1_0."LAST_MODIFY_APPLIC",ie1_0."LAST_MODIFY_DATE",ie1_0."LAST_MODIFY_IP",ie1_0."LAST_MODIFY_USER",ie1_0."LAST_NAME",ie1_0."MONEY_LAUNDERING_FLAG",ie1_0."NATIONALITY",ie1_0."STATUS_ID",s1_0."STATUS_ID",s1_0."CATEGORY",s1_0."DESCRIPTION",ie1_0."TAX_EXEMP",ts1_0."TAX_STATUS_ID",ts1_0."DESCRIPTION",ts1_0."LAST_MODIFY_APPLIC",ts1_0."LAST_MODIFY_DATE",ts1_0."LAST_MODIFY_IP",ts1_0."LAST_MODIFY_USER",ie1_0."TYPE_ID",t1_0."TYPE_ID",t1_0."CATEGORY",t1_0."DESCRIPTION" from "NUANBODB"."INVESTOR" ie1_0 join "NUANBODB"."COUNTRY" c1_0 on c1_0."COUNTRY_ID"=ie1_0."COUNTRY_ID" join "NUANBODB"."CURRENCY" c2_0 on c2_0."CURRENCY_ID"=c1_0."CURRENCY_ID" left join "NUANBODB"."GICS" g1_0 on g1_0."GICS_ID"=ie1_0."GICS_ID" join "NUANBODB"."IDENTIFICATION_TYPE" it1_0 on it1_0."IDENTIFICATION_TYPE_ID"=ie1_0."IDENTIFICATION_TYPE_ID" join "NUANBODB"."STATUS" s1_0 on s1_0."STATUS_ID"=ie1_0."STATUS_ID" left join "NUANBODB"."TAX_STATUS" ts1_0 on ts1_0."TAX_STATUS_ID"=ie1_0."TAX_STATUS_ID" join "NUANBODB"."TYPE" t1_0 on t1_0."TYPE_ID"=ie1_0."TYPE_ID" where ie1_0."INVESTOR_ID"=?
[30m2026-09-03T15:12:58,374[m [30mTRACE [m[[1;34mhttp-nio-8080-exec-8[m] [36mJdbcBindingLogging[m - binding parameter (1:BIGINT) <- [570]
[30m2026-09-03T15:12:58,374[m [36mDEBUG [m[[1;34mhttp-nio-8080-exec-2[m] [36mSqlStatementLogger[m - select te1_0."TYPE_ID",te1_0."CATEGORY",te1_0."DESCRIPTION" from "NUANBODB"."TYPE" te1_0 where te1_0."TYPE_ID"=?
[30m2026-09-03T15:12:58,374[m [30mTRACE [m[[1;34mhttp-nio-8080-exec-6[m] [36mJdbcBindingLogging[m - binding parameter (1:BIGINT) <- [167]
[30m2026-09-03T15:12:58,374[m [30mTRACE [m[[1;34mhttp-nio-8080-exec-2[m] [36mJdbcBindingLogging[m - binding parameter (1:BIGINT) <- [120]
[30m2026-09-03T15:12:58,375[m [36mDEBUG [m[[1;34mhttp-nio-8080-exec-4[m] [36mSqlStatementLogger[m - select se1_0."STATUS_ID",se1_0."CATEGORY",se1_0."DESCRIPTION" from "NUANBODB"."STATUS" se1_0 where se1_0."STATUS_ID"=?
[30m2026-09-03T15:12:58,375[m [30mTRACE [m[[1;34mhttp-nio-8080-exec-4[m] [36mJdbcBindingLogging[m - binding parameter (1:BIGINT) <- [570]
[30m2026-09-03T15:12:58,375[m [36mDEBUG [m[[1;34mhttp-nio-8080-exec-3[m] [36mSqlStatementLogger[m - select cre1_0."CUSTODIAN_RELATION_ID",cre1_0."CUSTODIAN_ID",cre1_0."DEPOSITORY_ID",cre1_0."INVESTOR_ACCOUNT_ID",cre1_0."LAST_MODIFY_APPLIC",cre1_0."LAST_MODIFY_DATE",cre1_0."LAST_MODIFY_IP",cre1_0."LAST_MODIFY_USER",cre1_0."PARTICIPANT_ID",cre1_0."STATUS_ID" from "NUANBODB"."CUSTODIAN_RELATION" cre1_0 where cre1_0."PARTICIPANT_ID"=? and cre1_0."DEPOSITORY_ID"=? and cre1_0."INVESTOR_ACCOUNT_ID"=? and cre1_0."STATUS_ID"=?
[30m2026-09-03T15:12:58,375[m [36mDEBUG [m[[1;34mhttp-nio-8080-exec-8[m] [36mSqlStatementLogger[m - select te1_0."TYPE_ID",te1_0."CATEGORY",te1_0."DESCRIPTION" from "NUANBODB"."TYPE" te1_0 where te1_0."TYPE_ID"=?
[30m2026-09-03T15:12:58,375[m [30mTRACE [m[[1;34mhttp-nio-8080-exec-3[m] [36mJdbcBindingLogging[m - binding parameter (1:BIGINT) <- [15]
[30m2026-09-03T15:12:58,375[m [30mTRACE [m[[1;34mhttp-nio-8080-exec-3[m] [36mJdbcBindingLogging[m - binding parameter (2:VARCHAR) <- [1]
[30m2026-09-03T15:12:58,375[m [36mDEBUG [m[[1;34mhttp-nio-8080-exec-2[m] [36mSqlStatementLogger[m - select se1_0."STATUS_ID",se1_0."CATEGORY",se1_0."DESCRIPTION" from "NUANBODB"."STATUS" se1_0 where se1_0."STATUS_ID"=?
[30m2026-09-03T15:12:58,375[m [30mTRACE [m[[1;34mhttp-nio-8080-exec-8[m] [36mJdbcBindingLogging[m - binding parameter (1:BIGINT) <- [26]
[30m2026-09-03T15:12:58,375[m [30mTRACE [m[[1;34mhttp-nio-8080-exec-3[m] [36mJdbcBindingLogging[m - binding parameter (3:BIGINT) <- [57]
[30m2026-09-03T15:12:58,375[m [30mTRACE [m[[1;34mhttp-nio-8080-exec-2[m] [36mJdbcBindingLogging[m - binding parameter (1:BIGINT) <- [570]
[30m2026-09-03T15:12:58,375[m [30mTRACE [m[[1;34mhttp-nio-8080-exec-3[m] [36mJdbcBindingLogging[m - binding parameter (4:BIGINT) <- [1163]
[30m2026-09-03T15:12:58,375[m [36mDEBUG [m[[1;34mhttp-nio-8080-exec-4[m] [36mSqlStatementLogger[m - select te1_0."TYPE_ID",te1_0."CATEGORY",te1_0."DESCRIPTION" from "NUANBODB"."TYPE" te1_0 where te1_0."TYPE_ID"=?
[30m2026-09-03T15:12:58,375[m [36mDEBUG [m[[1;34mhttp-nio-8080-exec-6[m] [36mSqlStatementLogger[m - select te1_0."TYPE_ID",te1_0."CATEGORY",te1_0."DESCRIPTION" from "NUANBODB"."TYPE" te1_0 where te1_0."TYPE_ID"=?
[30m2026-09-03T15:12:58,375[m [30mTRACE [m[[1;34mhttp-nio-8080-exec-4[m] [36mJdbcBindingLogging[m - binding parameter (1:BIGINT) <- [26]
[30m2026-09-03T15:12:58,375[m [30mTRACE [m[[1;34mhttp-nio-8080-exec-6[m] [36mJdbcBindingLogging[m - binding parameter (1:BIGINT) <- [120]
[30m2026-09-03T15:12:58,376[m [36mDEBUG [m[[1;34mhttp-nio-8080-exec-2[m] [36mSqlStatementLogger[m - select te1_0."TYPE_ID",te1_0."CATEGORY",te1_0."DESCRIPTION" from "NUANBODB"."TYPE" te1_0 where te1_0."TYPE_ID"=?
[30m2026-09-03T15:12:58,376[m [30mTRACE [m[[1;34mhttp-nio-8080-exec-2[m] [36mJdbcBindingLogging[m - binding parameter (1:BIGINT) <- [26]
[30m2026-09-03T15:12:58,376[m [36mDEBUG [m[[1;34mhttp-nio-8080-exec-8[m] [36mSqlStatementLogger[m - select cre1_0."CUSTODIAN_RELATION_ID",cre1_0."CUSTODIAN_ID",cre1_0."DEPOSITORY_ID",cre1_0."INVESTOR_ACCOUNT_ID",cre1_0."LAST_MODIFY_APPLIC",cre1_0."LAST_MODIFY_DATE",cre1_0."LAST_MODIFY_IP",cre1_0."LAST_MODIFY_USER",cre1_0."PARTICIPANT_ID",cre1_0."STATUS_ID" from "NUANBODB"."CUSTODIAN_RELATION" cre1_0 where cre1_0."PARTICIPANT_ID"=? and cre1_0."DEPOSITORY_ID"=? and cre1_0."INVESTOR_ACCOUNT_ID"=? and cre1_0."STATUS_ID"=?
[30m2026-09-03T15:12:58,376[m [30mTRACE [m[[1;34mhttp-nio-8080-exec-8[m] [36mJdbcBindingLogging[m - binding parameter (1:BIGINT) <- [15]
[30m2026-09-03T15:12:58,376[m [30mTRACE [m[[1;34mhttp-nio-8080-exec-8[m] [36mJdbcBindingLogging[m - binding parameter (2:VARCHAR) <- [1]
[30m2026-09-03T15:12:58,376[m [30mTRACE [m[[1;34mhttp-nio-8080-exec-8[m] [36mJdbcBindingLogging[m - binding parameter (3:BIGINT) <- [57]
[30m2026-09-03T15:12:58,376[m [30mTRACE [m[[1;34mhttp-nio-8080-exec-8[m] [36mJdbcBindingLogging[m - binding parameter (4:BIGINT) <- [1163]
[30m2026-09-03T15:12:58,376[m [36mDEBUG [m[[1;34mhttp-nio-8080-exec-3[m] [36mSqlStatementLogger[m - select mde1_0."MILA_DEPOSITORY_ID",mde1_0."CODE",mde1_0."DIRECT_DEPOSITORY_NUMBER",mde1_0."DOCUMENT_NUMBER",mde1_0."IDENTIFICATION_TYPE_ID",mde1_0."LAST_MODIFY_APPLIC",mde1_0."LAST_MODIFY_DATE",mde1_0."LAST_MODIFY_IP",mde1_0."LAST_MODIFY_USER" from "NUANBODB"."MILA_DEPOSITORY" mde1_0 where mde1_0."IDENTIFICATION_TYPE_ID"=? and mde1_0."DOCUMENT_NUMBER"=? fetch first ? rows only
[30m2026-09-03T15:12:58,376[m [30mTRACE [m[[1;34mhttp-nio-8080-exec-3[m] [36mJdbcBindingLogging[m - binding parameter (1:BIGINT) <- [5]
[30m2026-09-03T15:12:58,376[m [36mDEBUG [m[[1;34mhttp-nio-8080-exec-4[m] [36mSqlStatementLogger[m - select cre1_0."CUSTODIAN_RELATION_ID",cre1_0."CUSTODIAN_ID",cre1_0."DEPOSITORY_ID",cre1_0."INVESTOR_ACCOUNT_ID",cre1_0."LAST_MODIFY_APPLIC",cre1_0."LAST_MODIFY_DATE",cre1_0."LAST_MODIFY_IP",cre1_0."LAST_MODIFY_USER",cre1_0."PARTICIPANT_ID",cre1_0."STATUS_ID" from "NUANBODB"."CUSTODIAN_RELATION" cre1_0 where cre1_0."PARTICIPANT_ID"=? and cre1_0."DEPOSITORY_ID"=? and cre1_0."INVESTOR_ACCOUNT_ID"=? and cre1_0."STATUS_ID"=?
[30m2026-09-03T15:12:58,376[m [30mTRACE [m[[1;34mhttp-nio-8080-exec-3[m] [36mJdbcBindingLogging[m - binding parameter (2:VARCHAR) <- [8605303170]
[30m2026-09-03T15:12:58,376[m [30mTRACE [m[[1;34mhttp-nio-8080-exec-3[m] [36mJdbcBindingLogging[m - binding parameter (3:INTEGER) <- [1]
[30m2026-09-03T15:12:58,376[m [30mTRACE [m[[1;34mhttp-nio-8080-exec-4[m] [36mJdbcBindingLogging[m - binding parameter (1:BIGINT) <- [15]
[30m2026-09-03T15:12:58,376[m [30mTRACE [m[[1;34mhttp-nio-8080-exec-4[m] [36mJdbcBindingLogging[m - binding parameter (2:VARCHAR) <- [1]
[30m2026-09-03T15:12:58,376[m [30mTRACE [m[[1;34mhttp-nio-8080-exec-4[m] [36mJdbcBindingLogging[m - binding parameter (3:BIGINT) <- [57]
[30m2026-09-03T15:12:58,376[m [30mTRACE [m[[1;34mhttp-nio-8080-exec-4[m] [36mJdbcBindingLogging[m - binding parameter (4:BIGINT) <- [1163]
[30m2026-09-03T15:12:58,376[m [36mDEBUG [m[[1;34mhttp-nio-8080-exec-2[m] [36mSqlStatementLogger[m - select cre1_0."CUSTODIAN_RELATION_ID",cre1_0."CUSTODIAN_ID",cre1_0."DEPOSITORY_ID",cre1_0."INVESTOR_ACCOUNT_ID",cre1_0."LAST_MODIFY_APPLIC",cre1_0."LAST_MODIFY_DATE",cre1_0."LAST_MODIFY_IP",cre1_0."LAST_MODIFY_USER",cre1_0."PARTICIPANT_ID",cre1_0."STATUS_ID" from "NUANBODB"."CUSTODIAN_RELATION" cre1_0 where cre1_0."PARTICIPANT_ID"=? and cre1_0."DEPOSITORY_ID"=? and cre1_0."INVESTOR_ACCOUNT_ID"=? and cre1_0."STATUS_ID"=?
[30m2026-09-03T15:12:58,376[m [30mTRACE [m[[1;34mhttp-nio-8080-exec-2[m] [36mJdbcBindingLogging[m - binding parameter (1:BIGINT) <- [15]
[30m2026-09-03T15:12:58,376[m [36mDEBUG [m[[1;34mhttp-nio-8080-exec-6[m] [36mSqlStatementLogger[m - select se1_0."STATUS_ID",se1_0."CATEGORY",se1_0."DESCRIPTION" from "NUANBODB"."STATUS" se1_0 where se1_0."STATUS_ID"=?
[30m2026-09-03T15:12:58,377[m [30mTRACE [m[[1;34mhttp-nio-8080-exec-2[m] [36mJdbcBindingLogging[m - binding parameter (2:VARCHAR) <- [1]
[30m2026-09-03T15:12:58,377[m [30mTRACE [m[[1;34mhttp-nio-8080-exec-6[m] [36mJdbcBindingLogging[m - binding parameter (1:BIGINT) <- [570]
[30m2026-09-03T15:12:58,377[m [30mTRACE [m[[1;34mhttp-nio-8080-exec-2[m] [36mJdbcBindingLogging[m - binding parameter (3:BIGINT) <- [57]
[30m2026-09-03T15:12:58,377[m [30mTRACE [m[[1;34mhttp-nio-8080-exec-2[m] [36mJdbcBindingLogging[m - binding parameter (4:BIGINT) <- [1163]
[30m2026-09-03T15:12:58,377[m [36mDEBUG [m[[1;34mhttp-nio-8080-exec-8[m] [36mSqlStatementLogger[m - select mde1_0."MILA_DEPOSITORY_ID",mde1_0."CODE",mde1_0."DIRECT_DEPOSITORY_NUMBER",mde1_0."DOCUMENT_NUMBER",mde1_0."IDENTIFICATION_TYPE_ID",mde1_0."LAST_MODIFY_APPLIC",mde1_0."LAST_MODIFY_DATE",mde1_0."LAST_MODIFY_IP",mde1_0."LAST_MODIFY_USER" from "NUANBODB"."MILA_DEPOSITORY" mde1_0 where mde1_0."IDENTIFICATION_TYPE_ID"=? and mde1_0."DOCUMENT_NUMBER"=? fetch first ? rows only
[30m2026-09-03T15:12:58,377[m [36mDEBUG [m[[1;34mhttp-nio-8080-exec-4[m] [36mSqlStatementLogger[m - select mde1_0."MILA_DEPOSITORY_ID",mde1_0."CODE",mde1_0."DIRECT_DEPOSITORY_NUMBER",mde1_0."DOCUMENT_NUMBER",mde1_0."IDENTIFICATION_TYPE_ID",mde1_0."LAST_MODIFY_APPLIC",mde1_0."LAST_MODIFY_DATE",mde1_0."LAST_MODIFY_IP",mde1_0."LAST_MODIFY_USER" from "NUANBODB"."MILA_DEPOSITORY" mde1_0 where mde1_0."IDENTIFICATION_TYPE_ID"=? and mde1_0."DOCUMENT_NUMBER"=? fetch first ? rows only
[30m2026-09-03T15:12:58,377[m [30mTRACE [m[[1;34mhttp-nio-8080-exec-8[m] [36mJdbcBindingLogging[m - binding parameter (1:BIGINT) <- [5]
[30m2026-09-03T15:12:58,377[m [30mTRACE [m[[1;34mhttp-nio-8080-exec-8[m] [36mJdbcBindingLogging[m - binding parameter (2:VARCHAR) <- [8605303170]
[30m2026-09-03T15:12:58,377[m [30mTRACE [m[[1;34mhttp-nio-8080-exec-4[m] [36mJdbcBindingLogging[m - binding parameter (1:BIGINT) <- [5]
[30m2026-09-03T15:12:58,377[m [30mTRACE [m[[1;34mhttp-nio-8080-exec-8[m] [36mJdbcBindingLogging[m - binding parameter (3:INTEGER) <- [1]
[30m2026-09-03T15:12:58,377[m [30mTRACE [m[[1;34mhttp-nio-8080-exec-4[m] [36mJdbcBindingLogging[m - binding parameter (2:VARCHAR) <- [8605303170]
[30m2026-09-03T15:12:58,377[m [30mTRACE [m[[1;34mhttp-nio-8080-exec-4[m] [36mJdbcBindingLogging[m - binding parameter (3:INTEGER) <- [1]
[30m2026-09-03T15:12:58,377[m [36mDEBUG [m[[1;34mhttp-nio-8080-exec-3[m] [36mSqlStatementLogger[m - select iae1_0."INVESTOR_ACCOUNT_ID",iae1_0."ACCOUNT_NAME",iae1_0."ACCOUNT_NUMBER",iae1_0."DEPOSITORY_ID",iae1_0."INVESTOR_ID",iae1_0."LAST_MODIFY_APPLIC",iae1_0."LAST_MODIFY_DATE",iae1_0."LAST_MODIFY_IP",iae1_0."LAST_MODIFY_USER",iae1_0."ORIGIN_TYPE_ID",iae1_0."PARTICIPANT_ID",iae1_0."STATUS_ID",iae1_0."TAX_EXEMP",iae1_0."TYPE_ID" from "NUANBODB"."INVESTOR_ACCOUNT" iae1_0 where iae1_0."INVESTOR_ACCOUNT_ID" in (?)
[30m2026-09-03T15:12:58,377[m [30mTRACE [m[[1;34mhttp-nio-8080-exec-3[m] [36mJdbcBindingLogging[m - binding parameter (1:BIGINT) <- [57]
[30m2026-09-03T15:12:58,377[m [36mDEBUG [m[[1;34mhttp-nio-8080-exec-2[m] [36mSqlStatementLogger[m - select mde1_0."MILA_DEPOSITORY_ID",mde1_0."CODE",mde1_0."DIRECT_DEPOSITORY_NUMBER",mde1_0."DOCUMENT_NUMBER",mde1_0."IDENTIFICATION_TYPE_ID",mde1_0."LAST_MODIFY_APPLIC",mde1_0."LAST_MODIFY_DATE",mde1_0."LAST_MODIFY_IP",mde1_0."LAST_MODIFY_USER" from "NUANBODB"."MILA_DEPOSITORY" mde1_0 where mde1_0."IDENTIFICATION_TYPE_ID"=? and mde1_0."DOCUMENT_NUMBER"=? fetch first ? rows only
[30m2026-09-03T15:12:58,377[m [30mTRACE [m[[1;34mhttp-nio-8080-exec-2[m] [36mJdbcBindingLogging[m - binding parameter (1:BIGINT) <- [5]
[30m2026-09-03T15:12:58,378[m [30mTRACE [m[[1;34mhttp-nio-8080-exec-2[m] [36mJdbcBindingLogging[m - binding parameter (2:VARCHAR) <- [8605303170]
[30m2026-09-03T15:12:58,378[m [36mDEBUG [m[[1;34mhttp-nio-8080-exec-6[m] [36mSqlStatementLogger[m - select te1_0."TYPE_ID",te1_0."CATEGORY",te1_0."DESCRIPTION" from "NUANBODB"."TYPE" te1_0 where te1_0."TYPE_ID"=?
[30m2026-09-03T15:12:58,378[m [30mTRACE [m[[1;34mhttp-nio-8080-exec-2[m] [36mJdbcBindingLogging[m - binding parameter (3:INTEGER) <- [1]
[30m2026-09-03T15:12:58,378[m [30mTRACE [m[[1;34mhttp-nio-8080-exec-6[m] [36mJdbcBindingLogging[m - binding parameter (1:BIGINT) <- [26]
[30m2026-09-03T15:12:58,378[m [36mDEBUG [m[[1;34mhttp-nio-8080-exec-8[m] [36mSqlStatementLogger[m - select iae1_0."INVESTOR_ACCOUNT_ID",iae1_0."ACCOUNT_NAME",iae1_0."ACCOUNT_NUMBER",iae1_0."DEPOSITORY_ID",iae1_0."INVESTOR_ID",iae1_0."LAST_MODIFY_APPLIC",iae1_0."LAST_MODIFY_DATE",iae1_0."LAST_MODIFY_IP",iae1_0."LAST_MODIFY_USER",iae1_0."ORIGIN_TYPE_ID",iae1_0."PARTICIPANT_ID",iae1_0."STATUS_ID",iae1_0."TAX_EXEMP",iae1_0."TYPE_ID" from "NUANBODB"."INVESTOR_ACCOUNT" iae1_0 where iae1_0."INVESTOR_ACCOUNT_ID" in (?)
[30m2026-09-03T15:12:58,378[m [30mTRACE [m[[1;34mhttp-nio-8080-exec-8[m] [36mJdbcBindingLogging[m - binding parameter (1:BIGINT) <- [57]
[30m2026-09-03T15:12:58,378[m [36mDEBUG [m[[1;34mhttp-nio-8080-exec-4[m] [36mSqlStatementLogger[m - select iae1_0."INVESTOR_ACCOUNT_ID",iae1_0."ACCOUNT_NAME",iae1_0."ACCOUNT_NUMBER",iae1_0."DEPOSITORY_ID",iae1_0."INVESTOR_ID",iae1_0."LAST_MODIFY_APPLIC",iae1_0."LAST_MODIFY_DATE",iae1_0."LAST_MODIFY_IP",iae1_0."LAST_MODIFY_USER",iae1_0."ORIGIN_TYPE_ID",iae1_0."PARTICIPANT_ID",iae1_0."STATUS_ID",iae1_0."TAX_EXEMP",iae1_0."TYPE_ID" from "NUANBODB"."INVESTOR_ACCOUNT" iae1_0 where iae1_0."INVESTOR_ACCOUNT_ID" in (?)
[30m2026-09-03T15:12:58,378[m [30mTRACE [m[[1;34mhttp-nio-8080-exec-4[m] [36mJdbcBindingLogging[m - binding parameter (1:BIGINT) <- [57]
[30m2026-09-03T15:12:58,378[m [36mDEBUG [m[[1;34mhttp-nio-8080-exec-3[m] [36mSqlStatementLogger[m - select de1_0."DEPOSITORY_ID",de1_0."DESCRIPTION" from "NUANBODB"."DEPOSITORY" de1_0 where de1_0."DEPOSITORY_ID"=?
[30m2026-09-03T15:12:58,378[m [36mDEBUG [m[[1;34mhttp-nio-8080-exec-6[m] [36mSqlStatementLogger[m - select cre1_0."CUSTODIAN_RELATION_ID",cre1_0."CUSTODIAN_ID",cre1_0."DEPOSITORY_ID",cre1_0."INVESTOR_ACCOUNT_ID",cre1_0."LAST_MODIFY_APPLIC",cre1_0."LAST_MODIFY_DATE",cre1_0."LAST_MODIFY_IP",cre1_0."LAST_MODIFY_USER",cre1_0."PARTICIPANT_ID",cre1_0."STATUS_ID" from "NUANBODB"."CUSTODIAN_RELATION" cre1_0 where cre1_0."PARTICIPANT_ID"=? and cre1_0."DEPOSITORY_ID"=? and cre1_0."INVESTOR_ACCOUNT_ID"=? and cre1_0."STATUS_ID"=?
[30m2026-09-03T15:12:58,378[m [30mTRACE [m[[1;34mhttp-nio-8080-exec-3[m] [36mJdbcBindingLogging[m - binding parameter (1:VARCHAR) <- [1]
[30m2026-09-03T15:12:58,378[m [30mTRACE [m[[1;34mhttp-nio-8080-exec-6[m] [36mJdbcBindingLogging[m - binding parameter (1:BIGINT) <- [15]
[30m2026-09-03T15:12:58,378[m [30mTRACE [m[[1;34mhttp-nio-8080-exec-6[m] [36mJdbcBindingLogging[m - binding parameter (2:VARCHAR) <- [1]
[30m2026-09-03T15:12:58,378[m [30mTRACE [m[[1;34mhttp-nio-8080-exec-6[m] [36mJdbcBindingLogging[m - binding parameter (3:BIGINT) <- [57]
[30m2026-09-03T15:12:58,379[m [30mTRACE [m[[1;34mhttp-nio-8080-exec-6[m] [36mJdbcBindingLogging[m - binding parameter (4:BIGINT) <- [1163]
[30m2026-09-03T15:12:58,379[m [36mDEBUG [m[[1;34mhttp-nio-8080-exec-2[m] [36mSqlStatementLogger[m - select iae1_0."INVESTOR_ACCOUNT_ID",iae1_0."ACCOUNT_NAME",iae1_0."ACCOUNT_NUMBER",iae1_0."DEPOSITORY_ID",iae1_0."INVESTOR_ID",iae1_0."LAST_MODIFY_APPLIC",iae1_0."LAST_MODIFY_DATE",iae1_0."LAST_MODIFY_IP",iae1_0."LAST_MODIFY_USER",iae1_0."ORIGIN_TYPE_ID",iae1_0."PARTICIPANT_ID",iae1_0."STATUS_ID",iae1_0."TAX_EXEMP",iae1_0."TYPE_ID" from "NUANBODB"."INVESTOR_ACCOUNT" iae1_0 where iae1_0."INVESTOR_ACCOUNT_ID" in (?)
[30m2026-09-03T15:12:58,379[m [30mTRACE [m[[1;34mhttp-nio-8080-exec-2[m] [36mJdbcBindingLogging[m - binding parameter (1:BIGINT) <- [57]
[30m2026-09-03T15:12:58,379[m [36mDEBUG [m[[1;34mhttp-nio-8080-exec-8[m] [36mSqlStatementLogger[m - select de1_0."DEPOSITORY_ID",de1_0."DESCRIPTION" from "NUANBODB"."DEPOSITORY" de1_0 where de1_0."DEPOSITORY_ID"=?
[30m2026-09-03T15:12:58,379[m [36mDEBUG [m[[1;34mhttp-nio-8080-exec-3[m] [36mSqlStatementLogger[m - select ie1_0."INVESTOR_ID",ie1_0."CLEARINGHOUSE_CODE",ie1_0."CODE",ie1_0."COMPANY_NAME",ie1_0."COUNTRY_ID",c1_0."COUNTRY_ID",c1_0."CODE",c1_0."CURRENCY_ID",c2_0."CURRENCY_ID",c2_0."CODE",c2_0."NAME",c1_0."NAME",c1_0."TIME_ZONE",ie1_0."DOCUMENT_NUMBER",ie1_0."FIRST_NAME",g1_0."GICS_ID",g1_0."DESCRIPTION",ie1_0."IDENTIFICATION_TYPE_ID",it1_0."IDENTIFICATION_TYPE_ID",it1_0."CODE",it1_0."DESCRIPTION",ie1_0."LAST_MODIFY_APPLIC",ie1_0."LAST_MODIFY_DATE",ie1_0."LAST_MODIFY_IP",ie1_0."LAST_MODIFY_USER",ie1_0."LAST_NAME",ie1_0."MONEY_LAUNDERING_FLAG",ie1_0."NATIONALITY",ie1_0."STATUS_ID",s1_0."STATUS_ID",s1_0."CATEGORY",s1_0."DESCRIPTION",ie1_0."TAX_EXEMP",ts1_0."TAX_STATUS_ID",ts1_0."DESCRIPTION",ts1_0."LAST_MODIFY_APPLIC",ts1_0."LAST_MODIFY_DATE",ts1_0."LAST_MODIFY_IP",ts1_0."LAST_MODIFY_USER",ie1_0."TYPE_ID",t1_0."TYPE_ID",t1_0."CATEGORY",t1_0."DESCRIPTION" from "NUANBODB"."INVESTOR" ie1_0 join "NUANBODB"."COUNTRY" c1_0 on c1_0."COUNTRY_ID"=ie1_0."COUNTRY_ID" join "NUANBODB"."CURRENCY" c2_0 on c2_0."CURRENCY_ID"=c1_0."CURRENCY_ID" left join "NUANBODB"."GICS" g1_0 on g1_0."GICS_ID"=ie1_0."GICS_ID" join "NUANBODB"."IDENTIFICATION_TYPE" it1_0 on it1_0."IDENTIFICATION_TYPE_ID"=ie1_0."IDENTIFICATION_TYPE_ID" join "NUANBODB"."STATUS" s1_0 on s1_0."STATUS_ID"=ie1_0."STATUS_ID" left join "NUANBODB"."TAX_STATUS" ts1_0 on ts1_0."TAX_STATUS_ID"=ie1_0."TAX_STATUS_ID" join "NUANBODB"."TYPE" t1_0 on t1_0."TYPE_ID"=ie1_0."TYPE_ID" where ie1_0."INVESTOR_ID"=?
[30m2026-09-03T15:12:58,379[m [30mTRACE [m[[1;34mhttp-nio-8080-exec-8[m] [36mJdbcBindingLogging[m - binding parameter (1:VARCHAR) <- [1]
[30m2026-09-03T15:12:58,379[m [30mTRACE [m[[1;34mhttp-nio-8080-exec-3[m] [36mJdbcBindingLogging[m - binding parameter (1:BIGINT) <- [167]
[30m2026-09-03T15:12:58,379[m [36mDEBUG [m[[1;34mhttp-nio-8080-exec-4[m] [36mSqlStatementLogger[m - select de1_0."DEPOSITORY_ID",de1_0."DESCRIPTION" from "NUANBODB"."DEPOSITORY" de1_0 where de1_0."DEPOSITORY_ID"=?
[30m2026-09-03T15:12:58,379[m [30mTRACE [m[[1;34mhttp-nio-8080-exec-4[m] [36mJdbcBindingLogging[m - binding parameter (1:VARCHAR) <- [1]
[30m2026-09-03T15:12:58,379[m [36mDEBUG [m[[1;34mhttp-nio-8080-exec-6[m] [36mSqlStatementLogger[m - select mde1_0."MILA_DEPOSITORY_ID",mde1_0."CODE",mde1_0."DIRECT_DEPOSITORY_NUMBER",mde1_0."DOCUMENT_NUMBER",mde1_0."IDENTIFICATION_TYPE_ID",mde1_0."LAST_MODIFY_APPLIC",mde1_0."LAST_MODIFY_DATE",mde1_0."LAST_MODIFY_IP",mde1_0."LAST_MODIFY_USER" from "NUANBODB"."MILA_DEPOSITORY" mde1_0 where mde1_0."IDENTIFICATION_TYPE_ID"=? and mde1_0."DOCUMENT_NUMBER"=? fetch first ? rows only
[30m2026-09-03T15:12:58,379[m [36mDEBUG [m[[1;34mhttp-nio-8080-exec-8[m] [36mSqlStatementLogger[m - select ie1_0."INVESTOR_ID",ie1_0."CLEARINGHOUSE_CODE",ie1_0."CODE",ie1_0."COMPANY_NAME",ie1_0."COUNTRY_ID",c1_0."COUNTRY_ID",c1_0."CODE",c1_0."CURRENCY_ID",c2_0."CURRENCY_ID",c2_0."CODE",c2_0."NAME",c1_0."NAME",c1_0."TIME_ZONE",ie1_0."DOCUMENT_NUMBER",ie1_0."FIRST_NAME",g1_0."GICS_ID",g1_0."DESCRIPTION",ie1_0."IDENTIFICATION_TYPE_ID",it1_0."IDENTIFICATION_TYPE_ID",it1_0."CODE",it1_0."DESCRIPTION",ie1_0."LAST_MODIFY_APPLIC",ie1_0."LAST_MODIFY_DATE",ie1_0."LAST_MODIFY_IP",ie1_0."LAST_MODIFY_USER",ie1_0."LAST_NAME",ie1_0."MONEY_LAUNDERING_FLAG",ie1_0."NATIONALITY",ie1_0."STATUS_ID",s1_0."STATUS_ID",s1_0."CATEGORY",s1_0."DESCRIPTION",ie1_0."TAX_EXEMP",ts1_0."TAX_STATUS_ID",ts1_0."DESCRIPTION",ts1_0."LAST_MODIFY_APPLIC",ts1_0."LAST_MODIFY_DATE",ts1_0."LAST_MODIFY_IP",ts1_0."LAST_MODIFY_USER",ie1_0."TYPE_ID",t1_0."TYPE_ID",t1_0."CATEGORY",t1_0."DESCRIPTION" from "NUANBODB"."INVESTOR" ie1_0 join "NUANBODB"."COUNTRY" c1_0 on c1_0."COUNTRY_ID"=ie1_0."COUNTRY_ID" join "NUANBODB"."CURRENCY" c2_0 on c2_0."CURRENCY_ID"=c1_0."CURRENCY_ID" left join "NUANBODB"."GICS" g1_0 on g1_0."GICS_ID"=ie1_0."GICS_ID" join "NUANBODB"."IDENTIFICATION_TYPE" it1_0 on it1_0."IDENTIFICATION_TYPE_ID"=ie1_0."IDENTIFICATION_TYPE_ID" join "NUANBODB"."STATUS" s1_0 on s1_0."STATUS_ID"=ie1_0."STATUS_ID" left join "NUANBODB"."TAX_STATUS" ts1_0 on ts1_0."TAX_STATUS_ID"=ie1_0."TAX_STATUS_ID" join "NUANBODB"."TYPE" t1_0 on t1_0."TYPE_ID"=ie1_0."TYPE_ID" where ie1_0."INVESTOR_ID"=?
[30m2026-09-03T15:12:58,380[m [30mTRACE [m[[1;34mhttp-nio-8080-exec-6[m] [36mJdbcBindingLogging[m - binding parameter (1:BIGINT) <- [5]
[30m2026-09-03T15:12:58,380[m [30mTRACE [m[[1;34mhttp-nio-8080-exec-6[m] [36mJdbcBindingLogging[m - binding parameter (2:VARCHAR) <- [8605303170]
[30m2026-09-03T15:12:58,380[m [36mDEBUG [m[[1;34mhttp-nio-8080-exec-2[m] [36mSqlStatementLogger[m - select de1_0."DEPOSITORY_ID",de1_0."DESCRIPTION" from "NUANBODB"."DEPOSITORY" de1_0 where de1_0."DEPOSITORY_ID"=?
[30m2026-09-03T15:12:58,380[m [30mTRACE [m[[1;34mhttp-nio-8080-exec-8[m] [36mJdbcBindingLogging[m - binding parameter (1:BIGINT) <- [167]
[30m2026-09-03T15:12:58,380[m [30mTRACE [m[[1;34mhttp-nio-8080-exec-6[m] [36mJdbcBindingLogging[m - binding parameter (3:INTEGER) <- [1]
[30m2026-09-03T15:12:58,380[m [30mTRACE [m[[1;34mhttp-nio-8080-exec-2[m] [36mJdbcBindingLogging[m - binding parameter (1:VARCHAR) <- [1]
[30m2026-09-03T15:12:58,380[m [36mDEBUG [m[[1;34mhttp-nio-8080-exec-4[m] [36mSqlStatementLogger[m - select ie1_0."INVESTOR_ID",ie1_0."CLEARINGHOUSE_CODE",ie1_0."CODE",ie1_0."COMPANY_NAME",ie1_0."COUNTRY_ID",c1_0."COUNTRY_ID",c1_0."CODE",c1_0."CURRENCY_ID",c2_0."CURRENCY_ID",c2_0."CODE",c2_0."NAME",c1_0."NAME",c1_0."TIME_ZONE",ie1_0."DOCUMENT_NUMBER",ie1_0."FIRST_NAME",g1_0."GICS_ID",g1_0."DESCRIPTION",ie1_0."IDENTIFICATION_TYPE_ID",it1_0."IDENTIFICATION_TYPE_ID",it1_0."CODE",it1_0."DESCRIPTION",ie1_0."LAST_MODIFY_APPLIC",ie1_0."LAST_MODIFY_DATE",ie1_0."LAST_MODIFY_IP",ie1_0."LAST_MODIFY_USER",ie1_0."LAST_NAME",ie1_0."MONEY_LAUNDERING_FLAG",ie1_0."NATIONALITY",ie1_0."STATUS_ID",s1_0."STATUS_ID",s1_0."CATEGORY",s1_0."DESCRIPTION",ie1_0."TAX_EXEMP",ts1_0."TAX_STATUS_ID",ts1_0."DESCRIPTION",ts1_0."LAST_MODIFY_APPLIC",ts1_0."LAST_MODIFY_DATE",ts1_0."LAST_MODIFY_IP",ts1_0."LAST_MODIFY_USER",ie1_0."TYPE_ID",t1_0."TYPE_ID",t1_0."CATEGORY",t1_0."DESCRIPTION" from "NUANBODB"."INVESTOR" ie1_0 join "NUANBODB"."COUNTRY" c1_0 on c1_0."COUNTRY_ID"=ie1_0."COUNTRY_ID" join "NUANBODB"."CURRENCY" c2_0 on c2_0."CURRENCY_ID"=c1_0."CURRENCY_ID" left join "NUANBODB"."GICS" g1_0 on g1_0."GICS_ID"=ie1_0."GICS_ID" join "NUANBODB"."IDENTIFICATION_TYPE" it1_0 on it1_0."IDENTIFICATION_TYPE_ID"=ie1_0."IDENTIFICATION_TYPE_ID" join "NUANBODB"."STATUS" s1_0 on s1_0."STATUS_ID"=ie1_0."STATUS_ID" left join "NUANBODB"."TAX_STATUS" ts1_0 on ts1_0."TAX_STATUS_ID"=ie1_0."TAX_STATUS_ID" join "NUANBODB"."TYPE" t1_0 on t1_0."TYPE_ID"=ie1_0."TYPE_ID" where ie1_0."INVESTOR_ID"=?
[30m2026-09-03T15:12:58,380[m [30mTRACE [m[[1;34mhttp-nio-8080-exec-4[m] [36mJdbcBindingLogging[m - binding parameter (1:BIGINT) <- [167]
[30m2026-09-03T15:12:58,380[m [36mDEBUG [m[[1;34mhttp-nio-8080-exec-3[m] [36mSqlStatementLogger[m - select te1_0."TYPE_ID",te1_0."CATEGORY",te1_0."DESCRIPTION" from "NUANBODB"."TYPE" te1_0 where te1_0."TYPE_ID"=?
[30m2026-09-03T15:12:58,380[m [30mTRACE [m[[1;34mhttp-nio-8080-exec-3[m] [36mJdbcBindingLogging[m - binding parameter (1:BIGINT) <- [120]
[30m2026-09-03T15:12:58,380[m [36mDEBUG [m[[1;34mhttp-nio-8080-exec-3[m] [36mSqlStatementLogger[m - select se1_0."STATUS_ID",se1_0."CATEGORY",se1_0."DESCRIPTION" from "NUANBODB"."STATUS" se1_0 where se1_0."STATUS_ID"=?
[30m2026-09-03T15:12:58,380[m [36mDEBUG [m[[1;34mhttp-nio-8080-exec-8[m] [36mSqlStatementLogger[m - select te1_0."TYPE_ID",te1_0."CATEGORY",te1_0."DESCRIPTION" from "NUANBODB"."TYPE" te1_0 where te1_0."TYPE_ID"=?
[30m2026-09-03T15:12:58,380[m [36mDEBUG [m[[1;34mhttp-nio-8080-exec-2[m] [36mSqlStatementLogger[m - select ie1_0."INVESTOR_ID",ie1_0."CLEARINGHOUSE_CODE",ie1_0."CODE",ie1_0."COMPANY_NAME",ie1_0."COUNTRY_ID",c1_0."COUNTRY_ID",c1_0."CODE",c1_0."CURRENCY_ID",c2_0."CURRENCY_ID",c2_0."CODE",c2_0."NAME",c1_0."NAME",c1_0."TIME_ZONE",ie1_0."DOCUMENT_NUMBER",ie1_0."FIRST_NAME",g1_0."GICS_ID",g1_0."DESCRIPTION",ie1_0."IDENTIFICATION_TYPE_ID",it1_0."IDENTIFICATION_TYPE_ID",it1_0."CODE",it1_0."DESCRIPTION",ie1_0."LAST_MODIFY_APPLIC",ie1_0."LAST_MODIFY_DATE",ie1_0."LAST_MODIFY_IP",ie1_0."LAST_MODIFY_USER",ie1_0."LAST_NAME",ie1_0."MONEY_LAUNDERING_FLAG",ie1_0."NATIONALITY",ie1_0."STATUS_ID",s1_0."STATUS_ID",s1_0."CATEGORY",s1_0."DESCRIPTION",ie1_0."TAX_EXEMP",ts1_0."TAX_STATUS_ID",ts1_0."DESCRIPTION",ts1_0."LAST_MODIFY_APPLIC",ts1_0."LAST_MODIFY_DATE",ts1_0."LAST_MODIFY_IP",ts1_0."LAST_MODIFY_USER",ie1_0."TYPE_ID",t1_0."TYPE_ID",t1_0."CATEGORY",t1_0."DESCRIPTION" from "NUANBODB"."INVESTOR" ie1_0 join "NUANBODB"."COUNTRY" c1_0 on c1_0."COUNTRY_ID"=ie1_0."COUNTRY_ID" join "NUANBODB"."CURRENCY" c2_0 on c2_0."CURRENCY_ID"=c1_0."CURRENCY_ID" left join "NUANBODB"."GICS" g1_0 on g1_0."GICS_ID"=ie1_0."GICS_ID" join "NUANBODB"."IDENTIFICATION_TYPE" it1_0 on it1_0."IDENTIFICATION_TYPE_ID"=ie1_0."IDENTIFICATION_TYPE_ID" join "NUANBODB"."STATUS" s1_0 on s1_0."STATUS_ID"=ie1_0."STATUS_ID" left join "NUANBODB"."TAX_STATUS" ts1_0 on ts1_0."TAX_STATUS_ID"=ie1_0."TAX_STATUS_ID" join "NUANBODB"."TYPE" t1_0 on t1_0."TYPE_ID"=ie1_0."TYPE_ID" where ie1_0."INVESTOR_ID"=?
[30m2026-09-03T15:12:58,380[m [30mTRACE [m[[1;34mhttp-nio-8080-exec-3[m] [36mJdbcBindingLogging[m - binding parameter (1:BIGINT) <- [570]
[30m2026-09-03T15:12:58,380[m [30mTRACE [m[[1;34mhttp-nio-8080-exec-8[m] [36mJdbcBindingLogging[m - binding parameter (1:BIGINT) <- [120]
[30m2026-09-03T15:12:58,380[m [30mTRACE [m[[1;34mhttp-nio-8080-exec-2[m] [36mJdbcBindingLogging[m - binding parameter (1:BIGINT) <- [167]
[30m2026-09-03T15:12:58,381[m [36mDEBUG [m[[1;34mhttp-nio-8080-exec-4[m] [36mSqlStatementLogger[m - select te1_0."TYPE_ID",te1_0."CATEGORY",te1_0."DESCRIPTION" from "NUANBODB"."TYPE" te1_0 where te1_0."TYPE_ID"=?
[30m2026-09-03T15:12:58,381[m [30mTRACE [m[[1;34mhttp-nio-8080-exec-4[m] [36mJdbcBindingLogging[m - binding parameter (1:BIGINT) <- [120]
[30m2026-09-03T15:12:58,381[m [36mDEBUG [m[[1;34mhttp-nio-8080-exec-6[m] [36mSqlStatementLogger[m - select iae1_0."INVESTOR_ACCOUNT_ID",iae1_0."ACCOUNT_NAME",iae1_0."ACCOUNT_NUMBER",iae1_0."DEPOSITORY_ID",iae1_0."INVESTOR_ID",iae1_0."LAST_MODIFY_APPLIC",iae1_0."LAST_MODIFY_DATE",iae1_0."LAST_MODIFY_IP",iae1_0."LAST_MODIFY_USER",iae1_0."ORIGIN_TYPE_ID",iae1_0."PARTICIPANT_ID",iae1_0."STATUS_ID",iae1_0."TAX_EXEMP",iae1_0."TYPE_ID" from "NUANBODB"."INVESTOR_ACCOUNT" iae1_0 where iae1_0."INVESTOR_ACCOUNT_ID" in (?)
[30m2026-09-03T15:12:58,381[m [30mTRACE [m[[1;34mhttp-nio-8080-exec-6[m] [36mJdbcBindingLogging[m - binding parameter (1:BIGINT) <- [57]
[30m2026-09-03T15:12:58,381[m [36mDEBUG [m[[1;34mhttp-nio-8080-exec-3[m] [36mSqlStatementLogger[m - select te1_0."TYPE_ID",te1_0."CATEGORY",te1_0."DESCRIPTION" from "NUANBODB"."TYPE" te1_0 where te1_0."TYPE_ID"=?
[30m2026-09-03T15:12:58,381[m [30mTRACE [m[[1;34mhttp-nio-8080-exec-3[m] [36mJdbcBindingLogging[m - binding parameter (1:BIGINT) <- [26]
[30m2026-09-03T15:12:58,381[m [36mDEBUG [m[[1;34mhttp-nio-8080-exec-8[m] [36mSqlStatementLogger[m - select se1_0."STATUS_ID",se1_0."CATEGORY",se1_0."DESCRIPTION" from "NUANBODB"."STATUS" se1_0 where se1_0."STATUS_ID"=?
[30m2026-09-03T15:12:58,381[m [30mTRACE [m[[1;34mhttp-nio-8080-exec-8[m] [36mJdbcBindingLogging[m - binding parameter (1:BIGINT) <- [570]
[30m2026-09-03T15:12:58,381[m [36mDEBUG [m[[1;34mhttp-nio-8080-exec-2[m] [36mSqlStatementLogger[m - select te1_0."TYPE_ID",te1_0."CATEGORY",te1_0."DESCRIPTION" from "NUANBODB"."TYPE" te1_0 where te1_0."TYPE_ID"=?
[30m2026-09-03T15:12:58,381[m [36mDEBUG [m[[1;34mhttp-nio-8080-exec-4[m] [36mSqlStatementLogger[m - select se1_0."STATUS_ID",se1_0."CATEGORY",se1_0."DESCRIPTION" from "NUANBODB"."STATUS" se1_0 where se1_0."STATUS_ID"=?
[30m2026-09-03T15:12:58,381[m [30mTRACE [m[[1;34mhttp-nio-8080-exec-4[m] [36mJdbcBindingLogging[m - binding parameter (1:BIGINT) <- [570]
[30m2026-09-03T15:12:58,381[m [30mTRACE [m[[1;34mhttp-nio-8080-exec-2[m] [36mJdbcBindingLogging[m - binding parameter (1:BIGINT) <- [120]
[30m2026-09-03T15:12:58,382[m [36mDEBUG [m[[1;34mhttp-nio-8080-exec-6[m] [36mSqlStatementLogger[m - select de1_0."DEPOSITORY_ID",de1_0."DESCRIPTION" from "NUANBODB"."DEPOSITORY" de1_0 where de1_0."DEPOSITORY_ID"=?
[30m2026-09-03T15:12:58,382[m [30mTRACE [m[[1;34mhttp-nio-8080-exec-6[m] [36mJdbcBindingLogging[m - binding parameter (1:VARCHAR) <- [1]
[30m2026-09-03T15:12:58,382[m [36mDEBUG [m[[1;34mhttp-nio-8080-exec-4[m] [36mSqlStatementLogger[m - select te1_0."TYPE_ID",te1_0."CATEGORY",te1_0."DESCRIPTION" from "NUANBODB"."TYPE" te1_0 where te1_0."TYPE_ID"=?
[30m2026-09-03T15:12:58,382[m [36mDEBUG [m[[1;34mhttp-nio-8080-exec-8[m] [36mSqlStatementLogger[m - select te1_0."TYPE_ID",te1_0."CATEGORY",te1_0."DESCRIPTION" from "NUANBODB"."TYPE" te1_0 where te1_0."TYPE_ID"=?
[30m2026-09-03T15:12:58,382[m [36mDEBUG [m[[1;34mhttp-nio-8080-exec-2[m] [36mSqlStatementLogger[m - select se1_0."STATUS_ID",se1_0."CATEGORY",se1_0."DESCRIPTION" from "NUANBODB"."STATUS" se1_0 where se1_0."STATUS_ID"=?
[30m2026-09-03T15:12:58,382[m [30mTRACE [m[[1;34mhttp-nio-8080-exec-8[m] [36mJdbcBindingLogging[m - binding parameter (1:BIGINT) <- [26]
[30m2026-09-03T15:12:58,382[m [30mTRACE [m[[1;34mhttp-nio-8080-exec-2[m] [36mJdbcBindingLogging[m - binding parameter (1:BIGINT) <- [570]
[30m2026-09-03T15:12:58,382[m [30mTRACE [m[[1;34mhttp-nio-8080-exec-4[m] [36mJdbcBindingLogging[m - binding parameter (1:BIGINT) <- [26]
[30m2026-09-03T15:12:58,382[m [36mDEBUG [m[[1;34mhttp-nio-8080-exec-6[m] [36mSqlStatementLogger[m - select ie1_0."INVESTOR_ID",ie1_0."CLEARINGHOUSE_CODE",ie1_0."CODE",ie1_0."COMPANY_NAME",ie1_0."COUNTRY_ID",c1_0."COUNTRY_ID",c1_0."CODE",c1_0."CURRENCY_ID",c2_0."CURRENCY_ID",c2_0."CODE",c2_0."NAME",c1_0."NAME",c1_0."TIME_ZONE",ie1_0."DOCUMENT_NUMBER",ie1_0."FIRST_NAME",g1_0."GICS_ID",g1_0."DESCRIPTION",ie1_0."IDENTIFICATION_TYPE_ID",it1_0."IDENTIFICATION_TYPE_ID",it1_0."CODE",it1_0."DESCRIPTION",ie1_0."LAST_MODIFY_APPLIC",ie1_0."LAST_MODIFY_DATE",ie1_0."LAST_MODIFY_IP",ie1_0."LAST_MODIFY_USER",ie1_0."LAST_NAME",ie1_0."MONEY_LAUNDERING_FLAG",ie1_0."NATIONALITY",ie1_0."STATUS_ID",s1_0."STATUS_ID",s1_0."CATEGORY",s1_0."DESCRIPTION",ie1_0."TAX_EXEMP",ts1_0."TAX_STATUS_ID",ts1_0."DESCRIPTION",ts1_0."LAST_MODIFY_APPLIC",ts1_0."LAST_MODIFY_DATE",ts1_0."LAST_MODIFY_IP",ts1_0."LAST_MODIFY_USER",ie1_0."TYPE_ID",t1_0."TYPE_ID",t1_0."CATEGORY",t1_0."DESCRIPTION" from "NUANBODB"."INVESTOR" ie1_0 join "NUANBODB"."COUNTRY" c1_0 on c1_0."COUNTRY_ID"=ie1_0."COUNTRY_ID" join "NUANBODB"."CURRENCY" c2_0 on c2_0."CURRENCY_ID"=c1_0."CURRENCY_ID" left join "NUANBODB"."GICS" g1_0 on g1_0."GICS_ID"=ie1_0."GICS_ID" join "NUANBODB"."IDENTIFICATION_TYPE" it1_0 on it1_0."IDENTIFICATION_TYPE_ID"=ie1_0."IDENTIFICATION_TYPE_ID" join "NUANBODB"."STATUS" s1_0 on s1_0."STATUS_ID"=ie1_0."STATUS_ID" left join "NUANBODB"."TAX_STATUS" ts1_0 on ts1_0."TAX_STATUS_ID"=ie1_0."TAX_STATUS_ID" join "NUANBODB"."TYPE" t1_0 on t1_0."TYPE_ID"=ie1_0."TYPE_ID" where ie1_0."INVESTOR_ID"=?
[30m2026-09-03T15:12:58,382[m [30mTRACE [m[[1;34mhttp-nio-8080-exec-6[m] [36mJdbcBindingLogging[m - binding parameter (1:BIGINT) <- [167]
[30m2026-09-03T15:12:58,383[m [36mDEBUG [m[[1;34mhttp-nio-8080-exec-2[m] [36mSqlStatementLogger[m - select te1_0."TYPE_ID",te1_0."CATEGORY",te1_0."DESCRIPTION" from "NUANBODB"."TYPE" te1_0 where te1_0."TYPE_ID"=?
[30m2026-09-03T15:12:58,383[m [30mTRACE [m[[1;34mhttp-nio-8080-exec-2[m] [36mJdbcBindingLogging[m - binding parameter (1:BIGINT) <- [26]
[30m2026-09-03T15:12:58,383[m [36mDEBUG [m[[1;34mhttp-nio-8080-exec-3[m] [36mSqlStatementLogger[m - select se1_0."FRACTION",se1_0."SIDE_ID",se1_0."TRADE_ID",se1_0."BANK_ACCOUNT_ID",se1_0."BROKERAGE_SERVICE",se1_0."CAPITAL_GAIN_VALUE",se1_0."CASH_ACCOUNT",se1_0."COMMISSION_AMOUNT",se1_0."COMMISSION_PERCENTAGE",c1_0."PARTICIPANT_ID",c1_0."CODE",c1_0."COUNTRY_ID",c1_0."CUSTODIAN",c1_0."DIRECT_ALLOCATION",c1_0."DOCUMENT_NUMBER",c1_0."ENABLED",c1_0."IDENTIFICATION_TYPE_ID",c1_0."MARGIN_ACCOUNT",c1_0."MARKET_MAKER",c1_0."MASTER_ACCOUNT",c1_0."MNEMONIC",c1_0."NAME",c1_0."NIT_CLEARING_HOUSE",c1_0."REGISTRATION_DATE",c1_0."SHORT_NAME",c1_0."STATUS_ID",c1_0."TAX_CODE",c1_0."TAX_STATUS_ID",c1_0."TYPE_ID",c1_0."TYPE_ENTITY",cs1_0."STATUS_ID",cs1_0."CATEGORY",cs1_0."DESCRIPTION",se1_0."DELIVERY_VERSUS_PAYMENT_VALUE",se1_0."DIRECT_DEPOSITOR",se1_0."DISBURSEMENT_VALUE",fa1_0."PARTICIPANT_ID",fa1_0."CODE",fa1_0."COUNTRY_ID",fa1_0."CUSTODIAN",fa1_0."DIRECT_ALLOCATION",fa1_0."DOCUMENT_NUMBER",fa1_0."ENABLED",fa1_0."IDENTIFICATION_TYPE_ID",fa1_0."MARGIN_ACCOUNT",fa1_0."MARKET_MAKER",fa1_0."MASTER_ACCOUNT",fa1_0."MNEMONIC",fa1_0."NAME",fa1_0."NIT_CLEARING_HOUSE",fa1_0."REGISTRATION_DATE",fa1_0."SHORT_NAME",fa1_0."STATUS_ID",fa1_0."TAX_CODE",fa1_0."TAX_STATUS_ID",fa1_0."TYPE_ID",fa1_0."TYPE_ENTITY",se1_0."FIDUCIARY_SPECIALIST",se1_0."FRACTION_QUANTITY",se1_0."FRACTION_VOLUME",se1_0."FUNDING_AMOUNT",se1_0."IND_MASTER",se1_0."INVESTOR_ID",ia1_0."INVESTOR_ACCOUNT_ID",ia1_0."ACCOUNT_NAME",ia1_0."ACCOUNT_NUMBER",ia1_0."DEPOSITORY_ID",ia1_0."INVESTOR_ID",ia1_0."LAST_MODIFY_APPLIC",ia1_0."LAST_MODIFY_DATE",ia1_0."LAST_MODIFY_IP",ia1_0."LAST_MODIFY_USER",ia1_0."ORIGIN_TYPE_ID",ia1_0."PARTICIPANT_ID",ia1_0."STATUS_ID",ia1_0."TAX_EXEMP",ia1_0."TYPE_ID",se1_0."ISSUED_RECEIPT",se1_0."ISSUED_RECEIPT_NUMBER",se1_0."LAST_MODIFY_APPLIC",se1_0."LAST_MODIFY_DATE",se1_0."LAST_MODIFY_IP",se1_0."LAST_MODIFY_USER",se1_0."MILA_DIRECT_DEPOSITOR",se1_0."NET_AMOUNT",se1_0."NET_OUTFLOW_TOTAL",se1_0."OUTFLOW_TURNOVER_VALUE",pa1_0."PARTICIPANT_ACCOUNT_ID",pa1_0."ACCOUNT_NUMBER",pa1_0."DEPOSITORY_ID",pa1_0."IND_MASTER",pa1_0."LAST_MODIFY_APPLIC",pa1_0."LAST_MODIFY_DATE",pa1_0."LAST_MODIFY_IP",pa1_0."LAST_MODIFY_USER",pa1_0."ORIGIN_TYPE_ID",pa1_0."PARTICIPANT_ID",pa1_0."STATUS_ID",pa1_0."TAX_EXEMP",pa1_0."TYPE_ID",se1_0."PARTICIPANT_BANK_ACCOUNT_ID",se1_0."REFERENCE",se1_0."REFERENCE_ALLOC_ID",se1_0."REFERENCE_PACKAGE",se1_0."REPO_AMOUNT",se1_0."RETURN_TURNOVER_VALUE",se1_0."SETTLEMENT_AMOUNT",se1_0."SOURCE_QUOTE_TYPE_ID",se1_0."STATUS_ID",se1_0."TRADING_SYSTEM_ID",se1_0."TRANSFER_VALUE",se1_0."UNIQUE_FRACTION_ID",se1_0."VAL_TAX",se1_0."VAL_TAX_AMOUNT",se1_0."WITHHOLDING_TAX",se1_0."WITHHOLDING_TAX_AMOUNT" from "NUANBODB"."SETTLEMENT" se1_0 left join "NUANBODB"."TRADE" t1_0 on t1_0."TRADE_ID"=se1_0."TRADE_ID" left join "NUANBODB"."SIDE" s1_0 on s1_0."SIDE_ID"=se1_0."SIDE_ID" left join "NUANBODB"."PARTICIPANT" c1_0 on c1_0."PARTICIPANT_ID"=se1_0."CUSTODIAN_ID" left join "NUANBODB"."STATUS" cs1_0 on cs1_0."STATUS_ID"=se1_0."CUSTODIAN_STATUS_ID" left join "NUANBODB"."PARTICIPANT" fa1_0 on fa1_0."PARTICIPANT_ID"=se1_0."FIC_ADMINISTRATOR_ID" left join "NUANBODB"."INVESTOR_ACCOUNT" ia1_0 on ia1_0."INVESTOR_ACCOUNT_ID"=se1_0."INVESTOR_ACCOUNT_ID" left join "NUANBODB"."PARTICIPANT_ACCOUNT" pa1_0 on pa1_0."PARTICIPANT_ACCOUNT_ID"=se1_0."PARTICIPANT_ACCOUNT_ID" where t1_0."TRADE_ID" in (?,?,?,?,?,?,?,?,?,?,?,?,?,?,?,?,?,?) and s1_0."SIDE_ID"=?
[30m2026-09-03T15:12:58,383[m [30mTRACE [m[[1;34mhttp-nio-8080-exec-3[m] [36mJdbcBindingLogging[m - binding parameter (1:BIGINT) <- [1373373]
[30m2026-09-03T15:12:58,383[m [30mTRACE [m[[1;34mhttp-nio-8080-exec-3[m] [36mJdbcBindingLogging[m - binding parameter (2:BIGINT) <- [1378111]
[30m2026-09-03T15:12:58,383[m [30mTRACE [m[[1;34mhttp-nio-8080-exec-3[m] [36mJdbcBindingLogging[m - binding parameter (3:BIGINT) <- [1377119]
[30m2026-09-03T15:12:58,383[m [30mTRACE [m[[1;34mhttp-nio-8080-exec-3[m] [36mJdbcBindingLogging[m - binding parameter (4:BIGINT) <- [1370430]
[30m2026-09-03T15:12:58,383[m [30mTRACE [m[[1;34mhttp-nio-8080-exec-3[m] [36mJdbcBindingLogging[m - binding parameter (5:BIGINT) <- [1378105]
[30m2026-09-03T15:12:58,383[m [30mTRACE [m[[1;34mhttp-nio-8080-exec-3[m] [36mJdbcBindingLogging[m - binding parameter (6:BIGINT) <- [1373370]
[30m2026-09-03T15:12:58,383[m [30mTRACE [m[[1;34mhttp-nio-8080-exec-3[m] [36mJdbcBindingLogging[m - binding parameter (7:BIGINT) <- [1372538]
[30m2026-09-03T15:12:58,383[m [30mTRACE [m[[1;34mhttp-nio-8080-exec-3[m] [36mJdbcBindingLogging[m - binding parameter (8:BIGINT) <- [1370427]
[30m2026-09-03T15:12:58,383[m [30mTRACE [m[[1;34mhttp-nio-8080-exec-3[m] [36mJdbcBindingLogging[m - binding parameter (9:BIGINT) <- [1377093]
[30m2026-09-03T15:12:58,383[m [30mTRACE [m[[1;34mhttp-nio-8080-exec-3[m] [36mJdbcBindingLogging[m - binding parameter (10:BIGINT) <- [1370436]
[30m2026-09-03T15:12:58,383[m [30mTRACE [m[[1;34mhttp-nio-8080-exec-3[m] [36mJdbcBindingLogging[m - binding parameter (11:BIGINT) <- [1373382]
[30m2026-09-03T15:12:58,383[m [30mTRACE [m[[1;34mhttp-nio-8080-exec-3[m] [36mJdbcBindingLogging[m - binding parameter (12:BIGINT) <- [1378119]
[30m2026-09-03T15:12:58,384[m [30mTRACE [m[[1;34mhttp-nio-8080-exec-3[m] [36mJdbcBindingLogging[m - binding parameter (13:BIGINT) <- [1373378]
[30m2026-09-03T15:12:58,384[m [30mTRACE [m[[1;34mhttp-nio-8080-exec-3[m] [36mJdbcBindingLogging[m - binding parameter (14:BIGINT) <- [1377102]
[30m2026-09-03T15:12:58,384[m [30mTRACE [m[[1;34mhttp-nio-8080-exec-3[m] [36mJdbcBindingLogging[m - binding parameter (15:BIGINT) <- [1377097]
[30m2026-09-03T15:12:58,384[m [30mTRACE [m[[1;34mhttp-nio-8080-exec-3[m] [36mJdbcBindingLogging[m - binding parameter (16:BIGINT) <- [1377096]
[30m2026-09-03T15:12:58,384[m [30mTRACE [m[[1;34mhttp-nio-8080-exec-3[m] [36mJdbcBindingLogging[m - binding parameter (17:BIGINT) <- [1373387]
[30m2026-09-03T15:12:58,384[m [30mTRACE [m[[1;34mhttp-nio-8080-exec-3[m] [36mJdbcBindingLogging[m - binding parameter (18:BIGINT) <- [1373419]
[30m2026-09-03T15:12:58,384[m [30mTRACE [m[[1;34mhttp-nio-8080-exec-3[m] [36mJdbcBindingLogging[m - binding parameter (19:VARCHAR) <- [1]
[30m2026-09-03T15:12:58,384[m [36mDEBUG [m[[1;34mhttp-nio-8080-exec-6[m] [36mSqlStatementLogger[m - select te1_0."TYPE_ID",te1_0."CATEGORY",te1_0."DESCRIPTION" from "NUANBODB"."TYPE" te1_0 where te1_0."TYPE_ID"=?
[30m2026-09-03T15:12:58,384[m [30mTRACE [m[[1;34mhttp-nio-8080-exec-6[m] [36mJdbcBindingLogging[m - binding parameter (1:BIGINT) <- [120]
[30m2026-09-03T15:12:58,384[m [36mDEBUG [m[[1;34mhttp-nio-8080-exec-4[m] [36mSqlStatementLogger[m - select se1_0."FRACTION",se1_0."SIDE_ID",se1_0."TRADE_ID",se1_0."BANK_ACCOUNT_ID",se1_0."BROKERAGE_SERVICE",se1_0."CAPITAL_GAIN_VALUE",se1_0."CASH_ACCOUNT",se1_0."COMMISSION_AMOUNT",se1_0."COMMISSION_PERCENTAGE",c1_0."PARTICIPANT_ID",c1_0."CODE",c1_0."COUNTRY_ID",c1_0."CUSTODIAN",c1_0."DIRECT_ALLOCATION",c1_0."DOCUMENT_NUMBER",c1_0."ENABLED",c1_0."IDENTIFICATION_TYPE_ID",c1_0."MARGIN_ACCOUNT",c1_0."MARKET_MAKER",c1_0."MASTER_ACCOUNT",c1_0."MNEMONIC",c1_0."NAME",c1_0."NIT_CLEARING_HOUSE",c1_0."REGISTRATION_DATE",c1_0."SHORT_NAME",c1_0."STATUS_ID",c1_0."TAX_CODE",c1_0."TAX_STATUS_ID",c1_0."TYPE_ID",c1_0."TYPE_ENTITY",cs1_0."STATUS_ID",cs1_0."CATEGORY",cs1_0."DESCRIPTION",se1_0."DELIVERY_VERSUS_PAYMENT_VALUE",se1_0."DIRECT_DEPOSITOR",se1_0."DISBURSEMENT_VALUE",fa1_0."PARTICIPANT_ID",fa1_0."CODE",fa1_0."COUNTRY_ID",fa1_0."CUSTODIAN",fa1_0."DIRECT_ALLOCATION",fa1_0."DOCUMENT_NUMBER",fa1_0."ENABLED",fa1_0."IDENTIFICATION_TYPE_ID",fa1_0."MARGIN_ACCOUNT",fa1_0."MARKET_MAKER",fa1_0."MASTER_ACCOUNT",fa1_0."MNEMONIC",fa1_0."NAME",fa1_0."NIT_CLEARING_HOUSE",fa1_0."REGISTRATION_DATE",fa1_0."SHORT_NAME",fa1_0."STATUS_ID",fa1_0."TAX_CODE",fa1_0."TAX_STATUS_ID",fa1_0."TYPE_ID",fa1_0."TYPE_ENTITY",se1_0."FIDUCIARY_SPECIALIST",se1_0."FRACTION_QUANTITY",se1_0."FRACTION_VOLUME",se1_0."FUNDING_AMOUNT",se1_0."IND_MASTER",se1_0."INVESTOR_ID",ia1_0."INVESTOR_ACCOUNT_ID",ia1_0."ACCOUNT_NAME",ia1_0."ACCOUNT_NUMBER",ia1_0."DEPOSITORY_ID",ia1_0."INVESTOR_ID",ia1_0."LAST_MODIFY_APPLIC",ia1_0."LAST_MODIFY_DATE",ia1_0."LAST_MODIFY_IP",ia1_0."LAST_MODIFY_USER",ia1_0."ORIGIN_TYPE_ID",ia1_0."PARTICIPANT_ID",ia1_0."STATUS_ID",ia1_0."TAX_EXEMP",ia1_0."TYPE_ID",se1_0."ISSUED_RECEIPT",se1_0."ISSUED_RECEIPT_NUMBER",se1_0."LAST_MODIFY_APPLIC",se1_0."LAST_MODIFY_DATE",se1_0."LAST_MODIFY_IP",se1_0."LAST_MODIFY_USER",se1_0."MILA_DIRECT_DEPOSITOR",se1_0."NET_AMOUNT",se1_0."NET_OUTFLOW_TOTAL",se1_0."OUTFLOW_TURNOVER_VALUE",pa1_0."PARTICIPANT_ACCOUNT_ID",pa1_0."ACCOUNT_NUMBER",pa1_0."DEPOSITORY_ID",pa1_0."IND_MASTER",pa1_0."LAST_MODIFY_APPLIC",pa1_0."LAST_MODIFY_DATE",pa1_0."LAST_MODIFY_IP",pa1_0."LAST_MODIFY_USER",pa1_0."ORIGIN_TYPE_ID",pa1_0."PARTICIPANT_ID",pa1_0."STATUS_ID",pa1_0."TAX_EXEMP",pa1_0."TYPE_ID",se1_0."PARTICIPANT_BANK_ACCOUNT_ID",se1_0."REFERENCE",se1_0."REFERENCE_ALLOC_ID",se1_0."REFERENCE_PACKAGE",se1_0."REPO_AMOUNT",se1_0."RETURN_TURNOVER_VALUE",se1_0."SETTLEMENT_AMOUNT",se1_0."SOURCE_QUOTE_TYPE_ID",se1_0."STATUS_ID",se1_0."TRADING_SYSTEM_ID",se1_0."TRANSFER_VALUE",se1_0."UNIQUE_FRACTION_ID",se1_0."VAL_TAX",se1_0."VAL_TAX_AMOUNT",se1_0."WITHHOLDING_TAX",se1_0."WITHHOLDING_TAX_AMOUNT" from "NUANBODB"."SETTLEMENT" se1_0 left join "NUANBODB"."TRADE" t1_0 on t1_0."TRADE_ID"=se1_0."TRADE_ID" left join "NUANBODB"."SIDE" s1_0 on s1_0."SIDE_ID"=se1_0."SIDE_ID" left join "NUANBODB"."PARTICIPANT" c1_0 on c1_0."PARTICIPANT_ID"=se1_0."CUSTODIAN_ID" left join "NUANBODB"."STATUS" cs1_0 on cs1_0."STATUS_ID"=se1_0."CUSTODIAN_STATUS_ID" left join "NUANBODB"."PARTICIPANT" fa1_0 on fa1_0."PARTICIPANT_ID"=se1_0."FIC_ADMINISTRATOR_ID" left join "NUANBODB"."INVESTOR_ACCOUNT" ia1_0 on ia1_0."INVESTOR_ACCOUNT_ID"=se1_0."INVESTOR_ACCOUNT_ID" left join "NUANBODB"."PARTICIPANT_ACCOUNT" pa1_0 on pa1_0."PARTICIPANT_ACCOUNT_ID"=se1_0."PARTICIPANT_ACCOUNT_ID" where t1_0."TRADE_ID" in (?,?,?,?,?,?,?,?,?,?,?,?,?,?,?,?) and s1_0."SIDE_ID"=?
[30m2026-09-03T15:12:58,384[m [30mTRACE [m[[1;34mhttp-nio-8080-exec-4[m] [36mJdbcBindingLogging[m - binding parameter (1:BIGINT) <- [1370421]
[30m2026-09-03T15:12:58,384[m [30mTRACE [m[[1;34mhttp-nio-8080-exec-4[m] [36mJdbcBindingLogging[m - binding parameter (2:BIGINT) <- [1372535]
[30m2026-09-03T15:12:58,384[m [36mDEBUG [m[[1;34mhttp-nio-8080-exec-8[m] [36mSqlStatementLogger[m - select se1_0."FRACTION",se1_0."SIDE_ID",se1_0."TRADE_ID",se1_0."BANK_ACCOUNT_ID",se1_0."BROKERAGE_SERVICE",se1_0."CAPITAL_GAIN_VALUE",se1_0."CASH_ACCOUNT",se1_0."COMMISSION_AMOUNT",se1_0."COMMISSION_PERCENTAGE",c1_0."PARTICIPANT_ID",c1_0."CODE",c1_0."COUNTRY_ID",c1_0."CUSTODIAN",c1_0."DIRECT_ALLOCATION",c1_0."DOCUMENT_NUMBER",c1_0."ENABLED",c1_0."IDENTIFICATION_TYPE_ID",c1_0."MARGIN_ACCOUNT",c1_0."MARKET_MAKER",c1_0."MASTER_ACCOUNT",c1_0."MNEMONIC",c1_0."NAME",c1_0."NIT_CLEARING_HOUSE",c1_0."REGISTRATION_DATE",c1_0."SHORT_NAME",c1_0."STATUS_ID",c1_0."TAX_CODE",c1_0."TAX_STATUS_ID",c1_0."TYPE_ID",c1_0."TYPE_ENTITY",cs1_0."STATUS_ID",cs1_0."CATEGORY",cs1_0."DESCRIPTION",se1_0."DELIVERY_VERSUS_PAYMENT_VALUE",se1_0."DIRECT_DEPOSITOR",se1_0."DISBURSEMENT_VALUE",fa1_0."PARTICIPANT_ID",fa1_0."CODE",fa1_0."COUNTRY_ID",fa1_0."CUSTODIAN",fa1_0."DIRECT_ALLOCATION",fa1_0."DOCUMENT_NUMBER",fa1_0."ENABLED",fa1_0."IDENTIFICATION_TYPE_ID",fa1_0."MARGIN_ACCOUNT",fa1_0."MARKET_MAKER",fa1_0."MASTER_ACCOUNT",fa1_0."MNEMONIC",fa1_0."NAME",fa1_0."NIT_CLEARING_HOUSE",fa1_0."REGISTRATION_DATE",fa1_0."SHORT_NAME",fa1_0."STATUS_ID",fa1_0."TAX_CODE",fa1_0."TAX_STATUS_ID",fa1_0."TYPE_ID",fa1_0."TYPE_ENTITY",se1_0."FIDUCIARY_SPECIALIST",se1_0."FRACTION_QUANTITY",se1_0."FRACTION_VOLUME",se1_0."FUNDING_AMOUNT",se1_0."IND_MASTER",se1_0."INVESTOR_ID",ia1_0."INVESTOR_ACCOUNT_ID",ia1_0."ACCOUNT_NAME",ia1_0."ACCOUNT_NUMBER",ia1_0."DEPOSITORY_ID",ia1_0."INVESTOR_ID",ia1_0."LAST_MODIFY_APPLIC",ia1_0."LAST_MODIFY_DATE",ia1_0."LAST_MODIFY_IP",ia1_0."LAST_MODIFY_USER",ia1_0."ORIGIN_TYPE_ID",ia1_0."PARTICIPANT_ID",ia1_0."STATUS_ID",ia1_0."TAX_EXEMP",ia1_0."TYPE_ID",se1_0."ISSUED_RECEIPT",se1_0."ISSUED_RECEIPT_NUMBER",se1_0."LAST_MODIFY_APPLIC",se1_0."LAST_MODIFY_DATE",se1_0."LAST_MODIFY_IP",se1_0."LAST_MODIFY_USER",se1_0."MILA_DIRECT_DEPOSITOR",se1_0."NET_AMOUNT",se1_0."NET_OUTFLOW_TOTAL",se1_0."OUTFLOW_TURNOVER_VALUE",pa1_0."PARTICIPANT_ACCOUNT_ID",pa1_0."ACCOUNT_NUMBER",pa1_0."DEPOSITORY_ID",pa1_0."IND_MASTER",pa1_0."LAST_MODIFY_APPLIC",pa1_0."LAST_MODIFY_DATE",pa1_0."LAST_MODIFY_IP",pa1_0."LAST_MODIFY_USER",pa1_0."ORIGIN_TYPE_ID",pa1_0."PARTICIPANT_ID",pa1_0."STATUS_ID",pa1_0."TAX_EXEMP",pa1_0."TYPE_ID",se1_0."PARTICIPANT_BANK_ACCOUNT_ID",se1_0."REFERENCE",se1_0."REFERENCE_ALLOC_ID",se1_0."REFERENCE_PACKAGE",se1_0."REPO_AMOUNT",se1_0."RETURN_TURNOVER_VALUE",se1_0."SETTLEMENT_AMOUNT",se1_0."SOURCE_QUOTE_TYPE_ID",se1_0."STATUS_ID",se1_0."TRADING_SYSTEM_ID",se1_0."TRANSFER_VALUE",se1_0."UNIQUE_FRACTION_ID",se1_0."VAL_TAX",se1_0."VAL_TAX_AMOUNT",se1_0."WITHHOLDING_TAX",se1_0."WITHHOLDING_TAX_AMOUNT" from "NUANBODB"."SETTLEMENT" se1_0 left join "NUANBODB"."TRADE" t1_0 on t1_0."TRADE_ID"=se1_0."TRADE_ID" left join "NUANBODB"."SIDE" s1_0 on s1_0."SIDE_ID"=se1_0."SIDE_ID" left join "NUANBODB"."PARTICIPANT" c1_0 on c1_0."PARTICIPANT_ID"=se1_0."CUSTODIAN_ID" left join "NUANBODB"."STATUS" cs1_0 on cs1_0."STATUS_ID"=se1_0."CUSTODIAN_STATUS_ID" left join "NUANBODB"."PARTICIPANT" fa1_0 on fa1_0."PARTICIPANT_ID"=se1_0."FIC_ADMINISTRATOR_ID" left join "NUANBODB"."INVESTOR_ACCOUNT" ia1_0 on ia1_0."INVESTOR_ACCOUNT_ID"=se1_0."INVESTOR_ACCOUNT_ID" left join "NUANBODB"."PARTICIPANT_ACCOUNT" pa1_0 on pa1_0."PARTICIPANT_ACCOUNT_ID"=se1_0."PARTICIPANT_ACCOUNT_ID" where t1_0."TRADE_ID" in (?,?,?,?,?,?,?,?,?,?,?,?,?,?) and s1_0."SIDE_ID"=?
[30m2026-09-03T15:12:58,388[m [30mTRACE [m[[1;34mhttp-nio-8080-exec-4[m] [36mJdbcBindingLogging[m - binding parameter (3:BIGINT) <- [1370418]
[30m2026-09-03T15:12:58,388[m [36mDEBUG [m[[1;34mhttp-nio-8080-exec-6[m] [36mSqlStatementLogger[m - select se1_0."STATUS_ID",se1_0."CATEGORY",se1_0."DESCRIPTION" from "NUANBODB"."STATUS" se1_0 where se1_0."STATUS_ID"=?
[30m2026-09-03T15:12:58,388[m [30mTRACE [m[[1;34mhttp-nio-8080-exec-4[m] [36mJdbcBindingLogging[m - binding parameter (4:BIGINT) <- [1378109]
[30m2026-09-03T15:12:58,388[m [30mTRACE [m[[1;34mhttp-nio-8080-exec-4[m] [36mJdbcBindingLogging[m - binding parameter (5:BIGINT) <- [1372536]
[30m2026-09-03T15:12:58,388[m [30mTRACE [m[[1;34mhttp-nio-8080-exec-6[m] [36mJdbcBindingLogging[m - binding parameter (1:BIGINT) <- [570]
[30m2026-09-03T15:12:58,388[m [30mTRACE [m[[1;34mhttp-nio-8080-exec-8[m] [36mJdbcBindingLogging[m - binding parameter (1:BIGINT) <- [1373333]
[30m2026-09-03T15:12:58,388[m [30mTRACE [m[[1;34mhttp-nio-8080-exec-4[m] [36mJdbcBindingLogging[m - binding parameter (6:BIGINT) <- [1378138]
[30m2026-09-03T15:12:58,388[m [30mTRACE [m[[1;34mhttp-nio-8080-exec-4[m] [36mJdbcBindingLogging[m - binding parameter (7:BIGINT) <- [1370405]
[30m2026-09-03T15:12:58,388[m [36mDEBUG [m[[1;34mhttp-nio-8080-exec-3[m] [36mSqlStatementLogger[m - select te1_0."TAXES_ID",te1_0."CODE",te1_0."COUNTRY_ID",te1_0."DESCRIPTION",te1_0."VALUE" from "NUANBODB"."TAXES" te1_0 join "NUANBODB"."COUNTRY" c1_0 on c1_0."COUNTRY_ID"=te1_0."COUNTRY_ID" where c1_0."COUNTRY_ID"=? and te1_0."CODE"=?
[30m2026-09-03T15:12:58,388[m [30mTRACE [m[[1;34mhttp-nio-8080-exec-8[m] [36mJdbcBindingLogging[m - binding parameter (2:BIGINT) <- [1372534]
[30m2026-09-03T15:12:58,388[m [30mTRACE [m[[1;34mhttp-nio-8080-exec-4[m] [36mJdbcBindingLogging[m - binding parameter (8:BIGINT) <- [1373415]
[30m2026-09-03T15:12:58,388[m [30mTRACE [m[[1;34mhttp-nio-8080-exec-8[m] [36mJdbcBindingLogging[m - binding parameter (3:BIGINT) <- [1377107]
[30m2026-09-03T15:12:58,388[m [30mTRACE [m[[1;34mhttp-nio-8080-exec-3[m] [36mJdbcBindingLogging[m - binding parameter (1:BIGINT) <- [37]
[30m2026-09-03T15:12:58,388[m [30mTRACE [m[[1;34mhttp-nio-8080-exec-4[m] [36mJdbcBindingLogging[m - binding parameter (9:BIGINT) <- [1377089]
[30m2026-09-03T15:12:58,388[m [30mTRACE [m[[1;34mhttp-nio-8080-exec-8[m] [36mJdbcBindingLogging[m - binding parameter (4:BIGINT) <- [1377106]
[30m2026-09-03T15:12:58,388[m [30mTRACE [m[[1;34mhttp-nio-8080-exec-3[m] [36mJdbcBindingLogging[m - binding parameter (2:VARCHAR) <- [IVA]
[30m2026-09-03T15:12:58,388[m [30mTRACE [m[[1;34mhttp-nio-8080-exec-8[m] [36mJdbcBindingLogging[m - binding parameter (5:BIGINT) <- [1370424]
[30m2026-09-03T15:12:58,388[m [30mTRACE [m[[1;34mhttp-nio-8080-exec-4[m] [36mJdbcBindingLogging[m - binding parameter (10:BIGINT) <- [1378113]
[30m2026-09-03T15:12:58,388[m [30mTRACE [m[[1;34mhttp-nio-8080-exec-8[m] [36mJdbcBindingLogging[m - binding parameter (6:BIGINT) <- [1378104]
[30m2026-09-03T15:12:58,388[m [30mTRACE [m[[1;34mhttp-nio-8080-exec-4[m] [36mJdbcBindingLogging[m - binding parameter (11:BIGINT) <- [1373377]
[30m2026-09-03T15:12:58,388[m [30mTRACE [m[[1;34mhttp-nio-8080-exec-8[m] [36mJdbcBindingLogging[m - binding parameter (7:BIGINT) <- [1372537]
[30m2026-09-03T15:12:58,388[m [30mTRACE [m[[1;34mhttp-nio-8080-exec-4[m] [36mJdbcBindingLogging[m - binding parameter (12:BIGINT) <- [1377091]
[30m2026-09-03T15:12:58,388[m [30mTRACE [m[[1;34mhttp-nio-8080-exec-8[m] [36mJdbcBindingLogging[m - binding parameter (8:BIGINT) <- [1372548]
[30m2026-09-03T15:12:58,388[m [30mTRACE [m[[1;34mhttp-nio-8080-exec-4[m] [36mJdbcBindingLogging[m - binding parameter (13:BIGINT) <- [1373379]
[30m2026-09-03T15:12:58,388[m [30mTRACE [m[[1;34mhttp-nio-8080-exec-8[m] [36mJdbcBindingLogging[m - binding parameter (9:BIGINT) <- [1377092]
[30m2026-09-03T15:12:58,388[m [30mTRACE [m[[1;34mhttp-nio-8080-exec-4[m] [36mJdbcBindingLogging[m - binding parameter (14:BIGINT) <- [1377101]
[30m2026-09-03T15:12:58,388[m [30mTRACE [m[[1;34mhttp-nio-8080-exec-8[m] [36mJdbcBindingLogging[m - binding parameter (10:BIGINT) <- [1378118]
[30m2026-09-03T15:12:58,388[m [30mTRACE [m[[1;34mhttp-nio-8080-exec-4[m] [36mJdbcBindingLogging[m - binding parameter (15:BIGINT) <- [1372525]
[30m2026-09-03T15:12:58,388[m [30mTRACE [m[[1;34mhttp-nio-8080-exec-8[m] [36mJdbcBindingLogging[m - binding parameter (11:BIGINT) <- [1373376]
[30m2026-09-03T15:12:58,388[m [30mTRACE [m[[1;34mhttp-nio-8080-exec-4[m] [36mJdbcBindingLogging[m - binding parameter (16:BIGINT) <- [1370411]
[30m2026-09-03T15:12:58,388[m [30mTRACE [m[[1;34mhttp-nio-8080-exec-8[m] [36mJdbcBindingLogging[m - binding parameter (12:BIGINT) <- [1370433]
[30m2026-09-03T15:12:58,388[m [30mTRACE [m[[1;34mhttp-nio-8080-exec-8[m] [36mJdbcBindingLogging[m - binding parameter (13:BIGINT) <- [1373327]
[30m2026-09-03T15:12:58,388[m [30mTRACE [m[[1;34mhttp-nio-8080-exec-4[m] [36mJdbcBindingLogging[m - binding parameter (17:VARCHAR) <- [1]
[30m2026-09-03T15:12:58,388[m [30mTRACE [m[[1;34mhttp-nio-8080-exec-8[m] [36mJdbcBindingLogging[m - binding parameter (14:BIGINT) <- [1373391]
[30m2026-09-03T15:12:58,388[m [30mTRACE [m[[1;34mhttp-nio-8080-exec-8[m] [36mJdbcBindingLogging[m - binding parameter (15:VARCHAR) <- [1]
[30m2026-09-03T15:12:58,389[m [36mDEBUG [m[[1;34mhttp-nio-8080-exec-2[m] [36mSqlStatementLogger[m - select se1_0."FRACTION",se1_0."SIDE_ID",se1_0."TRADE_ID",se1_0."BANK_ACCOUNT_ID",se1_0."BROKERAGE_SERVICE",se1_0."CAPITAL_GAIN_VALUE",se1_0."CASH_ACCOUNT",se1_0."COMMISSION_AMOUNT",se1_0."COMMISSION_PERCENTAGE",c1_0."PARTICIPANT_ID",c1_0."CODE",c1_0."COUNTRY_ID",c1_0."CUSTODIAN",c1_0."DIRECT_ALLOCATION",c1_0."DOCUMENT_NUMBER",c1_0."ENABLED",c1_0."IDENTIFICATION_TYPE_ID",c1_0."MARGIN_ACCOUNT",c1_0."MARKET_MAKER",c1_0."MASTER_ACCOUNT",c1_0."MNEMONIC",c1_0."NAME",c1_0."NIT_CLEARING_HOUSE",c1_0."REGISTRATION_DATE",c1_0."SHORT_NAME",c1_0."STATUS_ID",c1_0."TAX_CODE",c1_0."TAX_STATUS_ID",c1_0."TYPE_ID",c1_0."TYPE_ENTITY",cs1_0."STATUS_ID",cs1_0."CATEGORY",cs1_0."DESCRIPTION",se1_0."DELIVERY_VERSUS_PAYMENT_VALUE",se1_0."DIRECT_DEPOSITOR",se1_0."DISBURSEMENT_VALUE",fa1_0."PARTICIPANT_ID",fa1_0."CODE",fa1_0."COUNTRY_ID",fa1_0."CUSTODIAN",fa1_0."DIRECT_ALLOCATION",fa1_0."DOCUMENT_NUMBER",fa1_0."ENABLED",fa1_0."IDENTIFICATION_TYPE_ID",fa1_0."MARGIN_ACCOUNT",fa1_0."MARKET_MAKER",fa1_0."MASTER_ACCOUNT",fa1_0."MNEMONIC",fa1_0."NAME",fa1_0."NIT_CLEARING_HOUSE",fa1_0."REGISTRATION_DATE",fa1_0."SHORT_NAME",fa1_0."STATUS_ID",fa1_0."TAX_CODE",fa1_0."TAX_STATUS_ID",fa1_0."TYPE_ID",fa1_0."TYPE_ENTITY",se1_0."FIDUCIARY_SPECIALIST",se1_0."FRACTION_QUANTITY",se1_0."FRACTION_VOLUME",se1_0."FUNDING_AMOUNT",se1_0."IND_MASTER",se1_0."INVESTOR_ID",ia1_0."INVESTOR_ACCOUNT_ID",ia1_0."ACCOUNT_NAME",ia1_0."ACCOUNT_NUMBER",ia1_0."DEPOSITORY_ID",ia1_0."INVESTOR_ID",ia1_0."LAST_MODIFY_APPLIC",ia1_0."LAST_MODIFY_DATE",ia1_0."LAST_MODIFY_IP",ia1_0."LAST_MODIFY_USER",ia1_0."ORIGIN_TYPE_ID",ia1_0."PARTICIPANT_ID",ia1_0."STATUS_ID",ia1_0."TAX_EXEMP",ia1_0."TYPE_ID",se1_0."ISSUED_RECEIPT",se1_0."ISSUED_RECEIPT_NUMBER",se1_0."LAST_MODIFY_APPLIC",se1_0."LAST_MODIFY_DATE",se1_0."LAST_MODIFY_IP",se1_0."LAST_MODIFY_USER",se1_0."MILA_DIRECT_DEPOSITOR",se1_0."NET_AMOUNT",se1_0."NET_OUTFLOW_TOTAL",se1_0."OUTFLOW_TURNOVER_VALUE",pa1_0."PARTICIPANT_ACCOUNT_ID",pa1_0."ACCOUNT_NUMBER",pa1_0."DEPOSITORY_ID",pa1_0."IND_MASTER",pa1_0."LAST_MODIFY_APPLIC",pa1_0."LAST_MODIFY_DATE",pa1_0."LAST_MODIFY_IP",pa1_0."LAST_MODIFY_USER",pa1_0."ORIGIN_TYPE_ID",pa1_0."PARTICIPANT_ID",pa1_0."STATUS_ID",pa1_0."TAX_EXEMP",pa1_0."TYPE_ID",se1_0."PARTICIPANT_BANK_ACCOUNT_ID",se1_0."REFERENCE",se1_0."REFERENCE_ALLOC_ID",se1_0."REFERENCE_PACKAGE",se1_0."REPO_AMOUNT",se1_0."RETURN_TURNOVER_VALUE",se1_0."SETTLEMENT_AMOUNT",se1_0."SOURCE_QUOTE_TYPE_ID",se1_0."STATUS_ID",se1_0."TRADING_SYSTEM_ID",se1_0."TRANSFER_VALUE",se1_0."UNIQUE_FRACTION_ID",se1_0."VAL_TAX",se1_0."VAL_TAX_AMOUNT",se1_0."WITHHOLDING_TAX",se1_0."WITHHOLDING_TAX_AMOUNT" from "NUANBODB"."SETTLEMENT" se1_0 left join "NUANBODB"."TRADE" t1_0 on t1_0."TRADE_ID"=se1_0."TRADE_ID" left join "NUANBODB"."SIDE" s1_0 on s1_0."SIDE_ID"=se1_0."SIDE_ID" left join "NUANBODB"."PARTICIPANT" c1_0 on c1_0."PARTICIPANT_ID"=se1_0."CUSTODIAN_ID" left join "NUANBODB"."STATUS" cs1_0 on cs1_0."STATUS_ID"=se1_0."CUSTODIAN_STATUS_ID" left join "NUANBODB"."PARTICIPANT" fa1_0 on fa1_0."PARTICIPANT_ID"=se1_0."FIC_ADMINISTRATOR_ID" left join "NUANBODB"."INVESTOR_ACCOUNT" ia1_0 on ia1_0."INVESTOR_ACCOUNT_ID"=se1_0."INVESTOR_ACCOUNT_ID" left join "NUANBODB"."PARTICIPANT_ACCOUNT" pa1_0 on pa1_0."PARTICIPANT_ACCOUNT_ID"=se1_0."PARTICIPANT_ACCOUNT_ID" where t1_0."TRADE_ID" in (?,?,?,?,?,?,?,?,?,?,?,?,?,?,?) and s1_0."SIDE_ID"=?
[30m2026-09-03T15:12:58,389[m [36mDEBUG [m[[1;34mhttp-nio-8080-exec-6[m] [36mSqlStatementLogger[m - select te1_0."TYPE_ID",te1_0."CATEGORY",te1_0."DESCRIPTION" from "NUANBODB"."TYPE" te1_0 where te1_0."TYPE_ID"=?
[30m2026-09-03T15:12:58,389[m [30mTRACE [m[[1;34mhttp-nio-8080-exec-2[m] [36mJdbcBindingLogging[m - binding parameter (1:BIGINT) <- [1373399]
[30m2026-09-03T15:12:58,389[m [30mTRACE [m[[1;34mhttp-nio-8080-exec-6[m] [36mJdbcBindingLogging[m - binding parameter (1:BIGINT) <- [26]
[30m2026-09-03T15:12:58,389[m [30mTRACE [m[[1;34mhttp-nio-8080-exec-2[m] [36mJdbcBindingLogging[m - binding parameter (2:BIGINT) <- [1373330]
[30m2026-09-03T15:12:58,389[m [30mTRACE [m[[1;34mhttp-nio-8080-exec-2[m] [36mJdbcBindingLogging[m - binding parameter (3:BIGINT) <- [1373405]
[30m2026-09-03T15:12:58,389[m [36mDEBUG [m[[1;34mhttp-nio-8080-exec-3[m] [36mSqlStatementLogger[m - select ce1_0."COUNTRY_ID",ce1_0."CODE",ce1_0."CURRENCY_ID",c1_0."CURRENCY_ID",c1_0."CODE",c1_0."NAME",ce1_0."NAME",ce1_0."TIME_ZONE" from "NUANBODB"."COUNTRY" ce1_0 join "NUANBODB"."CURRENCY" c1_0 on c1_0."CURRENCY_ID"=ce1_0."CURRENCY_ID" where ce1_0."COUNTRY_ID"=?
[30m2026-09-03T15:12:58,389[m [30mTRACE [m[[1;34mhttp-nio-8080-exec-2[m] [36mJdbcBindingLogging[m - binding parameter (4:BIGINT) <- [1378106]
[30m2026-09-03T15:12:58,389[m [30mTRACE [m[[1;34mhttp-nio-8080-exec-2[m] [36mJdbcBindingLogging[m - binding parameter (5:BIGINT) <- [1377094]
[30m2026-09-03T15:12:58,389[m [30mTRACE [m[[1;34mhttp-nio-8080-exec-3[m] [36mJdbcBindingLogging[m - binding parameter (1:BIGINT) <- [37]
[30m2026-09-03T15:12:58,389[m [30mTRACE [m[[1;34mhttp-nio-8080-exec-2[m] [36mJdbcBindingLogging[m - binding parameter (6:BIGINT) <- [1370401]
[30m2026-09-03T15:12:58,389[m [30mTRACE [m[[1;34mhttp-nio-8080-exec-2[m] [36mJdbcBindingLogging[m - binding parameter (7:BIGINT) <- [1377120]
[30m2026-09-03T15:12:58,389[m [30mTRACE [m[[1;34mhttp-nio-8080-exec-2[m] [36mJdbcBindingLogging[m - binding parameter (8:BIGINT) <- [1372524]
[30m2026-09-03T15:12:58,389[m [30mTRACE [m[[1;34mhttp-nio-8080-exec-2[m] [36mJdbcBindingLogging[m - binding parameter (9:BIGINT) <- [1373388]
[30m2026-09-03T15:12:58,389[m [30mTRACE [m[[1;34mhttp-nio-8080-exec-2[m] [36mJdbcBindingLogging[m - binding parameter (10:BIGINT) <- [1370414]
[30m2026-09-03T15:12:58,389[m [30mTRACE [m[[1;34mhttp-nio-8080-exec-2[m] [36mJdbcBindingLogging[m - binding parameter (11:BIGINT) <- [1372559]
[30m2026-09-03T15:12:58,389[m [30mTRACE [m[[1;34mhttp-nio-8080-exec-2[m] [36mJdbcBindingLogging[m - binding parameter (12:BIGINT) <- [1370408]
[30m2026-09-03T15:12:58,389[m [30mTRACE [m[[1;34mhttp-nio-8080-exec-2[m] [36mJdbcBindingLogging[m - binding parameter (13:BIGINT) <- [1377129]
[30m2026-09-03T15:12:58,389[m [30mTRACE [m[[1;34mhttp-nio-8080-exec-2[m] [36mJdbcBindingLogging[m - binding parameter (14:BIGINT) <- [1373386]
[30m2026-09-03T15:12:58,389[m [30mTRACE [m[[1;34mhttp-nio-8080-exec-2[m] [36mJdbcBindingLogging[m - binding parameter (15:BIGINT) <- [1377098]
[30m2026-09-03T15:12:58,389[m [30mTRACE [m[[1;34mhttp-nio-8080-exec-2[m] [36mJdbcBindingLogging[m - binding parameter (16:VARCHAR) <- [1]
[30m2026-09-03T15:12:58,390[m [36mDEBUG [m[[1;34mhttp-nio-8080-exec-4[m] [36mSqlStatementLogger[m - select te1_0."TAXES_ID",te1_0."CODE",te1_0."COUNTRY_ID",te1_0."DESCRIPTION",te1_0."VALUE" from "NUANBODB"."TAXES" te1_0 join "NUANBODB"."COUNTRY" c1_0 on c1_0."COUNTRY_ID"=te1_0."COUNTRY_ID" where c1_0."COUNTRY_ID"=? and te1_0."CODE"=?
[30m2026-09-03T15:12:58,390[m [30mTRACE [m[[1;34mhttp-nio-8080-exec-4[m] [36mJdbcBindingLogging[m - binding parameter (1:BIGINT) <- [37]
[30m2026-09-03T15:12:58,390[m [30mTRACE [m[[1;34mhttp-nio-8080-exec-4[m] [36mJdbcBindingLogging[m - binding parameter (2:VARCHAR) <- [IVA]
[30m2026-09-03T15:12:58,390[m [32mINFO  [m[[1;34mhttp-nio-8080-exec-3[m] [36mFractionationCountedServiceImpl[m - PERF_ASSIGNMENT_VALIDATION_BATCH batchId=2a122199-2c00-4944-97d5-6d06bf918307 inputCount=18 validCount=18 invalidCount=0 uniqueTrades=18 uniqueSides=1 uniqueParticipants=1 titleAccountResolutionRequests=18 titleAccountUniqueBusinessKeys=1 settlementLookupRequests=18 settlementUniqueTradeSides=18 settlementRepositoryCalls=1 settlementRowsLoaded=0 settlementPrefetchMs=5 cudLookupRequests=0 cudUniqueTradeSides=0 cudUniqueBusinessKeys=0 cudRepositoryCalls=0 cudRowsLoaded=0 cudPrefetchMs=0 tradePrefetchRepositoryCalls=1 tradePrefetchMs=4 sidePrefetchMs=0 participantPrefetchMs=7 accountResolutionMs=8 accountPrefetchMs=5 businessValidationMs=1 totalMs=33
[30m2026-09-03T15:12:58,390[m [36mDEBUG [m[[1;34mhttp-nio-8080-exec-8[m] [36mSqlStatementLogger[m - select te1_0."TAXES_ID",te1_0."CODE",te1_0."COUNTRY_ID",te1_0."DESCRIPTION",te1_0."VALUE" from "NUANBODB"."TAXES" te1_0 join "NUANBODB"."COUNTRY" c1_0 on c1_0."COUNTRY_ID"=te1_0."COUNTRY_ID" where c1_0."COUNTRY_ID"=? and te1_0."CODE"=?
[30m2026-09-03T15:12:58,390[m [30mTRACE [m[[1;34mhttp-nio-8080-exec-8[m] [36mJdbcBindingLogging[m - binding parameter (1:BIGINT) <- [37]
[30m2026-09-03T15:12:58,390[m [30mTRACE [m[[1;34mhttp-nio-8080-exec-8[m] [36mJdbcBindingLogging[m - binding parameter (2:VARCHAR) <- [IVA]
[30m2026-09-03T15:12:58,390[m [32mINFO  [m[[1;34mhttp-nio-8080-exec-3[m] [36mRestClientUtils[m - Client [POST] http://operaciones-fracciones-contado-back-service/operations-fractionation-api/v1/fractionation/batch
[30m2026-09-03T15:12:58,390[m [36mDEBUG [m[[1;34mhttp-nio-8080-exec-4[m] [36mSqlStatementLogger[m - select ce1_0."COUNTRY_ID",ce1_0."CODE",ce1_0."CURRENCY_ID",c1_0."CURRENCY_ID",c1_0."CODE",c1_0."NAME",ce1_0."NAME",ce1_0."TIME_ZONE" from "NUANBODB"."COUNTRY" ce1_0 join "NUANBODB"."CURRENCY" c1_0 on c1_0."CURRENCY_ID"=ce1_0."CURRENCY_ID" where ce1_0."COUNTRY_ID"=?
[30m2026-09-03T15:12:58,390[m [30mTRACE [m[[1;34mhttp-nio-8080-exec-4[m] [36mJdbcBindingLogging[m - binding parameter (1:BIGINT) <- [37]
[30m2026-09-03T15:12:58,390[m [36mDEBUG [m[[1;34mhttp-nio-8080-exec-8[m] [36mSqlStatementLogger[m - select ce1_0."COUNTRY_ID",ce1_0."CODE",ce1_0."CURRENCY_ID",c1_0."CURRENCY_ID",c1_0."CODE",c1_0."NAME",ce1_0."NAME",ce1_0."TIME_ZONE" from "NUANBODB"."COUNTRY" ce1_0 join "NUANBODB"."CURRENCY" c1_0 on c1_0."CURRENCY_ID"=ce1_0."CURRENCY_ID" where ce1_0."COUNTRY_ID"=?
[30m2026-09-03T15:12:58,390[m [30mTRACE [m[[1;34mhttp-nio-8080-exec-8[m] [36mJdbcBindingLogging[m - binding parameter (1:BIGINT) <- [37]
[30m2026-09-03T15:12:58,391[m [36mDEBUG [m[[1;34mhttp-nio-8080-exec-2[m] [36mSqlStatementLogger[m - select te1_0."TAXES_ID",te1_0."CODE",te1_0."COUNTRY_ID",te1_0."DESCRIPTION",te1_0."VALUE" from "NUANBODB"."TAXES" te1_0 join "NUANBODB"."COUNTRY" c1_0 on c1_0."COUNTRY_ID"=te1_0."COUNTRY_ID" where c1_0."COUNTRY_ID"=? and te1_0."CODE"=?
[30m2026-09-03T15:12:58,391[m [30mTRACE [m[[1;34mhttp-nio-8080-exec-2[m] [36mJdbcBindingLogging[m - binding parameter (1:BIGINT) <- [37]
[30m2026-09-03T15:12:58,391[m [30mTRACE [m[[1;34mhttp-nio-8080-exec-2[m] [36mJdbcBindingLogging[m - binding parameter (2:VARCHAR) <- [IVA]
[30m2026-09-03T15:12:58,391[m [36mDEBUG [m[[1;34mhttp-nio-8080-exec-6[m] [36mSqlStatementLogger[m - select se1_0."FRACTION",se1_0."SIDE_ID",se1_0."TRADE_ID",se1_0."BANK_ACCOUNT_ID",se1_0."BROKERAGE_SERVICE",se1_0."CAPITAL_GAIN_VALUE",se1_0."CASH_ACCOUNT",se1_0."COMMISSION_AMOUNT",se1_0."COMMISSION_PERCENTAGE",c1_0."PARTICIPANT_ID",c1_0."CODE",c1_0."COUNTRY_ID",c1_0."CUSTODIAN",c1_0."DIRECT_ALLOCATION",c1_0."DOCUMENT_NUMBER",c1_0."ENABLED",c1_0."IDENTIFICATION_TYPE_ID",c1_0."MARGIN_ACCOUNT",c1_0."MARKET_MAKER",c1_0."MASTER_ACCOUNT",c1_0."MNEMONIC",c1_0."NAME",c1_0."NIT_CLEARING_HOUSE",c1_0."REGISTRATION_DATE",c1_0."SHORT_NAME",c1_0."STATUS_ID",c1_0."TAX_CODE",c1_0."TAX_STATUS_ID",c1_0."TYPE_ID",c1_0."TYPE_ENTITY",cs1_0."STATUS_ID",cs1_0."CATEGORY",cs1_0."DESCRIPTION",se1_0."DELIVERY_VERSUS_PAYMENT_VALUE",se1_0."DIRECT_DEPOSITOR",se1_0."DISBURSEMENT_VALUE",fa1_0."PARTICIPANT_ID",fa1_0."CODE",fa1_0."COUNTRY_ID",fa1_0."CUSTODIAN",fa1_0."DIRECT_ALLOCATION",fa1_0."DOCUMENT_NUMBER",fa1_0."ENABLED",fa1_0."IDENTIFICATION_TYPE_ID",fa1_0."MARGIN_ACCOUNT",fa1_0."MARKET_MAKER",fa1_0."MASTER_ACCOUNT",fa1_0."MNEMONIC",fa1_0."NAME",fa1_0."NIT_CLEARING_HOUSE",fa1_0."REGISTRATION_DATE",fa1_0."SHORT_NAME",fa1_0."STATUS_ID",fa1_0."TAX_CODE",fa1_0."TAX_STATUS_ID",fa1_0."TYPE_ID",fa1_0."TYPE_ENTITY",se1_0."FIDUCIARY_SPECIALIST",se1_0."FRACTION_QUANTITY",se1_0."FRACTION_VOLUME",se1_0."FUNDING_AMOUNT",se1_0."IND_MASTER",se1_0."INVESTOR_ID",ia1_0."INVESTOR_ACCOUNT_ID",ia1_0."ACCOUNT_NAME",ia1_0."ACCOUNT_NUMBER",ia1_0."DEPOSITORY_ID",ia1_0."INVESTOR_ID",ia1_0."LAST_MODIFY_APPLIC",ia1_0."LAST_MODIFY_DATE",ia1_0."LAST_MODIFY_IP",ia1_0."LAST_MODIFY_USER",ia1_0."ORIGIN_TYPE_ID",ia1_0."PARTICIPANT_ID",ia1_0."STATUS_ID",ia1_0."TAX_EXEMP",ia1_0."TYPE_ID",se1_0."ISSUED_RECEIPT",se1_0."ISSUED_RECEIPT_NUMBER",se1_0."LAST_MODIFY_APPLIC",se1_0."LAST_MODIFY_DATE",se1_0."LAST_MODIFY_IP",se1_0."LAST_MODIFY_USER",se1_0."MILA_DIRECT_DEPOSITOR",se1_0."NET_AMOUNT",se1_0."NET_OUTFLOW_TOTAL",se1_0."OUTFLOW_TURNOVER_VALUE",pa1_0."PARTICIPANT_ACCOUNT_ID",pa1_0."ACCOUNT_NUMBER",pa1_0."DEPOSITORY_ID",pa1_0."IND_MASTER",pa1_0."LAST_MODIFY_APPLIC",pa1_0."LAST_MODIFY_DATE",pa1_0."LAST_MODIFY_IP",pa1_0."LAST_MODIFY_USER",pa1_0."ORIGIN_TYPE_ID",pa1_0."PARTICIPANT_ID",pa1_0."STATUS_ID",pa1_0."TAX_EXEMP",pa1_0."TYPE_ID",se1_0."PARTICIPANT_BANK_ACCOUNT_ID",se1_0."REFERENCE",se1_0."REFERENCE_ALLOC_ID",se1_0."REFERENCE_PACKAGE",se1_0."REPO_AMOUNT",se1_0."RETURN_TURNOVER_VALUE",se1_0."SETTLEMENT_AMOUNT",se1_0."SOURCE_QUOTE_TYPE_ID",se1_0."STATUS_ID",se1_0."TRADING_SYSTEM_ID",se1_0."TRANSFER_VALUE",se1_0."UNIQUE_FRACTION_ID",se1_0."VAL_TAX",se1_0."VAL_TAX_AMOUNT",se1_0."WITHHOLDING_TAX",se1_0."WITHHOLDING_TAX_AMOUNT" from "NUANBODB"."SETTLEMENT" se1_0 left join "NUANBODB"."TRADE" t1_0 on t1_0."TRADE_ID"=se1_0."TRADE_ID" left join "NUANBODB"."SIDE" s1_0 on s1_0."SIDE_ID"=se1_0."SIDE_ID" left join "NUANBODB"."PARTICIPANT" c1_0 on c1_0."PARTICIPANT_ID"=se1_0."CUSTODIAN_ID" left join "NUANBODB"."STATUS" cs1_0 on cs1_0."STATUS_ID"=se1_0."CUSTODIAN_STATUS_ID" left join "NUANBODB"."PARTICIPANT" fa1_0 on fa1_0."PARTICIPANT_ID"=se1_0."FIC_ADMINISTRATOR_ID" left join "NUANBODB"."INVESTOR_ACCOUNT" ia1_0 on ia1_0."INVESTOR_ACCOUNT_ID"=se1_0."INVESTOR_ACCOUNT_ID" left join "NUANBODB"."PARTICIPANT_ACCOUNT" pa1_0 on pa1_0."PARTICIPANT_ACCOUNT_ID"=se1_0."PARTICIPANT_ACCOUNT_ID" where t1_0."TRADE_ID" in (?,?,?,?,?,?,?,?,?,?,?,?,?,?,?,?,?) and s1_0."SIDE_ID"=?
[30m2026-09-03T15:12:58,391[m [30mTRACE [m[[1;34mhttp-nio-8080-exec-6[m] [36mJdbcBindingLogging[m - binding parameter (1:BIGINT) <- [1372528]
[30m2026-09-03T15:12:58,391[m [30mTRACE [m[[1;34mhttp-nio-8080-exec-6[m] [36mJdbcBindingLogging[m - binding parameter (2:BIGINT) <- [1378130]
[30m2026-09-03T15:12:58,391[m [30mTRACE [m[[1;34mhttp-nio-8080-exec-6[m] [36mJdbcBindingLogging[m - binding parameter (3:BIGINT) <- [1373372]
[30m2026-09-03T15:12:58,391[m [32mINFO  [m[[1;34mhttp-nio-8080-exec-4[m] [36mFractionationCountedServiceImpl[m - PERF_ASSIGNMENT_VALIDATION_BATCH batchId=2a122199-2c00-4944-97d5-6d06bf918307 inputCount=16 validCount=16 invalidCount=0 uniqueTrades=16 uniqueSides=1 uniqueParticipants=1 titleAccountResolutionRequests=16 titleAccountUniqueBusinessKeys=1 settlementLookupRequests=16 settlementUniqueTradeSides=16 settlementRepositoryCalls=1 settlementRowsLoaded=0 settlementPrefetchMs=6 cudLookupRequests=0 cudUniqueTradeSides=0 cudUniqueBusinessKeys=0 cudRepositoryCalls=0 cudRowsLoaded=0 cudPrefetchMs=0 tradePrefetchRepositoryCalls=1 tradePrefetchMs=4 sidePrefetchMs=0 participantPrefetchMs=9 accountResolutionMs=7 accountPrefetchMs=5 businessValidationMs=1 totalMs=34
[30m2026-09-03T15:12:58,391[m [30mTRACE [m[[1;34mhttp-nio-8080-exec-6[m] [36mJdbcBindingLogging[m - binding parameter (4:BIGINT) <- [1373375]
[30m2026-09-03T15:12:58,391[m [30mTRACE [m[[1;34mhttp-nio-8080-exec-6[m] [36mJdbcBindingLogging[m - binding parameter (5:BIGINT) <- [1378110]
[30m2026-09-03T15:12:58,391[m [30mTRACE [m[[1;34mhttp-nio-8080-exec-6[m] [36mJdbcBindingLogging[m - binding parameter (6:BIGINT) <- [1378107]
[30m2026-09-03T15:12:58,391[m [30mTRACE [m[[1;34mhttp-nio-8080-exec-6[m] [36mJdbcBindingLogging[m - binding parameter (7:BIGINT) <- [1373371]
[30m2026-09-03T15:12:58,391[m [32mINFO  [m[[1;34mhttp-nio-8080-exec-4[m] [36mRestClientUtils[m - Client [POST] http://operaciones-fracciones-contado-back-service/operations-fractionation-api/v1/fractionation/batch
[30m2026-09-03T15:12:58,391[m [30mTRACE [m[[1;34mhttp-nio-8080-exec-6[m] [36mJdbcBindingLogging[m - binding parameter (8:BIGINT) <- [1377095]
[30m2026-09-03T15:12:58,391[m [30mTRACE [m[[1;34mhttp-nio-8080-exec-6[m] [36mJdbcBindingLogging[m - binding parameter (9:BIGINT) <- [1373408]
[30m2026-09-03T15:12:58,391[m [30mTRACE [m[[1;34mhttp-nio-8080-exec-6[m] [36mJdbcBindingLogging[m - binding parameter (10:BIGINT) <- [1372546]
[30m2026-09-03T15:12:58,391[m [30mTRACE [m[[1;34mhttp-nio-8080-exec-6[m] [36mJdbcBindingLogging[m - binding parameter (11:BIGINT) <- [1377090]
[30m2026-09-03T15:12:58,391[m [30mTRACE [m[[1;34mhttp-nio-8080-exec-6[m] [36mJdbcBindingLogging[m - binding parameter (12:BIGINT) <- [1372547]
[30m2026-09-03T15:12:58,391[m [30mTRACE [m[[1;34mhttp-nio-8080-exec-6[m] [36mJdbcBindingLogging[m - binding parameter (13:BIGINT) <- [1373385]
[30m2026-09-03T15:12:58,391[m [32mINFO  [m[[1;34mhttp-nio-8080-exec-8[m] [36mFractionationCountedServiceImpl[m - PERF_ASSIGNMENT_VALIDATION_BATCH batchId=2a122199-2c00-4944-97d5-6d06bf918307 inputCount=14 validCount=14 invalidCount=0 uniqueTrades=14 uniqueSides=1 uniqueParticipants=1 titleAccountResolutionRequests=14 titleAccountUniqueBusinessKeys=1 settlementLookupRequests=14 settlementUniqueTradeSides=14 settlementRepositoryCalls=1 settlementRowsLoaded=0 settlementPrefetchMs=6 cudLookupRequests=0 cudUniqueTradeSides=0 cudUniqueBusinessKeys=0 cudRepositoryCalls=0 cudRowsLoaded=0 cudPrefetchMs=0 tradePrefetchRepositoryCalls=1 tradePrefetchMs=4 sidePrefetchMs=0 participantPrefetchMs=8 accountResolutionMs=8 accountPrefetchMs=5 businessValidationMs=1 totalMs=35
[30m2026-09-03T15:12:58,391[m [30mTRACE [m[[1;34mhttp-nio-8080-exec-6[m] [36mJdbcBindingLogging[m - binding parameter (14:BIGINT) <- [1378120]
[30m2026-09-03T15:12:58,391[m [30mTRACE [m[[1;34mhttp-nio-8080-exec-6[m] [36mJdbcBindingLogging[m - binding parameter (15:BIGINT) <- [1378123]
[30m2026-09-03T15:12:58,391[m [36mDEBUG [m[[1;34mhttp-nio-8080-exec-2[m] [36mSqlStatementLogger[m - select ce1_0."COUNTRY_ID",ce1_0."CODE",ce1_0."CURRENCY_ID",c1_0."CURRENCY_ID",c1_0."CODE",c1_0."NAME",ce1_0."NAME",ce1_0."TIME_ZONE" from "NUANBODB"."COUNTRY" ce1_0 join "NUANBODB"."CURRENCY" c1_0 on c1_0."CURRENCY_ID"=ce1_0."CURRENCY_ID" where ce1_0."COUNTRY_ID"=?
[30m2026-09-03T15:12:58,391[m [30mTRACE [m[[1;34mhttp-nio-8080-exec-6[m] [36mJdbcBindingLogging[m - binding parameter (16:BIGINT) <- [1377130]
[30m2026-09-03T15:12:58,392[m [30mTRACE [m[[1;34mhttp-nio-8080-exec-2[m] [36mJdbcBindingLogging[m - binding parameter (1:BIGINT) <- [37]
[30m2026-09-03T15:12:58,392[m [32mINFO  [m[[1;34mhttp-nio-8080-exec-8[m] [36mRestClientUtils[m - Client [POST] http://operaciones-fracciones-contado-back-service/operations-fractionation-api/v1/fractionation/batch
[30m2026-09-03T15:12:58,392[m [30mTRACE [m[[1;34mhttp-nio-8080-exec-6[m] [36mJdbcBindingLogging[m - binding parameter (17:BIGINT) <- [1372555]
[30m2026-09-03T15:12:58,392[m [30mTRACE [m[[1;34mhttp-nio-8080-exec-6[m] [36mJdbcBindingLogging[m - binding parameter (18:VARCHAR) <- [1]
[30m2026-09-03T15:12:58,393[m [32mINFO  [m[[1;34mhttp-nio-8080-exec-2[m] [36mFractionationCountedServiceImpl[m - PERF_ASSIGNMENT_VALIDATION_BATCH batchId=2a122199-2c00-4944-97d5-6d06bf918307 inputCount=15 validCount=15 invalidCount=0 uniqueTrades=15 uniqueSides=1 uniqueParticipants=1 titleAccountResolutionRequests=15 titleAccountUniqueBusinessKeys=1 settlementLookupRequests=15 settlementUniqueTradeSides=15 settlementRepositoryCalls=1 settlementRowsLoaded=0 settlementPrefetchMs=2 cudLookupRequests=0 cudUniqueTradeSides=0 cudUniqueBusinessKeys=0 cudRepositoryCalls=0 cudRowsLoaded=0 cudPrefetchMs=0 tradePrefetchRepositoryCalls=1 tradePrefetchMs=5 sidePrefetchMs=0 participantPrefetchMs=8 accountResolutionMs=8 accountPrefetchMs=9 businessValidationMs=2 totalMs=36
[30m2026-09-03T15:12:58,393[m [32mINFO  [m[[1;34mhttp-nio-8080-exec-2[m] [36mRestClientUtils[m - Client [POST] http://operaciones-fracciones-contado-back-service/operations-fractionation-api/v1/fractionation/batch
[30m2026-09-03T15:12:58,393[m [36mDEBUG [m[[1;34mhttp-nio-8080-exec-6[m] [36mSqlStatementLogger[m - select te1_0."TAXES_ID",te1_0."CODE",te1_0."COUNTRY_ID",te1_0."DESCRIPTION",te1_0."VALUE" from "NUANBODB"."TAXES" te1_0 join "NUANBODB"."COUNTRY" c1_0 on c1_0."COUNTRY_ID"=te1_0."COUNTRY_ID" where c1_0."COUNTRY_ID"=? and te1_0."CODE"=?
[30m2026-09-03T15:12:58,393[m [30mTRACE [m[[1;34mhttp-nio-8080-exec-6[m] [36mJdbcBindingLogging[m - binding parameter (1:BIGINT) <- [37]
[30m2026-09-03T15:12:58,393[m [30mTRACE [m[[1;34mhttp-nio-8080-exec-6[m] [36mJdbcBindingLogging[m - binding parameter (2:VARCHAR) <- [IVA]
[30m2026-09-03T15:12:58,394[m [36mDEBUG [m[[1;34mhttp-nio-8080-exec-6[m] [36mSqlStatementLogger[m - select ce1_0."COUNTRY_ID",ce1_0."CODE",ce1_0."CURRENCY_ID",c1_0."CURRENCY_ID",c1_0."CODE",c1_0."NAME",ce1_0."NAME",ce1_0."TIME_ZONE" from "NUANBODB"."COUNTRY" ce1_0 join "NUANBODB"."CURRENCY" c1_0 on c1_0."CURRENCY_ID"=ce1_0."CURRENCY_ID" where ce1_0."COUNTRY_ID"=?
[30m2026-09-03T15:12:58,394[m [30mTRACE [m[[1;34mhttp-nio-8080-exec-6[m] [36mJdbcBindingLogging[m - binding parameter (1:BIGINT) <- [37]
[30m2026-09-03T15:12:58,395[m [32mINFO  [m[[1;34mhttp-nio-8080-exec-6[m] [36mFractionationCountedServiceImpl[m - PERF_ASSIGNMENT_VALIDATION_BATCH batchId=2a122199-2c00-4944-97d5-6d06bf918307 inputCount=17 validCount=17 invalidCount=0 uniqueTrades=17 uniqueSides=1 uniqueParticipants=1 titleAccountResolutionRequests=17 titleAccountUniqueBusinessKeys=1 settlementLookupRequests=17 settlementUniqueTradeSides=17 settlementRepositoryCalls=1 settlementRowsLoaded=0 settlementPrefetchMs=2 cudLookupRequests=0 cudUniqueTradeSides=0 cudUniqueBusinessKeys=0 cudRepositoryCalls=0 cudRowsLoaded=0 cudPrefetchMs=0 tradePrefetchRepositoryCalls=1 tradePrefetchMs=4 sidePrefetchMs=0 participantPrefetchMs=10 accountResolutionMs=9 accountPrefetchMs=9 businessValidationMs=1 totalMs=38
[30m2026-09-03T15:12:58,395[m [32mINFO  [m[[1;34mhttp-nio-8080-exec-6[m] [36mRestClientUtils[m - Client [POST] http://operaciones-fracciones-contado-back-service/operations-fractionation-api/v1/fractionation/batch
[30m2026-09-03T15:12:58,737[m [32mINFO  [m[[1;34mhttp-nio-8080-exec-2[m] [36mFractionationCountedServiceImpl[m - PERF_ASSIGNMENT_BATCH service=cmd batchId=2a122199-2c00-4944-97d5-6d06bf918307 mode=RAW_VALIDATED configuredMaxBatchSize=80 receivedBatchSize=15 processedCount=15 successCount=15 failureCount=0 fractionationMs=344 totalMs=344
[30m2026-09-03T15:12:58,737[m [32mINFO  [m[[1;34mhttp-nio-8080-exec-2[m] [36mFractionationCountedServiceImpl[m - PERF_ASSIGNMENT_BATCH service=cmd batchId=2a122199-2c00-4944-97d5-6d06bf918307 mode=RAW configuredMaxBatchSize=80 receivedBatchSize=15 validCount=15 invalidCount=0 sentToFractionationCount=15 successCount=15 failureCount=0 totalMs=381
[30m2026-09-03T15:12:58,738[m [32mINFO  [m[[1;34mhttp-nio-8080-exec-2[m] [36mGlobalFilter[m - Request [POST /operations-cmd-api/v1/fractionation/counted-operation/batch] completed in 383 ms with status 200
[30m2026-09-03T15:12:58,853[m [32mINFO  [m[[1;34mhttp-nio-8080-exec-8[m] [36mFractionationCountedServiceImpl[m - PERF_ASSIGNMENT_BATCH service=cmd batchId=2a122199-2c00-4944-97d5-6d06bf918307 mode=RAW_VALIDATED configuredMaxBatchSize=80 receivedBatchSize=14 processedCount=14 successCount=14 failureCount=0 fractionationMs=461 totalMs=461
[30m2026-09-03T15:12:58,853[m [32mINFO  [m[[1;34mhttp-nio-8080-exec-8[m] [36mFractionationCountedServiceImpl[m - PERF_ASSIGNMENT_BATCH service=cmd batchId=2a122199-2c00-4944-97d5-6d06bf918307 mode=RAW configuredMaxBatchSize=80 receivedBatchSize=14 validCount=14 invalidCount=0 sentToFractionationCount=14 successCount=14 failureCount=0 totalMs=497
[30m2026-09-03T15:12:58,854[m [32mINFO  [m[[1;34mhttp-nio-8080-exec-8[m] [36mGlobalFilter[m - Request [POST /operations-cmd-api/v1/fractionation/counted-operation/batch] completed in 499 ms with status 200
[30m2026-09-03T15:12:58,902[m [32mINFO  [m[[1;34mhttp-nio-8080-exec-4[m] [36mFractionationCountedServiceImpl[m - PERF_ASSIGNMENT_BATCH service=cmd batchId=2a122199-2c00-4944-97d5-6d06bf918307 mode=RAW_VALIDATED configuredMaxBatchSize=80 receivedBatchSize=16 processedCount=16 successCount=16 failureCount=0 fractionationMs=511 totalMs=511
[30m2026-09-03T15:12:58,903[m [32mINFO  [m[[1;34mhttp-nio-8080-exec-4[m] [36mFractionationCountedServiceImpl[m - PERF_ASSIGNMENT_BATCH service=cmd batchId=2a122199-2c00-4944-97d5-6d06bf918307 mode=RAW configuredMaxBatchSize=80 receivedBatchSize=16 validCount=16 invalidCount=0 sentToFractionationCount=16 successCount=16 failureCount=0 totalMs=546
[30m2026-09-03T15:12:58,904[m [32mINFO  [m[[1;34mhttp-nio-8080-exec-4[m] [36mGlobalFilter[m - Request [POST /operations-cmd-api/v1/fractionation/counted-operation/batch] completed in 549 ms with status 200
[30m2026-09-03T15:12:58,949[m [32mINFO  [m[[1;34mhttp-nio-8080-exec-6[m] [36mFractionationCountedServiceImpl[m - PERF_ASSIGNMENT_BATCH service=cmd batchId=2a122199-2c00-4944-97d5-6d06bf918307 mode=RAW_VALIDATED configuredMaxBatchSize=80 receivedBatchSize=17 processedCount=17 successCount=17 failureCount=0 fractionationMs=554 totalMs=554
[30m2026-09-03T15:12:58,949[m [32mINFO  [m[[1;34mhttp-nio-8080-exec-6[m] [36mFractionationCountedServiceImpl[m - PERF_ASSIGNMENT_BATCH service=cmd batchId=2a122199-2c00-4944-97d5-6d06bf918307 mode=RAW configuredMaxBatchSize=80 receivedBatchSize=17 validCount=17 invalidCount=0 sentToFractionationCount=17 successCount=17 failureCount=0 totalMs=593
[30m2026-09-03T15:12:58,950[m [32mINFO  [m[[1;34mhttp-nio-8080-exec-6[m] [36mGlobalFilter[m - Request [POST /operations-cmd-api/v1/fractionation/counted-operation/batch] completed in 595 ms with status 200
[30m2026-09-03T15:12:59,041[m [32mINFO  [m[[1;34mhttp-nio-8080-exec-3[m] [36mFractionationCountedServiceImpl[m - PERF_ASSIGNMENT_BATCH service=cmd batchId=2a122199-2c00-4944-97d5-6d06bf918307 mode=RAW_VALIDATED configuredMaxBatchSize=80 receivedBatchSize=18 processedCount=18 successCount=18 failureCount=0 fractionationMs=651 totalMs=651
[30m2026-09-03T15:12:59,041[m [32mINFO  [m[[1;34mhttp-nio-8080-exec-3[m] [36mFractionationCountedServiceImpl[m - PERF_ASSIGNMENT_BATCH service=cmd batchId=2a122199-2c00-4944-97d5-6d06bf918307 mode=RAW configuredMaxBatchSize=80 receivedBatchSize=18 validCount=18 invalidCount=0 sentToFractionationCount=18 successCount=18 failureCount=0 totalMs=684
[30m2026-09-03T15:12:59,042[m [32mINFO  [m[[1;34mhttp-nio-8080-exec-3[m] [36mGlobalFilter[m - Request [POST /operations-cmd-api/v1/fractionation/counted-operation/batch] completed in 687 ms with status 200
[30m2026-09-03T15:12:59,062[m [32mINFO  [m[[1;34mhttp-nio-8080-exec-5[m] [36mGlobalFilter[m - ----------- Client User: operaciones-orquestador-ext-back ----------
[30m2026-09-03T15:12:59,062[m [32mINFO  [m[[1;34mhttp-nio-8080-exec-10[m] [36mGlobalFilter[m - ----------- Client User: operaciones-orquestador-ext-back ----------
[30m2026-09-03T15:12:59,062[m [32mINFO  [m[[1;34mhttp-nio-8080-exec-7[m] [36mGlobalFilter[m - ----------- Client User: operaciones-orquestador-ext-back ----------
[30m2026-09-03T15:12:59,062[m [32mINFO  [m[[1;34mhttp-nio-8080-exec-1[m] [36mGlobalFilter[m - ----------- Client User: operaciones-orquestador-ext-back ----------
[30m2026-09-03T15:12:59,062[m [32mINFO  [m[[1;34mhttp-nio-8080-exec-9[m] [36mGlobalFilter[m - ----------- Client User: operaciones-orquestador-ext-back ----------
[30m2026-09-03T15:12:59,063[m [36mDEBUG [m[[1;34mhttp-nio-8080-exec-10[m] [36mSqlStatementLogger[m - select te1_0."TRADE_ID",te1_0."MATCH_ID",te1_0."MATCH_DATE",te1_0."CLEARING_DATE",te1_0."QUANTITY",t1_0."TYPE_ID",c1_0."COUNTRY_ID",pb1_0."PARTICIPANT_ID",pb1_0."DOCUMENT_NUMBER",c2_0."COUNTRY_ID",pb1_0."DIRECT_ALLOCATION",ps1_0."PARTICIPANT_ID",ps1_0."DOCUMENT_NUMBER",c3_0."COUNTRY_ID",ps1_0."DIRECT_ALLOCATION",db1_0."DEPOSITORY_ID",ds1_0."DEPOSITORY_ID",sqbt1_0."TYPE_ID",sqst1_0."TYPE_ID",st1_0."COUNTRY_ID" from "NUANBODB"."TRADE" te1_0 left join "NUANBODB"."TYPE" t1_0 on t1_0."TYPE_ID"=te1_0."TYPE_ID" left join "NUANBODB"."COUNTRY" c1_0 on c1_0."COUNTRY_ID"=te1_0."COUNTRY_ID" left join "NUANBODB"."PARTICIPANT" pb1_0 on pb1_0."PARTICIPANT_ID"=te1_0."PARTICIPANT_ID_BUY" left join "NUANBODB"."COUNTRY" c2_0 on c2_0."COUNTRY_ID"=pb1_0."COUNTRY_ID" left join "NUANBODB"."PARTICIPANT" ps1_0 on ps1_0."PARTICIPANT_ID"=te1_0."PARTICIPANT_ID_SELL" left join "NUANBODB"."COUNTRY" c3_0 on c3_0."COUNTRY_ID"=ps1_0."COUNTRY_ID" left join "NUANBODB"."DEPOSITORY" db1_0 on db1_0."DEPOSITORY_ID"=te1_0."DEPOSITORY_ID_BUY" left join "NUANBODB"."DEPOSITORY" ds1_0 on ds1_0."DEPOSITORY_ID"=te1_0."DEPOSITORY_ID_SELL" left join "NUANBODB"."TYPE" sqbt1_0 on sqbt1_0."TYPE_ID"=te1_0."SOURCE_QUOTE_BUY_TYPE" left join "NUANBODB"."TYPE" sqst1_0 on sqst1_0."TYPE_ID"=te1_0."SOURCE_QUOTE_SELL_TYPE" left join "NUANBODB"."SECURITY_TITLE" st1_0 on st1_0."SECURITY_ID"=te1_0."SECURITY_ID" where te1_0."MATCH_ID" in (?,?,?,?,?,?)
[30m2026-09-03T15:12:59,063[m [36mDEBUG [m[[1;34mhttp-nio-8080-exec-9[m] [36mSqlStatementLogger[m - select te1_0."TRADE_ID",te1_0."MATCH_ID",te1_0."MATCH_DATE",te1_0."CLEARING_DATE",te1_0."QUANTITY",t1_0."TYPE_ID",c1_0."COUNTRY_ID",pb1_0."PARTICIPANT_ID",pb1_0."DOCUMENT_NUMBER",c2_0."COUNTRY_ID",pb1_0."DIRECT_ALLOCATION",ps1_0."PARTICIPANT_ID",ps1_0."DOCUMENT_NUMBER",c3_0."COUNTRY_ID",ps1_0."DIRECT_ALLOCATION",db1_0."DEPOSITORY_ID",ds1_0."DEPOSITORY_ID",sqbt1_0."TYPE_ID",sqst1_0."TYPE_ID",st1_0."COUNTRY_ID" from "NUANBODB"."TRADE" te1_0 left join "NUANBODB"."TYPE" t1_0 on t1_0."TYPE_ID"=te1_0."TYPE_ID" left join "NUANBODB"."COUNTRY" c1_0 on c1_0."COUNTRY_ID"=te1_0."COUNTRY_ID" left join "NUANBODB"."PARTICIPANT" pb1_0 on pb1_0."PARTICIPANT_ID"=te1_0."PARTICIPANT_ID_BUY" left join "NUANBODB"."COUNTRY" c2_0 on c2_0."COUNTRY_ID"=pb1_0."COUNTRY_ID" left join "NUANBODB"."PARTICIPANT" ps1_0 on ps1_0."PARTICIPANT_ID"=te1_0."PARTICIPANT_ID_SELL" left join "NUANBODB"."COUNTRY" c3_0 on c3_0."COUNTRY_ID"=ps1_0."COUNTRY_ID" left join "NUANBODB"."DEPOSITORY" db1_0 on db1_0."DEPOSITORY_ID"=te1_0."DEPOSITORY_ID_BUY" left join "NUANBODB"."DEPOSITORY" ds1_0 on ds1_0."DEPOSITORY_ID"=te1_0."DEPOSITORY_ID_SELL" left join "NUANBODB"."TYPE" sqbt1_0 on sqbt1_0."TYPE_ID"=te1_0."SOURCE_QUOTE_BUY_TYPE" left join "NUANBODB"."TYPE" sqst1_0 on sqst1_0."TYPE_ID"=te1_0."SOURCE_QUOTE_SELL_TYPE" left join "NUANBODB"."SECURITY_TITLE" st1_0 on st1_0."SECURITY_ID"=te1_0."SECURITY_ID" where te1_0."MATCH_ID" in (?,?,?,?,?)
[30m2026-09-03T15:12:59,063[m [36mDEBUG [m[[1;34mhttp-nio-8080-exec-5[m] [36mSqlStatementLogger[m - select te1_0."TRADE_ID",te1_0."MATCH_ID",te1_0."MATCH_DATE",te1_0."CLEARING_DATE",te1_0."QUANTITY",t1_0."TYPE_ID",c1_0."COUNTRY_ID",pb1_0."PARTICIPANT_ID",pb1_0."DOCUMENT_NUMBER",c2_0."COUNTRY_ID",pb1_0."DIRECT_ALLOCATION",ps1_0."PARTICIPANT_ID",ps1_0."DOCUMENT_NUMBER",c3_0."COUNTRY_ID",ps1_0."DIRECT_ALLOCATION",db1_0."DEPOSITORY_ID",ds1_0."DEPOSITORY_ID",sqbt1_0."TYPE_ID",sqst1_0."TYPE_ID",st1_0."COUNTRY_ID" from "NUANBODB"."TRADE" te1_0 left join "NUANBODB"."TYPE" t1_0 on t1_0."TYPE_ID"=te1_0."TYPE_ID" left join "NUANBODB"."COUNTRY" c1_0 on c1_0."COUNTRY_ID"=te1_0."COUNTRY_ID" left join "NUANBODB"."PARTICIPANT" pb1_0 on pb1_0."PARTICIPANT_ID"=te1_0."PARTICIPANT_ID_BUY" left join "NUANBODB"."COUNTRY" c2_0 on c2_0."COUNTRY_ID"=pb1_0."COUNTRY_ID" left join "NUANBODB"."PARTICIPANT" ps1_0 on ps1_0."PARTICIPANT_ID"=te1_0."PARTICIPANT_ID_SELL" left join "NUANBODB"."COUNTRY" c3_0 on c3_0."COUNTRY_ID"=ps1_0."COUNTRY_ID" left join "NUANBODB"."DEPOSITORY" db1_0 on db1_0."DEPOSITORY_ID"=te1_0."DEPOSITORY_ID_BUY" left join "NUANBODB"."DEPOSITORY" ds1_0 on ds1_0."DEPOSITORY_ID"=te1_0."DEPOSITORY_ID_SELL" left join "NUANBODB"."TYPE" sqbt1_0 on sqbt1_0."TYPE_ID"=te1_0."SOURCE_QUOTE_BUY_TYPE" left join "NUANBODB"."TYPE" sqst1_0 on sqst1_0."TYPE_ID"=te1_0."SOURCE_QUOTE_SELL_TYPE" left join "NUANBODB"."SECURITY_TITLE" st1_0 on st1_0."SECURITY_ID"=te1_0."SECURITY_ID" where te1_0."MATCH_ID" in (?,?,?,?,?,?,?)
[30m2026-09-03T15:12:59,063[m [36mDEBUG [m[[1;34mhttp-nio-8080-exec-1[m] [36mSqlStatementLogger[m - select te1_0."TRADE_ID",te1_0."MATCH_ID",te1_0."MATCH_DATE",te1_0."CLEARING_DATE",te1_0."QUANTITY",t1_0."TYPE_ID",c1_0."COUNTRY_ID",pb1_0."PARTICIPANT_ID",pb1_0."DOCUMENT_NUMBER",c2_0."COUNTRY_ID",pb1_0."DIRECT_ALLOCATION",ps1_0."PARTICIPANT_ID",ps1_0."DOCUMENT_NUMBER",c3_0."COUNTRY_ID",ps1_0."DIRECT_ALLOCATION",db1_0."DEPOSITORY_ID",ds1_0."DEPOSITORY_ID",sqbt1_0."TYPE_ID",sqst1_0."TYPE_ID",st1_0."COUNTRY_ID" from "NUANBODB"."TRADE" te1_0 left join "NUANBODB"."TYPE" t1_0 on t1_0."TYPE_ID"=te1_0."TYPE_ID" left join "NUANBODB"."COUNTRY" c1_0 on c1_0."COUNTRY_ID"=te1_0."COUNTRY_ID" left join "NUANBODB"."PARTICIPANT" pb1_0 on pb1_0."PARTICIPANT_ID"=te1_0."PARTICIPANT_ID_BUY" left join "NUANBODB"."COUNTRY" c2_0 on c2_0."COUNTRY_ID"=pb1_0."COUNTRY_ID" left join "NUANBODB"."PARTICIPANT" ps1_0 on ps1_0."PARTICIPANT_ID"=te1_0."PARTICIPANT_ID_SELL" left join "NUANBODB"."COUNTRY" c3_0 on c3_0."COUNTRY_ID"=ps1_0."COUNTRY_ID" left join "NUANBODB"."DEPOSITORY" db1_0 on db1_0."DEPOSITORY_ID"=te1_0."DEPOSITORY_ID_BUY" left join "NUANBODB"."DEPOSITORY" ds1_0 on ds1_0."DEPOSITORY_ID"=te1_0."DEPOSITORY_ID_SELL" left join "NUANBODB"."TYPE" sqbt1_0 on sqbt1_0."TYPE_ID"=te1_0."SOURCE_QUOTE_BUY_TYPE" left join "NUANBODB"."TYPE" sqst1_0 on sqst1_0."TYPE_ID"=te1_0."SOURCE_QUOTE_SELL_TYPE" left join "NUANBODB"."SECURITY_TITLE" st1_0 on st1_0."SECURITY_ID"=te1_0."SECURITY_ID" where te1_0."MATCH_ID" in (?,?,?,?)
[30m2026-09-03T15:12:59,063[m [36mDEBUG [m[[1;34mhttp-nio-8080-exec-7[m] [36mSqlStatementLogger[m - select te1_0."TRADE_ID",te1_0."MATCH_ID",te1_0."MATCH_DATE",te1_0."CLEARING_DATE",te1_0."QUANTITY",t1_0."TYPE_ID",c1_0."COUNTRY_ID",pb1_0."PARTICIPANT_ID",pb1_0."DOCUMENT_NUMBER",c2_0."COUNTRY_ID",pb1_0."DIRECT_ALLOCATION",ps1_0."PARTICIPANT_ID",ps1_0."DOCUMENT_NUMBER",c3_0."COUNTRY_ID",ps1_0."DIRECT_ALLOCATION",db1_0."DEPOSITORY_ID",ds1_0."DEPOSITORY_ID",sqbt1_0."TYPE_ID",sqst1_0."TYPE_ID",st1_0."COUNTRY_ID" from "NUANBODB"."TRADE" te1_0 left join "NUANBODB"."TYPE" t1_0 on t1_0."TYPE_ID"=te1_0."TYPE_ID" left join "NUANBODB"."COUNTRY" c1_0 on c1_0."COUNTRY_ID"=te1_0."COUNTRY_ID" left join "NUANBODB"."PARTICIPANT" pb1_0 on pb1_0."PARTICIPANT_ID"=te1_0."PARTICIPANT_ID_BUY" left join "NUANBODB"."COUNTRY" c2_0 on c2_0."COUNTRY_ID"=pb1_0."COUNTRY_ID" left join "NUANBODB"."PARTICIPANT" ps1_0 on ps1_0."PARTICIPANT_ID"=te1_0."PARTICIPANT_ID_SELL" left join "NUANBODB"."COUNTRY" c3_0 on c3_0."COUNTRY_ID"=ps1_0."COUNTRY_ID" left join "NUANBODB"."DEPOSITORY" db1_0 on db1_0."DEPOSITORY_ID"=te1_0."DEPOSITORY_ID_BUY" left join "NUANBODB"."DEPOSITORY" ds1_0 on ds1_0."DEPOSITORY_ID"=te1_0."DEPOSITORY_ID_SELL" left join "NUANBODB"."TYPE" sqbt1_0 on sqbt1_0."TYPE_ID"=te1_0."SOURCE_QUOTE_BUY_TYPE" left join "NUANBODB"."TYPE" sqst1_0 on sqst1_0."TYPE_ID"=te1_0."SOURCE_QUOTE_SELL_TYPE" left join "NUANBODB"."SECURITY_TITLE" st1_0 on st1_0."SECURITY_ID"=te1_0."SECURITY_ID" where te1_0."MATCH_ID" in (?,?,?,?,?)
[30m2026-09-03T15:12:59,065[m [30mTRACE [m[[1;34mhttp-nio-8080-exec-1[m] [36mJdbcBindingLogging[m - binding parameter (1:BIGINT) <- [642988]
[30m2026-09-03T15:12:59,065[m [30mTRACE [m[[1;34mhttp-nio-8080-exec-7[m] [36mJdbcBindingLogging[m - binding parameter (1:BIGINT) <- [642984]
[30m2026-09-03T15:12:59,065[m [30mTRACE [m[[1;34mhttp-nio-8080-exec-7[m] [36mJdbcBindingLogging[m - binding parameter (2:BIGINT) <- [642991]
[30m2026-09-03T15:12:59,065[m [30mTRACE [m[[1;34mhttp-nio-8080-exec-1[m] [36mJdbcBindingLogging[m - binding parameter (2:BIGINT) <- [642974]
[30m2026-09-03T15:12:59,065[m [30mTRACE [m[[1;34mhttp-nio-8080-exec-10[m] [36mJdbcBindingLogging[m - binding parameter (1:BIGINT) <- [642987]
[30m2026-09-03T15:12:59,065[m [30mTRACE [m[[1;34mhttp-nio-8080-exec-9[m] [36mJdbcBindingLogging[m - binding parameter (1:BIGINT) <- [642985]
[30m2026-09-03T15:12:59,065[m [30mTRACE [m[[1;34mhttp-nio-8080-exec-7[m] [36mJdbcBindingLogging[m - binding parameter (3:BIGINT) <- [642977]
[30m2026-09-03T15:12:59,065[m [30mTRACE [m[[1;34mhttp-nio-8080-exec-1[m] [36mJdbcBindingLogging[m - binding parameter (3:BIGINT) <- [642995]
[30m2026-09-03T15:12:59,065[m [30mTRACE [m[[1;34mhttp-nio-8080-exec-10[m] [36mJdbcBindingLogging[m - binding parameter (2:BIGINT) <- [642986]
[30m2026-09-03T15:12:59,065[m [30mTRACE [m[[1;34mhttp-nio-8080-exec-7[m] [36mJdbcBindingLogging[m - binding parameter (4:BIGINT) <- [642976]
[30m2026-09-03T15:12:59,065[m [30mTRACE [m[[1;34mhttp-nio-8080-exec-1[m] [36mJdbcBindingLogging[m - binding parameter (4:BIGINT) <- [642981]
[30m2026-09-03T15:12:59,065[m [30mTRACE [m[[1;34mhttp-nio-8080-exec-9[m] [36mJdbcBindingLogging[m - binding parameter (2:BIGINT) <- [642993]
[30m2026-09-03T15:12:59,065[m [30mTRACE [m[[1;34mhttp-nio-8080-exec-7[m] [36mJdbcBindingLogging[m - binding parameter (5:BIGINT) <- [642998]
[30m2026-09-03T15:12:59,065[m [30mTRACE [m[[1;34mhttp-nio-8080-exec-10[m] [36mJdbcBindingLogging[m - binding parameter (3:BIGINT) <- [642973]
[30m2026-09-03T15:12:59,065[m [30mTRACE [m[[1;34mhttp-nio-8080-exec-9[m] [36mJdbcBindingLogging[m - binding parameter (3:BIGINT) <- [642992]
[30m2026-09-03T15:12:59,065[m [30mTRACE [m[[1;34mhttp-nio-8080-exec-9[m] [36mJdbcBindingLogging[m - binding parameter (4:BIGINT) <- [642978]
[30m2026-09-03T15:12:59,065[m [30mTRACE [m[[1;34mhttp-nio-8080-exec-10[m] [36mJdbcBindingLogging[m - binding parameter (4:BIGINT) <- [642979]
[30m2026-09-03T15:12:59,065[m [30mTRACE [m[[1;34mhttp-nio-8080-exec-9[m] [36mJdbcBindingLogging[m - binding parameter (5:BIGINT) <- [642999]
[30m2026-09-03T15:12:59,065[m [30mTRACE [m[[1;34mhttp-nio-8080-exec-10[m] [36mJdbcBindingLogging[m - binding parameter (5:BIGINT) <- [642994]
[30m2026-09-03T15:12:59,065[m [30mTRACE [m[[1;34mhttp-nio-8080-exec-10[m] [36mJdbcBindingLogging[m - binding parameter (6:BIGINT) <- [642980]
[30m2026-09-03T15:12:59,065[m [30mTRACE [m[[1;34mhttp-nio-8080-exec-5[m] [36mJdbcBindingLogging[m - binding parameter (1:BIGINT) <- [642989]
[30m2026-09-03T15:12:59,065[m [30mTRACE [m[[1;34mhttp-nio-8080-exec-5[m] [36mJdbcBindingLogging[m - binding parameter (2:BIGINT) <- [642975]
[30m2026-09-03T15:12:59,065[m [30mTRACE [m[[1;34mhttp-nio-8080-exec-5[m] [36mJdbcBindingLogging[m - binding parameter (3:BIGINT) <- [642990]
[30m2026-09-03T15:12:59,065[m [30mTRACE [m[[1;34mhttp-nio-8080-exec-5[m] [36mJdbcBindingLogging[m - binding parameter (4:BIGINT) <- [642997]
[30m2026-09-03T15:12:59,065[m [30mTRACE [m[[1;34mhttp-nio-8080-exec-5[m] [36mJdbcBindingLogging[m - binding parameter (5:BIGINT) <- [642996]
[30m2026-09-03T15:12:59,065[m [30mTRACE [m[[1;34mhttp-nio-8080-exec-5[m] [36mJdbcBindingLogging[m - binding parameter (6:BIGINT) <- [642983]
[30m2026-09-03T15:12:59,065[m [30mTRACE [m[[1;34mhttp-nio-8080-exec-5[m] [36mJdbcBindingLogging[m - binding parameter (7:BIGINT) <- [642982]
[30m2026-09-03T15:12:59,072[m [36mDEBUG [m[[1;34mhttp-nio-8080-exec-7[m] [36mSqlStatementLogger[m - select pe1_0."PARTICIPANT_ID",pe1_0."CODE",pe1_0."COUNTRY_ID",pe1_0."CUSTODIAN",pe1_0."DIRECT_ALLOCATION",pe1_0."DOCUMENT_NUMBER",pe1_0."ENABLED",pe1_0."IDENTIFICATION_TYPE_ID",pe1_0."MARGIN_ACCOUNT",pe1_0."MARKET_MAKER",pe1_0."MASTER_ACCOUNT",pe1_0."MNEMONIC",pe1_0."NAME",pe1_0."NIT_CLEARING_HOUSE",pe1_0."REGISTRATION_DATE",pe1_0."SHORT_NAME",pe1_0."STATUS_ID",pe1_0."TAX_CODE",pe1_0."TAX_STATUS_ID",pe1_0."TYPE_ID",pe1_0."TYPE_ENTITY" from "NUANBODB"."PARTICIPANT" pe1_0 where lower(pe1_0."CODE") in (?)
[30m2026-09-03T15:12:59,072[m [30mTRACE [m[[1;34mhttp-nio-8080-exec-7[m] [36mJdbcBindingLogging[m - binding parameter (1:VARCHAR) <- [co0010]
[30m2026-09-03T15:12:59,073[m [36mDEBUG [m[[1;34mhttp-nio-8080-exec-9[m] [36mSqlStatementLogger[m - select pe1_0."PARTICIPANT_ID",pe1_0."CODE",pe1_0."COUNTRY_ID",pe1_0."CUSTODIAN",pe1_0."DIRECT_ALLOCATION",pe1_0."DOCUMENT_NUMBER",pe1_0."ENABLED",pe1_0."IDENTIFICATION_TYPE_ID",pe1_0."MARGIN_ACCOUNT",pe1_0."MARKET_MAKER",pe1_0."MASTER_ACCOUNT",pe1_0."MNEMONIC",pe1_0."NAME",pe1_0."NIT_CLEARING_HOUSE",pe1_0."REGISTRATION_DATE",pe1_0."SHORT_NAME",pe1_0."STATUS_ID",pe1_0."TAX_CODE",pe1_0."TAX_STATUS_ID",pe1_0."TYPE_ID",pe1_0."TYPE_ENTITY" from "NUANBODB"."PARTICIPANT" pe1_0 where lower(pe1_0."CODE") in (?)
[30m2026-09-03T15:12:59,073[m [36mDEBUG [m[[1;34mhttp-nio-8080-exec-1[m] [36mSqlStatementLogger[m - select pe1_0."PARTICIPANT_ID",pe1_0."CODE",pe1_0."COUNTRY_ID",pe1_0."CUSTODIAN",pe1_0."DIRECT_ALLOCATION",pe1_0."DOCUMENT_NUMBER",pe1_0."ENABLED",pe1_0."IDENTIFICATION_TYPE_ID",pe1_0."MARGIN_ACCOUNT",pe1_0."MARKET_MAKER",pe1_0."MASTER_ACCOUNT",pe1_0."MNEMONIC",pe1_0."NAME",pe1_0."NIT_CLEARING_HOUSE",pe1_0."REGISTRATION_DATE",pe1_0."SHORT_NAME",pe1_0."STATUS_ID",pe1_0."TAX_CODE",pe1_0."TAX_STATUS_ID",pe1_0."TYPE_ID",pe1_0."TYPE_ENTITY" from "NUANBODB"."PARTICIPANT" pe1_0 where lower(pe1_0."CODE") in (?)
[30m2026-09-03T15:12:59,074[m [30mTRACE [m[[1;34mhttp-nio-8080-exec-1[m] [36mJdbcBindingLogging[m - binding parameter (1:VARCHAR) <- [co0010]
[30m2026-09-03T15:12:59,074[m [30mTRACE [m[[1;34mhttp-nio-8080-exec-9[m] [36mJdbcBindingLogging[m - binding parameter (1:VARCHAR) <- [co0010]
[30m2026-09-03T15:12:59,074[m [36mDEBUG [m[[1;34mhttp-nio-8080-exec-5[m] [36mSqlStatementLogger[m - select pe1_0."PARTICIPANT_ID",pe1_0."CODE",pe1_0."COUNTRY_ID",pe1_0."CUSTODIAN",pe1_0."DIRECT_ALLOCATION",pe1_0."DOCUMENT_NUMBER",pe1_0."ENABLED",pe1_0."IDENTIFICATION_TYPE_ID",pe1_0."MARGIN_ACCOUNT",pe1_0."MARKET_MAKER",pe1_0."MASTER_ACCOUNT",pe1_0."MNEMONIC",pe1_0."NAME",pe1_0."NIT_CLEARING_HOUSE",pe1_0."REGISTRATION_DATE",pe1_0."SHORT_NAME",pe1_0."STATUS_ID",pe1_0."TAX_CODE",pe1_0."TAX_STATUS_ID",pe1_0."TYPE_ID",pe1_0."TYPE_ENTITY" from "NUANBODB"."PARTICIPANT" pe1_0 where lower(pe1_0."CODE") in (?)
[30m2026-09-03T15:12:59,074[m [30mTRACE [m[[1;34mhttp-nio-8080-exec-5[m] [36mJdbcBindingLogging[m - binding parameter (1:VARCHAR) <- [co0010]
[30m2026-09-03T15:12:59,075[m [36mDEBUG [m[[1;34mhttp-nio-8080-exec-10[m] [36mSqlStatementLogger[m - select pe1_0."PARTICIPANT_ID",pe1_0."CODE",pe1_0."COUNTRY_ID",pe1_0."CUSTODIAN",pe1_0."DIRECT_ALLOCATION",pe1_0."DOCUMENT_NUMBER",pe1_0."ENABLED",pe1_0."IDENTIFICATION_TYPE_ID",pe1_0."MARGIN_ACCOUNT",pe1_0."MARKET_MAKER",pe1_0."MASTER_ACCOUNT",pe1_0."MNEMONIC",pe1_0."NAME",pe1_0."NIT_CLEARING_HOUSE",pe1_0."REGISTRATION_DATE",pe1_0."SHORT_NAME",pe1_0."STATUS_ID",pe1_0."TAX_CODE",pe1_0."TAX_STATUS_ID",pe1_0."TYPE_ID",pe1_0."TYPE_ENTITY" from "NUANBODB"."PARTICIPANT" pe1_0 where lower(pe1_0."CODE") in (?)
[30m2026-09-03T15:12:59,075[m [30mTRACE [m[[1;34mhttp-nio-8080-exec-10[m] [36mJdbcBindingLogging[m - binding parameter (1:VARCHAR) <- [co0010]
[30m2026-09-03T15:12:59,078[m [36mDEBUG [m[[1;34mhttp-nio-8080-exec-9[m] [36mSqlStatementLogger[m - select ce1_0."COUNTRY_ID",ce1_0."CODE",ce1_0."CURRENCY_ID",c1_0."CURRENCY_ID",c1_0."CODE",c1_0."NAME",ce1_0."NAME",ce1_0."TIME_ZONE" from "NUANBODB"."COUNTRY" ce1_0 join "NUANBODB"."CURRENCY" c1_0 on c1_0."CURRENCY_ID"=ce1_0."CURRENCY_ID" where ce1_0."COUNTRY_ID"=?
[30m2026-09-03T15:12:59,078[m [30mTRACE [m[[1;34mhttp-nio-8080-exec-9[m] [36mJdbcBindingLogging[m - binding parameter (1:BIGINT) <- [37]
[30m2026-09-03T15:12:59,079[m [36mDEBUG [m[[1;34mhttp-nio-8080-exec-7[m] [36mSqlStatementLogger[m - select ce1_0."COUNTRY_ID",ce1_0."CODE",ce1_0."CURRENCY_ID",c1_0."CURRENCY_ID",c1_0."CODE",c1_0."NAME",ce1_0."NAME",ce1_0."TIME_ZONE" from "NUANBODB"."COUNTRY" ce1_0 join "NUANBODB"."CURRENCY" c1_0 on c1_0."CURRENCY_ID"=ce1_0."CURRENCY_ID" where ce1_0."COUNTRY_ID"=?
[30m2026-09-03T15:12:59,079[m [30mTRACE [m[[1;34mhttp-nio-8080-exec-7[m] [36mJdbcBindingLogging[m - binding parameter (1:BIGINT) <- [37]
[30m2026-09-03T15:12:59,079[m [36mDEBUG [m[[1;34mhttp-nio-8080-exec-9[m] [36mSqlStatementLogger[m - select ite1_0."IDENTIFICATION_TYPE_ID",ite1_0."CODE",ite1_0."DESCRIPTION" from "NUANBODB"."IDENTIFICATION_TYPE" ite1_0 where ite1_0."IDENTIFICATION_TYPE_ID"=?
[30m2026-09-03T15:12:59,079[m [30mTRACE [m[[1;34mhttp-nio-8080-exec-9[m] [36mJdbcBindingLogging[m - binding parameter (1:BIGINT) <- [7]
[30m2026-09-03T15:12:59,079[m [36mDEBUG [m[[1;34mhttp-nio-8080-exec-1[m] [36mSqlStatementLogger[m - select ce1_0."COUNTRY_ID",ce1_0."CODE",ce1_0."CURRENCY_ID",c1_0."CURRENCY_ID",c1_0."CODE",c1_0."NAME",ce1_0."NAME",ce1_0."TIME_ZONE" from "NUANBODB"."COUNTRY" ce1_0 join "NUANBODB"."CURRENCY" c1_0 on c1_0."CURRENCY_ID"=ce1_0."CURRENCY_ID" where ce1_0."COUNTRY_ID"=?
[30m2026-09-03T15:12:59,079[m [30mTRACE [m[[1;34mhttp-nio-8080-exec-1[m] [36mJdbcBindingLogging[m - binding parameter (1:BIGINT) <- [37]
[30m2026-09-03T15:12:59,080[m [36mDEBUG [m[[1;34mhttp-nio-8080-exec-9[m] [36mSqlStatementLogger[m - select se1_0."STATUS_ID",se1_0."CATEGORY",se1_0."DESCRIPTION" from "NUANBODB"."STATUS" se1_0 where se1_0."STATUS_ID"=?
[30m2026-09-03T15:12:59,080[m [30mTRACE [m[[1;34mhttp-nio-8080-exec-9[m] [36mJdbcBindingLogging[m - binding parameter (1:BIGINT) <- [510]
[30m2026-09-03T15:12:59,080[m [36mDEBUG [m[[1;34mhttp-nio-8080-exec-7[m] [36mSqlStatementLogger[m - select ite1_0."IDENTIFICATION_TYPE_ID",ite1_0."CODE",ite1_0."DESCRIPTION" from "NUANBODB"."IDENTIFICATION_TYPE" ite1_0 where ite1_0."IDENTIFICATION_TYPE_ID"=?
[30m2026-09-03T15:12:59,080[m [30mTRACE [m[[1;34mhttp-nio-8080-exec-7[m] [36mJdbcBindingLogging[m - binding parameter (1:BIGINT) <- [7]
[30m2026-09-03T15:12:59,080[m [36mDEBUG [m[[1;34mhttp-nio-8080-exec-1[m] [36mSqlStatementLogger[m - select ite1_0."IDENTIFICATION_TYPE_ID",ite1_0."CODE",ite1_0."DESCRIPTION" from "NUANBODB"."IDENTIFICATION_TYPE" ite1_0 where ite1_0."IDENTIFICATION_TYPE_ID"=?
[30m2026-09-03T15:12:59,080[m [30mTRACE [m[[1;34mhttp-nio-8080-exec-1[m] [36mJdbcBindingLogging[m - binding parameter (1:BIGINT) <- [7]
[30m2026-09-03T15:12:59,080[m [36mDEBUG [m[[1;34mhttp-nio-8080-exec-9[m] [36mSqlStatementLogger[m - select tse1_0."TAX_STATUS_ID",tse1_0."DESCRIPTION",tse1_0."LAST_MODIFY_APPLIC",tse1_0."LAST_MODIFY_DATE",tse1_0."LAST_MODIFY_IP",tse1_0."LAST_MODIFY_USER" from "NUANBODB"."TAX_STATUS" tse1_0 where tse1_0."TAX_STATUS_ID"=?
[30m2026-09-03T15:12:59,080[m [30mTRACE [m[[1;34mhttp-nio-8080-exec-9[m] [36mJdbcBindingLogging[m - binding parameter (1:BIGINT) <- [0]
[30m2026-09-03T15:12:59,081[m [36mDEBUG [m[[1;34mhttp-nio-8080-exec-7[m] [36mSqlStatementLogger[m - select se1_0."STATUS_ID",se1_0."CATEGORY",se1_0."DESCRIPTION" from "NUANBODB"."STATUS" se1_0 where se1_0."STATUS_ID"=?
[30m2026-09-03T15:12:59,081[m [36mDEBUG [m[[1;34mhttp-nio-8080-exec-5[m] [36mSqlStatementLogger[m - select ce1_0."COUNTRY_ID",ce1_0."CODE",ce1_0."CURRENCY_ID",c1_0."CURRENCY_ID",c1_0."CODE",c1_0."NAME",ce1_0."NAME",ce1_0."TIME_ZONE" from "NUANBODB"."COUNTRY" ce1_0 join "NUANBODB"."CURRENCY" c1_0 on c1_0."CURRENCY_ID"=ce1_0."CURRENCY_ID" where ce1_0."COUNTRY_ID"=?
[30m2026-09-03T15:12:59,081[m [30mTRACE [m[[1;34mhttp-nio-8080-exec-7[m] [36mJdbcBindingLogging[m - binding parameter (1:BIGINT) <- [510]
[30m2026-09-03T15:12:59,081[m [30mTRACE [m[[1;34mhttp-nio-8080-exec-5[m] [36mJdbcBindingLogging[m - binding parameter (1:BIGINT) <- [37]
[30m2026-09-03T15:12:59,081[m [36mDEBUG [m[[1;34mhttp-nio-8080-exec-1[m] [36mSqlStatementLogger[m - select se1_0."STATUS_ID",se1_0."CATEGORY",se1_0."DESCRIPTION" from "NUANBODB"."STATUS" se1_0 where se1_0."STATUS_ID"=?
[30m2026-09-03T15:12:59,081[m [30mTRACE [m[[1;34mhttp-nio-8080-exec-1[m] [36mJdbcBindingLogging[m - binding parameter (1:BIGINT) <- [510]
[30m2026-09-03T15:12:59,081[m [36mDEBUG [m[[1;34mhttp-nio-8080-exec-9[m] [36mSqlStatementLogger[m - select te1_0."TYPE_ID",te1_0."CATEGORY",te1_0."DESCRIPTION" from "NUANBODB"."TYPE" te1_0 where te1_0."TYPE_ID"=?
[30m2026-09-03T15:12:59,081[m [30mTRACE [m[[1;34mhttp-nio-8080-exec-9[m] [36mJdbcBindingLogging[m - binding parameter (1:BIGINT) <- [31]
[30m2026-09-03T15:12:59,081[m [36mDEBUG [m[[1;34mhttp-nio-8080-exec-1[m] [36mSqlStatementLogger[m - select tse1_0."TAX_STATUS_ID",tse1_0."DESCRIPTION",tse1_0."LAST_MODIFY_APPLIC",tse1_0."LAST_MODIFY_DATE",tse1_0."LAST_MODIFY_IP",tse1_0."LAST_MODIFY_USER" from "NUANBODB"."TAX_STATUS" tse1_0 where tse1_0."TAX_STATUS_ID"=?
[30m2026-09-03T15:12:59,081[m [30mTRACE [m[[1;34mhttp-nio-8080-exec-1[m] [36mJdbcBindingLogging[m - binding parameter (1:BIGINT) <- [0]
[30m2026-09-03T15:12:59,081[m [36mDEBUG [m[[1;34mhttp-nio-8080-exec-10[m] [36mSqlStatementLogger[m - select ce1_0."COUNTRY_ID",ce1_0."CODE",ce1_0."CURRENCY_ID",c1_0."CURRENCY_ID",c1_0."CODE",c1_0."NAME",ce1_0."NAME",ce1_0."TIME_ZONE" from "NUANBODB"."COUNTRY" ce1_0 join "NUANBODB"."CURRENCY" c1_0 on c1_0."CURRENCY_ID"=ce1_0."CURRENCY_ID" where ce1_0."COUNTRY_ID"=?
[30m2026-09-03T15:12:59,082[m [30mTRACE [m[[1;34mhttp-nio-8080-exec-10[m] [36mJdbcBindingLogging[m - binding parameter (1:BIGINT) <- [37]
[30m2026-09-03T15:12:59,082[m [36mDEBUG [m[[1;34mhttp-nio-8080-exec-7[m] [36mSqlStatementLogger[m - select tse1_0."TAX_STATUS_ID",tse1_0."DESCRIPTION",tse1_0."LAST_MODIFY_APPLIC",tse1_0."LAST_MODIFY_DATE",tse1_0."LAST_MODIFY_IP",tse1_0."LAST_MODIFY_USER" from "NUANBODB"."TAX_STATUS" tse1_0 where tse1_0."TAX_STATUS_ID"=?
[30m2026-09-03T15:12:59,082[m [30mTRACE [m[[1;34mhttp-nio-8080-exec-7[m] [36mJdbcBindingLogging[m - binding parameter (1:BIGINT) <- [0]
[30m2026-09-03T15:12:59,082[m [36mDEBUG [m[[1;34mhttp-nio-8080-exec-5[m] [36mSqlStatementLogger[m - select ite1_0."IDENTIFICATION_TYPE_ID",ite1_0."CODE",ite1_0."DESCRIPTION" from "NUANBODB"."IDENTIFICATION_TYPE" ite1_0 where ite1_0."IDENTIFICATION_TYPE_ID"=?
[30m2026-09-03T15:12:59,082[m [30mTRACE [m[[1;34mhttp-nio-8080-exec-5[m] [36mJdbcBindingLogging[m - binding parameter (1:BIGINT) <- [7]
[30m2026-09-03T15:12:59,082[m [36mDEBUG [m[[1;34mhttp-nio-8080-exec-1[m] [36mSqlStatementLogger[m - select te1_0."TYPE_ID",te1_0."CATEGORY",te1_0."DESCRIPTION" from "NUANBODB"."TYPE" te1_0 where te1_0."TYPE_ID"=?
[30m2026-09-03T15:12:59,082[m [30mTRACE [m[[1;34mhttp-nio-8080-exec-1[m] [36mJdbcBindingLogging[m - binding parameter (1:BIGINT) <- [31]
[30m2026-09-03T15:12:59,082[m [36mDEBUG [m[[1;34mhttp-nio-8080-exec-9[m] [36mSqlStatementLogger[m - select pae1_0."PARTICIPANT_ACCOUNT_ID",pae1_0."ACCOUNT_NUMBER",pae1_0."DEPOSITORY_ID",pae1_0."IND_MASTER",pae1_0."LAST_MODIFY_APPLIC",pae1_0."LAST_MODIFY_DATE",pae1_0."LAST_MODIFY_IP",pae1_0."LAST_MODIFY_USER",pae1_0."ORIGIN_TYPE_ID",pae1_0."PARTICIPANT_ID",pae1_0."STATUS_ID",pae1_0."TAX_EXEMP",pae1_0."TYPE_ID" from "NUANBODB"."PARTICIPANT_ACCOUNT" pae1_0 left join "NUANBODB"."DEPOSITORY" d1_0 on d1_0."DEPOSITORY_ID"=pae1_0."DEPOSITORY_ID" left join "NUANBODB"."TYPE" ot1_0 on ot1_0."TYPE_ID"=pae1_0."ORIGIN_TYPE_ID" where pae1_0."ACCOUNT_NUMBER"=? and d1_0."DEPOSITORY_ID"=? and ot1_0."TYPE_ID"<>? fetch first ? rows only
[30m2026-09-03T15:12:59,082[m [30mTRACE [m[[1;34mhttp-nio-8080-exec-9[m] [36mJdbcBindingLogging[m - binding parameter (1:VARCHAR) <- [4021801]
[30m2026-09-03T15:12:59,082[m [30mTRACE [m[[1;34mhttp-nio-8080-exec-9[m] [36mJdbcBindingLogging[m - binding parameter (2:VARCHAR) <- [1]
[30m2026-09-03T15:12:59,082[m [30mTRACE [m[[1;34mhttp-nio-8080-exec-9[m] [36mJdbcBindingLogging[m - binding parameter (3:BIGINT) <- [121]
[30m2026-09-03T15:12:59,082[m [30mTRACE [m[[1;34mhttp-nio-8080-exec-9[m] [36mJdbcBindingLogging[m - binding parameter (4:INTEGER) <- [1]
[30m2026-09-03T15:12:59,082[m [36mDEBUG [m[[1;34mhttp-nio-8080-exec-7[m] [36mSqlStatementLogger[m - select te1_0."TYPE_ID",te1_0."CATEGORY",te1_0."DESCRIPTION" from "NUANBODB"."TYPE" te1_0 where te1_0."TYPE_ID"=?
[30m2026-09-03T15:12:59,082[m [30mTRACE [m[[1;34mhttp-nio-8080-exec-7[m] [36mJdbcBindingLogging[m - binding parameter (1:BIGINT) <- [31]
[30m2026-09-03T15:12:59,082[m [36mDEBUG [m[[1;34mhttp-nio-8080-exec-10[m] [36mSqlStatementLogger[m - select ite1_0."IDENTIFICATION_TYPE_ID",ite1_0."CODE",ite1_0."DESCRIPTION" from "NUANBODB"."IDENTIFICATION_TYPE" ite1_0 where ite1_0."IDENTIFICATION_TYPE_ID"=?
[30m2026-09-03T15:12:59,083[m [30mTRACE [m[[1;34mhttp-nio-8080-exec-10[m] [36mJdbcBindingLogging[m - binding parameter (1:BIGINT) <- [7]
[30m2026-09-03T15:12:59,083[m [36mDEBUG [m[[1;34mhttp-nio-8080-exec-5[m] [36mSqlStatementLogger[m - select se1_0."STATUS_ID",se1_0."CATEGORY",se1_0."DESCRIPTION" from "NUANBODB"."STATUS" se1_0 where se1_0."STATUS_ID"=?
[30m2026-09-03T15:12:59,083[m [30mTRACE [m[[1;34mhttp-nio-8080-exec-5[m] [36mJdbcBindingLogging[m - binding parameter (1:BIGINT) <- [510]
[30m2026-09-03T15:12:59,083[m [36mDEBUG [m[[1;34mhttp-nio-8080-exec-1[m] [36mSqlStatementLogger[m - select pae1_0."PARTICIPANT_ACCOUNT_ID",pae1_0."ACCOUNT_NUMBER",pae1_0."DEPOSITORY_ID",pae1_0."IND_MASTER",pae1_0."LAST_MODIFY_APPLIC",pae1_0."LAST_MODIFY_DATE",pae1_0."LAST_MODIFY_IP",pae1_0."LAST_MODIFY_USER",pae1_0."ORIGIN_TYPE_ID",pae1_0."PARTICIPANT_ID",pae1_0."STATUS_ID",pae1_0."TAX_EXEMP",pae1_0."TYPE_ID" from "NUANBODB"."PARTICIPANT_ACCOUNT" pae1_0 left join "NUANBODB"."DEPOSITORY" d1_0 on d1_0."DEPOSITORY_ID"=pae1_0."DEPOSITORY_ID" left join "NUANBODB"."TYPE" ot1_0 on ot1_0."TYPE_ID"=pae1_0."ORIGIN_TYPE_ID" where pae1_0."ACCOUNT_NUMBER"=? and d1_0."DEPOSITORY_ID"=? and ot1_0."TYPE_ID"<>? fetch first ? rows only
[30m2026-09-03T15:12:59,083[m [30mTRACE [m[[1;34mhttp-nio-8080-exec-1[m] [36mJdbcBindingLogging[m - binding parameter (1:VARCHAR) <- [4021801]
[30m2026-09-03T15:12:59,083[m [30mTRACE [m[[1;34mhttp-nio-8080-exec-1[m] [36mJdbcBindingLogging[m - binding parameter (2:VARCHAR) <- [1]
[30m2026-09-03T15:12:59,083[m [30mTRACE [m[[1;34mhttp-nio-8080-exec-1[m] [36mJdbcBindingLogging[m - binding parameter (3:BIGINT) <- [121]
[30m2026-09-03T15:12:59,083[m [30mTRACE [m[[1;34mhttp-nio-8080-exec-1[m] [36mJdbcBindingLogging[m - binding parameter (4:INTEGER) <- [1]
[30m2026-09-03T15:12:59,083[m [36mDEBUG [m[[1;34mhttp-nio-8080-exec-7[m] [36mSqlStatementLogger[m - select pae1_0."PARTICIPANT_ACCOUNT_ID",pae1_0."ACCOUNT_NUMBER",pae1_0."DEPOSITORY_ID",pae1_0."IND_MASTER",pae1_0."LAST_MODIFY_APPLIC",pae1_0."LAST_MODIFY_DATE",pae1_0."LAST_MODIFY_IP",pae1_0."LAST_MODIFY_USER",pae1_0."ORIGIN_TYPE_ID",pae1_0."PARTICIPANT_ID",pae1_0."STATUS_ID",pae1_0."TAX_EXEMP",pae1_0."TYPE_ID" from "NUANBODB"."PARTICIPANT_ACCOUNT" pae1_0 left join "NUANBODB"."DEPOSITORY" d1_0 on d1_0."DEPOSITORY_ID"=pae1_0."DEPOSITORY_ID" left join "NUANBODB"."TYPE" ot1_0 on ot1_0."TYPE_ID"=pae1_0."ORIGIN_TYPE_ID" where pae1_0."ACCOUNT_NUMBER"=? and d1_0."DEPOSITORY_ID"=? and ot1_0."TYPE_ID"<>? fetch first ? rows only
[30m2026-09-03T15:12:59,083[m [36mDEBUG [m[[1;34mhttp-nio-8080-exec-10[m] [36mSqlStatementLogger[m - select se1_0."STATUS_ID",se1_0."CATEGORY",se1_0."DESCRIPTION" from "NUANBODB"."STATUS" se1_0 where se1_0."STATUS_ID"=?
[30m2026-09-03T15:12:59,083[m [36mDEBUG [m[[1;34mhttp-nio-8080-exec-9[m] [36mSqlStatementLogger[m - select iae1_0."INVESTOR_ACCOUNT_ID",iae1_0."ACCOUNT_NAME",iae1_0."ACCOUNT_NUMBER",iae1_0."DEPOSITORY_ID",iae1_0."INVESTOR_ID",iae1_0."LAST_MODIFY_APPLIC",iae1_0."LAST_MODIFY_DATE",iae1_0."LAST_MODIFY_IP",iae1_0."LAST_MODIFY_USER",iae1_0."ORIGIN_TYPE_ID",iae1_0."PARTICIPANT_ID",iae1_0."STATUS_ID",iae1_0."TAX_EXEMP",iae1_0."TYPE_ID" from "NUANBODB"."INVESTOR_ACCOUNT" iae1_0 left join "NUANBODB"."INVESTOR" i1_0 on i1_0."INVESTOR_ID"=iae1_0."INVESTOR_ID" left join "NUANBODB"."DEPOSITORY" d1_0 on d1_0."DEPOSITORY_ID"=iae1_0."DEPOSITORY_ID" left join "NUANBODB"."TYPE" ot1_0 on ot1_0."TYPE_ID"=iae1_0."ORIGIN_TYPE_ID" where iae1_0."ACCOUNT_NUMBER"=? and i1_0."DOCUMENT_NUMBER"<>? and d1_0."DEPOSITORY_ID"=? and ot1_0."TYPE_ID"<>? fetch first ? rows only
[30m2026-09-03T15:12:59,084[m [30mTRACE [m[[1;34mhttp-nio-8080-exec-7[m] [36mJdbcBindingLogging[m - binding parameter (1:VARCHAR) <- [4021801]
[30m2026-09-03T15:12:59,084[m [30mTRACE [m[[1;34mhttp-nio-8080-exec-7[m] [36mJdbcBindingLogging[m - binding parameter (2:VARCHAR) <- [1]
[30m2026-09-03T15:12:59,084[m [30mTRACE [m[[1;34mhttp-nio-8080-exec-10[m] [36mJdbcBindingLogging[m - binding parameter (1:BIGINT) <- [510]
[30m2026-09-03T15:12:59,084[m [30mTRACE [m[[1;34mhttp-nio-8080-exec-7[m] [36mJdbcBindingLogging[m - binding parameter (3:BIGINT) <- [121]
[30m2026-09-03T15:12:59,084[m [30mTRACE [m[[1;34mhttp-nio-8080-exec-9[m] [36mJdbcBindingLogging[m - binding parameter (1:VARCHAR) <- [4021801]
[30m2026-09-03T15:12:59,084[m [30mTRACE [m[[1;34mhttp-nio-8080-exec-7[m] [36mJdbcBindingLogging[m - binding parameter (4:INTEGER) <- [1]
[30m2026-09-03T15:12:59,084[m [30mTRACE [m[[1;34mhttp-nio-8080-exec-9[m] [36mJdbcBindingLogging[m - binding parameter (2:VARCHAR) <- [800128735-8]
[30m2026-09-03T15:12:59,084[m [30mTRACE [m[[1;34mhttp-nio-8080-exec-9[m] [36mJdbcBindingLogging[m - binding parameter (3:VARCHAR) <- [1]
[30m2026-09-03T15:12:59,084[m [30mTRACE [m[[1;34mhttp-nio-8080-exec-9[m] [36mJdbcBindingLogging[m - binding parameter (4:BIGINT) <- [121]
[30m2026-09-03T15:12:59,084[m [30mTRACE [m[[1;34mhttp-nio-8080-exec-9[m] [36mJdbcBindingLogging[m - binding parameter (5:INTEGER) <- [1]
[30m2026-09-03T15:12:59,084[m [36mDEBUG [m[[1;34mhttp-nio-8080-exec-5[m] [36mSqlStatementLogger[m - select tse1_0."TAX_STATUS_ID",tse1_0."DESCRIPTION",tse1_0."LAST_MODIFY_APPLIC",tse1_0."LAST_MODIFY_DATE",tse1_0."LAST_MODIFY_IP",tse1_0."LAST_MODIFY_USER" from "NUANBODB"."TAX_STATUS" tse1_0 where tse1_0."TAX_STATUS_ID"=?
[30m2026-09-03T15:12:59,084[m [30mTRACE [m[[1;34mhttp-nio-8080-exec-5[m] [36mJdbcBindingLogging[m - binding parameter (1:BIGINT) <- [0]
[30m2026-09-03T15:12:59,084[m [36mDEBUG [m[[1;34mhttp-nio-8080-exec-1[m] [36mSqlStatementLogger[m - select iae1_0."INVESTOR_ACCOUNT_ID",iae1_0."ACCOUNT_NAME",iae1_0."ACCOUNT_NUMBER",iae1_0."DEPOSITORY_ID",iae1_0."INVESTOR_ID",iae1_0."LAST_MODIFY_APPLIC",iae1_0."LAST_MODIFY_DATE",iae1_0."LAST_MODIFY_IP",iae1_0."LAST_MODIFY_USER",iae1_0."ORIGIN_TYPE_ID",iae1_0."PARTICIPANT_ID",iae1_0."STATUS_ID",iae1_0."TAX_EXEMP",iae1_0."TYPE_ID" from "NUANBODB"."INVESTOR_ACCOUNT" iae1_0 left join "NUANBODB"."INVESTOR" i1_0 on i1_0."INVESTOR_ID"=iae1_0."INVESTOR_ID" left join "NUANBODB"."DEPOSITORY" d1_0 on d1_0."DEPOSITORY_ID"=iae1_0."DEPOSITORY_ID" left join "NUANBODB"."TYPE" ot1_0 on ot1_0."TYPE_ID"=iae1_0."ORIGIN_TYPE_ID" where iae1_0."ACCOUNT_NUMBER"=? and i1_0."DOCUMENT_NUMBER"<>? and d1_0."DEPOSITORY_ID"=? and ot1_0."TYPE_ID"<>? fetch first ? rows only
[30m2026-09-03T15:12:59,084[m [30mTRACE [m[[1;34mhttp-nio-8080-exec-1[m] [36mJdbcBindingLogging[m - binding parameter (1:VARCHAR) <- [4021801]
[30m2026-09-03T15:12:59,084[m [30mTRACE [m[[1;34mhttp-nio-8080-exec-1[m] [36mJdbcBindingLogging[m - binding parameter (2:VARCHAR) <- [800128735-8]
[30m2026-09-03T15:12:59,084[m [30mTRACE [m[[1;34mhttp-nio-8080-exec-1[m] [36mJdbcBindingLogging[m - binding parameter (3:VARCHAR) <- [1]
[30m2026-09-03T15:12:59,084[m [30mTRACE [m[[1;34mhttp-nio-8080-exec-1[m] [36mJdbcBindingLogging[m - binding parameter (4:BIGINT) <- [121]
[30m2026-09-03T15:12:59,084[m [30mTRACE [m[[1;34mhttp-nio-8080-exec-1[m] [36mJdbcBindingLogging[m - binding parameter (5:INTEGER) <- [1]
[30m2026-09-03T15:12:59,084[m [36mDEBUG [m[[1;34mhttp-nio-8080-exec-10[m] [36mSqlStatementLogger[m - select tse1_0."TAX_STATUS_ID",tse1_0."DESCRIPTION",tse1_0."LAST_MODIFY_APPLIC",tse1_0."LAST_MODIFY_DATE",tse1_0."LAST_MODIFY_IP",tse1_0."LAST_MODIFY_USER" from "NUANBODB"."TAX_STATUS" tse1_0 where tse1_0."TAX_STATUS_ID"=?
[30m2026-09-03T15:12:59,084[m [30mTRACE [m[[1;34mhttp-nio-8080-exec-10[m] [36mJdbcBindingLogging[m - binding parameter (1:BIGINT) <- [0]
[30m2026-09-03T15:12:59,085[m [36mDEBUG [m[[1;34mhttp-nio-8080-exec-5[m] [36mSqlStatementLogger[m - select te1_0."TYPE_ID",te1_0."CATEGORY",te1_0."DESCRIPTION" from "NUANBODB"."TYPE" te1_0 where te1_0."TYPE_ID"=?
[30m2026-09-03T15:12:59,085[m [36mDEBUG [m[[1;34mhttp-nio-8080-exec-9[m] [36mSqlStatementLogger[m - select de1_0."DEPOSITORY_ID",de1_0."DESCRIPTION" from "NUANBODB"."DEPOSITORY" de1_0 where de1_0."DEPOSITORY_ID"=?
[30m2026-09-03T15:12:59,085[m [30mTRACE [m[[1;34mhttp-nio-8080-exec-5[m] [36mJdbcBindingLogging[m - binding parameter (1:BIGINT) <- [31]
[30m2026-09-03T15:12:59,085[m [30mTRACE [m[[1;34mhttp-nio-8080-exec-9[m] [36mJdbcBindingLogging[m - binding parameter (1:VARCHAR) <- [1]
[30m2026-09-03T15:12:59,085[m [36mDEBUG [m[[1;34mhttp-nio-8080-exec-7[m] [36mSqlStatementLogger[m - select iae1_0."INVESTOR_ACCOUNT_ID",iae1_0."ACCOUNT_NAME",iae1_0."ACCOUNT_NUMBER",iae1_0."DEPOSITORY_ID",iae1_0."INVESTOR_ID",iae1_0."LAST_MODIFY_APPLIC",iae1_0."LAST_MODIFY_DATE",iae1_0."LAST_MODIFY_IP",iae1_0."LAST_MODIFY_USER",iae1_0."ORIGIN_TYPE_ID",iae1_0."PARTICIPANT_ID",iae1_0."STATUS_ID",iae1_0."TAX_EXEMP",iae1_0."TYPE_ID" from "NUANBODB"."INVESTOR_ACCOUNT" iae1_0 left join "NUANBODB"."INVESTOR" i1_0 on i1_0."INVESTOR_ID"=iae1_0."INVESTOR_ID" left join "NUANBODB"."DEPOSITORY" d1_0 on d1_0."DEPOSITORY_ID"=iae1_0."DEPOSITORY_ID" left join "NUANBODB"."TYPE" ot1_0 on ot1_0."TYPE_ID"=iae1_0."ORIGIN_TYPE_ID" where iae1_0."ACCOUNT_NUMBER"=? and i1_0."DOCUMENT_NUMBER"<>? and d1_0."DEPOSITORY_ID"=? and ot1_0."TYPE_ID"<>? fetch first ? rows only
[30m2026-09-03T15:12:59,085[m [30mTRACE [m[[1;34mhttp-nio-8080-exec-7[m] [36mJdbcBindingLogging[m - binding parameter (1:VARCHAR) <- [4021801]
[30m2026-09-03T15:12:59,085[m [30mTRACE [m[[1;34mhttp-nio-8080-exec-7[m] [36mJdbcBindingLogging[m - binding parameter (2:VARCHAR) <- [800128735-8]
[30m2026-09-03T15:12:59,085[m [30mTRACE [m[[1;34mhttp-nio-8080-exec-7[m] [36mJdbcBindingLogging[m - binding parameter (3:VARCHAR) <- [1]
[30m2026-09-03T15:12:59,085[m [30mTRACE [m[[1;34mhttp-nio-8080-exec-7[m] [36mJdbcBindingLogging[m - binding parameter (4:BIGINT) <- [121]
[30m2026-09-03T15:12:59,085[m [30mTRACE [m[[1;34mhttp-nio-8080-exec-7[m] [36mJdbcBindingLogging[m - binding parameter (5:INTEGER) <- [1]
[30m2026-09-03T15:12:59,085[m [36mDEBUG [m[[1;34mhttp-nio-8080-exec-1[m] [36mSqlStatementLogger[m - select de1_0."DEPOSITORY_ID",de1_0."DESCRIPTION" from "NUANBODB"."DEPOSITORY" de1_0 where de1_0."DEPOSITORY_ID"=?
[30m2026-09-03T15:12:59,085[m [30mTRACE [m[[1;34mhttp-nio-8080-exec-1[m] [36mJdbcBindingLogging[m - binding parameter (1:VARCHAR) <- [1]
[30m2026-09-03T15:12:59,085[m [36mDEBUG [m[[1;34mhttp-nio-8080-exec-10[m] [36mSqlStatementLogger[m - select te1_0."TYPE_ID",te1_0."CATEGORY",te1_0."DESCRIPTION" from "NUANBODB"."TYPE" te1_0 where te1_0."TYPE_ID"=?
[30m2026-09-03T15:12:59,085[m [30mTRACE [m[[1;34mhttp-nio-8080-exec-10[m] [36mJdbcBindingLogging[m - binding parameter (1:BIGINT) <- [31]
[30m2026-09-03T15:12:59,085[m [36mDEBUG [m[[1;34mhttp-nio-8080-exec-9[m] [36mSqlStatementLogger[m - select ie1_0."INVESTOR_ID",ie1_0."CLEARINGHOUSE_CODE",ie1_0."CODE",ie1_0."COMPANY_NAME",ie1_0."COUNTRY_ID",c1_0."COUNTRY_ID",c1_0."CODE",c1_0."CURRENCY_ID",c2_0."CURRENCY_ID",c2_0."CODE",c2_0."NAME",c1_0."NAME",c1_0."TIME_ZONE",ie1_0."DOCUMENT_NUMBER",ie1_0."FIRST_NAME",g1_0."GICS_ID",g1_0."DESCRIPTION",ie1_0."IDENTIFICATION_TYPE_ID",it1_0."IDENTIFICATION_TYPE_ID",it1_0."CODE",it1_0."DESCRIPTION",ie1_0."LAST_MODIFY_APPLIC",ie1_0."LAST_MODIFY_DATE",ie1_0."LAST_MODIFY_IP",ie1_0."LAST_MODIFY_USER",ie1_0."LAST_NAME",ie1_0."MONEY_LAUNDERING_FLAG",ie1_0."NATIONALITY",ie1_0."STATUS_ID",s1_0."STATUS_ID",s1_0."CATEGORY",s1_0."DESCRIPTION",ie1_0."TAX_EXEMP",ts1_0."TAX_STATUS_ID",ts1_0."DESCRIPTION",ts1_0."LAST_MODIFY_APPLIC",ts1_0."LAST_MODIFY_DATE",ts1_0."LAST_MODIFY_IP",ts1_0."LAST_MODIFY_USER",ie1_0."TYPE_ID",t1_0."TYPE_ID",t1_0."CATEGORY",t1_0."DESCRIPTION" from "NUANBODB"."INVESTOR" ie1_0 join "NUANBODB"."COUNTRY" c1_0 on c1_0."COUNTRY_ID"=ie1_0."COUNTRY_ID" join "NUANBODB"."CURRENCY" c2_0 on c2_0."CURRENCY_ID"=c1_0."CURRENCY_ID" left join "NUANBODB"."GICS" g1_0 on g1_0."GICS_ID"=ie1_0."GICS_ID" join "NUANBODB"."IDENTIFICATION_TYPE" it1_0 on it1_0."IDENTIFICATION_TYPE_ID"=ie1_0."IDENTIFICATION_TYPE_ID" join "NUANBODB"."STATUS" s1_0 on s1_0."STATUS_ID"=ie1_0."STATUS_ID" left join "NUANBODB"."TAX_STATUS" ts1_0 on ts1_0."TAX_STATUS_ID"=ie1_0."TAX_STATUS_ID" join "NUANBODB"."TYPE" t1_0 on t1_0."TYPE_ID"=ie1_0."TYPE_ID" where ie1_0."INVESTOR_ID"=?
[30m2026-09-03T15:12:59,085[m [30mTRACE [m[[1;34mhttp-nio-8080-exec-9[m] [36mJdbcBindingLogging[m - binding parameter (1:BIGINT) <- [167]
[30m2026-09-03T15:12:59,086[m [36mDEBUG [m[[1;34mhttp-nio-8080-exec-1[m] [36mSqlStatementLogger[m - select ie1_0."INVESTOR_ID",ie1_0."CLEARINGHOUSE_CODE",ie1_0."CODE",ie1_0."COMPANY_NAME",ie1_0."COUNTRY_ID",c1_0."COUNTRY_ID",c1_0."CODE",c1_0."CURRENCY_ID",c2_0."CURRENCY_ID",c2_0."CODE",c2_0."NAME",c1_0."NAME",c1_0."TIME_ZONE",ie1_0."DOCUMENT_NUMBER",ie1_0."FIRST_NAME",g1_0."GICS_ID",g1_0."DESCRIPTION",ie1_0."IDENTIFICATION_TYPE_ID",it1_0."IDENTIFICATION_TYPE_ID",it1_0."CODE",it1_0."DESCRIPTION",ie1_0."LAST_MODIFY_APPLIC",ie1_0."LAST_MODIFY_DATE",ie1_0."LAST_MODIFY_IP",ie1_0."LAST_MODIFY_USER",ie1_0."LAST_NAME",ie1_0."MONEY_LAUNDERING_FLAG",ie1_0."NATIONALITY",ie1_0."STATUS_ID",s1_0."STATUS_ID",s1_0."CATEGORY",s1_0."DESCRIPTION",ie1_0."TAX_EXEMP",ts1_0."TAX_STATUS_ID",ts1_0."DESCRIPTION",ts1_0."LAST_MODIFY_APPLIC",ts1_0."LAST_MODIFY_DATE",ts1_0."LAST_MODIFY_IP",ts1_0."LAST_MODIFY_USER",ie1_0."TYPE_ID",t1_0."TYPE_ID",t1_0."CATEGORY",t1_0."DESCRIPTION" from "NUANBODB"."INVESTOR" ie1_0 join "NUANBODB"."COUNTRY" c1_0 on c1_0."COUNTRY_ID"=ie1_0."COUNTRY_ID" join "NUANBODB"."CURRENCY" c2_0 on c2_0."CURRENCY_ID"=c1_0."CURRENCY_ID" left join "NUANBODB"."GICS" g1_0 on g1_0."GICS_ID"=ie1_0."GICS_ID" join "NUANBODB"."IDENTIFICATION_TYPE" it1_0 on it1_0."IDENTIFICATION_TYPE_ID"=ie1_0."IDENTIFICATION_TYPE_ID" join "NUANBODB"."STATUS" s1_0 on s1_0."STATUS_ID"=ie1_0."STATUS_ID" left join "NUANBODB"."TAX_STATUS" ts1_0 on ts1_0."TAX_STATUS_ID"=ie1_0."TAX_STATUS_ID" join "NUANBODB"."TYPE" t1_0 on t1_0."TYPE_ID"=ie1_0."TYPE_ID" where ie1_0."INVESTOR_ID"=?
[30m2026-09-03T15:12:59,086[m [36mDEBUG [m[[1;34mhttp-nio-8080-exec-5[m] [36mSqlStatementLogger[m - select pae1_0."PARTICIPANT_ACCOUNT_ID",pae1_0."ACCOUNT_NUMBER",pae1_0."DEPOSITORY_ID",pae1_0."IND_MASTER",pae1_0."LAST_MODIFY_APPLIC",pae1_0."LAST_MODIFY_DATE",pae1_0."LAST_MODIFY_IP",pae1_0."LAST_MODIFY_USER",pae1_0."ORIGIN_TYPE_ID",pae1_0."PARTICIPANT_ID",pae1_0."STATUS_ID",pae1_0."TAX_EXEMP",pae1_0."TYPE_ID" from "NUANBODB"."PARTICIPANT_ACCOUNT" pae1_0 left join "NUANBODB"."DEPOSITORY" d1_0 on d1_0."DEPOSITORY_ID"=pae1_0."DEPOSITORY_ID" left join "NUANBODB"."TYPE" ot1_0 on ot1_0."TYPE_ID"=pae1_0."ORIGIN_TYPE_ID" where pae1_0."ACCOUNT_NUMBER"=? and d1_0."DEPOSITORY_ID"=? and ot1_0."TYPE_ID"<>? fetch first ? rows only
[30m2026-09-03T15:12:59,086[m [36mDEBUG [m[[1;34mhttp-nio-8080-exec-7[m] [36mSqlStatementLogger[m - select de1_0."DEPOSITORY_ID",de1_0."DESCRIPTION" from "NUANBODB"."DEPOSITORY" de1_0 where de1_0."DEPOSITORY_ID"=?
[30m2026-09-03T15:12:59,086[m [30mTRACE [m[[1;34mhttp-nio-8080-exec-1[m] [36mJdbcBindingLogging[m - binding parameter (1:BIGINT) <- [167]
[30m2026-09-03T15:12:59,086[m [30mTRACE [m[[1;34mhttp-nio-8080-exec-5[m] [36mJdbcBindingLogging[m - binding parameter (1:VARCHAR) <- [4021801]
[30m2026-09-03T15:12:59,086[m [30mTRACE [m[[1;34mhttp-nio-8080-exec-7[m] [36mJdbcBindingLogging[m - binding parameter (1:VARCHAR) <- [1]
[30m2026-09-03T15:12:59,086[m [30mTRACE [m[[1;34mhttp-nio-8080-exec-5[m] [36mJdbcBindingLogging[m - binding parameter (2:VARCHAR) <- [1]
[30m2026-09-03T15:12:59,086[m [30mTRACE [m[[1;34mhttp-nio-8080-exec-5[m] [36mJdbcBindingLogging[m - binding parameter (3:BIGINT) <- [121]
[30m2026-09-03T15:12:59,086[m [30mTRACE [m[[1;34mhttp-nio-8080-exec-5[m] [36mJdbcBindingLogging[m - binding parameter (4:INTEGER) <- [1]
[30m2026-09-03T15:12:59,086[m [36mDEBUG [m[[1;34mhttp-nio-8080-exec-9[m] [36mSqlStatementLogger[m - select te1_0."TYPE_ID",te1_0."CATEGORY",te1_0."DESCRIPTION" from "NUANBODB"."TYPE" te1_0 where te1_0."TYPE_ID"=?
[30m2026-09-03T15:12:59,086[m [30mTRACE [m[[1;34mhttp-nio-8080-exec-9[m] [36mJdbcBindingLogging[m - binding parameter (1:BIGINT) <- [120]
[30m2026-09-03T15:12:59,086[m [36mDEBUG [m[[1;34mhttp-nio-8080-exec-10[m] [36mSqlStatementLogger[m - select pae1_0."PARTICIPANT_ACCOUNT_ID",pae1_0."ACCOUNT_NUMBER",pae1_0."DEPOSITORY_ID",pae1_0."IND_MASTER",pae1_0."LAST_MODIFY_APPLIC",pae1_0."LAST_MODIFY_DATE",pae1_0."LAST_MODIFY_IP",pae1_0."LAST_MODIFY_USER",pae1_0."ORIGIN_TYPE_ID",pae1_0."PARTICIPANT_ID",pae1_0."STATUS_ID",pae1_0."TAX_EXEMP",pae1_0."TYPE_ID" from "NUANBODB"."PARTICIPANT_ACCOUNT" pae1_0 left join "NUANBODB"."DEPOSITORY" d1_0 on d1_0."DEPOSITORY_ID"=pae1_0."DEPOSITORY_ID" left join "NUANBODB"."TYPE" ot1_0 on ot1_0."TYPE_ID"=pae1_0."ORIGIN_TYPE_ID" where pae1_0."ACCOUNT_NUMBER"=? and d1_0."DEPOSITORY_ID"=? and ot1_0."TYPE_ID"<>? fetch first ? rows only
[30m2026-09-03T15:12:59,086[m [36mDEBUG [m[[1;34mhttp-nio-8080-exec-7[m] [36mSqlStatementLogger[m - select ie1_0."INVESTOR_ID",ie1_0."CLEARINGHOUSE_CODE",ie1_0."CODE",ie1_0."COMPANY_NAME",ie1_0."COUNTRY_ID",c1_0."COUNTRY_ID",c1_0."CODE",c1_0."CURRENCY_ID",c2_0."CURRENCY_ID",c2_0."CODE",c2_0."NAME",c1_0."NAME",c1_0."TIME_ZONE",ie1_0."DOCUMENT_NUMBER",ie1_0."FIRST_NAME",g1_0."GICS_ID",g1_0."DESCRIPTION",ie1_0."IDENTIFICATION_TYPE_ID",it1_0."IDENTIFICATION_TYPE_ID",it1_0."CODE",it1_0."DESCRIPTION",ie1_0."LAST_MODIFY_APPLIC",ie1_0."LAST_MODIFY_DATE",ie1_0."LAST_MODIFY_IP",ie1_0."LAST_MODIFY_USER",ie1_0."LAST_NAME",ie1_0."MONEY_LAUNDERING_FLAG",ie1_0."NATIONALITY",ie1_0."STATUS_ID",s1_0."STATUS_ID",s1_0."CATEGORY",s1_0."DESCRIPTION",ie1_0."TAX_EXEMP",ts1_0."TAX_STATUS_ID",ts1_0."DESCRIPTION",ts1_0."LAST_MODIFY_APPLIC",ts1_0."LAST_MODIFY_DATE",ts1_0."LAST_MODIFY_IP",ts1_0."LAST_MODIFY_USER",ie1_0."TYPE_ID",t1_0."TYPE_ID",t1_0."CATEGORY",t1_0."DESCRIPTION" from "NUANBODB"."INVESTOR" ie1_0 join "NUANBODB"."COUNTRY" c1_0 on c1_0."COUNTRY_ID"=ie1_0."COUNTRY_ID" join "NUANBODB"."CURRENCY" c2_0 on c2_0."CURRENCY_ID"=c1_0."CURRENCY_ID" left join "NUANBODB"."GICS" g1_0 on g1_0."GICS_ID"=ie1_0."GICS_ID" join "NUANBODB"."IDENTIFICATION_TYPE" it1_0 on it1_0."IDENTIFICATION_TYPE_ID"=ie1_0."IDENTIFICATION_TYPE_ID" join "NUANBODB"."STATUS" s1_0 on s1_0."STATUS_ID"=ie1_0."STATUS_ID" left join "NUANBODB"."TAX_STATUS" ts1_0 on ts1_0."TAX_STATUS_ID"=ie1_0."TAX_STATUS_ID" join "NUANBODB"."TYPE" t1_0 on t1_0."TYPE_ID"=ie1_0."TYPE_ID" where ie1_0."INVESTOR_ID"=?
[30m2026-09-03T15:12:59,086[m [30mTRACE [m[[1;34mhttp-nio-8080-exec-10[m] [36mJdbcBindingLogging[m - binding parameter (1:VARCHAR) <- [4021801]
[30m2026-09-03T15:12:59,086[m [30mTRACE [m[[1;34mhttp-nio-8080-exec-7[m] [36mJdbcBindingLogging[m - binding parameter (1:BIGINT) <- [167]
[30m2026-09-03T15:12:59,086[m [30mTRACE [m[[1;34mhttp-nio-8080-exec-10[m] [36mJdbcBindingLogging[m - binding parameter (2:VARCHAR) <- [1]
[30m2026-09-03T15:12:59,086[m [30mTRACE [m[[1;34mhttp-nio-8080-exec-10[m] [36mJdbcBindingLogging[m - binding parameter (3:BIGINT) <- [121]
[30m2026-09-03T15:12:59,086[m [30mTRACE [m[[1;34mhttp-nio-8080-exec-10[m] [36mJdbcBindingLogging[m - binding parameter (4:INTEGER) <- [1]
[30m2026-09-03T15:12:59,086[m [36mDEBUG [m[[1;34mhttp-nio-8080-exec-1[m] [36mSqlStatementLogger[m - select te1_0."TYPE_ID",te1_0."CATEGORY",te1_0."DESCRIPTION" from "NUANBODB"."TYPE" te1_0 where te1_0."TYPE_ID"=?
[30m2026-09-03T15:12:59,086[m [30mTRACE [m[[1;34mhttp-nio-8080-exec-1[m] [36mJdbcBindingLogging[m - binding parameter (1:BIGINT) <- [120]
[30m2026-09-03T15:12:59,087[m [36mDEBUG [m[[1;34mhttp-nio-8080-exec-9[m] [36mSqlStatementLogger[m - select se1_0."STATUS_ID",se1_0."CATEGORY",se1_0."DESCRIPTION" from "NUANBODB"."STATUS" se1_0 where se1_0."STATUS_ID"=?
[30m2026-09-03T15:12:59,087[m [30mTRACE [m[[1;34mhttp-nio-8080-exec-9[m] [36mJdbcBindingLogging[m - binding parameter (1:BIGINT) <- [570]
[30m2026-09-03T15:12:59,087[m [36mDEBUG [m[[1;34mhttp-nio-8080-exec-1[m] [36mSqlStatementLogger[m - select se1_0."STATUS_ID",se1_0."CATEGORY",se1_0."DESCRIPTION" from "NUANBODB"."STATUS" se1_0 where se1_0."STATUS_ID"=?
[30m2026-09-03T15:12:59,087[m [30mTRACE [m[[1;34mhttp-nio-8080-exec-1[m] [36mJdbcBindingLogging[m - binding parameter (1:BIGINT) <- [570]
[30m2026-09-03T15:12:59,087[m [36mDEBUG [m[[1;34mhttp-nio-8080-exec-9[m] [36mSqlStatementLogger[m - select te1_0."TYPE_ID",te1_0."CATEGORY",te1_0."DESCRIPTION" from "NUANBODB"."TYPE" te1_0 where te1_0."TYPE_ID"=?
[30m2026-09-03T15:12:59,087[m [30mTRACE [m[[1;34mhttp-nio-8080-exec-9[m] [36mJdbcBindingLogging[m - binding parameter (1:BIGINT) <- [26]
[30m2026-09-03T15:12:59,087[m [36mDEBUG [m[[1;34mhttp-nio-8080-exec-5[m] [36mSqlStatementLogger[m - select iae1_0."INVESTOR_ACCOUNT_ID",iae1_0."ACCOUNT_NAME",iae1_0."ACCOUNT_NUMBER",iae1_0."DEPOSITORY_ID",iae1_0."INVESTOR_ID",iae1_0."LAST_MODIFY_APPLIC",iae1_0."LAST_MODIFY_DATE",iae1_0."LAST_MODIFY_IP",iae1_0."LAST_MODIFY_USER",iae1_0."ORIGIN_TYPE_ID",iae1_0."PARTICIPANT_ID",iae1_0."STATUS_ID",iae1_0."TAX_EXEMP",iae1_0."TYPE_ID" from "NUANBODB"."INVESTOR_ACCOUNT" iae1_0 left join "NUANBODB"."INVESTOR" i1_0 on i1_0."INVESTOR_ID"=iae1_0."INVESTOR_ID" left join "NUANBODB"."DEPOSITORY" d1_0 on d1_0."DEPOSITORY_ID"=iae1_0."DEPOSITORY_ID" left join "NUANBODB"."TYPE" ot1_0 on ot1_0."TYPE_ID"=iae1_0."ORIGIN_TYPE_ID" where iae1_0."ACCOUNT_NUMBER"=? and i1_0."DOCUMENT_NUMBER"<>? and d1_0."DEPOSITORY_ID"=? and ot1_0."TYPE_ID"<>? fetch first ? rows only
[30m2026-09-03T15:12:59,087[m [36mDEBUG [m[[1;34mhttp-nio-8080-exec-7[m] [36mSqlStatementLogger[m - select te1_0."TYPE_ID",te1_0."CATEGORY",te1_0."DESCRIPTION" from "NUANBODB"."TYPE" te1_0 where te1_0."TYPE_ID"=?
[30m2026-09-03T15:12:59,087[m [36mDEBUG [m[[1;34mhttp-nio-8080-exec-10[m] [36mSqlStatementLogger[m - select iae1_0."INVESTOR_ACCOUNT_ID",iae1_0."ACCOUNT_NAME",iae1_0."ACCOUNT_NUMBER",iae1_0."DEPOSITORY_ID",iae1_0."INVESTOR_ID",iae1_0."LAST_MODIFY_APPLIC",iae1_0."LAST_MODIFY_DATE",iae1_0."LAST_MODIFY_IP",iae1_0."LAST_MODIFY_USER",iae1_0."ORIGIN_TYPE_ID",iae1_0."PARTICIPANT_ID",iae1_0."STATUS_ID",iae1_0."TAX_EXEMP",iae1_0."TYPE_ID" from "NUANBODB"."INVESTOR_ACCOUNT" iae1_0 left join "NUANBODB"."INVESTOR" i1_0 on i1_0."INVESTOR_ID"=iae1_0."INVESTOR_ID" left join "NUANBODB"."DEPOSITORY" d1_0 on d1_0."DEPOSITORY_ID"=iae1_0."DEPOSITORY_ID" left join "NUANBODB"."TYPE" ot1_0 on ot1_0."TYPE_ID"=iae1_0."ORIGIN_TYPE_ID" where iae1_0."ACCOUNT_NUMBER"=? and i1_0."DOCUMENT_NUMBER"<>? and d1_0."DEPOSITORY_ID"=? and ot1_0."TYPE_ID"<>? fetch first ? rows only
[30m2026-09-03T15:12:59,087[m [30mTRACE [m[[1;34mhttp-nio-8080-exec-7[m] [36mJdbcBindingLogging[m - binding parameter (1:BIGINT) <- [120]
[30m2026-09-03T15:12:59,087[m [30mTRACE [m[[1;34mhttp-nio-8080-exec-5[m] [36mJdbcBindingLogging[m - binding parameter (1:VARCHAR) <- [4021801]
[30m2026-09-03T15:12:59,088[m [36mDEBUG [m[[1;34mhttp-nio-8080-exec-1[m] [36mSqlStatementLogger[m - select te1_0."TYPE_ID",te1_0."CATEGORY",te1_0."DESCRIPTION" from "NUANBODB"."TYPE" te1_0 where te1_0."TYPE_ID"=?
[30m2026-09-03T15:12:59,088[m [30mTRACE [m[[1;34mhttp-nio-8080-exec-5[m] [36mJdbcBindingLogging[m - binding parameter (2:VARCHAR) <- [800128735-8]
[30m2026-09-03T15:12:59,088[m [30mTRACE [m[[1;34mhttp-nio-8080-exec-10[m] [36mJdbcBindingLogging[m - binding parameter (1:VARCHAR) <- [4021801]
[30m2026-09-03T15:12:59,088[m [30mTRACE [m[[1;34mhttp-nio-8080-exec-1[m] [36mJdbcBindingLogging[m - binding parameter (1:BIGINT) <- [26]
[30m2026-09-03T15:12:59,088[m [30mTRACE [m[[1;34mhttp-nio-8080-exec-5[m] [36mJdbcBindingLogging[m - binding parameter (3:VARCHAR) <- [1]
[30m2026-09-03T15:12:59,088[m [30mTRACE [m[[1;34mhttp-nio-8080-exec-10[m] [36mJdbcBindingLogging[m - binding parameter (2:VARCHAR) <- [800128735-8]
[30m2026-09-03T15:12:59,088[m [30mTRACE [m[[1;34mhttp-nio-8080-exec-5[m] [36mJdbcBindingLogging[m - binding parameter (4:BIGINT) <- [121]
[30m2026-09-03T15:12:59,088[m [30mTRACE [m[[1;34mhttp-nio-8080-exec-10[m] [36mJdbcBindingLogging[m - binding parameter (3:VARCHAR) <- [1]
[30m2026-09-03T15:12:59,088[m [30mTRACE [m[[1;34mhttp-nio-8080-exec-5[m] [36mJdbcBindingLogging[m - binding parameter (5:INTEGER) <- [1]
[30m2026-09-03T15:12:59,088[m [30mTRACE [m[[1;34mhttp-nio-8080-exec-10[m] [36mJdbcBindingLogging[m - binding parameter (4:BIGINT) <- [121]
[30m2026-09-03T15:12:59,088[m [30mTRACE [m[[1;34mhttp-nio-8080-exec-10[m] [36mJdbcBindingLogging[m - binding parameter (5:INTEGER) <- [1]
[30m2026-09-03T15:12:59,088[m [36mDEBUG [m[[1;34mhttp-nio-8080-exec-9[m] [36mSqlStatementLogger[m - select cre1_0."CUSTODIAN_RELATION_ID",cre1_0."CUSTODIAN_ID",cre1_0."DEPOSITORY_ID",cre1_0."INVESTOR_ACCOUNT_ID",cre1_0."LAST_MODIFY_APPLIC",cre1_0."LAST_MODIFY_DATE",cre1_0."LAST_MODIFY_IP",cre1_0."LAST_MODIFY_USER",cre1_0."PARTICIPANT_ID",cre1_0."STATUS_ID" from "NUANBODB"."CUSTODIAN_RELATION" cre1_0 where cre1_0."PARTICIPANT_ID"=? and cre1_0."DEPOSITORY_ID"=? and cre1_0."INVESTOR_ACCOUNT_ID"=? and cre1_0."STATUS_ID"=?
[30m2026-09-03T15:12:59,088[m [30mTRACE [m[[1;34mhttp-nio-8080-exec-9[m] [36mJdbcBindingLogging[m - binding parameter (1:BIGINT) <- [15]
[30m2026-09-03T15:12:59,088[m [30mTRACE [m[[1;34mhttp-nio-8080-exec-9[m] [36mJdbcBindingLogging[m - binding parameter (2:VARCHAR) <- [1]
[30m2026-09-03T15:12:59,088[m [30mTRACE [m[[1;34mhttp-nio-8080-exec-9[m] [36mJdbcBindingLogging[m - binding parameter (3:BIGINT) <- [57]
[30m2026-09-03T15:12:59,088[m [30mTRACE [m[[1;34mhttp-nio-8080-exec-9[m] [36mJdbcBindingLogging[m - binding parameter (4:BIGINT) <- [1163]
[30m2026-09-03T15:12:59,088[m [36mDEBUG [m[[1;34mhttp-nio-8080-exec-7[m] [36mSqlStatementLogger[m - select se1_0."STATUS_ID",se1_0."CATEGORY",se1_0."DESCRIPTION" from "NUANBODB"."STATUS" se1_0 where se1_0."STATUS_ID"=?
[30m2026-09-03T15:12:59,088[m [30mTRACE [m[[1;34mhttp-nio-8080-exec-7[m] [36mJdbcBindingLogging[m - binding parameter (1:BIGINT) <- [570]
[30m2026-09-03T15:12:59,089[m [36mDEBUG [m[[1;34mhttp-nio-8080-exec-5[m] [36mSqlStatementLogger[m - select de1_0."DEPOSITORY_ID",de1_0."DESCRIPTION" from "NUANBODB"."DEPOSITORY" de1_0 where de1_0."DEPOSITORY_ID"=?
[30m2026-09-03T15:12:59,089[m [30mTRACE [m[[1;34mhttp-nio-8080-exec-5[m] [36mJdbcBindingLogging[m - binding parameter (1:VARCHAR) <- [1]
[30m2026-09-03T15:12:59,089[m [36mDEBUG [m[[1;34mhttp-nio-8080-exec-10[m] [36mSqlStatementLogger[m - select de1_0."DEPOSITORY_ID",de1_0."DESCRIPTION" from "NUANBODB"."DEPOSITORY" de1_0 where de1_0."DEPOSITORY_ID"=?
[30m2026-09-03T15:12:59,089[m [30mTRACE [m[[1;34mhttp-nio-8080-exec-10[m] [36mJdbcBindingLogging[m - binding parameter (1:VARCHAR) <- [1]
[30m2026-09-03T15:12:59,089[m [36mDEBUG [m[[1;34mhttp-nio-8080-exec-1[m] [36mSqlStatementLogger[m - select cre1_0."CUSTODIAN_RELATION_ID",cre1_0."CUSTODIAN_ID",cre1_0."DEPOSITORY_ID",cre1_0."INVESTOR_ACCOUNT_ID",cre1_0."LAST_MODIFY_APPLIC",cre1_0."LAST_MODIFY_DATE",cre1_0."LAST_MODIFY_IP",cre1_0."LAST_MODIFY_USER",cre1_0."PARTICIPANT_ID",cre1_0."STATUS_ID" from "NUANBODB"."CUSTODIAN_RELATION" cre1_0 where cre1_0."PARTICIPANT_ID"=? and cre1_0."DEPOSITORY_ID"=? and cre1_0."INVESTOR_ACCOUNT_ID"=? and cre1_0."STATUS_ID"=?
[30m2026-09-03T15:12:59,089[m [30mTRACE [m[[1;34mhttp-nio-8080-exec-1[m] [36mJdbcBindingLogging[m - binding parameter (1:BIGINT) <- [15]
[30m2026-09-03T15:12:59,089[m [30mTRACE [m[[1;34mhttp-nio-8080-exec-1[m] [36mJdbcBindingLogging[m - binding parameter (2:VARCHAR) <- [1]
[30m2026-09-03T15:12:59,089[m [30mTRACE [m[[1;34mhttp-nio-8080-exec-1[m] [36mJdbcBindingLogging[m - binding parameter (3:BIGINT) <- [57]
[30m2026-09-03T15:12:59,089[m [30mTRACE [m[[1;34mhttp-nio-8080-exec-1[m] [36mJdbcBindingLogging[m - binding parameter (4:BIGINT) <- [1163]
[30m2026-09-03T15:12:59,089[m [36mDEBUG [m[[1;34mhttp-nio-8080-exec-9[m] [36mSqlStatementLogger[m - select mde1_0."MILA_DEPOSITORY_ID",mde1_0."CODE",mde1_0."DIRECT_DEPOSITORY_NUMBER",mde1_0."DOCUMENT_NUMBER",mde1_0."IDENTIFICATION_TYPE_ID",mde1_0."LAST_MODIFY_APPLIC",mde1_0."LAST_MODIFY_DATE",mde1_0."LAST_MODIFY_IP",mde1_0."LAST_MODIFY_USER" from "NUANBODB"."MILA_DEPOSITORY" mde1_0 where mde1_0."IDENTIFICATION_TYPE_ID"=? and mde1_0."DOCUMENT_NUMBER"=? fetch first ? rows only
[30m2026-09-03T15:12:59,089[m [30mTRACE [m[[1;34mhttp-nio-8080-exec-9[m] [36mJdbcBindingLogging[m - binding parameter (1:BIGINT) <- [5]
[30m2026-09-03T15:12:59,089[m [36mDEBUG [m[[1;34mhttp-nio-8080-exec-7[m] [36mSqlStatementLogger[m - select te1_0."TYPE_ID",te1_0."CATEGORY",te1_0."DESCRIPTION" from "NUANBODB"."TYPE" te1_0 where te1_0."TYPE_ID"=?
[30m2026-09-03T15:12:59,089[m [30mTRACE [m[[1;34mhttp-nio-8080-exec-9[m] [36mJdbcBindingLogging[m - binding parameter (2:VARCHAR) <- [8605303170]
[30m2026-09-03T15:12:59,089[m [30mTRACE [m[[1;34mhttp-nio-8080-exec-9[m] [36mJdbcBindingLogging[m - binding parameter (3:INTEGER) <- [1]
[30m2026-09-03T15:12:59,089[m [36mDEBUG [m[[1;34mhttp-nio-8080-exec-10[m] [36mSqlStatementLogger[m - select ie1_0."INVESTOR_ID",ie1_0."CLEARINGHOUSE_CODE",ie1_0."CODE",ie1_0."COMPANY_NAME",ie1_0."COUNTRY_ID",c1_0."COUNTRY_ID",c1_0."CODE",c1_0."CURRENCY_ID",c2_0."CURRENCY_ID",c2_0."CODE",c2_0."NAME",c1_0."NAME",c1_0."TIME_ZONE",ie1_0."DOCUMENT_NUMBER",ie1_0."FIRST_NAME",g1_0."GICS_ID",g1_0."DESCRIPTION",ie1_0."IDENTIFICATION_TYPE_ID",it1_0."IDENTIFICATION_TYPE_ID",it1_0."CODE",it1_0."DESCRIPTION",ie1_0."LAST_MODIFY_APPLIC",ie1_0."LAST_MODIFY_DATE",ie1_0."LAST_MODIFY_IP",ie1_0."LAST_MODIFY_USER",ie1_0."LAST_NAME",ie1_0."MONEY_LAUNDERING_FLAG",ie1_0."NATIONALITY",ie1_0."STATUS_ID",s1_0."STATUS_ID",s1_0."CATEGORY",s1_0."DESCRIPTION",ie1_0."TAX_EXEMP",ts1_0."TAX_STATUS_ID",ts1_0."DESCRIPTION",ts1_0."LAST_MODIFY_APPLIC",ts1_0."LAST_MODIFY_DATE",ts1_0."LAST_MODIFY_IP",ts1_0."LAST_MODIFY_USER",ie1_0."TYPE_ID",t1_0."TYPE_ID",t1_0."CATEGORY",t1_0."DESCRIPTION" from "NUANBODB"."INVESTOR" ie1_0 join "NUANBODB"."COUNTRY" c1_0 on c1_0."COUNTRY_ID"=ie1_0."COUNTRY_ID" join "NUANBODB"."CURRENCY" c2_0 on c2_0."CURRENCY_ID"=c1_0."CURRENCY_ID" left join "NUANBODB"."GICS" g1_0 on g1_0."GICS_ID"=ie1_0."GICS_ID" join "NUANBODB"."IDENTIFICATION_TYPE" it1_0 on it1_0."IDENTIFICATION_TYPE_ID"=ie1_0."IDENTIFICATION_TYPE_ID" join "NUANBODB"."STATUS" s1_0 on s1_0."STATUS_ID"=ie1_0."STATUS_ID" left join "NUANBODB"."TAX_STATUS" ts1_0 on ts1_0."TAX_STATUS_ID"=ie1_0."TAX_STATUS_ID" join "NUANBODB"."TYPE" t1_0 on t1_0."TYPE_ID"=ie1_0."TYPE_ID" where ie1_0."INVESTOR_ID"=?
[30m2026-09-03T15:12:59,089[m [30mTRACE [m[[1;34mhttp-nio-8080-exec-7[m] [36mJdbcBindingLogging[m - binding parameter (1:BIGINT) <- [26]
[30m2026-09-03T15:12:59,089[m [30mTRACE [m[[1;34mhttp-nio-8080-exec-10[m] [36mJdbcBindingLogging[m - binding parameter (1:BIGINT) <- [167]
[30m2026-09-03T15:12:59,089[m [36mDEBUG [m[[1;34mhttp-nio-8080-exec-5[m] [36mSqlStatementLogger[m - select ie1_0."INVESTOR_ID",ie1_0."CLEARINGHOUSE_CODE",ie1_0."CODE",ie1_0."COMPANY_NAME",ie1_0."COUNTRY_ID",c1_0."COUNTRY_ID",c1_0."CODE",c1_0."CURRENCY_ID",c2_0."CURRENCY_ID",c2_0."CODE",c2_0."NAME",c1_0."NAME",c1_0."TIME_ZONE",ie1_0."DOCUMENT_NUMBER",ie1_0."FIRST_NAME",g1_0."GICS_ID",g1_0."DESCRIPTION",ie1_0."IDENTIFICATION_TYPE_ID",it1_0."IDENTIFICATION_TYPE_ID",it1_0."CODE",it1_0."DESCRIPTION",ie1_0."LAST_MODIFY_APPLIC",ie1_0."LAST_MODIFY_DATE",ie1_0."LAST_MODIFY_IP",ie1_0."LAST_MODIFY_USER",ie1_0."LAST_NAME",ie1_0."MONEY_LAUNDERING_FLAG",ie1_0."NATIONALITY",ie1_0."STATUS_ID",s1_0."STATUS_ID",s1_0."CATEGORY",s1_0."DESCRIPTION",ie1_0."TAX_EXEMP",ts1_0."TAX_STATUS_ID",ts1_0."DESCRIPTION",ts1_0."LAST_MODIFY_APPLIC",ts1_0."LAST_MODIFY_DATE",ts1_0."LAST_MODIFY_IP",ts1_0."LAST_MODIFY_USER",ie1_0."TYPE_ID",t1_0."TYPE_ID",t1_0."CATEGORY",t1_0."DESCRIPTION" from "NUANBODB"."INVESTOR" ie1_0 join "NUANBODB"."COUNTRY" c1_0 on c1_0."COUNTRY_ID"=ie1_0."COUNTRY_ID" join "NUANBODB"."CURRENCY" c2_0 on c2_0."CURRENCY_ID"=c1_0."CURRENCY_ID" left join "NUANBODB"."GICS" g1_0 on g1_0."GICS_ID"=ie1_0."GICS_ID" join "NUANBODB"."IDENTIFICATION_TYPE" it1_0 on it1_0."IDENTIFICATION_TYPE_ID"=ie1_0."IDENTIFICATION_TYPE_ID" join "NUANBODB"."STATUS" s1_0 on s1_0."STATUS_ID"=ie1_0."STATUS_ID" left join "NUANBODB"."TAX_STATUS" ts1_0 on ts1_0."TAX_STATUS_ID"=ie1_0."TAX_STATUS_ID" join "NUANBODB"."TYPE" t1_0 on t1_0."TYPE_ID"=ie1_0."TYPE_ID" where ie1_0."INVESTOR_ID"=?
[30m2026-09-03T15:12:59,090[m [30mTRACE [m[[1;34mhttp-nio-8080-exec-5[m] [36mJdbcBindingLogging[m - binding parameter (1:BIGINT) <- [167]
[30m2026-09-03T15:12:59,090[m [36mDEBUG [m[[1;34mhttp-nio-8080-exec-1[m] [36mSqlStatementLogger[m - select mde1_0."MILA_DEPOSITORY_ID",mde1_0."CODE",mde1_0."DIRECT_DEPOSITORY_NUMBER",mde1_0."DOCUMENT_NUMBER",mde1_0."IDENTIFICATION_TYPE_ID",mde1_0."LAST_MODIFY_APPLIC",mde1_0."LAST_MODIFY_DATE",mde1_0."LAST_MODIFY_IP",mde1_0."LAST_MODIFY_USER" from "NUANBODB"."MILA_DEPOSITORY" mde1_0 where mde1_0."IDENTIFICATION_TYPE_ID"=? and mde1_0."DOCUMENT_NUMBER"=? fetch first ? rows only
[30m2026-09-03T15:12:59,090[m [36mDEBUG [m[[1;34mhttp-nio-8080-exec-7[m] [36mSqlStatementLogger[m - select cre1_0."CUSTODIAN_RELATION_ID",cre1_0."CUSTODIAN_ID",cre1_0."DEPOSITORY_ID",cre1_0."INVESTOR_ACCOUNT_ID",cre1_0."LAST_MODIFY_APPLIC",cre1_0."LAST_MODIFY_DATE",cre1_0."LAST_MODIFY_IP",cre1_0."LAST_MODIFY_USER",cre1_0."PARTICIPANT_ID",cre1_0."STATUS_ID" from "NUANBODB"."CUSTODIAN_RELATION" cre1_0 where cre1_0."PARTICIPANT_ID"=? and cre1_0."DEPOSITORY_ID"=? and cre1_0."INVESTOR_ACCOUNT_ID"=? and cre1_0."STATUS_ID"=?
[30m2026-09-03T15:12:59,090[m [30mTRACE [m[[1;34mhttp-nio-8080-exec-1[m] [36mJdbcBindingLogging[m - binding parameter (1:BIGINT) <- [5]
[30m2026-09-03T15:12:59,090[m [30mTRACE [m[[1;34mhttp-nio-8080-exec-7[m] [36mJdbcBindingLogging[m - binding parameter (1:BIGINT) <- [15]
[30m2026-09-03T15:12:59,090[m [30mTRACE [m[[1;34mhttp-nio-8080-exec-1[m] [36mJdbcBindingLogging[m - binding parameter (2:VARCHAR) <- [8605303170]
[30m2026-09-03T15:12:59,090[m [30mTRACE [m[[1;34mhttp-nio-8080-exec-7[m] [36mJdbcBindingLogging[m - binding parameter (2:VARCHAR) <- [1]
[30m2026-09-03T15:12:59,090[m [30mTRACE [m[[1;34mhttp-nio-8080-exec-7[m] [36mJdbcBindingLogging[m - binding parameter (3:BIGINT) <- [57]
[30m2026-09-03T15:12:59,090[m [30mTRACE [m[[1;34mhttp-nio-8080-exec-1[m] [36mJdbcBindingLogging[m - binding parameter (3:INTEGER) <- [1]
[30m2026-09-03T15:12:59,090[m [30mTRACE [m[[1;34mhttp-nio-8080-exec-7[m] [36mJdbcBindingLogging[m - binding parameter (4:BIGINT) <- [1163]
[30m2026-09-03T15:12:59,090[m [36mDEBUG [m[[1;34mhttp-nio-8080-exec-9[m] [36mSqlStatementLogger[m - select iae1_0."INVESTOR_ACCOUNT_ID",iae1_0."ACCOUNT_NAME",iae1_0."ACCOUNT_NUMBER",iae1_0."DEPOSITORY_ID",iae1_0."INVESTOR_ID",iae1_0."LAST_MODIFY_APPLIC",iae1_0."LAST_MODIFY_DATE",iae1_0."LAST_MODIFY_IP",iae1_0."LAST_MODIFY_USER",iae1_0."ORIGIN_TYPE_ID",iae1_0."PARTICIPANT_ID",iae1_0."STATUS_ID",iae1_0."TAX_EXEMP",iae1_0."TYPE_ID" from "NUANBODB"."INVESTOR_ACCOUNT" iae1_0 where iae1_0."INVESTOR_ACCOUNT_ID" in (?)
[30m2026-09-03T15:12:59,090[m [30mTRACE [m[[1;34mhttp-nio-8080-exec-9[m] [36mJdbcBindingLogging[m - binding parameter (1:BIGINT) <- [57]
[30m2026-09-03T15:12:59,090[m [36mDEBUG [m[[1;34mhttp-nio-8080-exec-5[m] [36mSqlStatementLogger[m - select te1_0."TYPE_ID",te1_0."CATEGORY",te1_0."DESCRIPTION" from "NUANBODB"."TYPE" te1_0 where te1_0."TYPE_ID"=?
[30m2026-09-03T15:12:59,091[m [30mTRACE [m[[1;34mhttp-nio-8080-exec-5[m] [36mJdbcBindingLogging[m - binding parameter (1:BIGINT) <- [120]
[30m2026-09-03T15:12:59,091[m [36mDEBUG [m[[1;34mhttp-nio-8080-exec-10[m] [36mSqlStatementLogger[m - select te1_0."TYPE_ID",te1_0."CATEGORY",te1_0."DESCRIPTION" from "NUANBODB"."TYPE" te1_0 where te1_0."TYPE_ID"=?
[30m2026-09-03T15:12:59,091[m [30mTRACE [m[[1;34mhttp-nio-8080-exec-10[m] [36mJdbcBindingLogging[m - binding parameter (1:BIGINT) <- [120]
[30m2026-09-03T15:12:59,091[m [36mDEBUG [m[[1;34mhttp-nio-8080-exec-7[m] [36mSqlStatementLogger[m - select mde1_0."MILA_DEPOSITORY_ID",mde1_0."CODE",mde1_0."DIRECT_DEPOSITORY_NUMBER",mde1_0."DOCUMENT_NUMBER",mde1_0."IDENTIFICATION_TYPE_ID",mde1_0."LAST_MODIFY_APPLIC",mde1_0."LAST_MODIFY_DATE",mde1_0."LAST_MODIFY_IP",mde1_0."LAST_MODIFY_USER" from "NUANBODB"."MILA_DEPOSITORY" mde1_0 where mde1_0."IDENTIFICATION_TYPE_ID"=? and mde1_0."DOCUMENT_NUMBER"=? fetch first ? rows only
[30m2026-09-03T15:12:59,091[m [36mDEBUG [m[[1;34mhttp-nio-8080-exec-1[m] [36mSqlStatementLogger[m - select iae1_0."INVESTOR_ACCOUNT_ID",iae1_0."ACCOUNT_NAME",iae1_0."ACCOUNT_NUMBER",iae1_0."DEPOSITORY_ID",iae1_0."INVESTOR_ID",iae1_0."LAST_MODIFY_APPLIC",iae1_0."LAST_MODIFY_DATE",iae1_0."LAST_MODIFY_IP",iae1_0."LAST_MODIFY_USER",iae1_0."ORIGIN_TYPE_ID",iae1_0."PARTICIPANT_ID",iae1_0."STATUS_ID",iae1_0."TAX_EXEMP",iae1_0."TYPE_ID" from "NUANBODB"."INVESTOR_ACCOUNT" iae1_0 where iae1_0."INVESTOR_ACCOUNT_ID" in (?)
[30m2026-09-03T15:12:59,091[m [30mTRACE [m[[1;34mhttp-nio-8080-exec-1[m] [36mJdbcBindingLogging[m - binding parameter (1:BIGINT) <- [57]
[30m2026-09-03T15:12:59,091[m [30mTRACE [m[[1;34mhttp-nio-8080-exec-7[m] [36mJdbcBindingLogging[m - binding parameter (1:BIGINT) <- [5]
[30m2026-09-03T15:12:59,091[m [36mDEBUG [m[[1;34mhttp-nio-8080-exec-10[m] [36mSqlStatementLogger[m - select se1_0."STATUS_ID",se1_0."CATEGORY",se1_0."DESCRIPTION" from "NUANBODB"."STATUS" se1_0 where se1_0."STATUS_ID"=?
[30m2026-09-03T15:12:59,091[m [30mTRACE [m[[1;34mhttp-nio-8080-exec-7[m] [36mJdbcBindingLogging[m - binding parameter (2:VARCHAR) <- [8605303170]
[30m2026-09-03T15:12:59,091[m [30mTRACE [m[[1;34mhttp-nio-8080-exec-7[m] [36mJdbcBindingLogging[m - binding parameter (3:INTEGER) <- [1]
[30m2026-09-03T15:12:59,091[m [30mTRACE [m[[1;34mhttp-nio-8080-exec-10[m] [36mJdbcBindingLogging[m - binding parameter (1:BIGINT) <- [570]
[30m2026-09-03T15:12:59,091[m [36mDEBUG [m[[1;34mhttp-nio-8080-exec-5[m] [36mSqlStatementLogger[m - select se1_0."STATUS_ID",se1_0."CATEGORY",se1_0."DESCRIPTION" from "NUANBODB"."STATUS" se1_0 where se1_0."STATUS_ID"=?
[30m2026-09-03T15:12:59,091[m [30mTRACE [m[[1;34mhttp-nio-8080-exec-5[m] [36mJdbcBindingLogging[m - binding parameter (1:BIGINT) <- [570]
[30m2026-09-03T15:12:59,091[m [36mDEBUG [m[[1;34mhttp-nio-8080-exec-9[m] [36mSqlStatementLogger[m - select de1_0."DEPOSITORY_ID",de1_0."DESCRIPTION" from "NUANBODB"."DEPOSITORY" de1_0 where de1_0."DEPOSITORY_ID"=?
[30m2026-09-03T15:12:59,091[m [30mTRACE [m[[1;34mhttp-nio-8080-exec-9[m] [36mJdbcBindingLogging[m - binding parameter (1:VARCHAR) <- [1]
[30m2026-09-03T15:12:59,092[m [36mDEBUG [m[[1;34mhttp-nio-8080-exec-10[m] [36mSqlStatementLogger[m - select te1_0."TYPE_ID",te1_0."CATEGORY",te1_0."DESCRIPTION" from "NUANBODB"."TYPE" te1_0 where te1_0."TYPE_ID"=?
[30m2026-09-03T15:12:59,092[m [30mTRACE [m[[1;34mhttp-nio-8080-exec-10[m] [36mJdbcBindingLogging[m - binding parameter (1:BIGINT) <- [26]
[30m2026-09-03T15:12:59,092[m [36mDEBUG [m[[1;34mhttp-nio-8080-exec-9[m] [36mSqlStatementLogger[m - select ie1_0."INVESTOR_ID",ie1_0."CLEARINGHOUSE_CODE",ie1_0."CODE",ie1_0."COMPANY_NAME",ie1_0."COUNTRY_ID",c1_0."COUNTRY_ID",c1_0."CODE",c1_0."CURRENCY_ID",c2_0."CURRENCY_ID",c2_0."CODE",c2_0."NAME",c1_0."NAME",c1_0."TIME_ZONE",ie1_0."DOCUMENT_NUMBER",ie1_0."FIRST_NAME",g1_0."GICS_ID",g1_0."DESCRIPTION",ie1_0."IDENTIFICATION_TYPE_ID",it1_0."IDENTIFICATION_TYPE_ID",it1_0."CODE",it1_0."DESCRIPTION",ie1_0."LAST_MODIFY_APPLIC",ie1_0."LAST_MODIFY_DATE",ie1_0."LAST_MODIFY_IP",ie1_0."LAST_MODIFY_USER",ie1_0."LAST_NAME",ie1_0."MONEY_LAUNDERING_FLAG",ie1_0."NATIONALITY",ie1_0."STATUS_ID",s1_0."STATUS_ID",s1_0."CATEGORY",s1_0."DESCRIPTION",ie1_0."TAX_EXEMP",ts1_0."TAX_STATUS_ID",ts1_0."DESCRIPTION",ts1_0."LAST_MODIFY_APPLIC",ts1_0."LAST_MODIFY_DATE",ts1_0."LAST_MODIFY_IP",ts1_0."LAST_MODIFY_USER",ie1_0."TYPE_ID",t1_0."TYPE_ID",t1_0."CATEGORY",t1_0."DESCRIPTION" from "NUANBODB"."INVESTOR" ie1_0 join "NUANBODB"."COUNTRY" c1_0 on c1_0."COUNTRY_ID"=ie1_0."COUNTRY_ID" join "NUANBODB"."CURRENCY" c2_0 on c2_0."CURRENCY_ID"=c1_0."CURRENCY_ID" left join "NUANBODB"."GICS" g1_0 on g1_0."GICS_ID"=ie1_0."GICS_ID" join "NUANBODB"."IDENTIFICATION_TYPE" it1_0 on it1_0."IDENTIFICATION_TYPE_ID"=ie1_0."IDENTIFICATION_TYPE_ID" join "NUANBODB"."STATUS" s1_0 on s1_0."STATUS_ID"=ie1_0."STATUS_ID" left join "NUANBODB"."TAX_STATUS" ts1_0 on ts1_0."TAX_STATUS_ID"=ie1_0."TAX_STATUS_ID" join "NUANBODB"."TYPE" t1_0 on t1_0."TYPE_ID"=ie1_0."TYPE_ID" where ie1_0."INVESTOR_ID"=?
[30m2026-09-03T15:12:59,092[m [30mTRACE [m[[1;34mhttp-nio-8080-exec-9[m] [36mJdbcBindingLogging[m - binding parameter (1:BIGINT) <- [167]
[30m2026-09-03T15:12:59,092[m [36mDEBUG [m[[1;34mhttp-nio-8080-exec-5[m] [36mSqlStatementLogger[m - select te1_0."TYPE_ID",te1_0."CATEGORY",te1_0."DESCRIPTION" from "NUANBODB"."TYPE" te1_0 where te1_0."TYPE_ID"=?
[30m2026-09-03T15:12:59,092[m [36mDEBUG [m[[1;34mhttp-nio-8080-exec-1[m] [36mSqlStatementLogger[m - select de1_0."DEPOSITORY_ID",de1_0."DESCRIPTION" from "NUANBODB"."DEPOSITORY" de1_0 where de1_0."DEPOSITORY_ID"=?
[30m2026-09-03T15:12:59,092[m [30mTRACE [m[[1;34mhttp-nio-8080-exec-5[m] [36mJdbcBindingLogging[m - binding parameter (1:BIGINT) <- [26]
[30m2026-09-03T15:12:59,092[m [30mTRACE [m[[1;34mhttp-nio-8080-exec-1[m] [36mJdbcBindingLogging[m - binding parameter (1:VARCHAR) <- [1]
[30m2026-09-03T15:12:59,092[m [36mDEBUG [m[[1;34mhttp-nio-8080-exec-7[m] [36mSqlStatementLogger[m - select iae1_0."INVESTOR_ACCOUNT_ID",iae1_0."ACCOUNT_NAME",iae1_0."ACCOUNT_NUMBER",iae1_0."DEPOSITORY_ID",iae1_0."INVESTOR_ID",iae1_0."LAST_MODIFY_APPLIC",iae1_0."LAST_MODIFY_DATE",iae1_0."LAST_MODIFY_IP",iae1_0."LAST_MODIFY_USER",iae1_0."ORIGIN_TYPE_ID",iae1_0."PARTICIPANT_ID",iae1_0."STATUS_ID",iae1_0."TAX_EXEMP",iae1_0."TYPE_ID" from "NUANBODB"."INVESTOR_ACCOUNT" iae1_0 where iae1_0."INVESTOR_ACCOUNT_ID" in (?)
[30m2026-09-03T15:12:59,092[m [30mTRACE [m[[1;34mhttp-nio-8080-exec-7[m] [36mJdbcBindingLogging[m - binding parameter (1:BIGINT) <- [57]
[30m2026-09-03T15:12:59,093[m [36mDEBUG [m[[1;34mhttp-nio-8080-exec-10[m] [36mSqlStatementLogger[m - select cre1_0."CUSTODIAN_RELATION_ID",cre1_0."CUSTODIAN_ID",cre1_0."DEPOSITORY_ID",cre1_0."INVESTOR_ACCOUNT_ID",cre1_0."LAST_MODIFY_APPLIC",cre1_0."LAST_MODIFY_DATE",cre1_0."LAST_MODIFY_IP",cre1_0."LAST_MODIFY_USER",cre1_0."PARTICIPANT_ID",cre1_0."STATUS_ID" from "NUANBODB"."CUSTODIAN_RELATION" cre1_0 where cre1_0."PARTICIPANT_ID"=? and cre1_0."DEPOSITORY_ID"=? and cre1_0."INVESTOR_ACCOUNT_ID"=? and cre1_0."STATUS_ID"=?
[30m2026-09-03T15:12:59,093[m [30mTRACE [m[[1;34mhttp-nio-8080-exec-10[m] [36mJdbcBindingLogging[m - binding parameter (1:BIGINT) <- [15]
[30m2026-09-03T15:12:59,093[m [30mTRACE [m[[1;34mhttp-nio-8080-exec-10[m] [36mJdbcBindingLogging[m - binding parameter (2:VARCHAR) <- [1]
[30m2026-09-03T15:12:59,093[m [30mTRACE [m[[1;34mhttp-nio-8080-exec-10[m] [36mJdbcBindingLogging[m - binding parameter (3:BIGINT) <- [57]
[30m2026-09-03T15:12:59,093[m [36mDEBUG [m[[1;34mhttp-nio-8080-exec-9[m] [36mSqlStatementLogger[m - select te1_0."TYPE_ID",te1_0."CATEGORY",te1_0."DESCRIPTION" from "NUANBODB"."TYPE" te1_0 where te1_0."TYPE_ID"=?
[30m2026-09-03T15:12:59,093[m [30mTRACE [m[[1;34mhttp-nio-8080-exec-10[m] [36mJdbcBindingLogging[m - binding parameter (4:BIGINT) <- [1163]
[30m2026-09-03T15:12:59,093[m [36mDEBUG [m[[1;34mhttp-nio-8080-exec-1[m] [36mSqlStatementLogger[m - select ie1_0."INVESTOR_ID",ie1_0."CLEARINGHOUSE_CODE",ie1_0."CODE",ie1_0."COMPANY_NAME",ie1_0."COUNTRY_ID",c1_0."COUNTRY_ID",c1_0."CODE",c1_0."CURRENCY_ID",c2_0."CURRENCY_ID",c2_0."CODE",c2_0."NAME",c1_0."NAME",c1_0."TIME_ZONE",ie1_0."DOCUMENT_NUMBER",ie1_0."FIRST_NAME",g1_0."GICS_ID",g1_0."DESCRIPTION",ie1_0."IDENTIFICATION_TYPE_ID",it1_0."IDENTIFICATION_TYPE_ID",it1_0."CODE",it1_0."DESCRIPTION",ie1_0."LAST_MODIFY_APPLIC",ie1_0."LAST_MODIFY_DATE",ie1_0."LAST_MODIFY_IP",ie1_0."LAST_MODIFY_USER",ie1_0."LAST_NAME",ie1_0."MONEY_LAUNDERING_FLAG",ie1_0."NATIONALITY",ie1_0."STATUS_ID",s1_0."STATUS_ID",s1_0."CATEGORY",s1_0."DESCRIPTION",ie1_0."TAX_EXEMP",ts1_0."TAX_STATUS_ID",ts1_0."DESCRIPTION",ts1_0."LAST_MODIFY_APPLIC",ts1_0."LAST_MODIFY_DATE",ts1_0."LAST_MODIFY_IP",ts1_0."LAST_MODIFY_USER",ie1_0."TYPE_ID",t1_0."TYPE_ID",t1_0."CATEGORY",t1_0."DESCRIPTION" from "NUANBODB"."INVESTOR" ie1_0 join "NUANBODB"."COUNTRY" c1_0 on c1_0."COUNTRY_ID"=ie1_0."COUNTRY_ID" join "NUANBODB"."CURRENCY" c2_0 on c2_0."CURRENCY_ID"=c1_0."CURRENCY_ID" left join "NUANBODB"."GICS" g1_0 on g1_0."GICS_ID"=ie1_0."GICS_ID" join "NUANBODB"."IDENTIFICATION_TYPE" it1_0 on it1_0."IDENTIFICATION_TYPE_ID"=ie1_0."IDENTIFICATION_TYPE_ID" join "NUANBODB"."STATUS" s1_0 on s1_0."STATUS_ID"=ie1_0."STATUS_ID" left join "NUANBODB"."TAX_STATUS" ts1_0 on ts1_0."TAX_STATUS_ID"=ie1_0."TAX_STATUS_ID" join "NUANBODB"."TYPE" t1_0 on t1_0."TYPE_ID"=ie1_0."TYPE_ID" where ie1_0."INVESTOR_ID"=?
[30m2026-09-03T15:12:59,093[m [30mTRACE [m[[1;34mhttp-nio-8080-exec-9[m] [36mJdbcBindingLogging[m - binding parameter (1:BIGINT) <- [120]
[30m2026-09-03T15:12:59,093[m [30mTRACE [m[[1;34mhttp-nio-8080-exec-1[m] [36mJdbcBindingLogging[m - binding parameter (1:BIGINT) <- [167]
[30m2026-09-03T15:12:59,093[m [36mDEBUG [m[[1;34mhttp-nio-8080-exec-5[m] [36mSqlStatementLogger[m - select cre1_0."CUSTODIAN_RELATION_ID",cre1_0."CUSTODIAN_ID",cre1_0."DEPOSITORY_ID",cre1_0."INVESTOR_ACCOUNT_ID",cre1_0."LAST_MODIFY_APPLIC",cre1_0."LAST_MODIFY_DATE",cre1_0."LAST_MODIFY_IP",cre1_0."LAST_MODIFY_USER",cre1_0."PARTICIPANT_ID",cre1_0."STATUS_ID" from "NUANBODB"."CUSTODIAN_RELATION" cre1_0 where cre1_0."PARTICIPANT_ID"=? and cre1_0."DEPOSITORY_ID"=? and cre1_0."INVESTOR_ACCOUNT_ID"=? and cre1_0."STATUS_ID"=?
[30m2026-09-03T15:12:59,093[m [36mDEBUG [m[[1;34mhttp-nio-8080-exec-7[m] [36mSqlStatementLogger[m - select de1_0."DEPOSITORY_ID",de1_0."DESCRIPTION" from "NUANBODB"."DEPOSITORY" de1_0 where de1_0."DEPOSITORY_ID"=?
[30m2026-09-03T15:12:59,093[m [30mTRACE [m[[1;34mhttp-nio-8080-exec-5[m] [36mJdbcBindingLogging[m - binding parameter (1:BIGINT) <- [15]
[30m2026-09-03T15:12:59,093[m [30mTRACE [m[[1;34mhttp-nio-8080-exec-5[m] [36mJdbcBindingLogging[m - binding parameter (2:VARCHAR) <- [1]
[30m2026-09-03T15:12:59,093[m [30mTRACE [m[[1;34mhttp-nio-8080-exec-5[m] [36mJdbcBindingLogging[m - binding parameter (3:BIGINT) <- [57]
[30m2026-09-03T15:12:59,093[m [30mTRACE [m[[1;34mhttp-nio-8080-exec-5[m] [36mJdbcBindingLogging[m - binding parameter (4:BIGINT) <- [1163]
[30m2026-09-03T15:12:59,093[m [30mTRACE [m[[1;34mhttp-nio-8080-exec-7[m] [36mJdbcBindingLogging[m - binding parameter (1:VARCHAR) <- [1]
[30m2026-09-03T15:12:59,094[m [36mDEBUG [m[[1;34mhttp-nio-8080-exec-9[m] [36mSqlStatementLogger[m - select se1_0."STATUS_ID",se1_0."CATEGORY",se1_0."DESCRIPTION" from "NUANBODB"."STATUS" se1_0 where se1_0."STATUS_ID"=?
[30m2026-09-03T15:12:59,094[m [30mTRACE [m[[1;34mhttp-nio-8080-exec-9[m] [36mJdbcBindingLogging[m - binding parameter (1:BIGINT) <- [570]
[30m2026-09-03T15:12:59,094[m [36mDEBUG [m[[1;34mhttp-nio-8080-exec-1[m] [36mSqlStatementLogger[m - select te1_0."TYPE_ID",te1_0."CATEGORY",te1_0."DESCRIPTION" from "NUANBODB"."TYPE" te1_0 where te1_0."TYPE_ID"=?
[30m2026-09-03T15:12:59,094[m [30mTRACE [m[[1;34mhttp-nio-8080-exec-1[m] [36mJdbcBindingLogging[m - binding parameter (1:BIGINT) <- [120]
[30m2026-09-03T15:12:59,094[m [36mDEBUG [m[[1;34mhttp-nio-8080-exec-7[m] [36mSqlStatementLogger[m - select ie1_0."INVESTOR_ID",ie1_0."CLEARINGHOUSE_CODE",ie1_0."CODE",ie1_0."COMPANY_NAME",ie1_0."COUNTRY_ID",c1_0."COUNTRY_ID",c1_0."CODE",c1_0."CURRENCY_ID",c2_0."CURRENCY_ID",c2_0."CODE",c2_0."NAME",c1_0."NAME",c1_0."TIME_ZONE",ie1_0."DOCUMENT_NUMBER",ie1_0."FIRST_NAME",g1_0."GICS_ID",g1_0."DESCRIPTION",ie1_0."IDENTIFICATION_TYPE_ID",it1_0."IDENTIFICATION_TYPE_ID",it1_0."CODE",it1_0."DESCRIPTION",ie1_0."LAST_MODIFY_APPLIC",ie1_0."LAST_MODIFY_DATE",ie1_0."LAST_MODIFY_IP",ie1_0."LAST_MODIFY_USER",ie1_0."LAST_NAME",ie1_0."MONEY_LAUNDERING_FLAG",ie1_0."NATIONALITY",ie1_0."STATUS_ID",s1_0."STATUS_ID",s1_0."CATEGORY",s1_0."DESCRIPTION",ie1_0."TAX_EXEMP",ts1_0."TAX_STATUS_ID",ts1_0."DESCRIPTION",ts1_0."LAST_MODIFY_APPLIC",ts1_0."LAST_MODIFY_DATE",ts1_0."LAST_MODIFY_IP",ts1_0."LAST_MODIFY_USER",ie1_0."TYPE_ID",t1_0."TYPE_ID",t1_0."CATEGORY",t1_0."DESCRIPTION" from "NUANBODB"."INVESTOR" ie1_0 join "NUANBODB"."COUNTRY" c1_0 on c1_0."COUNTRY_ID"=ie1_0."COUNTRY_ID" join "NUANBODB"."CURRENCY" c2_0 on c2_0."CURRENCY_ID"=c1_0."CURRENCY_ID" left join "NUANBODB"."GICS" g1_0 on g1_0."GICS_ID"=ie1_0."GICS_ID" join "NUANBODB"."IDENTIFICATION_TYPE" it1_0 on it1_0."IDENTIFICATION_TYPE_ID"=ie1_0."IDENTIFICATION_TYPE_ID" join "NUANBODB"."STATUS" s1_0 on s1_0."STATUS_ID"=ie1_0."STATUS_ID" left join "NUANBODB"."TAX_STATUS" ts1_0 on ts1_0."TAX_STATUS_ID"=ie1_0."TAX_STATUS_ID" join "NUANBODB"."TYPE" t1_0 on t1_0."TYPE_ID"=ie1_0."TYPE_ID" where ie1_0."INVESTOR_ID"=?
[30m2026-09-03T15:12:59,094[m [30mTRACE [m[[1;34mhttp-nio-8080-exec-7[m] [36mJdbcBindingLogging[m - binding parameter (1:BIGINT) <- [167]
[30m2026-09-03T15:12:59,094[m [36mDEBUG [m[[1;34mhttp-nio-8080-exec-10[m] [36mSqlStatementLogger[m - select mde1_0."MILA_DEPOSITORY_ID",mde1_0."CODE",mde1_0."DIRECT_DEPOSITORY_NUMBER",mde1_0."DOCUMENT_NUMBER",mde1_0."IDENTIFICATION_TYPE_ID",mde1_0."LAST_MODIFY_APPLIC",mde1_0."LAST_MODIFY_DATE",mde1_0."LAST_MODIFY_IP",mde1_0."LAST_MODIFY_USER" from "NUANBODB"."MILA_DEPOSITORY" mde1_0 where mde1_0."IDENTIFICATION_TYPE_ID"=? and mde1_0."DOCUMENT_NUMBER"=? fetch first ? rows only
[30m2026-09-03T15:12:59,094[m [30mTRACE [m[[1;34mhttp-nio-8080-exec-10[m] [36mJdbcBindingLogging[m - binding parameter (1:BIGINT) <- [5]
[30m2026-09-03T15:12:59,094[m [36mDEBUG [m[[1;34mhttp-nio-8080-exec-9[m] [36mSqlStatementLogger[m - select te1_0."TYPE_ID",te1_0."CATEGORY",te1_0."DESCRIPTION" from "NUANBODB"."TYPE" te1_0 where te1_0."TYPE_ID"=?
[30m2026-09-03T15:12:59,094[m [30mTRACE [m[[1;34mhttp-nio-8080-exec-10[m] [36mJdbcBindingLogging[m - binding parameter (2:VARCHAR) <- [8605303170]
[30m2026-09-03T15:12:59,094[m [30mTRACE [m[[1;34mhttp-nio-8080-exec-9[m] [36mJdbcBindingLogging[m - binding parameter (1:BIGINT) <- [26]
[30m2026-09-03T15:12:59,094[m [36mDEBUG [m[[1;34mhttp-nio-8080-exec-1[m] [36mSqlStatementLogger[m - select se1_0."STATUS_ID",se1_0."CATEGORY",se1_0."DESCRIPTION" from "NUANBODB"."STATUS" se1_0 where se1_0."STATUS_ID"=?
[30m2026-09-03T15:12:59,094[m [30mTRACE [m[[1;34mhttp-nio-8080-exec-10[m] [36mJdbcBindingLogging[m - binding parameter (3:INTEGER) <- [1]
[30m2026-09-03T15:12:59,094[m [30mTRACE [m[[1;34mhttp-nio-8080-exec-1[m] [36mJdbcBindingLogging[m - binding parameter (1:BIGINT) <- [570]
[30m2026-09-03T15:12:59,094[m [36mDEBUG [m[[1;34mhttp-nio-8080-exec-5[m] [36mSqlStatementLogger[m - select mde1_0."MILA_DEPOSITORY_ID",mde1_0."CODE",mde1_0."DIRECT_DEPOSITORY_NUMBER",mde1_0."DOCUMENT_NUMBER",mde1_0."IDENTIFICATION_TYPE_ID",mde1_0."LAST_MODIFY_APPLIC",mde1_0."LAST_MODIFY_DATE",mde1_0."LAST_MODIFY_IP",mde1_0."LAST_MODIFY_USER" from "NUANBODB"."MILA_DEPOSITORY" mde1_0 where mde1_0."IDENTIFICATION_TYPE_ID"=? and mde1_0."DOCUMENT_NUMBER"=? fetch first ? rows only
[30m2026-09-03T15:12:59,094[m [30mTRACE [m[[1;34mhttp-nio-8080-exec-5[m] [36mJdbcBindingLogging[m - binding parameter (1:BIGINT) <- [5]
[30m2026-09-03T15:12:59,094[m [30mTRACE [m[[1;34mhttp-nio-8080-exec-5[m] [36mJdbcBindingLogging[m - binding parameter (2:VARCHAR) <- [8605303170]
[30m2026-09-03T15:12:59,094[m [30mTRACE [m[[1;34mhttp-nio-8080-exec-5[m] [36mJdbcBindingLogging[m - binding parameter (3:INTEGER) <- [1]
[30m2026-09-03T15:12:59,095[m [36mDEBUG [m[[1;34mhttp-nio-8080-exec-7[m] [36mSqlStatementLogger[m - select te1_0."TYPE_ID",te1_0."CATEGORY",te1_0."DESCRIPTION" from "NUANBODB"."TYPE" te1_0 where te1_0."TYPE_ID"=?
[30m2026-09-03T15:12:59,095[m [30mTRACE [m[[1;34mhttp-nio-8080-exec-7[m] [36mJdbcBindingLogging[m - binding parameter (1:BIGINT) <- [120]
[30m2026-09-03T15:12:59,095[m [36mDEBUG [m[[1;34mhttp-nio-8080-exec-1[m] [36mSqlStatementLogger[m - select te1_0."TYPE_ID",te1_0."CATEGORY",te1_0."DESCRIPTION" from "NUANBODB"."TYPE" te1_0 where te1_0."TYPE_ID"=?
[30m2026-09-03T15:12:59,095[m [30mTRACE [m[[1;34mhttp-nio-8080-exec-1[m] [36mJdbcBindingLogging[m - binding parameter (1:BIGINT) <- [26]
[30m2026-09-03T15:12:59,096[m [36mDEBUG [m[[1;34mhttp-nio-8080-exec-5[m] [36mSqlStatementLogger[m - select iae1_0."INVESTOR_ACCOUNT_ID",iae1_0."ACCOUNT_NAME",iae1_0."ACCOUNT_NUMBER",iae1_0."DEPOSITORY_ID",iae1_0."INVESTOR_ID",iae1_0."LAST_MODIFY_APPLIC",iae1_0."LAST_MODIFY_DATE",iae1_0."LAST_MODIFY_IP",iae1_0."LAST_MODIFY_USER",iae1_0."ORIGIN_TYPE_ID",iae1_0."PARTICIPANT_ID",iae1_0."STATUS_ID",iae1_0."TAX_EXEMP",iae1_0."TYPE_ID" from "NUANBODB"."INVESTOR_ACCOUNT" iae1_0 where iae1_0."INVESTOR_ACCOUNT_ID" in (?)
[30m2026-09-03T15:12:59,096[m [30mTRACE [m[[1;34mhttp-nio-8080-exec-5[m] [36mJdbcBindingLogging[m - binding parameter (1:BIGINT) <- [57]
[30m2026-09-03T15:12:59,096[m [36mDEBUG [m[[1;34mhttp-nio-8080-exec-10[m] [36mSqlStatementLogger[m - select iae1_0."INVESTOR_ACCOUNT_ID",iae1_0."ACCOUNT_NAME",iae1_0."ACCOUNT_NUMBER",iae1_0."DEPOSITORY_ID",iae1_0."INVESTOR_ID",iae1_0."LAST_MODIFY_APPLIC",iae1_0."LAST_MODIFY_DATE",iae1_0."LAST_MODIFY_IP",iae1_0."LAST_MODIFY_USER",iae1_0."ORIGIN_TYPE_ID",iae1_0."PARTICIPANT_ID",iae1_0."STATUS_ID",iae1_0."TAX_EXEMP",iae1_0."TYPE_ID" from "NUANBODB"."INVESTOR_ACCOUNT" iae1_0 where iae1_0."INVESTOR_ACCOUNT_ID" in (?)
[30m2026-09-03T15:12:59,096[m [36mDEBUG [m[[1;34mhttp-nio-8080-exec-7[m] [36mSqlStatementLogger[m - select se1_0."STATUS_ID",se1_0."CATEGORY",se1_0."DESCRIPTION" from "NUANBODB"."STATUS" se1_0 where se1_0."STATUS_ID"=?
[30m2026-09-03T15:12:59,096[m [30mTRACE [m[[1;34mhttp-nio-8080-exec-10[m] [36mJdbcBindingLogging[m - binding parameter (1:BIGINT) <- [57]
[30m2026-09-03T15:12:59,096[m [30mTRACE [m[[1;34mhttp-nio-8080-exec-7[m] [36mJdbcBindingLogging[m - binding parameter (1:BIGINT) <- [570]
[30m2026-09-03T15:12:59,096[m [36mDEBUG [m[[1;34mhttp-nio-8080-exec-9[m] [36mSqlStatementLogger[m - select se1_0."FRACTION",se1_0."SIDE_ID",se1_0."TRADE_ID",se1_0."BANK_ACCOUNT_ID",se1_0."BROKERAGE_SERVICE",se1_0."CAPITAL_GAIN_VALUE",se1_0."CASH_ACCOUNT",se1_0."COMMISSION_AMOUNT",se1_0."COMMISSION_PERCENTAGE",c1_0."PARTICIPANT_ID",c1_0."CODE",c1_0."COUNTRY_ID",c1_0."CUSTODIAN",c1_0."DIRECT_ALLOCATION",c1_0."DOCUMENT_NUMBER",c1_0."ENABLED",c1_0."IDENTIFICATION_TYPE_ID",c1_0."MARGIN_ACCOUNT",c1_0."MARKET_MAKER",c1_0."MASTER_ACCOUNT",c1_0."MNEMONIC",c1_0."NAME",c1_0."NIT_CLEARING_HOUSE",c1_0."REGISTRATION_DATE",c1_0."SHORT_NAME",c1_0."STATUS_ID",c1_0."TAX_CODE",c1_0."TAX_STATUS_ID",c1_0."TYPE_ID",c1_0."TYPE_ENTITY",cs1_0."STATUS_ID",cs1_0."CATEGORY",cs1_0."DESCRIPTION",se1_0."DELIVERY_VERSUS_PAYMENT_VALUE",se1_0."DIRECT_DEPOSITOR",se1_0."DISBURSEMENT_VALUE",fa1_0."PARTICIPANT_ID",fa1_0."CODE",fa1_0."COUNTRY_ID",fa1_0."CUSTODIAN",fa1_0."DIRECT_ALLOCATION",fa1_0."DOCUMENT_NUMBER",fa1_0."ENABLED",fa1_0."IDENTIFICATION_TYPE_ID",fa1_0."MARGIN_ACCOUNT",fa1_0."MARKET_MAKER",fa1_0."MASTER_ACCOUNT",fa1_0."MNEMONIC",fa1_0."NAME",fa1_0."NIT_CLEARING_HOUSE",fa1_0."REGISTRATION_DATE",fa1_0."SHORT_NAME",fa1_0."STATUS_ID",fa1_0."TAX_CODE",fa1_0."TAX_STATUS_ID",fa1_0."TYPE_ID",fa1_0."TYPE_ENTITY",se1_0."FIDUCIARY_SPECIALIST",se1_0."FRACTION_QUANTITY",se1_0."FRACTION_VOLUME",se1_0."FUNDING_AMOUNT",se1_0."IND_MASTER",se1_0."INVESTOR_ID",ia1_0."INVESTOR_ACCOUNT_ID",ia1_0."ACCOUNT_NAME",ia1_0."ACCOUNT_NUMBER",ia1_0."DEPOSITORY_ID",ia1_0."INVESTOR_ID",ia1_0."LAST_MODIFY_APPLIC",ia1_0."LAST_MODIFY_DATE",ia1_0."LAST_MODIFY_IP",ia1_0."LAST_MODIFY_USER",ia1_0."ORIGIN_TYPE_ID",ia1_0."PARTICIPANT_ID",ia1_0."STATUS_ID",ia1_0."TAX_EXEMP",ia1_0."TYPE_ID",se1_0."ISSUED_RECEIPT",se1_0."ISSUED_RECEIPT_NUMBER",se1_0."LAST_MODIFY_APPLIC",se1_0."LAST_MODIFY_DATE",se1_0."LAST_MODIFY_IP",se1_0."LAST_MODIFY_USER",se1_0."MILA_DIRECT_DEPOSITOR",se1_0."NET_AMOUNT",se1_0."NET_OUTFLOW_TOTAL",se1_0."OUTFLOW_TURNOVER_VALUE",pa1_0."PARTICIPANT_ACCOUNT_ID",pa1_0."ACCOUNT_NUMBER",pa1_0."DEPOSITORY_ID",pa1_0."IND_MASTER",pa1_0."LAST_MODIFY_APPLIC",pa1_0."LAST_MODIFY_DATE",pa1_0."LAST_MODIFY_IP",pa1_0."LAST_MODIFY_USER",pa1_0."ORIGIN_TYPE_ID",pa1_0."PARTICIPANT_ID",pa1_0."STATUS_ID",pa1_0."TAX_EXEMP",pa1_0."TYPE_ID",se1_0."PARTICIPANT_BANK_ACCOUNT_ID",se1_0."REFERENCE",se1_0."REFERENCE_ALLOC_ID",se1_0."REFERENCE_PACKAGE",se1_0."REPO_AMOUNT",se1_0."RETURN_TURNOVER_VALUE",se1_0."SETTLEMENT_AMOUNT",se1_0."SOURCE_QUOTE_TYPE_ID",se1_0."STATUS_ID",se1_0."TRADING_SYSTEM_ID",se1_0."TRANSFER_VALUE",se1_0."UNIQUE_FRACTION_ID",se1_0."VAL_TAX",se1_0."VAL_TAX_AMOUNT",se1_0."WITHHOLDING_TAX",se1_0."WITHHOLDING_TAX_AMOUNT" from "NUANBODB"."SETTLEMENT" se1_0 left join "NUANBODB"."TRADE" t1_0 on t1_0."TRADE_ID"=se1_0."TRADE_ID" left join "NUANBODB"."SIDE" s1_0 on s1_0."SIDE_ID"=se1_0."SIDE_ID" left join "NUANBODB"."PARTICIPANT" c1_0 on c1_0."PARTICIPANT_ID"=se1_0."CUSTODIAN_ID" left join "NUANBODB"."STATUS" cs1_0 on cs1_0."STATUS_ID"=se1_0."CUSTODIAN_STATUS_ID" left join "NUANBODB"."PARTICIPANT" fa1_0 on fa1_0."PARTICIPANT_ID"=se1_0."FIC_ADMINISTRATOR_ID" left join "NUANBODB"."INVESTOR_ACCOUNT" ia1_0 on ia1_0."INVESTOR_ACCOUNT_ID"=se1_0."INVESTOR_ACCOUNT_ID" left join "NUANBODB"."PARTICIPANT_ACCOUNT" pa1_0 on pa1_0."PARTICIPANT_ACCOUNT_ID"=se1_0."PARTICIPANT_ACCOUNT_ID" where t1_0."TRADE_ID" in (?,?,?,?,?) and s1_0."SIDE_ID"=?
[30m2026-09-03T15:12:59,096[m [30mTRACE [m[[1;34mhttp-nio-8080-exec-9[m] [36mJdbcBindingLogging[m - binding parameter (1:BIGINT) <- [1370451]
[30m2026-09-03T15:12:59,096[m [30mTRACE [m[[1;34mhttp-nio-8080-exec-9[m] [36mJdbcBindingLogging[m - binding parameter (2:BIGINT) <- [1373421]
[30m2026-09-03T15:12:59,096[m [30mTRACE [m[[1;34mhttp-nio-8080-exec-9[m] [36mJdbcBindingLogging[m - binding parameter (3:BIGINT) <- [1378142]
[30m2026-09-03T15:12:59,096[m [30mTRACE [m[[1;34mhttp-nio-8080-exec-9[m] [36mJdbcBindingLogging[m - binding parameter (4:BIGINT) <- [1372575]
[30m2026-09-03T15:12:59,097[m [30mTRACE [m[[1;34mhttp-nio-8080-exec-9[m] [36mJdbcBindingLogging[m - binding parameter (5:BIGINT) <- [1377145]
[30m2026-09-03T15:12:59,097[m [30mTRACE [m[[1;34mhttp-nio-8080-exec-9[m] [36mJdbcBindingLogging[m - binding parameter (6:VARCHAR) <- [1]
[30m2026-09-03T15:12:59,097[m [36mDEBUG [m[[1;34mhttp-nio-8080-exec-1[m] [36mSqlStatementLogger[m - select se1_0."FRACTION",se1_0."SIDE_ID",se1_0."TRADE_ID",se1_0."BANK_ACCOUNT_ID",se1_0."BROKERAGE_SERVICE",se1_0."CAPITAL_GAIN_VALUE",se1_0."CASH_ACCOUNT",se1_0."COMMISSION_AMOUNT",se1_0."COMMISSION_PERCENTAGE",c1_0."PARTICIPANT_ID",c1_0."CODE",c1_0."COUNTRY_ID",c1_0."CUSTODIAN",c1_0."DIRECT_ALLOCATION",c1_0."DOCUMENT_NUMBER",c1_0."ENABLED",c1_0."IDENTIFICATION_TYPE_ID",c1_0."MARGIN_ACCOUNT",c1_0."MARKET_MAKER",c1_0."MASTER_ACCOUNT",c1_0."MNEMONIC",c1_0."NAME",c1_0."NIT_CLEARING_HOUSE",c1_0."REGISTRATION_DATE",c1_0."SHORT_NAME",c1_0."STATUS_ID",c1_0."TAX_CODE",c1_0."TAX_STATUS_ID",c1_0."TYPE_ID",c1_0."TYPE_ENTITY",cs1_0."STATUS_ID",cs1_0."CATEGORY",cs1_0."DESCRIPTION",se1_0."DELIVERY_VERSUS_PAYMENT_VALUE",se1_0."DIRECT_DEPOSITOR",se1_0."DISBURSEMENT_VALUE",fa1_0."PARTICIPANT_ID",fa1_0."CODE",fa1_0."COUNTRY_ID",fa1_0."CUSTODIAN",fa1_0."DIRECT_ALLOCATION",fa1_0."DOCUMENT_NUMBER",fa1_0."ENABLED",fa1_0."IDENTIFICATION_TYPE_ID",fa1_0."MARGIN_ACCOUNT",fa1_0."MARKET_MAKER",fa1_0."MASTER_ACCOUNT",fa1_0."MNEMONIC",fa1_0."NAME",fa1_0."NIT_CLEARING_HOUSE",fa1_0."REGISTRATION_DATE",fa1_0."SHORT_NAME",fa1_0."STATUS_ID",fa1_0."TAX_CODE",fa1_0."TAX_STATUS_ID",fa1_0."TYPE_ID",fa1_0."TYPE_ENTITY",se1_0."FIDUCIARY_SPECIALIST",se1_0."FRACTION_QUANTITY",se1_0."FRACTION_VOLUME",se1_0."FUNDING_AMOUNT",se1_0."IND_MASTER",se1_0."INVESTOR_ID",ia1_0."INVESTOR_ACCOUNT_ID",ia1_0."ACCOUNT_NAME",ia1_0."ACCOUNT_NUMBER",ia1_0."DEPOSITORY_ID",ia1_0."INVESTOR_ID",ia1_0."LAST_MODIFY_APPLIC",ia1_0."LAST_MODIFY_DATE",ia1_0."LAST_MODIFY_IP",ia1_0."LAST_MODIFY_USER",ia1_0."ORIGIN_TYPE_ID",ia1_0."PARTICIPANT_ID",ia1_0."STATUS_ID",ia1_0."TAX_EXEMP",ia1_0."TYPE_ID",se1_0."ISSUED_RECEIPT",se1_0."ISSUED_RECEIPT_NUMBER",se1_0."LAST_MODIFY_APPLIC",se1_0."LAST_MODIFY_DATE",se1_0."LAST_MODIFY_IP",se1_0."LAST_MODIFY_USER",se1_0."MILA_DIRECT_DEPOSITOR",se1_0."NET_AMOUNT",se1_0."NET_OUTFLOW_TOTAL",se1_0."OUTFLOW_TURNOVER_VALUE",pa1_0."PARTICIPANT_ACCOUNT_ID",pa1_0."ACCOUNT_NUMBER",pa1_0."DEPOSITORY_ID",pa1_0."IND_MASTER",pa1_0."LAST_MODIFY_APPLIC",pa1_0."LAST_MODIFY_DATE",pa1_0."LAST_MODIFY_IP",pa1_0."LAST_MODIFY_USER",pa1_0."ORIGIN_TYPE_ID",pa1_0."PARTICIPANT_ID",pa1_0."STATUS_ID",pa1_0."TAX_EXEMP",pa1_0."TYPE_ID",se1_0."PARTICIPANT_BANK_ACCOUNT_ID",se1_0."REFERENCE",se1_0."REFERENCE_ALLOC_ID",se1_0."REFERENCE_PACKAGE",se1_0."REPO_AMOUNT",se1_0."RETURN_TURNOVER_VALUE",se1_0."SETTLEMENT_AMOUNT",se1_0."SOURCE_QUOTE_TYPE_ID",se1_0."STATUS_ID",se1_0."TRADING_SYSTEM_ID",se1_0."TRANSFER_VALUE",se1_0."UNIQUE_FRACTION_ID",se1_0."VAL_TAX",se1_0."VAL_TAX_AMOUNT",se1_0."WITHHOLDING_TAX",se1_0."WITHHOLDING_TAX_AMOUNT" from "NUANBODB"."SETTLEMENT" se1_0 left join "NUANBODB"."TRADE" t1_0 on t1_0."TRADE_ID"=se1_0."TRADE_ID" left join "NUANBODB"."SIDE" s1_0 on s1_0."SIDE_ID"=se1_0."SIDE_ID" left join "NUANBODB"."PARTICIPANT" c1_0 on c1_0."PARTICIPANT_ID"=se1_0."CUSTODIAN_ID" left join "NUANBODB"."STATUS" cs1_0 on cs1_0."STATUS_ID"=se1_0."CUSTODIAN_STATUS_ID" left join "NUANBODB"."PARTICIPANT" fa1_0 on fa1_0."PARTICIPANT_ID"=se1_0."FIC_ADMINISTRATOR_ID" left join "NUANBODB"."INVESTOR_ACCOUNT" ia1_0 on ia1_0."INVESTOR_ACCOUNT_ID"=se1_0."INVESTOR_ACCOUNT_ID" left join "NUANBODB"."PARTICIPANT_ACCOUNT" pa1_0 on pa1_0."PARTICIPANT_ACCOUNT_ID"=se1_0."PARTICIPANT_ACCOUNT_ID" where t1_0."TRADE_ID" in (?,?,?,?) and s1_0."SIDE_ID"=?
[30m2026-09-03T15:12:59,097[m [36mDEBUG [m[[1;34mhttp-nio-8080-exec-5[m] [36mSqlStatementLogger[m - select de1_0."DEPOSITORY_ID",de1_0."DESCRIPTION" from "NUANBODB"."DEPOSITORY" de1_0 where de1_0."DEPOSITORY_ID"=?
[30m2026-09-03T15:12:59,097[m [30mTRACE [m[[1;34mhttp-nio-8080-exec-1[m] [36mJdbcBindingLogging[m - binding parameter (1:BIGINT) <- [1372566]
[30m2026-09-03T15:12:59,097[m [30mTRACE [m[[1;34mhttp-nio-8080-exec-1[m] [36mJdbcBindingLogging[m - binding parameter (2:BIGINT) <- [1370439]
[30m2026-09-03T15:12:59,097[m [30mTRACE [m[[1;34mhttp-nio-8080-exec-5[m] [36mJdbcBindingLogging[m - binding parameter (1:VARCHAR) <- [1]
[30m2026-09-03T15:12:59,097[m [30mTRACE [m[[1;34mhttp-nio-8080-exec-1[m] [36mJdbcBindingLogging[m - binding parameter (3:BIGINT) <- [1373424]
[30m2026-09-03T15:12:59,097[m [30mTRACE [m[[1;34mhttp-nio-8080-exec-1[m] [36mJdbcBindingLogging[m - binding parameter (4:BIGINT) <- [1373435]
[30m2026-09-03T15:12:59,097[m [30mTRACE [m[[1;34mhttp-nio-8080-exec-1[m] [36mJdbcBindingLogging[m - binding parameter (5:VARCHAR) <- [1]
[30m2026-09-03T15:12:59,097[m [36mDEBUG [m[[1;34mhttp-nio-8080-exec-10[m] [36mSqlStatementLogger[m - select de1_0."DEPOSITORY_ID",de1_0."DESCRIPTION" from "NUANBODB"."DEPOSITORY" de1_0 where de1_0."DEPOSITORY_ID"=?
[30m2026-09-03T15:12:59,097[m [36mDEBUG [m[[1;34mhttp-nio-8080-exec-7[m] [36mSqlStatementLogger[m - select te1_0."TYPE_ID",te1_0."CATEGORY",te1_0."DESCRIPTION" from "NUANBODB"."TYPE" te1_0 where te1_0."TYPE_ID"=?
[30m2026-09-03T15:12:59,097[m [30mTRACE [m[[1;34mhttp-nio-8080-exec-10[m] [36mJdbcBindingLogging[m - binding parameter (1:VARCHAR) <- [1]
[30m2026-09-03T15:12:59,097[m [30mTRACE [m[[1;34mhttp-nio-8080-exec-7[m] [36mJdbcBindingLogging[m - binding parameter (1:BIGINT) <- [26]
[30m2026-09-03T15:12:59,097[m [36mDEBUG [m[[1;34mhttp-nio-8080-exec-5[m] [36mSqlStatementLogger[m - select ie1_0."INVESTOR_ID",ie1_0."CLEARINGHOUSE_CODE",ie1_0."CODE",ie1_0."COMPANY_NAME",ie1_0."COUNTRY_ID",c1_0."COUNTRY_ID",c1_0."CODE",c1_0."CURRENCY_ID",c2_0."CURRENCY_ID",c2_0."CODE",c2_0."NAME",c1_0."NAME",c1_0."TIME_ZONE",ie1_0."DOCUMENT_NUMBER",ie1_0."FIRST_NAME",g1_0."GICS_ID",g1_0."DESCRIPTION",ie1_0."IDENTIFICATION_TYPE_ID",it1_0."IDENTIFICATION_TYPE_ID",it1_0."CODE",it1_0."DESCRIPTION",ie1_0."LAST_MODIFY_APPLIC",ie1_0."LAST_MODIFY_DATE",ie1_0."LAST_MODIFY_IP",ie1_0."LAST_MODIFY_USER",ie1_0."LAST_NAME",ie1_0."MONEY_LAUNDERING_FLAG",ie1_0."NATIONALITY",ie1_0."STATUS_ID",s1_0."STATUS_ID",s1_0."CATEGORY",s1_0."DESCRIPTION",ie1_0."TAX_EXEMP",ts1_0."TAX_STATUS_ID",ts1_0."DESCRIPTION",ts1_0."LAST_MODIFY_APPLIC",ts1_0."LAST_MODIFY_DATE",ts1_0."LAST_MODIFY_IP",ts1_0."LAST_MODIFY_USER",ie1_0."TYPE_ID",t1_0."TYPE_ID",t1_0."CATEGORY",t1_0."DESCRIPTION" from "NUANBODB"."INVESTOR" ie1_0 join "NUANBODB"."COUNTRY" c1_0 on c1_0."COUNTRY_ID"=ie1_0."COUNTRY_ID" join "NUANBODB"."CURRENCY" c2_0 on c2_0."CURRENCY_ID"=c1_0."CURRENCY_ID" left join "NUANBODB"."GICS" g1_0 on g1_0."GICS_ID"=ie1_0."GICS_ID" join "NUANBODB"."IDENTIFICATION_TYPE" it1_0 on it1_0."IDENTIFICATION_TYPE_ID"=ie1_0."IDENTIFICATION_TYPE_ID" join "NUANBODB"."STATUS" s1_0 on s1_0."STATUS_ID"=ie1_0."STATUS_ID" left join "NUANBODB"."TAX_STATUS" ts1_0 on ts1_0."TAX_STATUS_ID"=ie1_0."TAX_STATUS_ID" join "NUANBODB"."TYPE" t1_0 on t1_0."TYPE_ID"=ie1_0."TYPE_ID" where ie1_0."INVESTOR_ID"=?
[30m2026-09-03T15:12:59,097[m [30mTRACE [m[[1;34mhttp-nio-8080-exec-5[m] [36mJdbcBindingLogging[m - binding parameter (1:BIGINT) <- [167]
[30m2026-09-03T15:12:59,098[m [36mDEBUG [m[[1;34mhttp-nio-8080-exec-10[m] [36mSqlStatementLogger[m - select ie1_0."INVESTOR_ID",ie1_0."CLEARINGHOUSE_CODE",ie1_0."CODE",ie1_0."COMPANY_NAME",ie1_0."COUNTRY_ID",c1_0."COUNTRY_ID",c1_0."CODE",c1_0."CURRENCY_ID",c2_0."CURRENCY_ID",c2_0."CODE",c2_0."NAME",c1_0."NAME",c1_0."TIME_ZONE",ie1_0."DOCUMENT_NUMBER",ie1_0."FIRST_NAME",g1_0."GICS_ID",g1_0."DESCRIPTION",ie1_0."IDENTIFICATION_TYPE_ID",it1_0."IDENTIFICATION_TYPE_ID",it1_0."CODE",it1_0."DESCRIPTION",ie1_0."LAST_MODIFY_APPLIC",ie1_0."LAST_MODIFY_DATE",ie1_0."LAST_MODIFY_IP",ie1_0."LAST_MODIFY_USER",ie1_0."LAST_NAME",ie1_0."MONEY_LAUNDERING_FLAG",ie1_0."NATIONALITY",ie1_0."STATUS_ID",s1_0."STATUS_ID",s1_0."CATEGORY",s1_0."DESCRIPTION",ie1_0."TAX_EXEMP",ts1_0."TAX_STATUS_ID",ts1_0."DESCRIPTION",ts1_0."LAST_MODIFY_APPLIC",ts1_0."LAST_MODIFY_DATE",ts1_0."LAST_MODIFY_IP",ts1_0."LAST_MODIFY_USER",ie1_0."TYPE_ID",t1_0."TYPE_ID",t1_0."CATEGORY",t1_0."DESCRIPTION" from "NUANBODB"."INVESTOR" ie1_0 join "NUANBODB"."COUNTRY" c1_0 on c1_0."COUNTRY_ID"=ie1_0."COUNTRY_ID" join "NUANBODB"."CURRENCY" c2_0 on c2_0."CURRENCY_ID"=c1_0."CURRENCY_ID" left join "NUANBODB"."GICS" g1_0 on g1_0."GICS_ID"=ie1_0."GICS_ID" join "NUANBODB"."IDENTIFICATION_TYPE" it1_0 on it1_0."IDENTIFICATION_TYPE_ID"=ie1_0."IDENTIFICATION_TYPE_ID" join "NUANBODB"."STATUS" s1_0 on s1_0."STATUS_ID"=ie1_0."STATUS_ID" left join "NUANBODB"."TAX_STATUS" ts1_0 on ts1_0."TAX_STATUS_ID"=ie1_0."TAX_STATUS_ID" join "NUANBODB"."TYPE" t1_0 on t1_0."TYPE_ID"=ie1_0."TYPE_ID" where ie1_0."INVESTOR_ID"=?
[30m2026-09-03T15:12:59,098[m [30mTRACE [m[[1;34mhttp-nio-8080-exec-10[m] [36mJdbcBindingLogging[m - binding parameter (1:BIGINT) <- [167]
[30m2026-09-03T15:12:59,099[m [36mDEBUG [m[[1;34mhttp-nio-8080-exec-5[m] [36mSqlStatementLogger[m - select te1_0."TYPE_ID",te1_0."CATEGORY",te1_0."DESCRIPTION" from "NUANBODB"."TYPE" te1_0 where te1_0."TYPE_ID"=?
[30m2026-09-03T15:12:59,099[m [30mTRACE [m[[1;34mhttp-nio-8080-exec-5[m] [36mJdbcBindingLogging[m - binding parameter (1:BIGINT) <- [120]
[30m2026-09-03T15:12:59,099[m [36mDEBUG [m[[1;34mhttp-nio-8080-exec-10[m] [36mSqlStatementLogger[m - select te1_0."TYPE_ID",te1_0."CATEGORY",te1_0."DESCRIPTION" from "NUANBODB"."TYPE" te1_0 where te1_0."TYPE_ID"=?
[30m2026-09-03T15:12:59,099[m [30mTRACE [m[[1;34mhttp-nio-8080-exec-10[m] [36mJdbcBindingLogging[m - binding parameter (1:BIGINT) <- [120]
[30m2026-09-03T15:12:59,100[m [36mDEBUG [m[[1;34mhttp-nio-8080-exec-5[m] [36mSqlStatementLogger[m - select se1_0."STATUS_ID",se1_0."CATEGORY",se1_0."DESCRIPTION" from "NUANBODB"."STATUS" se1_0 where se1_0."STATUS_ID"=?
[30m2026-09-03T15:12:59,100[m [36mDEBUG [m[[1;34mhttp-nio-8080-exec-10[m] [36mSqlStatementLogger[m - select se1_0."STATUS_ID",se1_0."CATEGORY",se1_0."DESCRIPTION" from "NUANBODB"."STATUS" se1_0 where se1_0."STATUS_ID"=?
[30m2026-09-03T15:12:59,100[m [30mTRACE [m[[1;34mhttp-nio-8080-exec-5[m] [36mJdbcBindingLogging[m - binding parameter (1:BIGINT) <- [570]
[30m2026-09-03T15:12:59,100[m [30mTRACE [m[[1;34mhttp-nio-8080-exec-10[m] [36mJdbcBindingLogging[m - binding parameter (1:BIGINT) <- [570]
[30m2026-09-03T15:12:59,100[m [36mDEBUG [m[[1;34mhttp-nio-8080-exec-7[m] [36mSqlStatementLogger[m - select se1_0."FRACTION",se1_0."SIDE_ID",se1_0."TRADE_ID",se1_0."BANK_ACCOUNT_ID",se1_0."BROKERAGE_SERVICE",se1_0."CAPITAL_GAIN_VALUE",se1_0."CASH_ACCOUNT",se1_0."COMMISSION_AMOUNT",se1_0."COMMISSION_PERCENTAGE",c1_0."PARTICIPANT_ID",c1_0."CODE",c1_0."COUNTRY_ID",c1_0."CUSTODIAN",c1_0."DIRECT_ALLOCATION",c1_0."DOCUMENT_NUMBER",c1_0."ENABLED",c1_0."IDENTIFICATION_TYPE_ID",c1_0."MARGIN_ACCOUNT",c1_0."MARKET_MAKER",c1_0."MASTER_ACCOUNT",c1_0."MNEMONIC",c1_0."NAME",c1_0."NIT_CLEARING_HOUSE",c1_0."REGISTRATION_DATE",c1_0."SHORT_NAME",c1_0."STATUS_ID",c1_0."TAX_CODE",c1_0."TAX_STATUS_ID",c1_0."TYPE_ID",c1_0."TYPE_ENTITY",cs1_0."STATUS_ID",cs1_0."CATEGORY",cs1_0."DESCRIPTION",se1_0."DELIVERY_VERSUS_PAYMENT_VALUE",se1_0."DIRECT_DEPOSITOR",se1_0."DISBURSEMENT_VALUE",fa1_0."PARTICIPANT_ID",fa1_0."CODE",fa1_0."COUNTRY_ID",fa1_0."CUSTODIAN",fa1_0."DIRECT_ALLOCATION",fa1_0."DOCUMENT_NUMBER",fa1_0."ENABLED",fa1_0."IDENTIFICATION_TYPE_ID",fa1_0."MARGIN_ACCOUNT",fa1_0."MARKET_MAKER",fa1_0."MASTER_ACCOUNT",fa1_0."MNEMONIC",fa1_0."NAME",fa1_0."NIT_CLEARING_HOUSE",fa1_0."REGISTRATION_DATE",fa1_0."SHORT_NAME",fa1_0."STATUS_ID",fa1_0."TAX_CODE",fa1_0."TAX_STATUS_ID",fa1_0."TYPE_ID",fa1_0."TYPE_ENTITY",se1_0."FIDUCIARY_SPECIALIST",se1_0."FRACTION_QUANTITY",se1_0."FRACTION_VOLUME",se1_0."FUNDING_AMOUNT",se1_0."IND_MASTER",se1_0."INVESTOR_ID",ia1_0."INVESTOR_ACCOUNT_ID",ia1_0."ACCOUNT_NAME",ia1_0."ACCOUNT_NUMBER",ia1_0."DEPOSITORY_ID",ia1_0."INVESTOR_ID",ia1_0."LAST_MODIFY_APPLIC",ia1_0."LAST_MODIFY_DATE",ia1_0."LAST_MODIFY_IP",ia1_0."LAST_MODIFY_USER",ia1_0."ORIGIN_TYPE_ID",ia1_0."PARTICIPANT_ID",ia1_0."STATUS_ID",ia1_0."TAX_EXEMP",ia1_0."TYPE_ID",se1_0."ISSUED_RECEIPT",se1_0."ISSUED_RECEIPT_NUMBER",se1_0."LAST_MODIFY_APPLIC",se1_0."LAST_MODIFY_DATE",se1_0."LAST_MODIFY_IP",se1_0."LAST_MODIFY_USER",se1_0."MILA_DIRECT_DEPOSITOR",se1_0."NET_AMOUNT",se1_0."NET_OUTFLOW_TOTAL",se1_0."OUTFLOW_TURNOVER_VALUE",pa1_0."PARTICIPANT_ACCOUNT_ID",pa1_0."ACCOUNT_NUMBER",pa1_0."DEPOSITORY_ID",pa1_0."IND_MASTER",pa1_0."LAST_MODIFY_APPLIC",pa1_0."LAST_MODIFY_DATE",pa1_0."LAST_MODIFY_IP",pa1_0."LAST_MODIFY_USER",pa1_0."ORIGIN_TYPE_ID",pa1_0."PARTICIPANT_ID",pa1_0."STATUS_ID",pa1_0."TAX_EXEMP",pa1_0."TYPE_ID",se1_0."PARTICIPANT_BANK_ACCOUNT_ID",se1_0."REFERENCE",se1_0."REFERENCE_ALLOC_ID",se1_0."REFERENCE_PACKAGE",se1_0."REPO_AMOUNT",se1_0."RETURN_TURNOVER_VALUE",se1_0."SETTLEMENT_AMOUNT",se1_0."SOURCE_QUOTE_TYPE_ID",se1_0."STATUS_ID",se1_0."TRADING_SYSTEM_ID",se1_0."TRANSFER_VALUE",se1_0."UNIQUE_FRACTION_ID",se1_0."VAL_TAX",se1_0."VAL_TAX_AMOUNT",se1_0."WITHHOLDING_TAX",se1_0."WITHHOLDING_TAX_AMOUNT" from "NUANBODB"."SETTLEMENT" se1_0 left join "NUANBODB"."TRADE" t1_0 on t1_0."TRADE_ID"=se1_0."TRADE_ID" left join "NUANBODB"."SIDE" s1_0 on s1_0."SIDE_ID"=se1_0."SIDE_ID" left join "NUANBODB"."PARTICIPANT" c1_0 on c1_0."PARTICIPANT_ID"=se1_0."CUSTODIAN_ID" left join "NUANBODB"."STATUS" cs1_0 on cs1_0."STATUS_ID"=se1_0."CUSTODIAN_STATUS_ID" left join "NUANBODB"."PARTICIPANT" fa1_0 on fa1_0."PARTICIPANT_ID"=se1_0."FIC_ADMINISTRATOR_ID" left join "NUANBODB"."INVESTOR_ACCOUNT" ia1_0 on ia1_0."INVESTOR_ACCOUNT_ID"=se1_0."INVESTOR_ACCOUNT_ID" left join "NUANBODB"."PARTICIPANT_ACCOUNT" pa1_0 on pa1_0."PARTICIPANT_ACCOUNT_ID"=se1_0."PARTICIPANT_ACCOUNT_ID" where t1_0."TRADE_ID" in (?,?,?,?,?) and s1_0."SIDE_ID"=?
[30m2026-09-03T15:12:59,100[m [30mTRACE [m[[1;34mhttp-nio-8080-exec-7[m] [36mJdbcBindingLogging[m - binding parameter (1:BIGINT) <- [1372561]
[30m2026-09-03T15:12:59,100[m [30mTRACE [m[[1;34mhttp-nio-8080-exec-7[m] [36mJdbcBindingLogging[m - binding parameter (2:BIGINT) <- [1378140]
[30m2026-09-03T15:12:59,100[m [30mTRACE [m[[1;34mhttp-nio-8080-exec-7[m] [36mJdbcBindingLogging[m - binding parameter (3:BIGINT) <- [1377135]
[30m2026-09-03T15:12:59,100[m [30mTRACE [m[[1;34mhttp-nio-8080-exec-7[m] [36mJdbcBindingLogging[m - binding parameter (4:BIGINT) <- [1372574]
[30m2026-09-03T15:12:59,100[m [30mTRACE [m[[1;34mhttp-nio-8080-exec-7[m] [36mJdbcBindingLogging[m - binding parameter (5:BIGINT) <- [1372570]
[30m2026-09-03T15:12:59,100[m [30mTRACE [m[[1;34mhttp-nio-8080-exec-7[m] [36mJdbcBindingLogging[m - binding parameter (6:VARCHAR) <- [1]
[30m2026-09-03T15:12:59,100[m [36mDEBUG [m[[1;34mhttp-nio-8080-exec-5[m] [36mSqlStatementLogger[m - select te1_0."TYPE_ID",te1_0."CATEGORY",te1_0."DESCRIPTION" from "NUANBODB"."TYPE" te1_0 where te1_0."TYPE_ID"=?
[30m2026-09-03T15:12:59,100[m [36mDEBUG [m[[1;34mhttp-nio-8080-exec-10[m] [36mSqlStatementLogger[m - select te1_0."TYPE_ID",te1_0."CATEGORY",te1_0."DESCRIPTION" from "NUANBODB"."TYPE" te1_0 where te1_0."TYPE_ID"=?
[30m2026-09-03T15:12:59,101[m [30mTRACE [m[[1;34mhttp-nio-8080-exec-5[m] [36mJdbcBindingLogging[m - binding parameter (1:BIGINT) <- [26]
[30m2026-09-03T15:12:59,101[m [30mTRACE [m[[1;34mhttp-nio-8080-exec-10[m] [36mJdbcBindingLogging[m - binding parameter (1:BIGINT) <- [26]
[30m2026-09-03T15:12:59,102[m [36mDEBUG [m[[1;34mhttp-nio-8080-exec-5[m] [36mSqlStatementLogger[m - select se1_0."FRACTION",se1_0."SIDE_ID",se1_0."TRADE_ID",se1_0."BANK_ACCOUNT_ID",se1_0."BROKERAGE_SERVICE",se1_0."CAPITAL_GAIN_VALUE",se1_0."CASH_ACCOUNT",se1_0."COMMISSION_AMOUNT",se1_0."COMMISSION_PERCENTAGE",c1_0."PARTICIPANT_ID",c1_0."CODE",c1_0."COUNTRY_ID",c1_0."CUSTODIAN",c1_0."DIRECT_ALLOCATION",c1_0."DOCUMENT_NUMBER",c1_0."ENABLED",c1_0."IDENTIFICATION_TYPE_ID",c1_0."MARGIN_ACCOUNT",c1_0."MARKET_MAKER",c1_0."MASTER_ACCOUNT",c1_0."MNEMONIC",c1_0."NAME",c1_0."NIT_CLEARING_HOUSE",c1_0."REGISTRATION_DATE",c1_0."SHORT_NAME",c1_0."STATUS_ID",c1_0."TAX_CODE",c1_0."TAX_STATUS_ID",c1_0."TYPE_ID",c1_0."TYPE_ENTITY",cs1_0."STATUS_ID",cs1_0."CATEGORY",cs1_0."DESCRIPTION",se1_0."DELIVERY_VERSUS_PAYMENT_VALUE",se1_0."DIRECT_DEPOSITOR",se1_0."DISBURSEMENT_VALUE",fa1_0."PARTICIPANT_ID",fa1_0."CODE",fa1_0."COUNTRY_ID",fa1_0."CUSTODIAN",fa1_0."DIRECT_ALLOCATION",fa1_0."DOCUMENT_NUMBER",fa1_0."ENABLED",fa1_0."IDENTIFICATION_TYPE_ID",fa1_0."MARGIN_ACCOUNT",fa1_0."MARKET_MAKER",fa1_0."MASTER_ACCOUNT",fa1_0."MNEMONIC",fa1_0."NAME",fa1_0."NIT_CLEARING_HOUSE",fa1_0."REGISTRATION_DATE",fa1_0."SHORT_NAME",fa1_0."STATUS_ID",fa1_0."TAX_CODE",fa1_0."TAX_STATUS_ID",fa1_0."TYPE_ID",fa1_0."TYPE_ENTITY",se1_0."FIDUCIARY_SPECIALIST",se1_0."FRACTION_QUANTITY",se1_0."FRACTION_VOLUME",se1_0."FUNDING_AMOUNT",se1_0."IND_MASTER",se1_0."INVESTOR_ID",ia1_0."INVESTOR_ACCOUNT_ID",ia1_0."ACCOUNT_NAME",ia1_0."ACCOUNT_NUMBER",ia1_0."DEPOSITORY_ID",ia1_0."INVESTOR_ID",ia1_0."LAST_MODIFY_APPLIC",ia1_0."LAST_MODIFY_DATE",ia1_0."LAST_MODIFY_IP",ia1_0."LAST_MODIFY_USER",ia1_0."ORIGIN_TYPE_ID",ia1_0."PARTICIPANT_ID",ia1_0."STATUS_ID",ia1_0."TAX_EXEMP",ia1_0."TYPE_ID",se1_0."ISSUED_RECEIPT",se1_0."ISSUED_RECEIPT_NUMBER",se1_0."LAST_MODIFY_APPLIC",se1_0."LAST_MODIFY_DATE",se1_0."LAST_MODIFY_IP",se1_0."LAST_MODIFY_USER",se1_0."MILA_DIRECT_DEPOSITOR",se1_0."NET_AMOUNT",se1_0."NET_OUTFLOW_TOTAL",se1_0."OUTFLOW_TURNOVER_VALUE",pa1_0."PARTICIPANT_ACCOUNT_ID",pa1_0."ACCOUNT_NUMBER",pa1_0."DEPOSITORY_ID",pa1_0."IND_MASTER",pa1_0."LAST_MODIFY_APPLIC",pa1_0."LAST_MODIFY_DATE",pa1_0."LAST_MODIFY_IP",pa1_0."LAST_MODIFY_USER",pa1_0."ORIGIN_TYPE_ID",pa1_0."PARTICIPANT_ID",pa1_0."STATUS_ID",pa1_0."TAX_EXEMP",pa1_0."TYPE_ID",se1_0."PARTICIPANT_BANK_ACCOUNT_ID",se1_0."REFERENCE",se1_0."REFERENCE_ALLOC_ID",se1_0."REFERENCE_PACKAGE",se1_0."REPO_AMOUNT",se1_0."RETURN_TURNOVER_VALUE",se1_0."SETTLEMENT_AMOUNT",se1_0."SOURCE_QUOTE_TYPE_ID",se1_0."STATUS_ID",se1_0."TRADING_SYSTEM_ID",se1_0."TRANSFER_VALUE",se1_0."UNIQUE_FRACTION_ID",se1_0."VAL_TAX",se1_0."VAL_TAX_AMOUNT",se1_0."WITHHOLDING_TAX",se1_0."WITHHOLDING_TAX_AMOUNT" from "NUANBODB"."SETTLEMENT" se1_0 left join "NUANBODB"."TRADE" t1_0 on t1_0."TRADE_ID"=se1_0."TRADE_ID" left join "NUANBODB"."SIDE" s1_0 on s1_0."SIDE_ID"=se1_0."SIDE_ID" left join "NUANBODB"."PARTICIPANT" c1_0 on c1_0."PARTICIPANT_ID"=se1_0."CUSTODIAN_ID" left join "NUANBODB"."STATUS" cs1_0 on cs1_0."STATUS_ID"=se1_0."CUSTODIAN_STATUS_ID" left join "NUANBODB"."PARTICIPANT" fa1_0 on fa1_0."PARTICIPANT_ID"=se1_0."FIC_ADMINISTRATOR_ID" left join "NUANBODB"."INVESTOR_ACCOUNT" ia1_0 on ia1_0."INVESTOR_ACCOUNT_ID"=se1_0."INVESTOR_ACCOUNT_ID" left join "NUANBODB"."PARTICIPANT_ACCOUNT" pa1_0 on pa1_0."PARTICIPANT_ACCOUNT_ID"=se1_0."PARTICIPANT_ACCOUNT_ID" where t1_0."TRADE_ID" in (?,?,?,?,?,?,?) and s1_0."SIDE_ID"=?
[30m2026-09-03T15:12:59,102[m [36mDEBUG [m[[1;34mhttp-nio-8080-exec-10[m] [36mSqlStatementLogger[m - select se1_0."FRACTION",se1_0."SIDE_ID",se1_0."TRADE_ID",se1_0."BANK_ACCOUNT_ID",se1_0."BROKERAGE_SERVICE",se1_0."CAPITAL_GAIN_VALUE",se1_0."CASH_ACCOUNT",se1_0."COMMISSION_AMOUNT",se1_0."COMMISSION_PERCENTAGE",c1_0."PARTICIPANT_ID",c1_0."CODE",c1_0."COUNTRY_ID",c1_0."CUSTODIAN",c1_0."DIRECT_ALLOCATION",c1_0."DOCUMENT_NUMBER",c1_0."ENABLED",c1_0."IDENTIFICATION_TYPE_ID",c1_0."MARGIN_ACCOUNT",c1_0."MARKET_MAKER",c1_0."MASTER_ACCOUNT",c1_0."MNEMONIC",c1_0."NAME",c1_0."NIT_CLEARING_HOUSE",c1_0."REGISTRATION_DATE",c1_0."SHORT_NAME",c1_0."STATUS_ID",c1_0."TAX_CODE",c1_0."TAX_STATUS_ID",c1_0."TYPE_ID",c1_0."TYPE_ENTITY",cs1_0."STATUS_ID",cs1_0."CATEGORY",cs1_0."DESCRIPTION",se1_0."DELIVERY_VERSUS_PAYMENT_VALUE",se1_0."DIRECT_DEPOSITOR",se1_0."DISBURSEMENT_VALUE",fa1_0."PARTICIPANT_ID",fa1_0."CODE",fa1_0."COUNTRY_ID",fa1_0."CUSTODIAN",fa1_0."DIRECT_ALLOCATION",fa1_0."DOCUMENT_NUMBER",fa1_0."ENABLED",fa1_0."IDENTIFICATION_TYPE_ID",fa1_0."MARGIN_ACCOUNT",fa1_0."MARKET_MAKER",fa1_0."MASTER_ACCOUNT",fa1_0."MNEMONIC",fa1_0."NAME",fa1_0."NIT_CLEARING_HOUSE",fa1_0."REGISTRATION_DATE",fa1_0."SHORT_NAME",fa1_0."STATUS_ID",fa1_0."TAX_CODE",fa1_0."TAX_STATUS_ID",fa1_0."TYPE_ID",fa1_0."TYPE_ENTITY",se1_0."FIDUCIARY_SPECIALIST",se1_0."FRACTION_QUANTITY",se1_0."FRACTION_VOLUME",se1_0."FUNDING_AMOUNT",se1_0."IND_MASTER",se1_0."INVESTOR_ID",ia1_0."INVESTOR_ACCOUNT_ID",ia1_0."ACCOUNT_NAME",ia1_0."ACCOUNT_NUMBER",ia1_0."DEPOSITORY_ID",ia1_0."INVESTOR_ID",ia1_0."LAST_MODIFY_APPLIC",ia1_0."LAST_MODIFY_DATE",ia1_0."LAST_MODIFY_IP",ia1_0."LAST_MODIFY_USER",ia1_0."ORIGIN_TYPE_ID",ia1_0."PARTICIPANT_ID",ia1_0."STATUS_ID",ia1_0."TAX_EXEMP",ia1_0."TYPE_ID",se1_0."ISSUED_RECEIPT",se1_0."ISSUED_RECEIPT_NUMBER",se1_0."LAST_MODIFY_APPLIC",se1_0."LAST_MODIFY_DATE",se1_0."LAST_MODIFY_IP",se1_0."LAST_MODIFY_USER",se1_0."MILA_DIRECT_DEPOSITOR",se1_0."NET_AMOUNT",se1_0."NET_OUTFLOW_TOTAL",se1_0."OUTFLOW_TURNOVER_VALUE",pa1_0."PARTICIPANT_ACCOUNT_ID",pa1_0."ACCOUNT_NUMBER",pa1_0."DEPOSITORY_ID",pa1_0."IND_MASTER",pa1_0."LAST_MODIFY_APPLIC",pa1_0."LAST_MODIFY_DATE",pa1_0."LAST_MODIFY_IP",pa1_0."LAST_MODIFY_USER",pa1_0."ORIGIN_TYPE_ID",pa1_0."PARTICIPANT_ID",pa1_0."STATUS_ID",pa1_0."TAX_EXEMP",pa1_0."TYPE_ID",se1_0."PARTICIPANT_BANK_ACCOUNT_ID",se1_0."REFERENCE",se1_0."REFERENCE_ALLOC_ID",se1_0."REFERENCE_PACKAGE",se1_0."REPO_AMOUNT",se1_0."RETURN_TURNOVER_VALUE",se1_0."SETTLEMENT_AMOUNT",se1_0."SOURCE_QUOTE_TYPE_ID",se1_0."STATUS_ID",se1_0."TRADING_SYSTEM_ID",se1_0."TRANSFER_VALUE",se1_0."UNIQUE_FRACTION_ID",se1_0."VAL_TAX",se1_0."VAL_TAX_AMOUNT",se1_0."WITHHOLDING_TAX",se1_0."WITHHOLDING_TAX_AMOUNT" from "NUANBODB"."SETTLEMENT" se1_0 left join "NUANBODB"."TRADE" t1_0 on t1_0."TRADE_ID"=se1_0."TRADE_ID" left join "NUANBODB"."SIDE" s1_0 on s1_0."SIDE_ID"=se1_0."SIDE_ID" left join "NUANBODB"."PARTICIPANT" c1_0 on c1_0."PARTICIPANT_ID"=se1_0."CUSTODIAN_ID" left join "NUANBODB"."STATUS" cs1_0 on cs1_0."STATUS_ID"=se1_0."CUSTODIAN_STATUS_ID" left join "NUANBODB"."PARTICIPANT" fa1_0 on fa1_0."PARTICIPANT_ID"=se1_0."FIC_ADMINISTRATOR_ID" left join "NUANBODB"."INVESTOR_ACCOUNT" ia1_0 on ia1_0."INVESTOR_ACCOUNT_ID"=se1_0."INVESTOR_ACCOUNT_ID" left join "NUANBODB"."PARTICIPANT_ACCOUNT" pa1_0 on pa1_0."PARTICIPANT_ACCOUNT_ID"=se1_0."PARTICIPANT_ACCOUNT_ID" where t1_0."TRADE_ID" in (?,?,?,?,?,?) and s1_0."SIDE_ID"=?
[30m2026-09-03T15:12:59,103[m [30mTRACE [m[[1;34mhttp-nio-8080-exec-5[m] [36mJdbcBindingLogging[m - binding parameter (1:BIGINT) <- [1373431]
[30m2026-09-03T15:12:59,103[m [30mTRACE [m[[1;34mhttp-nio-8080-exec-5[m] [36mJdbcBindingLogging[m - binding parameter (2:BIGINT) <- [1370448]
[30m2026-09-03T15:12:59,103[m [30mTRACE [m[[1;34mhttp-nio-8080-exec-5[m] [36mJdbcBindingLogging[m - binding parameter (3:BIGINT) <- [1377133]
[30m2026-09-03T15:12:59,103[m [30mTRACE [m[[1;34mhttp-nio-8080-exec-10[m] [36mJdbcBindingLogging[m - binding parameter (1:BIGINT) <- [1370452]
[30m2026-09-03T15:12:59,103[m [30mTRACE [m[[1;34mhttp-nio-8080-exec-5[m] [36mJdbcBindingLogging[m - binding parameter (4:BIGINT) <- [1378157]
[30m2026-09-03T15:12:59,103[m [30mTRACE [m[[1;34mhttp-nio-8080-exec-10[m] [36mJdbcBindingLogging[m - binding parameter (2:BIGINT) <- [1372560]
[30m2026-09-03T15:12:59,103[m [30mTRACE [m[[1;34mhttp-nio-8080-exec-5[m] [36mJdbcBindingLogging[m - binding parameter (5:BIGINT) <- [1377134]
[30m2026-09-03T15:12:59,103[m [30mTRACE [m[[1;34mhttp-nio-8080-exec-10[m] [36mJdbcBindingLogging[m - binding parameter (3:BIGINT) <- [1378147]
[30m2026-09-03T15:12:59,103[m [30mTRACE [m[[1;34mhttp-nio-8080-exec-5[m] [36mJdbcBindingLogging[m - binding parameter (6:BIGINT) <- [1378158]
[30m2026-09-03T15:12:59,103[m [30mTRACE [m[[1;34mhttp-nio-8080-exec-10[m] [36mJdbcBindingLogging[m - binding parameter (4:BIGINT) <- [1370445]
[30m2026-09-03T15:12:59,103[m [30mTRACE [m[[1;34mhttp-nio-8080-exec-5[m] [36mJdbcBindingLogging[m - binding parameter (7:BIGINT) <- [1370442]
[30m2026-09-03T15:12:59,103[m [30mTRACE [m[[1;34mhttp-nio-8080-exec-10[m] [36mJdbcBindingLogging[m - binding parameter (5:BIGINT) <- [1373422]
[30m2026-09-03T15:12:59,103[m [30mTRACE [m[[1;34mhttp-nio-8080-exec-5[m] [36mJdbcBindingLogging[m - binding parameter (8:VARCHAR) <- [1]
[30m2026-09-03T15:12:59,103[m [30mTRACE [m[[1;34mhttp-nio-8080-exec-10[m] [36mJdbcBindingLogging[m - binding parameter (6:BIGINT) <- [1373423]
[30m2026-09-03T15:12:59,103[m [30mTRACE [m[[1;34mhttp-nio-8080-exec-10[m] [36mJdbcBindingLogging[m - binding parameter (7:VARCHAR) <- [1]
[30m2026-09-03T15:12:59,107[m [36mDEBUG [m[[1;34mhttp-nio-8080-exec-9[m] [36mSqlStatementLogger[m - select te1_0."TAXES_ID",te1_0."CODE",te1_0."COUNTRY_ID",te1_0."DESCRIPTION",te1_0."VALUE" from "NUANBODB"."TAXES" te1_0 join "NUANBODB"."COUNTRY" c1_0 on c1_0."COUNTRY_ID"=te1_0."COUNTRY_ID" where c1_0."COUNTRY_ID"=? and te1_0."CODE"=?
[30m2026-09-03T15:12:59,107[m [30mTRACE [m[[1;34mhttp-nio-8080-exec-9[m] [36mJdbcBindingLogging[m - binding parameter (1:BIGINT) <- [37]
[30m2026-09-03T15:12:59,107[m [30mTRACE [m[[1;34mhttp-nio-8080-exec-9[m] [36mJdbcBindingLogging[m - binding parameter (2:VARCHAR) <- [IVA]
[30m2026-09-03T15:12:59,107[m [36mDEBUG [m[[1;34mhttp-nio-8080-exec-1[m] [36mSqlStatementLogger[m - select te1_0."TAXES_ID",te1_0."CODE",te1_0."COUNTRY_ID",te1_0."DESCRIPTION",te1_0."VALUE" from "NUANBODB"."TAXES" te1_0 join "NUANBODB"."COUNTRY" c1_0 on c1_0."COUNTRY_ID"=te1_0."COUNTRY_ID" where c1_0."COUNTRY_ID"=? and te1_0."CODE"=?
[30m2026-09-03T15:12:59,107[m [30mTRACE [m[[1;34mhttp-nio-8080-exec-1[m] [36mJdbcBindingLogging[m - binding parameter (1:BIGINT) <- [37]
[30m2026-09-03T15:12:59,107[m [30mTRACE [m[[1;34mhttp-nio-8080-exec-1[m] [36mJdbcBindingLogging[m - binding parameter (2:VARCHAR) <- [IVA]
[30m2026-09-03T15:12:59,108[m [36mDEBUG [m[[1;34mhttp-nio-8080-exec-9[m] [36mSqlStatementLogger[m - select ce1_0."COUNTRY_ID",ce1_0."CODE",ce1_0."CURRENCY_ID",c1_0."CURRENCY_ID",c1_0."CODE",c1_0."NAME",ce1_0."NAME",ce1_0."TIME_ZONE" from "NUANBODB"."COUNTRY" ce1_0 join "NUANBODB"."CURRENCY" c1_0 on c1_0."CURRENCY_ID"=ce1_0."CURRENCY_ID" where ce1_0."COUNTRY_ID"=?
[30m2026-09-03T15:12:59,108[m [30mTRACE [m[[1;34mhttp-nio-8080-exec-9[m] [36mJdbcBindingLogging[m - binding parameter (1:BIGINT) <- [37]
[30m2026-09-03T15:12:59,108[m [36mDEBUG [m[[1;34mhttp-nio-8080-exec-1[m] [36mSqlStatementLogger[m - select ce1_0."COUNTRY_ID",ce1_0."CODE",ce1_0."CURRENCY_ID",c1_0."CURRENCY_ID",c1_0."CODE",c1_0."NAME",ce1_0."NAME",ce1_0."TIME_ZONE" from "NUANBODB"."COUNTRY" ce1_0 join "NUANBODB"."CURRENCY" c1_0 on c1_0."CURRENCY_ID"=ce1_0."CURRENCY_ID" where ce1_0."COUNTRY_ID"=?
[30m2026-09-03T15:12:59,108[m [30mTRACE [m[[1;34mhttp-nio-8080-exec-1[m] [36mJdbcBindingLogging[m - binding parameter (1:BIGINT) <- [37]
[30m2026-09-03T15:12:59,108[m [32mINFO  [m[[1;34mhttp-nio-8080-exec-9[m] [36mFractionationCountedServiceImpl[m - PERF_ASSIGNMENT_VALIDATION_BATCH batchId=be6f8975-e822-4db8-9e30-3b7ed604f832 inputCount=5 validCount=5 invalidCount=0 uniqueTrades=5 uniqueSides=1 uniqueParticipants=1 titleAccountResolutionRequests=5 titleAccountUniqueBusinessKeys=1 settlementLookupRequests=5 settlementUniqueTradeSides=5 settlementRepositoryCalls=1 settlementRowsLoaded=0 settlementPrefetchMs=11 cudLookupRequests=0 cudUniqueTradeSides=0 cudUniqueBusinessKeys=0 cudRepositoryCalls=0 cudRowsLoaded=0 cudPrefetchMs=0 tradePrefetchRepositoryCalls=1 tradePrefetchMs=9 sidePrefetchMs=0 participantPrefetchMs=8 accountResolutionMs=8 accountPrefetchMs=5 businessValidationMs=1 totalMs=45
[30m2026-09-03T15:12:59,109[m [32mINFO  [m[[1;34mhttp-nio-8080-exec-9[m] [36mRestClientUtils[m - Client [POST] http://operaciones-fracciones-contado-back-service/operations-fractionation-api/v1/fractionation/batch
[30m2026-09-03T15:12:59,109[m [32mINFO  [m[[1;34mhttp-nio-8080-exec-1[m] [36mFractionationCountedServiceImpl[m - PERF_ASSIGNMENT_VALIDATION_BATCH batchId=be6f8975-e822-4db8-9e30-3b7ed604f832 inputCount=4 validCount=4 invalidCount=0 uniqueTrades=4 uniqueSides=1 uniqueParticipants=1 titleAccountResolutionRequests=4 titleAccountUniqueBusinessKeys=1 settlementLookupRequests=4 settlementUniqueTradeSides=4 settlementRepositoryCalls=1 settlementRowsLoaded=0 settlementPrefetchMs=11 cudLookupRequests=0 cudUniqueTradeSides=0 cudUniqueBusinessKeys=0 cudRepositoryCalls=0 cudRowsLoaded=0 cudPrefetchMs=0 tradePrefetchRepositoryCalls=1 tradePrefetchMs=10 sidePrefetchMs=0 participantPrefetchMs=9 accountResolutionMs=8 accountPrefetchMs=5 businessValidationMs=1 totalMs=45
[30m2026-09-03T15:12:59,109[m [32mINFO  [m[[1;34mhttp-nio-8080-exec-1[m] [36mRestClientUtils[m - Client [POST] http://operaciones-fracciones-contado-back-service/operations-fractionation-api/v1/fractionation/batch
[30m2026-09-03T15:12:59,110[m [36mDEBUG [m[[1;34mhttp-nio-8080-exec-7[m] [36mSqlStatementLogger[m - select te1_0."TAXES_ID",te1_0."CODE",te1_0."COUNTRY_ID",te1_0."DESCRIPTION",te1_0."VALUE" from "NUANBODB"."TAXES" te1_0 join "NUANBODB"."COUNTRY" c1_0 on c1_0."COUNTRY_ID"=te1_0."COUNTRY_ID" where c1_0."COUNTRY_ID"=? and te1_0."CODE"=?
[30m2026-09-03T15:12:59,110[m [30mTRACE [m[[1;34mhttp-nio-8080-exec-7[m] [36mJdbcBindingLogging[m - binding parameter (1:BIGINT) <- [37]
[30m2026-09-03T15:12:59,110[m [30mTRACE [m[[1;34mhttp-nio-8080-exec-7[m] [36mJdbcBindingLogging[m - binding parameter (2:VARCHAR) <- [IVA]
[30m2026-09-03T15:12:59,111[m [36mDEBUG [m[[1;34mhttp-nio-8080-exec-7[m] [36mSqlStatementLogger[m - select ce1_0."COUNTRY_ID",ce1_0."CODE",ce1_0."CURRENCY_ID",c1_0."CURRENCY_ID",c1_0."CODE",c1_0."NAME",ce1_0."NAME",ce1_0."TIME_ZONE" from "NUANBODB"."COUNTRY" ce1_0 join "NUANBODB"."CURRENCY" c1_0 on c1_0."CURRENCY_ID"=ce1_0."CURRENCY_ID" where ce1_0."COUNTRY_ID"=?
[30m2026-09-03T15:12:59,111[m [30mTRACE [m[[1;34mhttp-nio-8080-exec-7[m] [36mJdbcBindingLogging[m - binding parameter (1:BIGINT) <- [37]
[30m2026-09-03T15:12:59,112[m [32mINFO  [m[[1;34mhttp-nio-8080-exec-7[m] [36mFractionationCountedServiceImpl[m - PERF_ASSIGNMENT_VALIDATION_BATCH batchId=be6f8975-e822-4db8-9e30-3b7ed604f832 inputCount=5 validCount=5 invalidCount=0 uniqueTrades=5 uniqueSides=1 uniqueParticipants=1 titleAccountResolutionRequests=5 titleAccountUniqueBusinessKeys=1 settlementLookupRequests=5 settlementUniqueTradeSides=5 settlementRepositoryCalls=1 settlementRowsLoaded=0 settlementPrefetchMs=10 cudLookupRequests=0 cudUniqueTradeSides=0 cudUniqueBusinessKeys=0 cudRepositoryCalls=0 cudRowsLoaded=0 cudPrefetchMs=0 tradePrefetchRepositoryCalls=1 tradePrefetchMs=8 sidePrefetchMs=0 participantPrefetchMs=11 accountResolutionMs=8 accountPrefetchMs=7 businessValidationMs=2 totalMs=49
[30m2026-09-03T15:12:59,112[m [36mDEBUG [m[[1;34mhttp-nio-8080-exec-5[m] [36mSqlStatementLogger[m - select te1_0."TAXES_ID",te1_0."CODE",te1_0."COUNTRY_ID",te1_0."DESCRIPTION",te1_0."VALUE" from "NUANBODB"."TAXES" te1_0 join "NUANBODB"."COUNTRY" c1_0 on c1_0."COUNTRY_ID"=te1_0."COUNTRY_ID" where c1_0."COUNTRY_ID"=? and te1_0."CODE"=?
[30m2026-09-03T15:12:59,112[m [30mTRACE [m[[1;34mhttp-nio-8080-exec-5[m] [36mJdbcBindingLogging[m - binding parameter (1:BIGINT) <- [37]
[30m2026-09-03T15:12:59,112[m [30mTRACE [m[[1;34mhttp-nio-8080-exec-5[m] [36mJdbcBindingLogging[m - binding parameter (2:VARCHAR) <- [IVA]
[30m2026-09-03T15:12:59,112[m [32mINFO  [m[[1;34mhttp-nio-8080-exec-7[m] [36mRestClientUtils[m - Client [POST] http://operaciones-fracciones-contado-back-service/operations-fractionation-api/v1/fractionation/batch
[30m2026-09-03T15:12:59,113[m [36mDEBUG [m[[1;34mhttp-nio-8080-exec-5[m] [36mSqlStatementLogger[m - select ce1_0."COUNTRY_ID",ce1_0."CODE",ce1_0."CURRENCY_ID",c1_0."CURRENCY_ID",c1_0."CODE",c1_0."NAME",ce1_0."NAME",ce1_0."TIME_ZONE" from "NUANBODB"."COUNTRY" ce1_0 join "NUANBODB"."CURRENCY" c1_0 on c1_0."CURRENCY_ID"=ce1_0."CURRENCY_ID" where ce1_0."COUNTRY_ID"=?
[30m2026-09-03T15:12:59,113[m [30mTRACE [m[[1;34mhttp-nio-8080-exec-5[m] [36mJdbcBindingLogging[m - binding parameter (1:BIGINT) <- [37]
[30m2026-09-03T15:12:59,114[m [36mDEBUG [m[[1;34mhttp-nio-8080-exec-10[m] [36mSqlStatementLogger[m - select te1_0."TAXES_ID",te1_0."CODE",te1_0."COUNTRY_ID",te1_0."DESCRIPTION",te1_0."VALUE" from "NUANBODB"."TAXES" te1_0 join "NUANBODB"."COUNTRY" c1_0 on c1_0."COUNTRY_ID"=te1_0."COUNTRY_ID" where c1_0."COUNTRY_ID"=? and te1_0."CODE"=?
[30m2026-09-03T15:12:59,114[m [30mTRACE [m[[1;34mhttp-nio-8080-exec-10[m] [36mJdbcBindingLogging[m - binding parameter (1:BIGINT) <- [37]
[30m2026-09-03T15:12:59,114[m [30mTRACE [m[[1;34mhttp-nio-8080-exec-10[m] [36mJdbcBindingLogging[m - binding parameter (2:VARCHAR) <- [IVA]
[30m2026-09-03T15:12:59,114[m [32mINFO  [m[[1;34mhttp-nio-8080-exec-5[m] [36mFractionationCountedServiceImpl[m - PERF_ASSIGNMENT_VALIDATION_BATCH batchId=be6f8975-e822-4db8-9e30-3b7ed604f832 inputCount=7 validCount=7 invalidCount=0 uniqueTrades=7 uniqueSides=1 uniqueParticipants=1 titleAccountResolutionRequests=7 titleAccountUniqueBusinessKeys=1 settlementLookupRequests=7 settlementUniqueTradeSides=7 settlementRepositoryCalls=1 settlementRowsLoaded=0 settlementPrefetchMs=10 cudLookupRequests=0 cudUniqueTradeSides=0 cudUniqueBusinessKeys=0 cudRepositoryCalls=0 cudRowsLoaded=0 cudPrefetchMs=0 tradePrefetchRepositoryCalls=1 tradePrefetchMs=10 sidePrefetchMs=0 participantPrefetchMs=11 accountResolutionMs=10 accountPrefetchMs=6 businessValidationMs=1 totalMs=51
[30m2026-09-03T15:12:59,114[m [32mINFO  [m[[1;34mhttp-nio-8080-exec-5[m] [36mRestClientUtils[m - Client [POST] http://operaciones-fracciones-contado-back-service/operations-fractionation-api/v1/fractionation/batch
[30m2026-09-03T15:12:59,115[m [36mDEBUG [m[[1;34mhttp-nio-8080-exec-10[m] [36mSqlStatementLogger[m - select ce1_0."COUNTRY_ID",ce1_0."CODE",ce1_0."CURRENCY_ID",c1_0."CURRENCY_ID",c1_0."CODE",c1_0."NAME",ce1_0."NAME",ce1_0."TIME_ZONE" from "NUANBODB"."COUNTRY" ce1_0 join "NUANBODB"."CURRENCY" c1_0 on c1_0."CURRENCY_ID"=ce1_0."CURRENCY_ID" where ce1_0."COUNTRY_ID"=?
[30m2026-09-03T15:12:59,115[m [30mTRACE [m[[1;34mhttp-nio-8080-exec-10[m] [36mJdbcBindingLogging[m - binding parameter (1:BIGINT) <- [37]
[30m2026-09-03T15:12:59,116[m [32mINFO  [m[[1;34mhttp-nio-8080-exec-10[m] [36mFractionationCountedServiceImpl[m - PERF_ASSIGNMENT_VALIDATION_BATCH batchId=be6f8975-e822-4db8-9e30-3b7ed604f832 inputCount=6 validCount=6 invalidCount=0 uniqueTrades=6 uniqueSides=1 uniqueParticipants=1 titleAccountResolutionRequests=6 titleAccountUniqueBusinessKeys=1 settlementLookupRequests=6 settlementUniqueTradeSides=6 settlementRepositoryCalls=1 settlementRowsLoaded=0 settlementPrefetchMs=11 cudLookupRequests=0 cudUniqueTradeSides=0 cudUniqueBusinessKeys=0 cudRepositoryCalls=0 cudRowsLoaded=0 cudPrefetchMs=0 tradePrefetchRepositoryCalls=1 tradePrefetchMs=11 sidePrefetchMs=0 participantPrefetchMs=10 accountResolutionMs=9 accountPrefetchMs=6 businessValidationMs=1 totalMs=52
[30m2026-09-03T15:12:59,116[m [32mINFO  [m[[1;34mhttp-nio-8080-exec-10[m] [36mRestClientUtils[m - Client [POST] http://operaciones-fracciones-contado-back-service/operations-fractionation-api/v1/fractionation/batch
[30m2026-09-03T15:12:59,281[m [32mINFO  [m[[1;34mhttp-nio-8080-exec-1[m] [36mFractionationCountedServiceImpl[m - PERF_ASSIGNMENT_BATCH service=cmd batchId=be6f8975-e822-4db8-9e30-3b7ed604f832 mode=RAW_VALIDATED configuredMaxBatchSize=80 receivedBatchSize=4 processedCount=4 successCount=4 failureCount=0 fractionationMs=172 totalMs=172
[30m2026-09-03T15:12:59,282[m [32mINFO  [m[[1;34mhttp-nio-8080-exec-1[m] [36mFractionationCountedServiceImpl[m - PERF_ASSIGNMENT_BATCH service=cmd batchId=be6f8975-e822-4db8-9e30-3b7ed604f832 mode=RAW configuredMaxBatchSize=80 receivedBatchSize=4 validCount=4 invalidCount=0 sentToFractionationCount=4 successCount=4 failureCount=0 totalMs=218
[30m2026-09-03T15:12:59,282[m [32mINFO  [m[[1;34mhttp-nio-8080-exec-1[m] [36mGlobalFilter[m - Request [POST /operations-cmd-api/v1/fractionation/counted-operation/batch] completed in 220 ms with status 200
[30m2026-09-03T15:12:59,304[m [32mINFO  [m[[1;34mhttp-nio-8080-exec-7[m] [36mFractionationCountedServiceImpl[m - PERF_ASSIGNMENT_BATCH service=cmd batchId=be6f8975-e822-4db8-9e30-3b7ed604f832 mode=RAW_VALIDATED configuredMaxBatchSize=80 receivedBatchSize=5 processedCount=5 successCount=5 failureCount=0 fractionationMs=191 totalMs=191
[30m2026-09-03T15:12:59,304[m [32mINFO  [m[[1;34mhttp-nio-8080-exec-7[m] [36mFractionationCountedServiceImpl[m - PERF_ASSIGNMENT_BATCH service=cmd batchId=be6f8975-e822-4db8-9e30-3b7ed604f832 mode=RAW configuredMaxBatchSize=80 receivedBatchSize=5 validCount=5 invalidCount=0 sentToFractionationCount=5 successCount=5 failureCount=0 totalMs=240
[30m2026-09-03T15:12:59,305[m [32mINFO  [m[[1;34mhttp-nio-8080-exec-7[m] [36mGlobalFilter[m - Request [POST /operations-cmd-api/v1/fractionation/counted-operation/batch] completed in 243 ms with status 200
[30m2026-09-03T15:12:59,362[m [32mINFO  [m[[1;34mhttp-nio-8080-exec-9[m] [36mFractionationCountedServiceImpl[m - PERF_ASSIGNMENT_BATCH service=cmd batchId=be6f8975-e822-4db8-9e30-3b7ed604f832 mode=RAW_VALIDATED configuredMaxBatchSize=80 receivedBatchSize=5 processedCount=5 successCount=5 failureCount=0 fractionationMs=253 totalMs=253
[30m2026-09-03T15:12:59,362[m [32mINFO  [m[[1;34mhttp-nio-8080-exec-9[m] [36mFractionationCountedServiceImpl[m - PERF_ASSIGNMENT_BATCH service=cmd batchId=be6f8975-e822-4db8-9e30-3b7ed604f832 mode=RAW configuredMaxBatchSize=80 receivedBatchSize=5 validCount=5 invalidCount=0 sentToFractionationCount=5 successCount=5 failureCount=0 totalMs=298
[30m2026-09-03T15:12:59,363[m [32mINFO  [m[[1;34mhttp-nio-8080-exec-9[m] [36mGlobalFilter[m - Request [POST /operations-cmd-api/v1/fractionation/counted-operation/batch] completed in 301 ms with status 200
[30m2026-09-03T15:12:59,370[m [32mINFO  [m[[1;34mhttp-nio-8080-exec-10[m] [36mFractionationCountedServiceImpl[m - PERF_ASSIGNMENT_BATCH service=cmd batchId=be6f8975-e822-4db8-9e30-3b7ed604f832 mode=RAW_VALIDATED configuredMaxBatchSize=80 receivedBatchSize=6 processedCount=6 successCount=6 failureCount=0 fractionationMs=254 totalMs=254
[30m2026-09-03T15:12:59,370[m [32mINFO  [m[[1;34mhttp-nio-8080-exec-10[m] [36mFractionationCountedServiceImpl[m - PERF_ASSIGNMENT_BATCH service=cmd batchId=be6f8975-e822-4db8-9e30-3b7ed604f832 mode=RAW configuredMaxBatchSize=80 receivedBatchSize=6 validCount=6 invalidCount=0 sentToFractionationCount=6 successCount=6 failureCount=0 totalMs=307
[30m2026-09-03T15:12:59,371[m [32mINFO  [m[[1;34mhttp-nio-8080-exec-10[m] [36mGlobalFilter[m - Request [POST /operations-cmd-api/v1/fractionation/counted-operation/batch] completed in 309 ms with status 200
[30m2026-09-03T15:12:59,397[m [32mINFO  [m[[1;34mhttp-nio-8080-exec-5[m] [36mFractionationCountedServiceImpl[m - PERF_ASSIGNMENT_BATCH service=cmd batchId=be6f8975-e822-4db8-9e30-3b7ed604f832 mode=RAW_VALIDATED configuredMaxBatchSize=80 receivedBatchSize=7 processedCount=7 successCount=7 failureCount=0 fractionationMs=282 totalMs=282
[30m2026-09-03T15:12:59,397[m [32mINFO  [m[[1;34mhttp-nio-8080-exec-5[m] [36mFractionationCountedServiceImpl[m - PERF_ASSIGNMENT_BATCH service=cmd batchId=be6f8975-e822-4db8-9e30-3b7ed604f832 mode=RAW configuredMaxBatchSize=80 receivedBatchSize=7 validCount=7 invalidCount=0 sentToFractionationCount=7 successCount=7 failureCount=0 totalMs=334
[30m2026-09-03T15:12:59,398[m [32mINFO  [m[[1;34mhttp-nio-8080-exec-5[m] [36mGlobalFilter[m - Request [POST /operations-cmd-api/v1/fractionation/counted-operation/batch] completed in 336 ms with status 200
